0.926173 0.987463
0.927139 0.987393
0.92809 0.987323
0.929026 0.987253
0.929947 0.987182
0.930854 0.98711
0.931746 0.987039
0.932624 0.986967
0.933489 0.986895
0.934339 0.986822
0.935176 0.986749
0.936 0.986676
0.936811 0.986602
0.937608 0.986528
0.938394 0.986454
0.939166 0.986379
0.939927 0.986305
0.940675 0.986229
0.941412 0.986154
0.942137 0.986078
0.942851 0.986002
0.943553 0.985926
0.944244 0.985849
0.944924 0.985772
0.945594 0.985695
0.946253 0.985617
0.946901 0.985539
0.947539 0.985461
0.948168 0.985383
0.948786 0.985304
0.949395 0.985225
0.949994 0.985146
0.950584 0.985067
0.951164 0.984987
0.951736 0.984907
0.952298 0.984826
0.952852 0.984746
0.953397 0.984665
0.953933 0.984584
0.954462 0.984503
0.954982 0.984421
0.955494 0.984339
0.955998 0.984257
0.956494 0.984175
0.956982 0.984092
0.957464 0.98401
0.957937 0.983927
0.958403 0.983843
0.958863 0.98376
0.959315 0.983676
0.95976 0.983592
0.960198 0.983508
0.96063 0.983424
0.961055 0.983339
0.961474 0.983254
0.961886 0.983169
0.962292 0.983084
0.962692 0.982998
0.963086 0.982913
0.963474 0.982827
0.963856 0.982741
0.964233 0.982654
0.964604 0.982568
0.964969 0.982481
0.965329 0.982394
0.965683 0.982307
0.966032 0.98222
0.966376 0.982132
0.966715 0.982045
0.967049 0.981957
0.967378 0.981869
0.967702 0.981781
0.968021 0.981692
0.968336 0.981604
0.968646 0.981515
0.968951 0.981426
0.969252 0.981337
0.969549 0.981248
0.969841 0.981158
0.97013 0.981069
0.970413 0.980979
0.970693 0.980889
0.970969 0.980799
0.971241 0.980709
0.971509 0.980618
0.971773 0.980528
0.972034 0.980437
0.97229 0.980346
0.972544 0.980255
0.972793 0.980164
0.973039 0.980073
0.973281 0.979982
0.973521 0.97989
0.973756 0.979799
0.973989 0.979707
0.974218 0.979615
0.974444 0.979523
0.974667 0.979431
0.974887 0.979338
0.975103 0.979246
0.975317 0.979153
0.975528 0.979061
0.975736 0.978968
0.975941 0.978875
0.976143 0.978782
0.976342 0.978689
0.976539 0.978596
0.976733 0.978502
0.976925 0.978409
0.977114 0.978315
0.9773 0.978221
0.977484 0.978128
0.977665 0.978034
0.977844 0.97794
0.978021 0.977846
0.978195 0.977752
0.978367 0.977657
0.978536 0.977563
0.978704 0.977468
0.978869 0.977374
0.979032 0.977279
0.979193 0.977184
0.979352 0.97709
0.979508 0.976995
0.979663 0.9769
0.979816 0.976805
0.979966 0.97671
0.980115 0.976614
0.980262 0.976519
0.980407 0.976424
0.98055 0.976328
0.980691 0.976233
0.98083 0.976137
0.980968 0.976042
0.981104 0.975946
0.981238 0.97585
0.98137 0.975754
0.981501 0.975658
0.98163 0.975562
0.981758 0.975466
0.981884 0.97537
0.982008 0.975274
0.982131 0.975178
0.982252 0.975082
0.982372 0.974986
0.98249 0.974889
0.982607 0.974793
0.982722 0.974696
0.982836 0.9746
0.982949 0.974503
0.98306 0.974407
0.98317 0.97431
0.983278 0.974214
0.983385 0.974117
0.983491 0.97402
0.983596 0.973923
0.983699 0.973827
0.983801 0.97373
0.983902 0.973633
0.984002 0.973536
0.9841 0.973439
0.984198 0.973342
0.984294 0.973245
0.984389 0.973148
0.984483 0.973051
0.984575 0.972954
0.984667 0.972857
0.984758 0.97276
0.984847 0.972663
0.984936 0.972566
0.985023 0.972468
0.98511 0.972371
0.985195 0.972274
0.985279 0.972177
0.985363 0.97208
0.985445 0.971982
0.985527 0.971885
0.985608 0.971788
0.985687 0.971691
0.985766 0.971593
0.985844 0.971496
0.985921 0.971399
0.985997 0.971302
0.986072 0.971204
0.986147 0.971107
0.98622 0.97101
0.986293 0.970912
0.986365 0.970815
0.986436 0.970718
0.986507 0.97062
0.986576 0.970523
0.986645 0.970426
0.986713 0.970329
0.98678 0.970231
0.986847 0.970134
0.986912 0.970037
0.986977 0.96994
0.987042 0.969842
0.987105 0.969745
0.987168 0.969648
0.987231 0.969551
0.987292 0.969453
0.987353 0.969356
0.987413 0.969259
0.987473 0.969162
0.987532 0.969065
0.98759 0.968968
0.987648 0.968871
0.987705 0.968773
0.987761 0.968676
0.987817 0.968579
0.987872 0.968482
0.987927 0.968385
0.987981 0.968288
0.988035 0.968191
0.988088 0.968095
0.98814 0.967998
0.988192 0.967901
0.988243 0.967804
0.988294 0.967707
0.988344 0.96761
0.988394 0.967514
0.988443 0.967417
0.988492 0.96732
0.98854 0.967224
0.988587 0.967127
0.988635 0.96703
0.988681 0.966934
0.988727 0.966837
0.988773 0.966741
0.988818 0.966644
0.988863 0.966548
0.988907 0.966452
0.988951 0.966355
0.988995 0.966259
0.989038 0.966163
0.98908 0.966067
0.989122 0.96597
0.989164 0.965874
0.989205 0.965778
0.989246 0.965682
0.989287 0.965586
0.989327 0.96549
0.989366 0.965394
0.989405 0.965299
0.989444 0.965203
0.989483 0.965107
0.989521 0.965011
0.989558 0.964916
0.989596 0.96482
0.989633 0.964724
0.989669 0.964629
0.989705 0.964533
0.989741 0.964438
0.989777 0.964343
0.989812 0.964247
0.989847 0.964152
0.989881 0.964057
0.989915 0.963962
0.989949 0.963867
0.989982 0.963772
0.990016 0.963677
0.990048 0.963582
0.990081 0.963487
0.990113 0.963392
0.990145 0.963297
0.990176 0.963203
0.990208 0.963108
0.990239 0.963013
0.990269 0.962919
0.9903 0.962824
0.99033 0.96273
0.990359 0.962636
0.990389 0.962541
0.990418 0.962447
0.990447 0.962353
0.990476 0.962259
0.990504 0.962165
0.990532 0.962071
0.99056 0.961977
0.990587 0.961883
0.990615 0.961789
0.990642 0.961696
0.990669 0.961602
0.990695 0.961508
0.990721 0.961415
0.990747 0.961321
0.990773 0.961228
0.990799 0.961135
0.990824 0.961041
0.990849 0.960948
0.990874 0.960855
0.990899 0.960762
0.990923 0.960669
0.990947 0.960576
0.990971 0.960483
0.990995 0.960391
0.991018 0.960298
0.991041 0.960205
0.991064 0.960113
0.991087 0.96002
0.99111 0.959928
0.991132 0.959836
0.991154 0.959743
0.991176 0.959651
0.991198 0.959559
0.99122 0.959467
0.991241 0.959375
0.991262 0.959283
0.991283 0.959191
0.991304 0.9591
0.991325 0.959008
0.991345 0.958916
0.991365 0.958825
0.991385 0.958733
0.991405 0.958642
0.991425 0.958551
0.991444 0.958459
0.991464 0.958368
0.991483 0.958277
0.991502 0.958186
0.991521 0.958095
0.991539 0.958004
0.991558 0.957914
0.991576 0.957823
0.991594 0.957732
0.991612 0.957642
0.99163 0.957552
0.991648 0.957461
0.991665 0.957371
0.991682 0.957281
0.991699 0.957191
0.991716 0.957101
0.991733 0.957011
0.99175 0.956921
0.991767 0.956831
0.991783 0.956741
0.991799 0.956651
0.991815 0.956562
0.991831 0.956472
0.991847 0.956383
0.991863 0.956294
0.991878 0.956205
0.991894 0.956115
0.991909 0.956026
0.991924 0.955937
0.991939 0.955848
0.991954 0.95576
0.991969 0.955671
0.991983 0.955582
0.991998 0.955494
0.992012 0.955405
0.992026 0.955317
0.99204 0.955228
0.992054 0.95514
0.992068 0.955052
0.992082 0.954964
0.992095 0.954876
0.992109 0.954788
0.992122 0.9547
0.992135 0.954612
0.992148 0.954525
0.992161 0.954437
0.992174 0.95435
0.992187 0.954262
0.992199 0.954175
0.992212 0.954088
0.992224 0.954001
0.992236 0.953914
0.992249 0.953827
0.992261 0.95374
0.992273 0.953653
0.992285 0.953566
0.992296 0.95348
0.992308 0.953393
0.992319 0.953307
0.992331 0.95322
0.992342 0.953134
0.992353 0.953048
0.992365 0.952962
0.992376 0.952876
0.992387 0.95279
0.992397 0.952704
0.992408 0.952618
0.992419 0.952532
0.992429 0.952447
0.99244 0.952361
0.99245 0.952276
0.99246 0.952191
0.99247 0.952105
0.992481 0.95202
0.992491 0.951935
0.9925 0.95185
0.99251 0.951765
0.99252 0.95168
0.99253 0.951596
0.992539 0.951511
0.992549 0.951427
0.992558 0.951342
0.992567 0.951258
0.992576 0.951173
0.992586 0.951089
0.992595 0.951005
0.992604 0.950921
0.992612 0.950837
0.992621 0.950753
0.99263 0.95067
0.992639 0.950586
0.992647 0.950502
0.992656 0.950419
0.992664 0.950335
0.992672 0.950252
0.992681 0.950169
0.992689 0.950086
0.992697 0.950003
0.992705 0.94992
0.992713 0.949837
0.992721 0.949754
0.992729 0.949671
0.992736 0.949589
0.992744 0.949506
0.992752 0.949424
0.992759 0.949341
0.992767 0.949259
0.992774 0.949177
0.992781 0.949095
0.992789 0.949013
0.992796 0.948931
0.992803 0.948849
0.99281 0.948767
0.992817 0.948686
0.992824 0.948604
0.992831 0.948523
0.992838 0.948441
0.992844 0.94836
0.992851 0.948279
0.992858 0.948198
0.992864 0.948117
0.992871 0.948036
0.992877 0.947955
0.992883 0.947874
0.99289 0.947793
0.992896 0.947713
0.992902 0.947632
0.992908 0.947552
0.992914 0.947472
0.99292 0.947391
0.992926 0.947311
0.992932 0.947231
0.992938 0.947151
0.992944 0.947071
0.99295 0.946991
0.992955 0.946912
0.992961 0.946832
0.992967 0.946752
0.992972 0.946673
0.992978 0.946594
0.992983 0.946514
0.992988 0.946435
0.992994 0.946356
0.992999 0.946277
0.993004 0.946198
0.993009 0.946119
0.993014 0.94604
0.993019 0.945962
0.993024 0.945883
0.993029 0.945805
0.993034 0.945726
0.993039 0.945648
0.993044 0.94557
0.993049 0.945491
0.993053 0.945413
0.993058 0.945335
0.993063 0.945258
0.993067 0.94518
0.993072 0.945102
0.993076 0.945024
0.993081 0.944947
0.993085 0.944869
0.99309 0.944792
0.993094 0.944715
0.993098 0.944637
0.993102 0.94456
0.993106 0.944483
0.993111 0.944406
0.993115 0.944329
0.993119 0.944253
0.993123 0.944176
0.993127 0.944099
0.993131 0.944023
0.993135 0.943946
0.993138 0.94387
0.993142 0.943794
0.993146 0.943718
0.99315 0.943641
0.993153 0.943565
0.993157 0.943489
0.993161 0.943414
0.993164 0.943338
0.993168 0.943262
0.993171 0.943187
0.993175 0.943111
0.993178 0.943036
0.993181 0.94296
0.993185 0.942885
0.993188 0.94281
0.993191 0.942735
0.993195 0.94266
0.993198 0.942585
0.993201 0.94251
0.993204 0.942435
0.993207 0.94236
0.99321 0.942286
0.993213 0.942211
0.993216 0.942137
0.993219 0.942063
0.993222 0.941988
0.993225 0.941914
0.993228 0.94184
0.993231 0.941766
0.993234 0.941692
0.993236 0.941618
0.993239 0.941545
0.993242 0.941471
0.993244 0.941397
0.993247 0.941324
0.99325 0.94125
0.993252 0.941177
0.993255 0.941104
0.993257 0.94103
0.99326 0.940957
0.993262 0.940884
0.993265 0.940811
0.993267 0.940738
0.993269 0.940666
0.993272 0.940593
0.993274 0.94052
0.993276 0.940448
0.993278 0.940375
0.993281 0.940303
0.993283 0.940231
0.993285 0.940158
0.993287 0.940086
0.993289 0.940014
0.993291 0.939942
0.993293 0.93987
0.993295 0.939799
0.993297 0.939727
0.993299 0.939655
0.993301 0.939584
0.993303 0.939512
0.993305 0.939441
0.993307 0.939369
0.993309 0.939298
0.99331 0.939227
0.993312 0.939156
0.993314 0.939085
0.993316 0.939014
0.993317 0.938943
0.993319 0.938872
0.993321 0.938801
0.993322 0.938731
0.993324 0.93866
0.993326 0.93859
0.993327 0.938519
0.993329 0.938449
0.99333 0.938379
0.993332 0.938309
0.993333 0.938239
0.993335 0.938169
0.993336 0.938099
0.993337 0.938029
0.993339 0.937959
0.99334 0.937889
0.993341 0.93782
0.993343 0.93775
0.993344 0.937681
0.993345 0.937611
0.993347 0.937542
0.993348 0.937473
0.993349 0.937404
0.99335 0.937335
0.993351 0.937266
0.993352 0.937197
0.993354 0.937128
0.993355 0.937059
0.993356 0.93699
0.993357 0.936922
0.993358 0.936853
0.993359 0.936785
0.99336 0.936716
0.993361 0.936648
0.993362 0.93658
0.993363 0.936511
0.993364 0.936443
0.993364 0.936375
0.993365 0.936307
0.993366 0.936239
0.993367 0.936172
0.993368 0.936104
0.993369 0.936036
0.993369 0.935969
0.99337 0.935901
0.993371 0.935834
0.993372 0.935766
0.993372 0.935699
0.993373 0.935632
0.993374 0.935565
0.993374 0.935498
0.993375 0.935431
0.993376 0.935364
0.993376 0.935297
0.993377 0.93523
0.993377 0.935163
0.993378 0.935097
0.993378 0.93503
0.993379 0.934964
0.993379 0.934897
0.99338 0.934831
0.99338 0.934765
0.993381 0.934698
0.993381 0.934632
0.993382 0.934566
0.993382 0.9345
0.993382 0.934434
0.993383 0.934369
0.993383 0.934303
0.993384 0.934237
0.993384 0.934171
0.993384 0.934106
0.993384 0.93404
0.993385 0.933975
0.993385 0.93391
0.993385 0.933844
0.993386 0.933779
0.993386 0.933714
0.993386 0.933649
0.993386 0.933584
0.993386 0.933519
0.993386 0.933454
0.993387 0.933389
0.993387 0.933325
0.993387 0.93326
0.993387 0.933195
0.993387 0.933131
0.993387 0.933066
0.993387 0.933002
0.993387 0.932938
0.993387 0.932873
0.993387 0.932809
0.993387 0.932745
0.993387 0.932681
0.993387 0.932617
0.993387 0.932553
0.993387 0.932489
0.993387 0.932426
0.993387 0.932362
0.993387 0.932298
0.993387 0.932235
0.993387 0.932171
0.993387 0.932108
0.993387 0.932044
0.993387 0.931981
0.993386 0.931918
0.993386 0.931855
0.993386 0.931792
0.993386 0.931729
0.993386 0.931666
0.993385 0.931603
0.993385 0.93154
0.993385 0.931477
0.993385 0.931414
0.993384 0.931352
0.993384 0.931289
0.993384 0.931227
0.993384 0.931164
0.993383 0.931102
0.993383 0.93104
0.993383 0.930977
0.993382 0.930915
0.993382 0.930853
0.993382 0.930791
0.993381 0.930729
0.993381 0.930667
0.993381 0.930605
0.99338 0.930543
0.99338 0.930482
0.993379 0.93042
0.993379 0.930358
0.993378 0.930297
0.993378 0.930235
0.993378 0.930174
0.993377 0.930113
0.993377 0.930051
0.993376 0.92999
0.993376 0.929929
0.993375 0.929868
0.993375 0.929807
0.993374 0.929746
0.993374 0.929685
0.993373 0.929624
0.993372 0.929563
0.993372 0.929502
0.993371 0.929442
0.993371 0.929381
0.99337 0.929321
0.99337 0.92926
0.993369 0.9292
0.993368 0.929139
0.993368 0.929079
0.993367 0.929019
0.993366 0.928959
0.993366 0.928899
0.993365 0.928839
0.993364 0.928779
0.993364 0.928719
0.993363 0.928659
0.993362 0.928599
0.993362 0.928539
0.993361 0.928479
0.99336 0.92842
0.993359 0.92836
0.993359 0.928301
0.993358 0.928241
0.993357 0.928182
0.993356 0.928123
0.993356 0.928063
0.993355 0.928004
0.993354 0.927945
0.993353 0.927886
0.993353 0.927827
0.993352 0.927768
0.993351 0.927709
0.99335 0.92765
0.993349 0.927591
0.993348 0.927532
0.993348 0.927474
0.993347 0.927415
0.993346 0.927356
0.993345 0.927298
0.993344 0.92724
0.993343 0.927181
0.993342 0.927123
0.993341 0.927064
0.993341 0.927006
0.99334 0.926948
0.993339 0.92689
0.993338 0.926832
0.993337 0.926774
0.993336 0.926716
0.993335 0.926658
0.993334 0.9266
0.993333 0.926542
0.993332 0.926485
0.993331 0.926427
0.99333 0.926369
0.993329 0.926312
0.993328 0.926254
0.993327 0.926197
0.993326 0.92614
0.993325 0.926082
0.993324 0.926025
0.993323 0.925968
0.993322 0.92591
0.993321 0.925853
0.99332 0.925796
0.993319 0.925739
0.993318 0.925682
0.993317 0.925625
0.993316 0.925569
0.993315 0.925512
0.993314 0.925455
0.993313 0.925398
0.993312 0.925342
0.993311 0.925285
0.993309 0.925229
0.993308 0.925172
0.993307 0.925116
0.993306 0.925059
0.993305 0.925003
0.993304 0.924947
0.993303 0.924891
0.993302 0.924835
0.993301 0.924778
0.993299 0.924722
0.993298 0.924666
0.993297 0.92461
0.993296 0.924555
0.993295 0.924499
0.993294 0.924443
0.993292 0.924387
0.993291 0.924332
0.99329 0.924276
0.993289 0.92422
0.993288 0.924165
0.993286 0.924109
0.993285 0.924054
0.993284 0.923999
0.993283 0.923943
0.993282 0.923888
0.99328 0.923833
0.993279 0.923778
0.993278 0.923722
0.993277 0.923667
0.993276 0.923612
0.993274 0.923557
0.993273 0.923503
0.993272 0.923448
0.99327 0.923393
0.993269 0.923338
0.993268 0.923283
0.993267 0.923229
0.993265 0.923174
0.993264 0.92312
0.993263 0.923065
0.993262 0.923011
0.99326 0.922956
0.993259 0.922902
0.993258 0.922847
0.993256 0.922793
0.993255 0.922739
0.993254 0.922685
0.993252 0.922631
0.993251 0.922577
0.99325 0.922523
0.993248 0.922469
0.993247 0.922415
0.993246 0.922361
0.993244 0.922307
0.993243 0.922253
0.993242 0.922199
0.99324 0.922146
0.993239 0.922092
0.993238 0.922038
0.993236 0.921985
0.993235 0.921931
0.993234 0.921878
0.993232 0.921824
0.993231 0.921771
0.99323 0.921718
0.993228 0.921665
0.993227 0.921611
0.993225 0.921558
0.993224 0.921505
0.993223 0.921452
0.993221 0.921399
0.99322 0.921346
0.993218 0.921293
0.993217 0.92124
0.993216 0.921187
0.993214 0.921134
0.993213 0.921082
0.993211 0.921029
0.99321 0.920976
0.993208 0.920924
0.993207 0.920871
0.993206 0.920818
0.993204 0.920766
0.993203 0.920714
0.993201 0.920661
0.9932 0.920609
0.993198 0.920556
0.993197 0.920504
0.993195 0.920452
0.993194 0.9204
0.993193 0.920348
0.993191 0.920296
0.99319 0.920244
0.993188 0.920192
0.993187 0.92014
0.993185 0.920088
0.993184 0.920036
0.993182 0.919984
0.993181 0.919932
0.993179 0.91988
0.993178 0.919829
0.993176 0.919777
0.993175 0.919725
0.993173 0.919674
0.993172 0.919622
0.99317 0.919571
0.993169 0.919519
0.993167 0.919468
0.993166 0.919417
0.993164 0.919365
0.993163 0.919314
0.993161 0.919263
0.99316 0.919212
0.993158 0.91916
0.993157 0.919109
0.993155 0.919058
0.993154 0.919007
0.993152 0.918956
0.993151 0.918905
0.993149 0.918854
0.993147 0.918804
0.993146 0.918753
0.993144 0.918702
0.993143 0.918651
0.993141 0.918601
0.99314 0.91855
0.993138 0.918499
0.993137 0.918449
0.993135 0.918398
0.993133 0.918348
0.993132 0.918297
0.99313 0.918247
0.993129 0.918196
0.993127 0.918146
0.993126 0.918096
0.993124 0.918046
0.993123 0.917995
0.993121 0.917945
0.993119 0.917895
0.993118 0.917845
0.993116 0.917795
0.993115 0.917745
0.993113 0.917695
0.993111 0.917645
0.99311 0.917595
0.993108 0.917545
0.993107 0.917495
0.993105 0.917446
0.993104 0.917396
0.993102 0.917346
0.9931 0.917296
0.993099 0.917247
0.993097 0.917197
0.993096 0.917148
0.993094 0.917098
0.993092 0.917049
0.993091 0.916999
0.993089 0.91695
0.993087 0.916901
0.993086 0.916851
0.993084 0.916802
0.993083 0.916753
0.993081 0.916703
0.993079 0.916654
0.993078 0.916605
0.993076 0.916556
0.993075 0.916507
0.993073 0.916458
0.993071 0.916409
0.99307 0.91636
0.993068 0.916311
0.993066 0.916262
0.993065 0.916213
0.993063 0.916165
0.993061 0.916116
0.99306 0.916067
0.993058 0.916018
0.993057 0.91597
0.993055 0.915921
0.993053 0.915872
0.993052 0.915824
0.99305 0.915775
0.993048 0.915727
0.993047 0.915678
0.993045 0.91563
0.993043 0.915582
0.993042 0.915533
0.99304 0.915485
0.993038 0.915437
0.993037 0.915389
0.993035 0.91534
0.993033 0.915292
0.993032 0.915244
0.99303 0.915196
0.993028 0.915148
0.993027 0.9151
0.993025 0.915052
0.993023 0.915004
0.993022 0.914956
0.99302 0.914908
0.993018 0.91486
0.993017 0.914812
0.993015 0.914765
0.993013 0.914717
0.993012 0.914669
0.99301 0.914621
0.993008 0.914574
0.993007 0.914526
0.993005 0.914479
0.993003 0.914431
0.993002 0.914383
0.993 0.914336
0.992998 0.914288
0.992997 0.914241
0.992995 0.914194
0.992993 0.914146
0.992992 0.914099
0.99299 0.914052
0.992988 0.914004
0.992987 0.913957
0.992985 0.91391
0.992983 0.913863
0.992981 0.913816
0.99298 0.913769
0.992978 0.913722
0.992976 0.913675
0.992975 0.913628
0.992973 0.913581
0.992971 0.913534
0.99297 0.913487
0.992968 0.91344
0.992966 0.913393
0.992965 0.913346
0.992963 0.913299
0.992961 0.913253
0.992959 0.913206
0.992958 0.913159
0.992956 0.913113
0.992954 0.913066
0.992953 0.913019
0.992951 0.912973
0.992949 0.912926
0.992947 0.91288
0.992946 0.912833
0.992944 0.912787
0.992942 0.91274
0.992941 0.912694
0.992939 0.912648
0.992937 0.912601
0.992936 0.912555
0.992934 0.912509
0.992932 0.912463
0.99293 0.912416
0.992929 0.91237
0.992927 0.912324
0.992925 0.912278
0.992924 0.912232
0.992922 0.912186
0.99292 0.91214
0.992918 0.912094
0.992917 0.912048
0.992915 0.912002
0.992913 0.911956
0.992911 0.91191
0.99291 0.911864
0.992908 0.911818
0.992906 0.911773
0.992905 0.911727
0.992903 0.911681
0.992901 0.911635
0.992899 0.91159
0.992898 0.911544
0.992896 0.911498
0.992894 0.911453
0.992893 0.911407
0.992891 0.911362
0.992889 0.911316
0.992887 0.911271
0.992886 0.911225
0.992884 0.91118
0.992882 0.911134
0.99288 0.911089
0.992879 0.911044
0.992877 0.910998
0.992875 0.910953
0.992873 0.910908
0.992872 0.910863
0.99287 0.910817
0.992868 0.910772
0.992867 0.910727
0.992865 0.910682
0.992863 0.910637
0.992861 0.910592
0.99286 0.910547
0.992858 0.910502
0.992856 0.910457
0.992854 0.910412
0.992853 0.910367
0.992851 0.910322
0.992849 0.910277
0.992847 0.910232
0.992846 0.910187
0.992844 0.910142
0.992842 0.910098
0.99284 0.910053
0.992839 0.910008
0.992837 0.909963
0.992835 0.909919
0.992834 0.909874
0.992832 0.909829
0.99283 0.909785
0.992828 0.90974
0.992827 0.909696
0.992825 0.909651
0.992823 0.909607
0.992821 0.909562
0.99282 0.909518
0.992818 0.909473
0.992816 0.909429
0.992814 0.909384
0.992813 0.90934
0.992811 0.909296
0.992809 0.909251
0.992807 0.909207
0.992806 0.909163
0.992804 0.909119
0.992802 0.909074
0.9928 0.90903
0.992799 0.908986
0.992797 0.908942
0.992795 0.908898
0.992793 0.908854
0.992792 0.90881
0.99279 0.908766
0.992788 0.908722
0.992786 0.908678
0.992785 0.908634
0.992783 0.90859
0.992781 0.908546
0.992779 0.908502
0.992778 0.908458
0.992776 0.908414
0.992774 0.90837
0.992772 0.908326
0.992771 0.908283
0.992769 0.908239
0.992767 0.908195
0.992765 0.908151
0.992764 0.908108
0.992762 0.908064
0.99276 0.90802
0.992758 0.907977
0.992757 0.907933
0.992755 0.90789
0.992753 0.907846
0.992751 0.907802
0.99275 0.907759
0.992748 0.907715
0.992746 0.907672
0.992744 0.907628
0.992743 0.907585
0.992741 0.907542
0.992739 0.907498
0.992737 0.907455
0.992736 0.907412
0.992734 0.907368
0.992732 0.907325
0.99273 0.907282
0.992729 0.907238
0.992727 0.907195
0.992725 0.907152
0.992723 0.907109
0.992722 0.907066
0.99272 0.907022
0.992718 0.906979
0.992716 0.906936
0.992715 0.906893
0.992713 0.90685
0.992711 0.906807
0.992709 0.906764
0.992708 0.906721
0.992706 0.906678
0.992704 0.906635
0.992702 0.906592
0.992701 0.906549
0.992699 0.906506
0.992697 0.906463
0.992695 0.90642
0.992694 0.906378
0.992692 0.906335
0.99269 0.906292
0.992688 0.906249
0.992687 0.906206
0.992685 0.906164
0.992683 0.906121
0.992681 0.906078
0.99268 0.906035
0.992678 0.905993
0.992676 0.90595
0.992674 0.905907
0.992673 0.905865
0.992671 0.905822
0.992669 0.90578
0.992667 0.905737
0.992666 0.905695
0.992664 0.905652
0.992662 0.90561
0.99266 0.905567
0.992659 0.905525
0.992657 0.905482
0.992655 0.90544
0.992653 0.905397
0.992652 0.905355
0.99265 0.905313
0.992648 0.90527
0.992646 0.905228
0.992645 0.905186
0.992643 0.905143
0.992641 0.905101
0.992639 0.905059
0.992638 0.905016
0.992636 0.904974
0.992634 0.904932
0.992632 0.90489
0.992631 0.904848
0.992629 0.904805
0.992627 0.904763
0.992625 0.904721
0.992624 0.904679
0.992622 0.904637
0.99262 0.904595
0.992618 0.904553
0.992617 0.904511
0.992615 0.904469
0.992613 0.904427
0.992611 0.904385
0.99261 0.904343
0.992608 0.904301
0.992606 0.904259
0.992604 0.904217
0.992603 0.904175
0.992601 0.904133
0.992599 0.904091
0.992597 0.904049
0.992596 0.904008
0.992594 0.903966
0.992592 0.903924
0.99259 0.903882
0.992589 0.90384
0.992587 0.903799
0.992585 0.903757
0.992583 0.903715
0.992582 0.903674
0.99258 0.903632
0.992578 0.90359
0.992576 0.903548
0.992575 0.903507
0.992573 0.903465
0.992571 0.903424
0.992569 0.903382
0.992568 0.90334
0.992566 0.903299
0.992564 0.903257
0.992562 0.903216
0.992561 0.903174
0.992559 0.903133
0.992557 0.903091
0.992555 0.90305
0.992554 0.903008
0.992552 0.902967
0.99255 0.902925
0.992548 0.902884
0.992547 0.902842
0.992545 0.902801
0.992543 0.90276
0.992541 0.902718
0.99254 0.902677
0.992538 0.902636
0.992536 0.902594
0.992534 0.902553
0.992533 0.902512
0.992531 0.90247
0.992529 0.902429
0.992527 0.902388
0.992526 0.902347
0.992524 0.902305
0.992522 0.902264
0.99252 0.902223
0.992519 0.902182
0.992517 0.902141
0.992515 0.9021
0.992513 0.902058
0.992512 0.902017
0.99251 0.901976
0.992508 0.901935
0.992506 0.901894
0.992505 0.901853
0.992503 0.901812
0.992501 0.901771
0.992499 0.90173
0.992498 0.901689
0.992496 0.901648
0.992494 0.901607
0.992492 0.901566
0.992491 0.901525
0.992489 0.901484
0.992487 0.901443
0.992485 0.901402
0.992484 0.901361
0.992482 0.90132
0.99248 0.901279
0.992478 0.901238
0.992477 0.901197
0.992475 0.901156
0.992473 0.901116
0.992471 0.901075
0.99247 0.901034
0.992468 0.900993
0.992466 0.900952
0.992464 0.900912
0.992463 0.900871
0.992461 0.90083
0.992459 0.900789
0.992457 0.900748
0.992456 0.900708
0.992454 0.900667
0.992452 0.900626
0.992451 0.900586
0.992449 0.900545
0.992447 0.900504
0.992445 0.900464
0.992444 0.900423
0.992442 0.900382
0.99244 0.900342
0.992438 0.900301
0.992437 0.90026
0.992435 0.90022
0.992433 0.900179
0.992431 0.900139
0.99243 0.900098
0.992428 0.900057
0.992426 0.900017
0.992424 0.899976
0.992423 0.899936
0.992421 0.899895
0.992419 0.899855
0.992417 0.899814
0.992416 0.899774
0.992414 0.899733
0.992412 0.899693
0.99241 0.899652
0.992409 0.899612
0.992407 0.899571
0.992405 0.899531
0.992403 0.899491
0.992402 0.89945
0.9924 0.89941
0.992398 0.899369
0.992397 0.899329
0.992395 0.899289
0.992393 0.899248
0.992391 0.899208
0.99239 0.899168
0.992388 0.899127
0.992386 0.899087
0.992384 0.899047
0.992383 0.899006
0.992381 0.898966
0.992379 0.898926
0.992377 0.898885
0.992376 0.898845
0.992374 0.898805
0.992372 0.898765
0.99237 0.898724
0.992369 0.898684
0.992367 0.898644
0.992365 0.898604
0.992363 0.898563
0.992362 0.898523
0.99236 0.898483
0.992358 0.898443
0.992357 0.898403
0.992355 0.898362
0.992353 0.898322
0.992351 0.898282
0.99235 0.898242
0.992348 0.898202
0.992346 0.898162
0.992344 0.898122
0.992343 0.898081
0.992341 0.898041
0.992339 0.898001
0.992337 0.897961
0.992336 0.897921
0.992334 0.897881
0.992332 0.897841
0.99233 0.897801
0.992329 0.897761
0.992327 0.897721
0.992325 0.897681
0.992324 0.897641
0.992322 0.897601
0.99232 0.897561
0.992318 0.897521
0.992317 0.897481
0.992315 0.897441
0.992313 0.897401
0.992311 0.897361
0.99231 0.897321
0.992308 0.897281
0.992306 0.897241
0.992304 0.897201
0.992303 0.897161
0.992301 0.897121
0.992299 0.897081
0.992297 0.897041
0.992296 0.897001
0.992294 0.896961
0.992292 0.896921
0.992291 0.896881
0.992289 0.896841
0.992287 0.896801
0.992285 0.896761
0.992284 0.896721
0.992282 0.896682
0.99228 0.896642
0.992278 0.896602
0.992277 0.896562
0.992275 0.896522
0.992273 0.896482
0.992271 0.896442
0.99227 0.896402
0.992268 0.896363
0.992266 0.896323
0.992265 0.896283
0.992263 0.896243
0.992261 0.896203
0.992259 0.896163
0.992258 0.896124
0.992256 0.896084
0.992254 0.896044
0.992252 0.896004
0.992251 0.895964
0.992249 0.895925
0.992247 0.895885
0.992245 0.895845
0.992244 0.895805
0.992242 0.895765
0.99224 0.895726
0.992239 0.895686
0.992237 0.895646
0.992235 0.895606
0.992233 0.895567
0.992232 0.895527
0.99223 0.895487
0.992228 0.895447
0.992226 0.895408
0.992225 0.895368
0.992223 0.895328
0.992221 0.895288
0.992219 0.895249
0.992218 0.895209
0.992216 0.895169
0.992214 0.89513
0.992212 0.89509
0.992211 0.89505
0.992209 0.89501
0.992207 0.894971
0.992206 0.894931
0.992204 0.894891
0.992202 0.894852
0.9922 0.894812
0.992199 0.894772
0.992197 0.894733
0.992195 0.894693
0.992193 0.894653
0.992192 0.894614
0.99219 0.894574
0.992188 0.894534
0.992186 0.894495
0.992185 0.894455
0.992183 0.894415
0.992181 0.894376
0.99218 0.894336
0.992178 0.894296
0.992176 0.894257
0.992174 0.894217
0.992173 0.894177
0.992171 0.894138
0.992169 0.894098
0.992167 0.894058
0.992166 0.894019
0.992164 0.893979
0.992162 0.893939
0.99216 0.8939
0.992159 0.89386
0.992157 0.89382
0.992155 0.893781
0.992154 0.893741
0.992152 0.893702
0.99215 0.893662
0.992148 0.893622
0.992147 0.893583
0.992145 0.893543
0.992143 0.893503
0.992141 0.893464
0.99214 0.893424
0.992138 0.893385
0.992136 0.893345
0.992134 0.893305
0.992133 0.893266
0.992131 0.893226
0.992129 0.893186
0.992127 0.893147
0.992126 0.893107
0.992124 0.893068
0.992122 0.893028
0.992121 0.892988
0.992119 0.892949
0.992117 0.892909
0.992115 0.892869
0.992114 0.89283
0.992112 0.89279
0.99211 0.892751
0.992108 0.892711
0.992107 0.892671
0.992105 0.892632
0.992103 0.892592
0.992101 0.892553
0.9921 0.892513
0.992098 0.892473
0.992096 0.892434
0.992094 0.892394
0.992093 0.892354
0.992091 0.892315
0.992089 0.892275
0.992088 0.892236
0.992086 0.892196
0.992084 0.892156
0.992082 0.892117
0.992081 0.892077
0.992079 0.892037
0.992077 0.891998
0.992075 0.891958
0.992074 0.891919
0.992072 0.891879
0.99207 0.891839
0.992068 0.8918
0.992067 0.89176
0.992065 0.89172
0.992063 0.891681
0.992061 0.891641
0.99206 0.891601
0.992058 0.891562
0.992056 0.891522
0.992054 0.891483
0.992053 0.891443
0.992051 0.891403
0.992049 0.891364
0.992048 0.891324
0.992046 0.891284
0.992044 0.891245
0.992042 0.891205
0.992041 0.891165
0.992039 0.891126
0.992037 0.891086
0.992035 0.891046
0.992034 0.891007
0.992032 0.890967
0.99203 0.890927
0.992028 0.890888
0.992027 0.890848
0.992025 0.890808
0.992023 0.890768
0.992021 0.890729
0.99202 0.890689
0.992018 0.890649
0.992016 0.89061
0.992014 0.89057
0.992013 0.89053
0.992011 0.890491
0.992009 0.890451
0.992007 0.890411
0.992006 0.890371
0.992004 0.890332
0.992002 0.890292
0.992 0.890252
0.991999 0.890212
0.991997 0.890173
0.991995 0.890133
0.991993 0.890093
0.991992 0.890053
0.99199 0.890014
0.991988 0.889974
0.991986 0.889934
0.991985 0.889894
0.991983 0.889855
0.991981 0.889815
0.991979 0.889775
0.991978 0.889735
0.991976 0.889696
0.991974 0.889656
0.991972 0.889616
0.991971 0.889576
0.991969 0.889536
0.991967 0.889496
0.991965 0.889457
0.991964 0.889417
0.991962 0.889377
0.99196 0.889337
0.991958 0.889297
0.991957 0.889257
0.991955 0.889218
0.991953 0.889178
0.991951 0.889138
0.99195 0.889098
0.991948 0.889058
0.991946 0.889018
0.991944 0.888978
0.991943 0.888939
0.991941 0.888899
0.991939 0.888859
0.991937 0.888819
0.991936 0.888779
0.991934 0.888739
0.991932 0.888699
0.99193 0.888659
0.991929 0.888619
0.991927 0.888579
0.991925 0.888539
0.991923 0.888499
0.991922 0.888459
0.99192 0.888419
0.991918 0.888379
0.991916 0.888339
0.991915 0.888299
0.991913 0.888259
0.991911 0.888219
0.991909 0.888179
0.991908 0.888139
0.991906 0.888099
0.991904 0.888059
0.991902 0.888019
0.991901 0.887979
0.991899 0.887939
0.991897 0.887899
0.991895 0.887859
0.991893 0.887819
0.991892 0.887779
0.99189 0.887739
0.991888 0.887699
0.991886 0.887659
0.991885 0.887619
0.991883 0.887578
0.991881 0.887538
0.991879 0.887498
0.991878 0.887458
0.991876 0.887418
0.991874 0.887378
0.991872 0.887338
0.991871 0.887297
0.991869 0.887257
0.991867 0.887217
0.991865 0.887177
0.991863 0.887137
0.991862 0.887096
0.99186 0.887056
0.991858 0.887016
0.991856 0.886976
0.991855 0.886935
0.991853 0.886895
0.991851 0.886855
0.991849 0.886815
0.991848 0.886774
0.991846 0.886734
0.991844 0.886694
0.991842 0.886653
0.99184 0.886613
0.991839 0.886573
0.991837 0.886532
0.991835 0.886492
0.991833 0.886452
0.991832 0.886411
0.99183 0.886371
0.991828 0.886331
0.991826 0.88629
0.991824 0.88625
0.991823 0.886209
0.991821 0.886169
0.991819 0.886129
0.991817 0.886088
0.991816 0.886048
0.991814 0.886007
0.991812 0.885967
0.99181 0.885926
0.991808 0.885886
0.991807 0.885845
0.991805 0.885805
0.991803 0.885764
0.991801 0.885724
0.9918 0.885683
0.991798 0.885642
0.991796 0.885602
0.991794 0.885561
0.991792 0.885521
0.991791 0.88548
0.991789 0.88544
0.991787 0.885399
0.991785 0.885358
0.991783 0.885318
0.991782 0.885277
0.99178 0.885236
0.991778 0.885196
0.991776 0.885155
0.991775 0.885114
0.991773 0.885073
0.991771 0.885033
0.991769 0.884992
0.991767 0.884951
0.991766 0.88491
0.991764 0.88487
0.991762 0.884829
0.99176 0.884788
0.991758 0.884747
0.991757 0.884706
0.991755 0.884666
0.991753 0.884625
0.991751 0.884584
0.991749 0.884543
0.991748 0.884502
0.991746 0.884461
0.991744 0.88442
0.991742 0.884379
0.99174 0.884338
0.991739 0.884297
0.991737 0.884256
0.991735 0.884215
0.991733 0.884174
0.991731 0.884133
0.99173 0.884092
0.991728 0.884051
0.991726 0.88401
0.991724 0.883969
0.991722 0.883928
0.991721 0.883887
0.991719 0.883846
0.991717 0.883805
0.991715 0.883764
0.991713 0.883723
0.991712 0.883681
0.99171 0.88364
0.991708 0.883599
0.991706 0.883558
0.991704 0.883517
0.991703 0.883475
0.991701 0.883434
0.991699 0.883393
0.991697 0.883352
0.991695 0.88331
0.991693 0.883269
0.991692 0.883228
0.99169 0.883186
0.991688 0.883145
0.991686 0.883104
0.991684 0.883062
0.991683 0.883021
0.991681 0.882979
0.991679 0.882938
0.991677 0.882897
0.991675 0.882855
0.991673 0.882814
0.991672 0.882772
0.99167 0.882731
0.991668 0.882689
0.991666 0.882648
0.991664 0.882606
0.991662 0.882564
0.991661 0.882523
0.991659 0.882481
0.991657 0.88244
0.991655 0.882398
0.991653 0.882356
0.991652 0.882315
0.99165 0.882273
0.991648 0.882231
0.991646 0.88219
0.991644 0.882148
0.991642 0.882106
0.991641 0.882064
0.991639 0.882023
0.991637 0.881981
0.991635 0.881939
0.991633 0.881897
0.991631 0.881855
0.99163 0.881813
0.991628 0.881772
0.991626 0.88173
0.991624 0.881688
0.991622 0.881646
0.99162 0.881604
0.991618 0.881562
0.991617 0.88152
0.991615 0.881478
0.991613 0.881436
0.991611 0.881394
0.991609 0.881352
0.991607 0.88131
0.991606 0.881267
0.991604 0.881225
0.991602 0.881183
0.9916 0.881141
0.991598 0.881099
0.991596 0.881057
0.991594 0.881014
0.991593 0.880972
0.991591 0.88093
0.991589 0.880888
0.991587 0.880845
0.991585 0.880803
0.991583 0.880761
0.991581 0.880718
0.99158 0.880676
0.991578 0.880634
0.991576 0.880591
0.991574 0.880549
0.991572 0.880506
0.99157 0.880464
0.991568 0.880421
0.991567 0.880379
0.991565 0.880336
0.991563 0.880294
0.991561 0.880251
0.991559 0.880209
0.991557 0.880166
0.991555 0.880123
0.991553 0.880081
0.991552 0.880038
0.99155 0.879995
0.991548 0.879953
0.991546 0.87991
0.991544 0.879867
0.991542 0.879825
0.99154 0.879782
0.991538 0.879739
0.991537 0.879696
0.991535 0.879653
0.991533 0.87961
0.991531 0.879567
0.991529 0.879525
0.991527 0.879482
0.991525 0.879439
0.991523 0.879396
0.991522 0.879353
0.99152 0.87931
0.991518 0.879267
0.991516 0.879223
0.991514 0.87918
0.991512 0.879137
0.99151 0.879094
0.991508 0.879051
0.991506 0.879008
0.991505 0.878965
0.991503 0.878921
0.991501 0.878878
0.991499 0.878835
0.991497 0.878791
0.991495 0.878748
0.991493 0.878705
0.991491 0.878661
0.991489 0.878618
0.991487 0.878575
0.991486 0.878531
0.991484 0.878488
0.991482 0.878444
0.99148 0.878401
0.991478 0.878357
0.991476 0.878314
0.991474 0.87827
0.991472 0.878226
0.99147 0.878183
0.991468 0.878139
0.991466 0.878095
0.991465 0.878052
0.991463 0.878008
0.991461 0.877964
0.991459 0.87792
0.991457 0.877877
0.991455 0.877833
0.991453 0.877789
0.991451 0.877745
0.991449 0.877701
0.991447 0.877657
0.991445 0.877613
0.991443 0.877569
0.991441 0.877525
0.99144 0.877481
0.991438 0.877437
0.991436 0.877393
0.991434 0.877349
0.991432 0.877305
0.99143 0.877261
0.991428 0.877216
0.991426 0.877172
0.991424 0.877128
0.991422 0.877084
0.99142 0.877039
0.991418 0.876995
0.991416 0.876951
0.991414 0.876906
0.991412 0.876862
0.991411 0.876817
0.991409 0.876773
0.991407 0.876729
0.991405 0.876684
0.991403 0.876639
0.991401 0.876595
0.991399 0.87655
0.991397 0.876506
0.991395 0.876461
0.991393 0.876416
0.991391 0.876372
0.991389 0.876327
0.991387 0.876282
0.991385 0.876237
0.991383 0.876192
0.991381 0.876148
0.991379 0.876103
0.991377 0.876058
0.991375 0.876013
0.991373 0.875968
0.991371 0.875923
0.991369 0.875878
0.991367 0.875833
0.991365 0.875788
0.991364 0.875743
0.991362 0.875698
0.99136 0.875652
0.991358 0.875607
0.991356 0.875562
0.991354 0.875517
0.991352 0.875471
0.99135 0.875426
0.991348 0.875381
0.991346 0.875335
0.991344 0.87529
0.991342 0.875244
0.99134 0.875199
0.991338 0.875153
0.991336 0.875108
0.991334 0.875062
0.991332 0.875017
0.99133 0.874971
0.991328 0.874925
0.991326 0.87488
0.991324 0.874834
0.991322 0.874788
0.99132 0.874742
0.991318 0.874697
0.991316 0.874651
0.991314 0.874605
0.991312 0.874559
0.99131 0.874513
0.991308 0.874467
0.991306 0.874421
0.991304 0.874375
0.991302 0.874329
0.9913 0.874283
0.991298 0.874237
0.991296 0.87419
0.991294 0.874144
0.991292 0.874098
0.99129 0.874052
0.991288 0.874005
0.991286 0.873959
0.991284 0.873913
0.991282 0.873866
0.991279 0.87382
0.991277 0.873773
0.991275 0.873727
0.991273 0.87368
0.991271 0.873634
0.991269 0.873587
0.991267 0.87354
0.991265 0.873494
0.991263 0.873447
0.991261 0.8734
0.991259 0.873353
0.991257 0.873307
0.991255 0.87326
0.991253 0.873213
0.991251 0.873166
0.991249 0.873119
0.991247 0.873072
0.991245 0.873025
0.991243 0.872978
0.991241 0.872931
0.991239 0.872884
0.991237 0.872836
0.991235 0.872789
0.991232 0.872742
0.99123 0.872695
0.991228 0.872647
0.991226 0.8726
0.991224 0.872552
0.991222 0.872505
0.99122 0.872458
0.991218 0.87241
0.991216 0.872362
0.991214 0.872315
0.991212 0.872267
0.99121 0.87222
0.991208 0.872172
0.991206 0.872124
0.991203 0.872076
0.991201 0.872028
0.991199 0.871981
0.991197 0.871933
0.991195 0.871885
0.991193 0.871837
0.991191 0.871789
0.991189 0.871741
0.991187 0.871693
0.991185 0.871644
0.991183 0.871596
0.99118 0.871548
0.991178 0.8715
0.991176 0.871452
0.991174 0.871403
0.991172 0.871355
0.99117 0.871306
0.991168 0.871258
0.991166 0.871209
0.991164 0.871161
0.991161 0.871112
0.991159 0.871064
0.991157 0.871015
0.991155 0.870966
0.991153 0.870918
0.991151 0.870869
0.991149 0.87082
0.991147 0.870771
0.991144 0.870722
0.991142 0.870673
0.99114 0.870624
0.991138 0.870575
0.991136 0.870526
0.991134 0.870477
0.991132 0.870428
0.991129 0.870379
0.991127 0.870329
0.991125 0.87028
0.991123 0.870231
0.991121 0.870181
0.991119 0.870132
0.991117 0.870083
0.991114 0.870033
0.991112 0.869983
0.99111 0.869934
0.991108 0.869884
0.991106 0.869835
0.991104 0.869785
0.991101 0.869735
0.991099 0.869685
0.991097 0.869635
0.991095 0.869585
0.991093 0.869536
0.991091 0.869486
0.991088 0.869435
0.991086 0.869385
0.991084 0.869335
0.991082 0.869285
0.99108 0.869235
0.991078 0.869185
0.991075 0.869134
0.991073 0.869084
0.991071 0.869033
0.991069 0.868983
0.991067 0.868932
0.991064 0.868882
0.991062 0.868831
0.99106 0.868781
0.991058 0.86873
0.991056 0.868679
0.991053 0.868628
0.991051 0.868578
0.991049 0.868527
0.991047 0.868476
0.991045 0.868425
0.991042 0.868374
0.99104 0.868323
0.991038 0.868272
0.991036 0.86822
0.991033 0.868169
0.991031 0.868118
0.991029 0.868067
0.991027 0.868015
0.991024 0.867964
0.991022 0.867912
0.99102 0.867861
0.991018 0.867809
0.991016 0.867757
0.991013 0.867706
0.991011 0.867654
0.991009 0.867602
0.991007 0.86755
0.991004 0.867499
0.991002 0.867447
0.991 0.867395
0.990997 0.867343
0.990995 0.867291
0.990993 0.867238
0.990991 0.867186
0.990988 0.867134
0.990986 0.867082
0.990984 0.867029
0.990982 0.866977
0.990979 0.866924
0.990977 0.866872
0.990975 0.866819
0.990972 0.866767
0.99097 0.866714
0.990968 0.866661
0.990966 0.866609
0.990963 0.866556
0.990961 0.866503
0.990959 0.86645
0.990956 0.866397
0.990954 0.866344
0.990952 0.866291
0.99095 0.866238
0.990947 0.866184
0.990945 0.866131
0.990943 0.866078
0.99094 0.866024
0.990938 0.865971
0.990936 0.865917
0.990933 0.865864
0.990931 0.86581
0.990929 0.865757
0.990926 0.865703
0.990924 0.865649
0.990922 0.865595
0.990919 0.865541
0.990917 0.865487
0.990915 0.865433
0.990912 0.865379
0.99091 0.865325
0.990908 0.865271
0.990905 0.865217
0.990903 0.865163
0.990901 0.865108
0.990898 0.865054
0.990896 0.864999
0.990893 0.864945
0.990891 0.86489
0.990889 0.864835
0.990886 0.864781
0.990884 0.864726
0.990882 0.864671
0.990879 0.864616
0.990877 0.864561
0.990874 0.864506
0.990872 0.864451
0.99087 0.864396
0.990867 0.864341
0.990865 0.864286
0.990863 0.86423
0.99086 0.864175
0.990858 0.864119
0.990855 0.864064
0.990853 0.864008
0.99085 0.863953
0.990848 0.863897
0.990846 0.863841
0.990843 0.863785
0.990841 0.863729
0.990838 0.863673
0.990836 0.863617
0.990834 0.863561
0.990831 0.863505
0.990829 0.863449
0.990826 0.863393
0.990824 0.863336
0.990821 0.86328
0.990819 0.863223
0.990816 0.863167
0.990814 0.86311
0.990812 0.863054
0.990809 0.862997
0.990807 0.86294
0.990804 0.862883
0.990802 0.862826
0.990799 0.862769
0.990797 0.862712
0.990794 0.862655
0.990792 0.862598
0.990789 0.86254
0.990787 0.862483
0.990784 0.862426
0.990782 0.862368
0.990779 0.862311
0.990777 0.862253
0.990774 0.862195
0.990772 0.862137
0.990769 0.86208
0.990767 0.862022
0.990764 0.861964
0.990762 0.861906
0.990759 0.861848
0.990757 0.861789
0.990754 0.861731
0.990752 0.861673
0.990749 0.861614
0.990747 0.861556
0.990744 0.861497
0.990742 0.861439
0.990739 0.86138
0.990737 0.861321
0.990734 0.861262
0.990732 0.861204
0.990729 0.861145
0.990726 0.861085
0.990724 0.861026
0.990721 0.860967
0.990719 0.860908
0.990716 0.860848
0.990714 0.860789
0.990711 0.86073
0.990709 0.86067
0.990706 0.86061
0.990703 0.860551
0.990701 0.860491
0.990698 0.860431
0.990696 0.860371
0.990693 0.860311
0.99069 0.860251
0.990688 0.86019
0.990685 0.86013
0.990683 0.86007
0.99068 0.860009
0.990677 0.859949
0.990675 0.859888
0.990672 0.859828
0.99067 0.859767
0.990667 0.859706
0.990664 0.859645
0.990662 0.859584
0.990659 0.859523
0.990656 0.859462
0.990654 0.859401
0.990651 0.859339
0.990648 0.859278
0.990646 0.859217
0.990643 0.859155
0.99064 0.859093
0.990638 0.859032
0.990635 0.85897
0.990632 0.858908
0.99063 0.858846
0.990627 0.858784
0.990624 0.858722
0.990622 0.85866
0.990619 0.858597
0.990616 0.858535
0.990614 0.858472
0.990611 0.85841
0.990608 0.858347
0.990606 0.858284
0.990603 0.858222
0.9906 0.858159
0.990597 0.858096
0.990595 0.858033
0.990592 0.85797
0.990589 0.857906
0.990587 0.857843
0.990584 0.857779
0.990581 0.857716
0.990578 0.857652
0.990576 0.857589
0.990573 0.857525
0.99057 0.857461
0.990567 0.857397
0.990565 0.857333
0.990562 0.857269
0.990559 0.857205
0.990556 0.85714
0.990553 0.857076
0.990551 0.857011
0.990548 0.856947
0.990545 0.856882
0.990542 0.856817
0.99054 0.856752
0.990537 0.856687
0.990534 0.856622
0.990531 0.856557
0.990528 0.856492
0.990526 0.856427
0.990523 0.856361
0.99052 0.856296
0.990517 0.85623
0.990514 0.856164
0.990511 0.856099
0.990509 0.856033
0.990506 0.855967
0.990503 0.855901
0.9905 0.855834
0.990497 0.855768
0.990494 0.855702
0.990491 0.855635
0.990489 0.855569
0.990486 0.855502
0.990483 0.855435
0.99048 0.855368
0.990477 0.855301
0.990474 0.855234
0.990471 0.855167
0.990468 0.8551
0.990466 0.855032
0.990463 0.854965
0.99046 0.854897
0.990457 0.854829
0.990454 0.854762
0.990451 0.854694
0.990448 0.854626
0.990445 0.854558
0.990442 0.854489
0.990439 0.854421
0.990436 0.854353
0.990433 0.854284
0.99043 0.854215
0.990427 0.854147
0.990424 0.854078
0.990421 0.854009
0.990419 0.85394
0.990416 0.853871
0.990413 0.853801
0.99041 0.853732
0.990407 0.853662
0.990404 0.853593
0.990401 0.853523
0.990398 0.853453
0.990395 0.853383
0.990392 0.853313
0.990389 0.853243
0.990386 0.853173
0.990383 0.853103
0.99038 0.853032
0.990376 0.852961
0.990373 0.852891
0.99037 0.85282
0.990367 0.852749
0.990364 0.852678
0.990361 0.852607
0.990358 0.852536
0.990355 0.852464
0.990352 0.852393
0.990349 0.852321
0.990346 0.852249
0.990343 0.852177
0.99034 0.852105
0.990337 0.852033
0.990334 0.851961
0.99033 0.851889
0.990327 0.851816
0.990324 0.851744
0.990321 0.851671
0.990318 0.851598
0.990315 0.851525
0.990312 0.851452
0.990309 0.851379
0.990305 0.851306
0.990302 0.851233
0.990299 0.851159
0.990296 0.851085
0.990293 0.851012
0.99029 0.850938
0.990286 0.850864
0.990283 0.85079
0.99028 0.850715
0.990277 0.850641
0.990274 0.850566
0.99027 0.850492
0.990267 0.850417
0.990264 0.850342
0.990261 0.850267
0.990258 0.850192
0.990254 0.850117
0.990251 0.850041
0.990248 0.849966
0.990245 0.84989
0.990241 0.849814
0.990238 0.849738
0.990235 0.849662
0.990232 0.849586
0.990228 0.84951
0.990225 0.849433
0.990222 0.849357
0.990219 0.84928
0.990215 0.849203
0.990212 0.849126
0.990209 0.849049
0.990205 0.848972
0.990202 0.848894
0.990199 0.848817
0.990195 0.848739
0.990192 0.848661
0.990189 0.848583
0.990185 0.848505
0.990182 0.848427
0.990179 0.848349
0.990175 0.84827
0.990172 0.848191
0.990168 0.848113
0.990165 0.848034
0.990162 0.847955
0.990158 0.847876
0.990155 0.847796
0.990152 0.847717
0.990148 0.847637
0.990145 0.847557
0.990141 0.847477
0.990138 0.847397
0.990134 0.847317
0.990131 0.847237
0.990128 0.847156
0.990124 0.847075
0.990121 0.846995
0.990117 0.846914
0.990114 0.846833
0.99011 0.846751
0.990107 0.84667
0.990103 0.846588
0.9901 0.846507
0.990096 0.846425
0.990093 0.846343
0.990089 0.846261
0.990086 0.846178
0.990082 0.846096
0.990079 0.846013
0.990075 0.84593
0.990072 0.845847
0.990068 0.845764
0.990064 0.845681
0.990061 0.845598
0.990057 0.845514
0.990054 0.84543
0.99005 0.845346
0.990046 0.845262
0.990043 0.845178
0.990039 0.845094
0.990036 0.845009
0.990032 0.844925
0.990028 0.84484
0.990025 0.844755
0.990021 0.844669
0.990017 0.844584
0.990014 0.844499
0.99001 0.844413
0.990006 0.844327
0.990003 0.844241
0.989999 0.844155
0.989995 0.844068
0.989992 0.843982
0.989988 0.843895
0.989984 0.843808
0.989981 0.843721
0.989977 0.843634
0.989973 0.843547
0.989969 0.843459
0.989966 0.843371
0.989962 0.843283
0.989958 0.843195
0.989954 0.843107
0.989951 0.843019
0.989947 0.84293
0.989943 0.842841
0.989939 0.842752
0.989935 0.842663
0.989932 0.842574
0.989928 0.842484
0.989924 0.842395
0.98992 0.842305
0.989916 0.842215
0.989912 0.842124
0.989909 0.842034
0.989905 0.841943
0.989901 0.841852
0.989897 0.841762
0.989893 0.84167
0.989889 0.841579
0.989885 0.841487
0.989881 0.841396
0.989877 0.841304
0.989873 0.841212
0.989869 0.841119
0.989866 0.841027
0.989862 0.840934
0.989858 0.840841
0.989854 0.840748
0.98985 0.840655
0.989846 0.840561
0.989842 0.840468
0.989838 0.840374
0.989834 0.84028
0.98983 0.840185
0.989826 0.840091
0.989822 0.839996
0.989818 0.839901
0.989813 0.839806
0.989809 0.839711
0.989805 0.839615
0.989801 0.83952
0.989797 0.839424
0.989793 0.839328
0.989789 0.839231
0.989785 0.839135
0.989781 0.839038
0.989777 0.838941
0.989772 0.838844
0.989768 0.838747
0.989764 0.838649
0.98976 0.838551
0.989756 0.838453
0.989752 0.838355
0.989747 0.838257
0.989743 0.838158
0.989739 0.838059
0.989735 0.83796
0.989731 0.837861
0.989726 0.837761
0.989722 0.837661
0.989718 0.837561
0.989714 0.837461
0.989709 0.837361
0.989705 0.83726
0.989701 0.837159
0.989696 0.837058
0.989692 0.836957
0.989688 0.836855
0.989683 0.836753
0.989679 0.836651
0.989675 0.836549
0.98967 0.836447
0.989666 0.836344
0.989662 0.836241
0.989657 0.836138
0.989653 0.836034
0.989648 0.835931
0.989644 0.835827
0.989639 0.835723
0.989635 0.835618
0.989631 0.835514
0.989626 0.835409
0.989622 0.835304
0.989617 0.835198
0.989613 0.835093
0.989608 0.834987
0.989604 0.834881
0.989599 0.834774
0.989595 0.834668
0.98959 0.834561
0.989585 0.834454
0.989581 0.834346
0.989576 0.834239
0.989572 0.834131
0.989567 0.834023
0.989562 0.833914
0.989558 0.833806
0.989553 0.833697
0.989549 0.833588
0.989544 0.833478
0.989539 0.833368
0.989535 0.833259
0.98953 0.833148
0.989525 0.833038
0.98952 0.832927
0.989516 0.832816
0.989511 0.832705
0.989506 0.832593
0.989502 0.832481
0.989497 0.832369
0.989492 0.832257
0.989487 0.832144
0.989482 0.832031
0.989478 0.831918
0.989473 0.831805
0.989468 0.831691
0.989463 0.831577
0.989458 0.831462
0.989453 0.831348
0.989448 0.831233
0.989444 0.831118
0.989439 0.831002
0.989434 0.830886
0.989429 0.83077
0.989424 0.830654
0.989419 0.830537
0.989414 0.83042
0.989409 0.830303
0.989404 0.830186
0.989399 0.830068
0.989394 0.82995
0.989389 0.829831
0.989384 0.829712
0.989379 0.829593
0.989374 0.829474
0.989369 0.829354
0.989364 0.829234
0.989358 0.829114
0.989353 0.828993
0.989348 0.828873
0.989343 0.828751
0.989338 0.82863
0.989333 0.828508
0.989327 0.828386
0.989322 0.828263
0.989317 0.82814
0.989312 0.828017
0.989307 0.827894
0.989301 0.82777
0.989296 0.827646
0.989291 0.827522
0.989285 0.827397
0.98928 0.827272
0.989275 0.827146
0.98927 0.82702
0.989264 0.826894
0.989259 0.826768
0.989253 0.826641
0.989248 0.826514
0.989243 0.826387
0.989237 0.826259
0.989232 0.826131
0.989226 0.826002
0.989221 0.825873
0.989215 0.825744
0.98921 0.825614
0.989204 0.825485
0.989199 0.825354
0.989193 0.825224
0.989188 0.825093
0.989182 0.824961
0.989177 0.82483
0.989171 0.824698
0.989165 0.824565
0.98916 0.824432
0.989154 0.824299
0.989148 0.824166
0.989143 0.824032
0.989137 0.823898
0.989131 0.823763
0.989126 0.823628
0.98912 0.823492
0.989114 0.823357
0.989108 0.82322
0.989102 0.823084
0.989097 0.822947
0.989091 0.82281
0.989085 0.822672
0.989079 0.822534
0.989073 0.822395
0.989067 0.822256
0.989061 0.822117
0.989056 0.821977
0.98905 0.821837
0.989044 0.821697
0.989038 0.821556
0.989032 0.821414
0.989026 0.821273
0.98902 0.82113
0.989014 0.820988
0.989008 0.820845
0.989001 0.820701
0.988995 0.820558
0.988989 0.820413
0.988983 0.820269
0.988977 0.820124
0.988971 0.819978
0.988965 0.819832
0.988958 0.819686
0.988952 0.819539
0.988946 0.819392
0.98894 0.819244
0.988933 0.819096
0.988927 0.818947
0.988921 0.818798
0.988914 0.818649
0.988908 0.818499
0.988902 0.818348
0.988895 0.818197
0.988889 0.818046
0.988882 0.817894
0.988876 0.817742
0.98887 0.817589
0.988863 0.817436
0.988857 0.817283
0.98885 0.817128
0.988843 0.816974
0.988837 0.816819
0.98883 0.816663
0.988824 0.816507
0.988817 0.816351
0.98881 0.816194
0.988804 0.816036
0.988797 0.815878
0.98879 0.81572
0.988784 0.815561
0.988777 0.815401
0.98877 0.815242
0.988763 0.815081
0.988756 0.81492
0.98875 0.814759
0.988743 0.814597
0.988736 0.814434
0.988729 0.814271
0.988722 0.814108
0.988715 0.813943
0.988708 0.813779
0.988701 0.813614
0.988694 0.813448
0.988687 0.813282
0.98868 0.813115
0.988673 0.812948
0.988666 0.81278
0.988659 0.812612
0.988652 0.812443
0.988644 0.812273
0.988637 0.812103
0.98863 0.811933
0.988623 0.811762
0.988615 0.81159
0.988608 0.811418
0.988601 0.811245
0.988594 0.811071
0.988586 0.810897
0.988579 0.810723
0.988571 0.810548
0.988564 0.810372
0.988556 0.810196
0.988549 0.810019
0.988541 0.809841
0.988534 0.809663
0.988526 0.809484
0.988519 0.809305
0.988511 0.809125
0.988503 0.808945
0.988496 0.808764
0.988488 0.808582
0.98848 0.808399
0.988473 0.808216
0.988465 0.808033
0.988457 0.807848
0.988449 0.807664
0.988441 0.807478
0.988433 0.807292
0.988426 0.807105
0.988418 0.806917
0.98841 0.806729
0.988402 0.806541
0.988394 0.806351
0.988386 0.806161
0.988378 0.80597
0.988369 0.805779
0.988361 0.805587
0.988353 0.805394
0.988345 0.8052
0.988337 0.805006
0.988328 0.804811
0.98832 0.804616
0.988312 0.804419
0.988304 0.804222
0.988295 0.804025
0.988287 0.803826
0.988278 0.803627
0.98827 0.803427
0.988261 0.803227
0.988253 0.803025
0.988244 0.802823
0.988236 0.80262
0.988227 0.802417
0.988218 0.802213
0.98821 0.802008
0.988201 0.801802
0.988192 0.801595
0.988184 0.801388
0.988175 0.80118
0.988166 0.800971
0.988157 0.800762
0.988148 0.800551
0.988139 0.80034
0.98813 0.800128
0.988121 0.799915
0.988112 0.799702
0.988103 0.799487
0.988094 0.799272
0.988085 0.799056
0.988076 0.798839
0.988066 0.798622
0.988057 0.798403
0.988048 0.798184
0.988039 0.797964
0.988029 0.797743
0.98802 0.797521
0.98801 0.797298
0.988001 0.797075
0.987991 0.79685
0.987982 0.796625
0.987972 0.796399
0.987963 0.796172
0.987953 0.795944
0.987943 0.795715
0.987934 0.795485
0.987924 0.795254
0.987914 0.795023
0.987904 0.79479
0.987894 0.794557
0.987884 0.794323
0.987874 0.794087
0.987864 0.793851
0.987854 0.793614
0.987844 0.793376
0.987834 0.793137
0.987824 0.792897
0.987814 0.792656
0.987804 0.792414
0.987793 0.792171
0.987783 0.791927
0.987773 0.791682
0.987762 0.791436
0.987752 0.79119
0.987741 0.790942
0.987731 0.790693
0.98772 0.790443
0.987709 0.790192
0.987699 0.78994
0.987688 0.789687
0.987677 0.789432
0.987666 0.789177
0.987655 0.788921
0.987645 0.788664
0.987634 0.788405
0.987623 0.788146
0.987612 0.787885
0.9876 0.787623
0.987589 0.787361
0.987578 0.787097
0.987567 0.786832
0.987556 0.786565
0.987544 0.786298
0.987533 0.78603
0.987521 0.78576
0.98751 0.785489
0.987498 0.785217
0.987487 0.784944
0.987475 0.78467
0.987464 0.784394
0.987452 0.784118
0.98744 0.78384
0.987428 0.783561
0.987416 0.78328
0.987404 0.782999
0.987392 0.782716
0.98738 0.782432
0.987368 0.782146
0.987356 0.78186
0.987344 0.781572
0.987331 0.781283
0.987319 0.780992
0.987307 0.780701
0.987294 0.780407
0.987282 0.780113
0.987269 0.779817
0.987257 0.77952
0.987244 0.779222
0.987231 0.778922
0.987218 0.778621
0.987205 0.778318
0.987193 0.778015
0.98718 0.777709
0.987167 0.777403
0.987153 0.777094
0.98714 0.776785
0.987127 0.776474
0.987114 0.776162
0.9871 0.775848
0.987087 0.775532
0.987074 0.775216
0.98706 0.774897
0.987046 0.774577
0.987033 0.774256
0.987019 0.773933
0.987005 0.773609
0.986991 0.773283
0.986977 0.772956
0.986963 0.772627
0.986949 0.772296
0.986935 0.771964
0.986921 0.77163
0.986907 0.771295
0.986892 0.770958
0.986878 0.770619
0.986863 0.770279
0.986849 0.769937
0.986834 0.769593
0.986819 0.769248
0.986805 0.768901
0.98679 0.768552
0.986775 0.768202
0.98676 0.76785
0.986745 0.767496
0.98673 0.76714
0.986714 0.766783
0.986699 0.766424
0.986684 0.766063
0.986668 0.7657
0.986652 0.765335
0.986637 0.764969
0.986621 0.7646
0.986605 0.76423
0.986589 0.763858
0.986573 0.763484
0.986557 0.763108
0.986541 0.762731
0.986525 0.762351
0.986509 0.761969
0.986492 0.761585
0.986476 0.7612
0.986459 0.760812
0.986442 0.760423
0.986426 0.760031
0.986409 0.759637
0.986392 0.759241
0.986375 0.758843
0.986358 0.758443
0.986341 0.758041
0.986323 0.757637
0.986306 0.757231
0.986288 0.756822
0.986271 0.756412
0.986253 0.755999
0.986235 0.755584
0.986217 0.755166
0.986199 0.754747
0.986181 0.754325
0.986163 0.753901
0.986145 0.753474
0.986126 0.753046
0.986108 0.752614
0.986089 0.752181
0.98607 0.751745
0.986051 0.751307
0.986033 0.750866
0.986013 0.750423
0.985994 0.749978
0.985975 0.74953
0.985956 0.749079
0.985936 0.748626
0.985917 0.748171
0.985897 0.747712
0.985877 0.747252
0.985857 0.746788
0.985837 0.746322
0.985817 0.745854
0.985796 0.745383
0.985776 0.744909
0.985755 0.744432
0.985735 0.743953
0.985714 0.743471
0.985693 0.742986
0.985672 0.742498
0.985651 0.742008
0.985629 0.741514
0.985608 0.741018
0.985586 0.740519
0.985565 0.740017
0.985543 0.739512
0.985521 0.739004
0.985499 0.738493
0.985476 0.737979
0.985454 0.737462
0.985431 0.736942
0.985409 0.736418
0.985386 0.735892
0.985363 0.735362
0.98534 0.73483
0.985316 0.734294
0.985293 0.733755
0.985269 0.733212
0.985246 0.732667
0.985222 0.732118
0.985198 0.731565
0.985173 0.731009
0.985149 0.73045
0.985125 0.729888
0.9851 0.729321
0.985075 0.728752
0.98505 0.728179
0.985025 0.727602
0.985 0.727022
0.984974 0.726438
0.984948 0.72585
0.984923 0.725259
0.984896 0.724664
0.98487 0.724065
0.984844 0.723463
0.984817 0.722856
0.984791 0.722246
0.984764 0.721632
0.984737 0.721014
0.984709 0.720392
0.984682 0.719766
0.984654 0.719135
0.984626 0.718501
0.984598 0.717863
0.98457 0.717221
0.984541 0.716574
0.984513 0.715923
0.984484 0.715268
0.984455 0.714608
0.984425 0.713945
0.984396 0.713276
0.984366 0.712604
0.984336 0.711927
0.984306 0.711245
0.984276 0.710559
0.984245 0.709868
0.984214 0.709173
0.984183 0.708473
0.984152 0.707768
0.984121 0.707059
0.984089 0.706344
0.984057 0.705625
0.984025 0.704901
0.983992 0.704172
0.983959 0.703438
0.983926 0.702699
0.983893 0.701954
0.98386 0.701205
0.983826 0.70045
0.983792 0.699691
0.983758 0.698926
0.983723 0.698155
0.983689 0.697379
0.983654 0.696598
0.983618 0.695811
0.983583 0.695019
0.983547 0.694221
0.983511 0.693418
0.983474 0.692608
0.983438 0.691793
0.983401 0.690973
0.983363 0.690146
0.983326 0.689313
0.983288 0.688475
0.98325 0.68763
0.983211 0.686779
0.983172 0.685922
0.983133 0.685059
0.983094 0.68419
0.983054 0.683314
0.983014 0.682432
0.982973 0.681543
0.982932 0.680648
0.982891 0.679746
0.98285 0.678837
0.982808 0.677922
0.982766 0.677
0.982723 0.676071
0.98268 0.675135
0.982637 0.674193
0.982593 0.673243
0.982549 0.672286
0.982505 0.671321
0.98246 0.67035
0.982415 0.669371
0.982369 0.668385
0.982323 0.667391
0.982277 0.66639
0.98223 0.665381
0.982183 0.664364
0.982135 0.66334
0.982087 0.662307
0.982038 0.661267
0.981989 0.660219
0.98194 0.659163
0.98189 0.658098
0.98184 0.657025
0.981789 0.655944
0.981738 0.654854
0.981686 0.653756
0.981634 0.652649
0.981581 0.651534
0.981528 0.65041
0.981474 0.649277
0.98142 0.648135
0.981366 0.646984
0.98131 0.645824
0.981255 0.644655
0.981198 0.643476
0.981142 0.642288
0.981084 0.641091
0.981026 0.639884
0.980968 0.638667
0.980909 0.637441
0.980849 0.636204
0.980789 0.634958
0.980728 0.633702
0.980667 0.632435
0.980605 0.631159
0.980542 0.629872
0.980479 0.628575
0.980415 0.627267
0.980351 0.625948
0.980285 0.624619
0.98022 0.623279
0.980153 0.621928
0.980086 0.620566
0.980018 0.619193
0.979949 0.617808
0.97988 0.616412
0.97981 0.615005
0.979739 0.613586
0.979668 0.612156
0.979596 0.610713
0.979523 0.609259
0.979449 0.607793
0.979374 0.606315
0.979299 0.604824
0.979223 0.603322
0.979146 0.601807
0.979068 0.600279
0.978989 0.598738
0.97891 0.597185
0.978829 0.595619
0.978748 0.59404
0.978666 0.592448
0.978583 0.590843
0.978498 0.589224
0.978414 0.587592
0.978328 0.585947
0.978241 0.584287
0.978153 0.582614
0.978064 0.580927
0.977974 0.579227
0.977883 0.577512
0.977791 0.575782
0.977698 0.574039
0.977604 0.572281
0.977509 0.570509
0.977413 0.568721
0.977315 0.56692
0.977217 0.565103
0.977117 0.563271
0.977016 0.561424
0.976914 0.559562
0.976811 0.557685
0.976706 0.555793
0.9766 0.553884
0.976493 0.551961
0.976385 0.550021
0.976275 0.548066
0.976164 0.546095
0.976052 0.544108
0.975938 0.542105
0.975823 0.540086
0.975706 0.53805
0.975588 0.535999
0.975469 0.53393
0.975348 0.531846
0.975225 0.529744
0.975101 0.527626
0.974976 0.525492
0.974848 0.52334
0.97472 0.521172
0.974589 0.518987
0.974457 0.516785
0.974323 0.514565
0.974188 0.512329
0.97405 0.510076
0.973911 0.507805
0.973771 0.505517
0.973628 0.503212
0.973483 0.50089
0.973337 0.49855
0.973188 0.496193
0.973038 0.493819
0.972886 0.491427
0.972731 0.489018
0.972575 0.486591
0.972416 0.484147
0.972256 0.481686
0.972093 0.479208
0.971928 0.476712
0.971761 0.474199
0.971591 0.471669
0.971419 0.469121
0.971245 0.466557
0.971069 0.463975
0.97089 0.461376
0.970708 0.458761
0.970524 0.456128
0.970338 0.453479
0.970149 0.450813
0.969957 0.448131
0.969763 0.445432
0.969566 0.442717
0.969366 0.439986
0.969163 0.437239
0.968958 0.434476
0.968749 0.431697
0.968538 0.428903
0.968324 0.426094
0.968106 0.423269
0.967886 0.42043
0.967663 0.417576
0.967436 0.414707
0.967206 0.411824
0.966973 0.408928
0.966736 0.406017
0.966496 0.403093
0.966253 0.400157
0.966006 0.397207
0.965755 0.394245
0.965501 0.39127
0.965243 0.388284
0.964982 0.385286
0.964717 0.382277
0.964447 0.379258
0.964174 0.376227
0.963897 0.373187
0.963616 0.370138
0.963331 0.367079
0.963042 0.364011
0.962749 0.360935
0.962451 0.357851
0.962149 0.35476
0.961842 0.351661
0.961531 0.348557
0.961216 0.345446
0.960896 0.342329
0.960571 0.339208
0.960241 0.336083
0.959907 0.332953
0.959568 0.32982
0.959224 0.326684
0.958875 0.323546
0.95852 0.320406
0.958161 0.317265
0.957796 0.314123
0.957426 0.310982
0.957051 0.307841
0.95667 0.304701
0.956284 0.301563
0.955892 0.298427
0.955494 0.295294
0.95509 0.292165
0.954681 0.28904
0.954266 0.28592
0.953845 0.282806
0.953418 0.279697
0.952984 0.276595
0.952545 0.273501
0.952099 0.270414
0.951646 0.267336
0.951187 0.264267
0.950722 0.261208
0.95025 0.258159
0.949772 0.255121
0.949286 0.252095
0.948794 0.249081
0.948295 0.24608
0.947788 0.243092
0.947275 0.240118
0.946754 0.237159
0.946226 0.234215
0.945691 0.231286
0.945149 0.228373
0.944598 0.225478
0.944041 0.222599
0.943475 0.219738
0.942902 0.216895
0.942321 0.214071
0.941732 0.211267
0.941135 0.208481
0.94053 0.205716
0.939917 0.202972
0.939295 0.200248
0.938665 0.197546
0.938027 0.194866
0.937381 0.192207
0.936725 0.189571
0.936061 0.186958
0.935389 0.184369
0.934707 0.181802
0.934017 0.17926
0.933317 0.176741
0.932609 0.174247
0.931892 0.171778
0.931165 0.169333
0.930429 0.166913
0.929683 0.164519
0.928929 0.16215
0.928164 0.159806
0.92739 0.157489
0.926607 0.155197
0.925813 0.152931
0.92501 0.150691
0.924197 0.148478
0.923374 0.146291
0.922541 0.14413
0.921697 0.141996
0.920844 0.139888
0.91998 0.137806
0.919106 0.135751
0.918221 0.133723
0.917326 0.131721
0.91642 0.129745
0.915504 0.127796
0.914577 0.125873
0.913639 0.123976
0.91269 0.122105
0.911731 0.12026
0.91076 0.118441
0.909778 0.116648
0.908785 0.114881
0.907781 0.113139
0.906766 0.111423
0.905739 0.109732
0.9047 0.108066
0.90365 0.106425
0.902589 0.104808
0.901516 0.103217
0.900431 0.101649
0.899334 0.100106
0.898226 0.0985865
0.897105 0.0970909
0.895973 0.0956188
0.894828 0.09417
0.893672 0.0927443
0.892503 0.0913415
0.891321 0.0899613
0.890128 0.0886034
0.888922 0.0872676
0.887703 0.0859538
0.886472 0.0846616
0.885228 0.0833907
0.883972 0.082141
0.882703 0.0809122
0.88142 0.079704
0.880125 0.0785161
0.878817 0.0773483
0.877496 0.0762004
0.876162 0.0750721
0.874814 0.073963
0.873454 0.072873
0.872079 0.0718019
0.870692 0.0707492
0.869291 0.0697148
0.867876 0.0686984
0.866448 0.0676998
0.865006 0.0667187
0.86355 0.0657547
0.862081 0.0648078
0.860597 0.0638776
0.8591 0.0629638
0.857588 0.0620662
0.856062 0.0611846
0.854522 0.0603187
0.852968 0.0594683
0.851399 0.0586331
0.849816 0.0578128
0.848218 0.0570073
0.846606 0.0562163
0.844979 0.0554395
0.843337 0.0546768
0.84168 0.0539278
0.840009 0.0531924
0.838322 0.0524704
0.836621 0.0517614
0.834904 0.0510654
0.833172 0.050382
0.831425 0.0497111
0.829662 0.0490524
0.827884 0.0484057
0.826091 0.0477709
0.824281 0.0471477
0.822456 0.0465359
0.820616 0.0459354
0.818759 0.0453458
0.816886 0.0447671
0.814998 0.044199
0.813093 0.0436414
0.811172 0.0430941
0.809235 0.0425569
0.807282 0.0420295
0.805312 0.0415119
0.803325 0.0410039
0.801322 0.0405052
0.799303 0.0400158
0.797266 0.0395355
0.795213 0.039064
0.793142 0.0386013
0.791055 0.0381472
0.788951 0.0377015
0.786829 0.037264
0.78469 0.0368348
0.782534 0.0364135
0.780361 0.036
0.77817 0.0355942
0.775961 0.0351961
0.773735 0.0348053
0.771491 0.0344218
0.769229 0.0340455
0.766949 0.0336763
0.764652 0.033314
0.762336 0.0329584
0.760002 0.0326095
0.75765 0.0322672
0.755279 0.0319313
0.752891 0.0316018
0.750484 0.0312784
0.748058 0.0309612
0.745614 0.0306499
0.743151 0.0303445
0.740669 0.030045
0.738169 0.0297511
0.73565 0.0294628
0.733112 0.0291799
0.730555 0.0289025
0.727978 0.0286304
0.725383 0.0283635
0.722769 0.0281017
0.720135 0.0278449
0.717483 0.0275931
0.71481 0.0273461
0.712119 0.027104
0.709408 0.0268665
0.706678 0.0266336
0.703928 0.0264053
0.701159 0.0261815
0.69837 0.025962
0.695562 0.0257469
0.692733 0.025536
0.689886 0.0253293
0.687018 0.0251268
0.684131 0.0249282
0.681225 0.0247337
0.678298 0.0245431
0.675352 0.0243563
0.672386 0.0241733
0.669401 0.0239941
0.666395 0.0238185
0.66337 0.0236466
0.660326 0.0234782
0.657261 0.0233133
0.654178 0.0231519
0.651074 0.0229939
0.647951 0.0228393
0.644808 0.0226879
0.641646 0.0225398
0.638465 0.022395
0.635264 0.0222533
0.632044 0.0221147
0.628805 0.0219791
0.625547 0.0218466
0.622269 0.0217171
0.618973 0.0215906
0.615658 0.0214669
0.612324 0.0213461
0.608971 0.0212282
0.6056 0.021113
0.602211 0.0210006
0.598803 0.0208909
0.595378 0.0207839
0.591934 0.0206795
0.588473 0.0205778
0.584994 0.0204786
0.581498 0.020382
0.577985 0.0202879
0.574455 0.0201963
0.570908 0.0201071
0.567345 0.0200204
0.563765 0.0199361
0.560169 0.0198542
0.556557 0.0197746
0.55293 0.0196973
0.549288 0.0196224
0.545631 0.0195497
0.541959 0.0194792
0.538272 0.019411
0.534572 0.019345
0.530858 0.0192812
0.52713 0.0192195
0.52339 0.01916
0.519637 0.0191026
0.515871 0.0190472
0.512094 0.018994
0.508305 0.0189428
0.504505 0.0188937
0.500694 0.0188465
0.496873 0.0188014
0.493042 0.0187583
0.489202 0.0187171
0.485353 0.0186779
0.481495 0.0186406
0.477629 0.0186053
0.473756 0.0185719
0.469876 0.0185403
0.465989 0.0185106
0.462096 0.0184828
0.458198 0.0184569
0.454295 0.0184328
0.450388 0.0184105
0.446476 0.01839
0.442562 0.0183714
0.438645 0.0183545
0.434725 0.0183394
0.430804 0.018326
0.426883 0.0183145
0.42296 0.0183046
0.419039 0.0182965
0.415118 0.0182902
0.411198 0.0182855
0.407281 0.0182826
0.403366 0.0182813
0.399455 0.0182817
0.395548 0.0182839
0.391646 0.0182876
0.387748 0.0182931
0.383857 0.0183002
0.379973 0.0183089
0.376095 0.0183193
0.372226 0.0183313
0.368365 0.018345
0.364513 0.0183602
0.360671 0.0183771
0.35684 0.0183956
0.35302 0.0184156
0.349211 0.0184373
0.345415 0.0184605
0.341632 0.0184853
0.337863 0.0185117
0.334108 0.0185396
0.330368 0.0185691
0.326643 0.0186001
0.322935 0.0186327
0.319243 0.0186668
0.315569 0.0187025
0.311912 0.0187396
0.308274 0.0187783
0.304655 0.0188185
0.301056 0.0188603
0.297477 0.0189035
0.293918 0.0189482
0.290381 0.0189944
0.286865 0.0190421
0.283372 0.0190913
0.279901 0.019142
0.276453 0.0191941
0.273029 0.0192477
0.269629 0.0193028
0.266254 0.0193593
0.262904 0.0194173
0.259578 0.0194767
0.256279 0.0195376
0.253006 0.0195999
0.249759 0.0196636
0.246538 0.0197287
0.243345 0.0197953
0.24018 0.0198633
0.237042 0.0199327
0.233932 0.0200035
0.23085 0.0200757
0.227797 0.0201493
0.224773 0.0202243
0.221778 0.0203007
0.218811 0.0203785
0.215874 0.0204576
0.212967 0.0205381
0.210089 0.02062
0.207242 0.0207033
0.204424 0.0207879
0.201636 0.0208738
0.198878 0.0209611
0.19615 0.0210497
0.193453 0.0211397
0.190786 0.021231
0.18815 0.0213236
0.185543 0.0214175
0.182968 0.0215128
0.180422 0.0216094
0.177907 0.0217072
0.175422 0.0218064
0.172968 0.0219069
0.170543 0.0220086
0.168149 0.0221117
0.165785 0.022216
0.163451 0.0223216
0.161147 0.0224284
0.158872 0.0225365
0.156627 0.0226459
0.154412 0.0227565
0.152226 0.0228684
0.150069 0.0229815
0.147941 0.0230959
0.145842 0.0232115
0.143772 0.0233283
0.14173 0.0234463
0.139716 0.0235655
0.137731 0.023686
0.135773 0.0238076
0.133843 0.0239305
0.13194 0.0240546
0.130065 0.0241798
0.128217 0.0243062
0.126395 0.0244338
0.1246 0.0245626
0.122831 0.0246925
0.121088 0.0248237
0.119371 0.0249559
0.117679 0.0250893
0.116013 0.0252239
0.114371 0.0253596
0.112755 0.0254965
0.111162 0.0256344
0.109594 0.0257735
0.10805 0.0259138
0.106529 0.0260551
0.105031 0.0261975
0.103557 0.0263411
0.102105 0.0264858
0.100676 0.0266315
0.0992689 0.0267784
0.0978838 0.0269263
0.0965203 0.0270753
0.0951782 0.0272254
0.0938572 0.0273766
0.092557 0.0275288
0.0912773 0.0276821
0.0900178 0.0278364
0.0887783 0.0279918
0.0875585 0.0281483
0.0863581 0.0283058
0.0851768 0.0284643
0.0840144 0.0286239
0.0828706 0.0287844
0.0817451 0.0289461
0.0806376 0.0291087
0.079548 0.0292723
0.0784759 0.029437
0.077421 0.0296027
0.0763831 0.0297693
0.075362 0.029937
0.0743573 0.0301056
0.0733689 0.0302753
0.0723965 0.0304459
0.0714398 0.0306175
0.0704987 0.0307901
0.0695727 0.0309637
0.0686618 0.0311382
0.0677656 0.0313136
0.066884 0.0314901
0.0660167 0.0316675
0.0651635 0.0318458
0.0643241 0.0320251
0.0634983 0.0322053
0.0626859 0.0323865
0.0618867 0.0325686
0.0611005 0.0327516
0.060327 0.0329356
0.0595661 0.0331205
0.0588175 0.0333063
0.058081 0.033493
0.0573565 0.0336806
0.0566437 0.0338692
0.0559424 0.0340586
0.0552525 0.0342489
0.0545737 0.0344402
0.0539059 0.0346323
0.0532489 0.0348253
0.0526024 0.0350192
0.0519664 0.035214
0.0513406 0.0354097
0.0507249 0.0356062
0.0501191 0.0358037
0.049523 0.0360019
0.0489364 0.0362011
0.0483593 0.0364011
0.0477914 0.036602
0.0472326 0.0368037
0.0466827 0.0370063
0.0461415 0.0372098
0.045609 0.037414
0.045085 0.0376192
0.0445692 0.0378251
0.0440617 0.038032
0.0435622 0.0382396
0.0430706 0.0384481
0.0425868 0.0386574
0.0421106 0.0388675
0.0416419 0.0390785
0.0411805 0.0392903
0.0407265 0.0395029
0.0402795 0.0397163
0.0398395 0.0399306
0.0394064 0.0401456
0.0389801 0.0403615
0.0385604 0.0405782
0.0381472 0.0407956
0.0377405 0.0410139
0.03734 0.041233
0.0369458 0.0414529
0.0365576 0.0416736
0.0361754 0.041895
0.0357991 0.0421173
0.0354285 0.0423404
0.0350637 0.0425642
0.0347044 0.0427888
0.0343506 0.0430142
0.0340023 0.0432404
0.0336592 0.0434674
0.0333213 0.0436951
0.0329885 0.0439237
0.0326608 0.044153
0.032338 0.044383
0.0320201 0.0446139
0.031707 0.0448455
0.0313985 0.0450779
0.0310947 0.045311
0.0307954 0.0455449
0.0305006 0.0457796
0.0302102 0.046015
0.029924 0.0462512
0.0296422 0.0464882
0.0293645 0.0467259
0.0290909 0.0469644
0.0288213 0.0472036
0.0285557 0.0474436
0.0282939 0.0476843
0.0280361 0.0479258
0.0277819 0.048168
0.0275315 0.048411
0.0272847 0.0486547
0.0270415 0.0488992
0.0268019 0.0491444
0.0265656 0.0493903
0.0263328 0.049637
0.0261034 0.0498845
0.0258772 0.0501327
0.0256543 0.0503816
0.0254346 0.0506313
0.025218 0.0508817
0.0250044 0.0511328
0.0247939 0.0513847
0.0245864 0.0516374
0.0243819 0.0518907
0.0241802 0.0521448
0.0239813 0.0523997
0.0237853 0.0526552
0.023592 0.0529115
0.0234014 0.0531686
0.0232135 0.0534264
0.0230281 0.0536849
0.0228454 0.0539441
0.0226652 0.0542041
0.0224875 0.0544648
0.0223122 0.0547263
0.0221394 0.0549885
0.0219689 0.0552514
0.0218008 0.055515
0.0216349 0.0557794
0.0214714 0.0560445
0.02131 0.0563104
0.0211509 0.056577
0.0209939 0.0568443
0.0208391 0.0571123
0.0206863 0.0573811
0.0205356 0.0576506
0.0203869 0.0579209
0.0202403 0.0581919
0.0200956 0.0584636
0.0199528 0.0587361
0.0198119 0.0590093
0.019673 0.0592832
0.0195358 0.0595579
0.0194005 0.0598333
0.019267 0.0601095
0.0191352 0.0603864
0.0190052 0.060664
0.0188769 0.0609424
0.0187503 0.0612215
0.0186253 0.0615014
0.018502 0.061782
0.0183803 0.0620634
0.0182601 0.0623455
0.0181416 0.0626283
0.0180245 0.0629119
0.017909 0.0631963
0.017795 0.0634814
0.0176825 0.0637672
0.0175714 0.0640538
0.0174617 0.0643412
0.0173535 0.0646293
0.0172466 0.0649182
0.0171411 0.0652078
0.017037 0.0654982
0.0169342 0.0657893
0.0168327 0.0660812
0.0167324 0.0663739
0.0166335 0.0666673
0.0165358 0.0669615
0.0164394 0.0672565
0.0163441 0.0675523
0.0162501 0.0678488
0.0161572 0.0681461
0.0160655 0.0684441
0.015975 0.068743
0.0158856 0.0690426
0.0157973 0.069343
0.0157101 0.0696442
0.015624 0.0699462
0.015539 0.070249
0.0154551 0.0705525
0.0153721 0.0708569
0.0152903 0.071162
0.0152094 0.071468
0.0151295 0.0717747
0.0150506 0.0720823
0.0149727 0.0723906
0.0148957 0.0726998
0.0148197 0.0730097
0.0147446 0.0733205
0.0146705 0.0736321
0.0145972 0.0739445
0.0145249 0.0742578
0.0144534 0.0745718
0.0143828 0.0748867
0.0143131 0.0752024
0.0142442 0.0755189
0.0141762 0.0758363
0.014109 0.0761545
0.0140426 0.0764736
0.013977 0.0767935
0.0139122 0.0771142
0.0138482 0.0774358
0.013785 0.0777583
0.0137225 0.0780816
0.0136608 0.0784057
0.0135999 0.0787307
0.0135396 0.0790566
0.0134801 0.0793834
0.0134214 0.079711
0.0133633 0.0800396
0.0133059 0.0803689
0.0132492 0.0806992
0.0131932 0.0810304
0.0131379 0.0813625
0.0130833 0.0816954
0.0130293 0.0820293
0.0129759 0.082364
0.0129232 0.0826997
0.0128711 0.0830363
0.0128197 0.0833738
0.0127688 0.0837122
0.0127186 0.0840515
0.012669 0.0843918
0.01262 0.084733
0.0125715 0.0850752
0.0125237 0.0854182
0.0124764 0.0857623
0.0124297 0.0861073
0.0123836 0.0864532
0.012338 0.0868001
0.0122929 0.087148
0.0122484 0.0874968
0.0122044 0.0878466
0.012161 0.0881974
0.0121181 0.0885492
0.0120757 0.088902
0.0120338 0.0892557
0.0119924 0.0896105
0.0119515 0.0899663
0.0119111 0.090323
0.0118712 0.0906808
0.0118318 0.0910397
0.0117929 0.0913995
0.0117544 0.0917604
0.0117164 0.0921223
0.0116789 0.0924853
0.0116418 0.0928493
0.0116052 0.0932144
0.011569 0.0935805
0.0115332 0.0939477
0.0114979 0.094316
0.011463 0.0946853
0.0114286 0.0950558
0.0113946 0.0954273
0.011361 0.0957999
0.0113278 0.0961737
0.011295 0.0965485
0.0112626 0.0969245
0.0112306 0.0973016
0.0111991 0.0976798
0.0111679 0.0980592
0.0111371 0.0984397
0.0111067 0.0988214
0.0110767 0.0992042
0.011047 0.0995882
0.0110177 0.0999734
0.0109888 0.10036
0.0109603 0.100747
0.0109321 0.101136
0.0109043 0.101526
0.0108768 0.101917
0.0108497 0.102309
0.0108229 0.102703
0.0107965 0.103098
0.0107704 0.103494
0.0107447 0.103891
0.0107193 0.10429
0.0106942 0.10469
0.0106695 0.105091
0.0106451 0.105493
0.010621 0.105897
0.0105972 0.106302
0.0105737 0.106708
0.0105506 0.107116
0.0105277 0.107525
0.0105052 0.107935
0.010483 0.108346
0.0104611 0.108759
0.0104395 0.109174
0.0104182 0.109589
0.0103971 0.110007
0.0103764 0.110425
0.010356 0.110845
0.0103358 0.111266
0.0103159 0.111689
0.0102964 0.112113
0.0102771 0.112539
0.010258 0.112966
0.0102393 0.113394
0.0102208 0.113824
0.0102026 0.114255
0.0101847 0.114688
0.010167 0.115123
0.0101496 0.115559
0.0101324 0.115996
0.0101155 0.116435
0.0100989 0.116876
0.0100826 0.117318
0.0100664 0.117761
0.0100506 0.118207
0.010035 0.118653
0.0100196 0.119102
0.0100045 0.119552
0.00998964 0.120004
0.00997502 0.120457
0.00996064 0.120912
0.00994649 0.121368
0.00993259 0.121827
0.00991893 0.122287
0.0099055 0.122748
0.0098923 0.123212
0.00987934 0.123677
0.0098666 0.124144
0.0098541 0.124612
0.00984182 0.125083
0.00982977 0.125555
0.00981794 0.126029
0.00980634 0.126505
0.00979496 0.126982
0.0097838 0.127462
0.00977286 0.127943
0.00976214 0.128426
0.00975163 0.128911
0.00974134 0.129398
0.00973126 0.129887
0.0097214 0.130378
0.00971175 0.13087
0.00970231 0.131365
0.00969307 0.131862
0.00968405 0.13236
0.00967523 0.132861
0.00966662 0.133363
0.00965822 0.133868
0.00965002 0.134375
0.00964202 0.134884
0.00963422 0.135395
0.00962663 0.135908
0.00961924 0.136423
0.00961204 0.13694
0.00960505 0.137459
0.00959825 0.137981
0.00959164 0.138505
0.00958524 0.139031
0.00957903 0.139559
0.00957301 0.140089
0.00956719 0.140622
0.00956156 0.141157
0.00955612 0.141694
0.00955087 0.142234
0.00954581 0.142776
0.00954095 0.14332
0.00953627 0.143867
0.00953178 0.144416
0.00952748 0.144968
0.00952337 0.145522
0.00951944 0.146078
0.0095157 0.146637
0.00951215 0.147199
0.00950878 0.147763
0.0095056 0.148329
0.0095026 0.148898
0.00949978 0.14947
0.00949715 0.150044
0.0094947 0.150621
0.00949244 0.151201
0.00949035 0.151783
0.00948845 0.152369
0.00948673 0.152956
0.00948519 0.153547
0.00948383 0.15414
0.00948265 0.154737
0.00948166 0.155336
0.00948084 0.155938
0.0094802 0.156542
0.00947974 0.15715
0.00947947 0.157761
0.00947937 0.158374
0.00947945 0.158991
0.00947971 0.159611
0.00948015 0.160233
0.00948076 0.160859
0.00948156 0.161488
0.00948254 0.16212
0.00948369 0.162755
0.00948502 0.163394
0.00948653 0.164035
0.00948822 0.16468
0.00949009 0.165328
0.00949214 0.16598
0.00949436 0.166635
0.00949677 0.167293
0.00949935 0.167955
0.00950211 0.16862
0.00950506 0.169288
0.00950818 0.16996
0.00951148 0.170636
0.00951496 0.171315
0.00951862 0.171998
0.00952246 0.172685
0.00952649 0.173375
0.00953069 0.174069
0.00953508 0.174766
0.00953964 0.175468
0.00954439 0.176173
0.00954932 0.176882
0.00955443 0.177595
0.00955973 0.178312
0.00956521 0.179033
0.00957087 0.179758
0.00957672 0.180487
0.00958276 0.18122
0.00958898 0.181958
0.00959538 0.182699
0.00960197 0.183445
0.00960875 0.184195
0.00961572 0.184949
0.00962287 0.185708
0.00963022 0.186471
0.00963775 0.187238
0.00964548 0.18801
0.0096534 0.188787
0.0096615 0.189568
0.00966981 0.190353
0.0096783 0.191144
0.00968699 0.191939
0.00969587 0.192739
0.00970496 0.193543
0.00971423 0.194353
0.00972371 0.195167
0.00973339 0.195987
0.00974326 0.196811
0.00975334 0.197641
0.00976362 0.198475
0.0097741 0.199315
0.00978478 0.20016
0.00979567 0.201011
0.00980677 0.201866
0.00981808 0.202728
0.00982959 0.203594
0.00984131 0.204466
0.00985325 0.205344
0.0098654 0.206227
0.00987776 0.207116
0.00989034 0.208011
0.00990313 0.208911
0.00991615 0.209818
0.00992938 0.21073
0.00994283 0.211649
0.00995651 0.212573
0.00997041 0.213504
0.00998454 0.214441
0.00999889 0.215384
0.0100135 0.216333
0.0100283 0.217289
0.0100433 0.218251
0.0100586 0.21922
0.0100741 0.220195
0.0100899 0.221178
0.0101059 0.222167
0.0101221 0.223162
0.0101386 0.224165
0.0101553 0.225175
0.0101723 0.226192
0.0101896 0.227215
0.010207 0.228247
0.0102248 0.229285
0.0102428 0.230331
0.010261 0.231384
0.0102795 0.232445
0.0102983 0.233514
0.0103173 0.23459
0.0103367 0.235674
0.0103562 0.236766
0.0103761 0.237866
0.0103962 0.238974
0.0104166 0.24009
0.0104373 0.241215
0.0104583 0.242348
0.0104796 0.243489
0.0105011 0.244639
0.010523 0.245798
0.0105451 0.246965
0.0105676 0.248141
0.0105903 0.249326
0.0106134 0.25052
0.0106368 0.251724
0.0106605 0.252936
0.0106845 0.254158
0.0107088 0.25539
0.0107334 0.256631
0.0107584 0.257882
0.0107837 0.259142
0.0108093 0.260413
0.0108353 0.261694
0.0108616 0.262984
0.0108882 0.264285
0.0109153 0.265597
0.0109426 0.266919
0.0109703 0.268251
0.0109984 0.269595
0.0110269 0.270949
0.0110557 0.272314
0.0110849 0.273691
0.0111145 0.275079
0.0111445 0.276478
0.0111748 0.277889
0.0112056 0.279311
0.0112367 0.280745
0.0112683 0.282191
0.0113003 0.28365
0.0113327 0.28512
0.0113655 0.286603
0.0113987 0.288098
0.0114324 0.289606
0.0114665 0.291127
0.0115011 0.292661
0.0115361 0.294208
0.0115715 0.295768
0.0116075 0.297342
0.0116439 0.298929
0.0116808 0.30053
0.0117181 0.302145
0.011756 0.303774
0.0117943 0.305418
0.0118332 0.307075
0.0118726 0.308747
0.0119124 0.310434
0.0119529 0.312136
0.0119938 0.313853
0.0120353 0.315585
0.0120773 0.317332
0.0121199 0.319095
0.0121631 0.320874
0.0122069 0.322669
0.0122512 0.324479
0.0122961 0.326307
0.0123416 0.32815
0.0123878 0.33001
0.0124345 0.331888
0.0124819 0.333782
0.0125299 0.335693
0.0125786 0.337622
0.0126279 0.339568
0.012678 0.341532
0.0127286 0.343515
0.01278 0.345515
0.0128321 0.347534
0.0128849 0.349571
0.0129385 0.351627
0.0129927 0.353702
0.0130477 0.355796
0.0131035 0.357909
0.0131601 0.360042
0.0132174 0.362195
0.0132756 0.364368
0.0133346 0.366561
0.0133943 0.368774
0.013455 0.371007
0.0135165 0.373262
0.0135789 0.375537
0.0136421 0.377834
0.0137063 0.380151
0.0137713 0.382491
0.0138373 0.384852
0.0139043 0.387235
0.0139722 0.38964
0.0140411 0.392067
0.014111 0.394517
0.014182 0.396989
0.0142539 0.399484
0.0143269 0.402003
0.014401 0.404544
0.0144762 0.407109
0.0145525 0.409697
0.0146299 0.41231
0.0147085 0.414946
0.0147883 0.417606
0.0148692 0.42029
0.0149514 0.422998
0.0150347 0.425732
0.0151194 0.428489
0.0152053 0.431272
0.0152926 0.434079
0.0153812 0.436912
0.0154711 0.439769
0.0155624 0.442652
0.0156551 0.445561
0.0157493 0.448494
0.0158449 0.451454
0.015942 0.454439
0.0160406 0.45745
0.0161408 0.460486
0.0162425 0.463548
0.0163458 0.466637
0.0164507 0.469751
0.0165574 0.472891
0.0166657 0.476057
0.0167757 0.479248
0.0168875 0.482466
0.0170011 0.48571
0.0171164 0.488979
0.0172337 0.492275
0.0173528 0.495596
0.0174739 0.498942
0.017597 0.502314
0.017722 0.505712
0.0178491 0.509135
0.0179782 0.512583
0.0181095 0.516055
0.018243 0.519553
0.0183786 0.523075
0.0185165 0.526621
0.0186566 0.530192
0.0187991 0.533786
0.0189439 0.537404
0.0190912 0.541045
0.0192409 0.544708
0.0193931 0.548394
0.0195479 0.552103
0.0197053 0.555833
0.0198653 0.559584
0.020028 0.563356
0.0201935 0.567149
0.0203617 0.570961
0.0205328 0.574793
0.0207069 0.578644
0.0208838 0.582512
0.0210638 0.586399
0.0212468 0.590302
0.021433 0.594222
0.0216223 0.598158
0.0218149 0.602108
0.0220107 0.606073
0.0222099 0.610051
0.0224125 0.614042
0.0226186 0.618045
0.0228282 0.62206
0.0230414 0.626084
0.0232582 0.630118
0.0234788 0.634161
0.0237032 0.638211
0.0239313 0.642268
0.0241635 0.646331
0.0243995 0.650399
0.0246397 0.65447
0.0248839 0.658545
0.0251323 0.662621
0.025385 0.666698
0.0256419 0.670774
0.0259033 0.674849
0.0261691 0.678922
0.0264395 0.682992
0.0267144 0.687056
0.026994 0.691115
0.0272784 0.695168
0.0275676 0.699212
0.0278617 0.703247
0.0281607 0.707272
0.0284647 0.711286
0.0287739 0.715287
0.0290883 0.719274
0.0294079 0.723247
0.0297329 0.727204
0.0300632 0.731145
0.0303991 0.735067
0.0307405 0.73897
0.0310875 0.742853
0.0314403 0.746714
0.0317988 0.750554
0.0321632 0.75437
0.0325336 0.758162
0.03291 0.761928
0.0332924 0.765669
0.0336811 0.769382
0.0340759 0.773067
0.0344771 0.776722
0.0348847 0.780348
0.0352988 0.783944
0.0357194 0.787507
0.0361466 0.791039
0.0365805 0.794537
0.0370212 0.798001
0.0374687 0.801431
0.0379232 0.804826
0.0383846 0.808185
0.0388531 0.811507
0.0393288 0.814793
0.0398116 0.818041
0.0403017 0.821252
0.0407992 0.824424
0.0413041 0.827557
0.0418165 0.830651
0.0423365 0.833705
0.0428641 0.83672
0.0433993 0.839694
0.0439424 0.842629
0.0444933 0.845522
0.0450521 0.848375
0.0456189 0.851188
0.0461937 0.853959
0.0467766 0.856689
0.0473676 0.859378
0.0479669 0.862026
0.0485745 0.864633
0.0491905 0.867199
0.0498149 0.869725
0.0504477 0.872209
0.0510891 0.874653
0.0517392 0.877056
0.0523978 0.879419
0.0530653 0.881742
0.0537414 0.884024
0.0544265 0.886268
0.0551204 0.888471
0.0558233 0.890636
0.0565352 0.892762
0.0572562 0.89485
0.0579864 0.896899
0.0587257 0.898911
0.0594742 0.900885
0.0602321 0.902822
0.0609993 0.904723
0.0617759 0.906588
0.062562 0.908417
0.0633575 0.91021
0.0641627 0.911969
0.0649774 0.913693
0.0658019 0.915383
0.066636 0.91704
0.0674799 0.918664
0.0683337 0.920255
0.0691973 0.921814
0.0700708 0.923342
0.0709543 0.924839
0.0718478 0.926304
0.0727514 0.92774
0.0736651 0.929146
0.074589 0.930523
0.0755231 0.931872
0.0764675 0.933192
0.0774222 0.934484
0.0783873 0.93575
0.0793627 0.936988
0.0803487 0.938201
0.0813451 0.939388
0.0823521 0.940549
0.0833697 0.941686
0.084398 0.942798
0.0854369 0.943887
0.0864867 0.944952
0.0875472 0.945994
0.0886185 0.947014
0.0897008 0.948011
0.090794 0.948987
0.0918982 0.949942
0.0930134 0.950877
0.0941397 0.951791
0.0952771 0.952685
0.0964258 0.953559
0.0975856 0.954415
0.0987568 0.955252
0.0999393 0.95607
0.101133 0.956871
0.102338 0.957654
0.103555 0.958421
0.104784 0.95917
0.106023 0.959903
0.107275 0.96062
0.108538 0.961321
0.109813 0.962007
0.1111 0.962678
0.112398 0.963334
0.113709 0.963976
0.115031 0.964604
0.116366 0.965219
0.117712 0.965819
0.119071 0.966407
0.120442 0.966982
0.121825 0.967544
0.12322 0.968094
0.124627 0.968632
0.126047 0.969159
0.12748 0.969674
0.128925 0.970178
0.130382 0.970671
0.131852 0.971153
0.133335 0.971624
0.13483 0.972086
0.136338 0.972538
0.13786 0.972979
0.139394 0.973412
0.14094 0.973835
0.1425 0.974249
0.144074 0.974654
0.14566 0.97505
0.147259 0.975438
0.148872 0.975818
0.150498 0.976189
0.152138 0.976553
0.153791 0.976909
0.155457 0.977257
0.157137 0.977598
0.158831 0.977931
0.160538 0.978258
0.16226 0.978578
0.163995 0.978891
0.165744 0.979197
0.167507 0.979497
0.169285 0.979791
0.171076 0.980078
0.172881 0.98036
0.174701 0.980635
0.176536 0.980905
0.178384 0.981169
0.180248 0.981428
0.182125 0.981681
0.184018 0.981929
0.185925 0.982172
0.187847 0.98241
0.189784 0.982643
0.191735 0.982871
0.193702 0.983095
0.195684 0.983313
0.197681 0.983528
0.199693 0.983738
0.201721 0.983943
0.203764 0.984145
0.205822 0.984342
0.207896 0.984536
0.209986 0.984725
0.212091 0.984911
0.214212 0.985092
0.216349 0.98527
0.218502 0.985445
0.220671 0.985616
0.222856 0.985783
0.225057 0.985947
0.227274 0.986108
0.229507 0.986265
0.231757 0.98642
0.234024 0.986571
0.236306 0.986719
0.238606 0.986864
0.240922 0.987007
0.243255 0.987146
0.245605 0.987282
0.247971 0.987416
0.250355 0.987547
0.252755 0.987676
0.255173 0.987802
0.257607 0.987925
0.260059 0.988046
0.262528 0.988165
0.265015 0.988281
0.267519 0.988394
0.27004 0.988506
0.272579 0.988615
0.275136 0.988722
0.27771 0.988827
0.280302 0.988929
0.282911 0.98903
0.285539 0.989129
0.288184 0.989225
0.290847 0.98932
0.293528 0.989412
0.296227 0.989503
0.298944 0.989592
0.301679 0.989679
0.304432 0.989764
0.307203 0.989848
0.309993 0.98993
0.3128 0.99001
0.315626 0.990088
0.31847 0.990165
0.321332 0.99024
0.324213 0.990314
0.327111 0.990386
0.330028 0.990456
0.332964 0.990526
0.335917 0.990593
0.338889 0.990659
0.341879 0.990724
0.344887 0.990787
0.347913 0.990849
0.350958 0.99091
0.35402 0.990969
0.357101 0.991027
0.3602 0.991083
0.363317 0.991138
0.366452 0.991193
0.369604 0.991245
0.372775 0.991297
0.375963 0.991347
0.379169 0.991397
0.382393 0.991445
0.385634 0.991491
0.388893 0.991537
0.392169 0.991582
0.395462 0.991625
0.398772 0.991668
0.402099 0.991709
0.405443 0.99175
0.408804 0.991789
0.412181 0.991827
0.415575 0.991864
0.418985 0.991901
0.422411 0.991936
0.425853 0.99197
0.42931 0.992003
0.432784 0.992036
0.436272 0.992067
0.439775 0.992098
0.443294 0.992127
0.446827 0.992156
0.450374 0.992184
0.453935 0.992211
0.457511 0.992237
0.461099 0.992262
0.464702 0.992286
0.468317 0.992309
0.471945 0.992332
0.475585 0.992354
0.479237 0.992374
0.482902 0.992395
0.486577 0.992414
0.490264 0.992432
0.493961 0.99245
0.497669 0.992467
0.501386 0.992483
0.505114 0.992498
0.50885 0.992513
0.512595 0.992527
0.516349 0.99254
0.52011 0.992552
0.523879 0.992563
0.527655 0.992574
0.531437 0.992584
0.535226 0.992593
0.53902 0.992602
0.542819 0.99261
0.546623 0.992617
0.550431 0.992624
0.554243 0.992629
0.558058 0.992634
0.561876 0.992639
0.565695 0.992642
0.569517 0.992645
0.573339 0.992648
0.577161 0.992649
0.580984 0.99265
0.584806 0.99265
0.588626 0.99265
0.592445 0.992649
0.596262 0.992647
0.600075 0.992645
0.603885 0.992642
0.607691 0.992638
0.611492 0.992634
0.615287 0.992629
0.619077 0.992623
0.62286 0.992617
0.626636 0.99261
0.630404 0.992602
0.634164 0.992594
0.637915 0.992585
0.641657 0.992576
0.645388 0.992565
0.649109 0.992555
0.652818 0.992543
0.656516 0.992531
0.660201 0.992519
0.663872 0.992506
0.667531 0.992492
0.671175 0.992478
0.674804 0.992462
0.678418 0.992447
0.682016 0.992431
0.685597 0.992414
0.689161 0.992396
0.692708 0.992378
0.696237 0.99236
0.699748 0.99234
0.703239 0.992321
0.70671 0.9923
0.710162 0.992279
0.713593 0.992258
0.717003 0.992236
0.720391 0.992213
0.723758 0.992189
0.727102 0.992166
0.730424 0.992141
0.733722 0.992116
0.736997 0.99209
0.740247 0.992064
0.743474 0.992037
0.746676 0.99201
0.749852 0.991982
0.753004 0.991954
0.75613 0.991925
0.75923 0.991895
0.762303 0.991865
0.76535 0.991834
0.768371 0.991803
0.771364 0.991771
0.77433 0.991739
0.777269 0.991706
0.78018 0.991672
0.783063 0.991638
0.785919 0.991603
0.788746 0.991568
0.791544 0.991533
0.794315 0.991497
0.797057 0.99146
0.79977 0.991423
0.802455 0.991385
0.80511 0.991346
0.807737 0.991308
0.810335 0.991268
0.812904 0.991228
0.815445 0.991188
0.817956 0.991147
0.820438 0.991105
0.822892 0.991063
0.825316 0.991021
0.827712 0.990978
0.830079 0.990934
0.832417 0.99089
0.834727 0.990846
0.837008 0.990801
0.83926 0.990755
0.841484 0.990709
0.84368 0.990663
0.845848 0.990616
0.847988 0.990568
0.8501 0.99052
0.852184 0.990472
0.85424 0.990423
0.85627 0.990374
0.858272 0.990324
0.860247 0.990273
0.862195 0.990222
0.864116 0.990171
0.866012 0.990119
0.86788 0.990067
0.869723 0.990014
0.87154 0.989961
0.873331 0.989908
0.875097 0.989853
0.876838 0.989799
0.878554 0.989744
0.880245 0.989688
0.881912 0.989633
0.883554 0.989576
0.885173 0.98952
0.886768 0.989462
0.888339 0.989405
0.889887 0.989347
0.891413 0.989288
0.892915 0.989229
0.894395 0.98917
0.895853 0.98911
0.897289 0.98905
0.898703 0.988989
0.900096 0.988928
0.901467 0.988867
0.902818 0.988805
0.904148 0.988743
0.905458 0.98868
0.906748 0.988617
0.908018 0.988554
0.909268 0.98849
0.910499 0.988426
0.911711 0.988361
0.912904 0.988296
0.914078 0.988231
0.915235 0.988165
0.916373 0.988099
0.917493 0.988032
0.918596 0.987965
0.919682 0.987898
0.92075 0.98783
0.921802 0.987762
0.922837 0.987694
0.923856 0.987625
0.924859 0.987556
0.925846 0.987487
0.926818 0.987417
0.927774 0.987347
0.928715 0.987276
0.929641 0.987205
0.930552 0.987134
0.931449 0.987063
0.932332 0.986991
0.933201 0.986919
0.934056 0.986846
0.934898 0.986773
0.935726 0.9867
0.936541 0.986627
0.937343 0.986553
0.938132 0.986479
0.938909 0.986404
0.939674 0.98633
0.940427 0.986255
0.941167 0.986179
0.941896 0.986104
0.942613 0.986028
0.943319 0.985951
0.944014 0.985875
0.944698 0.985798
0.945371 0.985721
0.946033 0.985643
0.946685 0.985565
0.947327 0.985487
0.947959 0.985409
0.94858 0.985331
0.949192 0.985252
0.949795 0.985173
0.950387 0.985093
0.950971 0.985014
0.951545 0.984934
0.952111 0.984853
0.952668 0.984773
0.953215 0.984692
0.953755 0.984611
0.954286 0.98453
0.954809 0.984448
0.955323 0.984367
0.95583 0.984285
0.956329 0.984203
0.95682 0.98412
0.957303 0.984037
0.95778 0.983954
0.958248 0.983871
0.95871 0.983788
0.959164 0.983704
0.959612 0.98362
0.960053 0.983536
0.960487 0.983452
0.960914 0.983367
0.961335 0.983282
0.961749 0.983198
0.962157 0.983112
0.962559 0.983027
0.962955 0.982941
0.963345 0.982855
0.963729 0.982769
0.964108 0.982683
0.96448 0.982597
0.964847 0.98251
0.965209 0.982423
0.965565 0.982336
0.965916 0.982249
0.966262 0.982162
0.966602 0.982074
0.966938 0.981986
0.967268 0.981898
0.967594 0.98181
0.967915 0.981722
0.968231 0.981633
0.968543 0.981545
0.96885 0.981456
0.969152 0.981367
0.96945 0.981278
0.969744 0.981188
0.970034 0.981099
0.970319 0.981009
0.9706 0.980919
0.970877 0.980829
0.971151 0.980739
0.97142 0.980649
0.971685 0.980558
0.971947 0.980468
0.972205 0.980377
0.972459 0.980286
0.97271 0.980195
0.972957 0.980104
0.973201 0.980012
0.973441 0.979921
0.973678 0.979829
0.973911 0.979738
0.974142 0.979646
0.974369 0.979554
0.974593 0.979461
0.974813 0.979369
0.975031 0.979277
0.975246 0.979184
0.975458 0.979092
0.975666 0.978999
0.975872 0.978906
0.976076 0.978813
0.976276 0.97872
0.976474 0.978627
0.976669 0.978533
0.976861 0.97844
0.977051 0.978346
0.977238 0.978253
0.977423 0.978159
0.977605 0.978065
0.977785 0.977971
0.977962 0.977877
0.978137 0.977783
0.97831 0.977689
0.97848 0.977594
0.978648 0.9775
0.978814 0.977405
0.978978 0.977311
0.979139 0.977216
0.979299 0.977121
0.979456 0.977027
0.979611 0.976932
0.979765 0.976837
0.979916 0.976741
0.980065 0.976646
0.980213 0.976551
0.980358 0.976456
0.980502 0.97636
0.980644 0.976265
0.980784 0.976169
0.980922 0.976074
0.981058 0.975978
0.981193 0.975882
0.981326 0.975786
0.981457 0.975691
0.981587 0.975595
0.981715 0.975499
0.981842 0.975403
0.981967 0.975306
0.98209 0.97521
0.982212 0.975114
0.982332 0.975018
0.982451 0.974921
0.982568 0.974825
0.982684 0.974729
0.982798 0.974632
0.982911 0.974536
0.983023 0.974439
0.983133 0.974343
0.983242 0.974246
0.98335 0.974149
0.983456 0.974053
0.983561 0.973956
0.983665 0.973859
0.983767 0.973762
0.983869 0.973665
0.983969 0.973568
0.984068 0.973472
0.984165 0.973375
0.984262 0.973278
0.984357 0.973181
0.984451 0.973084
0.984544 0.972987
0.984637 0.972889
0.984727 0.972792
0.984817 0.972695
0.984906 0.972598
0.984994 0.972501
0.985081 0.972404
0.985167 0.972307
0.985251 0.972209
0.985335 0.972112
0.985418 0.972015
0.9855 0.971918
0.985581 0.97182
0.985661 0.971723
0.98574 0.971626
0.985818 0.971529
0.985895 0.971431
0.985972 0.971334
0.986047 0.971237
0.986122 0.971139
0.986196 0.971042
0.986269 0.970945
0.986341 0.970848
0.986412 0.97075
0.986483 0.970653
0.986553 0.970556
0.986622 0.970458
0.98669 0.970361
0.986758 0.970264
0.986824 0.970167
0.98689 0.970069
0.986956 0.969972
0.98702 0.969875
0.987084 0.969778
0.987147 0.96968
0.98721 0.969583
0.987272 0.969486
0.987333 0.969389
0.987393 0.969292
0.987453 0.969194
0.987512 0.969097
0.987571 0.969
0.987629 0.968903
0.987686 0.968806
0.987743 0.968709
0.987799 0.968612
0.987854 0.968515
0.987909 0.968418
0.987963 0.968321
0.988017 0.968224
0.98807 0.968127
0.988123 0.96803
0.988175 0.967933
0.988226 0.967836
0.988277 0.96774
0.988327 0.967643
0.988377 0.967546
0.988427 0.967449
0.988475 0.967353
0.988524 0.967256
0.988572 0.967159
0.988619 0.967063
0.988666 0.966966
0.988712 0.96687
0.988758 0.966773
0.988803 0.966677
0.988848 0.96658
0.988893 0.966484
0.988937 0.966388
0.98898 0.966291
0.989023 0.966195
0.989066 0.966099
0.989108 0.966003
0.98915 0.965907
0.989192 0.96581
0.989233 0.965714
0.989273 0.965618
0.989313 0.965522
0.989353 0.965426
0.989392 0.965331
0.989431 0.965235
0.98947 0.965139
0.989508 0.965043
0.989546 0.964948
0.989583 0.964852
0.98962 0.964756
0.989657 0.964661
0.989693 0.964565
0.989729 0.96447
0.989765 0.964375
0.9898 0.964279
0.989835 0.964184
0.98987 0.964089
0.989904 0.963994
0.989938 0.963898
0.989971 0.963803
0.990005 0.963708
0.990037 0.963613
0.99007 0.963519
0.990102 0.963424
0.990134 0.963329
0.990166 0.963234
0.990197 0.96314
0.990228 0.963045
0.990259 0.96295
0.990289 0.962856
0.99032 0.962762
0.990349 0.962667
0.990379 0.962573
0.990408 0.962479
0.990437 0.962384
0.990466 0.96229
0.990495 0.962196
0.990523 0.962102
0.990551 0.962008
0.990578 0.961914
0.990606 0.961821
0.990633 0.961727
0.99066 0.961633
0.990686 0.96154
0.990713 0.961446
0.990739 0.961353
0.990765 0.961259
0.99079 0.961166
0.990816 0.961073
0.990841 0.960979
0.990866 0.960886
0.99089 0.960793
0.990915 0.9607
0.990939 0.960607
0.990963 0.960514
0.990987 0.960422
0.99101 0.960329
0.991034 0.960236
0.991057 0.960144
0.99108 0.960051
0.991102 0.959959
0.991125 0.959866
0.991147 0.959774
0.991169 0.959682
0.991191 0.95959
0.991213 0.959498
0.991234 0.959406
0.991255 0.959314
0.991276 0.959222
0.991297 0.95913
0.991318 0.959039
0.991338 0.958947
0.991359 0.958855
0.991379 0.958764
0.991399 0.958672
0.991418 0.958581
0.991438 0.95849
0.991457 0.958399
0.991477 0.958308
0.991496 0.958217
0.991514 0.958126
0.991533 0.958035
0.991552 0.957944
0.99157 0.957853
0.991588 0.957763
0.991606 0.957672
0.991624 0.957582
0.991642 0.957491
0.991659 0.957401
0.991677 0.957311
0.991694 0.957221
0.991711 0.957131
0.991728 0.957041
0.991744 0.956951
0.991761 0.956861
0.991777 0.956771
0.991794 0.956681
0.99181 0.956592
0.991826 0.956502
0.991842 0.956413
0.991858 0.956324
0.991873 0.956234
0.991889 0.956145
0.991904 0.956056
0.991919 0.955967
0.991934 0.955878
0.991949 0.955789
0.991964 0.955701
0.991978 0.955612
0.991993 0.955523
0.992007 0.955435
0.992021 0.955346
0.992035 0.955258
0.992049 0.95517
0.992063 0.955081
0.992077 0.954993
0.992091 0.954905
0.992104 0.954817
0.992117 0.95473
0.992131 0.954642
0.992144 0.954554
0.992157 0.954467
0.99217 0.954379
0.992182 0.954292
0.992195 0.954204
0.992208 0.954117
0.99222 0.95403
0.992232 0.953943
0.992245 0.953856
0.992257 0.953769
0.992269 0.953682
0.992281 0.953595
0.992292 0.953509
0.992304 0.953422
0.992316 0.953336
0.992327 0.953249
0.992338 0.953163
0.99235 0.953077
0.992361 0.95299
0.992372 0.952904
0.992383 0.952818
0.992394 0.952733
0.992405 0.952647
0.992415 0.952561
0.992426 0.952475
0.992436 0.95239
0.992447 0.952304
0.992457 0.952219
0.992467 0.952134
0.992477 0.952049
0.992487 0.951964
0.992497 0.951879
0.992507 0.951794
0.992517 0.951709
0.992526 0.951624
0.992536 0.951539
0.992545 0.951455
0.992555 0.95137
0.992564 0.951286
0.992573 0.951202
0.992583 0.951117
0.992592 0.951033
0.992601 0.950949
0.99261 0.950865
0.992618 0.950781
0.992627 0.950698
0.992636 0.950614
0.992644 0.95053
0.992653 0.950447
0.992661 0.950363
0.99267 0.95028
0.992678 0.950197
0.992686 0.950114
0.992694 0.95003
0.992702 0.949947
0.99271 0.949865
0.992718 0.949782
0.992726 0.949699
0.992734 0.949616
0.992742 0.949534
0.992749 0.949451
0.992757 0.949369
0.992764 0.949287
0.992772 0.949204
0.992779 0.949122
0.992786 0.94904
0.992793 0.948958
0.992801 0.948876
0.992808 0.948795
0.992815 0.948713
0.992822 0.948631
0.992829 0.94855
0.992835 0.948469
0.992842 0.948387
0.992849 0.948306
0.992855 0.948225
0.992862 0.948144
0.992868 0.948063
0.992875 0.947982
0.992881 0.947901
0.992888 0.94782
0.992894 0.94774
0.9929 0.947659
0.992906 0.947579
0.992912 0.947498
0.992918 0.947418
0.992924 0.947338
0.99293 0.947258
0.992936 0.947178
0.992942 0.947098
0.992948 0.947018
0.992953 0.946938
0.992959 0.946859
0.992965 0.946779
0.99297 0.9467
0.992976 0.94662
0.992981 0.946541
0.992987 0.946462
0.992992 0.946382
0.992997 0.946303
0.993002 0.946224
0.993008 0.946146
0.993013 0.946067
0.993018 0.945988
0.993023 0.945909
0.993028 0.945831
0.993033 0.945752
0.993038 0.945674
0.993042 0.945596
0.993047 0.945518
0.993052 0.94544
0.993057 0.945361
0.993061 0.945284
0.993066 0.945206
0.99307 0.945128
0.993075 0.94505
0.993079 0.944973
0.993084 0.944895
0.993088 0.944818
0.993092 0.94474
0.993097 0.944663
0.993101 0.944586
0.993105 0.944509
0.993109 0.944432
0.993113 0.944355
0.993117 0.944278
0.993121 0.944202
0.993125 0.944125
0.993129 0.944048
0.993133 0.943972
0.993137 0.943895
0.993141 0.943819
0.993145 0.943743
0.993148 0.943667
0.993152 0.943591
0.993156 0.943515
0.993159 0.943439
0.993163 0.943363
0.993167 0.943287
0.99317 0.943212
0.993174 0.943136
0.993177 0.943061
0.99318 0.942985
0.993184 0.94291
0.993187 0.942835
0.99319 0.94276
0.993194 0.942685
0.993197 0.94261
0.9932 0.942535
0.993203 0.94246
0.993206 0.942385
0.993209 0.942311
0.993212 0.942236
0.993215 0.942162
0.993218 0.942087
0.993221 0.942013
0.993224 0.941939
0.993227 0.941865
0.99323 0.941791
0.993233 0.941717
0.993235 0.941643
0.993238 0.941569
0.993241 0.941495
0.993243 0.941422
0.993246 0.941348
0.993249 0.941275
0.993251 0.941201
0.993254 0.941128
0.993256 0.941055
0.993259 0.940982
0.993261 0.940909
0.993264 0.940836
0.993266 0.940763
0.993268 0.94069
0.993271 0.940617
0.993273 0.940545
0.993275 0.940472
0.993278 0.9404
0.99328 0.940327
0.993282 0.940255
0.993284 0.940183
0.993286 0.94011
0.993288 0.940038
0.993291 0.939966
0.993293 0.939894
0.993295 0.939823
0.993297 0.939751
0.993299 0.939679
0.993301 0.939608
0.993302 0.939536
0.993304 0.939465
0.993306 0.939393
0.993308 0.939322
0.99331 0.939251
0.993312 0.93918
0.993313 0.939109
0.993315 0.939038
0.993317 0.938967
0.993319 0.938896
0.99332 0.938825
0.993322 0.938754
0.993323 0.938684
0.993325 0.938613
0.993327 0.938543
0.993328 0.938473
0.99333 0.938402
0.993331 0.938332
0.993333 0.938262
0.993334 0.938192
0.993336 0.938122
0.993337 0.938052
0.993338 0.937982
0.99334 0.937913
0.993341 0.937843
0.993342 0.937773
0.993344 0.937704
0.993345 0.937635
0.993346 0.937565
0.993347 0.937496
0.993349 0.937427
0.99335 0.937358
0.993351 0.937289
0.993352 0.93722
0.993353 0.937151
0.993354 0.937082
0.993355 0.937013
0.993356 0.936945
0.993357 0.936876
0.993358 0.936807
0.993359 0.936739
0.99336 0.936671
0.993361 0.936602
0.993362 0.936534
0.993363 0.936466
0.993364 0.936398
0.993365 0.93633
0.993366 0.936262
0.993367 0.936194
0.993368 0.936127
0.993368 0.936059
0.993369 0.935991
0.99337 0.935924
0.993371 0.935856
0.993371 0.935789
0.993372 0.935722
0.993373 0.935654
0.993373 0.935587
0.993374 0.93552
0.993375 0.935453
0.993375 0.935386
0.993376 0.935319
0.993377 0.935252
0.993377 0.935186
0.993378 0.935119
0.993378 0.935052
0.993379 0.934986
0.993379 0.934919
0.99338 0.934853
0.99338 0.934787
0.993381 0.934721
0.993381 0.934654
0.993382 0.934588
0.993382 0.934522
0.993382 0.934456
0.993383 0.934391
0.993383 0.934325
0.993383 0.934259
0.993384 0.934193
0.993384 0.934128
0.993384 0.934062
0.993385 0.933997
0.993385 0.933931
0.993385 0.933866
0.993385 0.933801
0.993386 0.933736
0.993386 0.933671
0.993386 0.933606
0.993386 0.933541
0.993386 0.933476
0.993387 0.933411
0.993387 0.933346
0.993387 0.933282
0.993387 0.933217
0.993387 0.933152
0.993387 0.933088
0.993387 0.933023
0.993387 0.932959
0.993387 0.932895
0.993387 0.932831
0.993387 0.932767
0.993387 0.932703
0.993387 0.932639
0.993387 0.932575
0.993387 0.932511
0.993387 0.932447
0.993387 0.932383
0.993387 0.93232
0.993387 0.932256
0.993387 0.932192
0.993387 0.932129
0.993387 0.932066
0.993387 0.932002
0.993386 0.931939
0.993386 0.931876
0.993386 0.931813
0.993386 0.93175
0.993386 0.931687
0.993386 0.931624
0.993385 0.931561
0.993385 0.931498
0.993385 0.931435
0.993385 0.931373
0.993384 0.93131
0.993384 0.931248
0.993384 0.931185
0.993383 0.931123
0.993383 0.93106
0.993383 0.930998
0.993382 0.930936
0.993382 0.930874
0.993382 0.930812
0.993381 0.93075
0.993381 0.930688
0.993381 0.930626
0.99338 0.930564
0.99338 0.930502
0.993379 0.930441
0.993379 0.930379
0.993379 0.930317
0.993378 0.930256
0.993378 0.930194
0.993377 0.930133
0.993377 0.930072
0.993376 0.930011
0.993376 0.929949
0.993375 0.929888
0.993375 0.929827
0.993374 0.929766
0.993374 0.929705
0.993373 0.929644
0.993373 0.929584
0.993372 0.929523
0.993371 0.929462
0.993371 0.929401
0.99337 0.929341
0.99337 0.92928
0.993369 0.92922
0.993368 0.92916
0.993368 0.929099
0.993367 0.929039
0.993367 0.928979
0.993366 0.928919
0.993365 0.928859
0.993365 0.928799
0.993364 0.928739
0.993363 0.928679
0.993363 0.928619
0.993362 0.928559
0.993361 0.928499
0.99336 0.92844
0.99336 0.92838
0.993359 0.928321
0.993358 0.928261
0.993357 0.928202
0.993357 0.928142
0.993356 0.928083
0.993355 0.928024
0.993354 0.927965
0.993354 0.927906
0.993353 0.927846
0.993352 0.927787
0.993351 0.927729
0.99335 0.92767
0.99335 0.927611
0.993349 0.927552
0.993348 0.927493
0.993347 0.927435
0.993346 0.927376
0.993345 0.927318
0.993344 0.927259
0.993344 0.927201
0.993343 0.927142
0.993342 0.927084
0.993341 0.927026
0.99334 0.926968
0.993339 0.926909
0.993338 0.926851
0.993337 0.926793
0.993336 0.926735
0.993335 0.926677
0.993334 0.92662
0.993333 0.926562
0.993333 0.926504
0.993332 0.926446
0.993331 0.926389
0.99333 0.926331
0.993329 0.926274
0.993328 0.926216
0.993327 0.926159
0.993326 0.926101
0.993325 0.926044
0.993324 0.925987
0.993323 0.92593
0.993322 0.925872
0.993321 0.925815
0.993319 0.925758
0.993318 0.925701
0.993317 0.925644
0.993316 0.925588
0.993315 0.925531
0.993314 0.925474
0.993313 0.925417
0.993312 0.925361
0.993311 0.925304
0.99331 0.925248
0.993309 0.925191
0.993308 0.925135
0.993307 0.925078
0.993305 0.925022
0.993304 0.924966
0.993303 0.924909
0.993302 0.924853
0.993301 0.924797
0.9933 0.924741
0.993299 0.924685
0.993297 0.924629
0.993296 0.924573
0.993295 0.924517
0.993294 0.924462
0.993293 0.924406
0.993292 0.92435
0.99329 0.924295
0.993289 0.924239
0.993288 0.924183
0.993287 0.924128
0.993286 0.924072
0.993284 0.924017
0.993283 0.923962
0.993282 0.923906
0.993281 0.923851
0.99328 0.923796
0.993278 0.923741
0.993277 0.923686
0.993276 0.923631
0.993275 0.923576
0.993273 0.923521
0.993272 0.923466
0.993271 0.923411
0.99327 0.923356
0.993268 0.923302
0.993267 0.923247
0.993266 0.923192
0.993265 0.923138
0.993263 0.923083
0.993262 0.923029
0.993261 0.922974
0.993259 0.92292
0.993258 0.922866
0.993257 0.922811
0.993256 0.922757
0.993254 0.922703
0.993253 0.922649
0.993252 0.922595
0.99325 0.922541
0.993249 0.922487
0.993248 0.922433
0.993246 0.922379
0.993245 0.922325
0.993244 0.922271
0.993242 0.922217
0.993241 0.922164
0.99324 0.92211
0.993238 0.922056
0.993237 0.922003
0.993235 0.921949
0.993234 0.921896
0.993233 0.921842
0.993231 0.921789
0.99323 0.921736
0.993229 0.921682
0.993227 0.921629
0.993226 0.921576
0.993224 0.921523
0.993223 0.92147
0.993222 0.921417
0.99322 0.921364
0.993219 0.921311
0.993217 0.921258
0.993216 0.921205
0.993215 0.921152
0.993213 0.921099
0.993212 0.921047
0.99321 0.920994
0.993209 0.920941
0.993207 0.920889
0.993206 0.920836
0.993205 0.920784
0.993203 0.920731
0.993202 0.920679
0.9932 0.920626
0.993199 0.920574
0.993197 0.920522
0.993196 0.920469
0.993194 0.920417
0.993193 0.920365
0.993192 0.920313
0.99319 0.920261
0.993189 0.920209
0.993187 0.920157
0.993186 0.920105
0.993184 0.920053
0.993183 0.920001
0.993181 0.919949
0.99318 0.919898
0.993178 0.919846
0.993177 0.919794
0.993175 0.919743
0.993174 0.919691
0.993172 0.91964
0.993171 0.919588
0.993169 0.919537
0.993168 0.919485
0.993166 0.919434
0.993165 0.919382
0.993163 0.919331
0.993162 0.91928
0.99316 0.919229
0.993159 0.919178
0.993157 0.919126
0.993156 0.919075
0.993154 0.919024
0.993153 0.918973
0.993151 0.918922
0.993149 0.918871
0.993148 0.918821
0.993146 0.91877
0.993145 0.918719
0.993143 0.918668
0.993142 0.918617
0.99314 0.918567
0.993139 0.918516
0.993137 0.918466
0.993136 0.918415
0.993134 0.918365
0.993132 0.918314
0.993131 0.918264
0.993129 0.918213
0.993128 0.918163
0.993126 0.918113
0.993125 0.918062
0.993123 0.918012
0.993121 0.917962
0.99312 0.917912
0.993118 0.917862
0.993117 0.917812
0.993115 0.917762
0.993114 0.917712
0.993112 0.917662
0.99311 0.917612
0.993109 0.917562
0.993107 0.917512
0.993106 0.917462
0.993104 0.917412
0.993102 0.917363
0.993101 0.917313
0.993099 0.917263
0.993098 0.917214
0.993096 0.917164
0.993094 0.917115
0.993093 0.917065
0.993091 0.917016
0.99309 0.916966
0.993088 0.916917
0.993086 0.916868
0.993085 0.916818
0.993083 0.916769
0.993082 0.91672
0.99308 0.916671
0.993078 0.916622
0.993077 0.916572
0.993075 0.916523
0.993073 0.916474
0.993072 0.916425
0.99307 0.916376
0.993069 0.916327
0.993067 0.916279
0.993065 0.91623
0.993064 0.916181
0.993062 0.916132
0.99306 0.916083
0.993059 0.916035
0.993057 0.915986
0.993055 0.915937
0.993054 0.915889
0.993052 0.91584
0.993051 0.915792
0.993049 0.915743
0.993047 0.915695
0.993046 0.915646
0.993044 0.915598
0.993042 0.915549
0.993041 0.915501
0.993039 0.915453
0.993037 0.915405
0.993036 0.915356
0.993034 0.915308
0.993032 0.91526
0.993031 0.915212
0.993029 0.915164
0.993027 0.915116
0.993026 0.915068
0.993024 0.91502
0.993022 0.914972
0.993021 0.914924
0.993019 0.914876
0.993017 0.914828
0.993016 0.914781
0.993014 0.914733
0.993012 0.914685
0.993011 0.914637
0.993009 0.91459
0.993007 0.914542
0.993006 0.914494
0.993004 0.914447
0.993002 0.914399
0.993001 0.914352
0.992999 0.914304
0.992997 0.914257
0.992996 0.91421
0.992994 0.914162
0.992992 0.914115
0.99299 0.914068
0.992989 0.91402
0.992987 0.913973
0.992985 0.913926
0.992984 0.913879
0.992982 0.913831
0.99298 0.913784
0.992979 0.913737
0.992977 0.91369
0.992975 0.913643
0.992974 0.913596
0.992972 0.913549
0.99297 0.913502
0.992968 0.913455
0.992967 0.913409
0.992965 0.913362
0.992963 0.913315
0.992962 0.913268
0.99296 0.913222
0.992958 0.913175
0.992957 0.913128
0.992955 0.913082
0.992953 0.913035
0.992951 0.912988
0.99295 0.912942
0.992948 0.912895
0.992946 0.912849
0.992945 0.912802
0.992943 0.912756
0.992941 0.91271
0.99294 0.912663
0.992938 0.912617
0.992936 0.912571
0.992934 0.912524
0.992933 0.912478
0.992931 0.912432
0.992929 0.912386
0.992928 0.912339
0.992926 0.912293
0.992924 0.912247
0.992922 0.912201
0.992921 0.912155
0.992919 0.912109
0.992917 0.912063
0.992915 0.912017
0.992914 0.911971
0.992912 0.911925
0.99291 0.91188
0.992909 0.911834
0.992907 0.911788
0.992905 0.911742
0.992903 0.911696
0.992902 0.911651
0.9929 0.911605
0.992898 0.911559
0.992897 0.911514
0.992895 0.911468
0.992893 0.911422
0.992891 0.911377
0.99289 0.911331
0.992888 0.911286
0.992886 0.91124
0.992884 0.911195
0.992883 0.91115
0.992881 0.911104
0.992879 0.911059
0.992878 0.911014
0.992876 0.910968
0.992874 0.910923
0.992872 0.910878
0.992871 0.910832
0.992869 0.910787
0.992867 0.910742
0.992865 0.910697
0.992864 0.910652
0.992862 0.910607
0.99286 0.910562
0.992858 0.910517
0.992857 0.910472
0.992855 0.910427
0.992853 0.910382
0.992852 0.910337
0.99285 0.910292
0.992848 0.910247
0.992846 0.910202
0.992845 0.910157
0.992843 0.910113
0.992841 0.910068
0.992839 0.910023
0.992838 0.909978
0.992836 0.909934
0.992834 0.909889
0.992832 0.909844
0.992831 0.9098
0.992829 0.909755
0.992827 0.909711
0.992825 0.909666
0.992824 0.909621
0.992822 0.909577
0.99282 0.909533
0.992818 0.909488
0.992817 0.909444
0.992815 0.909399
0.992813 0.909355
0.992811 0.909311
0.99281 0.909266
0.992808 0.909222
0.992806 0.909178
0.992804 0.909133
0.992803 0.909089
0.992801 0.909045
0.992799 0.909001
0.992798 0.908957
0.992796 0.908913
0.992794 0.908868
0.992792 0.908824
0.992791 0.90878
0.992789 0.908736
0.992787 0.908692
0.992785 0.908648
0.992784 0.908604
0.992782 0.90856
0.99278 0.908516
0.992778 0.908473
0.992777 0.908429
0.992775 0.908385
0.992773 0.908341
0.992771 0.908297
0.99277 0.908254
0.992768 0.90821
0.992766 0.908166
0.992764 0.908122
0.992763 0.908079
0.992761 0.908035
0.992759 0.907991
0.992757 0.907948
0.992756 0.907904
0.992754 0.907861
0.992752 0.907817
0.99275 0.907773
0.992749 0.90773
0.992747 0.907686
0.992745 0.907643
0.992743 0.9076
0.992742 0.907556
0.99274 0.907513
0.992738 0.907469
0.992736 0.907426
0.992735 0.907383
0.992733 0.907339
0.992731 0.907296
0.992729 0.907253
0.992728 0.90721
0.992726 0.907166
0.992724 0.907123
0.992722 0.90708
0.992721 0.907037
0.992719 0.906994
0.992717 0.906951
0.992715 0.906907
0.992714 0.906864
0.992712 0.906821
0.99271 0.906778
0.992708 0.906735
0.992707 0.906692
0.992705 0.906649
0.992703 0.906606
0.992701 0.906563
0.9927 0.90652
0.992698 0.906478
0.992696 0.906435
0.992694 0.906392
0.992692 0.906349
0.992691 0.906306
0.992689 0.906263
0.992687 0.906221
0.992685 0.906178
0.992684 0.906135
0.992682 0.906092
0.99268 0.90605
0.992678 0.906007
0.992677 0.905964
0.992675 0.905922
0.992673 0.905879
0.992671 0.905836
0.99267 0.905794
0.992668 0.905751
0.992666 0.905709
0.992664 0.905666
0.992663 0.905624
0.992661 0.905581
0.992659 0.905539
0.992657 0.905496
0.992656 0.905454
0.992654 0.905411
0.992652 0.905369
0.99265 0.905327
0.992649 0.905284
0.992647 0.905242
0.992645 0.9052
0.992643 0.905157
0.992642 0.905115
0.99264 0.905073
0.992638 0.905031
0.992636 0.904988
0.992635 0.904946
0.992633 0.904904
0.992631 0.904862
0.992629 0.90482
0.992628 0.904777
0.992626 0.904735
0.992624 0.904693
0.992622 0.904651
0.992621 0.904609
0.992619 0.904567
0.992617 0.904525
0.992615 0.904483
0.992614 0.904441
0.992612 0.904399
0.99261 0.904357
0.992608 0.904315
0.992607 0.904273
0.992605 0.904231
0.992603 0.904189
0.992601 0.904147
0.9926 0.904105
0.992598 0.904063
0.992596 0.904022
0.992594 0.90398
0.992593 0.903938
0.992591 0.903896
0.992589 0.903854
0.992587 0.903813
0.992586 0.903771
0.992584 0.903729
0.992582 0.903687
0.99258 0.903646
0.992579 0.903604
0.992577 0.903562
0.992575 0.903521
0.992573 0.903479
0.992572 0.903437
0.99257 0.903396
0.992568 0.903354
0.992566 0.903313
0.992565 0.903271
0.992563 0.90323
0.992561 0.903188
0.992559 0.903147
0.992558 0.903105
0.992556 0.903064
0.992554 0.903022
0.992552 0.902981
0.992551 0.902939
0.992549 0.902898
0.992547 0.902856
0.992545 0.902815
0.992544 0.902774
0.992542 0.902732
0.99254 0.902691
0.992538 0.902649
0.992537 0.902608
0.992535 0.902567
0.992533 0.902526
0.992531 0.902484
0.99253 0.902443
0.992528 0.902402
0.992526 0.90236
0.992524 0.902319
0.992523 0.902278
0.992521 0.902237
0.992519 0.902196
0.992517 0.902154
0.992516 0.902113
0.992514 0.902072
0.992512 0.902031
0.99251 0.90199
0.992509 0.901949
0.992507 0.901908
0.992505 0.901867
0.992503 0.901826
0.992502 0.901784
0.9925 0.901743
0.992498 0.901702
0.992496 0.901661
0.992495 0.90162
0.992493 0.901579
0.992491 0.901538
0.992489 0.901497
0.992488 0.901456
0.992486 0.901416
0.992484 0.901375
0.992482 0.901334
0.992481 0.901293
0.992479 0.901252
0.992477 0.901211
0.992476 0.90117
0.992474 0.901129
0.992472 0.901088
0.99247 0.901048
0.992469 0.901007
0.992467 0.900966
0.992465 0.900925
0.992463 0.900884
0.992462 0.900844
0.99246 0.900803
0.992458 0.900762
0.992456 0.900721
0.992455 0.900681
0.992453 0.90064
0.992451 0.900599
0.992449 0.900559
0.992448 0.900518
0.992446 0.900477
0.992444 0.900436
0.992442 0.900396
0.992441 0.900355
0.992439 0.900315
0.992437 0.900274
0.992435 0.900233
0.992434 0.900193
0.992432 0.900152
0.99243 0.900112
0.992428 0.900071
0.992427 0.90003
0.992425 0.89999
0.992423 0.899949
0.992421 0.899909
0.99242 0.899868
0.992418 0.899828
0.992416 0.899787
0.992415 0.899747
0.992413 0.899706
0.992411 0.899666
0.992409 0.899625
0.992408 0.899585
0.992406 0.899545
0.992404 0.899504
0.992402 0.899464
0.992401 0.899423
0.992399 0.899383
0.992397 0.899343
0.992395 0.899302
0.992394 0.899262
0.992392 0.899221
0.99239 0.899181
0.992388 0.899141
0.992387 0.8991
0.992385 0.89906
0.992383 0.89902
0.992381 0.898979
0.99238 0.898939
0.992378 0.898899
0.992376 0.898859
0.992374 0.898818
0.992373 0.898778
0.992371 0.898738
0.992369 0.898698
0.992368 0.898657
0.992366 0.898617
0.992364 0.898577
0.992362 0.898537
0.992361 0.898496
0.992359 0.898456
0.992357 0.898416
0.992355 0.898376
0.992354 0.898336
0.992352 0.898296
0.99235 0.898255
0.992348 0.898215
0.992347 0.898175
0.992345 0.898135
0.992343 0.898095
0.992341 0.898055
0.99234 0.898015
0.992338 0.897975
0.992336 0.897934
0.992335 0.897894
0.992333 0.897854
0.992331 0.897814
0.992329 0.897774
0.992328 0.897734
0.992326 0.897694
0.992324 0.897654
0.992322 0.897614
0.992321 0.897574
0.992319 0.897534
0.992317 0.897494
0.992315 0.897454
0.992314 0.897414
0.992312 0.897374
0.99231 0.897334
0.992308 0.897294
0.992307 0.897254
0.992305 0.897214
0.992303 0.897174
0.992302 0.897134
0.9923 0.897094
0.992298 0.897054
0.992296 0.897014
0.992295 0.896974
0.992293 0.896934
0.992291 0.896894
0.992289 0.896855
0.992288 0.896815
0.992286 0.896775
0.992284 0.896735
0.992282 0.896695
0.992281 0.896655
0.992279 0.896615
0.992277 0.896575
0.992276 0.896535
0.992274 0.896496
0.992272 0.896456
0.99227 0.896416
0.992269 0.896376
0.992267 0.896336
0.992265 0.896296
0.992263 0.896256
0.992262 0.896217
0.99226 0.896177
0.992258 0.896137
0.992256 0.896097
0.992255 0.896057
0.992253 0.896018
0.992251 0.895978
0.992249 0.895938
0.992248 0.895898
0.992246 0.895858
0.992244 0.895819
0.992243 0.895779
0.992241 0.895739
0.992239 0.895699
0.992237 0.895659
0.992236 0.89562
0.992234 0.89558
0.992232 0.89554
0.99223 0.8955
0.992229 0.895461
0.992227 0.895421
0.992225 0.895381
0.992223 0.895341
0.992222 0.895302
0.99222 0.895262
0.992218 0.895222
0.992217 0.895183
0.992215 0.895143
0.992213 0.895103
0.992211 0.895063
0.99221 0.895024
0.992208 0.894984
0.992206 0.894944
0.992204 0.894905
0.992203 0.894865
0.992201 0.894825
0.992199 0.894786
0.992197 0.894746
0.992196 0.894706
0.992194 0.894666
0.992192 0.894627
0.992191 0.894587
0.992189 0.894547
0.992187 0.894508
0.992185 0.894468
0.992184 0.894428
0.992182 0.894389
0.99218 0.894349
0.992178 0.894309
0.992177 0.89427
0.992175 0.89423
0.992173 0.894191
0.992171 0.894151
0.99217 0.894111
0.992168 0.894072
0.992166 0.894032
0.992165 0.893992
0.992163 0.893953
0.992161 0.893913
0.992159 0.893873
0.992158 0.893834
0.992156 0.893794
0.992154 0.893754
0.992152 0.893715
0.992151 0.893675
0.992149 0.893636
0.992147 0.893596
0.992145 0.893556
0.992144 0.893517
0.992142 0.893477
0.99214 0.893437
0.992138 0.893398
0.992137 0.893358
0.992135 0.893319
0.992133 0.893279
0.992132 0.893239
0.99213 0.8932
0.992128 0.89316
0.992126 0.89312
0.992125 0.893081
0.992123 0.893041
0.992121 0.893002
0.992119 0.892962
0.992118 0.892922
0.992116 0.892883
0.992114 0.892843
0.992112 0.892804
0.992111 0.892764
0.992109 0.892724
0.992107 0.892685
0.992105 0.892645
0.992104 0.892605
0.992102 0.892566
0.9921 0.892526
0.992099 0.892487
0.992097 0.892447
0.992095 0.892407
0.992093 0.892368
0.992092 0.892328
0.99209 0.892288
0.992088 0.892249
0.992086 0.892209
0.992085 0.89217
0.992083 0.89213
0.992081 0.89209
0.992079 0.892051
0.992078 0.892011
0.992076 0.891971
0.992074 0.891932
0.992072 0.891892
0.992071 0.891853
0.992069 0.891813
0.992067 0.891773
0.992066 0.891734
0.992064 0.891694
0.992062 0.891654
0.99206 0.891615
0.992059 0.891575
0.992057 0.891535
0.992055 0.891496
0.992053 0.891456
0.992052 0.891417
0.99205 0.891377
0.992048 0.891337
0.992046 0.891298
0.992045 0.891258
0.992043 0.891218
0.992041 0.891179
0.992039 0.891139
0.992038 0.891099
0.992036 0.89106
0.992034 0.89102
0.992032 0.89098
0.992031 0.890941
0.992029 0.890901
0.992027 0.890861
0.992025 0.890821
0.992024 0.890782
0.992022 0.890742
0.99202 0.890702
0.992018 0.890663
0.992017 0.890623
0.992015 0.890583
0.992013 0.890544
0.992012 0.890504
0.99201 0.890464
0.992008 0.890424
0.992006 0.890385
0.992005 0.890345
0.992003 0.890305
0.992001 0.890266
0.991999 0.890226
0.991998 0.890186
0.991996 0.890146
0.991994 0.890107
0.991992 0.890067
0.991991 0.890027
0.991989 0.889987
0.991987 0.889947
0.991985 0.889908
0.991984 0.889868
0.991982 0.889828
0.99198 0.889788
0.991978 0.889749
0.991977 0.889709
0.991975 0.889669
0.991973 0.889629
0.991971 0.889589
0.99197 0.88955
0.991968 0.88951
0.991966 0.88947
0.991964 0.88943
0.991963 0.88939
0.991961 0.88935
0.991959 0.889311
0.991957 0.889271
0.991956 0.889231
0.991954 0.889191
0.991952 0.889151
0.99195 0.889111
0.991949 0.889072
0.991947 0.889032
0.991945 0.888992
0.991943 0.888952
0.991942 0.888912
0.99194 0.888872
0.991938 0.888832
0.991936 0.888792
0.991935 0.888752
0.991933 0.888712
0.991931 0.888672
0.991929 0.888633
0.991927 0.888593
0.991926 0.888553
0.991924 0.888513
0.991922 0.888473
0.99192 0.888433
0.991919 0.888393
0.991917 0.888353
0.991915 0.888313
0.991913 0.888273
0.991912 0.888233
0.99191 0.888193
0.991908 0.888153
0.991906 0.888113
0.991905 0.888073
0.991903 0.888033
0.991901 0.887993
0.991899 0.887953
0.991898 0.887913
0.991896 0.887873
0.991894 0.887832
0.991892 0.887792
0.991891 0.887752
0.991889 0.887712
0.991887 0.887672
0.991885 0.887632
0.991883 0.887592
0.991882 0.887552
0.99188 0.887512
0.991878 0.887472
0.991876 0.887431
0.991875 0.887391
0.991873 0.887351
0.991871 0.887311
0.991869 0.887271
0.991868 0.88723
0.991866 0.88719
0.991864 0.88715
0.991862 0.88711
0.991861 0.88707
0.991859 0.887029
0.991857 0.886989
0.991855 0.886949
0.991853 0.886909
0.991852 0.886868
0.99185 0.886828
0.991848 0.886788
0.991846 0.886748
0.991845 0.886707
0.991843 0.886667
0.991841 0.886627
0.991839 0.886586
0.991837 0.886546
0.991836 0.886506
0.991834 0.886465
0.991832 0.886425
0.99183 0.886385
0.991829 0.886344
0.991827 0.886304
0.991825 0.886263
0.991823 0.886223
0.991822 0.886183
0.99182 0.886142
0.991818 0.886102
0.991816 0.886061
0.991814 0.886021
0.991813 0.88598
0.991811 0.88594
0.991809 0.885899
0.991807 0.885859
0.991805 0.885818
0.991804 0.885778
0.991802 0.885737
0.9918 0.885697
0.991798 0.885656
0.991797 0.885615
0.991795 0.885575
0.991793 0.885534
0.991791 0.885494
0.991789 0.885453
0.991788 0.885412
0.991786 0.885372
0.991784 0.885331
0.991782 0.885291
0.991781 0.88525
0.991779 0.885209
0.991777 0.885168
0.991775 0.885128
0.991773 0.885087
0.991772 0.885046
0.99177 0.885006
0.991768 0.884965
0.991766 0.884924
0.991764 0.884883
0.991763 0.884842
0.991761 0.884802
0.991759 0.884761
0.991757 0.88472
0.991755 0.884679
0.991754 0.884638
0.991752 0.884597
0.99175 0.884557
0.991748 0.884516
0.991746 0.884475
0.991745 0.884434
0.991743 0.884393
0.991741 0.884352
0.991739 0.884311
0.991737 0.88427
0.991736 0.884229
0.991734 0.884188
0.991732 0.884147
0.99173 0.884106
0.991728 0.884065
0.991727 0.884024
0.991725 0.883983
0.991723 0.883942
0.991721 0.883901
0.991719 0.88386
0.991718 0.883819
0.991716 0.883777
0.991714 0.883736
0.991712 0.883695
0.99171 0.883654
0.991709 0.883613
0.991707 0.883572
0.991705 0.88353
0.991703 0.883489
0.991701 0.883448
0.991699 0.883407
0.991698 0.883365
0.991696 0.883324
0.991694 0.883283
0.991692 0.883241
0.99169 0.8832
0.991689 0.883159
0.991687 0.883117
0.991685 0.883076
0.991683 0.883035
0.991681 0.882993
0.99168 0.882952
0.991678 0.88291
0.991676 0.882869
0.991674 0.882827
0.991672 0.882786
0.99167 0.882745
0.991669 0.882703
0.991667 0.882661
0.991665 0.88262
0.991663 0.882578
0.991661 0.882537
0.991659 0.882495
0.991658 0.882454
0.991656 0.882412
0.991654 0.88237
0.991652 0.882329
0.99165 0.882287
0.991648 0.882245
0.991647 0.882204
0.991645 0.882162
0.991643 0.88212
0.991641 0.882078
0.991639 0.882037
0.991637 0.881995
0.991636 0.881953
0.991634 0.881911
0.991632 0.881869
0.99163 0.881827
0.991628 0.881786
0.991626 0.881744
0.991625 0.881702
0.991623 0.88166
0.991621 0.881618
0.991619 0.881576
0.991617 0.881534
0.991615 0.881492
0.991614 0.88145
0.991612 0.881408
0.99161 0.881366
0.991608 0.881324
0.991606 0.881282
0.991604 0.881239
0.991602 0.881197
0.991601 0.881155
0.991599 0.881113
0.991597 0.881071
0.991595 0.881029
0.991593 0.880986
0.991591 0.880944
0.991589 0.880902
0.991588 0.88086
0.991586 0.880817
0.991584 0.880775
0.991582 0.880733
0.99158 0.88069
0.991578 0.880648
0.991576 0.880605
0.991575 0.880563
0.991573 0.880521
0.991571 0.880478
0.991569 0.880436
0.991567 0.880393
0.991565 0.880351
0.991563 0.880308
0.991562 0.880266
0.99156 0.880223
0.991558 0.88018
0.991556 0.880138
0.991554 0.880095
0.991552 0.880052
0.99155 0.88001
0.991548 0.879967
0.991547 0.879924
0.991545 0.879882
0.991543 0.879839
0.991541 0.879796
0.991539 0.879753
0.991537 0.87971
0.991535 0.879668
0.991533 0.879625
0.991532 0.879582
0.99153 0.879539
0.991528 0.879496
0.991526 0.879453
0.991524 0.87941
0.991522 0.879367
0.99152 0.879324
0.991518 0.879281
0.991517 0.879238
0.991515 0.879195
0.991513 0.879152
0.991511 0.879109
0.991509 0.879065
0.991507 0.879022
0.991505 0.878979
0.991503 0.878936
0.991501 0.878892
0.991499 0.878849
0.991498 0.878806
0.991496 0.878763
0.991494 0.878719
0.991492 0.878676
0.99149 0.878633
0.991488 0.878589
0.991486 0.878546
0.991484 0.878502
0.991482 0.878459
0.99148 0.878415
0.991479 0.878372
0.991477 0.878328
0.991475 0.878285
0.991473 0.878241
0.991471 0.878197
0.991469 0.878154
0.991467 0.87811
0.991465 0.878066
0.991463 0.878023
0.991461 0.877979
0.991459 0.877935
0.991458 0.877891
0.991456 0.877847
0.991454 0.877804
0.991452 0.87776
0.99145 0.877716
0.991448 0.877672
0.991446 0.877628
0.991444 0.877584
0.991442 0.87754
0.99144 0.877496
0.991438 0.877452
0.991436 0.877408
0.991434 0.877364
0.991432 0.87732
0.991431 0.877275
0.991429 0.877231
0.991427 0.877187
0.991425 0.877143
0.991423 0.877098
0.991421 0.877054
0.991419 0.87701
0.991417 0.876966
0.991415 0.876921
0.991413 0.876877
0.991411 0.876832
0.991409 0.876788
0.991407 0.876743
0.991405 0.876699
0.991403 0.876654
0.991401 0.87661
0.991399 0.876565
0.991398 0.876521
0.991396 0.876476
0.991394 0.876431
0.991392 0.876387
0.99139 0.876342
0.991388 0.876297
0.991386 0.876252
0.991384 0.876207
0.991382 0.876163
0.99138 0.876118
0.991378 0.876073
0.991376 0.876028
0.991374 0.875983
0.991372 0.875938
0.99137 0.875893
0.991368 0.875848
0.991366 0.875803
0.991364 0.875758
0.991362 0.875713
0.99136 0.875667
0.991358 0.875622
0.991356 0.875577
0.991354 0.875532
0.991352 0.875486
0.99135 0.875441
0.991348 0.875396
0.991346 0.87535
0.991344 0.875305
0.991342 0.87526
0.99134 0.875214
0.991338 0.875169
0.991336 0.875123
0.991334 0.875078
0.991332 0.875032
0.99133 0.874986
0.991328 0.874941
0.991326 0.874895
0.991324 0.874849
0.991322 0.874804
0.99132 0.874758
0.991318 0.874712
0.991316 0.874666
0.991314 0.87462
0.991312 0.874574
0.99131 0.874528
0.991308 0.874482
0.991306 0.874436
0.991304 0.87439
0.991302 0.874344
0.9913 0.874298
0.991298 0.874252
0.991296 0.874206
0.991294 0.87416
0.991292 0.874113
0.99129 0.874067
0.991288 0.874021
0.991286 0.873975
0.991284 0.873928
0.991282 0.873882
0.99128 0.873835
0.991278 0.873789
0.991276 0.873742
0.991274 0.873696
0.991272 0.873649
0.99127 0.873603
0.991268 0.873556
0.991266 0.873509
0.991264 0.873463
0.991262 0.873416
0.99126 0.873369
0.991258 0.873322
0.991256 0.873275
0.991254 0.873229
0.991252 0.873182
0.99125 0.873135
0.991248 0.873088
0.991245 0.873041
0.991243 0.872994
0.991241 0.872946
0.991239 0.872899
0.991237 0.872852
0.991235 0.872805
0.991233 0.872758
0.991231 0.87271
0.991229 0.872663
0.991227 0.872616
0.991225 0.872568
0.991223 0.872521
0.991221 0.872473
0.991219 0.872426
0.991217 0.872378
0.991215 0.872331
0.991212 0.872283
0.99121 0.872235
0.991208 0.872188
0.991206 0.87214
0.991204 0.872092
0.991202 0.872044
0.9912 0.871997
0.991198 0.871949
0.991196 0.871901
0.991194 0.871853
0.991192 0.871805
0.99119 0.871757
0.991187 0.871709
0.991185 0.871661
0.991183 0.871612
0.991181 0.871564
0.991179 0.871516
0.991177 0.871468
0.991175 0.871419
0.991173 0.871371
0.991171 0.871323
0.991168 0.871274
0.991166 0.871226
0.991164 0.871177
0.991162 0.871129
0.99116 0.87108
0.991158 0.871031
0.991156 0.870983
0.991154 0.870934
0.991152 0.870885
0.991149 0.870836
0.991147 0.870787
0.991145 0.870739
0.991143 0.87069
0.991141 0.870641
0.991139 0.870592
0.991137 0.870543
0.991134 0.870493
0.991132 0.870444
0.99113 0.870395
0.991128 0.870346
0.991126 0.870297
0.991124 0.870247
0.991122 0.870198
0.991119 0.870149
0.991117 0.870099
0.991115 0.87005
0.991113 0.87
0.991111 0.86995
0.991109 0.869901
0.991107 0.869851
0.991104 0.869801
0.991102 0.869752
0.9911 0.869702
0.991098 0.869652
0.991096 0.869602
0.991094 0.869552
0.991091 0.869502
0.991089 0.869452
0.991087 0.869402
0.991085 0.869352
0.991083 0.869302
0.99108 0.869252
0.991078 0.869201
0.991076 0.869151
0.991074 0.869101
0.991072 0.86905
0.99107 0.869
0.991067 0.868949
0.991065 0.868899
0.991063 0.868848
0.991061 0.868798
0.991059 0.868747
0.991056 0.868696
0.991054 0.868645
0.991052 0.868595
0.99105 0.868544
0.991047 0.868493
0.991045 0.868442
0.991043 0.868391
0.991041 0.86834
0.991039 0.868289
0.991036 0.868237
0.991034 0.868186
0.991032 0.868135
0.99103 0.868084
0.991027 0.868032
0.991025 0.867981
0.991023 0.867929
0.991021 0.867878
0.991019 0.867826
0.991016 0.867775
0.991014 0.867723
0.991012 0.867671
0.99101 0.86762
0.991007 0.867568
0.991005 0.867516
0.991003 0.867464
0.991001 0.867412
0.990998 0.86736
0.990996 0.867308
0.990994 0.867256
0.990991 0.867204
0.990989 0.867151
0.990987 0.867099
0.990985 0.867047
0.990982 0.866994
0.99098 0.866942
0.990978 0.86689
0.990976 0.866837
0.990973 0.866784
0.990971 0.866732
0.990969 0.866679
0.990966 0.866626
0.990964 0.866573
0.990962 0.866521
0.99096 0.866468
0.990957 0.866415
0.990955 0.866362
0.990953 0.866309
0.99095 0.866255
0.990948 0.866202
0.990946 0.866149
0.990943 0.866096
0.990941 0.866042
0.990939 0.865989
0.990936 0.865935
0.990934 0.865882
0.990932 0.865828
0.990929 0.865775
0.990927 0.865721
0.990925 0.865667
0.990922 0.865613
0.99092 0.865559
0.990918 0.865505
0.990915 0.865452
0.990913 0.865397
0.990911 0.865343
0.990908 0.865289
0.990906 0.865235
0.990904 0.865181
0.990901 0.865126
0.990899 0.865072
0.990897 0.865017
0.990894 0.864963
0.990892 0.864908
0.99089 0.864854
0.990887 0.864799
0.990885 0.864744
0.990882 0.864689
0.99088 0.864635
0.990878 0.86458
0.990875 0.864525
0.990873 0.86447
0.99087 0.864414
0.990868 0.864359
0.990866 0.864304
0.990863 0.864249
0.990861 0.864193
0.990859 0.864138
0.990856 0.864082
0.990854 0.864027
0.990851 0.863971
0.990849 0.863916
0.990846 0.86386
0.990844 0.863804
0.990842 0.863748
0.990839 0.863692
0.990837 0.863636
0.990834 0.86358
0.990832 0.863524
0.99083 0.863468
0.990827 0.863411
0.990825 0.863355
0.990822 0.863299
0.99082 0.863242
0.990817 0.863186
0.990815 0.863129
0.990812 0.863073
0.99081 0.863016
0.990807 0.862959
0.990805 0.862902
0.990803 0.862845
0.9908 0.862788
0.990798 0.862731
0.990795 0.862674
0.990793 0.862617
0.99079 0.86256
0.990788 0.862502
0.990785 0.862445
0.990783 0.862387
0.99078 0.86233
0.990778 0.862272
0.990775 0.862215
0.990773 0.862157
0.99077 0.862099
0.990768 0.862041
0.990765 0.861983
0.990763 0.861925
0.99076 0.861867
0.990758 0.861809
0.990755 0.861751
0.990753 0.861692
0.99075 0.861634
0.990748 0.861575
0.990745 0.861517
0.990743 0.861458
0.99074 0.8614
0.990738 0.861341
0.990735 0.861282
0.990732 0.861223
0.99073 0.861164
0.990727 0.861105
0.990725 0.861046
0.990722 0.860987
0.99072 0.860928
0.990717 0.860868
0.990715 0.860809
0.990712 0.860749
0.990709 0.86069
0.990707 0.86063
0.990704 0.860571
0.990702 0.860511
0.990699 0.860451
0.990696 0.860391
0.990694 0.860331
0.990691 0.860271
0.990689 0.860211
0.990686 0.86015
0.990683 0.86009
0.990681 0.86003
0.990678 0.859969
0.990676 0.859909
0.990673 0.859848
0.99067 0.859787
0.990668 0.859726
0.990665 0.859666
0.990663 0.859605
0.99066 0.859544
0.990657 0.859482
0.990655 0.859421
0.990652 0.85936
0.990649 0.859299
0.990647 0.859237
0.990644 0.859176
0.990641 0.859114
0.990639 0.859052
0.990636 0.85899
0.990633 0.858929
0.990631 0.858867
0.990628 0.858805
0.990625 0.858743
0.990623 0.85868
0.99062 0.858618
0.990617 0.858556
0.990615 0.858493
0.990612 0.858431
0.990609 0.858368
0.990606 0.858305
0.990604 0.858243
0.990601 0.85818
0.990598 0.858117
0.990596 0.858054
0.990593 0.857991
0.99059 0.857927
0.990587 0.857864
0.990585 0.857801
0.990582 0.857737
0.990579 0.857674
0.990577 0.85761
0.990574 0.857546
0.990571 0.857482
0.990568 0.857418
0.990565 0.857354
0.990563 0.85729
0.99056 0.857226
0.990557 0.857162
0.990554 0.857097
0.990552 0.857033
0.990549 0.856968
0.990546 0.856904
0.990543 0.856839
0.99054 0.856774
0.990538 0.856709
0.990535 0.856644
0.990532 0.856579
0.990529 0.856514
0.990526 0.856449
0.990524 0.856383
0.990521 0.856318
0.990518 0.856252
0.990515 0.856186
0.990512 0.856121
0.99051 0.856055
0.990507 0.855989
0.990504 0.855923
0.990501 0.855856
0.990498 0.85579
0.990495 0.855724
0.990492 0.855657
0.99049 0.855591
0.990487 0.855524
0.990484 0.855457
0.990481 0.855391
0.990478 0.855324
0.990475 0.855256
0.990472 0.855189
0.990469 0.855122
0.990466 0.855055
0.990464 0.854987
0.990461 0.85492
0.990458 0.854852
0.990455 0.854784
0.990452 0.854716
0.990449 0.854648
0.990446 0.85458
0.990443 0.854512
0.99044 0.854444
0.990437 0.854375
0.990434 0.854307
0.990431 0.854238
0.990428 0.85417
0.990425 0.854101
0.990422 0.854032
0.99042 0.853963
0.990417 0.853894
0.990414 0.853825
0.990411 0.853755
0.990408 0.853686
0.990405 0.853616
0.990402 0.853546
0.990399 0.853477
0.990396 0.853407
0.990393 0.853337
0.99039 0.853267
0.990387 0.853196
0.990384 0.853126
0.990381 0.853056
0.990377 0.852985
0.990374 0.852914
0.990371 0.852844
0.990368 0.852773
0.990365 0.852702
0.990362 0.852631
0.990359 0.852559
0.990356 0.852488
0.990353 0.852417
0.99035 0.852345
0.990347 0.852273
0.990344 0.852201
0.990341 0.85213
0.990338 0.852058
0.990335 0.851985
0.990331 0.851913
0.990328 0.851841
0.990325 0.851768
0.990322 0.851695
0.990319 0.851623
0.990316 0.85155
0.990313 0.851477
0.99031 0.851404
0.990306 0.85133
0.990303 0.851257
0.9903 0.851184
0.990297 0.85111
0.990294 0.851036
0.990291 0.850962
0.990287 0.850888
0.990284 0.850814
0.990281 0.85074
0.990278 0.850666
0.990275 0.850591
0.990272 0.850517
0.990268 0.850442
0.990265 0.850367
0.990262 0.850292
0.990259 0.850217
0.990255 0.850142
0.990252 0.850066
0.990249 0.849991
0.990246 0.849915
0.990242 0.84984
0.990239 0.849764
0.990236 0.849688
0.990233 0.849612
0.990229 0.849535
0.990226 0.849459
0.990223 0.849382
0.99022 0.849306
0.990216 0.849229
0.990213 0.849152
0.99021 0.849075
0.990206 0.848998
0.990203 0.84892
0.9902 0.848843
0.990196 0.848765
0.990193 0.848687
0.99019 0.848609
0.990186 0.848531
0.990183 0.848453
0.99018 0.848375
0.990176 0.848296
0.990173 0.848218
0.99017 0.848139
0.990166 0.84806
0.990163 0.847981
0.990159 0.847902
0.990156 0.847823
0.990153 0.847743
0.990149 0.847664
0.990146 0.847584
0.990142 0.847504
0.990139 0.847424
0.990136 0.847344
0.990132 0.847264
0.990129 0.847183
0.990125 0.847102
0.990122 0.847022
0.990118 0.846941
0.990115 0.84686
0.990111 0.846778
0.990108 0.846697
0.990104 0.846616
0.990101 0.846534
0.990097 0.846452
0.990094 0.84637
0.99009 0.846288
0.990087 0.846206
0.990083 0.846123
0.99008 0.846041
0.990076 0.845958
0.990073 0.845875
0.990069 0.845792
0.990066 0.845709
0.990062 0.845626
0.990058 0.845542
0.990055 0.845458
0.990051 0.845374
0.990048 0.84529
0.990044 0.845206
0.99004 0.845122
0.990037 0.845038
0.990033 0.844953
0.99003 0.844868
0.990026 0.844783
0.990022 0.844698
0.990019 0.844613
0.990015 0.844527
0.990011 0.844442
0.990008 0.844356
0.990004 0.84427
0.99 0.844184
0.989997 0.844097
0.989993 0.844011
0.989989 0.843924
0.989986 0.843837
0.989982 0.84375
0.989978 0.843663
0.989974 0.843576
0.989971 0.843488
0.989967 0.843401
0.989963 0.843313
0.989959 0.843225
0.989956 0.843137
0.989952 0.843048
0.989948 0.84296
0.989944 0.842871
0.98994 0.842782
0.989937 0.842693
0.989933 0.842604
0.989929 0.842514
0.989925 0.842425
0.989921 0.842335
0.989918 0.842245
0.989914 0.842155
0.98991 0.842064
0.989906 0.841974
0.989902 0.841883
0.989898 0.841792
0.989894 0.841701
0.98989 0.84161
0.989887 0.841518
0.989883 0.841426
0.989879 0.841334
0.989875 0.841242
0.989871 0.84115
0.989867 0.841058
0.989863 0.840965
0.989859 0.840872
0.989855 0.840779
0.989851 0.840686
0.989847 0.840593
0.989843 0.840499
0.989839 0.840405
0.989835 0.840311
0.989831 0.840217
0.989827 0.840123
0.989823 0.840028
0.989819 0.839933
0.989815 0.839838
0.989811 0.839743
0.989807 0.839647
0.989803 0.839552
0.989799 0.839456
0.989794 0.83936
0.98979 0.839264
0.989786 0.839167
0.989782 0.839071
0.989778 0.838974
0.989774 0.838877
0.98977 0.838779
0.989766 0.838682
0.989761 0.838584
0.989757 0.838486
0.989753 0.838388
0.989749 0.83829
0.989745 0.838191
0.98974 0.838092
0.989736 0.837993
0.989732 0.837894
0.989728 0.837794
0.989723 0.837695
0.989719 0.837595
0.989715 0.837495
0.989711 0.837394
0.989706 0.837294
0.989702 0.837193
0.989698 0.837092
0.989693 0.836991
0.989689 0.836889
0.989685 0.836787
0.98968 0.836685
0.989676 0.836583
0.989672 0.836481
0.989667 0.836378
0.989663 0.836275
0.989659 0.836172
0.989654 0.836069
0.98965 0.835965
0.989645 0.835861
0.989641 0.835757
0.989636 0.835653
0.989632 0.835549
0.989628 0.835444
0.989623 0.835339
0.989619 0.835233
0.989614 0.835128
0.98961 0.835022
0.989605 0.834916
0.989601 0.83481
0.989596 0.834703
0.989592 0.834597
0.989587 0.83449
0.989582 0.834382
0.989578 0.834275
0.989573 0.834167
0.989569 0.834059
0.989564 0.833951
0.989559 0.833842
0.989555 0.833733
0.98955 0.833624
0.989545 0.833515
0.989541 0.833405
0.989536 0.833295
0.989531 0.833185
0.989527 0.833075
0.989522 0.832964
0.989517 0.832853
0.989513 0.832742
0.989508 0.832631
0.989503 0.832519
0.989498 0.832407
0.989494 0.832294
0.989489 0.832182
0.989484 0.832069
0.989479 0.831956
0.989474 0.831843
0.98947 0.831729
0.989465 0.831615
0.98946 0.831501
0.989455 0.831386
0.98945 0.831271
0.989445 0.831156
0.98944 0.831041
0.989435 0.830925
0.98943 0.830809
0.989425 0.830693
0.989421 0.830576
0.989416 0.830459
0.989411 0.830342
0.989406 0.830225
0.989401 0.830107
0.989396 0.829989
0.989391 0.829871
0.989386 0.829752
0.98938 0.829633
0.989375 0.829514
0.98937 0.829394
0.989365 0.829274
0.98936 0.829154
0.989355 0.829034
0.98935 0.828913
0.989345 0.828792
0.98934 0.82867
0.989334 0.828549
0.989329 0.828427
0.989324 0.828304
0.989319 0.828182
0.989314 0.828059
0.989308 0.827935
0.989303 0.827811
0.989298 0.827687
0.989293 0.827563
0.989287 0.827439
0.989282 0.827314
0.989277 0.827188
0.989271 0.827063
0.989266 0.826937
0.989261 0.82681
0.989255 0.826684
0.98925 0.826557
0.989244 0.826429
0.989239 0.826302
0.989234 0.826173
0.989228 0.826045
0.989223 0.825916
0.989217 0.825787
0.989212 0.825658
0.989206 0.825528
0.989201 0.825398
0.989195 0.825267
0.98919 0.825137
0.989184 0.825005
0.989178 0.824874
0.989173 0.824742
0.989167 0.82461
0.989162 0.824477
0.989156 0.824344
0.98915 0.82421
0.989145 0.824077
0.989139 0.823942
0.989133 0.823808
0.989127 0.823673
0.989122 0.823538
0.989116 0.823402
0.98911 0.823266
0.989104 0.82313
0.989099 0.822993
0.989093 0.822856
0.989087 0.822718
0.989081 0.82258
0.989075 0.822442
0.989069 0.822303
0.989063 0.822164
0.989058 0.822024
0.989052 0.821884
0.989046 0.821744
0.98904 0.821603
0.989034 0.821462
0.989028 0.82132
0.989022 0.821178
0.989016 0.821036
0.98901 0.820893
0.989003 0.820749
0.988997 0.820606
0.988991 0.820462
0.988985 0.820317
0.988979 0.820172
0.988973 0.820027
0.988967 0.819881
0.98896 0.819735
0.988954 0.819588
0.988948 0.819441
0.988942 0.819293
0.988935 0.819145
0.988929 0.818997
0.988923 0.818848
0.988917 0.818699
0.98891 0.818549
0.988904 0.818399
0.988897 0.818248
0.988891 0.818097
0.988885 0.817945
0.988878 0.817793
0.988872 0.817641
0.988865 0.817487
0.988859 0.817334
0.988852 0.81718
0.988846 0.817026
0.988839 0.816871
0.988833 0.816715
0.988826 0.81656
0.988819 0.816403
0.988813 0.816246
0.988806 0.816089
0.988799 0.815931
0.988793 0.815773
0.988786 0.815614
0.988779 0.815455
0.988772 0.815295
0.988766 0.815135
0.988759 0.814974
0.988752 0.814813
0.988745 0.814651
0.988738 0.814489
0.988731 0.814326
0.988724 0.814162
0.988717 0.813998
0.98871 0.813834
0.988703 0.813669
0.988696 0.813504
0.988689 0.813338
0.988682 0.813171
0.988675 0.813004
0.988668 0.812836
0.988661 0.812668
0.988654 0.812499
0.988647 0.81233
0.98864 0.81216
0.988632 0.81199
0.988625 0.811819
0.988618 0.811647
0.988611 0.811475
0.988603 0.811303
0.988596 0.811129
0.988589 0.810956
0.988581 0.810781
0.988574 0.810606
0.988566 0.810431
0.988559 0.810255
0.988551 0.810078
0.988544 0.809901
0.988536 0.809723
0.988529 0.809544
0.988521 0.809365
0.988514 0.809185
0.988506 0.809005
0.988498 0.808824
0.988491 0.808643
0.988483 0.80846
0.988475 0.808278
0.988467 0.808094
0.98846 0.80791
0.988452 0.807725
0.988444 0.80754
0.988436 0.807354
0.988428 0.807168
0.98842 0.80698
0.988412 0.806792
0.988404 0.806604
0.988396 0.806415
0.988388 0.806225
0.98838 0.806034
0.988372 0.805843
0.988364 0.805651
0.988356 0.805458
0.988348 0.805265
0.988339 0.805071
0.988331 0.804876
0.988323 0.804681
0.988315 0.804485
0.988306 0.804288
0.988298 0.804091
0.98829 0.803893
0.988281 0.803694
0.988273 0.803494
0.988264 0.803294
0.988256 0.803093
0.988247 0.802891
0.988239 0.802688
0.98823 0.802485
0.988221 0.802281
0.988213 0.802076
0.988204 0.801871
0.988195 0.801665
0.988187 0.801457
0.988178 0.80125
0.988169 0.801041
0.98816 0.800832
0.988151 0.800622
0.988142 0.800411
0.988133 0.800199
0.988124 0.799986
0.988115 0.799773
0.988106 0.799559
0.988097 0.799344
0.988088 0.799128
0.988079 0.798912
0.98807 0.798695
0.98806 0.798476
0.988051 0.798257
0.988042 0.798037
0.988032 0.797817
0.988023 0.797595
0.988014 0.797373
0.988004 0.797149
0.987995 0.796925
0.987985 0.7967
0.987976 0.796474
0.987966 0.796248
0.987956 0.79602
0.987947 0.795791
0.987937 0.795562
0.987927 0.795332
0.987917 0.7951
0.987908 0.794868
0.987898 0.794635
0.987888 0.794401
0.987878 0.794166
0.987868 0.79393
0.987858 0.793694
0.987848 0.793456
0.987838 0.793217
0.987827 0.792977
0.987817 0.792737
0.987807 0.792495
0.987797 0.792253
0.987786 0.792009
0.987776 0.791764
0.987766 0.791519
0.987755 0.791272
0.987745 0.791025
0.987734 0.790776
0.987724 0.790526
0.987713 0.790276
0.987702 0.790024
0.987692 0.789771
0.987681 0.789517
0.98767 0.789263
0.987659 0.789007
0.987648 0.78875
0.987637 0.788492
0.987626 0.788233
0.987615 0.787972
0.987604 0.787711
0.987593 0.787449
0.987582 0.787185
0.987571 0.78692
0.987559 0.786654
0.987548 0.786388
0.987537 0.786119
0.987525 0.78585
0.987514 0.78558
0.987502 0.785308
0.987491 0.785036
0.987479 0.784762
0.987467 0.784487
0.987456 0.78421
0.987444 0.783933
0.987432 0.783654
0.98742 0.783374
0.987408 0.783093
0.987396 0.78281
0.987384 0.782527
0.987372 0.782242
0.98736 0.781956
0.987348 0.781668
0.987336 0.78138
0.987323 0.78109
0.987311 0.780798
0.987298 0.780506
0.987286 0.780212
0.987273 0.779916
0.987261 0.77962
0.987248 0.779322
0.987235 0.779022
0.987223 0.778722
0.98721 0.77842
0.987197 0.778116
0.987184 0.777812
0.987171 0.777505
0.987158 0.777198
0.987145 0.776889
0.987131 0.776578
0.987118 0.776266
0.987105 0.775953
0.987092 0.775638
0.987078 0.775322
0.987065 0.775004
0.987051 0.774685
0.987037 0.774364
0.987024 0.774041
0.98701 0.773718
0.986996 0.773392
0.986982 0.773065
0.986968 0.772737
0.986954 0.772407
0.98694 0.772075
0.986926 0.771742
0.986911 0.771407
0.986897 0.771071
0.986883 0.770733
0.986868 0.770393
0.986854 0.770051
0.986839 0.769708
0.986824 0.769364
0.98681 0.769017
0.986795 0.768669
0.98678 0.768319
0.986765 0.767968
0.98675 0.767614
0.986735 0.767259
0.986719 0.766903
0.986704 0.766544
0.986689 0.766184
0.986673 0.765821
0.986658 0.765457
0.986642 0.765092
0.986626 0.764724
0.986611 0.764354
0.986595 0.763983
0.986579 0.763609
0.986563 0.763234
0.986547 0.762857
0.98653 0.762478
0.986514 0.762097
0.986498 0.761714
0.986481 0.761329
0.986465 0.760942
0.986448 0.760553
0.986431 0.760162
0.986414 0.759769
0.986398 0.759374
0.986381 0.758977
0.986363 0.758577
0.986346 0.758176
0.986329 0.757773
0.986312 0.757367
0.986294 0.756959
0.986277 0.756549
0.986259 0.756137
0.986241 0.755723
0.986223 0.755306
0.986205 0.754887
0.986187 0.754466
0.986169 0.754043
0.986151 0.753617
0.986132 0.753189
0.986114 0.752759
0.986095 0.752326
0.986077 0.751891
0.986058 0.751454
0.986039 0.751014
0.98602 0.750572
0.986001 0.750127
0.985982 0.74968
0.985962 0.74923
0.985943 0.748778
0.985923 0.748323
0.985903 0.747866
0.985884 0.747406
0.985864 0.746944
0.985844 0.746479
0.985823 0.746011
0.985803 0.745541
0.985783 0.745068
0.985762 0.744592
0.985742 0.744113
0.985721 0.743632
0.9857 0.743148
0.985679 0.742661
0.985658 0.742172
0.985636 0.741679
0.985615 0.741184
0.985593 0.740686
0.985572 0.740185
0.98555 0.739681
0.985528 0.739174
0.985506 0.738664
0.985484 0.738151
0.985461 0.737635
0.985439 0.737116
0.985416 0.736594
0.985393 0.736068
0.98537 0.73554
0.985347 0.735008
0.985324 0.734473
0.985301 0.733935
0.985277 0.733394
0.985254 0.732849
0.98523 0.732301
0.985206 0.73175
0.985182 0.731196
0.985157 0.730638
0.985133 0.730076
0.985108 0.729511
0.985083 0.728943
0.985058 0.728371
0.985033 0.727795
0.985008 0.727216
0.984983 0.726633
0.984957 0.726047
0.984931 0.725457
0.984905 0.724863
0.984879 0.724266
0.984853 0.723665
0.984826 0.723059
0.9848 0.72245
0.984773 0.721838
0.984746 0.721221
0.984718 0.7206
0.984691 0.719975
0.984663 0.719347
0.984636 0.718714
0.984607 0.718077
0.984579 0.717436
0.984551 0.716791
0.984522 0.716141
0.984493 0.715487
0.984464 0.714829
0.984435 0.714167
0.984406 0.7135
0.984376 0.712829
0.984346 0.712154
0.984316 0.711474
0.984286 0.710789
0.984255 0.7101
0.984225 0.709406
0.984194 0.708708
0.984163 0.708004
0.984131 0.707296
0.984099 0.706584
0.984068 0.705866
0.984035 0.705144
0.984003 0.704416
0.98397 0.703684
0.983938 0.702946
0.983904 0.702204
0.983871 0.701456
0.983837 0.700703
0.983804 0.699945
0.983769 0.699182
0.983735 0.698413
0.9837 0.697639
0.983665 0.69686
0.98363 0.696075
0.983595 0.695285
0.983559 0.694489
0.983523 0.693687
0.983487 0.69288
0.98345 0.692067
0.983413 0.691248
0.983376 0.690423
0.983338 0.689592
0.9833 0.688756
0.983262 0.687913
0.983224 0.687064
0.983185 0.686209
0.983146 0.685348
0.983107 0.684481
0.983067 0.683607
0.983027 0.682727
0.982987 0.681841
0.982946 0.680948
0.982905 0.680048
0.982864 0.679142
0.982822 0.678229
0.98278 0.677309
0.982737 0.676383
0.982694 0.675449
0.982651 0.674509
0.982608 0.673561
0.982564 0.672607
0.982519 0.671645
0.982475 0.670676
0.98243 0.669699
0.982384 0.668716
0.982338 0.667724
0.982292 0.666726
0.982245 0.665719
0.982198 0.664705
0.982151 0.663683
0.982103 0.662654
0.982055 0.661616
0.982006 0.66057
0.981956 0.659517
0.981907 0.658455
0.981857 0.657385
0.981806 0.656306
0.981755 0.65522
0.981703 0.654124
0.981651 0.653021
0.981599 0.651908
0.981546 0.650787
0.981492 0.649657
0.981438 0.648518
0.981384 0.64737
0.981329 0.646213
0.981273 0.645047
0.981217 0.643871
0.981161 0.642686
0.981103 0.641492
0.981046 0.640288
0.980987 0.639075
0.980929 0.637852
0.980869 0.636619
0.980809 0.635376
0.980749 0.634123
0.980687 0.63286
0.980626 0.631587
0.980563 0.630303
0.9805 0.62901
0.980437 0.627705
0.980372 0.62639
0.980307 0.625065
0.980242 0.623728
0.980175 0.622381
0.980108 0.621022
0.980041 0.619653
0.979972 0.618272
0.979903 0.61688
0.979834 0.615477
0.979763 0.614062
0.979692 0.612635
0.97962 0.611197
0.979547 0.609747
0.979474 0.608285
0.979399 0.606811
0.979324 0.605324
0.979248 0.603826
0.979171 0.602315
0.979094 0.600791
0.979015 0.599255
0.978936 0.597706
0.978856 0.596144
0.978775 0.59457
0.978693 0.592982
0.97861 0.591381
0.978527 0.589767
0.978442 0.588139
0.978356 0.586498
0.97827 0.584844
0.978182 0.583175
0.978094 0.581493
0.978004 0.579797
0.977914 0.578087
0.977822 0.576362
0.977729 0.574624
0.977636 0.57287
0.977541 0.571103
0.977445 0.569321
0.977348 0.567524
0.97725 0.565712
0.97715 0.563885
0.97705 0.562044
0.976948 0.560187
0.976845 0.558315
0.976741 0.556427
0.976636 0.554524
0.976529 0.552606
0.976421 0.550672
0.976312 0.548722
0.976201 0.546756
0.97609 0.544774
0.975976 0.542777
0.975862 0.540763
0.975745 0.538733
0.975628 0.536686
0.975509 0.534624
0.975388 0.532545
0.975266 0.530449
0.975143 0.528336
0.975018 0.526207
0.974891 0.524062
0.974763 0.521899
0.974633 0.519719
0.974501 0.517523
0.974368 0.515309
0.974233 0.513079
0.974097 0.510831
0.973958 0.508566
0.973818 0.506284
0.973676 0.503985
0.973532 0.501668
0.973386 0.499334
0.973238 0.496983
0.973089 0.494615
0.972937 0.492229
0.972783 0.489825
0.972627 0.487405
0.97247 0.484967
0.97231 0.482511
0.972148 0.480039
0.971983 0.477549
0.971817 0.475041
0.971648 0.472517
0.971477 0.469975
0.971304 0.467416
0.971128 0.46484
0.97095 0.462247
0.970769 0.459637
0.970586 0.45701
0.9704 0.454367
0.970212 0.451707
0.970021 0.44903
0.969828 0.446336
0.969632 0.443627
0.969433 0.440901
0.969231 0.438159
0.969027 0.435402
0.968819 0.432628
0.968609 0.429839
0.968396 0.427035
0.968179 0.424215
0.96796 0.421381
0.967738 0.418532
0.967512 0.415668
0.967283 0.41279
0.967051 0.409898
0.966816 0.406992
0.966577 0.404073
0.966334 0.40114
0.966089 0.398195
0.965839 0.395237
0.965587 0.392266
0.96533 0.389284
0.96507 0.38629
0.964806 0.383285
0.964538 0.380269
0.964266 0.377242
0.963991 0.374205
0.963711 0.371158
0.963427 0.368103
0.963139 0.365038
0.962847 0.361964
0.962551 0.358883
0.96225 0.355794
0.961945 0.352698
0.961636 0.349595
0.961322 0.346487
0.961003 0.343372
0.96068 0.340252
0.960352 0.337128
0.960019 0.334
0.959682 0.330868
0.959339 0.327733
0.958992 0.324595
0.958639 0.321456
0.958282 0.318315
0.957919 0.315174
0.95755 0.312032
0.957177 0.308891
0.956798 0.30575
0.956413 0.302612
0.956023 0.299475
0.955628 0.296341
0.955226 0.293211
0.954819 0.290085
0.954406 0.286963
0.953986 0.283846
0.953561 0.280736
0.95313 0.277632
0.952692 0.274535
0.952248 0.271445
0.951798 0.268364
0.951342 0.265292
0.950879 0.26223
0.950409 0.259178
0.949932 0.256136
0.949449 0.253106
0.948959 0.250088
0.948462 0.247082
0.947958 0.24409
0.947447 0.241111
0.946929 0.238147
0.946404 0.235198
0.945871 0.232264
0.945331 0.229346
0.944783 0.226444
0.944228 0.22356
0.943665 0.220693
0.943095 0.217844
0.942516 0.215014
0.94193 0.212202
0.941336 0.209411
0.940733 0.206639
0.940123 0.203887
0.939504 0.201157
0.938877 0.198447
0.938242 0.19576
0.937598 0.193094
0.936945 0.19045
0.936284 0.18783
0.935615 0.185232
0.934936 0.182658
0.934249 0.180107
0.933552 0.177581
0.932847 0.175078
0.932133 0.172601
0.931409 0.170148
0.930676 0.167719
0.929934 0.165317
0.929182 0.162939
0.928421 0.160587
0.92765 0.158261
0.92687 0.15596
0.92608 0.153686
0.92528 0.151437
0.92447 0.149215
0.92365 0.147019
0.92282 0.14485
0.92198 0.142707
0.92113 0.14059
0.92027 0.1385
0.919399 0.136436
0.918518 0.134398
0.917627 0.132387
0.916724 0.130403
0.915812 0.128445
0.914888 0.126513
0.913954 0.124607
0.913009 0.122728
0.912053 0.120874
0.911086 0.119047
0.910108 0.117245
0.909119 0.115469
0.908118 0.113719
0.907106 0.111994
0.906083 0.110295
0.905049 0.10862
0.904003 0.106971
0.902945 0.105346
0.901876 0.103746
0.900795 0.102171
0.899702 0.100619
0.898598 0.0990919
0.897481 0.0975884
0.896353 0.0961085
0.895212 0.0946519
0.89406 0.0932185
0.892895 0.0918081
0.891718 0.0904203
0.890528 0.089055
0.889326 0.0877119
0.888112 0.0863907
0.886885 0.0850913
0.885646 0.0838133
0.884393 0.0825566
0.883128 0.0813208
0.881851 0.0801057
0.88056 0.0789111
0.879256 0.0777366
0.877939 0.0765821
0.87661 0.0754472
0.875266 0.0743318
0.87391 0.0732354
0.87254 0.072158
0.871157 0.0710992
0.869761 0.0700587
0.868351 0.0690363
0.866927 0.0680318
0.86549 0.0670448
0.864039 0.0660752
0.862574 0.0651226
0.861095 0.0641868
0.859602 0.0632675
0.858095 0.0623646
0.856574 0.0614777
0.855039 0.0606066
0.853489 0.059751
0.851925 0.0589107
0.850347 0.0580855
0.848754 0.0572751
0.847147 0.0564792
0.845524 0.0556977
0.843888 0.0549303
0.842236 0.0541768
0.84057 0.0534369
0.838888 0.0527104
0.837192 0.0519971
0.83548 0.0512967
0.833753 0.0506091
0.832011 0.0499341
0.830253 0.0492713
0.828481 0.0486206
0.826692 0.0479819
0.824888 0.0473548
0.823068 0.0467392
0.821233 0.0461349
0.819382 0.0455417
0.817514 0.0449594
0.815631 0.0443878
0.813732 0.0438268
0.811816 0.043276
0.809885 0.0427354
0.807937 0.0422048
0.805972 0.0416839
0.803991 0.0411727
0.801994 0.040671
0.79998 0.0401785
0.797949 0.0396951
0.795901 0.0392207
0.793837 0.0387551
0.791755 0.0382981
0.789656 0.0378496
0.787541 0.0374094
0.785408 0.0369774
0.783257 0.0365535
0.78109 0.0361374
0.778904 0.0357291
0.776702 0.0353284
0.774481 0.0349351
0.772243 0.0345493
0.769987 0.0341706
0.767714 0.033799
0.765422 0.0334344
0.763112 0.0330766
0.760784 0.0327255
0.758438 0.032381
0.756074 0.0320429
0.753692 0.0317113
0.751291 0.0313859
0.748871 0.0310666
0.746433 0.0307533
0.743977 0.030446
0.741501 0.0301445
0.739007 0.0298487
0.736494 0.0295586
0.733962 0.0292739
0.731412 0.0289947
0.728842 0.0287208
0.726253 0.0284521
0.723645 0.0281886
0.721018 0.0279302
0.718372 0.0276767
0.715706 0.0274282
0.713021 0.0271844
0.710317 0.0269454
0.707593 0.026711
0.70485 0.0264812
0.702087 0.0262558
0.699305 0.0260349
0.696503 0.0258184
0.693681 0.0256061
0.69084 0.025398
0.687979 0.0251941
0.685099 0.0249942
0.682199 0.0247983
0.679279 0.0246064
0.676339 0.0244183
0.67338 0.0242341
0.670401 0.0240536
0.667403 0.0238768
0.664384 0.0237037
0.661346 0.0235341
0.658288 0.0233681
0.655211 0.0232055
0.652114 0.0230464
0.648998 0.0228906
0.645861 0.0227382
0.642706 0.022589
0.639531 0.0224431
0.636337 0.0223003
0.633123 0.0221607
0.62989 0.0220241
0.626638 0.0218906
0.623367 0.0217601
0.620077 0.0216326
0.616768 0.021508
0.613441 0.0213862
0.610094 0.0212673
0.60673 0.0211512
0.603346 0.0210379
0.599945 0.0209273
0.596525 0.0208194
0.593088 0.0207141
0.589633 0.0206115
0.58616 0.0205115
0.582669 0.020414
0.579162 0.0203191
0.575637 0.0202267
0.572096 0.0201367
0.568538 0.0200492
0.564964 0.019964
0.561373 0.0198813
0.557767 0.019801
0.554145 0.0197229
0.550508 0.0196472
0.546855 0.0195737
0.543188 0.0195025
0.539507 0.0194336
0.535811 0.0193668
0.532101 0.0193023
0.528378 0.0192399
0.524642 0.0191796
0.520893 0.0191215
0.517132 0.0190655
0.513358 0.0190116
0.509573 0.0189597
0.505777 0.0189099
0.50197 0.0188621
0.498152 0.0188163
0.494324 0.0187725
0.490487 0.0187307
0.486641 0.0186908
0.482786 0.0186529
0.478923 0.0186169
0.475052 0.0185828
0.471174 0.0185506
0.467289 0.0185204
0.463399 0.0184919
0.459502 0.0184654
0.455601 0.0184406
0.451695 0.0184177
0.447785 0.0183967
0.443871 0.0183774
0.439955 0.0183599
0.436036 0.0183442
0.432116 0.0183303
0.428194 0.0183181
0.424272 0.0183077
0.42035 0.018299
0.416429 0.0182921
0.412509 0.0182869
0.408591 0.0182834
0.404675 0.0182815
0.400763 0.0182814
0.396854 0.018283
0.39295 0.0182862
0.389051 0.0182911
0.385158 0.0182976
0.381271 0.0183058
0.377391 0.0183157
0.373519 0.0183271
0.369655 0.0183402
0.3658 0.018355
0.361955 0.0183713
0.35812 0.0183892
0.354296 0.0184087
0.350484 0.0184298
0.346683 0.0184525
0.342896 0.0184768
0.339122 0.0185027
0.335362 0.0185301
0.331617 0.018559
0.327887 0.0185896
0.324173 0.0186216
0.320476 0.0186552
0.316796 0.0186904
0.313133 0.018727
0.309489 0.0187652
0.305863 0.0188049
0.302257 0.0188461
0.298671 0.0188889
0.295106 0.0189331
0.291561 0.0189788
0.288038 0.019026
0.284537 0.0190747
0.281059 0.0191249
0.277604 0.0191765
0.274172 0.0192296
0.270764 0.0192842
0.26738 0.0193402
0.264021 0.0193977
0.260687 0.0194567
0.257379 0.0195171
0.254097 0.0195789
0.250841 0.0196421
0.247612 0.0197068
0.24441 0.0197729
0.241235 0.0198404
0.238088 0.0199094
0.234969 0.0199797
0.231878 0.0200514
0.228815 0.0201246
0.225781 0.0201991
0.222776 0.020275
0.2198 0.0203523
0.216853 0.020431
0.213936 0.0205111
0.211048 0.0205925
0.208191 0.0206753
0.205363 0.0207594
0.202565 0.0208449
0.199797 0.0209318
0.197059 0.0210199
0.194352 0.0211095
0.191675 0.0212003
0.189028 0.0212925
0.186412 0.021386
0.183826 0.0214808
0.18127 0.0215769
0.178745 0.0216744
0.17625 0.0217731
0.173785 0.0218731
0.171351 0.0219745
0.168947 0.0220771
0.166572 0.0221809
0.164228 0.0222861
0.161914 0.0223925
0.15963 0.0225002
0.157375 0.0226092
0.155149 0.0227194
0.152954 0.0228309
0.150787 0.0229436
0.148649 0.0230575
0.146541 0.0231727
0.144461 0.0232891
0.142409 0.0234067
0.140386 0.0235255
0.138392 0.0236456
0.136425 0.0237668
0.134485 0.0238893
0.132574 0.0240129
0.130689 0.0241378
0.128832 0.0242638
0.127001 0.024391
0.125197 0.0245194
0.12342 0.024649
0.121668 0.0247797
0.119942 0.0249116
0.118242 0.0250446
0.116567 0.0251788
0.114918 0.0253141
0.113293 0.0254506
0.111692 0.0255882
0.110116 0.0257269
0.108563 0.0258667
0.107035 0.0260077
0.105529 0.0261498
0.104047 0.026293
0.102588 0.0264373
0.101151 0.0265827
0.0997369 0.0267291
0.0983445 0.0268767
0.0969739 0.0270254
0.0956247 0.0271751
0.0942966 0.0273259
0.0929895 0.0274778
0.091703 0.0276307
0.0904368 0.0277847
0.0891906 0.0279397
0.0879643 0.0280958
0.0867574 0.028253
0.0855697 0.0284112
0.084401 0.0285704
0.083251 0.0287306
0.0821194 0.0288919
0.081006 0.0290542
0.0799104 0.0292175
0.0788324 0.0293818
0.0777718 0.0295472
0.0767283 0.0297135
0.0757016 0.0298808
0.0746915 0.0300491
0.0736977 0.0302184
0.0727199 0.0303887
0.071758 0.03056
0.0708117 0.0307323
0.0698807 0.0309055
0.0689648 0.0310797
0.0680637 0.0312549
0.0671772 0.031431
0.0663052 0.0316081
0.0654472 0.0317861
0.0646032 0.0319651
0.0637729 0.032145
0.0629561 0.0323258
0.0621525 0.0325076
0.061362 0.0326903
0.0605843 0.032874
0.0598192 0.0330586
0.0590665 0.0332441
0.058326 0.0334305
0.0575975 0.0336178
0.0568808 0.033806
0.0561756 0.0339952
0.055482 0.0341852
0.0547995 0.0343761
0.054128 0.034568
0.0534674 0.0347607
0.0528174 0.0349543
0.0521779 0.0351488
0.0515487 0.0353442
0.0509297 0.0355404
0.0503206 0.0357375
0.0497212 0.0359355
0.0491315 0.0361344
0.0485513 0.0363341
0.0479803 0.0365347
0.0474184 0.0367362
0.0468656 0.0369385
0.0463215 0.0371416
0.0457861 0.0373456
0.0452593 0.0375505
0.0447408 0.0377562
0.0442305 0.0379627
0.0437284 0.0381701
0.0432341 0.0383783
0.0427477 0.0385873
0.042269 0.0387972
0.0417978 0.0390079
0.041334 0.0392194
0.0408775 0.0394317
0.0404282 0.0396449
0.0399859 0.0398588
0.0395505 0.0400736
0.0391219 0.0402892
0.0387 0.0405056
0.0382847 0.0407228
0.0378758 0.0409408
0.0374732 0.0411597
0.0370769 0.0413793
0.0366867 0.0415997
0.0363025 0.0418209
0.0359243 0.0420429
0.0355518 0.0422657
0.0351851 0.0424893
0.034824 0.0427136
0.0344683 0.0429388
0.0341182 0.0431647
0.0337733 0.0433914
0.0334337 0.0436189
0.0330992 0.0438472
0.0327698 0.0440762
0.0324454 0.044306
0.0321259 0.0445366
0.0318111 0.044768
0.0315011 0.0450001
0.0311958 0.045233
0.030895 0.0454666
0.0305987 0.045701
0.0303068 0.0459362
0.0300193 0.0461722
0.029736 0.0464089
0.0294569 0.0466463
0.0291819 0.0468845
0.028911 0.0471235
0.028644 0.0473632
0.028381 0.0476037
0.0281219 0.0478449
0.0278665 0.0480869
0.0276148 0.0483296
0.0273669 0.0485731
0.0271225 0.0488173
0.0268816 0.0490623
0.0266443 0.049308
0.0264103 0.0495545
0.0261797 0.0498017
0.0259525 0.0500496
0.0257285 0.0502983
0.0255077 0.0505477
0.02529 0.0507979
0.0250755 0.0510488
0.024864 0.0513004
0.0246555 0.0515528
0.02445 0.0518059
0.0242473 0.0520598
0.0240475 0.0523144
0.0238505 0.0525697
0.0236563 0.0528257
0.0234648 0.0530825
0.023276 0.0533401
0.0230898 0.0535983
0.0229062 0.0538573
0.0227252 0.0541171
0.0225466 0.0543776
0.0223705 0.0546388
0.0221969 0.0549007
0.0220256 0.0551634
0.0218567 0.0554268
0.0216901 0.0556909
0.0215258 0.0559558
0.0213637 0.0562214
0.0212039 0.0564877
0.0210462 0.0567548
0.0208906 0.0570226
0.0207372 0.0572912
0.0205858 0.0575604
0.0204364 0.0578304
0.0202891 0.0581012
0.0201437 0.0583727
0.0200003 0.0586449
0.0198588 0.0589179
0.0197192 0.0591916
0.0195815 0.059466
0.0194455 0.0597412
0.0193114 0.0600171
0.0191791 0.0602937
0.0190485 0.0605711
0.0189196 0.0608492
0.0187924 0.0611281
0.0186669 0.0614077
0.018543 0.0616881
0.0184208 0.0619692
0.0183001 0.0622511
0.018181 0.0625337
0.0180635 0.062817
0.0179475 0.0631011
0.017833 0.0633859
0.01772 0.0636715
0.0176084 0.0639579
0.0174982 0.064245
0.0173895 0.0645329
0.0172822 0.0648215
0.0171763 0.0651108
0.0170717 0.065401
0.0169684 0.0656919
0.0168665 0.0659835
0.0167658 0.0662759
0.0166664 0.0665691
0.0165683 0.0668631
0.0164715 0.0671578
0.0163758 0.0674533
0.0162814 0.0677495
0.0161881 0.0680466
0.0160961 0.0683444
0.0160052 0.068643
0.0159154 0.0689423
0.0158267 0.0692425
0.0157392 0.0695434
0.0156527 0.0698451
0.0155673 0.0701476
0.015483 0.0704509
0.0153998 0.070755
0.0153175 0.0710599
0.0152363 0.0713656
0.0151561 0.0716721
0.0150769 0.0719793
0.0149986 0.0722874
0.0149214 0.0725963
0.014845 0.072906
0.0147696 0.0732165
0.0146952 0.0735278
0.0146216 0.07384
0.014549 0.0741529
0.0144772 0.0744667
0.0144064 0.0747813
0.0143363 0.0750967
0.0142672 0.075413
0.0141989 0.0757301
0.0141314 0.076048
0.0140647 0.0763668
0.0139989 0.0766864
0.0139338 0.0770069
0.0138695 0.0773282
0.0138061 0.0776503
0.0137433 0.0779733
0.0136814 0.0782972
0.0136202 0.078622
0.0135597 0.0789476
0.0135 0.079274
0.0134409 0.0796014
0.0133826 0.0799296
0.013325 0.0802587
0.0132681 0.0805887
0.0132119 0.0809196
0.0131563 0.0812513
0.0131015 0.081584
0.0130472 0.0819175
0.0129937 0.082252
0.0129408 0.0825873
0.0128885 0.0829236
0.0128368 0.0832608
0.0127858 0.0835989
0.0127353 0.083938
0.0126855 0.0842779
0.0126363 0.0846188
0.0125877 0.0849606
0.0125396 0.0853034
0.0124922 0.0856471
0.0124453 0.0859918
0.0123989 0.0863374
0.0123531 0.086684
0.0123079 0.0870315
0.0122632 0.08738
0.0122191 0.0877295
0.0121755 0.08808
0.0121324 0.0884314
0.0120898 0.0887839
0.0120477 0.0891373
0.0120062 0.0894917
0.0119651 0.0898472
0.0119246 0.0902036
0.0118845 0.0905611
0.011845 0.0909196
0.0118059 0.0912791
0.0117672 0.0916396
0.0117291 0.0920012
0.0116914 0.0923638
0.0116541 0.0927274
0.0116174 0.0930922
0.011581 0.0934579
0.0115451 0.0938248
0.0115097 0.0941927
0.0114747 0.0945617
0.0114401 0.0949318
0.0114059 0.0953029
0.0113722 0.0956752
0.0113388 0.0960486
0.0113059 0.0964231
0.0112734 0.0967987
0.0112413 0.0971754
0.0112096 0.0975532
0.0111783 0.0979322
0.0111473 0.0983123
0.0111168 0.0986936
0.0110867 0.0990761
0.0110569 0.0994597
0.0110275 0.0998444
0.0109984 0.10023
0.0109698 0.100618
0.0109415 0.101006
0.0109135 0.101395
0.010886 0.101786
0.0108587 0.102178
0.0108318 0.102571
0.0108053 0.102966
0.0107791 0.103361
0.0107533 0.103758
0.0107277 0.104156
0.0107026 0.104556
0.0106777 0.104956
0.0106532 0.105358
0.010629 0.105762
0.0106051 0.106166
0.0105815 0.106572
0.0105583 0.106979
0.0105353 0.107388
0.0105127 0.107798
0.0104904 0.108209
0.0104684 0.108621
0.0104467 0.109035
0.0104253 0.10945
0.0104041 0.109867
0.0103833 0.110285
0.0103628 0.110704
0.0103425 0.111125
0.0103226 0.111547
0.0103029 0.111971
0.0102835 0.112396
0.0102644 0.112823
0.0102455 0.113251
0.0102269 0.11368
0.0102086 0.114111
0.0101906 0.114543
0.0101729 0.114977
0.0101554 0.115413
0.0101381 0.11585
0.0101212 0.116288
0.0101045 0.116728
0.010088 0.11717
0.0100718 0.117613
0.0100559 0.118058
0.0100402 0.118504
0.0100247 0.118952
0.0100095 0.119401
0.00999458 0.119852
0.00997988 0.120305
0.00996542 0.120759
0.0099512 0.121216
0.00993722 0.121673
0.00992347 0.122133
0.00990996 0.122594
0.00989669 0.123057
0.00988365 0.123521
0.00987084 0.123987
0.00985825 0.124455
0.0098459 0.124925
0.00983378 0.125397
0.00982187 0.12587
0.0098102 0.126345
0.00979874 0.126822
0.00978751 0.127301
0.00977649 0.127782
0.0097657 0.128264
0.00975512 0.128749
0.00974476 0.129235
0.00973461 0.129723
0.00972467 0.130213
0.00971495 0.130705
0.00970544 0.131199
0.00969614 0.131695
0.00968704 0.132193
0.00967816 0.132693
0.00966948 0.133195
0.00966101 0.133699
0.00965274 0.134205
0.00964467 0.134713
0.00963681 0.135223
0.00962915 0.135736
0.00962169 0.13625
0.00961443 0.136767
0.00960736 0.137285
0.0096005 0.137806
0.00959383 0.138329
0.00958736 0.138854
0.00958108 0.139382
0.009575 0.139912
0.00956911 0.140444
0.00956342 0.140978
0.00955792 0.141514
0.0095526 0.142053
0.00954748 0.142594
0.00954255 0.143138
0.00953781 0.143684
0.00953326 0.144232
0.0095289 0.144783
0.00952472 0.145336
0.00952073 0.145892
0.00951693 0.14645
0.00951332 0.147011
0.00950989 0.147574
0.00950664 0.148139
0.00950358 0.148708
0.0095007 0.149279
0.00949801 0.149852
0.0094955 0.150428
0.00949317 0.151007
0.00949103 0.151588
0.00948906 0.152173
0.00948728 0.15276
0.00948568 0.153349
0.00948427 0.153942
0.00948303 0.154537
0.00948197 0.155135
0.00948109 0.155736
0.0094804 0.15634
0.00947988 0.156946
0.00947954 0.157556
0.00947938 0.158169
0.0094794 0.158784
0.0094796 0.159403
0.00947998 0.160025
0.00948054 0.160649
0.00948127 0.161277
0.00948219 0.161908
0.00948328 0.162542
0.00948456 0.16318
0.00948601 0.16382
0.00948764 0.164464
0.00948945 0.165111
0.00949143 0.165762
0.0094936 0.166415
0.00949594 0.167072
0.00949847 0.167733
0.00950117 0.168397
0.00950405 0.169064
0.00950711 0.169735
0.00951036 0.17041
0.00951378 0.171088
0.00951738 0.171769
0.00952116 0.172455
0.00952512 0.173143
0.00952927 0.173836
0.00953359 0.174533
0.00953809 0.175233
0.00954278 0.175937
0.00954765 0.176644
0.0095527 0.177356
0.00955794 0.178072
0.00956336 0.178792
0.00956896 0.179515
0.00957475 0.180243
0.00958072 0.180975
0.00958688 0.18171
0.00959322 0.182451
0.00959975 0.183195
0.00960646 0.183943
0.00961337 0.184696
0.00962046 0.185453
0.00962774 0.186215
0.00963521 0.186981
0.00964287 0.187751
0.00965073 0.188526
0.00965877 0.189306
0.00966701 0.19009
0.00967544 0.190879
0.00968406 0.191672
0.00969288 0.192471
0.0097019 0.193274
0.00971111 0.194082
0.00972052 0.194894
0.00973013 0.195712
0.00973994 0.196535
0.00974994 0.197363
0.00976016 0.198196
0.00977057 0.199034
0.00978119 0.199877
0.00979201 0.200726
0.00980304 0.20158
0.00981427 0.202439
0.00982572 0.203304
0.00983737 0.204174
0.00984924 0.20505
0.00986131 0.205931
0.0098736 0.206818
0.00988611 0.207711
0.00989883 0.20861
0.00991177 0.209514
0.00992493 0.210425
0.00993831 0.211341
0.00995191 0.212263
0.00996574 0.213192
0.00997979 0.214127
0.00999407 0.215068
0.0100086 0.216015
0.0100233 0.216969
0.0100383 0.217929
0.0100535 0.218895
0.0100689 0.219869
0.0100846 0.220848
0.0101005 0.221835
0.0101167 0.222829
0.0101331 0.223829
0.0101497 0.224836
0.0101666 0.225851
0.0101838 0.226872
0.0102012 0.227901
0.0102188 0.228937
0.0102367 0.22998
0.0102549 0.231031
0.0102733 0.232089
0.010292 0.233155
0.0103109 0.234229
0.0103302 0.235311
0.0103497 0.2364
0.0103694 0.237497
0.0103895 0.238603
0.0104098 0.239716
0.0104304 0.240838
0.0104513 0.241968
0.0104724 0.243106
0.0104939 0.244254
0.0105157 0.245409
0.0105377 0.246574
0.0105601 0.247747
0.0105827 0.248929
0.0106057 0.25012
0.0106289 0.25132
0.0106525 0.25253
0.0106764 0.253749
0.0107006 0.254977
0.0107251 0.256215
0.01075 0.257462
0.0107752 0.25872
0.0108007 0.259987
0.0108266 0.261264
0.0108527 0.262552
0.0108793 0.263849
0.0109062 0.265157
0.0109334 0.266476
0.010961 0.267805
0.010989 0.269144
0.0110173 0.270495
0.011046 0.271857
0.0110751 0.273229
0.0111046 0.274613
0.0111344 0.276009
0.0111646 0.277416
0.0111952 0.278834
0.0112263 0.280264
0.0112577 0.281706
0.0112895 0.283161
0.0113218 0.284627
0.0113544 0.286106
0.0113875 0.287597
0.0114211 0.289101
0.011455 0.290617
0.0114895 0.292147
0.0115243 0.293689
0.0115596 0.295245
0.0115954 0.296814
0.0116317 0.298397
0.0116684 0.299994
0.0117056 0.301604
0.0117433 0.303228
0.0117814 0.304866
0.0118201 0.306519
0.0118593 0.308186
0.011899 0.309868
0.0119393 0.311565
0.0119801 0.313277
0.0120214 0.315004
0.0120632 0.316746
0.0121056 0.318504
0.0121486 0.320277
0.0121922 0.322067
0.0122363 0.323872
0.012281 0.325694
0.0123263 0.327532
0.0123723 0.329387
0.0124188 0.331258
0.012466 0.333146
0.0125138 0.335052
0.0125623 0.336975
0.0126114 0.338915
0.0126612 0.340874
0.0127116 0.34285
0.0127628 0.344844
0.0128146 0.346856
0.0128672 0.348888
0.0129205 0.350937
0.0129745 0.353006
0.0130293 0.355094
0.0130848 0.3572
0.0131411 0.359327
0.0131982 0.361473
0.0132561 0.363639
0.0133147 0.365825
0.0133743 0.368031
0.0134346 0.370258
0.0134958 0.372506
0.0135579 0.374774
0.0136209 0.377063
0.0136847 0.379374
0.0137495 0.381706
0.0138152 0.38406
0.0138818 0.386435
0.0139494 0.388833
0.014018 0.391253
0.0140876 0.393695
0.0141581 0.39616
0.0142297 0.398647
0.0143024 0.401158
0.0143761 0.403692
0.0144509 0.406249
0.0145269 0.408829
0.0146039 0.411433
0.0146821 0.414061
0.0147615 0.416713
0.014842 0.41939
0.0149237 0.42209
0.0150067 0.424815
0.015091 0.427564
0.0151765 0.430339
0.0152633 0.433138
0.0153514 0.435962
0.0154409 0.438811
0.0155317 0.441686
0.015624 0.444585
0.0157176 0.447511
0.0158128 0.450461
0.0159094 0.453438
0.0160075 0.45644
0.0161071 0.459468
0.0162083 0.462521
0.0163111 0.465601
0.0164155 0.468706
0.0165215 0.471838
0.0166293 0.474995
0.0167387 0.478178
0.0168499 0.481387
0.0169629 0.484622
0.0170777 0.487883
0.0171943 0.49117
0.0173128 0.494482
0.0174332 0.49782
0.0175556 0.501184
0.01768 0.504573
0.0178064 0.507987
0.0179348 0.511427
0.0180654 0.514891
0.0181981 0.518381
0.018333 0.521894
0.0184701 0.525433
0.0186095 0.528995
0.0187512 0.532581
0.0188952 0.536191
0.0190417 0.539824
0.0191906 0.543481
0.0193419 0.547159
0.0194959 0.55086
0.0196524 0.554583
0.0198115 0.558327
0.0199733 0.562093
0.0201378 0.565878
0.0203052 0.569684
0.0204753 0.57351
0.0206483 0.577354
0.0208243 0.581217
0.0210033 0.585097
0.0211853 0.588995
0.0213704 0.592909
0.0215586 0.59684
0.0217501 0.600785
0.0219448 0.604745
0.0221429 0.608719
0.0223444 0.612706
0.0225493 0.616706
0.0227577 0.620716
0.0229697 0.624737
0.0231853 0.628768
0.0234046 0.632808
0.0236277 0.636856
0.0238546 0.640911
0.0240854 0.644972
0.0243201 0.649038
0.0245589 0.653108
0.0248018 0.657182
0.0250488 0.661258
0.0253 0.665334
0.0255555 0.669411
0.0258154 0.673487
0.0260797 0.677561
0.0263486 0.681631
0.026622 0.685698
0.0269 0.689759
0.0271828 0.693813
0.0274703 0.69786
0.0277628 0.701899
0.0280601 0.705927
0.0283625 0.709945
0.02867 0.71395
0.0289826 0.717942
0.0293004 0.72192
0.0296236 0.725883
0.0299521 0.729829
0.0302861 0.733757
0.0306257 0.737667
0.0309708 0.741557
0.0313217 0.745426
0.0316783 0.749273
0.0320407 0.753097
0.0324091 0.756897
0.0327834 0.760672
0.0331638 0.764421
0.0335504 0.768143
0.0339432 0.771837
0.0343423 0.775503
0.0347477 0.779139
0.0351596 0.782745
0.035578 0.786319
0.036003 0.789861
0.0364347 0.793371
0.0368731 0.796847
0.0373183 0.800288
0.0377704 0.803695
0.0382295 0.807066
0.0386957 0.8104
0.0391689 0.813699
0.0396493 0.816959
0.040137 0.820182
0.040632 0.823367
0.0411344 0.826513
0.0416443 0.82962
0.0421617 0.832688
0.0426868 0.835716
0.0432195 0.838704
0.0437599 0.841652
0.0443082 0.844559
0.0448643 0.847426
0.0454284 0.850252
0.0460005 0.853037
0.0465807 0.855781
0.0471691 0.858483
0.0477656 0.861145
0.0483704 0.863766
0.0489836 0.866346
0.0496051 0.868885
0.0502352 0.871383
0.0508737 0.87384
0.0515208 0.876257
0.0521766 0.878633
0.0528411 0.880969
0.0535143 0.883265
0.0541964 0.885522
0.0548874 0.887739
0.0555873 0.889917
0.0562962 0.892056
0.0570141 0.894156
0.0577412 0.896218
0.0584774 0.898242
0.0592229 0.900229
0.0599776 0.902179
0.0607417 0.904092
0.0615151 0.905968
0.062298 0.907809
0.0630904 0.909614
0.0638924 0.911385
0.0647039 0.91312
0.0655251 0.914822
0.066356 0.91649
0.0671966 0.918125
0.0680471 0.919727
0.0689074 0.921297
0.0697776 0.922835
0.0706577 0.924342
0.0715479 0.925818
0.0724481 0.927263
0.0733585 0.928679
0.0742789 0.930066
0.0752096 0.931424
0.0761506 0.932754
0.0771018 0.934055
0.0780634 0.93533
0.0790354 0.936577
0.0800178 0.937798
0.0810107 0.938994
0.0820142 0.940163
0.0830282 0.941308
0.0840529 0.942429
0.0850883 0.943525
0.0861344 0.944598
0.0871913 0.945648
0.088259 0.946675
0.0893377 0.94768
0.0904272 0.948663
0.0915277 0.949625
0.0926392 0.950567
0.0937618 0.951487
0.0948955 0.952388
0.0960404 0.953269
0.0971965 0.954131
0.0983639 0.954974
0.0995426 0.955799
0.100733 0.956605
0.101934 0.957394
0.103147 0.958166
0.104372 0.958921
0.105608 0.95966
0.106855 0.960382
0.108114 0.961088
0.109385 0.96178
0.110668 0.962455
0.111963 0.963117
0.113269 0.963763
0.114588 0.964396
0.115918 0.965015
0.117261 0.96562
0.118615 0.966212
0.119982 0.966791
0.121361 0.967358
0.122752 0.967912
0.124155 0.968454
0.125571 0.968984
0.126999 0.969503
0.12844 0.97001
0.129893 0.970507
0.131359 0.970993
0.132838 0.971468
0.134329 0.971933
0.135833 0.972388
0.137349 0.972833
0.138879 0.973268
0.140422 0.973694
0.141977 0.974111
0.143546 0.974519
0.145128 0.974919
0.146723 0.975309
0.148331 0.975692
0.149953 0.976066
0.151588 0.976432
0.153236 0.97679
0.154898 0.977141
0.156574 0.977485
0.158263 0.977821
0.159966 0.97815
0.161683 0.978472
0.163413 0.978787
0.165158 0.979095
0.166916 0.979397
0.168689 0.979693
0.170475 0.979983
0.172276 0.980266
0.174091 0.980544
0.175921 0.980815
0.177765 0.981081
0.179623 0.981342
0.181496 0.981597
0.183383 0.981847
0.185285 0.982091
0.187202 0.982331
0.189134 0.982566
0.191081 0.982795
0.193043 0.98302
0.19502 0.983241
0.197011 0.983457
0.199019 0.983668
0.201041 0.983875
0.203079 0.984078
0.205132 0.984277
0.207201 0.984471
0.209285 0.984662
0.211385 0.984849
0.213501 0.985032
0.215633 0.985211
0.21778 0.985387
0.219944 0.985559
0.222123 0.985728
0.224319 0.985893
0.226531 0.986055
0.228759 0.986213
0.231003 0.986369
0.233264 0.986521
0.235541 0.98667
0.237835 0.986816
0.240146 0.986959
0.242473 0.9871
0.244817 0.987237
0.247178 0.987372
0.249556 0.987504
0.25195 0.987633
0.254362 0.98776
0.256791 0.987884
0.259237 0.988006
0.261701 0.988125
0.264181 0.988242
0.26668 0.988357
0.269195 0.988469
0.271728 0.988579
0.274279 0.988686
0.276847 0.988792
0.279433 0.988895
0.282037 0.988997
0.284658 0.989096
0.287297 0.989193
0.289954 0.989288
0.292629 0.989382
0.295322 0.989473
0.298033 0.989562
0.300762 0.98965
0.303509 0.989736
0.306275 0.98982
0.309058 0.989903
0.311859 0.989983
0.314679 0.990062
0.317517 0.99014
0.320373 0.990215
0.323247 0.990289
0.32614 0.990362
0.329051 0.990433
0.33198 0.990503
0.334927 0.990571
0.337893 0.990637
0.340877 0.990702
0.343879 0.990766
0.346899 0.990828
0.349938 0.990889
0.352994 0.990949
0.356069 0.991007
0.359162 0.991064
0.362273 0.99112
0.365401 0.991175
0.368548 0.991228
0.371713 0.99128
0.374895 0.991331
0.378095 0.99138
0.381313 0.991429
0.384548 0.991476
0.387801 0.991522
0.391071 0.991567
0.394359 0.991611
0.397663 0.991654
0.400985 0.991696
0.404323 0.991736
0.407678 0.991776
0.41105 0.991814
0.414438 0.991852
0.417843 0.991889
0.421264 0.991924
0.4247 0.991959
0.428153 0.991992
0.43162 0.992025
0.435104 0.992057
0.438602 0.992088
0.442116 0.992118
0.445644 0.992146
0.449186 0.992175
0.452743 0.992202
0.456313 0.992228
0.459898 0.992253
0.463496 0.992278
0.467106 0.992302
0.47073 0.992324
0.474366 0.992346
0.478015 0.992368
0.481675 0.992388
0.485347 0.992407
0.48903 0.992426
0.492724 0.992444
0.496428 0.992461
0.500142 0.992478
0.503866 0.992493
0.5076 0.992508
0.511342 0.992522
0.515093 0.992535
0.518851 0.992548
0.522618 0.99256
0.526391 0.992571
0.530172 0.992581
0.533958 0.99259
0.537751 0.992599
0.541548 0.992607
0.545351 0.992615
0.549158 0.992621
0.552968 0.992627
0.556782 0.992633
0.560599 0.992637
0.564418 0.992641
0.568239 0.992644
0.572061 0.992647
0.575883 0.992649
0.579706 0.99265
0.583528 0.99265
0.587349 0.99265
0.591168 0.992649
0.594986 0.992648
0.5988 0.992646
0.602611 0.992643
0.606418 0.992639
0.610221 0.992635
0.614019 0.99263
0.61781 0.992625
0.621596 0.992619
0.625374 0.992612
0.629145 0.992605
0.632908 0.992597
0.636662 0.992588
0.640407 0.992579
0.644142 0.992569
0.647866 0.992558
0.651579 0.992547
0.655281 0.992536
0.65897 0.992523
0.662646 0.99251
0.666309 0.992497
0.669958 0.992482
0.673592 0.992468
0.677211 0.992452
0.680814 0.992436
0.684401 0.992419
0.687971 0.992402
0.691524 0.992384
0.695059 0.992366
0.698576 0.992347
0.702073 0.992327
0.705552 0.992307
0.70901 0.992286
0.712448 0.992265
0.715865 0.992243
0.719261 0.99222
0.722634 0.992197
0.725986 0.992174
0.729315 0.992149
0.732621 0.992124
0.735904 0.992099
0.739163 0.992073
0.742398 0.992046
0.745608 0.992019
0.748793 0.991991
0.751953 0.991963
0.755087 0.991934
0.758196 0.991905
0.761278 0.991875
0.764334 0.991844
0.767364 0.991813
0.770366 0.991782
0.773341 0.991749
0.776289 0.991717
0.77921 0.991683
0.782102 0.99165
0.784967 0.991615
0.787803 0.99158
0.790612 0.991545
0.793392 0.991509
0.796143 0.991472
0.798866 0.991435
0.80156 0.991397
0.804225 0.991359
0.806862 0.991321
0.80947 0.991281
0.812049 0.991242
0.814598 0.991201
0.817119 0.991161
0.819611 0.991119
0.822075 0.991078
0.824509 0.991035
0.826914 0.990992
0.829291 0.990949
0.831638 0.990905
0.833957 0.990861
0.836248 0.990816
0.83851 0.990771
0.840744 0.990725
0.842949 0.990678
0.845126 0.990632
0.847275 0.990584
0.849396 0.990536
0.85149 0.990488
0.853556 0.990439
0.855594 0.99039
0.857605 0.99034
0.859589 0.99029
0.861546 0.990239
0.863477 0.990188
0.865381 0.990137
0.867258 0.990085
0.86911 0.990032
0.870935 0.989979
0.872735 0.989926
0.87451 0.989872
0.876259 0.989817
0.877983 0.989762
0.879682 0.989707
0.881357 0.989651
0.883008 0.989595
0.884634 0.989539
0.886237 0.989481
0.887816 0.989424
0.889372 0.989366
0.890905 0.989308
0.892415 0.989249
0.893903 0.98919
0.895368 0.98913
0.896811 0.98907
0.898232 0.98901
0.899632 0.988949
0.901011 0.988887
0.902369 0.988826
0.903706 0.988764
0.905022 0.988701
0.906319 0.988638
0.907595 0.988575
0.908852 0.988511
0.910089 0.988447
0.911308 0.988383
0.912507 0.988318
0.913688 0.988252
0.91485 0.988187
0.915994 0.988121
0.91712 0.988054
0.918229 0.987988
0.919321 0.98792
0.920395 0.987853
0.921452 0.987785
0.922493 0.987717
0.923517 0.987648
0.924525 0.987579
0.925518 0.98751
0.926494 0.98744
0.927456 0.98737
0.928402 0.9873
0.929333 0.987229
0.930249 0.987158
0.931151 0.987087
0.932039 0.987015
0.932912 0.986943
0.933772 0.986871
0.934618 0.986798
0.93545 0.986725
0.93627 0.986651
0.937076 0.986578
0.93787 0.986504
0.938651 0.986429
0.93942 0.986355
0.940176 0.98628
0.940921 0.986204
0.941654 0.986129
0.942375 0.986053
0.943084 0.985977
0.943783 0.9859
0.94447 0.985824
0.945147 0.985746
0.945813 0.985669
0.946469 0.985592
0.947114 0.985514
0.947749 0.985435
0.948374 0.985357
0.948989 0.985278
0.949594 0.985199
0.95019 0.98512
0.950777 0.98504
0.951354 0.98496
0.951923 0.98488
0.952482 0.9848
0.953033 0.984719
0.953575 0.984638
0.954109 0.984557
0.954635 0.984476
0.955152 0.984394
0.955661 0.984312
0.956163 0.98423
0.956657 0.984148
0.957143 0.984065
0.957621 0.983982
0.958092 0.983899
0.958556 0.983816
0.959013 0.983732
0.959463 0.983648
0.959906 0.983564
0.960342 0.98348
0.960772 0.983396
0.961195 0.983311
0.961611 0.983226
0.962022 0.983141
0.962426 0.983055
0.962824 0.98297
0.963215 0.982884
0.963602 0.982798
0.963982 0.982712
0.964356 0.982626
0.964725 0.982539
0.965089 0.982452
0.965447 0.982365
0.965799 0.982278
0.966147 0.982191
0.966489 0.982103
0.966826 0.982016
0.967158 0.981928
0.967486 0.98184
0.967808 0.981751
0.968126 0.981663
0.968439 0.981574
0.968747 0.981485
0.969051 0.981397
0.969351 0.981307
0.969646 0.981218
0.969937 0.981129
0.970224 0.981039
0.970507 0.980949
0.970785 0.980859
0.97106 0.980769
0.97133 0.980679
0.971597 0.980588
0.97186 0.980498
0.972119 0.980407
0.972375 0.980316
0.972627 0.980225
0.972875 0.980134
0.97312 0.980043
0.973361 0.979951
0.973599 0.97986
0.973834 0.979768
0.974065 0.979676
0.974293 0.979584
0.974518 0.979492
0.97474 0.9794
0.974959 0.979308
0.975174 0.979215
0.975387 0.979123
0.975597 0.97903
0.975804 0.978937
0.976008 0.978844
0.976209 0.978751
0.976408 0.978658
0.976604 0.978565
0.976797 0.978471
0.976988 0.978378
0.977176 0.978284
0.977361 0.97819
0.977544 0.978097
0.977725 0.978003
0.977903 0.977909
0.978079 0.977815
0.978252 0.97772
0.978423 0.977626
0.978592 0.977532
0.978759 0.977437
0.978923 0.977343
0.979085 0.977248
0.979246 0.977153
0.979404 0.977058
0.97956 0.976963
0.979714 0.976868
0.979866 0.976773
0.980016 0.976678
0.980164 0.976583
0.98031 0.976488
0.980454 0.976392
0.980597 0.976297
0.980737 0.976201
0.980876 0.976106
0.981013 0.97601
0.981148 0.975914
0.981282 0.975818
0.981414 0.975723
0.981544 0.975627
0.981673 0.975531
0.9818 0.975435
0.981925 0.975339
0.982049 0.975242
0.982171 0.975146
0.982292 0.97505
0.982411 0.974954
0.982529 0.974857
0.982645 0.974761
0.98276 0.974664
0.982874 0.974568
0.982986 0.974471
0.983096 0.974375
0.983206 0.974278
0.983314 0.974182
0.983421 0.974085
0.983526 0.973988
0.98363 0.973891
0.983733 0.973795
0.983835 0.973698
0.983935 0.973601
0.984035 0.973504
0.984133 0.973407
0.98423 0.97331
0.984325 0.973213
0.98442 0.973116
0.984513 0.973019
0.984606 0.972922
0.984697 0.972825
0.984787 0.972728
0.984877 0.972631
0.984965 0.972533
0.985052 0.972436
0.985138 0.972339
0.985223 0.972242
0.985307 0.972145
0.98539 0.972047
0.985473 0.97195
0.985554 0.971853
0.985634 0.971756
0.985714 0.971658
0.985792 0.971561
0.98587 0.971464
0.985946 0.971367
0.986022 0.971269
0.986097 0.971172
0.986171 0.971075
0.986245 0.970977
0.986317 0.97088
0.986389 0.970783
0.98646 0.970686
0.98653 0.970588
0.986599 0.970491
0.986667 0.970394
0.986735 0.970296
0.986802 0.970199
0.986868 0.970102
0.986934 0.970005
0.986999 0.969907
0.987063 0.96981
0.987126 0.969713
0.987189 0.969616
0.987251 0.969518
0.987312 0.969421
0.987373 0.969324
0.987433 0.969227
0.987492 0.96913
0.987551 0.969033
0.987609 0.968935
0.987667 0.968838
0.987724 0.968741
0.98778 0.968644
0.987836 0.968547
0.987891 0.96845
0.987945 0.968353
0.987999 0.968256
0.988052 0.968159
0.988105 0.968062
0.988157 0.967966
0.988209 0.967869
0.98826 0.967772
0.988311 0.967675
0.988361 0.967578
0.98841 0.967482
0.988459 0.967385
0.988508 0.967288
0.988556 0.967192
0.988603 0.967095
0.98865 0.966998
0.988697 0.966902
0.988743 0.966805
0.988788 0.966709
0.988833 0.966613
0.988878 0.966516
0.988922 0.96642
0.988966 0.966323
0.989009 0.966227
0.989052 0.966131
0.989094 0.966035
0.989136 0.965939
0.989178 0.965843
0.989219 0.965746
0.98926 0.96565
0.9893 0.965554
0.98934 0.965459
0.989379 0.965363
0.989418 0.965267
0.989457 0.965171
0.989495 0.965075
0.989533 0.96498
0.989571 0.964884
0.989608 0.964788
0.989645 0.964693
0.989681 0.964597
0.989717 0.964502
0.989753 0.964406
0.989788 0.964311
0.989823 0.964216
0.989858 0.964121
0.989892 0.964025
0.989926 0.96393
0.98996 0.963835
0.989993 0.96374
0.990027 0.963645
0.990059 0.96355
0.990092 0.963455
0.990124 0.963361
0.990155 0.963266
0.990187 0.963171
0.990218 0.963077
0.990249 0.962982
0.990279 0.962888
0.99031 0.962793
0.99034 0.962699
0.990369 0.962604
0.990399 0.96251
0.990428 0.962416
0.990456 0.962322
0.990485 0.962228
0.990513 0.962134
0.990541 0.96204
0.990569 0.961946
0.990597 0.961852
0.990624 0.961758
0.990651 0.961665
0.990677 0.961571
0.990704 0.961477
0.99073 0.961384
0.990756 0.96129
0.990782 0.961197
0.990807 0.961104
0.990832 0.961011
0.990857 0.960917
0.990882 0.960824
0.990907 0.960731
0.990931 0.960638
0.990955 0.960546
0.990979 0.960453
0.991002 0.96036
0.991026 0.960267
0.991049 0.960175
0.991072 0.960082
0.991095 0.95999
0.991117 0.959897
0.99114 0.959805
0.991162 0.959713
0.991184 0.959621
0.991205 0.959529
0.991227 0.959437
0.991248 0.959345
0.991269 0.959253
0.99129 0.959161
0.991311 0.959069
0.991332 0.958978
0.991352 0.958886
0.991372 0.958794
0.991392 0.958703
0.991412 0.958612
0.991431 0.95852
0.991451 0.958429
0.99147 0.958338
0.991489 0.958247
0.991508 0.958156
0.991527 0.958065
0.991545 0.957974
0.991564 0.957884
0.991582 0.957793
0.9916 0.957702
0.991618 0.957612
0.991636 0.957522
0.991653 0.957431
0.991671 0.957341
0.991688 0.957251
0.991705 0.957161
0.991722 0.957071
0.991739 0.956981
0.991756 0.956891
0.991772 0.956801
0.991788 0.956711
0.991805 0.956622
0.991821 0.956532
0.991836 0.956443
0.991852 0.956353
0.991868 0.956264
0.991883 0.956175
0.991899 0.956086
0.991914 0.955997
0.991929 0.955908
0.991944 0.955819
0.991959 0.95573
0.991973 0.955641
0.991988 0.955553
0.992002 0.955464
0.992017 0.955376
0.992031 0.955287
0.992045 0.955199
0.992059 0.955111
0.992072 0.955023
0.992086 0.954935
0.9921 0.954847
0.992113 0.954759
0.992126 0.954671
0.992139 0.954583
0.992152 0.954496
0.992165 0.954408
0.992178 0.954321
0.992191 0.954233
0.992203 0.954146
0.992216 0.954059
0.992228 0.953972
0.992241 0.953885
0.992253 0.953798
0.992265 0.953711
0.992277 0.953624
0.992288 0.953538
0.9923 0.953451
0.992312 0.953364
0.992323 0.953278
0.992335 0.953192
0.992346 0.953105
0.992357 0.953019
0.992368 0.952933
0.992379 0.952847
0.99239 0.952761
0.992401 0.952675
0.992412 0.95259
0.992422 0.952504
0.992433 0.952419
0.992443 0.952333
0.992453 0.952248
0.992464 0.952162
0.992474 0.952077
0.992484 0.951992
0.992494 0.951907
0.992504 0.951822
0.992513 0.951737
0.992523 0.951652
0.992533 0.951568
0.992542 0.951483
0.992552 0.951399
0.992561 0.951314
0.99257 0.95123
0.99258 0.951146
0.992589 0.951061
0.992598 0.950977
0.992607 0.950893
0.992615 0.950809
0.992624 0.950726
0.992633 0.950642
0.992641 0.950558
0.99265 0.950475
0.992658 0.950391
0.992667 0.950308
0.992675 0.950225
0.992683 0.950141
0.992692 0.950058
0.9927 0.949975
0.992708 0.949892
0.992716 0.949809
0.992723 0.949727
0.992731 0.949644
0.992739 0.949561
0.992747 0.949479
0.992754 0.949396
0.992762 0.949314
0.992769 0.949232
0.992776 0.94915
0.992784 0.949068
0.992791 0.948986
0.992798 0.948904
0.992805 0.948822
0.992812 0.94874
0.992819 0.948659
0.992826 0.948577
0.992833 0.948496
0.99284 0.948414
0.992847 0.948333
0.992853 0.948252
0.99286 0.948171
0.992866 0.94809
0.992873 0.948009
0.992879 0.947928
0.992886 0.947847
0.992892 0.947767
0.992898 0.947686
0.992904 0.947606
0.99291 0.947525
0.992916 0.947445
0.992922 0.947365
0.992928 0.947285
0.992934 0.947205
0.99294 0.947125
0.992946 0.947045
0.992952 0.946965
0.992957 0.946885
0.992963 0.946806
0.992968 0.946726
0.992974 0.946647
0.992979 0.946567
0.992985 0.946488
0.99299 0.946409
0.992995 0.94633
0.993001 0.946251
0.993006 0.946172
0.993011 0.946093
0.993016 0.946014
0.993021 0.945936
0.993026 0.945857
0.993031 0.945779
0.993036 0.9457
0.993041 0.945622
0.993046 0.945544
0.99305 0.945466
0.993055 0.945388
0.99306 0.94531
0.993064 0.945232
0.993069 0.945154
0.993073 0.945076
0.993078 0.944999
0.993082 0.944921
0.993087 0.944844
0.993091 0.944766
0.993095 0.944689
0.9931 0.944612
0.993104 0.944535
0.993108 0.944458
0.993112 0.944381
0.993116 0.944304
0.99312 0.944227
0.993124 0.944151
0.993128 0.944074
0.993132 0.943997
0.993136 0.943921
0.99314 0.943845
0.993143 0.943768
0.993147 0.943692
0.993151 0.943616
0.993155 0.94354
0.993158 0.943464
0.993162 0.943388
0.993165 0.943313
0.993169 0.943237
0.993172 0.943162
0.993176 0.943086
0.993179 0.943011
0.993183 0.942935
0.993186 0.94286
0.993189 0.942785
0.993192 0.94271
0.993196 0.942635
0.993199 0.94256
0.993202 0.942485
0.993205 0.94241
0.993208 0.942336
0.993211 0.942261
0.993214 0.942187
0.993217 0.942112
0.99322 0.942038
0.993223 0.941964
0.993226 0.94189
0.993229 0.941816
0.993232 0.941742
0.993234 0.941668
0.993237 0.941594
0.99324 0.94152
0.993243 0.941446
0.993245 0.941373
0.993248 0.941299
0.99325 0.941226
0.993253 0.941153
0.993256 0.941079
0.993258 0.941006
0.99326 0.940933
0.993263 0.94086
0.993265 0.940787
0.993268 0.940714
0.99327 0.940642
0.993272 0.940569
0.993275 0.940496
0.993277 0.940424
0.993279 0.940351
0.993281 0.940279
0.993284 0.940207
0.993286 0.940135
0.993288 0.940062
0.99329 0.93999
0.993292 0.939918
0.993294 0.939847
0.993296 0.939775
0.993298 0.939703
0.9933 0.939631
0.993302 0.93956
0.993304 0.939488
0.993306 0.939417
0.993307 0.939346
0.993309 0.939275
0.993311 0.939203
0.993313 0.939132
0.993315 0.939061
0.993316 0.93899
0.993318 0.93892
0.99332 0.938849
0.993321 0.938778
0.993323 0.938707
0.993325 0.938637
0.993326 0.938567
0.993328 0.938496
0.993329 0.938426
0.993331 0.938356
0.993332 0.938285
0.993334 0.938215
0.993335 0.938145
0.993336 0.938076
0.993338 0.938006
0.993339 0.937936
0.993341 0.937866
0.993342 0.937797
0.993343 0.937727
0.993344 0.937658
0.993346 0.937588
0.993347 0.937519
0.993348 0.93745
0.993349 0.937381
0.99335 0.937312
0.993352 0.937243
0.993353 0.937174
0.993354 0.937105
0.993355 0.937036
0.993356 0.936968
0.993357 0.936899
0.993358 0.93683
0.993359 0.936762
0.99336 0.936694
0.993361 0.936625
0.993362 0.936557
0.993363 0.936489
0.993364 0.936421
0.993365 0.936353
0.993366 0.936285
0.993366 0.936217
0.993367 0.936149
0.993368 0.936082
0.993369 0.936014
0.99337 0.935946
0.99337 0.935879
0.993371 0.935811
0.993372 0.935744
0.993373 0.935677
0.993373 0.93561
0.993374 0.935542
0.993375 0.935475
0.993375 0.935408
0.993376 0.935342
0.993376 0.935275
0.993377 0.935208
0.993378 0.935141
0.993378 0.935075
0.993379 0.935008
0.993379 0.934942
0.99338 0.934875
0.99338 0.934809
0.993381 0.934743
0.993381 0.934677
0.993381 0.93461
0.993382 0.934544
0.993382 0.934478
0.993383 0.934413
0.993383 0.934347
0.993383 0.934281
0.993384 0.934215
0.993384 0.93415
0.993384 0.934084
0.993385 0.934019
0.993385 0.933953
0.993385 0.933888
0.993385 0.933823
0.993386 0.933758
0.993386 0.933692
0.993386 0.933627
0.993386 0.933562
0.993386 0.933497
0.993387 0.933433
0.993387 0.933368
0.993387 0.933303
0.993387 0.933239
0.993387 0.933174
0.993387 0.933109
0.993387 0.933045
0.993387 0.932981
0.993387 0.932916
0.993387 0.932852
0.993387 0.932788
0.993387 0.932724
0.993387 0.93266
0.993387 0.932596
0.993387 0.932532
0.993387 0.932468
0.993387 0.932405
0.993387 0.932341
0.993387 0.932277
0.993387 0.932214
0.993387 0.93215
0.993387 0.932087
0.993387 0.932023
0.993386 0.93196
0.993386 0.931897
0.993386 0.931834
0.993386 0.931771
0.993386 0.931708
0.993386 0.931645
0.993385 0.931582
0.993385 0.931519
0.993385 0.931456
0.993385 0.931394
0.993384 0.931331
0.993384 0.931268
0.993384 0.931206
0.993384 0.931144
0.993383 0.931081
0.993383 0.931019
0.993383 0.930957
0.993382 0.930895
0.993382 0.930832
0.993382 0.93077
0.993381 0.930708
0.993381 0.930647
0.99338 0.930585
0.99338 0.930523
0.99338 0.930461
0.993379 0.9304
0.993379 0.930338
0.993378 0.930276
0.993378 0.930215
0.993377 0.930154
0.993377 0.930092
0.993376 0.930031
0.993376 0.92997
0.993375 0.929909
0.993375 0.929848
0.993374 0.929787
0.993374 0.929726
0.993373 0.929665
0.993373 0.929604
0.993372 0.929543
0.993372 0.929482
0.993371 0.929422
0.993371 0.929361
0.99337 0.929301
0.993369 0.92924
0.993369 0.92918
0.993368 0.929119
0.993367 0.929059
0.993367 0.928999
0.993366 0.928939
0.993366 0.928879
0.993365 0.928819
0.993364 0.928759
0.993363 0.928699
0.993363 0.928639
0.993362 0.928579
0.993361 0.928519
0.993361 0.92846
0.99336 0.9284
0.993359 0.928341
0.993358 0.928281
0.993358 0.928222
0.993357 0.928162
0.993356 0.928103
0.993355 0.928044
0.993355 0.927984
0.993354 0.927925
0.993353 0.927866
0.993352 0.927807
0.993351 0.927748
0.993351 0.927689
0.99335 0.92763
0.993349 0.927572
0.993348 0.927513
0.993347 0.927454
0.993346 0.927396
0.993346 0.927337
0.993345 0.927279
0.993344 0.92722
0.993343 0.927162
0.993342 0.927103
0.993341 0.927045
0.99334 0.926987
0.993339 0.926929
0.993338 0.926871
0.993338 0.926813
0.993337 0.926755
0.993336 0.926697
0.993335 0.926639
0.993334 0.926581
0.993333 0.926523
0.993332 0.926466
0.993331 0.926408
0.99333 0.92635
0.993329 0.926293
0.993328 0.926235
0.993327 0.926178
0.993326 0.926121
0.993325 0.926063
0.993324 0.926006
0.993323 0.925949
0.993322 0.925892
0.993321 0.925834
0.99332 0.925777
0.993319 0.92572
0.993318 0.925664
0.993317 0.925607
0.993316 0.92555
0.993315 0.925493
0.993313 0.925436
0.993312 0.92538
0.993311 0.925323
0.99331 0.925266
0.993309 0.92521
0.993308 0.925154
0.993307 0.925097
0.993306 0.925041
0.993305 0.924985
0.993304 0.924928
0.993302 0.924872
0.993301 0.924816
0.9933 0.92476
0.993299 0.924704
0.993298 0.924648
0.993297 0.924592
0.993296 0.924536
0.993294 0.92448
0.993293 0.924424
0.993292 0.924369
0.993291 0.924313
0.99329 0.924258
0.993288 0.924202
0.993287 0.924146
0.993286 0.924091
0.993285 0.924036
0.993284 0.92398
0.993282 0.923925
0.993281 0.92387
0.99328 0.923814
0.993279 0.923759
0.993278 0.923704
0.993276 0.923649
0.993275 0.923594
0.993274 0.923539
0.993273 0.923484
0.993271 0.923429
0.99327 0.923375
0.993269 0.92332
0.993268 0.923265
0.993266 0.923211
0.993265 0.923156
0.993264 0.923101
0.993262 0.923047
0.993261 0.922993
0.99326 0.922938
0.993259 0.922884
0.993257 0.922829
0.993256 0.922775
0.993255 0.922721
0.993253 0.922667
0.993252 0.922613
0.993251 0.922559
0.993249 0.922505
0.993248 0.922451
0.993247 0.922397
0.993245 0.922343
0.993244 0.922289
0.993243 0.922235
0.993241 0.922182
0.99324 0.922128
0.993239 0.922074
0.993237 0.922021
0.993236 0.921967
0.993235 0.921914
0.993233 0.92186
0.993232 0.921807
0.99323 0.921753
0.993229 0.9217
0.993228 0.921647
0.993226 0.921594
0.993225 0.921541
0.993223 0.921487
0.993222 0.921434
0.993221 0.921381
0.993219 0.921328
0.993218 0.921275
0.993216 0.921223
0.993215 0.92117
0.993214 0.921117
0.993212 0.921064
0.993211 0.921011
0.993209 0.920959
0.993208 0.920906
0.993207 0.920854
0.993205 0.920801
0.993204 0.920749
0.993202 0.920696
0.993201 0.920644
0.993199 0.920591
0.993198 0.920539
0.993196 0.920487
0.993195 0.920435
0.993193 0.920383
0.993192 0.92033
0.993191 0.920278
0.993189 0.920226
0.993188 0.920174
0.993186 0.920122
0.993185 0.92007
0.993183 0.920019
0.993182 0.919967
0.99318 0.919915
0.993179 0.919863
0.993177 0.919812
0.993176 0.91976
0.993174 0.919708
0.993173 0.919657
0.993171 0.919605
0.99317 0.919554
0.993168 0.919502
0.993167 0.919451
0.993165 0.9194
0.993164 0.919348
0.993162 0.919297
0.993161 0.919246
0.993159 0.919195
0.993158 0.919144
0.993156 0.919092
0.993155 0.919041
0.993153 0.91899
0.993152 0.918939
0.99315 0.918888
0.993148 0.918838
0.993147 0.918787
0.993145 0.918736
0.993144 0.918685
0.993142 0.918634
0.993141 0.918584
0.993139 0.918533
0.993138 0.918483
0.993136 0.918432
0.993135 0.918381
0.993133 0.918331
0.993131 0.918281
0.99313 0.91823
0.993128 0.91818
0.993127 0.918129
0.993125 0.918079
0.993124 0.918029
0.993122 0.917979
0.99312 0.917929
0.993119 0.917878
0.993117 0.917828
0.993116 0.917778
0.993114 0.917728
0.993113 0.917678
0.993111 0.917628
0.993109 0.917579
0.993108 0.917529
0.993106 0.917479
0.993105 0.917429
0.993103 0.917379
0.993101 0.91733
0.9931 0.91728
0.993098 0.91723
0.993097 0.917181
0.993095 0.917131
0.993093 0.917082
0.993092 0.917032
0.99309 0.916983
0.993089 0.916934
0.993087 0.916884
0.993085 0.916835
0.993084 0.916786
0.993082 0.916736
0.99308 0.916687
0.993079 0.916638
0.993077 0.916589
0.993076 0.91654
0.993074 0.916491
0.993072 0.916442
0.993071 0.916393
0.993069 0.916344
0.993067 0.916295
0.993066 0.916246
0.993064 0.916197
0.993063 0.916148
0.993061 0.9161
0.993059 0.916051
0.993058 0.916002
0.993056 0.915954
0.993054 0.915905
0.993053 0.915856
0.993051 0.915808
0.993049 0.915759
0.993048 0.915711
0.993046 0.915662
0.993044 0.915614
0.993043 0.915566
0.993041 0.915517
0.99304 0.915469
0.993038 0.915421
0.993036 0.915373
0.993035 0.915324
0.993033 0.915276
0.993031 0.915228
0.99303 0.91518
0.993028 0.915132
0.993026 0.915084
0.993025 0.915036
0.993023 0.914988
0.993021 0.91494
0.99302 0.914892
0.993018 0.914844
0.993016 0.914797
0.993015 0.914749
0.993013 0.914701
0.993011 0.914653
0.99301 0.914606
0.993008 0.914558
0.993006 0.91451
0.993005 0.914463
0.993003 0.914415
0.993001 0.914368
0.992999 0.91432
0.992998 0.914273
0.992996 0.914225
0.992994 0.914178
0.992993 0.914131
0.992991 0.914083
0.992989 0.914036
0.992988 0.913989
0.992986 0.913942
0.992984 0.913894
0.992983 0.913847
0.992981 0.9138
0.992979 0.913753
0.992978 0.913706
0.992976 0.913659
0.992974 0.913612
0.992972 0.913565
0.992971 0.913518
0.992969 0.913471
0.992967 0.913424
0.992966 0.913377
0.992964 0.913331
0.992962 0.913284
0.992961 0.913237
0.992959 0.91319
0.992957 0.913144
0.992955 0.913097
0.992954 0.91305
0.992952 0.913004
0.99295 0.912957
0.992949 0.912911
0.992947 0.912864
0.992945 0.912818
0.992944 0.912771
0.992942 0.912725
0.99294 0.912679
0.992938 0.912632
0.992937 0.912586
0.992935 0.91254
0.992933 0.912493
0.992932 0.912447
0.99293 0.912401
0.992928 0.912355
0.992926 0.912309
0.992925 0.912263
0.992923 0.912217
0.992921 0.912171
0.99292 0.912124
0.992918 0.912079
0.992916 0.912033
0.992914 0.911987
0.992913 0.911941
0.992911 0.911895
0.992909 0.911849
0.992907 0.911803
0.992906 0.911757
0.992904 0.911712
0.992902 0.911666
0.992901 0.91162
0.992899 0.911575
0.992897 0.911529
0.992895 0.911483
0.992894 0.911438
0.992892 0.911392
0.99289 0.911347
0.992888 0.911301
0.992887 0.911256
0.992885 0.91121
0.992883 0.911165
0.992882 0.911119
0.99288 0.911074
0.992878 0.911029
0.992876 0.910983
0.992875 0.910938
0.992873 0.910893
0.992871 0.910848
0.992869 0.910802
0.992868 0.910757
0.992866 0.910712
0.992864 0.910667
0.992862 0.910622
0.992861 0.910577
0.992859 0.910532
0.992857 0.910487
0.992856 0.910442
0.992854 0.910397
0.992852 0.910352
0.99285 0.910307
0.992849 0.910262
0.992847 0.910217
0.992845 0.910172
0.992843 0.910128
0.992842 0.910083
0.99284 0.910038
0.992838 0.909993
0.992836 0.909949
0.992835 0.909904
0.992833 0.909859
0.992831 0.909815
0.992829 0.90977
0.992828 0.909725
0.992826 0.909681
0.992824 0.909636
0.992823 0.909592
0.992821 0.909547
0.992819 0.909503
0.992817 0.909459
0.992816 0.909414
0.992814 0.90937
0.992812 0.909325
0.99281 0.909281
0.992809 0.909237
0.992807 0.909192
0.992805 0.909148
0.992803 0.909104
0.992802 0.90906
0.9928 0.909016
0.992798 0.908971
0.992796 0.908927
0.992795 0.908883
0.992793 0.908839
0.992791 0.908795
0.992789 0.908751
0.992788 0.908707
0.992786 0.908663
0.992784 0.908619
0.992782 0.908575
0.992781 0.908531
0.992779 0.908487
0.992777 0.908443
0.992775 0.9084
0.992774 0.908356
0.992772 0.908312
0.99277 0.908268
0.992768 0.908224
0.992767 0.908181
0.992765 0.908137
0.992763 0.908093
0.992761 0.90805
0.99276 0.908006
0.992758 0.907962
0.992756 0.907919
0.992754 0.907875
0.992753 0.907832
0.992751 0.907788
0.992749 0.907745
0.992747 0.907701
0.992746 0.907658
0.992744 0.907614
0.992742 0.907571
0.99274 0.907527
0.992739 0.907484
0.992737 0.907441
0.992735 0.907397
0.992733 0.907354
0.992732 0.907311
0.99273 0.907267
0.992728 0.907224
0.992726 0.907181
0.992725 0.907138
0.992723 0.907094
0.992721 0.907051
0.992719 0.907008
0.992718 0.906965
0.992716 0.906922
0.992714 0.906879
0.992712 0.906836
0.992711 0.906793
0.992709 0.90675
0.992707 0.906707
0.992705 0.906664
0.992704 0.906621
0.992702 0.906578
0.9927 0.906535
0.992698 0.906492
0.992697 0.906449
0.992695 0.906406
0.992693 0.906363
0.992691 0.90632
0.99269 0.906278
0.992688 0.906235
0.992686 0.906192
0.992684 0.906149
0.992683 0.906107
0.992681 0.906064
0.992679 0.906021
0.992677 0.905979
0.992676 0.905936
0.992674 0.905893
0.992672 0.905851
0.99267 0.905808
0.992669 0.905766
0.992667 0.905723
0.992665 0.90568
0.992663 0.905638
0.992662 0.905595
0.99266 0.905553
0.992658 0.905511
0.992656 0.905468
0.992655 0.905426
0.992653 0.905383
0.992651 0.905341
0.992649 0.905298
0.992648 0.905256
0.992646 0.905214
0.992644 0.905172
0.992642 0.905129
0.99264 0.905087
0.992639 0.905045
0.992637 0.905002
0.992635 0.90496
0.992633 0.904918
0.992632 0.904876
0.99263 0.904834
0.992628 0.904791
0.992626 0.904749
0.992625 0.904707
0.992623 0.904665
0.992621 0.904623
0.992619 0.904581
0.992618 0.904539
0.992616 0.904497
0.992614 0.904455
0.992612 0.904413
0.992611 0.904371
0.992609 0.904329
0.992607 0.904287
0.992605 0.904245
0.992604 0.904203
0.992602 0.904161
0.9926 0.904119
0.992598 0.904077
0.992597 0.904036
0.992595 0.903994
0.992593 0.903952
0.992591 0.90391
0.99259 0.903868
0.992588 0.903827
0.992586 0.903785
0.992584 0.903743
0.992583 0.903701
0.992581 0.90366
0.992579 0.903618
0.992577 0.903576
0.992576 0.903535
0.992574 0.903493
0.992572 0.903451
0.99257 0.90341
0.992569 0.903368
0.992567 0.903327
0.992565 0.903285
0.992563 0.903243
0.992562 0.903202
0.99256 0.90316
0.992558 0.903119
0.992556 0.903077
0.992555 0.903036
0.992553 0.902994
0.992551 0.902953
0.992549 0.902912
0.992548 0.90287
0.992546 0.902829
0.992544 0.902787
0.992542 0.902746
0.992541 0.902705
0.992539 0.902663
0.992537 0.902622
0.992535 0.902581
0.992534 0.902539
0.992532 0.902498
0.99253 0.902457
0.992528 0.902416
0.992527 0.902374
0.992525 0.902333
0.992523 0.902292
0.992521 0.902251
0.99252 0.902209
0.992518 0.902168
0.992516 0.902127
0.992514 0.902086
0.992513 0.902045
0.992511 0.902004
0.992509 0.901963
0.992508 0.901921
0.992506 0.90188
0.992504 0.901839
0.992502 0.901798
0.992501 0.901757
0.992499 0.901716
0.992497 0.901675
0.992495 0.901634
0.992494 0.901593
0.992492 0.901552
0.99249 0.901511
0.992488 0.90147
0.992487 0.901429
0.992485 0.901388
0.992483 0.901347
0.992481 0.901306
0.99248 0.901266
0.992478 0.901225
0.992476 0.901184
0.992474 0.901143
0.992473 0.901102
0.992471 0.901061
0.992469 0.90102
0.992467 0.90098
0.992466 0.900939
0.992464 0.900898
0.992462 0.900857
0.99246 0.900816
0.992459 0.900776
0.992457 0.900735
0.992455 0.900694
0.992453 0.900654
0.992452 0.900613
0.99245 0.900572
0.992448 0.900531
0.992446 0.900491
0.992445 0.90045
0.992443 0.900409
0.992441 0.900369
0.992439 0.900328
0.992438 0.900288
0.992436 0.900247
0.992434 0.900206
0.992433 0.900166
0.992431 0.900125
0.992429 0.900085
0.992427 0.900044
0.992426 0.900003
0.992424 0.899963
0.992422 0.899922
0.99242 0.899882
0.992419 0.899841
0.992417 0.899801
0.992415 0.89976
0.992413 0.89972
0.992412 0.899679
0.99241 0.899639
0.992408 0.899599
0.992406 0.899558
0.992405 0.899518
0.992403 0.899477
0.992401 0.899437
0.992399 0.899396
0.992398 0.899356
0.992396 0.899316
0.992394 0.899275
0.992392 0.899235
0.992391 0.899195
0.992389 0.899154
0.992387 0.899114
0.992386 0.899074
0.992384 0.899033
0.992382 0.898993
0.99238 0.898953
0.992379 0.898912
0.992377 0.898872
0.992375 0.898832
0.992373 0.898792
0.992372 0.898751
0.99237 0.898711
0.992368 0.898671
0.992366 0.898631
0.992365 0.89859
0.992363 0.89855
0.992361 0.89851
0.992359 0.89847
0.992358 0.89843
0.992356 0.898389
0.992354 0.898349
0.992352 0.898309
0.992351 0.898269
0.992349 0.898229
0.992347 0.898189
0.992346 0.898148
0.992344 0.898108
0.992342 0.898068
0.99234 0.898028
0.992339 0.897988
0.992337 0.897948
0.992335 0.897908
0.992333 0.897868
0.992332 0.897828
0.99233 0.897788
0.992328 0.897748
0.992326 0.897707
0.992325 0.897667
0.992323 0.897627
0.992321 0.897587
0.992319 0.897547
0.992318 0.897507
0.992316 0.897467
0.992314 0.897427
0.992313 0.897387
0.992311 0.897347
0.992309 0.897307
0.992307 0.897267
0.992306 0.897227
0.992304 0.897187
0.992302 0.897147
0.9923 0.897107
0.992299 0.897068
0.992297 0.897028
0.992295 0.896988
0.992293 0.896948
0.992292 0.896908
0.99229 0.896868
0.992288 0.896828
0.992287 0.896788
0.992285 0.896748
0.992283 0.896708
0.992281 0.896668
0.99228 0.896628
0.992278 0.896589
0.992276 0.896549
0.992274 0.896509
0.992273 0.896469
0.992271 0.896429
0.992269 0.896389
0.992267 0.896349
0.992266 0.89631
0.992264 0.89627
0.992262 0.89623
0.99226 0.89619
0.992259 0.89615
0.992257 0.89611
0.992255 0.896071
0.992254 0.896031
0.992252 0.895991
0.99225 0.895951
0.992248 0.895911
0.992247 0.895872
0.992245 0.895832
0.992243 0.895792
0.992241 0.895752
0.99224 0.895713
0.992238 0.895673
0.992236 0.895633
0.992234 0.895593
0.992233 0.895553
0.992231 0.895514
0.992229 0.895474
0.992228 0.895434
0.992226 0.895395
0.992224 0.895355
0.992222 0.895315
0.992221 0.895275
0.992219 0.895236
0.992217 0.895196
0.992215 0.895156
0.992214 0.895116
0.992212 0.895077
0.99221 0.895037
0.992208 0.894997
0.992207 0.894958
0.992205 0.894918
0.992203 0.894878
0.992202 0.894839
0.9922 0.894799
0.992198 0.894759
0.992196 0.894719
0.992195 0.89468
0.992193 0.89464
0.992191 0.8946
0.992189 0.894561
0.992188 0.894521
0.992186 0.894481
0.992184 0.894442
0.992182 0.894402
0.992181 0.894362
0.992179 0.894323
0.992177 0.894283
0.992175 0.894243
0.992174 0.894204
0.992172 0.894164
0.99217 0.894124
0.992169 0.894085
0.992167 0.894045
0.992165 0.894006
0.992163 0.893966
0.992162 0.893926
0.99216 0.893887
0.992158 0.893847
0.992156 0.893807
0.992155 0.893768
0.992153 0.893728
0.992151 0.893688
0.992149 0.893649
0.992148 0.893609
0.992146 0.89357
0.992144 0.89353
0.992143 0.89349
0.992141 0.893451
0.992139 0.893411
0.992137 0.893371
0.992136 0.893332
0.992134 0.893292
0.992132 0.893253
0.99213 0.893213
0.992129 0.893173
0.992127 0.893134
0.992125 0.893094
0.992123 0.893054
0.992122 0.893015
0.99212 0.892975
0.992118 0.892936
0.992116 0.892896
0.992115 0.892856
0.992113 0.892817
0.992111 0.892777
0.99211 0.892738
0.992108 0.892698
0.992106 0.892658
0.992104 0.892619
0.992103 0.892579
0.992101 0.892539
0.992099 0.8925
0.992097 0.89246
0.992096 0.892421
0.992094 0.892381
0.992092 0.892341
0.99209 0.892302
0.992089 0.892262
0.992087 0.892222
0.992085 0.892183
0.992083 0.892143
0.992082 0.892104
0.99208 0.892064
0.992078 0.892024
0.992077 0.891985
0.992075 0.891945
0.992073 0.891905
0.992071 0.891866
0.99207 0.891826
0.992068 0.891787
0.992066 0.891747
0.992064 0.891707
0.992063 0.891668
0.992061 0.891628
0.992059 0.891588
0.992057 0.891549
0.992056 0.891509
0.992054 0.891469
0.992052 0.89143
0.99205 0.89139
0.992049 0.89135
0.992047 0.891311
0.992045 0.891271
0.992043 0.891231
0.992042 0.891192
0.99204 0.891152
0.992038 0.891112
0.992036 0.891073
0.992035 0.891033
0.992033 0.890993
0.992031 0.890954
0.99203 0.890914
0.992028 0.890874
0.992026 0.890835
0.992024 0.890795
0.992023 0.890755
0.992021 0.890716
0.992019 0.890676
0.992017 0.890636
0.992016 0.890597
0.992014 0.890557
0.992012 0.890517
0.99201 0.890477
0.992009 0.890438
0.992007 0.890398
0.992005 0.890358
0.992003 0.890319
0.992002 0.890279
0.992 0.890239
0.991998 0.890199
0.991996 0.89016
0.991995 0.89012
0.991993 0.89008
0.991991 0.89004
0.991989 0.890001
0.991988 0.889961
0.991986 0.889921
0.991984 0.889881
0.991982 0.889841
0.991981 0.889802
0.991979 0.889762
0.991977 0.889722
0.991975 0.889682
0.991974 0.889643
0.991972 0.889603
0.99197 0.889563
0.991968 0.889523
0.991967 0.889483
0.991965 0.889443
0.991963 0.889404
0.991961 0.889364
0.99196 0.889324
0.991958 0.889284
0.991956 0.889244
0.991954 0.889204
0.991953 0.889165
0.991951 0.889125
0.991949 0.889085
0.991947 0.889045
0.991946 0.889005
0.991944 0.888965
0.991942 0.888925
0.99194 0.888885
0.991939 0.888846
0.991937 0.888806
0.991935 0.888766
0.991933 0.888726
0.991932 0.888686
0.99193 0.888646
0.991928 0.888606
0.991926 0.888566
0.991925 0.888526
0.991923 0.888486
0.991921 0.888446
0.991919 0.888406
0.991918 0.888366
0.991916 0.888326
0.991914 0.888286
0.991912 0.888246
0.991911 0.888206
0.991909 0.888166
0.991907 0.888126
0.991905 0.888086
0.991903 0.888046
0.991902 0.888006
0.9919 0.887966
0.991898 0.887926
0.991896 0.887886
0.991895 0.887846
0.991893 0.887806
0.991891 0.887766
0.991889 0.887726
0.991888 0.887686
0.991886 0.887645
0.991884 0.887605
0.991882 0.887565
0.991881 0.887525
0.991879 0.887485
0.991877 0.887445
0.991875 0.887405
0.991873 0.887364
0.991872 0.887324
0.99187 0.887284
0.991868 0.887244
0.991866 0.887204
0.991865 0.887164
0.991863 0.887123
0.991861 0.887083
0.991859 0.887043
0.991858 0.887003
0.991856 0.886962
0.991854 0.886922
0.991852 0.886882
0.99185 0.886842
0.991849 0.886801
0.991847 0.886761
0.991845 0.886721
0.991843 0.88668
0.991842 0.88664
0.99184 0.8866
0.991838 0.886559
0.991836 0.886519
0.991835 0.886479
0.991833 0.886438
0.991831 0.886398
0.991829 0.886358
0.991827 0.886317
0.991826 0.886277
0.991824 0.886236
0.991822 0.886196
0.99182 0.886156
0.991819 0.886115
0.991817 0.886075
0.991815 0.886034
0.991813 0.885994
0.991811 0.885953
0.99181 0.885913
0.991808 0.885872
0.991806 0.885832
0.991804 0.885791
0.991803 0.885751
0.991801 0.88571
0.991799 0.88567
0.991797 0.885629
0.991795 0.885588
0.991794 0.885548
0.991792 0.885507
0.99179 0.885467
0.991788 0.885426
0.991786 0.885385
0.991785 0.885345
0.991783 0.885304
0.991781 0.885263
0.991779 0.885223
0.991778 0.885182
0.991776 0.885141
0.991774 0.885101
0.991772 0.88506
0.99177 0.885019
0.991769 0.884978
0.991767 0.884938
0.991765 0.884897
0.991763 0.884856
0.991761 0.884815
0.99176 0.884775
0.991758 0.884734
0.991756 0.884693
0.991754 0.884652
0.991752 0.884611
0.991751 0.88457
0.991749 0.884529
0.991747 0.884488
0.991745 0.884448
0.991743 0.884407
0.991742 0.884366
0.99174 0.884325
0.991738 0.884284
0.991736 0.884243
0.991734 0.884202
0.991733 0.884161
0.991731 0.88412
0.991729 0.884079
0.991727 0.884038
0.991725 0.883997
0.991724 0.883956
0.991722 0.883915
0.99172 0.883873
0.991718 0.883832
0.991716 0.883791
0.991715 0.88375
0.991713 0.883709
0.991711 0.883668
0.991709 0.883627
0.991707 0.883585
0.991706 0.883544
0.991704 0.883503
0.991702 0.883462
0.9917 0.88342
0.991698 0.883379
0.991696 0.883338
0.991695 0.883297
0.991693 0.883255
0.991691 0.883214
0.991689 0.883173
0.991687 0.883131
0.991686 0.88309
0.991684 0.883049
0.991682 0.883007
0.99168 0.882966
0.991678 0.882924
0.991676 0.882883
0.991675 0.882841
0.991673 0.8828
0.991671 0.882758
0.991669 0.882717
0.991667 0.882675
0.991666 0.882634
0.991664 0.882592
0.991662 0.882551
0.99166 0.882509
0.991658 0.882467
0.991656 0.882426
0.991655 0.882384
0.991653 0.882343
0.991651 0.882301
0.991649 0.882259
0.991647 0.882218
0.991645 0.882176
0.991644 0.882134
0.991642 0.882092
0.99164 0.882051
0.991638 0.882009
0.991636 0.881967
0.991634 0.881925
0.991633 0.881883
0.991631 0.881841
0.991629 0.8818
0.991627 0.881758
0.991625 0.881716
0.991623 0.881674
0.991622 0.881632
0.99162 0.88159
0.991618 0.881548
0.991616 0.881506
0.991614 0.881464
0.991612 0.881422
0.99161 0.88138
0.991609 0.881338
0.991607 0.881296
0.991605 0.881254
0.991603 0.881211
0.991601 0.881169
0.991599 0.881127
0.991598 0.881085
0.991596 0.881043
0.991594 0.881
0.991592 0.880958
0.99159 0.880916
0.991588 0.880874
0.991586 0.880831
0.991585 0.880789
0.991583 0.880747
0.991581 0.880704
0.991579 0.880662
0.991577 0.88062
0.991575 0.880577
0.991573 0.880535
0.991572 0.880492
0.99157 0.88045
0.991568 0.880407
0.991566 0.880365
0.991564 0.880322
0.991562 0.88028
0.99156 0.880237
0.991558 0.880195
0.991557 0.880152
0.991555 0.880109
0.991553 0.880067
0.991551 0.880024
0.991549 0.879981
0.991547 0.879939
0.991545 0.879896
0.991543 0.879853
0.991542 0.87981
0.99154 0.879768
0.991538 0.879725
0.991536 0.879682
0.991534 0.879639
0.991532 0.879596
0.99153 0.879553
0.991528 0.87951
0.991527 0.879467
0.991525 0.879424
0.991523 0.879381
0.991521 0.879338
0.991519 0.879295
0.991517 0.879252
0.991515 0.879209
0.991513 0.879166
0.991511 0.879123
0.99151 0.87908
0.991508 0.879037
0.991506 0.878993
0.991504 0.87895
0.991502 0.878907
0.9915 0.878864
0.991498 0.87882
0.991496 0.878777
0.991494 0.878734
0.991493 0.87869
0.991491 0.878647
0.991489 0.878604
0.991487 0.87856
0.991485 0.878517
0.991483 0.878473
0.991481 0.87843
0.991479 0.878386
0.991477 0.878343
0.991475 0.878299
0.991473 0.878256
0.991472 0.878212
0.99147 0.878168
0.991468 0.878125
0.991466 0.878081
0.991464 0.878037
0.991462 0.877993
0.99146 0.87795
0.991458 0.877906
0.991456 0.877862
0.991454 0.877818
0.991452 0.877774
0.99145 0.87773
0.991449 0.877687
0.991447 0.877643
0.991445 0.877599
0.991443 0.877555
0.991441 0.877511
0.991439 0.877467
0.991437 0.877423
0.991435 0.877378
0.991433 0.877334
0.991431 0.87729
0.991429 0.877246
0.991427 0.877202
0.991425 0.877158
0.991423 0.877113
0.991422 0.877069
0.99142 0.877025
0.991418 0.87698
0.991416 0.876936
0.991414 0.876892
0.991412 0.876847
0.99141 0.876803
0.991408 0.876758
0.991406 0.876714
0.991404 0.876669
0.991402 0.876625
0.9914 0.87658
0.991398 0.876536
0.991396 0.876491
0.991394 0.876446
0.991392 0.876402
0.99139 0.876357
0.991388 0.876312
0.991386 0.876267
0.991384 0.876222
0.991383 0.876178
0.991381 0.876133
0.991379 0.876088
0.991377 0.876043
0.991375 0.875998
0.991373 0.875953
0.991371 0.875908
0.991369 0.875863
0.991367 0.875818
0.991365 0.875773
0.991363 0.875728
0.991361 0.875683
0.991359 0.875637
0.991357 0.875592
0.991355 0.875547
0.991353 0.875502
0.991351 0.875456
0.991349 0.875411
0.991347 0.875366
0.991345 0.87532
0.991343 0.875275
0.991341 0.875229
0.991339 0.875184
0.991337 0.875138
0.991335 0.875093
0.991333 0.875047
0.991331 0.875002
0.991329 0.874956
0.991327 0.87491
0.991325 0.874865
0.991323 0.874819
0.991321 0.874773
0.991319 0.874727
0.991317 0.874681
0.991315 0.874636
0.991313 0.87459
0.991311 0.874544
0.991309 0.874498
0.991307 0.874452
0.991305 0.874406
0.991303 0.87436
0.991301 0.874314
0.991299 0.874268
0.991297 0.874221
0.991295 0.874175
0.991293 0.874129
0.991291 0.874083
0.991289 0.874036
0.991287 0.87399
0.991285 0.873944
0.991283 0.873897
0.991281 0.873851
0.991279 0.873804
0.991277 0.873758
0.991275 0.873711
0.991273 0.873665
0.991271 0.873618
0.991269 0.873572
0.991267 0.873525
0.991265 0.873478
0.991263 0.873432
0.991261 0.873385
0.991258 0.873338
0.991256 0.873291
0.991254 0.873244
0.991252 0.873197
0.99125 0.87315
0.991248 0.873103
0.991246 0.873056
0.991244 0.873009
0.991242 0.872962
0.99124 0.872915
0.991238 0.872868
0.991236 0.872821
0.991234 0.872773
0.991232 0.872726
0.99123 0.872679
0.991228 0.872632
0.991226 0.872584
0.991224 0.872537
0.991221 0.872489
0.991219 0.872442
0.991217 0.872394
0.991215 0.872347
0.991213 0.872299
0.991211 0.872251
0.991209 0.872204
0.991207 0.872156
0.991205 0.872108
0.991203 0.87206
0.991201 0.872013
0.991199 0.871965
0.991196 0.871917
0.991194 0.871869
0.991192 0.871821
0.99119 0.871773
0.991188 0.871725
0.991186 0.871677
0.991184 0.871629
0.991182 0.87158
0.99118 0.871532
0.991178 0.871484
0.991176 0.871436
0.991173 0.871387
0.991171 0.871339
0.991169 0.87129
0.991167 0.871242
0.991165 0.871193
0.991163 0.871145
0.991161 0.871096
0.991159 0.871048
0.991156 0.870999
0.991154 0.87095
0.991152 0.870901
0.99115 0.870853
0.991148 0.870804
0.991146 0.870755
0.991144 0.870706
0.991142 0.870657
0.991139 0.870608
0.991137 0.870559
0.991135 0.87051
0.991133 0.870461
0.991131 0.870412
0.991129 0.870362
0.991127 0.870313
0.991124 0.870264
0.991122 0.870214
0.99112 0.870165
0.991118 0.870116
0.991116 0.870066
0.991114 0.870017
0.991112 0.869967
0.991109 0.869917
0.991107 0.869868
0.991105 0.869818
0.991103 0.869768
0.991101 0.869719
0.991099 0.869669
0.991096 0.869619
0.991094 0.869569
0.991092 0.869519
0.99109 0.869469
0.991088 0.869419
0.991086 0.869369
0.991083 0.869319
0.991081 0.869268
0.991079 0.869218
0.991077 0.869168
0.991075 0.869118
0.991072 0.869067
0.99107 0.869017
0.991068 0.868966
0.991066 0.868916
0.991064 0.868865
0.991061 0.868815
0.991059 0.868764
0.991057 0.868713
0.991055 0.868662
0.991053 0.868612
0.99105 0.868561
0.991048 0.86851
0.991046 0.868459
0.991044 0.868408
0.991042 0.868357
0.991039 0.868306
0.991037 0.868255
0.991035 0.868203
0.991033 0.868152
0.99103 0.868101
0.991028 0.86805
0.991026 0.867998
0.991024 0.867947
0.991021 0.867895
0.991019 0.867844
0.991017 0.867792
0.991015 0.86774
0.991013 0.867689
0.99101 0.867637
0.991008 0.867585
0.991006 0.867533
0.991004 0.867481
0.991001 0.867429
0.990999 0.867377
0.990997 0.867325
0.990994 0.867273
0.990992 0.867221
0.99099 0.867169
0.990988 0.867117
0.990985 0.867064
0.990983 0.867012
0.990981 0.86696
0.990979 0.866907
0.990976 0.866855
0.990974 0.866802
0.990972 0.866749
0.990969 0.866697
0.990967 0.866644
0.990965 0.866591
0.990963 0.866538
0.99096 0.866485
0.990958 0.866432
0.990956 0.866379
0.990953 0.866326
0.990951 0.866273
0.990949 0.86622
0.990946 0.866167
0.990944 0.866113
0.990942 0.86606
0.99094 0.866007
0.990937 0.865953
0.990935 0.8659
0.990933 0.865846
0.99093 0.865793
0.990928 0.865739
0.990926 0.865685
0.990923 0.865631
0.990921 0.865577
0.990919 0.865524
0.990916 0.86547
0.990914 0.865416
0.990912 0.865361
0.990909 0.865307
0.990907 0.865253
0.990904 0.865199
0.990902 0.865145
0.9909 0.86509
0.990897 0.865036
0.990895 0.864981
0.990893 0.864927
0.99089 0.864872
0.990888 0.864817
0.990886 0.864763
0.990883 0.864708
0.990881 0.864653
0.990878 0.864598
0.990876 0.864543
0.990874 0.864488
0.990871 0.864433
0.990869 0.864378
0.990867 0.864322
0.990864 0.864267
0.990862 0.864212
0.990859 0.864156
0.990857 0.864101
0.990855 0.864045
0.990852 0.86399
0.99085 0.863934
0.990847 0.863878
0.990845 0.863823
0.990842 0.863767
0.99084 0.863711
0.990838 0.863655
0.990835 0.863599
0.990833 0.863543
0.99083 0.863487
0.990828 0.86343
0.990825 0.863374
0.990823 0.863318
0.990821 0.863261
0.990818 0.863205
0.990816 0.863148
0.990813 0.863091
0.990811 0.863035
0.990808 0.862978
0.990806 0.862921
0.990803 0.862864
0.990801 0.862807
0.990798 0.86275
0.990796 0.862693
0.990794 0.862636
0.990791 0.862579
0.990789 0.862521
0.990786 0.862464
0.990784 0.862407
0.990781 0.862349
0.990779 0.862291
0.990776 0.862234
0.990774 0.862176
0.990771 0.862118
0.990769 0.86206
0.990766 0.862003
0.990764 0.861945
0.990761 0.861886
0.990759 0.861828
0.990756 0.86177
0.990754 0.861712
0.990751 0.861653
0.990748 0.861595
0.990746 0.861537
0.990743 0.861478
0.990741 0.861419
0.990738 0.861361
0.990736 0.861302
0.990733 0.861243
0.990731 0.861184
0.990728 0.861125
0.990726 0.861066
0.990723 0.861007
0.990721 0.860947
0.990718 0.860888
0.990715 0.860829
0.990713 0.860769
0.99071 0.86071
0.990708 0.86065
0.990705 0.86059
0.990703 0.860531
0.9907 0.860471
0.990697 0.860411
0.990695 0.860351
0.990692 0.860291
0.99069 0.860231
0.990687 0.860171
0.990684 0.86011
0.990682 0.86005
0.990679 0.859989
0.990677 0.859929
0.990674 0.859868
0.990671 0.859808
0.990669 0.859747
0.990666 0.859686
0.990663 0.859625
0.990661 0.859564
0.990658 0.859503
0.990655 0.859442
0.990653 0.85938
0.99065 0.859319
0.990648 0.859258
0.990645 0.859196
0.990642 0.859135
0.99064 0.859073
0.990637 0.859011
0.990634 0.858949
0.990632 0.858887
0.990629 0.858825
0.990626 0.858763
0.990624 0.858701
0.990621 0.858639
0.990618 0.858577
0.990615 0.858514
0.990613 0.858452
0.99061 0.858389
0.990607 0.858326
0.990605 0.858264
0.990602 0.858201
0.990599 0.858138
0.990597 0.858075
0.990594 0.858012
0.990591 0.857949
0.990588 0.857885
0.990586 0.857822
0.990583 0.857758
0.99058 0.857695
0.990577 0.857631
0.990575 0.857568
0.990572 0.857504
0.990569 0.85744
0.990566 0.857376
0.990564 0.857312
0.990561 0.857248
0.990558 0.857183
0.990555 0.857119
0.990553 0.857055
0.99055 0.85699
0.990547 0.856925
0.990544 0.856861
0.990541 0.856796
0.990539 0.856731
0.990536 0.856666
0.990533 0.856601
0.99053 0.856536
0.990527 0.85647
0.990525 0.856405
0.990522 0.85634
0.990519 0.856274
0.990516 0.856208
0.990513 0.856143
0.99051 0.856077
0.990508 0.856011
0.990505 0.855945
0.990502 0.855879
0.990499 0.855812
0.990496 0.855746
0.990493 0.85568
0.990491 0.855613
0.990488 0.855546
0.990485 0.85548
0.990482 0.855413
0.990479 0.855346
0.990476 0.855279
0.990473 0.855212
0.99047 0.855145
0.990467 0.855077
0.990465 0.85501
0.990462 0.854942
0.990459 0.854875
0.990456 0.854807
0.990453 0.854739
0.99045 0.854671
0.990447 0.854603
0.990444 0.854535
0.990441 0.854467
0.990438 0.854398
0.990435 0.85433
0.990432 0.854261
0.990429 0.854193
0.990426 0.854124
0.990423 0.854055
0.990421 0.853986
0.990418 0.853917
0.990415 0.853848
0.990412 0.853778
0.990409 0.853709
0.990406 0.853639
0.990403 0.85357
0.9904 0.8535
0.990397 0.85343
0.990394 0.85336
0.990391 0.85329
0.990388 0.85322
0.990385 0.85315
0.990382 0.853079
0.990379 0.853009
0.990375 0.852938
0.990372 0.852867
0.990369 0.852796
0.990366 0.852726
0.990363 0.852654
0.99036 0.852583
0.990357 0.852512
0.990354 0.85244
0.990351 0.852369
0.990348 0.852297
0.990345 0.852226
0.990342 0.852154
0.990339 0.852082
0.990336 0.852009
0.990332 0.851937
0.990329 0.851865
0.990326 0.851792
0.990323 0.85172
0.99032 0.851647
0.990317 0.851574
0.990314 0.851501
0.990311 0.851428
0.990308 0.851355
0.990304 0.851282
0.990301 0.851208
0.990298 0.851135
0.990295 0.851061
0.990292 0.850987
0.990289 0.850913
0.990285 0.850839
0.990282 0.850765
0.990279 0.850691
0.990276 0.850616
0.990273 0.850542
0.990269 0.850467
0.990266 0.850392
0.990263 0.850317
0.99026 0.850242
0.990257 0.850167
0.990253 0.850092
0.99025 0.850016
0.990247 0.849941
0.990244 0.849865
0.99024 0.849789
0.990237 0.849713
0.990234 0.849637
0.990231 0.849561
0.990227 0.849484
0.990224 0.849408
0.990221 0.849331
0.990217 0.849254
0.990214 0.849178
0.990211 0.849101
0.990208 0.849023
0.990204 0.848946
0.990201 0.848869
0.990198 0.848791
0.990194 0.848713
0.990191 0.848635
0.990188 0.848557
0.990184 0.848479
0.990181 0.848401
0.990177 0.848323
0.990174 0.848244
0.990171 0.848165
0.990167 0.848087
0.990164 0.848008
0.990161 0.847928
0.990157 0.847849
0.990154 0.84777
0.99015 0.84769
0.990147 0.847611
0.990144 0.847531
0.99014 0.847451
0.990137 0.847371
0.990133 0.84729
0.99013 0.84721
0.990126 0.847129
0.990123 0.847049
0.990119 0.846968
0.990116 0.846887
0.990113 0.846806
0.990109 0.846724
0.990106 0.846643
0.990102 0.846561
0.990099 0.84648
0.990095 0.846398
0.990092 0.846316
0.990088 0.846233
0.990085 0.846151
0.990081 0.846068
0.990077 0.845986
0.990074 0.845903
0.99007 0.84582
0.990067 0.845737
0.990063 0.845653
0.99006 0.84557
0.990056 0.845486
0.990052 0.845403
0.990049 0.845319
0.990045 0.845234
0.990042 0.84515
0.990038 0.845066
0.990034 0.844981
0.990031 0.844896
0.990027 0.844812
0.990024 0.844726
0.99002 0.844641
0.990016 0.844556
0.990013 0.84447
0.990009 0.844384
0.990005 0.844299
0.990002 0.844212
0.989998 0.844126
0.989994 0.84404
0.989991 0.843953
0.989987 0.843866
0.989983 0.843779
0.989979 0.843692
0.989976 0.843605
0.989972 0.843518
0.989968 0.84343
0.989964 0.843342
0.989961 0.843254
0.989957 0.843166
0.989953 0.843078
0.989949 0.842989
0.989946 0.842901
0.989942 0.842812
0.989938 0.842723
0.989934 0.842634
0.98993 0.842544
0.989926 0.842455
0.989923 0.842365
0.989919 0.842275
0.989915 0.842185
0.989911 0.842094
0.989907 0.842004
0.989903 0.841913
0.9899 0.841822
0.989896 0.841731
0.989892 0.84164
0.989888 0.841549
0.989884 0.841457
0.98988 0.841365
0.989876 0.841273
0.989872 0.841181
0.989868 0.841089
0.989864 0.840996
0.98986 0.840903
0.989856 0.84081
0.989852 0.840717
0.989848 0.840624
0.989844 0.84053
0.98984 0.840437
0.989836 0.840343
0.989832 0.840248
0.989828 0.840154
0.989824 0.84006
0.98982 0.839965
0.989816 0.83987
0.989812 0.839775
0.989808 0.839679
0.989804 0.839584
0.9898 0.839488
0.989796 0.839392
0.989792 0.839296
0.989788 0.839199
0.989783 0.839103
0.989779 0.839006
0.989775 0.838909
0.989771 0.838812
0.989767 0.838714
0.989763 0.838617
0.989759 0.838519
0.989754 0.838421
0.98975 0.838322
0.989746 0.838224
0.989742 0.838125
0.989738 0.838026
0.989733 0.837927
0.989729 0.837828
0.989725 0.837728
0.989721 0.837628
0.989716 0.837528
0.989712 0.837428
0.989708 0.837327
0.989704 0.837227
0.989699 0.837126
0.989695 0.837025
0.989691 0.836923
0.989686 0.836821
0.989682 0.83672
0.989678 0.836618
0.989673 0.836515
0.989669 0.836413
0.989664 0.83631
0.98966 0.836207
0.989656 0.836103
0.989651 0.836
0.989647 0.835896
0.989642 0.835792
0.989638 0.835688
0.989634 0.835584
0.989629 0.835479
0.989625 0.835374
0.98962 0.835269
0.989616 0.835163
0.989611 0.835058
0.989607 0.834952
0.989602 0.834845
0.989598 0.834739
0.989593 0.834632
0.989588 0.834525
0.989584 0.834418
0.989579 0.834311
0.989575 0.834203
0.98957 0.834095
0.989566 0.833987
0.989561 0.833878
0.989556 0.83377
0.989552 0.833661
0.989547 0.833551
0.989542 0.833442
0.989538 0.833332
0.989533 0.833222
0.989528 0.833112
0.989524 0.833001
0.989519 0.83289
0.989514 0.832779
0.989509 0.832668
0.989505 0.832556
0.9895 0.832444
0.989495 0.832332
0.98949 0.83222
0.989486 0.832107
0.989481 0.831994
0.989476 0.83188
0.989471 0.831767
0.989466 0.831653
0.989461 0.831539
0.989457 0.831424
0.989452 0.83131
0.989447 0.831195
0.989442 0.831079
0.989437 0.830964
0.989432 0.830848
0.989427 0.830732
0.989422 0.830615
0.989417 0.830499
0.989412 0.830381
0.989407 0.830264
0.989402 0.830147
0.989397 0.830029
0.989392 0.82991
0.989387 0.829792
0.989382 0.829673
0.989377 0.829554
0.989372 0.829434
0.989367 0.829315
0.989362 0.829194
0.989357 0.829074
0.989352 0.828953
0.989346 0.828832
0.989341 0.828711
0.989336 0.828589
0.989331 0.828467
0.989326 0.828345
0.989321 0.828223
0.989315 0.8281
0.98931 0.827976
0.989305 0.827853
0.9893 0.827729
0.989294 0.827605
0.989289 0.82748
0.989284 0.827355
0.989278 0.82723
0.989273 0.827105
0.989268 0.826979
0.989262 0.826853
0.989257 0.826726
0.989252 0.826599
0.989246 0.826472
0.989241 0.826344
0.989235 0.826216
0.98923 0.826088
0.989224 0.825959
0.989219 0.82583
0.989214 0.825701
0.989208 0.825572
0.989202 0.825441
0.989197 0.825311
0.989191 0.82518
0.989186 0.825049
0.98918 0.824918
0.989175 0.824786
0.989169 0.824654
0.989163 0.824521
0.989158 0.824388
0.989152 0.824255
0.989146 0.824121
0.989141 0.823987
0.989135 0.823853
0.989129 0.823718
0.989124 0.823583
0.989118 0.823447
0.989112 0.823312
0.989106 0.823175
0.989101 0.823039
0.989095 0.822901
0.989089 0.822764
0.989083 0.822626
0.989077 0.822488
0.989071 0.822349
0.989065 0.82221
0.989059 0.822071
0.989054 0.821931
0.989048 0.821791
0.989042 0.82165
0.989036 0.821509
0.98903 0.821367
0.989024 0.821226
0.989018 0.821083
0.989012 0.820941
0.989006 0.820797
0.988999 0.820654
0.988993 0.82051
0.988987 0.820365
0.988981 0.820221
0.988975 0.820075
0.988969 0.81993
0.988963 0.819784
0.988956 0.819637
0.98895 0.81949
0.988944 0.819343
0.988938 0.819195
0.988931 0.819047
0.988925 0.818898
0.988919 0.818749
0.988912 0.818599
0.988906 0.818449
0.9889 0.818298
0.988893 0.818147
0.988887 0.817996
0.98888 0.817844
0.988874 0.817692
0.988867 0.817539
0.988861 0.817385
0.988854 0.817232
0.988848 0.817077
0.988841 0.816923
0.988835 0.816767
0.988828 0.816612
0.988822 0.816456
0.988815 0.816299
0.988808 0.816142
0.988802 0.815984
0.988795 0.815826
0.988788 0.815667
0.988781 0.815508
0.988775 0.815349
0.988768 0.815188
0.988761 0.815028
0.988754 0.814867
0.988747 0.814705
0.988741 0.814543
0.988734 0.81438
0.988727 0.814217
0.98872 0.814053
0.988713 0.813889
0.988706 0.813724
0.988699 0.813559
0.988692 0.813393
0.988685 0.813227
0.988678 0.81306
0.988671 0.812892
0.988663 0.812724
0.988656 0.812556
0.988649 0.812387
0.988642 0.812217
0.988635 0.812047
0.988628 0.811876
0.98862 0.811705
0.988613 0.811533
0.988606 0.811361
0.988598 0.811187
0.988591 0.811014
0.988584 0.81084
0.988576 0.810665
0.988569 0.81049
0.988561 0.810314
0.988554 0.810137
0.988546 0.80996
0.988539 0.809782
0.988531 0.809604
0.988524 0.809425
0.988516 0.809246
0.988509 0.809066
0.988501 0.808885
0.988493 0.808703
0.988486 0.808521
0.988478 0.808339
0.98847 0.808156
0.988462 0.807972
0.988454 0.807787
0.988447 0.807602
0.988439 0.807416
0.988431 0.80723
0.988423 0.807043
0.988415 0.806855
0.988407 0.806667
0.988399 0.806478
0.988391 0.806288
0.988383 0.806098
0.988375 0.805907
0.988367 0.805715
0.988359 0.805523
0.98835 0.80533
0.988342 0.805136
0.988334 0.804942
0.988326 0.804746
0.988317 0.804551
0.988309 0.804354
0.988301 0.804157
0.988292 0.803959
0.988284 0.80376
0.988276 0.803561
0.988267 0.803361
0.988259 0.80316
0.98825 0.802958
0.988241 0.802756
0.988233 0.802553
0.988224 0.802349
0.988216 0.802145
0.988207 0.80194
0.988198 0.801734
0.988189 0.801527
0.988181 0.801319
0.988172 0.801111
0.988163 0.800902
0.988154 0.800692
0.988145 0.800481
0.988136 0.80027
0.988127 0.800058
0.988118 0.799845
0.988109 0.799631
0.9881 0.799416
0.988091 0.799201
0.988082 0.798984
0.988073 0.798767
0.988063 0.798549
0.988054 0.798331
0.988045 0.798111
0.988036 0.797891
0.988026 0.797669
0.988017 0.797447
0.988007 0.797224
0.987998 0.797
0.987988 0.796776
0.987979 0.79655
0.987969 0.796324
0.98796 0.796096
0.98795 0.795868
0.98794 0.795639
0.98793 0.795409
0.987921 0.795178
0.987911 0.794946
0.987901 0.794713
0.987891 0.79448
0.987881 0.794245
0.987871 0.794009
0.987861 0.793773
0.987851 0.793535
0.987841 0.793297
0.987831 0.793058
0.987821 0.792817
0.98781 0.792576
0.9878 0.792334
0.98779 0.79209
0.987779 0.791846
0.987769 0.791601
0.987759 0.791355
0.987748 0.791108
0.987738 0.790859
0.987727 0.79061
0.987716 0.79036
0.987706 0.790108
0.987695 0.789856
0.987684 0.789602
0.987674 0.789348
0.987663 0.789092
0.987652 0.788836
0.987641 0.788578
0.98763 0.788319
0.987619 0.788059
0.987608 0.787798
0.987597 0.787536
0.987586 0.787273
0.987574 0.787009
0.987563 0.786744
0.987552 0.786477
0.987541 0.786209
0.987529 0.78594
0.987518 0.78567
0.987506 0.785399
0.987495 0.785127
0.987483 0.784853
0.987471 0.784579
0.98746 0.784303
0.987448 0.784026
0.987436 0.783747
0.987424 0.783468
0.987412 0.783187
0.9874 0.782905
0.987388 0.782622
0.987376 0.782337
0.987364 0.782052
0.987352 0.781765
0.98734 0.781476
0.987327 0.781187
0.987315 0.780896
0.987303 0.780604
0.98729 0.78031
0.987278 0.780015
0.987265 0.779719
0.987252 0.779422
0.98724 0.779123
0.987227 0.778823
0.987214 0.778521
0.987201 0.778218
0.987188 0.777914
0.987175 0.777608
0.987162 0.777301
0.987149 0.776992
0.987136 0.776682
0.987123 0.776371
0.987109 0.776058
0.987096 0.775743
0.987083 0.775428
0.987069 0.77511
0.987055 0.774792
0.987042 0.774471
0.987028 0.774149
0.987014 0.773826
0.987001 0.773501
0.986987 0.773175
0.986973 0.772847
0.986959 0.772517
0.986945 0.772186
0.98693 0.771854
0.986916 0.771519
0.986902 0.771183
0.986887 0.770846
0.986873 0.770507
0.986859 0.770166
0.986844 0.769823
0.986829 0.769479
0.986815 0.769133
0.9868 0.768786
0.986785 0.768436
0.98677 0.768086
0.986755 0.767733
0.98674 0.767378
0.986724 0.767022
0.986709 0.766664
0.986694 0.766304
0.986678 0.765943
0.986663 0.765579
0.986647 0.765214
0.986632 0.764847
0.986616 0.764478
0.9866 0.764107
0.986584 0.763735
0.986568 0.76336
0.986552 0.762983
0.986536 0.762605
0.98652 0.762225
0.986503 0.761842
0.986487 0.761458
0.98647 0.761072
0.986454 0.760683
0.986437 0.760293
0.98642 0.759901
0.986403 0.759506
0.986386 0.75911
0.986369 0.758711
0.986352 0.758311
0.986335 0.757908
0.986317 0.757503
0.9863 0.757096
0.986282 0.756687
0.986265 0.756275
0.986247 0.755861
0.986229 0.755446
0.986211 0.755028
0.986193 0.754607
0.986175 0.754185
0.986157 0.75376
0.986139 0.753333
0.98612 0.752903
0.986102 0.752471
0.986083 0.752037
0.986064 0.7516
0.986045 0.751161
0.986026 0.75072
0.986007 0.750276
0.985988 0.74983
0.985969 0.749381
0.985949 0.748929
0.98593 0.748476
0.98591 0.748019
0.98589 0.74756
0.98587 0.747099
0.98585 0.746634
0.98583 0.746168
0.98581 0.745698
0.98579 0.745226
0.985769 0.744751
0.985749 0.744274
0.985728 0.743793
0.985707 0.74331
0.985686 0.742825
0.985665 0.742336
0.985644 0.741844
0.985622 0.74135
0.985601 0.740853
0.985579 0.740353
0.985557 0.73985
0.985535 0.739344
0.985513 0.738835
0.985491 0.738323
0.985469 0.737808
0.985446 0.73729
0.985424 0.736769
0.985401 0.736244
0.985378 0.735717
0.985355 0.735186
0.985332 0.734653
0.985309 0.734116
0.985285 0.733575
0.985261 0.733032
0.985238 0.732485
0.985214 0.731935
0.98519 0.731381
0.985165 0.730825
0.985141 0.730264
0.985116 0.7297
0.985092 0.729133
0.985067 0.728562
0.985042 0.727988
0.985017 0.72741
0.984991 0.726829
0.984966 0.726244
0.98494 0.725655
0.984914 0.725062
0.984888 0.724466
0.984862 0.723866
0.984835 0.723262
0.984808 0.722655
0.984782 0.722043
0.984755 0.721428
0.984728 0.720808
0.9847 0.720185
0.984673 0.719557
0.984645 0.718926
0.984617 0.71829
0.984589 0.717651
0.98456 0.717007
0.984532 0.716359
0.984503 0.715707
0.984474 0.71505
0.984445 0.714389
0.984416 0.713724
0.984386 0.713054
0.984356 0.71238
0.984326 0.711702
0.984296 0.711018
0.984266 0.710331
0.984235 0.709639
0.984204 0.708942
0.984173 0.70824
0.984142 0.707534
0.98411 0.706823
0.984078 0.706107
0.984046 0.705386
0.984014 0.70466
0.983981 0.703929
0.983949 0.703193
0.983916 0.702453
0.983882 0.701707
0.983849 0.700956
0.983815 0.700199
0.983781 0.699438
0.983747 0.698671
0.983712 0.697899
0.983677 0.697121
0.983642 0.696338
0.983607 0.69555
0.983571 0.694756
0.983535 0.693956
0.983499 0.69315
0.983462 0.692339
0.983425 0.691522
0.983388 0.690699
0.983351 0.689871
0.983313 0.689036
0.983275 0.688196
0.983237 0.687349
0.983198 0.686496
0.983159 0.685637
0.98312 0.684772
0.98308 0.6839
0.98304 0.683022
0.983 0.682138
0.98296 0.681247
0.982919 0.68035
0.982877 0.679446
0.982836 0.678535
0.982794 0.677617
0.982751 0.676693
0.982709 0.675762
0.982666 0.674824
0.982622 0.673879
0.982579 0.672927
0.982534 0.671967
0.98249 0.671001
0.982445 0.670027
0.9824 0.669045
0.982354 0.668057
0.982308 0.66706
0.982261 0.666057
0.982214 0.665045
0.982167 0.664026
0.982119 0.662999
0.982071 0.661964
0.982022 0.660921
0.981973 0.65987
0.981923 0.658811
0.981873 0.657744
0.981823 0.656668
0.981772 0.655584
0.981721 0.654492
0.981669 0.653391
0.981616 0.652281
0.981564 0.651163
0.98151 0.650036
0.981456 0.6489
0.981402 0.647755
0.981347 0.646601
0.981292 0.645438
0.981236 0.644265
0.98118 0.643084
0.981123 0.641893
0.981065 0.640692
0.981007 0.639482
0.980948 0.638262
0.980889 0.637032
0.980829 0.635793
0.980769 0.634543
0.980708 0.633284
0.980646 0.632014
0.980584 0.630734
0.980521 0.629443
0.980458 0.628143
0.980394 0.626831
0.980329 0.625509
0.980264 0.624176
0.980198 0.622833
0.980131 0.621478
0.980063 0.620112
0.979995 0.618735
0.979927 0.617347
0.979857 0.615947
0.979787 0.614536
0.979716 0.613114
0.979644 0.611679
0.979571 0.610233
0.979498 0.608775
0.979424 0.607305
0.979349 0.605823
0.979274 0.604328
0.979197 0.602821
0.97912 0.601302
0.979042 0.59977
0.978963 0.598225
0.978883 0.596668
0.978802 0.595098
0.978721 0.593514
0.978638 0.591918
0.978555 0.590308
0.97847 0.588685
0.978385 0.587049
0.978299 0.585399
0.978212 0.583735
0.978123 0.582057
0.978034 0.580366
0.977944 0.57866
0.977853 0.57694
0.977761 0.575207
0.977667 0.573458
0.977573 0.571696
0.977477 0.569918
0.97738 0.568126
0.977283 0.56632
0.977184 0.564498
0.977084 0.562661
0.976982 0.560809
0.97688 0.558942
0.976776 0.55706
0.976671 0.555162
0.976565 0.553249
0.976457 0.55132
0.976349 0.549376
0.976239 0.547415
0.976127 0.545439
0.976014 0.543446
0.9759 0.541438
0.975784 0.539413
0.975667 0.537373
0.975549 0.535315
0.975429 0.533242
0.975307 0.531151
0.975184 0.529045
0.97506 0.526921
0.974934 0.524781
0.974806 0.522624
0.974677 0.52045
0.974546 0.518259
0.974413 0.516051
0.974279 0.513827
0.974142 0.511585
0.974005 0.509326
0.973865 0.507049
0.973723 0.504756
0.97358 0.502445
0.973435 0.500117
0.973288 0.497771
0.973139 0.495409
0.972988 0.493028
0.972835 0.490631
0.97268 0.488216
0.972523 0.485784
0.972363 0.483334
0.972202 0.480867
0.972038 0.478383
0.971873 0.475882
0.971705 0.473363
0.971534 0.470827
0.971362 0.468274
0.971187 0.465703
0.97101 0.463116
0.97083 0.460512
0.970647 0.457891
0.970463 0.455253
0.970275 0.452598
0.970085 0.449927
0.969893 0.447239
0.969698 0.444535
0.9695 0.441814
0.969299 0.439078
0.969095 0.436325
0.968889 0.433557
0.96868 0.430773
0.968467 0.427974
0.968252 0.42516
0.968034 0.42233
0.967812 0.419486
0.967588 0.416627
0.96736 0.413754
0.967129 0.410866
0.966895 0.407965
0.966657 0.40505
0.966416 0.402122
0.966171 0.399181
0.965923 0.396227
0.965671 0.393261
0.965416 0.390282
0.965157 0.387292
0.964894 0.384291
0.964628 0.381278
0.964357 0.378255
0.964083 0.375222
0.963805 0.372178
0.963522 0.369125
0.963236 0.366064
0.962945 0.362993
0.962651 0.359914
0.962351 0.356828
0.962048 0.353734
0.96174 0.350634
0.961427 0.347527
0.96111 0.344414
0.960789 0.341296
0.960462 0.338173
0.960131 0.335046
0.959795 0.331916
0.959454 0.328782
0.959109 0.325645
0.958758 0.322506
0.958402 0.319366
0.958041 0.316224
0.957674 0.313083
0.957302 0.309941
0.956925 0.3068
0.956543 0.303661
0.956154 0.300524
0.95576 0.297389
0.955361 0.294257
0.954956 0.29113
0.954544 0.288006
0.954127 0.284888
0.953704 0.281775
0.953275 0.278669
0.952839 0.275569
0.952398 0.272477
0.95195 0.269394
0.951495 0.266319
0.951034 0.263253
0.950567 0.260197
0.950092 0.257152
0.949612 0.254118
0.949124 0.251096
0.948629 0.248086
0.948128 0.245089
0.947619 0.242106
0.947103 0.239137
0.94658 0.236182
0.94605 0.233243
0.945512 0.23032
0.944967 0.227413
0.944415 0.224522
0.943854 0.221649
0.943286 0.218795
0.94271 0.215958
0.942127 0.21314
0.941535 0.210342
0.940936 0.207563
0.940328 0.204805
0.939712 0.202067
0.939088 0.199351
0.938455 0.196656
0.937814 0.193983
0.937164 0.191332
0.936506 0.188703
0.93584 0.186098
0.935164 0.183516
0.93448 0.180958
0.933786 0.178423
0.933084 0.175912
0.932372 0.173426
0.931652 0.170965
0.930922 0.168529
0.930183 0.166117
0.929434 0.163731
0.928676 0.161371
0.927909 0.159036
0.927132 0.156727
0.926345 0.154444
0.925548 0.152186
0.924742 0.149955
0.923925 0.147751
0.923099 0.145572
0.922262 0.14342
0.921416 0.141295
0.920559 0.139196
0.919692 0.137123
0.918814 0.135077
0.917926 0.133057
0.917027 0.131064
0.916118 0.129097
0.915198 0.127156
0.914268 0.125241
0.913326 0.123353
0.912374 0.121491
0.91141 0.119655
0.910436 0.117845
0.909451 0.11606
0.908454 0.114301
0.907446 0.112568
0.906427 0.11086
0.905396 0.109177
0.904354 0.10752
0.9033 0.105887
0.902235 0.104278
0.901158 0.102695
0.900069 0.101135
0.898969 0.0996
0.897856 0.0980885
0.896732 0.0966007
0.895595 0.0951364
0.894447 0.0936953
0.893286 0.0922772
0.892113 0.0908819
0.890927 0.0895091
0.88973 0.0881586
0.88852 0.0868301
0.887297 0.0855234
0.886062 0.0842383
0.884814 0.0829745
0.883553 0.0817317
0.882279 0.0805097
0.880993 0.0793083
0.879694 0.0781271
0.878381 0.076966
0.877056 0.0758245
0.875717 0.0747026
0.874365 0.0735999
0.873 0.0725162
0.871621 0.0714512
0.870229 0.0704046
0.868824 0.0693762
0.867405 0.0683657
0.865972 0.0673729
0.864525 0.0663975
0.863065 0.0654392
0.861591 0.0644979
0.860103 0.0635731
0.8586 0.0626647
0.857084 0.0617725
0.855554 0.0608961
0.854009 0.0600354
0.85245 0.05919
0.850876 0.0583598
0.849288 0.0575444
0.847686 0.0567437
0.846069 0.0559575
0.844437 0.0551854
0.84279 0.0544272
0.841128 0.0536828
0.839452 0.0529518
0.837761 0.0522341
0.836054 0.0515295
0.834332 0.0508377
0.832595 0.0501584
0.830843 0.0494916
0.829075 0.0488369
0.827292 0.0481942
0.825493 0.0475632
0.823679 0.0469438
0.821848 0.0463358
0.820002 0.0457389
0.818141 0.045153
0.816263 0.0445778
0.814369 0.0440132
0.812459 0.043459
0.810533 0.0429151
0.80859 0.0423811
0.806631 0.041857
0.804656 0.0413426
0.802664 0.0408377
0.800655 0.0403421
0.79863 0.0398557
0.796588 0.0393783
0.794529 0.0389098
0.792453 0.0384499
0.79036 0.0379986
0.78825 0.0375557
0.786123 0.037121
0.783978 0.0366943
0.781816 0.0362757
0.779637 0.0358648
0.77744 0.0354615
0.775226 0.0350658
0.772994 0.0346775
0.770744 0.0342964
0.768476 0.0339225
0.76619 0.0335555
0.763887 0.0331955
0.761565 0.0328421
0.759225 0.0324954
0.756867 0.0321553
0.75449 0.0318215
0.752096 0.031494
0.749682 0.0311727
0.74725 0.0308574
0.7448 0.0305481
0.742331 0.0302447
0.739843 0.029947
0.737337 0.029655
0.734811 0.0293685
0.732267 0.0290875
0.729703 0.0288118
0.727121 0.0285414
0.72452 0.0282762
0.721899 0.0280161
0.719259 0.027761
0.7166 0.0275108
0.713921 0.0272654
0.711223 0.0270248
0.708506 0.0267889
0.705769 0.0265575
0.703013 0.0263307
0.700237 0.0261083
0.697442 0.0258903
0.694627 0.0256766
0.691792 0.0254671
0.688938 0.0252618
0.686064 0.0250606
0.683171 0.0248634
0.680258 0.0246701
0.677325 0.0244808
0.674372 0.0242953
0.6714 0.0241135
0.668407 0.0239355
0.665396 0.0237612
0.662364 0.0235904
0.659313 0.0234232
0.656242 0.0232595
0.653152 0.0230992
0.650042 0.0229423
0.646912 0.0227888
0.643763 0.0226385
0.640595 0.0224915
0.637407 0.0223477
0.6342 0.022207
0.630973 0.0220694
0.627728 0.0219349
0.624463 0.0218034
0.621179 0.0216749
0.617877 0.0215493
0.614555 0.0214266
0.611215 0.0213068
0.607857 0.0211897
0.60448 0.0210755
0.601084 0.020964
0.597671 0.0208552
0.594239 0.020749
0.59079 0.0206455
0.587323 0.0205447
0.583839 0.0204463
0.580337 0.0203506
0.576818 0.0202573
0.573282 0.0201665
0.56973 0.0200782
0.566161 0.0199922
0.562576 0.0199087
0.558975 0.0198276
0.555358 0.0197488
0.551726 0.0196723
0.548078 0.019598
0.544416 0.0195261
0.540739 0.0194564
0.537048 0.0193889
0.533343 0.0193236
0.529625 0.0192605
0.525893 0.0191996
0.522148 0.0191407
0.518391 0.019084
0.514622 0.0190294
0.51084 0.0189768
0.507048 0.0189263
0.503244 0.0188778
0.49943 0.0188314
0.495605 0.0187869
0.491771 0.0187444
0.487928 0.0187039
0.484076 0.0186654
0.480216 0.0186287
0.476347 0.018594
0.472472 0.0185612
0.468589 0.0185303
0.4647 0.0185012
0.460806 0.018474
0.456906 0.0184487
0.453001 0.0184252
0.449093 0.0184035
0.44518 0.0183836
0.441265 0.0183656
0.437347 0.0183493
0.433427 0.0183348
0.429505 0.018322
0.425584 0.018311
0.421661 0.0183018
0.41774 0.0182942
0.413819 0.0182884
0.4099 0.0182843
0.405984 0.018282
0.402071 0.0182813
0.398161 0.0182823
0.394255 0.0182849
0.390354 0.0182893
0.386459 0.0182953
0.38257 0.0183029
0.378688 0.0183122
0.374813 0.0183231
0.370946 0.0183357
0.367088 0.0183499
0.36324 0.0183656
0.359401 0.018383
0.355574 0.018402
0.351757 0.0184226
0.347953 0.0184448
0.344161 0.0184685
0.340382 0.0184939
0.336618 0.0185207
0.332868 0.0185492
0.329133 0.0185792
0.325413 0.0186107
0.32171 0.0186438
0.318024 0.0186785
0.314356 0.0187146
0.310705 0.0187523
0.307074 0.0187915
0.303461 0.0188322
0.299868 0.0188744
0.296296 0.0189181
0.292744 0.0189634
0.289214 0.0190101
0.285706 0.0190583
0.28222 0.0191079
0.278756 0.0191591
0.275317 0.0192117
0.271901 0.0192658
0.268509 0.0193213
0.265142 0.0193784
0.261799 0.0194368
0.258483 0.0194967
0.255192 0.019558
0.251927 0.0196208
0.248689 0.019685
0.245478 0.0197506
0.242294 0.0198177
0.239137 0.0198861
0.236009 0.019956
0.232908 0.0200273
0.229836 0.0201
0.226792 0.020174
0.223778 0.0202495
0.220792 0.0203263
0.217835 0.0204046
0.214908 0.0204841
0.212011 0.0205651
0.209143 0.0206474
0.206305 0.0207311
0.203497 0.0208162
0.200719 0.0209026
0.197971 0.0209903
0.195254 0.0210794
0.192567 0.0211698
0.18991 0.0212615
0.187283 0.0213546
0.184687 0.0214489
0.182121 0.0215446
0.179586 0.0216416
0.177081 0.0217399
0.174606 0.0218395
0.172161 0.0219404
0.169747 0.0220426
0.167363 0.0221461
0.165009 0.0222508
0.162685 0.0223568
0.16039 0.0224641
0.158125 0.0225726
0.15589 0.0226824
0.153685 0.0227934
0.151508 0.0229057
0.149361 0.0230193
0.147243 0.023134
0.145153 0.02325
0.143092 0.0233672
0.14106 0.0234856
0.139055 0.0236053
0.137079 0.0237261
0.135131 0.0238482
0.13321 0.0239715
0.131316 0.0240959
0.12945 0.0242215
0.127611 0.0243484
0.125798 0.0244763
0.124011 0.0246055
0.122251 0.0247358
0.120517 0.0248673
0.118808 0.025
0.117125 0.0251338
0.115466 0.0252687
0.113833 0.0254048
0.112224 0.025542
0.11064 0.0256804
0.10908 0.0258198
0.107543 0.0259604
0.10603 0.0261022
0.10454 0.026245
0.103073 0.0263889
0.101629 0.0265339
0.100207 0.02668
0.0988077 0.0268272
0.0974298 0.0269755
0.0960735 0.0271249
0.0947384 0.0272753
0.0934243 0.0274269
0.0921309 0.0275794
0.0908579 0.0277331
0.0896051 0.0278878
0.0883722 0.0280435
0.0871588 0.0282003
0.0859648 0.0283582
0.0847898 0.028517
0.0836335 0.0286769
0.0824958 0.0288379
0.0813763 0.0289998
0.0802748 0.0291628
0.079191 0.0293268
0.0781246 0.0294918
0.0770754 0.0296578
0.0760431 0.0298247
0.0750274 0.0299927
0.0740282 0.0301617
0.0730451 0.0303317
0.0720779 0.0305026
0.0711264 0.0306746
0.0701903 0.0308475
0.0692694 0.0310213
0.0683634 0.0311962
0.0674721 0.031372
0.0665952 0.0315487
0.0657326 0.0317264
0.0648839 0.0319051
0.0640491 0.0320847
0.0632278 0.0322652
0.0624198 0.0324467
0.0616249 0.0326291
0.0608429 0.0328125
0.0600736 0.0329967
0.0593168 0.0331819
0.0585722 0.033368
0.0578397 0.033555
0.0571191 0.033743
0.0564102 0.0339318
0.0557127 0.0341215
0.0550265 0.0343122
0.0543513 0.0345037
0.0536871 0.0346961
0.0530336 0.0348895
0.0523906 0.0350837
0.051758 0.0352787
0.0511356 0.0354747
0.0505232 0.0356715
0.0499206 0.0358692
0.0493277 0.0360678
0.0487443 0.0362672
0.0481702 0.0364675
0.0476053 0.0366687
0.0470495 0.0368707
0.0465025 0.0370736
0.0459642 0.0372773
0.0454345 0.0374819
0.0449132 0.0376873
0.0444002 0.0378935
0.0438954 0.0381006
0.0433985 0.0383086
0.0429095 0.0385173
0.0424282 0.0387269
0.0419545 0.0389373
0.0414883 0.0391486
0.0410294 0.0393606
0.0405776 0.0395735
0.040133 0.0397872
0.0396953 0.0400017
0.0392645 0.040217
0.0388404 0.0404332
0.0384228 0.0406501
0.0380118 0.0408679
0.0376071 0.0410864
0.0372088 0.0413057
0.0368165 0.0415259
0.0364303 0.0417468
0.0360501 0.0419686
0.0356757 0.0421911
0.0353071 0.0424144
0.0349441 0.0426385
0.0345867 0.0428634
0.0342347 0.0430891
0.033888 0.0433155
0.0335467 0.0435427
0.0332105 0.0437707
0.0328794 0.0439995
0.0325533 0.0442291
0.0322322 0.0444594
0.0319159 0.0446905
0.0316043 0.0449224
0.0312974 0.045155
0.0309951 0.0453884
0.0306973 0.0456226
0.0304039 0.0458575
0.0301149 0.0460932
0.0298302 0.0463296
0.0295497 0.0465668
0.0292734 0.0468048
0.0290011 0.0470435
0.0287329 0.047283
0.0284686 0.0475232
0.0282081 0.0477642
0.0279515 0.0480059
0.0276986 0.0482484
0.0274494 0.0484916
0.0272038 0.0487356
0.0269618 0.0489803
0.0267232 0.0492257
0.0264882 0.049472
0.0262565 0.0497189
0.0260281 0.0499666
0.025803 0.050215
0.0255812 0.0504642
0.0253625 0.0507141
0.0251469 0.0509648
0.0249344 0.0512162
0.0247249 0.0514683
0.0245184 0.0517212
0.0243148 0.0519748
0.024114 0.0522291
0.0239161 0.0524842
0.023721 0.05274
0.0235286 0.0529966
0.0233389 0.0532539
0.0231518 0.0535119
0.0229673 0.0537707
0.0227854 0.0540301
0.0226061 0.0542904
0.0224292 0.0545513
0.0222547 0.054813
0.0220826 0.0550754
0.0219129 0.0553386
0.0217456 0.0556025
0.0215805 0.0558671
0.0214177 0.0561325
0.0212571 0.0563986
0.0210987 0.0566654
0.0209424 0.056933
0.0207882 0.0572013
0.0206362 0.0574703
0.0204861 0.0577401
0.0203381 0.0580106
0.0201921 0.0582818
0.0200481 0.0585538
0.0199059 0.0588265
0.0197657 0.0591
0.0196273 0.0593741
0.0194908 0.0596491
0.0193561 0.0599247
0.0192231 0.0602011
0.019092 0.0604783
0.0189625 0.0607562
0.0188348 0.0610348
0.0187087 0.0613142
0.0185843 0.0615943
0.0184615 0.0618751
0.0183403 0.0621567
0.0182207 0.0624391
0.0181026 0.0627222
0.0179861 0.063006
0.0178711 0.0632906
0.0177576 0.063576
0.0176455 0.0638621
0.0175349 0.0641489
0.0174257 0.0644365
0.0173179 0.0647249
0.0172115 0.065014
0.0171065 0.0653039
0.0170028 0.0655945
0.0169004 0.0658859
0.0167993 0.0661781
0.0166995 0.066471
0.016601 0.0667647
0.0165037 0.0670591
0.0164077 0.0673544
0.0163128 0.0676504
0.0162192 0.0679472
0.0161267 0.0682447
0.0160354 0.068543
0.0159453 0.0688421
0.0158562 0.069142
0.0157683 0.0694427
0.0156815 0.0697441
0.0155958 0.0700464
0.0155111 0.0703494
0.0154275 0.0706532
0.0153449 0.0709579
0.0152634 0.0712633
0.0151828 0.0715695
0.0151033 0.0718765
0.0150247 0.0721843
0.0149471 0.0724929
0.0148705 0.0728023
0.0147948 0.0731126
0.01472 0.0734236
0.0146461 0.0737355
0.0145732 0.0740482
0.0145011 0.0743617
0.01443 0.074676
0.0143597 0.0749912
0.0142902 0.0753071
0.0142216 0.075624
0.0141539 0.0759416
0.0140869 0.0762601
0.0140208 0.0765794
0.0139555 0.0768996
0.0138909 0.0772206
0.0138272 0.0775425
0.0137642 0.0778652
0.013702 0.0781888
0.0136405 0.0785133
0.0135798 0.0788386
0.0135199 0.0791648
0.0134606 0.0794918
0.013402 0.0798197
0.0133442 0.0801485
0.0132871 0.0804782
0.0132306 0.0808088
0.0131748 0.0811403
0.0131197 0.0814726
0.0130653 0.0818059
0.0130115 0.08214
0.0129584 0.0824751
0.0129059 0.0828111
0.012854 0.083148
0.0128028 0.0834858
0.0127521 0.0838245
0.0127021 0.0841641
0.0126527 0.0845047
0.0126039 0.0848462
0.0125556 0.0851887
0.012508 0.0855321
0.0124609 0.0858764
0.0124144 0.0862217
0.0123684 0.086568
0.012323 0.0869152
0.0122781 0.0872634
0.0122338 0.0876126
0.01219 0.0879627
0.0121467 0.0883138
0.012104 0.0886659
0.0120618 0.089019
0.01202 0.0893731
0.0119788 0.0897282
0.0119381 0.0900843
0.0118979 0.0904414
0.0118581 0.0907996
0.0118189 0.0911587
0.0117801 0.0915189
0.0117418 0.0918801
0.0117039 0.0922424
0.0116665 0.0926057
0.0116296 0.0929701
0.0115931 0.0933355
0.0115571 0.093702
0.0115215 0.0940696
0.0114863 0.0944382
0.0114516 0.0948079
0.0114173 0.0951787
0.0113834 0.0955506
0.0113499 0.0959236
0.0113169 0.0962977
0.0112842 0.0966729
0.011252 0.0970493
0.0112201 0.0974268
0.0111887 0.0978054
0.0111576 0.0981851
0.011127 0.098566
0.0110967 0.098948
0.0110668 0.0993313
0.0110373 0.0997156
0.0110081 0.100101
0.0109793 0.100488
0.0109509 0.100876
0.0109228 0.101265
0.0108951 0.101655
0.0108678 0.102047
0.0108408 0.10244
0.0108141 0.102834
0.0107878 0.103229
0.0107619 0.103625
0.0107362 0.104023
0.0107109 0.104422
0.010686 0.104822
0.0106613 0.105224
0.010637 0.105627
0.010613 0.106031
0.0105894 0.106436
0.010566 0.106843
0.010543 0.107251
0.0105203 0.10766
0.0104978 0.108071
0.0104757 0.108483
0.0104539 0.108897
0.0104324 0.109311
0.0104112 0.109727
0.0103902 0.110145
0.0103696 0.110564
0.0103493 0.110984
0.0103292 0.111406
0.0103094 0.111829
0.0102899 0.112254
0.0102707 0.11268
0.0102518 0.113107
0.0102331 0.113536
0.0102147 0.113967
0.0101966 0.114399
0.0101788 0.114832
0.0101612 0.115267
0.0101439 0.115703
0.0101268 0.116141
0.01011 0.116581
0.0100935 0.117022
0.0100772 0.117464
0.0100612 0.117909
0.0100454 0.118354
0.0100299 0.118802
0.0100146 0.119251
0.00999956 0.119701
0.00998477 0.120153
0.00997023 0.120607
0.00995593 0.121063
0.00994186 0.12152
0.00992804 0.121979
0.00991445 0.122439
0.0099011 0.122902
0.00988798 0.123366
0.00987509 0.123831
0.00986244 0.124299
0.00985001 0.124768
0.00983781 0.125239
0.00982583 0.125712
0.00981408 0.126186
0.00980255 0.126663
0.00979124 0.127141
0.00978015 0.127621
0.00976928 0.128103
0.00975863 0.128587
0.0097482 0.129072
0.00973798 0.12956
0.00972797 0.130049
0.00971818 0.130541
0.0097086 0.131034
0.00969922 0.131529
0.00969006 0.132027
0.00968111 0.132526
0.00967236 0.133027
0.00966382 0.13353
0.00965548 0.134036
0.00964735 0.134543
0.00963942 0.135053
0.00963169 0.135564
0.00962416 0.136078
0.00961683 0.136594
0.0096097 0.137112
0.00960277 0.137632
0.00959604 0.138154
0.0095895 0.138679
0.00958316 0.139205
0.00957701 0.139734
0.00957106 0.140265
0.0095653 0.140799
0.00955973 0.141335
0.00955436 0.141873
0.00954918 0.142413
0.00954418 0.142956
0.00953938 0.143501
0.00953476 0.144049
0.00953034 0.144599
0.0095261 0.145151
0.00952205 0.145706
0.00951818 0.146263
0.00951451 0.146823
0.00951101 0.147385
0.00950771 0.14795
0.00950458 0.148517
0.00950164 0.149087
0.00949889 0.14966
0.00949632 0.150235
0.00949393 0.150813
0.00949172 0.151394
0.0094897 0.151977
0.00948786 0.152563
0.0094862 0.153152
0.00948472 0.153743
0.00948342 0.154338
0.0094823 0.154935
0.00948137 0.155535
0.00948061 0.156138
0.00948003 0.156743
0.00947963 0.157352
0.00947941 0.157964
0.00947937 0.158578
0.00947951 0.159196
0.00947983 0.159816
0.00948033 0.16044
0.00948101 0.161067
0.00948186 0.161697
0.0094829 0.16233
0.00948411 0.162966
0.0094855 0.163606
0.00948707 0.164249
0.00948882 0.164894
0.00949075 0.165544
0.00949285 0.166196
0.00949514 0.166852
0.0094976 0.167512
0.00950025 0.168175
0.00950307 0.168841
0.00950607 0.16951
0.00950925 0.170184
0.00951261 0.170861
0.00951615 0.171541
0.00951988 0.172225
0.00952378 0.172913
0.00952786 0.173604
0.00953212 0.174299
0.00953657 0.174998
0.00954119 0.175701
0.009546 0.176407
0.00955099 0.177118
0.00955617 0.177832
0.00956153 0.17855
0.00956707 0.179273
0.00957279 0.179999
0.0095787 0.180729
0.0095848 0.181464
0.00959108 0.182203
0.00959754 0.182945
0.0096042 0.183693
0.00961104 0.184444
0.00961807 0.1852
0.00962529 0.18596
0.00963269 0.186724
0.00964029 0.187493
0.00964808 0.188267
0.00965606 0.189045
0.00966423 0.189827
0.0096726 0.190615
0.00968116 0.191407
0.00968991 0.192203
0.00969886 0.193005
0.00970801 0.193811
0.00971735 0.194622
0.00972689 0.195438
0.00973663 0.196259
0.00974658 0.197085
0.00975672 0.197917
0.00976706 0.198753
0.00977761 0.199595
0.00978837 0.200441
0.00979933 0.201294
0.00981049 0.202151
0.00982187 0.203014
0.00983345 0.203882
0.00984524 0.204756
0.00985725 0.205636
0.00986947 0.206521
0.0098819 0.207412
0.00989455 0.208309
0.00990742 0.209211
0.00992051 0.210119
0.00993381 0.211034
0.00994734 0.211954
0.00996109 0.212881
0.00997507 0.213813
0.00998927 0.214752
0.0100037 0.215697
0.0100184 0.216649
0.0100333 0.217607
0.0100484 0.218571
0.0100637 0.219542
0.0100793 0.22052
0.0100952 0.221504
0.0101112 0.222496
0.0101276 0.223494
0.0101441 0.224499
0.0101609 0.225511
0.010178 0.22653
0.0101953 0.227556
0.0102129 0.22859
0.0102307 0.229631
0.0102488 0.230679
0.0102671 0.231735
0.0102857 0.232798
0.0103046 0.233869
0.0103237 0.234948
0.0103431 0.236035
0.0103628 0.237129
0.0103827 0.238232
0.010403 0.239343
0.0104235 0.240462
0.0104443 0.241589
0.0104653 0.242725
0.0104867 0.243869
0.0105083 0.245022
0.0105303 0.246183
0.0105525 0.247353
0.0105751 0.248533
0.0105979 0.249721
0.0106211 0.250918
0.0106446 0.252124
0.0106684 0.25334
0.0106925 0.254565
0.0107169 0.2558
0.0107416 0.257044
0.0107667 0.258298
0.0107921 0.259562
0.0108179 0.260836
0.0108439 0.26212
0.0108704 0.263414
0.0108972 0.264719
0.0109243 0.266034
0.0109518 0.267359
0.0109796 0.268695
0.0110078 0.270042
0.0110364 0.2714
0.0110653 0.272769
0.0110947 0.274149
0.0111244 0.275541
0.0111545 0.276944
0.011185 0.278358
0.0112158 0.279785
0.0112471 0.281223
0.0112788 0.282673
0.0113109 0.284135
0.0113435 0.28561
0.0113764 0.287097
0.0114098 0.288596
0.0114436 0.290109
0.0114779 0.291634
0.0115126 0.293172
0.0115478 0.294723
0.0115834 0.296288
0.0116195 0.297866
0.011656 0.299458
0.0116931 0.301064
0.0117306 0.302683
0.0117686 0.304317
0.0118071 0.305965
0.0118462 0.307627
0.0118857 0.309304
0.0119258 0.310996
0.0119664 0.312703
0.0120075 0.314425
0.0120492 0.316162
0.0120914 0.317914
0.0121342 0.319683
0.0121775 0.321467
0.0122215 0.323267
0.012266 0.325083
0.0123111 0.326915
0.0123568 0.328764
0.0124032 0.33063
0.0124501 0.332513
0.0124977 0.334413
0.012546 0.33633
0.0125949 0.338265
0.0126444 0.340217
0.0126947 0.342187
0.0127456 0.344175
0.0127972 0.346181
0.0128495 0.348206
0.0129026 0.35025
0.0129563 0.352312
0.0130109 0.354393
0.0130661 0.356494
0.0131222 0.358614
0.013179 0.360753
0.0132366 0.362912
0.013295 0.365092
0.0133543 0.367291
0.0134143 0.369511
0.0134753 0.371752
0.013537 0.374013
0.0135997 0.376295
0.0136633 0.378599
0.0137277 0.380924
0.0137931 0.38327
0.0138594 0.385639
0.0139267 0.388029
0.0139949 0.390441
0.0140642 0.392876
0.0141344 0.395333
0.0142057 0.397813
0.014278 0.400316
0.0143514 0.402842
0.0144258 0.405391
0.0145014 0.407964
0.014578 0.41056
0.0146558 0.41318
0.0147348 0.415824
0.0148149 0.418492
0.0148963 0.421184
0.0149788 0.423901
0.0150626 0.426642
0.0151477 0.429408
0.0152341 0.432199
0.0153218 0.435015
0.0154108 0.437855
0.0155012 0.440721
0.015593 0.443613
0.0156862 0.44653
0.0157808 0.449472
0.0158769 0.45244
0.0159745 0.455433
0.0160736 0.458452
0.0161743 0.461497
0.0162765 0.464568
0.0163804 0.467665
0.0164859 0.470788
0.016593 0.473936
0.0167019 0.477111
0.0168125 0.480311
0.0169249 0.483538
0.0170391 0.48679
0.0171551 0.490068
0.017273 0.493372
0.0173927 0.496701
0.0175145 0.500056
0.0176382 0.503437
0.0177639 0.506843
0.0178916 0.510274
0.0180215 0.51373
0.0181535 0.517211
0.0182876 0.520717
0.018424 0.524247
0.0185626 0.527801
0.0187035 0.53138
0.0188468 0.534982
0.0189924 0.538607
0.0191405 0.542255
0.019291 0.545927
0.0194441 0.54962
0.0195997 0.553336
0.019758 0.557073
0.0199189 0.560831
0.0200825 0.56461
0.0202489 0.568409
0.0204181 0.572228
0.0205901 0.576066
0.0207651 0.579923
0.0209431 0.583798
0.0211241 0.58769
0.0213081 0.591599
0.0214953 0.595524
0.0216857 0.599464
0.0218794 0.60342
0.0220763 0.607389
0.0222766 0.611372
0.0224804 0.615367
0.0226876 0.619374
0.0228984 0.623392
0.0231128 0.627419
0.0233309 0.631456
0.0235527 0.635502
0.0237783 0.639554
0.0240078 0.643613
0.0242412 0.647678
0.0244786 0.651747
0.0247201 0.655819
0.0249657 0.659894
0.0252155 0.663971
0.0254696 0.668048
0.025728 0.672124
0.0259909 0.676199
0.0262582 0.680271
0.02653 0.684338
0.0268065 0.688401
0.0270877 0.692458
0.0273736 0.696508
0.0276644 0.700549
0.0279601 0.704581
0.0282608 0.708602
0.0285666 0.712612
0.0288775 0.716609
0.0291936 0.720592
0.0295149 0.72456
0.0298417 0.728511
0.0301738 0.732446
0.0305115 0.736362
0.0308548 0.740258
0.0312037 0.744134
0.0315584 0.747989
0.0319189 0.75182
0.0322852 0.755629
0.0326576 0.759412
0.033036 0.76317
0.0334204 0.766901
0.0338111 0.770605
0.0342081 0.774281
0.0346114 0.777927
0.0350211 0.781543
0.0354373 0.785127
0.0358601 0.78868
0.0362896 0.792201
0.0367257 0.795688
0.0371687 0.799141
0.0376185 0.802559
0.0380752 0.805942
0.038539 0.809289
0.0390099 0.8126
0.0394879 0.815873
0.0399731 0.819109
0.0404657 0.822306
0.0409656 0.825466
0.041473 0.828586
0.0419879 0.831667
0.0425104 0.834708
0.0430405 0.837709
0.0435783 0.840671
0.044124 0.843592
0.0446775 0.846472
0.0452389 0.849311
0.0458083 0.85211
0.0463858 0.854868
0.0469714 0.857584
0.0475652 0.86026
0.0481672 0.862894
0.0487776 0.865488
0.0493963 0.86804
0.0500235 0.870552
0.0506592 0.873023
0.0513035 0.875453
0.0519564 0.877843
0.0526179 0.880193
0.0532882 0.882502
0.0539673 0.884772
0.0546553 0.887002
0.0553522 0.889193
0.0560581 0.891345
0.056773 0.893458
0.057497 0.895533
0.0582302 0.89757
0.0589726 0.899569
0.0597242 0.901531
0.0604851 0.903456
0.0612555 0.905345
0.0620352 0.907197
0.0628244 0.909015
0.0636231 0.910797
0.0644315 0.912544
0.0652494 0.914257
0.066077 0.915936
0.0669144 0.917582
0.0677616 0.919195
0.0686186 0.920775
0.0694855 0.922324
0.0703623 0.923841
0.0712491 0.925327
0.072146 0.926783
0.0730529 0.928209
0.07397 0.929606
0.0748973 0.930973
0.0758348 0.932312
0.0767826 0.933623
0.0777407 0.934906
0.0787092 0.936163
0.0796881 0.937393
0.0806775 0.938597
0.0816775 0.939775
0.082688 0.940928
0.0837091 0.942057
0.0847409 0.943161
0.0857834 0.944242
0.0868367 0.945299
0.0879008 0.946334
0.0889758 0.947347
0.0900616 0.948337
0.0911584 0.949306
0.0922663 0.950254
0.0933852 0.951182
0.0945152 0.952089
0.0956563 0.952977
0.0968087 0.953845
0.0979723 0.954694
0.0991472 0.955525
0.100333 0.956338
0.101531 0.957133
0.10274 0.95791
0.103961 0.958671
0.105193 0.959415
0.106437 0.960142
0.107692 0.960854
0.108959 0.96155
0.110238 0.962231
0.111529 0.962897
0.112831 0.963549
0.114146 0.964186
0.115472 0.964809
0.11681 0.965419
0.118161 0.966015
0.119523 0.966599
0.120898 0.96717
0.122285 0.967728
0.123685 0.968274
0.125096 0.968808
0.12652 0.969331
0.127957 0.969842
0.129406 0.970342
0.130867 0.970831
0.132342 0.97131
0.133829 0.971778
0.135328 0.972237
0.136841 0.972685
0.138366 0.973124
0.139904 0.973553
0.141456 0.973973
0.14302 0.974384
0.144597 0.974786
0.146188 0.97518
0.147792 0.975565
0.149409 0.975942
0.15104 0.976311
0.152684 0.976671
0.154341 0.977025
0.156012 0.977371
0.157697 0.977709
0.159395 0.97804
0.161107 0.978365
0.162833 0.978682
0.164573 0.978993
0.166327 0.979297
0.168094 0.979595
0.169876 0.979886
0.171672 0.980172
0.173483 0.980451
0.175307 0.980725
0.177146 0.980993
0.179 0.981255
0.180868 0.981512
0.18275 0.981764
0.184648 0.98201
0.18656 0.982251
0.188487 0.982488
0.190428 0.982719
0.192385 0.982946
0.194357 0.983168
0.196344 0.983385
0.198346 0.983598
0.200363 0.983806
0.202396 0.984011
0.204444 0.984211
0.206507 0.984407
0.208587 0.984599
0.210681 0.984787
0.212792 0.984971
0.214918 0.985152
0.21706 0.985329
0.219218 0.985502
0.221392 0.985672
0.223583 0.985838
0.225789 0.986001
0.228012 0.98616
0.230251 0.986317
0.232506 0.98647
0.234778 0.98662
0.237066 0.986768
0.239371 0.986912
0.241693 0.987053
0.244031 0.987191
0.246386 0.987327
0.248759 0.98746
0.251148 0.98759
0.253554 0.987718
0.255977 0.987843
0.258417 0.987965
0.260875 0.988086
0.26335 0.988203
0.265842 0.988318
0.268352 0.988431
0.270879 0.988542
0.273424 0.988651
0.275986 0.988757
0.278566 0.988861
0.281164 0.988963
0.283779 0.989063
0.286413 0.989161
0.289064 0.989257
0.291733 0.989351
0.29442 0.989443
0.297125 0.989533
0.299848 0.989621
0.302589 0.989708
0.305348 0.989792
0.308125 0.989875
0.310921 0.989956
0.313734 0.990036
0.316566 0.990114
0.319416 0.99019
0.322284 0.990265
0.325171 0.990338
0.328075 0.990409
0.330998 0.99048
0.33394 0.990548
0.336899 0.990615
0.339877 0.990681
0.342873 0.990745
0.345887 0.990808
0.34892 0.990869
0.35197 0.990929
0.355039 0.990988
0.358126 0.991045
0.36123 0.991102
0.364353 0.991157
0.367494 0.99121
0.370653 0.991263
0.373829 0.991314
0.377023 0.991364
0.380235 0.991413
0.383465 0.99146
0.386711 0.991507
0.389976 0.991552
0.393257 0.991596
0.396556 0.99164
0.399872 0.991682
0.403205 0.991723
0.406555 0.991763
0.409921 0.991802
0.413304 0.99184
0.416703 0.991876
0.420118 0.991912
0.423549 0.991947
0.426996 0.991981
0.430459 0.992014
0.433937 0.992046
0.437431 0.992077
0.440939 0.992108
0.444462 0.992137
0.448 0.992165
0.451552 0.992193
0.455118 0.992219
0.458698 0.992245
0.462291 0.99227
0.465898 0.992294
0.469517 0.992317
0.473149 0.992339
0.476793 0.992361
0.48045 0.992381
0.484118 0.992401
0.487797 0.99242
0.491487 0.992438
0.495188 0.992456
0.498899 0.992472
0.50262 0.992488
0.50635 0.992503
0.510089 0.992517
0.513837 0.992531
0.517593 0.992544
0.521357 0.992556
0.525129 0.992567
0.528907 0.992578
0.532691 0.992587
0.536482 0.992596
0.540278 0.992605
0.544079 0.992612
0.547884 0.992619
0.551694 0.992626
0.555506 0.992631
0.559322 0.992636
0.563141 0.99264
0.566961 0.992643
0.570782 0.992646
0.574605 0.992648
0.578428 0.99265
0.58225 0.99265
0.586071 0.99265
0.589891 0.99265
0.593709 0.992648
0.597525 0.992646
0.601337 0.992644
0.605146 0.99264
0.60895 0.992637
0.612749 0.992632
0.616543 0.992627
0.620331 0.992621
0.624111 0.992614
0.627885 0.992607
0.631651 0.992599
0.635408 0.992591
0.639156 0.992582
0.642894 0.992572
0.646622 0.992562
0.650339 0.992551
0.654044 0.99254
0.657738 0.992527
0.661418 0.992515
0.665086 0.992501
0.668739 0.992487
0.672378 0.992473
0.676002 0.992457
0.679611 0.992442
0.683204 0.992425
0.686779 0.992408
0.690338 0.99239
0.693879 0.992372
0.697402 0.992353
0.700906 0.992334
0.704391 0.992314
0.707856 0.992293
0.7113 0.992272
0.714724 0.99225
0.718127 0.992228
0.721509 0.992205
0.724868 0.992182
0.728205 0.992157
0.731518 0.992133
0.734809 0.992108
0.738076 0.992082
0.741319 0.992055
0.744537 0.992028
0.747731 0.992001
0.750899 0.991973
0.754042 0.991944
0.757159 0.991915
0.76025 0.991885
0.763315 0.991855
0.766354 0.991824
0.769365 0.991792
0.772349 0.99176
0.775307 0.991728
0.778236 0.991695
0.781138 0.991661
0.784012 0.991627
0.786858 0.991592
0.789676 0.991557
0.792465 0.991521
0.795226 0.991484
0.797959 0.991448
0.800662 0.99141
0.803337 0.991372
0.805984 0.991334
0.808601 0.991295
0.811189 0.991255
0.813749 0.991215
0.81628 0.991174
0.818781 0.991133
0.821254 0.991092
0.823698 0.991049
0.826113 0.991007
0.828499 0.990964
0.830856 0.99092
0.833185 0.990876
0.835485 0.990831
0.837757 0.990786
0.84 0.99074
0.842215 0.990694
0.844401 0.990647
0.84656 0.9906
0.84869 0.990553
0.850793 0.990504
0.852868 0.990456
0.854916 0.990407
0.856936 0.990357
0.858929 0.990307
0.860895 0.990257
0.862834 0.990205
0.864747 0.990154
0.866633 0.990102
0.868494 0.99005
0.870328 0.989997
0.872136 0.989943
0.873919 0.98989
0.875677 0.989835
0.877409 0.989781
0.879117 0.989726
0.8808 0.98967
0.882459 0.989614
0.884093 0.989558
0.885704 0.989501
0.887291 0.989443
0.888855 0.989386
0.890395 0.989327
0.891913 0.989269
0.893408 0.98921
0.89488 0.98915
0.896331 0.98909
0.89776 0.98903
0.899167 0.988969
0.900552 0.988908
0.901917 0.988846
0.903261 0.988784
0.904584 0.988722
0.905888 0.988659
0.907171 0.988596
0.908434 0.988533
0.909678 0.988469
0.910902 0.988404
0.912108 0.988339
0.913295 0.988274
0.914463 0.988209
0.915614 0.988143
0.916746 0.988077
0.91786 0.98801
0.918958 0.987943
0.920037 0.987876
0.9211 0.987808
0.922147 0.98774
0.923176 0.987671
0.92419 0.987602
0.925188 0.987533
0.92617 0.987464
0.927136 0.987394
0.928087 0.987323
0.929023 0.987253
0.929944 0.987182
0.930851 0.987111
0.931743 0.987039
0.932622 0.986967
0.933486 0.986895
0.934336 0.986822
0.935173 0.986749
0.935997 0.986676
0.936808 0.986602
0.937606 0.986528
0.938391 0.986454
0.939164 0.98638
0.939925 0.986305
0.940673 0.98623
0.94141 0.986154
0.942135 0.986078
0.942848 0.986002
0.943551 0.985926
0.944242 0.985849
0.944922 0.985772
0.945592 0.985695
0.94625 0.985618
0.946899 0.98554
0.947537 0.985462
0.948166 0.985383
0.948784 0.985304
0.949393 0.985226
0.949992 0.985146
0.950582 0.985067
0.951162 0.984987
0.951734 0.984907
0.952296 0.984827
0.95285 0.984746
0.953395 0.984665
0.953932 0.984584
0.95446 0.984503
0.95498 0.984421
0.955492 0.98434
0.955996 0.984258
0.956492 0.984175
0.956981 0.984093
0.957462 0.98401
0.957936 0.983927
0.958402 0.983844
0.958861 0.98376
0.959313 0.983676
0.959759 0.983592
0.960197 0.983508
0.960629 0.983424
0.961054 0.983339
0.961473 0.983254
0.961885 0.983169
0.962291 0.983084
0.962691 0.982999
0.963085 0.982913
0.963473 0.982827
0.963855 0.982741
0.964232 0.982655
0.964602 0.982568
0.964968 0.982481
0.965327 0.982394
0.965682 0.982307
0.966031 0.98222
0.966375 0.982133
0.966714 0.982045
0.967048 0.981957
0.967377 0.981869
0.967701 0.981781
0.96802 0.981693
0.968335 0.981604
0.968645 0.981515
0.96895 0.981426
0.969251 0.981337
0.969548 0.981248
0.96984 0.981159
0.970129 0.981069
0.970413 0.980979
0.970692 0.980889
0.970968 0.980799
0.97124 0.980709
0.971508 0.980619
0.971772 0.980528
0.972033 0.980438
0.97229 0.980347
0.972543 0.980256
0.972792 0.980165
0.973038 0.980073
0.973281 0.979982
0.97352 0.979891
0.973756 0.979799
0.973988 0.979707
0.974217 0.979615
0.974443 0.979523
0.974666 0.979431
0.974886 0.979339
0.975103 0.979246
0.975316 0.979154
0.975527 0.979061
0.975735 0.978968
0.97594 0.978875
0.976142 0.978782
0.976342 0.978689
0.976539 0.978596
0.976733 0.978502
0.976924 0.978409
0.977113 0.978315
0.977299 0.978222
0.977483 0.978128
0.977665 0.978034
0.977844 0.97794
0.97802 0.977846
0.978194 0.977752
0.978366 0.977658
0.978536 0.977563
0.978703 0.977469
0.978868 0.977374
0.979031 0.97728
0.979192 0.977185
0.979351 0.97709
0.979508 0.976995
0.979662 0.9769
0.979815 0.976805
0.979966 0.97671
0.980114 0.976615
0.980261 0.976519
0.980406 0.976424
0.980549 0.976329
0.98069 0.976233
0.98083 0.976138
0.980967 0.976042
0.981103 0.975946
0.981237 0.97585
0.98137 0.975755
0.981501 0.975659
0.98163 0.975563
0.981757 0.975467
0.981883 0.975371
0.982008 0.975275
0.98213 0.975178
0.982252 0.975082
0.982371 0.974986
0.98249 0.97489
0.982606 0.974793
0.982722 0.974697
0.982836 0.9746
0.982948 0.974504
0.98306 0.974407
0.983169 0.974311
0.983278 0.974214
0.983385 0.974117
0.983491 0.974021
0.983596 0.973924
0.983699 0.973827
0.983801 0.97373
0.983902 0.973633
0.984002 0.973536
0.9841 0.973439
0.984197 0.973342
0.984293 0.973246
0.984388 0.973149
0.984482 0.973051
0.984575 0.972954
0.984667 0.972857
0.984757 0.97276
0.984847 0.972663
0.984935 0.972566
0.985023 0.972469
0.985109 0.972372
0.985195 0.972274
0.985279 0.972177
0.985363 0.97208
0.985445 0.971983
0.985527 0.971886
0.985607 0.971788
0.985687 0.971691
0.985766 0.971594
0.985844 0.971496
0.985921 0.971399
0.985997 0.971302
0.986072 0.971205
0.986147 0.971107
0.98622 0.97101
0.986293 0.970913
0.986365 0.970815
0.986436 0.970718
0.986506 0.970621
0.986576 0.970523
0.986645 0.970426
0.986713 0.970329
0.98678 0.970232
0.986846 0.970134
0.986912 0.970037
0.986977 0.96994
0.987042 0.969843
0.987105 0.969745
0.987168 0.969648
0.98723 0.969551
0.987292 0.969454
0.987353 0.969357
0.987413 0.969259
0.987473 0.969162
0.987532 0.969065
0.98759 0.968968
0.987648 0.968871
0.987705 0.968774
0.987761 0.968677
0.987817 0.96858
0.987872 0.968483
0.987927 0.968386
0.987981 0.968289
0.988035 0.968192
0.988087 0.968095
0.98814 0.967998
0.988192 0.967901
0.988243 0.967804
0.988294 0.967708
0.988344 0.967611
0.988394 0.967514
0.988443 0.967417
0.988491 0.967321
0.98854 0.967224
0.988587 0.967127
0.988634 0.967031
0.988681 0.966934
0.988727 0.966838
0.988773 0.966741
0.988818 0.966645
0.988863 0.966548
0.988907 0.966452
0.988951 0.966356
0.988995 0.966259
0.989038 0.966163
0.98908 0.966067
0.989122 0.965971
0.989164 0.965875
0.989205 0.965779
0.989246 0.965683
0.989286 0.965587
0.989326 0.965491
0.989366 0.965395
0.989405 0.965299
0.989444 0.965203
0.989483 0.965107
0.989521 0.965012
0.989558 0.964916
0.989596 0.96482
0.989633 0.964725
0.989669 0.964629
0.989705 0.964534
0.989741 0.964438
0.989777 0.964343
0.989812 0.964248
0.989847 0.964152
0.989881 0.964057
0.989915 0.963962
0.989949 0.963867
0.989982 0.963772
0.990015 0.963677
0.990048 0.963582
0.990081 0.963487
0.990113 0.963392
0.990145 0.963298
0.990176 0.963203
0.990208 0.963108
0.990239 0.963014
0.990269 0.962919
0.990299 0.962825
0.99033 0.96273
0.990359 0.962636
0.990389 0.962542
0.990418 0.962447
0.990447 0.962353
0.990476 0.962259
0.990504 0.962165
0.990532 0.962071
0.99056 0.961977
0.990587 0.961883
0.990615 0.96179
0.990642 0.961696
0.990668 0.961602
0.990695 0.961509
0.990721 0.961415
0.990747 0.961322
0.990773 0.961228
0.990799 0.961135
0.990824 0.961042
0.990849 0.960949
0.990874 0.960855
0.990898 0.960762
0.990923 0.960669
0.990947 0.960577
0.990971 0.960484
0.990995 0.960391
0.991018 0.960298
0.991041 0.960206
0.991064 0.960113
0.991087 0.960021
0.99111 0.959928
0.991132 0.959836
0.991154 0.959744
0.991176 0.959651
0.991198 0.959559
0.99122 0.959467
0.991241 0.959375
0.991262 0.959283
0.991283 0.959192
0.991304 0.9591
0.991325 0.959008
0.991345 0.958917
0.991365 0.958825
0.991385 0.958734
0.991405 0.958642
0.991425 0.958551
0.991444 0.95846
0.991464 0.958369
0.991483 0.958278
0.991502 0.958187
0.991521 0.958096
0.991539 0.958005
0.991558 0.957914
0.991576 0.957823
0.991594 0.957733
0.991612 0.957642
0.99163 0.957552
0.991647 0.957461
0.991665 0.957371
0.991682 0.957281
0.991699 0.957191
0.991716 0.957101
0.991733 0.957011
0.99175 0.956921
0.991767 0.956831
0.991783 0.956741
0.991799 0.956652
0.991815 0.956562
0.991831 0.956473
0.991847 0.956383
0.991863 0.956294
0.991878 0.956205
0.991894 0.956116
0.991909 0.956027
0.991924 0.955938
0.991939 0.955849
0.991954 0.95576
0.991968 0.955671
0.991983 0.955582
0.991997 0.955494
0.992012 0.955405
0.992026 0.955317
0.99204 0.955229
0.992054 0.95514
0.992068 0.955052
0.992081 0.954964
0.992095 0.954876
0.992108 0.954788
0.992122 0.9547
0.992135 0.954613
0.992148 0.954525
0.992161 0.954438
0.992174 0.95435
0.992187 0.954263
0.992199 0.954175
0.992212 0.954088
0.992224 0.954001
0.992236 0.953914
0.992249 0.953827
0.992261 0.95374
0.992273 0.953653
0.992284 0.953567
0.992296 0.95348
0.992308 0.953393
0.992319 0.953307
0.992331 0.953221
0.992342 0.953134
0.992353 0.953048
0.992365 0.952962
0.992376 0.952876
0.992386 0.95279
0.992397 0.952704
0.992408 0.952618
0.992419 0.952533
0.992429 0.952447
0.99244 0.952362
0.99245 0.952276
0.99246 0.952191
0.99247 0.952106
0.992481 0.95202
0.992491 0.951935
0.9925 0.95185
0.99251 0.951766
0.99252 0.951681
0.99253 0.951596
0.992539 0.951511
0.992549 0.951427
0.992558 0.951342
0.992567 0.951258
0.992576 0.951174
0.992586 0.95109
0.992595 0.951005
0.992604 0.950921
0.992612 0.950837
0.992621 0.950754
0.99263 0.95067
0.992639 0.950586
0.992647 0.950503
0.992656 0.950419
0.992664 0.950336
0.992672 0.950252
0.992681 0.950169
0.992689 0.950086
0.992697 0.950003
0.992705 0.94992
0.992713 0.949837
0.992721 0.949754
0.992729 0.949672
0.992736 0.949589
0.992744 0.949506
0.992752 0.949424
0.992759 0.949342
0.992767 0.949259
0.992774 0.949177
0.992781 0.949095
0.992789 0.949013
0.992796 0.948931
0.992803 0.948849
0.99281 0.948768
0.992817 0.948686
0.992824 0.948604
0.992831 0.948523
0.992838 0.948442
0.992844 0.94836
0.992851 0.948279
0.992858 0.948198
0.992864 0.948117
0.992871 0.948036
0.992877 0.947955
0.992883 0.947874
0.99289 0.947794
0.992896 0.947713
0.992902 0.947633
0.992908 0.947552
0.992914 0.947472
0.99292 0.947392
0.992926 0.947311
0.992932 0.947231
0.992938 0.947151
0.992944 0.947071
0.99295 0.946992
0.992955 0.946912
0.992961 0.946832
0.992967 0.946753
0.992972 0.946673
0.992978 0.946594
0.992983 0.946515
0.992988 0.946435
0.992994 0.946356
0.992999 0.946277
0.993004 0.946198
0.993009 0.946119
0.993014 0.946041
0.993019 0.945962
0.993024 0.945883
0.993029 0.945805
0.993034 0.945726
0.993039 0.945648
0.993044 0.94557
0.993049 0.945492
0.993053 0.945414
0.993058 0.945336
0.993063 0.945258
0.993067 0.94518
0.993072 0.945102
0.993076 0.945025
0.993081 0.944947
0.993085 0.94487
0.99309 0.944792
0.993094 0.944715
0.993098 0.944638
0.993102 0.944561
0.993106 0.944483
0.993111 0.944407
0.993115 0.94433
0.993119 0.944253
0.993123 0.944176
0.993127 0.9441
0.993131 0.944023
0.993135 0.943947
0.993138 0.94387
0.993142 0.943794
0.993146 0.943718
0.99315 0.943642
0.993153 0.943566
0.993157 0.94349
0.993161 0.943414
0.993164 0.943338
0.993168 0.943262
0.993171 0.943187
0.993175 0.943111
0.993178 0.943036
0.993181 0.94296
0.993185 0.942885
0.993188 0.94281
0.993191 0.942735
0.993195 0.94266
0.993198 0.942585
0.993201 0.94251
0.993204 0.942435
0.993207 0.942361
0.99321 0.942286
0.993213 0.942212
0.993216 0.942137
0.993219 0.942063
0.993222 0.941989
0.993225 0.941914
0.993228 0.94184
0.993231 0.941766
0.993234 0.941692
0.993236 0.941619
0.993239 0.941545
0.993242 0.941471
0.993244 0.941397
0.993247 0.941324
0.99325 0.941251
0.993252 0.941177
0.993255 0.941104
0.993257 0.941031
0.99326 0.940958
0.993262 0.940885
0.993265 0.940812
0.993267 0.940739
0.993269 0.940666
0.993272 0.940593
0.993274 0.940521
0.993276 0.940448
0.993278 0.940376
0.993281 0.940303
0.993283 0.940231
0.993285 0.940159
0.993287 0.940087
0.993289 0.940015
0.993291 0.939943
0.993293 0.939871
0.993295 0.939799
0.993297 0.939727
0.993299 0.939655
0.993301 0.939584
0.993303 0.939512
0.993305 0.939441
0.993307 0.93937
0.993309 0.939298
0.99331 0.939227
0.993312 0.939156
0.993314 0.939085
0.993316 0.939014
0.993317 0.938943
0.993319 0.938872
0.993321 0.938802
0.993322 0.938731
0.993324 0.938661
0.993326 0.93859
0.993327 0.93852
0.993329 0.938449
0.99333 0.938379
0.993332 0.938309
0.993333 0.938239
0.993335 0.938169
0.993336 0.938099
0.993337 0.938029
0.993339 0.937959
0.99334 0.93789
0.993341 0.93782
0.993343 0.93775
0.993344 0.937681
0.993345 0.937612
0.993347 0.937542
0.993348 0.937473
0.993349 0.937404
0.99335 0.937335
0.993351 0.937266
0.993352 0.937197
0.993354 0.937128
0.993355 0.937059
0.993356 0.93699
0.993357 0.936922
0.993358 0.936853
0.993359 0.936785
0.99336 0.936716
0.993361 0.936648
0.993362 0.93658
0.993363 0.936512
0.993364 0.936444
0.993364 0.936376
0.993365 0.936308
0.993366 0.93624
0.993367 0.936172
0.993368 0.936104
0.993369 0.936036
0.993369 0.935969
0.99337 0.935901
0.993371 0.935834
0.993372 0.935767
0.993372 0.935699
0.993373 0.935632
0.993374 0.935565
0.993374 0.935498
0.993375 0.935431
0.993376 0.935364
0.993376 0.935297
0.993377 0.93523
0.993377 0.935164
0.993378 0.935097
0.993378 0.93503
0.993379 0.934964
0.993379 0.934897
0.99338 0.934831
0.99338 0.934765
0.993381 0.934699
0.993381 0.934633
0.993382 0.934566
0.993382 0.9345
0.993382 0.934435
0.993383 0.934369
0.993383 0.934303
0.993384 0.934237
0.993384 0.934172
0.993384 0.934106
0.993384 0.934041
0.993385 0.933975
0.993385 0.93391
0.993385 0.933845
0.993386 0.933779
0.993386 0.933714
0.993386 0.933649
0.993386 0.933584
0.993386 0.933519
0.993386 0.933454
0.993387 0.933389
0.993387 0.933325
0.993387 0.93326
0.993387 0.933196
0.993387 0.933131
0.993387 0.933067
0.993387 0.933002
0.993387 0.932938
0.993387 0.932874
0.993387 0.932809
0.993387 0.932745
0.993387 0.932681
0.993387 0.932617
0.993387 0.932553
0.993387 0.93249
0.993387 0.932426
0.993387 0.932362
0.993387 0.932298
0.993387 0.932235
0.993387 0.932171
0.993387 0.932108
0.993387 0.932045
0.993387 0.931981
0.993386 0.931918
0.993386 0.931855
0.993386 0.931792
0.993386 0.931729
0.993386 0.931666
0.993385 0.931603
0.993385 0.93154
0.993385 0.931477
0.993385 0.931415
0.993384 0.931352
0.993384 0.931289
0.993384 0.931227
0.993384 0.931164
0.993383 0.931102
0.993383 0.93104
0.993383 0.930978
0.993382 0.930915
0.993382 0.930853
0.993382 0.930791
0.993381 0.930729
0.993381 0.930667
0.993381 0.930605
0.99338 0.930544
0.99338 0.930482
0.993379 0.93042
0.993379 0.930359
0.993378 0.930297
0.993378 0.930236
0.993378 0.930174
0.993377 0.930113
0.993377 0.930051
0.993376 0.92999
0.993376 0.929929
0.993375 0.929868
0.993375 0.929807
0.993374 0.929746
0.993374 0.929685
0.993373 0.929624
0.993372 0.929563
0.993372 0.929503
0.993371 0.929442
0.993371 0.929381
0.99337 0.929321
0.99337 0.92926
0.993369 0.9292
0.993368 0.92914
0.993368 0.929079
0.993367 0.929019
0.993366 0.928959
0.993366 0.928899
0.993365 0.928839
0.993364 0.928779
0.993364 0.928719
0.993363 0.928659
0.993362 0.928599
0.993362 0.928539
0.993361 0.92848
0.99336 0.92842
0.993359 0.92836
0.993359 0.928301
0.993358 0.928241
0.993357 0.928182
0.993356 0.928123
0.993356 0.928063
0.993355 0.928004
0.993354 0.927945
0.993353 0.927886
0.993353 0.927827
0.993352 0.927768
0.993351 0.927709
0.99335 0.92765
0.993349 0.927591
0.993348 0.927533
0.993348 0.927474
0.993347 0.927415
0.993346 0.927357
0.993345 0.927298
0.993344 0.92724
0.993343 0.927181
0.993342 0.927123
0.993341 0.927065
0.993341 0.927006
0.99334 0.926948
0.993339 0.92689
0.993338 0.926832
0.993337 0.926774
0.993336 0.926716
0.993335 0.926658
0.993334 0.9266
0.993333 0.926543
0.993332 0.926485
0.993331 0.926427
0.99333 0.92637
0.993329 0.926312
0.993328 0.926255
0.993327 0.926197
0.993326 0.92614
0.993325 0.926082
0.993324 0.926025
0.993323 0.925968
0.993322 0.925911
0.993321 0.925854
0.99332 0.925797
0.993319 0.925739
0.993318 0.925683
0.993317 0.925626
0.993316 0.925569
0.993315 0.925512
0.993314 0.925455
0.993313 0.925399
0.993312 0.925342
0.993311 0.925285
0.993309 0.925229
0.993308 0.925172
0.993307 0.925116
0.993306 0.92506
0.993305 0.925003
0.993304 0.924947
0.993303 0.924891
0.993302 0.924835
0.993301 0.924779
0.993299 0.924723
0.993298 0.924667
0.993297 0.924611
0.993296 0.924555
0.993295 0.924499
0.993294 0.924443
0.993292 0.924387
0.993291 0.924332
0.99329 0.924276
0.993289 0.924221
0.993288 0.924165
0.993286 0.92411
0.993285 0.924054
0.993284 0.923999
0.993283 0.923943
0.993282 0.923888
0.99328 0.923833
0.993279 0.923778
0.993278 0.923723
0.993277 0.923668
0.993276 0.923613
0.993274 0.923558
0.993273 0.923503
0.993272 0.923448
0.993271 0.923393
0.993269 0.923338
0.993268 0.923284
0.993267 0.923229
0.993265 0.923174
0.993264 0.92312
0.993263 0.923065
0.993262 0.923011
0.99326 0.922956
0.993259 0.922902
0.993258 0.922848
0.993256 0.922793
0.993255 0.922739
0.993254 0.922685
0.993252 0.922631
0.993251 0.922577
0.99325 0.922523
0.993248 0.922469
0.993247 0.922415
0.993246 0.922361
0.993244 0.922307
0.993243 0.922253
0.993242 0.9222
0.99324 0.922146
0.993239 0.922092
0.993238 0.922039
0.993236 0.921985
0.993235 0.921932
0.993234 0.921878
0.993232 0.921825
0.993231 0.921771
0.99323 0.921718
0.993228 0.921665
0.993227 0.921611
0.993225 0.921558
0.993224 0.921505
0.993223 0.921452
0.993221 0.921399
0.99322 0.921346
0.993218 0.921293
0.993217 0.92124
0.993216 0.921187
0.993214 0.921135
0.993213 0.921082
0.993211 0.921029
0.99321 0.920976
0.993208 0.920924
0.993207 0.920871
0.993206 0.920819
0.993204 0.920766
0.993203 0.920714
0.993201 0.920661
0.9932 0.920609
0.993198 0.920557
0.993197 0.920504
0.993195 0.920452
0.993194 0.9204
0.993193 0.920348
0.993191 0.920296
0.99319 0.920244
0.993188 0.920192
0.993187 0.92014
0.993185 0.920088
0.993184 0.920036
0.993182 0.919984
0.993181 0.919932
0.993179 0.919881
0.993178 0.919829
0.993176 0.919777
0.993175 0.919726
0.993173 0.919674
0.993172 0.919622
0.99317 0.919571
0.993169 0.91952
0.993167 0.919468
0.993166 0.919417
0.993164 0.919365
0.993163 0.919314
0.993161 0.919263
0.99316 0.919212
0.993158 0.919161
0.993157 0.919109
0.993155 0.919058
0.993154 0.919007
0.993152 0.918956
0.993151 0.918905
0.993149 0.918855
0.993147 0.918804
0.993146 0.918753
0.993144 0.918702
0.993143 0.918651
0.993141 0.918601
0.99314 0.91855
0.993138 0.918499
0.993137 0.918449
0.993135 0.918398
0.993133 0.918348
0.993132 0.918297
0.99313 0.918247
0.993129 0.918197
0.993127 0.918146
0.993126 0.918096
0.993124 0.918046
0.993123 0.917996
0.993121 0.917945
0.993119 0.917895
0.993118 0.917845
0.993116 0.917795
0.993115 0.917745
0.993113 0.917695
0.993111 0.917645
0.99311 0.917595
0.993108 0.917545
0.993107 0.917496
0.993105 0.917446
0.993104 0.917396
0.993102 0.917346
0.9931 0.917297
0.993099 0.917247
0.993097 0.917197
0.993096 0.917148
0.993094 0.917098
0.993092 0.917049
0.993091 0.916999
0.993089 0.91695
0.993087 0.916901
0.993086 0.916851
0.993084 0.916802
0.993083 0.916753
0.993081 0.916704
0.993079 0.916654
0.993078 0.916605
0.993076 0.916556
0.993075 0.916507
0.993073 0.916458
0.993071 0.916409
0.99307 0.91636
0.993068 0.916311
0.993066 0.916262
0.993065 0.916214
0.993063 0.916165
0.993061 0.916116
0.99306 0.916067
0.993058 0.916019
0.993057 0.91597
0.993055 0.915921
0.993053 0.915873
0.993052 0.915824
0.99305 0.915776
0.993048 0.915727
0.993047 0.915679
0.993045 0.91563
0.993043 0.915582
0.993042 0.915533
0.99304 0.915485
0.993038 0.915437
0.993037 0.915389
0.993035 0.91534
0.993033 0.915292
0.993032 0.915244
0.99303 0.915196
0.993028 0.915148
0.993027 0.9151
0.993025 0.915052
0.993023 0.915004
0.993022 0.914956
0.99302 0.914908
0.993018 0.91486
0.993017 0.914813
0.993015 0.914765
0.993013 0.914717
0.993012 0.914669
0.99301 0.914622
0.993008 0.914574
0.993007 0.914526
0.993005 0.914479
0.993003 0.914431
0.993002 0.914384
0.993 0.914336
0.992998 0.914289
0.992997 0.914241
0.992995 0.914194
0.992993 0.914146
0.992992 0.914099
0.99299 0.914052
0.992988 0.914005
0.992987 0.913957
0.992985 0.91391
0.992983 0.913863
0.992981 0.913816
0.99298 0.913769
0.992978 0.913722
0.992976 0.913675
0.992975 0.913628
0.992973 0.913581
0.992971 0.913534
0.99297 0.913487
0.992968 0.91344
0.992966 0.913393
0.992965 0.913346
0.992963 0.9133
0.992961 0.913253
0.992959 0.913206
0.992958 0.913159
0.992956 0.913113
0.992954 0.913066
0.992953 0.913019
0.992951 0.912973
0.992949 0.912926
0.992947 0.91288
0.992946 0.912833
0.992944 0.912787
0.992942 0.912741
0.992941 0.912694
0.992939 0.912648
0.992937 0.912601
0.992936 0.912555
0.992934 0.912509
0.992932 0.912463
0.99293 0.912416
0.992929 0.91237
0.992927 0.912324
0.992925 0.912278
0.992924 0.912232
0.992922 0.912186
0.99292 0.91214
0.992918 0.912094
0.992917 0.912048
0.992915 0.912002
0.992913 0.911956
0.992911 0.91191
0.99291 0.911864
0.992908 0.911819
0.992906 0.911773
0.992905 0.911727
0.992903 0.911681
0.992901 0.911635
0.992899 0.91159
0.992898 0.911544
0.992896 0.911499
0.992894 0.911453
0.992893 0.911407
0.992891 0.911362
0.992889 0.911316
0.992887 0.911271
0.992886 0.911225
0.992884 0.91118
0.992882 0.911135
0.99288 0.911089
0.992879 0.911044
0.992877 0.910998
0.992875 0.910953
0.992873 0.910908
0.992872 0.910863
0.99287 0.910817
0.992868 0.910772
0.992867 0.910727
0.992865 0.910682
0.992863 0.910637
0.992861 0.910592
0.99286 0.910547
0.992858 0.910502
0.992856 0.910457
0.992854 0.910412
0.992853 0.910367
0.992851 0.910322
0.992849 0.910277
0.992847 0.910232
0.992846 0.910187
0.992844 0.910143
0.992842 0.910098
0.99284 0.910053
0.992839 0.910008
0.992837 0.909964
0.992835 0.909919
0.992834 0.909874
0.992832 0.90983
0.99283 0.909785
0.992828 0.90974
0.992827 0.909696
0.992825 0.909651
0.992823 0.909607
0.992821 0.909562
0.99282 0.909518
0.992818 0.909473
0.992816 0.909429
0.992814 0.909385
0.992813 0.90934
0.992811 0.909296
0.992809 0.909252
0.992807 0.909207
0.992806 0.909163
0.992804 0.909119
0.992802 0.909075
0.9928 0.90903
0.992799 0.908986
0.992797 0.908942
0.992795 0.908898
0.992793 0.908854
0.992792 0.90881
0.99279 0.908766
0.992788 0.908722
0.992786 0.908678
0.992785 0.908634
0.992783 0.90859
0.992781 0.908546
0.992779 0.908502
0.992778 0.908458
0.992776 0.908414
0.992774 0.90837
0.992772 0.908327
0.992771 0.908283
0.992769 0.908239
0.992767 0.908195
0.992765 0.908152
0.992764 0.908108
0.992762 0.908064
0.99276 0.908021
0.992758 0.907977
0.992757 0.907933
0.992755 0.90789
0.992753 0.907846
0.992751 0.907803
0.99275 0.907759
0.992748 0.907716
0.992746 0.907672
0.992744 0.907629
0.992743 0.907585
0.992741 0.907542
0.992739 0.907498
0.992737 0.907455
0.992736 0.907412
0.992734 0.907368
0.992732 0.907325
0.99273 0.907282
0.992729 0.907239
0.992727 0.907195
0.992725 0.907152
0.992723 0.907109
0.992722 0.907066
0.99272 0.907023
0.992718 0.906979
0.992716 0.906936
0.992715 0.906893
0.992713 0.90685
0.992711 0.906807
0.992709 0.906764
0.992708 0.906721
0.992706 0.906678
0.992704 0.906635
0.992702 0.906592
0.992701 0.906549
0.992699 0.906506
0.992697 0.906463
0.992695 0.90642
0.992694 0.906378
0.992692 0.906335
0.99269 0.906292
0.992688 0.906249
0.992687 0.906206
0.992685 0.906164
0.992683 0.906121
0.992681 0.906078
0.99268 0.906036
0.992678 0.905993
0.992676 0.90595
0.992674 0.905908
0.992673 0.905865
0.992671 0.905822
0.992669 0.90578
0.992667 0.905737
0.992666 0.905695
0.992664 0.905652
0.992662 0.90561
0.99266 0.905567
0.992659 0.905525
0.992657 0.905482
0.992655 0.90544
0.992653 0.905397
0.992652 0.905355
0.99265 0.905313
0.992648 0.90527
0.992646 0.905228
0.992645 0.905186
0.992643 0.905143
0.992641 0.905101
0.992639 0.905059
0.992638 0.905017
0.992636 0.904974
0.992634 0.904932
0.992632 0.90489
0.992631 0.904848
0.992629 0.904806
0.992627 0.904763
0.992625 0.904721
0.992624 0.904679
0.992622 0.904637
0.99262 0.904595
0.992618 0.904553
0.992617 0.904511
0.992615 0.904469
0.992613 0.904427
0.992611 0.904385
0.99261 0.904343
0.992608 0.904301
0.992606 0.904259
0.992604 0.904217
0.992603 0.904175
0.992601 0.904133
0.992599 0.904091
0.992597 0.90405
0.992596 0.904008
0.992594 0.903966
0.992592 0.903924
0.99259 0.903882
0.992589 0.903841
0.992587 0.903799
0.992585 0.903757
0.992583 0.903715
0.992582 0.903674
0.99258 0.903632
0.992578 0.90359
0.992576 0.903549
0.992575 0.903507
0.992573 0.903465
0.992571 0.903424
0.992569 0.903382
0.992568 0.903341
0.992566 0.903299
0.992564 0.903257
0.992562 0.903216
0.992561 0.903174
0.992559 0.903133
0.992557 0.903091
0.992555 0.90305
0.992554 0.903008
0.992552 0.902967
0.99255 0.902925
0.992548 0.902884
0.992547 0.902843
0.992545 0.902801
0.992543 0.90276
0.992541 0.902718
0.99254 0.902677
0.992538 0.902636
0.992536 0.902594
0.992534 0.902553
0.992533 0.902512
0.992531 0.902471
0.992529 0.902429
0.992527 0.902388
0.992526 0.902347
0.992524 0.902306
0.992522 0.902264
0.99252 0.902223
0.992519 0.902182
0.992517 0.902141
0.992515 0.9021
0.992513 0.902059
0.992512 0.902017
0.99251 0.901976
0.992508 0.901935
0.992506 0.901894
0.992505 0.901853
0.992503 0.901812
0.992501 0.901771
0.992499 0.90173
0.992498 0.901689
0.992496 0.901648
0.992494 0.901607
0.992492 0.901566
0.992491 0.901525
0.992489 0.901484
0.992487 0.901443
0.992485 0.901402
0.992484 0.901361
0.992482 0.90132
0.99248 0.901279
0.992478 0.901238
0.992477 0.901197
0.992475 0.901157
0.992473 0.901116
0.992471 0.901075
0.99247 0.901034
0.992468 0.900993
0.992466 0.900952
0.992464 0.900912
0.992463 0.900871
0.992461 0.90083
0.992459 0.900789
0.992457 0.900749
0.992456 0.900708
0.992454 0.900667
0.992452 0.900626
0.992451 0.900586
0.992449 0.900545
0.992447 0.900504
0.992445 0.900464
0.992444 0.900423
0.992442 0.900382
0.99244 0.900342
0.992438 0.900301
0.992437 0.900261
0.992435 0.90022
0.992433 0.900179
0.992431 0.900139
0.99243 0.900098
0.992428 0.900058
0.992426 0.900017
0.992424 0.899976
0.992423 0.899936
0.992421 0.899895
0.992419 0.899855
0.992417 0.899814
0.992416 0.899774
0.992414 0.899733
0.992412 0.899693
0.99241 0.899653
0.992409 0.899612
0.992407 0.899572
0.992405 0.899531
0.992403 0.899491
0.992402 0.89945
0.9924 0.89941
0.992398 0.89937
0.992397 0.899329
0.992395 0.899289
0.992393 0.899248
0.992391 0.899208
0.99239 0.899168
0.992388 0.899127
0.992386 0.899087
0.992384 0.899047
0.992383 0.899006
0.992381 0.898966
0.992379 0.898926
0.992377 0.898886
0.992376 0.898845
0.992374 0.898805
0.992372 0.898765
0.99237 0.898725
0.992369 0.898684
0.992367 0.898644
0.992365 0.898604
0.992363 0.898564
0.992362 0.898523
0.99236 0.898483
0.992358 0.898443
0.992357 0.898403
0.992355 0.898363
0.992353 0.898322
0.992351 0.898282
0.99235 0.898242
0.992348 0.898202
0.992346 0.898162
0.992344 0.898122
0.992343 0.898082
0.992341 0.898041
0.992339 0.898001
0.992337 0.897961
0.992336 0.897921
0.992334 0.897881
0.992332 0.897841
0.99233 0.897801
0.992329 0.897761
0.992327 0.897721
0.992325 0.897681
0.992324 0.897641
0.992322 0.897601
0.99232 0.897561
0.992318 0.897521
0.992317 0.897481
0.992315 0.897441
0.992313 0.897401
0.992311 0.897361
0.99231 0.897321
0.992308 0.897281
0.992306 0.897241
0.992304 0.897201
0.992303 0.897161
0.992301 0.897121
0.992299 0.897081
0.992297 0.897041
0.992296 0.897001
0.992294 0.896961
0.992292 0.896921
0.992291 0.896881
0.992289 0.896841
0.992287 0.896801
0.992285 0.896761
0.992284 0.896722
0.992282 0.896682
0.99228 0.896642
0.992278 0.896602
0.992277 0.896562
0.992275 0.896522
0.992273 0.896482
0.992271 0.896442
0.99227 0.896403
0.992268 0.896363
0.992266 0.896323
0.992265 0.896283
0.992263 0.896243
0.992261 0.896203
0.992259 0.896164
0.992258 0.896124
0.992256 0.896084
0.992254 0.896044
0.992252 0.896004
0.992251 0.895965
0.992249 0.895925
0.992247 0.895885
0.992245 0.895845
0.992244 0.895805
0.992242 0.895766
0.99224 0.895726
0.992239 0.895686
0.992237 0.895646
0.992235 0.895607
0.992233 0.895567
0.992232 0.895527
0.99223 0.895487
0.992228 0.895448
0.992226 0.895408
0.992225 0.895368
0.992223 0.895328
0.992221 0.895289
0.992219 0.895249
0.992218 0.895209
0.992216 0.895169
0.992214 0.89513
0.992212 0.89509
0.992211 0.89505
0.992209 0.895011
0.992207 0.894971
0.992206 0.894931
0.992204 0.894891
0.992202 0.894852
0.9922 0.894812
0.992199 0.894772
0.992197 0.894733
0.992195 0.894693
0.992193 0.894653
0.992192 0.894614
0.99219 0.894574
0.992188 0.894534
0.992186 0.894495
0.992185 0.894455
0.992183 0.894415
0.992181 0.894376
0.99218 0.894336
0.992178 0.894296
0.992176 0.894257
0.992174 0.894217
0.992173 0.894177
0.992171 0.894138
0.992169 0.894098
0.992167 0.894058
0.992166 0.894019
0.992164 0.893979
0.992162 0.89394
0.99216 0.8939
0.992159 0.89386
0.992157 0.893821
0.992155 0.893781
0.992154 0.893741
0.992152 0.893702
0.99215 0.893662
0.992148 0.893622
0.992147 0.893583
0.992145 0.893543
0.992143 0.893504
0.992141 0.893464
0.99214 0.893424
0.992138 0.893385
0.992136 0.893345
0.992134 0.893305
0.992133 0.893266
0.992131 0.893226
0.992129 0.893187
0.992127 0.893147
0.992126 0.893107
0.992124 0.893068
0.992122 0.893028
0.992121 0.892988
0.992119 0.892949
0.992117 0.892909
0.992115 0.89287
0.992114 0.89283
0.992112 0.89279
0.99211 0.892751
0.992108 0.892711
0.992107 0.892672
0.992105 0.892632
0.992103 0.892592
0.992101 0.892553
0.9921 0.892513
0.992098 0.892473
0.992096 0.892434
0.992094 0.892394
0.992093 0.892355
0.992091 0.892315
0.992089 0.892275
0.992088 0.892236
0.992086 0.892196
0.992084 0.892156
0.992082 0.892117
0.992081 0.892077
0.992079 0.892038
0.992077 0.891998
0.992075 0.891958
0.992074 0.891919
0.992072 0.891879
0.99207 0.891839
0.992068 0.8918
0.992067 0.89176
0.992065 0.891721
0.992063 0.891681
0.992061 0.891641
0.99206 0.891602
0.992058 0.891562
0.992056 0.891522
0.992054 0.891483
0.992053 0.891443
0.992051 0.891403
0.992049 0.891364
0.992048 0.891324
0.992046 0.891284
0.992044 0.891245
0.992042 0.891205
0.992041 0.891165
0.992039 0.891126
0.992037 0.891086
0.992035 0.891046
0.992034 0.891007
0.992032 0.890967
0.99203 0.890927
0.992028 0.890888
0.992027 0.890848
0.992025 0.890808
0.992023 0.890769
0.992021 0.890729
0.99202 0.890689
0.992018 0.89065
0.992016 0.89061
0.992014 0.89057
0.992013 0.89053
0.992011 0.890491
0.992009 0.890451
0.992007 0.890411
0.992006 0.890372
0.992004 0.890332
0.992002 0.890292
0.992 0.890252
0.991999 0.890213
0.991997 0.890173
0.991995 0.890133
0.991993 0.890093
0.991992 0.890054
0.99199 0.890014
0.991988 0.889974
0.991986 0.889934
0.991985 0.889895
0.991983 0.889855
0.991981 0.889815
0.991979 0.889775
0.991978 0.889735
0.991976 0.889696
0.991974 0.889656
0.991972 0.889616
0.991971 0.889576
0.991969 0.889536
0.991967 0.889497
0.991965 0.889457
0.991964 0.889417
0.991962 0.889377
0.99196 0.889337
0.991958 0.889297
0.991957 0.889258
0.991955 0.889218
0.991953 0.889178
0.991951 0.889138
0.99195 0.889098
0.991948 0.889058
0.991946 0.889018
0.991944 0.888979
0.991943 0.888939
0.991941 0.888899
0.991939 0.888859
0.991937 0.888819
0.991936 0.888779
0.991934 0.888739
0.991932 0.888699
0.99193 0.888659
0.991929 0.888619
0.991927 0.888579
0.991925 0.888539
0.991923 0.888499
0.991922 0.88846
0.99192 0.88842
0.991918 0.88838
0.991916 0.88834
0.991915 0.8883
0.991913 0.88826
0.991911 0.88822
0.991909 0.88818
0.991908 0.88814
0.991906 0.8881
0.991904 0.88806
0.991902 0.888019
0.991901 0.887979
0.991899 0.887939
0.991897 0.887899
0.991895 0.887859
0.991893 0.887819
0.991892 0.887779
0.99189 0.887739
0.991888 0.887699
0.991886 0.887659
0.991885 0.887619
0.991883 0.887579
0.991881 0.887538
0.991879 0.887498
0.991878 0.887458
0.991876 0.887418
0.991874 0.887378
0.991872 0.887338
0.991871 0.887298
0.991869 0.887257
0.991867 0.887217
0.991865 0.887177
0.991863 0.887137
0.991862 0.887097
0.99186 0.887056
0.991858 0.887016
0.991856 0.886976
0.991855 0.886936
0.991853 0.886895
0.991851 0.886855
0.991849 0.886815
0.991848 0.886775
0.991846 0.886734
0.991844 0.886694
0.991842 0.886654
0.99184 0.886613
0.991839 0.886573
0.991837 0.886533
0.991835 0.886492
0.991833 0.886452
0.991832 0.886412
0.99183 0.886371
0.991828 0.886331
0.991826 0.88629
0.991824 0.88625
0.991823 0.88621
0.991821 0.886169
0.991819 0.886129
0.991817 0.886088
0.991816 0.886048
0.991814 0.886007
0.991812 0.885967
0.99181 0.885926
0.991808 0.885886
0.991807 0.885845
0.991805 0.885805
0.991803 0.885764
0.991801 0.885724
0.9918 0.885683
0.991798 0.885643
0.991796 0.885602
0.991794 0.885561
0.991792 0.885521
0.991791 0.88548
0.991789 0.88544
0.991787 0.885399
0.991785 0.885358
0.991783 0.885318
0.991782 0.885277
0.99178 0.885236
0.991778 0.885196
0.991776 0.885155
0.991775 0.885114
0.991773 0.885074
0.991771 0.885033
0.991769 0.884992
0.991767 0.884951
0.991766 0.884911
0.991764 0.88487
0.991762 0.884829
0.99176 0.884788
0.991758 0.884747
0.991757 0.884707
0.991755 0.884666
0.991753 0.884625
0.991751 0.884584
0.991749 0.884543
0.991748 0.884502
0.991746 0.884461
0.991744 0.88442
0.991742 0.884379
0.99174 0.884338
0.991739 0.884298
0.991737 0.884257
0.991735 0.884216
0.991733 0.884175
0.991731 0.884134
0.99173 0.884093
0.991728 0.884051
0.991726 0.88401
0.991724 0.883969
0.991722 0.883928
0.991721 0.883887
0.991719 0.883846
0.991717 0.883805
0.991715 0.883764
0.991713 0.883723
0.991712 0.883682
0.99171 0.88364
0.991708 0.883599
0.991706 0.883558
0.991704 0.883517
0.991703 0.883476
0.991701 0.883434
0.991699 0.883393
0.991697 0.883352
0.991695 0.88331
0.991693 0.883269
0.991692 0.883228
0.99169 0.883186
0.991688 0.883145
0.991686 0.883104
0.991684 0.883062
0.991683 0.883021
0.991681 0.88298
0.991679 0.882938
0.991677 0.882897
0.991675 0.882855
0.991673 0.882814
0.991672 0.882772
0.99167 0.882731
0.991668 0.882689
0.991666 0.882648
0.991664 0.882606
0.991662 0.882565
0.991661 0.882523
0.991659 0.882481
0.991657 0.88244
0.991655 0.882398
0.991653 0.882356
0.991652 0.882315
0.99165 0.882273
0.991648 0.882231
0.991646 0.88219
0.991644 0.882148
0.991642 0.882106
0.991641 0.882064
0.991639 0.882023
0.991637 0.881981
0.991635 0.881939
0.991633 0.881897
0.991631 0.881855
0.99163 0.881814
0.991628 0.881772
0.991626 0.88173
0.991624 0.881688
0.991622 0.881646
0.99162 0.881604
0.991618 0.881562
0.991617 0.88152
0.991615 0.881478
0.991613 0.881436
0.991611 0.881394
0.991609 0.881352
0.991607 0.88131
0.991606 0.881268
0.991604 0.881225
0.991602 0.881183
0.9916 0.881141
0.991598 0.881099
0.991596 0.881057
0.991594 0.881015
0.991593 0.880972
0.991591 0.88093
0.991589 0.880888
0.991587 0.880846
0.991585 0.880803
0.991583 0.880761
0.991581 0.880719
0.99158 0.880676
0.991578 0.880634
0.991576 0.880591
0.991574 0.880549
0.991572 0.880507
0.99157 0.880464
0.991568 0.880422
0.991567 0.880379
0.991565 0.880337
0.991563 0.880294
0.991561 0.880251
0.991559 0.880209
0.991557 0.880166
0.991555 0.880124
0.991553 0.880081
0.991552 0.880038
0.99155 0.879996
0.991548 0.879953
0.991546 0.87991
0.991544 0.879867
0.991542 0.879825
0.99154 0.879782
0.991538 0.879739
0.991537 0.879696
0.991535 0.879653
0.991533 0.87961
0.991531 0.879568
0.991529 0.879525
0.991527 0.879482
0.991525 0.879439
0.991523 0.879396
0.991522 0.879353
0.99152 0.87931
0.991518 0.879267
0.991516 0.879224
0.991514 0.87918
0.991512 0.879137
0.99151 0.879094
0.991508 0.879051
0.991506 0.879008
0.991505 0.878965
0.991503 0.878921
0.991501 0.878878
0.991499 0.878835
0.991497 0.878792
0.991495 0.878748
0.991493 0.878705
0.991491 0.878662
0.991489 0.878618
0.991487 0.878575
0.991486 0.878531
0.991484 0.878488
0.991482 0.878444
0.99148 0.878401
0.991478 0.878357
0.991476 0.878314
0.991474 0.87827
0.991472 0.878227
0.99147 0.878183
0.991468 0.878139
0.991466 0.878096
0.991465 0.878052
0.991463 0.878008
0.991461 0.877964
0.991459 0.877921
0.991457 0.877877
0.991455 0.877833
0.991453 0.877789
0.991451 0.877745
0.991449 0.877701
0.991447 0.877657
0.991445 0.877613
0.991443 0.877569
0.991441 0.877525
0.99144 0.877481
0.991438 0.877437
0.991436 0.877393
0.991434 0.877349
0.991432 0.877305
0.99143 0.877261
0.991428 0.877217
0.991426 0.877172
0.991424 0.877128
0.991422 0.877084
0.99142 0.87704
0.991418 0.876995
0.991416 0.876951
0.991414 0.876906
0.991412 0.876862
0.991411 0.876818
0.991409 0.876773
0.991407 0.876729
0.991405 0.876684
0.991403 0.87664
0.991401 0.876595
0.991399 0.87655
0.991397 0.876506
0.991395 0.876461
0.991393 0.876416
0.991391 0.876372
0.991389 0.876327
0.991387 0.876282
0.991385 0.876237
0.991383 0.876193
0.991381 0.876148
0.991379 0.876103
0.991377 0.876058
0.991375 0.876013
0.991373 0.875968
0.991371 0.875923
0.991369 0.875878
0.991367 0.875833
0.991365 0.875788
0.991364 0.875743
0.991362 0.875698
0.99136 0.875652
0.991358 0.875607
0.991356 0.875562
0.991354 0.875517
0.991352 0.875471
0.99135 0.875426
0.991348 0.875381
0.991346 0.875335
0.991344 0.87529
0.991342 0.875245
0.99134 0.875199
0.991338 0.875154
0.991336 0.875108
0.991334 0.875062
0.991332 0.875017
0.99133 0.874971
0.991328 0.874926
0.991326 0.87488
0.991324 0.874834
0.991322 0.874788
0.99132 0.874743
0.991318 0.874697
0.991316 0.874651
0.991314 0.874605
0.991312 0.874559
0.99131 0.874513
0.991308 0.874467
0.991306 0.874421
0.991304 0.874375
0.991302 0.874329
0.9913 0.874283
0.991298 0.874237
0.991296 0.874191
0.991294 0.874144
0.991292 0.874098
0.99129 0.874052
0.991288 0.874006
0.991286 0.873959
0.991284 0.873913
0.991282 0.873866
0.99128 0.87382
0.991277 0.873773
0.991275 0.873727
0.991273 0.87368
0.991271 0.873634
0.991269 0.873587
0.991267 0.873541
0.991265 0.873494
0.991263 0.873447
0.991261 0.8734
0.991259 0.873354
0.991257 0.873307
0.991255 0.87326
0.991253 0.873213
0.991251 0.873166
0.991249 0.873119
0.991247 0.873072
0.991245 0.873025
0.991243 0.872978
0.991241 0.872931
0.991239 0.872884
0.991237 0.872837
0.991235 0.872789
0.991232 0.872742
0.99123 0.872695
0.991228 0.872647
0.991226 0.8726
0.991224 0.872553
0.991222 0.872505
0.99122 0.872458
0.991218 0.87241
0.991216 0.872363
0.991214 0.872315
0.991212 0.872267
0.99121 0.87222
0.991208 0.872172
0.991206 0.872124
0.991203 0.872076
0.991201 0.872029
0.991199 0.871981
0.991197 0.871933
0.991195 0.871885
0.991193 0.871837
0.991191 0.871789
0.991189 0.871741
0.991187 0.871693
0.991185 0.871645
0.991183 0.871596
0.99118 0.871548
0.991178 0.8715
0.991176 0.871452
0.991174 0.871403
0.991172 0.871355
0.99117 0.871307
0.991168 0.871258
0.991166 0.87121
0.991164 0.871161
0.991161 0.871113
0.991159 0.871064
0.991157 0.871015
0.991155 0.870967
0.991153 0.870918
0.991151 0.870869
0.991149 0.87082
0.991147 0.870771
0.991144 0.870722
0.991142 0.870673
0.99114 0.870624
0.991138 0.870575
0.991136 0.870526
0.991134 0.870477
0.991132 0.870428
0.991129 0.870379
0.991127 0.87033
0.991125 0.87028
0.991123 0.870231
0.991121 0.870182
0.991119 0.870132
0.991117 0.870083
0.991114 0.870033
0.991112 0.869984
0.99111 0.869934
0.991108 0.869884
0.991106 0.869835
0.991104 0.869785
0.991101 0.869735
0.991099 0.869685
0.991097 0.869636
0.991095 0.869586
0.991093 0.869536
0.991091 0.869486
0.991088 0.869436
0.991086 0.869386
0.991084 0.869335
0.991082 0.869285
0.99108 0.869235
0.991078 0.869185
0.991075 0.869134
0.991073 0.869084
0.991071 0.869034
0.991069 0.868983
0.991067 0.868933
0.991064 0.868882
0.991062 0.868831
0.99106 0.868781
0.991058 0.86873
0.991056 0.868679
0.991053 0.868629
0.991051 0.868578
0.991049 0.868527
0.991047 0.868476
0.991045 0.868425
0.991042 0.868374
0.99104 0.868323
0.991038 0.868272
0.991036 0.868221
0.991033 0.868169
0.991031 0.868118
0.991029 0.868067
0.991027 0.868015
0.991024 0.867964
0.991022 0.867912
0.99102 0.867861
0.991018 0.867809
0.991016 0.867758
0.991013 0.867706
0.991011 0.867654
0.991009 0.867602
0.991007 0.867551
0.991004 0.867499
0.991002 0.867447
0.991 0.867395
0.990998 0.867343
0.990995 0.867291
0.990993 0.867239
0.990991 0.867186
0.990988 0.867134
0.990986 0.867082
0.990984 0.867029
0.990982 0.866977
0.990979 0.866925
0.990977 0.866872
0.990975 0.86682
0.990973 0.866767
0.99097 0.866714
0.990968 0.866662
0.990966 0.866609
0.990963 0.866556
0.990961 0.866503
0.990959 0.86645
0.990956 0.866397
0.990954 0.866344
0.990952 0.866291
0.99095 0.866238
0.990947 0.866185
0.990945 0.866131
0.990943 0.866078
0.99094 0.866025
0.990938 0.865971
0.990936 0.865918
0.990933 0.865864
0.990931 0.86581
0.990929 0.865757
0.990926 0.865703
0.990924 0.865649
0.990922 0.865595
0.990919 0.865542
0.990917 0.865488
0.990915 0.865434
0.990912 0.86538
0.99091 0.865325
0.990908 0.865271
0.990905 0.865217
0.990903 0.865163
0.990901 0.865108
0.990898 0.865054
0.990896 0.864999
0.990893 0.864945
0.990891 0.86489
0.990889 0.864836
0.990886 0.864781
0.990884 0.864726
0.990882 0.864671
0.990879 0.864616
0.990877 0.864561
0.990874 0.864506
0.990872 0.864451
0.99087 0.864396
0.990867 0.864341
0.990865 0.864286
0.990863 0.86423
0.99086 0.864175
0.990858 0.86412
0.990855 0.864064
0.990853 0.864008
0.990851 0.863953
0.990848 0.863897
0.990846 0.863841
0.990843 0.863785
0.990841 0.86373
0.990838 0.863674
0.990836 0.863618
0.990834 0.863561
0.990831 0.863505
0.990829 0.863449
0.990826 0.863393
0.990824 0.863336
0.990821 0.86328
0.990819 0.863224
0.990816 0.863167
0.990814 0.86311
0.990812 0.863054
0.990809 0.862997
0.990807 0.86294
0.990804 0.862883
0.990802 0.862826
0.990799 0.862769
0.990797 0.862712
0.990794 0.862655
0.990792 0.862598
0.990789 0.862541
0.990787 0.862483
0.990784 0.862426
0.990782 0.862368
0.990779 0.862311
0.990777 0.862253
0.990774 0.862195
0.990772 0.862138
0.990769 0.86208
0.990767 0.862022
0.990764 0.861964
0.990762 0.861906
0.990759 0.861848
0.990757 0.86179
0.990754 0.861731
0.990752 0.861673
0.990749 0.861615
0.990747 0.861556
0.990744 0.861498
0.990742 0.861439
0.990739 0.86138
0.990737 0.861321
0.990734 0.861263
0.990732 0.861204
0.990729 0.861145
0.990726 0.861086
0.990724 0.861027
0.990721 0.860967
0.990719 0.860908
0.990716 0.860849
0.990714 0.860789
0.990711 0.86073
0.990709 0.86067
0.990706 0.86061
0.990703 0.860551
0.990701 0.860491
0.990698 0.860431
0.990696 0.860371
0.990693 0.860311
0.99069 0.860251
0.990688 0.860191
0.990685 0.86013
0.990683 0.86007
0.99068 0.86001
0.990677 0.859949
0.990675 0.859889
0.990672 0.859828
0.99067 0.859767
0.990667 0.859706
0.990664 0.859645
0.990662 0.859584
0.990659 0.859523
0.990656 0.859462
0.990654 0.859401
0.990651 0.85934
0.990648 0.859278
0.990646 0.859217
0.990643 0.859155
0.99064 0.859094
0.990638 0.859032
0.990635 0.85897
0.990632 0.858908
0.99063 0.858846
0.990627 0.858784
0.990624 0.858722
0.990622 0.85866
0.990619 0.858597
0.990616 0.858535
0.990614 0.858473
0.990611 0.85841
0.990608 0.858347
0.990606 0.858285
0.990603 0.858222
0.9906 0.858159
0.990597 0.858096
0.990595 0.858033
0.990592 0.85797
0.990589 0.857906
0.990587 0.857843
0.990584 0.85778
0.990581 0.857716
0.990578 0.857653
0.990576 0.857589
0.990573 0.857525
0.99057 0.857461
0.990567 0.857397
0.990565 0.857333
0.990562 0.857269
0.990559 0.857205
0.990556 0.857141
0.990553 0.857076
0.990551 0.857012
0.990548 0.856947
0.990545 0.856882
0.990542 0.856818
0.99054 0.856753
0.990537 0.856688
0.990534 0.856623
0.990531 0.856557
0.990528 0.856492
0.990526 0.856427
0.990523 0.856361
0.99052 0.856296
0.990517 0.85623
0.990514 0.856165
0.990511 0.856099
0.990509 0.856033
0.990506 0.855967
0.990503 0.855901
0.9905 0.855835
0.990497 0.855768
0.990494 0.855702
0.990491 0.855635
0.990489 0.855569
0.990486 0.855502
0.990483 0.855435
0.99048 0.855368
0.990477 0.855301
0.990474 0.855234
0.990471 0.855167
0.990468 0.8551
0.990466 0.855032
0.990463 0.854965
0.99046 0.854897
0.990457 0.85483
0.990454 0.854762
0.990451 0.854694
0.990448 0.854626
0.990445 0.854558
0.990442 0.85449
0.990439 0.854421
0.990436 0.854353
0.990433 0.854284
0.99043 0.854216
0.990427 0.854147
0.990424 0.854078
0.990422 0.854009
0.990419 0.85394
0.990416 0.853871
0.990413 0.853802
0.99041 0.853732
0.990407 0.853663
0.990404 0.853593
0.990401 0.853523
0.990398 0.853454
0.990395 0.853384
0.990392 0.853314
0.990389 0.853243
0.990386 0.853173
0.990383 0.853103
0.99038 0.853032
0.990376 0.852962
0.990373 0.852891
0.99037 0.85282
0.990367 0.852749
0.990364 0.852678
0.990361 0.852607
0.990358 0.852536
0.990355 0.852464
0.990352 0.852393
0.990349 0.852321
0.990346 0.85225
0.990343 0.852178
0.99034 0.852106
0.990337 0.852034
0.990334 0.851961
0.99033 0.851889
0.990327 0.851817
0.990324 0.851744
0.990321 0.851671
0.990318 0.851599
0.990315 0.851526
0.990312 0.851453
0.990309 0.851379
0.990305 0.851306
0.990302 0.851233
0.990299 0.851159
0.990296 0.851086
0.990293 0.851012
0.99029 0.850938
0.990286 0.850864
0.990283 0.85079
0.99028 0.850716
0.990277 0.850641
0.990274 0.850567
0.99027 0.850492
0.990267 0.850417
0.990264 0.850342
0.990261 0.850267
0.990258 0.850192
0.990254 0.850117
0.990251 0.850041
0.990248 0.849966
0.990245 0.84989
0.990241 0.849814
0.990238 0.849739
0.990235 0.849662
0.990232 0.849586
0.990228 0.84951
0.990225 0.849433
0.990222 0.849357
0.990219 0.84928
0.990215 0.849203
0.990212 0.849126
0.990209 0.849049
0.990205 0.848972
0.990202 0.848895
0.990199 0.848817
0.990195 0.848739
0.990192 0.848662
0.990189 0.848584
0.990185 0.848505
0.990182 0.848427
0.990179 0.848349
0.990175 0.84827
0.990172 0.848192
0.990168 0.848113
0.990165 0.848034
0.990162 0.847955
0.990158 0.847876
0.990155 0.847796
0.990152 0.847717
0.990148 0.847637
0.990145 0.847557
0.990141 0.847478
0.990138 0.847397
0.990134 0.847317
0.990131 0.847237
0.990128 0.847156
0.990124 0.847076
0.990121 0.846995
0.990117 0.846914
0.990114 0.846833
0.99011 0.846752
0.990107 0.84667
0.990103 0.846589
0.9901 0.846507
0.990096 0.846425
0.990093 0.846343
0.990089 0.846261
0.990086 0.846179
0.990082 0.846096
0.990079 0.846013
0.990075 0.845931
0.990072 0.845848
0.990068 0.845765
0.990064 0.845681
0.990061 0.845598
0.990057 0.845514
0.990054 0.845431
0.99005 0.845347
0.990047 0.845263
0.990043 0.845178
0.990039 0.845094
0.990036 0.845009
0.990032 0.844925
0.990028 0.84484
0.990025 0.844755
0.990021 0.84467
0.990018 0.844584
0.990014 0.844499
0.99001 0.844413
0.990007 0.844327
0.990003 0.844241
0.989999 0.844155
0.989995 0.844069
0.989992 0.843982
0.989988 0.843895
0.989984 0.843809
0.989981 0.843722
0.989977 0.843634
0.989973 0.843547
0.989969 0.843459
0.989966 0.843372
0.989962 0.843284
0.989958 0.843196
0.989954 0.843107
0.989951 0.843019
0.989947 0.84293
0.989943 0.842842
0.989939 0.842753
0.989935 0.842663
0.989932 0.842574
0.989928 0.842485
0.989924 0.842395
0.98992 0.842305
0.989916 0.842215
0.989912 0.842125
0.989909 0.842034
0.989905 0.841944
0.989901 0.841853
0.989897 0.841762
0.989893 0.841671
0.989889 0.841579
0.989885 0.841488
0.989881 0.841396
0.989877 0.841304
0.989873 0.841212
0.98987 0.84112
0.989866 0.841027
0.989862 0.840934
0.989858 0.840841
0.989854 0.840748
0.98985 0.840655
0.989846 0.840562
0.989842 0.840468
0.989838 0.840374
0.989834 0.84028
0.98983 0.840186
0.989826 0.840091
0.989822 0.839997
0.989818 0.839902
0.989813 0.839807
0.989809 0.839711
0.989805 0.839616
0.989801 0.83952
0.989797 0.839424
0.989793 0.839328
0.989789 0.839232
0.989785 0.839135
0.989781 0.839038
0.989777 0.838942
0.989772 0.838844
0.989768 0.838747
0.989764 0.838649
0.98976 0.838552
0.989756 0.838454
0.989752 0.838355
0.989747 0.838257
0.989743 0.838158
0.989739 0.838059
0.989735 0.83796
0.989731 0.837861
0.989726 0.837761
0.989722 0.837662
0.989718 0.837562
0.989714 0.837461
0.989709 0.837361
0.989705 0.83726
0.989701 0.83716
0.989696 0.837058
0.989692 0.836957
0.989688 0.836856
0.989683 0.836754
0.989679 0.836652
0.989675 0.836549
0.98967 0.836447
0.989666 0.836344
0.989662 0.836241
0.989657 0.836138
0.989653 0.836035
0.989648 0.835931
0.989644 0.835827
0.989639 0.835723
0.989635 0.835618
0.989631 0.835514
0.989626 0.835409
0.989622 0.835304
0.989617 0.835198
0.989613 0.835093
0.989608 0.834987
0.989604 0.834881
0.989599 0.834775
0.989595 0.834668
0.98959 0.834561
0.989585 0.834454
0.989581 0.834347
0.989576 0.834239
0.989572 0.834131
0.989567 0.834023
0.989563 0.833915
0.989558 0.833806
0.989553 0.833697
0.989549 0.833588
0.989544 0.833479
0.989539 0.833369
0.989535 0.833259
0.98953 0.833149
0.989525 0.833038
0.989521 0.832927
0.989516 0.832816
0.989511 0.832705
0.989506 0.832594
0.989502 0.832482
0.989497 0.83237
0.989492 0.832257
0.989487 0.832145
0.989482 0.832032
0.989478 0.831918
0.989473 0.831805
0.989468 0.831691
0.989463 0.831577
0.989458 0.831463
0.989453 0.831348
0.989448 0.831233
0.989444 0.831118
0.989439 0.831002
0.989434 0.830887
0.989429 0.830771
0.989424 0.830654
0.989419 0.830538
0.989414 0.830421
0.989409 0.830303
0.989404 0.830186
0.989399 0.830068
0.989394 0.82995
0.989389 0.829831
0.989384 0.829713
0.989379 0.829594
0.989374 0.829474
0.989369 0.829355
0.989364 0.829235
0.989358 0.829114
0.989353 0.828994
0.989348 0.828873
0.989343 0.828752
0.989338 0.82863
0.989333 0.828508
0.989327 0.828386
0.989322 0.828264
0.989317 0.828141
0.989312 0.828018
0.989307 0.827894
0.989301 0.82777
0.989296 0.827646
0.989291 0.827522
0.989285 0.827397
0.98928 0.827272
0.989275 0.827147
0.98927 0.827021
0.989264 0.826895
0.989259 0.826768
0.989253 0.826642
0.989248 0.826514
0.989243 0.826387
0.989237 0.826259
0.989232 0.826131
0.989226 0.826002
0.989221 0.825874
0.989215 0.825744
0.98921 0.825615
0.989204 0.825485
0.989199 0.825355
0.989193 0.825224
0.989188 0.825093
0.989182 0.824962
0.989177 0.82483
0.989171 0.824698
0.989165 0.824566
0.98916 0.824433
0.989154 0.8243
0.989148 0.824166
0.989143 0.824032
0.989137 0.823898
0.989131 0.823763
0.989126 0.823628
0.98912 0.823493
0.989114 0.823357
0.989108 0.823221
0.989102 0.823084
0.989097 0.822947
0.989091 0.82281
0.989085 0.822672
0.989079 0.822534
0.989073 0.822396
0.989067 0.822257
0.989061 0.822117
0.989056 0.821978
0.98905 0.821838
0.989044 0.821697
0.989038 0.821556
0.989032 0.821415
0.989026 0.821273
0.98902 0.821131
0.989014 0.820988
0.989008 0.820845
0.989001 0.820702
0.988995 0.820558
0.988989 0.820414
0.988983 0.820269
0.988977 0.820124
0.988971 0.819979
0.988965 0.819833
0.988958 0.819686
0.988952 0.819539
0.988946 0.819392
0.98894 0.819244
0.988933 0.819096
0.988927 0.818948
0.988921 0.818799
0.988914 0.818649
0.988908 0.818499
0.988902 0.818349
0.988895 0.818198
0.988889 0.818047
0.988882 0.817895
0.988876 0.817743
0.98887 0.81759
0.988863 0.817437
0.988857 0.817283
0.98885 0.817129
0.988843 0.816974
0.988837 0.816819
0.98883 0.816664
0.988824 0.816508
0.988817 0.816351
0.98881 0.816194
0.988804 0.816037
0.988797 0.815879
0.98879 0.81572
0.988784 0.815561
0.988777 0.815402
0.98877 0.815242
0.988763 0.815082
0.988757 0.814921
0.98875 0.814759
0.988743 0.814597
0.988736 0.814435
0.988729 0.814272
0.988722 0.814108
0.988715 0.813944
0.988708 0.813779
0.988701 0.813614
0.988694 0.813449
0.988687 0.813282
0.98868 0.813116
0.988673 0.812948
0.988666 0.812781
0.988659 0.812612
0.988652 0.812443
0.988644 0.812274
0.988637 0.812104
0.98863 0.811933
0.988623 0.811762
0.988615 0.81159
0.988608 0.811418
0.988601 0.811245
0.988594 0.811072
0.988586 0.810898
0.988579 0.810723
0.988571 0.810548
0.988564 0.810373
0.988556 0.810196
0.988549 0.810019
0.988541 0.809842
0.988534 0.809664
0.988526 0.809485
0.988519 0.809306
0.988511 0.809126
0.988503 0.808945
0.988496 0.808764
0.988488 0.808582
0.98848 0.8084
0.988473 0.808217
0.988465 0.808033
0.988457 0.807849
0.988449 0.807664
0.988441 0.807479
0.988434 0.807292
0.988426 0.807106
0.988418 0.806918
0.98841 0.80673
0.988402 0.806541
0.988394 0.806352
0.988386 0.806162
0.988378 0.805971
0.988369 0.805779
0.988361 0.805587
0.988353 0.805394
0.988345 0.805201
0.988337 0.805007
0.988329 0.804812
0.98832 0.804616
0.988312 0.80442
0.988304 0.804223
0.988295 0.804025
0.988287 0.803827
0.988278 0.803628
0.98827 0.803428
0.988261 0.803227
0.988253 0.803026
0.988244 0.802824
0.988236 0.802621
0.988227 0.802418
0.988219 0.802213
0.98821 0.802008
0.988201 0.801803
0.988192 0.801596
0.988184 0.801389
0.988175 0.801181
0.988166 0.800972
0.988157 0.800762
0.988148 0.800552
0.988139 0.800341
0.98813 0.800129
0.988121 0.799916
0.988112 0.799702
0.988103 0.799488
0.988094 0.799273
0.988085 0.799057
0.988076 0.79884
0.988066 0.798622
0.988057 0.798404
0.988048 0.798185
0.988039 0.797964
0.988029 0.797743
0.98802 0.797522
0.98801 0.797299
0.988001 0.797075
0.987991 0.796851
0.987982 0.796626
0.987972 0.796399
0.987963 0.796172
0.987953 0.795944
0.987943 0.795716
0.987934 0.795486
0.987924 0.795255
0.987914 0.795024
0.987904 0.794791
0.987894 0.794558
0.987884 0.794323
0.987874 0.794088
0.987864 0.793852
0.987854 0.793615
0.987844 0.793377
0.987834 0.793138
0.987824 0.792898
0.987814 0.792657
0.987804 0.792415
0.987793 0.792172
0.987783 0.791928
0.987773 0.791683
0.987762 0.791437
0.987752 0.79119
0.987741 0.790942
0.987731 0.790693
0.98772 0.790443
0.987709 0.790192
0.987699 0.78994
0.987688 0.789687
0.987677 0.789433
0.987666 0.789178
0.987656 0.788922
0.987645 0.788664
0.987634 0.788406
0.987623 0.788146
0.987612 0.787886
0.987601 0.787624
0.987589 0.787361
0.987578 0.787097
0.987567 0.786832
0.987556 0.786566
0.987544 0.786299
0.987533 0.78603
0.987521 0.785761
0.98751 0.78549
0.987498 0.785218
0.987487 0.784945
0.987475 0.784671
0.987464 0.784395
0.987452 0.784118
0.98744 0.783841
0.987428 0.783561
0.987416 0.783281
0.987404 0.783
0.987392 0.782717
0.98738 0.782433
0.987368 0.782147
0.987356 0.781861
0.987344 0.781573
0.987331 0.781284
0.987319 0.780993
0.987307 0.780701
0.987294 0.780408
0.987282 0.780114
0.987269 0.779818
0.987257 0.779521
0.987244 0.779223
0.987231 0.778923
0.987218 0.778622
0.987206 0.778319
0.987193 0.778016
0.98718 0.77771
0.987167 0.777404
0.987153 0.777095
0.98714 0.776786
0.987127 0.776475
0.987114 0.776163
0.9871 0.775849
0.987087 0.775533
0.987074 0.775217
0.98706 0.774898
0.987046 0.774578
0.987033 0.774257
0.987019 0.773934
0.987005 0.77361
0.986991 0.773284
0.986977 0.772957
0.986963 0.772628
0.986949 0.772297
0.986935 0.771965
0.986921 0.771631
0.986907 0.771296
0.986892 0.770959
0.986878 0.77062
0.986863 0.77028
0.986849 0.769938
0.986834 0.769594
0.986819 0.769249
0.986805 0.768902
0.98679 0.768553
0.986775 0.768203
0.98676 0.767851
0.986745 0.767497
0.98673 0.767141
0.986714 0.766784
0.986699 0.766425
0.986684 0.766064
0.986668 0.765701
0.986653 0.765336
0.986637 0.76497
0.986621 0.764602
0.986605 0.764231
0.986589 0.763859
0.986573 0.763485
0.986557 0.76311
0.986541 0.762732
0.986525 0.762352
0.986509 0.76197
0.986492 0.761587
0.986476 0.761201
0.986459 0.760813
0.986443 0.760424
0.986426 0.760032
0.986409 0.759638
0.986392 0.759243
0.986375 0.758845
0.986358 0.758445
0.986341 0.758043
0.986323 0.757638
0.986306 0.757232
0.986288 0.756824
0.986271 0.756413
0.986253 0.756
0.986235 0.755585
0.986217 0.755168
0.986199 0.754748
0.986181 0.754326
0.986163 0.753902
0.986145 0.753476
0.986126 0.753047
0.986108 0.752616
0.986089 0.752182
0.98607 0.751747
0.986052 0.751308
0.986033 0.750868
0.986014 0.750425
0.985994 0.749979
0.985975 0.749531
0.985956 0.749081
0.985936 0.748628
0.985917 0.748172
0.985897 0.747714
0.985877 0.747253
0.985857 0.74679
0.985837 0.746324
0.985817 0.745855
0.985796 0.745384
0.985776 0.74491
0.985755 0.744434
0.985735 0.743954
0.985714 0.743472
0.985693 0.742987
0.985672 0.7425
0.985651 0.742009
0.985629 0.741516
0.985608 0.74102
0.985586 0.74052
0.985565 0.740018
0.985543 0.739513
0.985521 0.739005
0.985499 0.738494
0.985476 0.73798
0.985454 0.737463
0.985431 0.736943
0.985409 0.73642
0.985386 0.735894
0.985363 0.735364
0.98534 0.734831
0.985316 0.734296
0.985293 0.733756
0.985269 0.733214
0.985246 0.732668
0.985222 0.732119
0.985198 0.731567
0.985174 0.731011
0.985149 0.730452
0.985125 0.729889
0.9851 0.729323
0.985075 0.728754
0.98505 0.728181
0.985025 0.727604
0.985 0.727024
0.984974 0.72644
0.984948 0.725852
0.984923 0.725261
0.984897 0.724666
0.98487 0.724067
0.984844 0.723465
0.984817 0.722858
0.984791 0.722248
0.984764 0.721634
0.984737 0.721016
0.984709 0.720394
0.984682 0.719768
0.984654 0.719138
0.984626 0.718503
0.984598 0.717865
0.98457 0.717223
0.984541 0.716576
0.984513 0.715925
0.984484 0.71527
0.984455 0.714611
0.984426 0.713947
0.984396 0.713279
0.984366 0.712606
0.984336 0.711929
0.984306 0.711247
0.984276 0.710561
0.984245 0.709871
0.984214 0.709175
0.984183 0.708475
0.984152 0.70777
0.984121 0.707061
0.984089 0.706347
0.984057 0.705627
0.984025 0.704903
0.983992 0.704174
0.98396 0.70344
0.983927 0.702701
0.983893 0.701957
0.98386 0.701207
0.983826 0.700453
0.983792 0.699693
0.983758 0.698928
0.983724 0.698158
0.983689 0.697382
0.983654 0.696601
0.983618 0.695814
0.983583 0.695022
0.983547 0.694224
0.983511 0.69342
0.983474 0.692611
0.983438 0.691796
0.983401 0.690975
0.983363 0.690149
0.983326 0.689316
0.983288 0.688477
0.98325 0.687633
0.983211 0.686782
0.983172 0.685925
0.983133 0.685062
0.983094 0.684192
0.983054 0.683317
0.983014 0.682434
0.982973 0.681546
0.982932 0.68065
0.982891 0.679749
0.98285 0.67884
0.982808 0.677925
0.982766 0.677003
0.982723 0.676074
0.98268 0.675138
0.982637 0.674196
0.982593 0.673246
0.982549 0.672289
0.982505 0.671325
0.98246 0.670353
0.982415 0.669374
0.982369 0.668388
0.982323 0.667394
0.982277 0.666393
0.98223 0.665384
0.982183 0.664368
0.982135 0.663343
0.982087 0.662311
0.982038 0.661271
0.981989 0.660222
0.98194 0.659166
0.98189 0.658101
0.98184 0.657029
0.981789 0.655947
0.981738 0.654858
0.981686 0.65376
0.981634 0.652653
0.981581 0.651538
0.981528 0.650414
0.981475 0.649281
0.98142 0.648139
0.981366 0.646988
0.981311 0.645828
0.981255 0.644658
0.981199 0.64348
0.981142 0.642292
0.981084 0.641094
0.981027 0.639888
0.980968 0.638671
0.980909 0.637445
0.980849 0.636208
0.980789 0.634962
0.980728 0.633706
0.980667 0.63244
0.980605 0.631163
0.980542 0.629876
0.980479 0.628579
0.980415 0.627271
0.980351 0.625952
0.980286 0.624623
0.98022 0.623283
0.980153 0.621932
0.980086 0.62057
0.980018 0.619197
0.97995 0.617813
0.97988 0.616417
0.97981 0.61501
0.97974 0.613591
0.979668 0.61216
0.979596 0.610718
0.979523 0.609264
0.979449 0.607798
0.979374 0.60632
0.979299 0.604829
0.979223 0.603327
0.979146 0.601811
0.979068 0.600284
0.978989 0.598743
0.97891 0.59719
0.978829 0.595624
0.978748 0.594045
0.978666 0.592453
0.978583 0.590848
0.978499 0.589229
0.978414 0.587597
0.978328 0.585952
0.978241 0.584293
0.978153 0.58262
0.978064 0.580933
0.977974 0.579232
0.977883 0.577517
0.977791 0.575788
0.977698 0.574045
0.977604 0.572287
0.977509 0.570514
0.977413 0.568727
0.977316 0.566925
0.977217 0.565109
0.977117 0.563277
0.977016 0.56143
0.976914 0.559568
0.976811 0.557691
0.976706 0.555799
0.976601 0.553891
0.976494 0.551967
0.976385 0.550028
0.976276 0.548072
0.976165 0.546101
0.976052 0.544115
0.975938 0.542111
0.975823 0.540092
0.975707 0.538057
0.975589 0.536005
0.975469 0.533937
0.975348 0.531852
0.975226 0.529751
0.975102 0.527633
0.974976 0.525499
0.974849 0.523347
0.97472 0.521179
0.97459 0.518994
0.974458 0.516792
0.974324 0.514573
0.974188 0.512336
0.974051 0.510083
0.973912 0.507812
0.973771 0.505525
0.973628 0.503219
0.973484 0.500897
0.973337 0.498558
0.973189 0.496201
0.973039 0.493826
0.972886 0.491435
0.972732 0.489026
0.972575 0.486599
0.972417 0.484155
0.972256 0.481694
0.972093 0.479216
0.971928 0.47672
0.971761 0.474207
0.971592 0.471677
0.97142 0.469129
0.971246 0.466565
0.971069 0.463983
0.97089 0.461385
0.970709 0.458769
0.970525 0.456137
0.970338 0.453488
0.970149 0.450822
0.969958 0.44814
0.969763 0.445441
0.969566 0.442726
0.969366 0.439995
0.969164 0.437248
0.968958 0.434485
0.96875 0.431706
0.968539 0.428912
0.968324 0.426103
0.968107 0.423278
0.967887 0.420439
0.967663 0.417585
0.967437 0.414716
0.967207 0.411833
0.966973 0.408937
0.966737 0.406027
0.966497 0.403103
0.966253 0.400166
0.966006 0.397216
0.965756 0.394254
0.965502 0.39128
0.965244 0.388294
0.964983 0.385296
0.964717 0.382287
0.964448 0.379267
0.964175 0.376237
0.963898 0.373197
0.963617 0.370147
0.963332 0.367088
0.963043 0.364021
0.96275 0.360945
0.962452 0.357861
0.96215 0.35477
0.961843 0.351671
0.961532 0.348566
0.961217 0.345456
0.960897 0.342339
0.960572 0.339218
0.960243 0.336093
0.959908 0.332963
0.959569 0.32983
0.959225 0.326694
0.958876 0.323556
0.958521 0.320416
0.958162 0.317275
0.957797 0.314133
0.957427 0.310992
0.957052 0.307851
0.956671 0.304711
0.956285 0.301573
0.955893 0.298437
0.955495 0.295304
0.955092 0.292175
0.954683 0.28905
0.954267 0.28593
0.953846 0.282815
0.953419 0.279707
0.952986 0.276605
0.952546 0.273511
0.9521 0.270424
0.951648 0.267346
0.951189 0.264277
0.950724 0.261218
0.950252 0.258169
0.949773 0.255131
0.949288 0.252105
0.948795 0.249091
0.948296 0.24609
0.94779 0.243102
0.947277 0.240128
0.946756 0.237169
0.946228 0.234224
0.945693 0.231295
0.94515 0.228383
0.9446 0.225487
0.944042 0.222608
0.943477 0.219747
0.942904 0.216904
0.942323 0.21408
0.941734 0.211276
0.941137 0.20849
0.940532 0.205725
0.939919 0.202981
0.939297 0.200257
0.938668 0.197555
0.938029 0.194874
0.937383 0.192216
0.936727 0.18958
0.936063 0.186967
0.935391 0.184377
0.934709 0.18181
0.934019 0.179268
0.93332 0.176749
0.932611 0.174255
0.931894 0.171785
0.931167 0.169341
0.930431 0.166921
0.929686 0.164526
0.928931 0.162157
0.928167 0.159814
0.927393 0.157496
0.926609 0.155204
0.925816 0.152938
0.925013 0.150699
0.9242 0.148485
0.923376 0.146298
0.922543 0.144137
0.9217 0.142003
0.920847 0.139895
0.919983 0.137813
0.919109 0.135758
0.918224 0.133729
0.917329 0.131727
0.916423 0.129751
0.915507 0.127802
0.91458 0.125879
0.913642 0.123982
0.912693 0.122111
0.911734 0.120266
0.910763 0.118447
0.909781 0.116654
0.908788 0.114887
0.907784 0.113145
0.906769 0.111428
0.905742 0.109737
0.904704 0.108071
0.903654 0.10643
0.902592 0.104814
0.901519 0.103222
0.900435 0.101654
0.899338 0.100111
0.898229 0.0985913
0.897109 0.0970956
0.895977 0.0956235
0.894832 0.0941746
0.893675 0.0927489
0.892506 0.091346
0.891325 0.0899656
0.890132 0.0886077
0.888926 0.0872719
0.887707 0.085958
0.886476 0.0846657
0.885232 0.0833948
0.883976 0.082145
0.882707 0.0809161
0.881425 0.0797078
0.88013 0.0785199
0.878821 0.077352
0.8775 0.0762041
0.876166 0.0750756
0.874819 0.0739665
0.873458 0.0728765
0.872084 0.0718053
0.870696 0.0707525
0.869295 0.0697181
0.867881 0.0687017
0.866453 0.067703
0.865011 0.0667218
0.863555 0.0657578
0.862085 0.0648108
0.860602 0.0638805
0.859104 0.0629667
0.857593 0.0620691
0.856067 0.0611874
0.854527 0.0603215
0.852973 0.059471
0.851404 0.0586357
0.849821 0.0578154
0.848223 0.0570099
0.846611 0.0562188
0.844984 0.055442
0.843342 0.0546792
0.841686 0.0539302
0.840014 0.0531948
0.838328 0.0524727
0.836626 0.0517637
0.83491 0.0510676
0.833178 0.0503842
0.831431 0.0497132
0.829668 0.0490545
0.82789 0.0484078
0.826096 0.0477729
0.824287 0.0471497
0.822462 0.0465379
0.820622 0.0459373
0.818765 0.0453477
0.816892 0.0447689
0.815004 0.0442009
0.813099 0.0436432
0.811178 0.0430958
0.809241 0.0425586
0.807288 0.0420312
0.805318 0.0415136
0.803332 0.0410055
0.801329 0.0405068
0.799309 0.0400174
0.797273 0.039537
0.795219 0.0390655
0.793149 0.0386028
0.791062 0.0381486
0.788958 0.0377029
0.786836 0.0372654
0.784697 0.0368361
0.782541 0.0364148
0.780368 0.0360013
0.778177 0.0355955
0.775968 0.0351973
0.773742 0.0348065
0.771498 0.0344231
0.769236 0.0340467
0.766957 0.0336775
0.764659 0.0333151
0.762343 0.0329595
0.760009 0.0326106
0.757657 0.0322683
0.755287 0.0319324
0.752898 0.0316028
0.750491 0.0312794
0.748066 0.0309622
0.745622 0.0306509
0.743159 0.0303455
0.740677 0.0300459
0.738177 0.029752
0.735658 0.0294637
0.73312 0.0291808
0.730563 0.0289034
0.727987 0.0286312
0.725392 0.0283643
0.722777 0.0281025
0.720144 0.0278457
0.717491 0.0275939
0.714819 0.0273469
0.712128 0.0271047
0.709417 0.0268672
0.706687 0.0266344
0.703937 0.026406
0.701168 0.0261822
0.698379 0.0259627
0.695571 0.0257476
0.692743 0.0255367
0.689895 0.02533
0.687028 0.0251274
0.684141 0.0249289
0.681234 0.0247343
0.678308 0.0245437
0.675362 0.0243569
0.672396 0.0241739
0.66941 0.0239946
0.666405 0.0238191
0.66338 0.0236471
0.660336 0.0234787
0.657271 0.0233138
0.654187 0.0231524
0.651084 0.0229944
0.647961 0.0228398
0.644819 0.0226884
0.641657 0.0225403
0.638475 0.0223954
0.635274 0.0222537
0.632054 0.0221151
0.628815 0.0219796
0.625557 0.0218471
0.62228 0.0217176
0.618983 0.021591
0.615668 0.0214673
0.612334 0.0213465
0.608982 0.0212286
0.605611 0.0211134
0.602222 0.021001
0.598814 0.0208913
0.595389 0.0207842
0.591945 0.0206799
0.588484 0.0205781
0.585006 0.0204789
0.58151 0.0203823
0.577996 0.0202882
0.574466 0.0201966
0.570919 0.0201074
0.567356 0.0200207
0.563776 0.0199364
0.560181 0.0198544
0.556569 0.0197749
0.552942 0.0196976
0.5493 0.0196226
0.545642 0.0195499
0.541971 0.0194795
0.538284 0.0194112
0.534584 0.0193452
0.53087 0.0192814
0.527142 0.0192197
0.523402 0.0191602
0.519649 0.0191027
0.515883 0.0190474
0.512106 0.0189942
0.508317 0.018943
0.504517 0.0188938
0.500706 0.0188467
0.496885 0.0188016
0.493054 0.0187584
0.489214 0.0187172
0.485365 0.018678
0.481507 0.0186408
0.477642 0.0186054
0.473768 0.018572
0.469888 0.0185404
0.466002 0.0185107
0.462109 0.0184829
0.458211 0.018457
0.454308 0.0184329
0.4504 0.0184106
0.446489 0.0183901
0.442574 0.0183714
0.438657 0.0183545
0.434738 0.0183394
0.430817 0.0183261
0.426895 0.0183145
0.422973 0.0183047
0.419051 0.0182966
0.41513 0.0182902
0.411211 0.0182855
0.407293 0.0182826
0.403379 0.0182813
0.399468 0.0182817
0.395561 0.0182838
0.391658 0.0182876
0.387761 0.0182931
0.38387 0.0183002
0.379985 0.0183089
0.376108 0.0183193
0.372238 0.0183313
0.368377 0.0183449
0.364526 0.0183602
0.360684 0.018377
0.356852 0.0183955
0.353032 0.0184156
0.349224 0.0184372
0.345428 0.0184604
0.341645 0.0184852
0.337875 0.0185116
0.33412 0.0185395
0.33038 0.018569
0.326655 0.0186
0.322947 0.0186326
0.319255 0.0186667
0.315581 0.0187023
0.311924 0.0187395
0.308286 0.0187782
0.304667 0.0188184
0.301067 0.0188601
0.297488 0.0189034
0.29393 0.0189481
0.290392 0.0189943
0.286876 0.019042
0.283383 0.0190912
0.279912 0.0191418
0.276464 0.019194
0.27304 0.0192476
0.26964 0.0193026
0.266265 0.0193591
0.262914 0.0194171
0.259589 0.0194765
0.256289 0.0195374
0.253016 0.0195997
0.249769 0.0196634
0.246549 0.0197285
0.243356 0.0197951
0.24019 0.0198631
0.237052 0.0199325
0.233942 0.0200033
0.23086 0.0200755
0.227807 0.0201491
0.224783 0.0202241
0.221787 0.0203005
0.218821 0.0203782
0.215884 0.0204574
0.212976 0.0205379
0.210099 0.0206198
0.207251 0.020703
0.204433 0.0207876
0.201645 0.0208735
0.198887 0.0209608
0.196159 0.0210494
0.193462 0.0211394
0.190795 0.0212307
0.188158 0.0213233
0.185552 0.0214172
0.182976 0.0215125
0.18043 0.0216091
0.177915 0.0217069
0.17543 0.0218061
0.172976 0.0219065
0.170551 0.0220083
0.168157 0.0221113
0.165793 0.0222156
0.163458 0.0223212
0.161154 0.0224281
0.158879 0.0225362
0.156634 0.0226456
0.154419 0.0227562
0.152233 0.022868
0.150076 0.0229812
0.147948 0.0230955
0.145849 0.0232111
0.143778 0.0233279
0.141736 0.0234459
0.139723 0.0235652
0.137737 0.0236856
0.135779 0.0238073
0.133849 0.0239301
0.131947 0.0240542
0.130071 0.0241794
0.128223 0.0243058
0.126401 0.0244334
0.124606 0.0245622
0.122837 0.0246921
0.121094 0.0248232
0.119377 0.0249555
0.117685 0.0250889
0.116018 0.0252235
0.114377 0.0253592
0.11276 0.025496
0.111167 0.025634
0.109599 0.0257731
0.108054 0.0259133
0.106534 0.0260546
0.105036 0.0261971
0.103561 0.0263406
0.10211 0.0264853
0.10068 0.026631
0.0992734 0.0267779
0.0978882 0.0269258
0.0965247 0.0270748
0.0951825 0.0272249
0.0938614 0.0273761
0.0925611 0.0275283
0.0912814 0.0276816
0.0900218 0.0278359
0.0887823 0.0279913
0.0875624 0.0281478
0.0863619 0.0283053
0.0851806 0.0284638
0.0840181 0.0286233
0.0828742 0.0287839
0.0817487 0.0289455
0.0806412 0.0291082
0.0795515 0.0292718
0.0784793 0.0294365
0.0774243 0.0296021
0.0763864 0.0297688
0.0753652 0.0299365
0.0743605 0.0301051
0.0733721 0.0302747
0.0723996 0.0304454
0.0714429 0.030617
0.0705017 0.0307895
0.0695757 0.0309631
0.0686647 0.0311376
0.0677685 0.0313131
0.0668868 0.0314895
0.0660195 0.0316669
0.0651662 0.0318452
0.0643267 0.0320245
0.0635009 0.0322048
0.0626885 0.0323859
0.0618893 0.032568
0.061103 0.0327511
0.0603295 0.032935
0.0595685 0.0331199
0.0588199 0.0333057
0.0580834 0.0334924
0.0573588 0.03368
0.056646 0.0338686
0.0559446 0.034058
0.0552547 0.0342483
0.0545759 0.0344396
0.053908 0.0346317
0.053251 0.0348247
0.0526045 0.0350186
0.0519684 0.0352134
0.0513426 0.0354091
0.0507269 0.0356056
0.050121 0.035803
0.0495249 0.0360013
0.0489383 0.0362005
0.0483611 0.0364005
0.0477932 0.0366013
0.0472343 0.0368031
0.0466844 0.0370057
0.0461432 0.0372091
0.0456107 0.0374134
0.0450866 0.0376185
0.0445709 0.0378245
0.0440633 0.0380313
0.0435638 0.0382389
0.0430722 0.0384474
0.0425883 0.0386567
0.0421121 0.0388669
0.0416434 0.0390778
0.041182 0.0392896
0.0407279 0.0395022
0.0402809 0.0397156
0.0398409 0.0399299
0.0394078 0.0401449
0.0389815 0.0403608
0.0385617 0.0405775
0.0381485 0.0407949
0.0377418 0.0410132
0.0373413 0.0412323
0.036947 0.0414522
0.0365588 0.0416729
0.0361766 0.0418943
0.0358003 0.0421166
0.0354297 0.0423396
0.0350649 0.0425635
0.0347056 0.0427881
0.0343518 0.0430135
0.0340034 0.0432397
0.0336603 0.0434667
0.0333224 0.0436944
0.0329896 0.0439229
0.0326618 0.0441522
0.032339 0.0443823
0.0320211 0.0446131
0.031708 0.0448447
0.0313995 0.0450771
0.0310957 0.0453103
0.0307964 0.0455442
0.0305015 0.0457788
0.0302111 0.0460143
0.029925 0.0462505
0.0296431 0.0464874
0.0293653 0.0467251
0.0290917 0.0469636
0.0288221 0.0472028
0.0285565 0.0474428
0.0282948 0.0476835
0.0280369 0.047925
0.0277827 0.0481672
0.0275323 0.0484102
0.0272855 0.0486539
0.0270423 0.0488984
0.0268026 0.0491436
0.0265664 0.0493895
0.0263336 0.0496362
0.0261041 0.0498837
0.0258779 0.0501319
0.025655 0.0503808
0.0254353 0.0506305
0.0252186 0.0508809
0.0250051 0.051132
0.0247946 0.0513839
0.0245871 0.0516365
0.0243825 0.0518899
0.0241808 0.052144
0.023982 0.0523988
0.0237859 0.0526544
0.0235926 0.0529107
0.023402 0.0531678
0.0232141 0.0534255
0.0230287 0.053684
0.022846 0.0539433
0.0226658 0.0542033
0.022488 0.054464
0.0223128 0.0547254
0.0221399 0.0549876
0.0219694 0.0552505
0.0218013 0.0555142
0.0216355 0.0557786
0.0214719 0.0560437
0.0213105 0.0563095
0.0211514 0.0565761
0.0209944 0.0568434
0.0208396 0.0571115
0.0206868 0.0573803
0.0205361 0.0576498
0.0203874 0.05792
0.0202407 0.058191
0.020096 0.0584628
0.0199533 0.0587352
0.0198124 0.0590084
0.0196734 0.0592824
0.0195363 0.059557
0.0194009 0.0598325
0.0192674 0.0601086
0.0191356 0.0603855
0.0190056 0.0606631
0.0188773 0.0609415
0.0187507 0.0612206
0.0186257 0.0615005
0.0185024 0.0617811
0.0183806 0.0620625
0.0182605 0.0623446
0.0181419 0.0626274
0.0180249 0.062911
0.0179094 0.0631954
0.0177954 0.0634805
0.0176828 0.0637663
0.0175717 0.0640529
0.0174621 0.0643403
0.0173538 0.0646284
0.017247 0.0649172
0.0171415 0.0652068
0.0170373 0.0654972
0.0169345 0.0657884
0.016833 0.0660803
0.0167328 0.066373
0.0166338 0.0666664
0.0165361 0.0669606
0.0164397 0.0672556
0.0163444 0.0675513
0.0162504 0.0678478
0.0161575 0.0681451
0.0160658 0.0684432
0.0159753 0.068742
0.0158859 0.0690417
0.0157976 0.0693421
0.0157104 0.0696433
0.0156243 0.0699452
0.0155393 0.070248
0.0154553 0.0705516
0.0153724 0.0708559
0.0152905 0.071161
0.0152096 0.071467
0.0151298 0.0717737
0.0150509 0.0720813
0.0149729 0.0723896
0.014896 0.0726988
0.01482 0.0730087
0.0147449 0.0733195
0.0146707 0.0736311
0.0145975 0.0739435
0.0145251 0.0742567
0.0144537 0.0745708
0.0143831 0.0748857
0.0143133 0.0752014
0.0142445 0.0755179
0.0141764 0.0758353
0.0141092 0.0761535
0.0140428 0.0764726
0.0139772 0.0767924
0.0139124 0.0771132
0.0138484 0.0774348
0.0137852 0.0777572
0.0137227 0.0780805
0.013661 0.0784047
0.0136001 0.0787297
0.0135398 0.0790556
0.0134803 0.0793824
0.0134215 0.07971
0.0133635 0.0800385
0.0133061 0.0803679
0.0132494 0.0806982
0.0131934 0.0810293
0.0131381 0.0813614
0.0130834 0.0816943
0.0130294 0.0820282
0.0129761 0.082363
0.0129234 0.0826986
0.0128713 0.0830352
0.0128198 0.0833727
0.012769 0.0837111
0.0127188 0.0840504
0.0126692 0.0843907
0.0126201 0.0847319
0.0125717 0.0850741
0.0125238 0.0854171
0.0124766 0.0857612
0.0124299 0.0861062
0.0123837 0.0864521
0.0123381 0.086799
0.0122931 0.0871469
0.0122486 0.0874957
0.0122046 0.0878455
0.0121611 0.0881963
0.0121182 0.0885481
0.0120758 0.0889008
0.0120339 0.0892546
0.0119925 0.0896093
0.0119517 0.0899651
0.0119113 0.0903219
0.0118714 0.0906797
0.0118319 0.0910385
0.011793 0.0913984
0.0117545 0.0917592
0.0117165 0.0921212
0.011679 0.0924841
0.0116419 0.0928481
0.0116053 0.0932132
0.0115691 0.0935793
0.0115333 0.0939465
0.011498 0.0943148
0.0114632 0.0946841
0.0114287 0.0950546
0.0113947 0.0954261
0.0113611 0.0957988
0.0113279 0.0961725
0.0112951 0.0965473
0.0112627 0.0969233
0.0112308 0.0973004
0.0111992 0.0976786
0.011168 0.098058
0.0111372 0.0984385
0.0111068 0.0988202
0.0110768 0.099203
0.0110471 0.099587
0.0110178 0.0999721
0.0109889 0.100358
0.0109604 0.100746
0.0109322 0.101135
0.0109044 0.101525
0.0108769 0.101916
0.0108498 0.102308
0.010823 0.102702
0.0107966 0.103097
0.0107705 0.103493
0.0107448 0.10389
0.0107194 0.104288
0.0106943 0.104688
0.0106695 0.105089
0.0106451 0.105492
0.010621 0.105895
0.0105973 0.1063
0.0105738 0.106707
0.0105507 0.107114
0.0105278 0.107523
0.0105053 0.107934
0.0104831 0.108345
0.0104612 0.108758
0.0104395 0.109172
0.0104182 0.109588
0.0103972 0.110005
0.0103765 0.110424
0.010356 0.110844
0.0103359 0.111265
0.010316 0.111687
0.0102964 0.112112
0.0102771 0.112537
0.0102581 0.112964
0.0102393 0.113393
0.0102209 0.113823
0.0102026 0.114254
0.0101847 0.114687
0.010167 0.115121
0.0101496 0.115557
0.0101325 0.115995
0.0101156 0.116434
0.010099 0.116874
0.0100826 0.117316
0.0100665 0.11776
0.0100506 0.118205
0.010035 0.118652
0.0100197 0.1191
0.0100046 0.11955
0.00998969 0.120002
0.00997506 0.120455
0.00996068 0.12091
0.00994654 0.121367
0.00993264 0.121825
0.00991897 0.122285
0.00990554 0.122747
0.00989234 0.12321
0.00987938 0.123675
0.00986664 0.124142
0.00985414 0.124611
0.00984186 0.125081
0.00982981 0.125553
0.00981798 0.126027
0.00980638 0.126503
0.009795 0.126981
0.00978384 0.12746
0.00977289 0.127941
0.00976217 0.128425
0.00975166 0.12891
0.00974137 0.129396
0.00973129 0.129885
0.00972143 0.130376
0.00971178 0.130869
0.00970234 0.131363
0.0096931 0.13186
0.00968408 0.132359
0.00967526 0.132859
0.00966665 0.133362
0.00965825 0.133867
0.00965004 0.134373
0.00964205 0.134882
0.00963425 0.135393
0.00962665 0.135906
0.00961926 0.136421
0.00961206 0.136938
0.00960507 0.137458
0.00959827 0.137979
0.00959167 0.138503
0.00958526 0.139029
0.00957905 0.139557
0.00957303 0.140088
0.00956721 0.14062
0.00956157 0.141155
0.00955614 0.141693
0.00955089 0.142232
0.00954583 0.142774
0.00954096 0.143319
0.00953629 0.143865
0.0095318 0.144414
0.0095275 0.144966
0.00952338 0.14552
0.00951945 0.146076
0.00951571 0.146635
0.00951216 0.147197
0.00950879 0.147761
0.00950561 0.148327
0.00950261 0.148897
0.00949979 0.149468
0.00949716 0.150043
0.00949471 0.15062
0.00949244 0.151199
0.00949036 0.151782
0.00948845 0.152367
0.00948673 0.152955
0.00948519 0.153545
0.00948384 0.154138
0.00948266 0.154735
0.00948166 0.155334
0.00948084 0.155936
0.0094802 0.15654
0.00947975 0.157148
0.00947947 0.157759
0.00947937 0.158372
0.00947945 0.158989
0.00947971 0.159609
0.00948015 0.160231
0.00948076 0.160857
0.00948156 0.161486
0.00948253 0.162118
0.00948369 0.162753
0.00948502 0.163392
0.00948653 0.164033
0.00948822 0.164678
0.00949008 0.165326
0.00949213 0.165978
0.00949436 0.166633
0.00949676 0.167291
0.00949934 0.167952
0.00950211 0.168618
0.00950505 0.169286
0.00950817 0.169958
0.00951147 0.170634
0.00951495 0.171313
0.00951861 0.171996
0.00952245 0.172682
0.00952647 0.173372
0.00953068 0.174066
0.00953506 0.174764
0.00953963 0.175465
0.00954437 0.176171
0.0095493 0.17688
0.00955442 0.177593
0.00955971 0.17831
0.00956519 0.179031
0.00957086 0.179756
0.0095767 0.180485
0.00958274 0.181218
0.00958896 0.181955
0.00959536 0.182697
0.00960195 0.183442
0.00960873 0.184192
0.0096157 0.184947
0.00962285 0.185705
0.0096302 0.186468
0.00963773 0.187236
0.00964545 0.188008
0.00965337 0.188784
0.00966148 0.189565
0.00966978 0.190351
0.00967827 0.191141
0.00968696 0.191936
0.00969585 0.192736
0.00970493 0.193541
0.0097142 0.19435
0.00972368 0.195165
0.00973335 0.195984
0.00974323 0.196809
0.0097533 0.197638
0.00976358 0.198473
0.00977406 0.199313
0.00978475 0.200158
0.00979564 0.201008
0.00980674 0.201864
0.00981804 0.202725
0.00982955 0.203591
0.00984128 0.204463
0.00985321 0.205341
0.00986536 0.206224
0.00987772 0.207113
0.0098903 0.208008
0.00990309 0.208909
0.00991611 0.209815
0.00992934 0.210727
0.00994279 0.211646
0.00995647 0.21257
0.00997037 0.213501
0.00998449 0.214438
0.00999885 0.215381
0.0100134 0.21633
0.0100282 0.217286
0.0100433 0.218248
0.0100586 0.219217
0.0100741 0.220192
0.0100898 0.221174
0.0101058 0.222163
0.0101221 0.223159
0.0101386 0.224162
0.0101553 0.225172
0.0101723 0.226188
0.0101895 0.227212
0.010207 0.228243
0.0102247 0.229282
0.0102427 0.230328
0.010261 0.231381
0.0102795 0.232442
0.0102982 0.23351
0.0103173 0.234586
0.0103366 0.235671
0.0103562 0.236762
0.010376 0.237862
0.0103962 0.23897
0.0104166 0.240087
0.0104373 0.241211
0.0104583 0.242344
0.0104795 0.243485
0.0105011 0.244635
0.0105229 0.245794
0.0105451 0.246961
0.0105675 0.248137
0.0105903 0.249322
0.0106133 0.250517
0.0106367 0.25172
0.0106604 0.252933
0.0106844 0.254155
0.0107087 0.255386
0.0107333 0.256627
0.0107583 0.257878
0.0107836 0.259138
0.0108092 0.260409
0.0108352 0.261689
0.0108615 0.26298
0.0108882 0.264281
0.0109152 0.265593
0.0109425 0.266915
0.0109703 0.268247
0.0109983 0.269591
0.0110268 0.270945
0.0110556 0.27231
0.0110848 0.273687
0.0111144 0.275074
0.0111444 0.276473
0.0111747 0.277884
0.0112055 0.279306
0.0112366 0.280741
0.0112682 0.282187
0.0113002 0.283645
0.0113326 0.285115
0.0113654 0.286598
0.0113986 0.288094
0.0114323 0.289602
0.0114664 0.291122
0.0115009 0.292656
0.011536 0.294203
0.0115714 0.295763
0.0116074 0.297337
0.0116438 0.298924
0.0116806 0.300525
0.011718 0.30214
0.0117559 0.303769
0.0117942 0.305412
0.0118331 0.30707
0.0118724 0.308742
0.0119123 0.310429
0.0119527 0.31213
0.0119937 0.313847
0.0120352 0.315579
0.0120772 0.317327
0.0121198 0.319089
0.012163 0.320868
0.0122067 0.322663
0.012251 0.324474
0.012296 0.326301
0.0123415 0.328144
0.0123876 0.330005
0.0124344 0.331882
0.0124817 0.333776
0.0125298 0.335687
0.0125784 0.337616
0.0126278 0.339562
0.0126778 0.341526
0.0127285 0.343508
0.0127799 0.345508
0.012832 0.347527
0.0128848 0.349564
0.0129383 0.35162
0.0129925 0.353695
0.0130476 0.355789
0.0131033 0.357903
0.0131599 0.360036
0.0132173 0.362188
0.0132754 0.364361
0.0133344 0.366554
0.0133942 0.368767
0.0134548 0.371
0.0135163 0.373255
0.0135787 0.37553
0.0136419 0.377826
0.0137061 0.380144
0.0137711 0.382483
0.0138371 0.384844
0.0139041 0.387227
0.013972 0.389632
0.0140409 0.392059
0.0141108 0.394509
0.0141817 0.396981
0.0142537 0.399476
0.0143267 0.401995
0.0144008 0.404536
0.014476 0.407101
0.0145523 0.409689
0.0146297 0.412301
0.0147082 0.414937
0.014788 0.417597
0.0148689 0.420281
0.0149511 0.42299
0.0150345 0.425723
0.0151191 0.42848
0.0152051 0.431263
0.0152923 0.43407
0.0153809 0.436903
0.0154708 0.43976
0.0155621 0.442643
0.0156548 0.445551
0.015749 0.448485
0.0158446 0.451444
0.0159417 0.454429
0.0160403 0.45744
0.0161404 0.460476
0.0162421 0.463539
0.0163455 0.466627
0.0164504 0.469741
0.016557 0.472881
0.0166653 0.476046
0.0167753 0.479238
0.0168871 0.482456
0.0170007 0.4857
0.0171161 0.488969
0.0172333 0.492264
0.0173525 0.495585
0.0174735 0.498932
0.0175966 0.502304
0.0177216 0.505701
0.0178487 0.509124
0.0179778 0.512571
0.0181091 0.516044
0.0182425 0.519542
0.0183781 0.523064
0.018516 0.52661
0.0186562 0.53018
0.0187986 0.533774
0.0189435 0.537392
0.0190907 0.541033
0.0192404 0.544696
0.0193926 0.548383
0.0195474 0.552091
0.0197048 0.555821
0.0198648 0.559572
0.0200275 0.563344
0.0201929 0.567137
0.0203612 0.570949
0.0205323 0.574781
0.0207063 0.578631
0.0208832 0.5825
0.0210632 0.586386
0.0212462 0.59029
0.0214324 0.594209
0.0216217 0.598145
0.0218142 0.602095
0.0220101 0.60606
0.0222093 0.610038
0.0224119 0.61403
0.0226179 0.618033
0.0228275 0.622047
0.0230407 0.626071
0.0232575 0.630105
0.0234781 0.634148
0.0237024 0.638198
0.0239306 0.642255
0.0241627 0.646318
0.0243988 0.650386
0.0246389 0.654457
0.0248831 0.658532
0.0251315 0.662608
0.0253842 0.666685
0.0256411 0.670761
0.0259025 0.674836
0.0261683 0.678909
0.0264386 0.682979
0.0267135 0.687043
0.0269931 0.691102
0.0272775 0.695155
0.0275667 0.699199
0.0278607 0.703234
0.0281597 0.707259
0.0284638 0.711273
0.0287729 0.715274
0.0290873 0.719262
0.0294069 0.723235
0.0297318 0.727192
0.0300621 0.731132
0.030398 0.735054
0.0307394 0.738957
0.0310864 0.74284
0.0314391 0.746702
0.0317977 0.750542
0.0321621 0.754358
0.0325324 0.75815
0.0329087 0.761916
0.0332912 0.765657
0.0336798 0.76937
0.0340746 0.773055
0.0344758 0.776711
0.0348834 0.780337
0.0352974 0.783932
0.035718 0.787496
0.0361452 0.791027
0.0365791 0.794526
0.0370198 0.79799
0.0374673 0.80142
0.0379217 0.804815
0.0383831 0.808174
0.0388516 0.811497
0.0393272 0.814783
0.0398101 0.818031
0.0403002 0.821241
0.0407976 0.824413
0.0413025 0.827547
0.0418149 0.830641
0.0423348 0.833695
0.0428623 0.83671
0.0433976 0.839685
0.0439406 0.842619
0.0444915 0.845513
0.0450503 0.848366
0.045617 0.851179
0.0461918 0.85395
0.0467747 0.85668
0.0473657 0.85937
0.047965 0.862018
0.0485726 0.864625
0.0491885 0.867191
0.0498129 0.869717
0.0504457 0.872201
0.0510871 0.874645
0.0517371 0.877048
0.0523957 0.879411
0.0530631 0.881734
0.0537393 0.884017
0.0544243 0.88626
0.0551182 0.888464
0.0558211 0.890629
0.056533 0.892755
0.0572539 0.894843
0.057984 0.896893
0.0587233 0.898904
0.0594718 0.900879
0.0602296 0.902816
0.0609968 0.904717
0.0617734 0.906582
0.0625594 0.908411
0.063355 0.910205
0.0641601 0.911963
0.0649748 0.913688
0.0657992 0.915378
0.0666333 0.917035
0.0674772 0.918659
0.0683309 0.92025
0.0691945 0.92181
0.070068 0.923337
0.0709515 0.924834
0.0718449 0.9263
0.0727485 0.927736
0.0736622 0.929142
0.0745861 0.930519
0.0755201 0.931867
0.0764645 0.933188
0.0774191 0.93448
0.0783842 0.935746
0.0793596 0.936984
0.0803455 0.938197
0.0813419 0.939384
0.0823489 0.940545
0.0833664 0.941682
0.0843947 0.942795
0.0854336 0.943883
0.0864833 0.944948
0.0875437 0.945991
0.0886151 0.94701
0.0896973 0.948008
0.0907904 0.948984
0.0918946 0.949939
0.0930098 0.950874
0.0941361 0.951788
0.0952735 0.952682
0.0964221 0.953557
0.0975819 0.954412
0.098753 0.955249
0.0999355 0.956068
0.101129 0.956869
0.102335 0.957652
0.103551 0.958418
0.10478 0.959168
0.106019 0.959901
0.107271 0.960618
0.108534 0.961319
0.109809 0.962005
0.111096 0.962676
0.112394 0.963332
0.113705 0.963974
0.115027 0.964602
0.116362 0.965217
0.117708 0.965817
0.119066 0.966405
0.120437 0.96698
0.12182 0.967542
0.123215 0.968093
0.124623 0.968631
0.126043 0.969157
0.127475 0.969672
0.12892 0.970176
0.130377 0.970669
0.131847 0.971151
0.13333 0.971623
0.134825 0.972085
0.136334 0.972536
0.137855 0.972978
0.139389 0.97341
0.140936 0.973834
0.142495 0.974247
0.144068 0.974653
0.145655 0.975049
0.147254 0.975437
0.148867 0.975817
0.150493 0.976188
0.152132 0.976552
0.153785 0.976908
0.155452 0.977256
0.157132 0.977597
0.158825 0.97793
0.160533 0.978257
0.162254 0.978577
0.163989 0.97889
0.165738 0.979196
0.167502 0.979496
0.169279 0.97979
0.17107 0.980077
0.172876 0.980359
0.174696 0.980634
0.17653 0.980904
0.178378 0.981168
0.180242 0.981427
0.182119 0.98168
0.184012 0.981928
0.185919 0.982171
0.187841 0.982409
0.189777 0.982642
0.191729 0.98287
0.193696 0.983094
0.195678 0.983313
0.197675 0.983527
0.199687 0.983737
0.201714 0.983943
0.203757 0.984144
0.205816 0.984342
0.20789 0.984535
0.209979 0.984724
0.212084 0.98491
0.214205 0.985092
0.216342 0.98527
0.218495 0.985444
0.220664 0.985615
0.222849 0.985783
0.225049 0.985947
0.227267 0.986107
0.2295 0.986265
0.23175 0.986419
0.234016 0.986571
0.236299 0.986719
0.238599 0.986864
0.240915 0.987006
0.243247 0.987145
0.245597 0.987282
0.247963 0.987416
0.250347 0.987547
0.252747 0.987676
0.255165 0.987801
0.257599 0.987925
0.260051 0.988046
0.26252 0.988164
0.265007 0.98828
0.267511 0.988394
0.270032 0.988505
0.272571 0.988615
0.275127 0.988722
0.277702 0.988826
0.280293 0.988929
0.282903 0.98903
0.28553 0.989128
0.288175 0.989225
0.290838 0.989319
0.293519 0.989412
0.296218 0.989503
0.298935 0.989592
0.30167 0.989679
0.304423 0.989764
0.307194 0.989848
0.309984 0.989929
0.312791 0.99001
0.315617 0.990088
0.318461 0.990165
0.321323 0.99024
0.324203 0.990314
0.327102 0.990386
0.330019 0.990456
0.332954 0.990525
0.335908 0.990593
0.338879 0.990659
0.341869 0.990724
0.344877 0.990787
0.347903 0.990849
0.350948 0.990909
0.354011 0.990969
0.357091 0.991026
0.36019 0.991083
0.363307 0.991138
0.366442 0.991192
0.369594 0.991245
0.372765 0.991297
0.375953 0.991347
0.379159 0.991396
0.382383 0.991444
0.385624 0.991491
0.388882 0.991537
0.392158 0.991582
0.395451 0.991625
0.398761 0.991668
0.402089 0.991709
0.405433 0.991749
0.408793 0.991789
0.412171 0.991827
0.415564 0.991864
0.418974 0.991901
0.4224 0.991936
0.425842 0.99197
0.429299 0.992003
0.432772 0.992036
0.436261 0.992067
0.439764 0.992098
0.443282 0.992127
0.446815 0.992156
0.450362 0.992184
0.453924 0.99221
0.457499 0.992236
0.461088 0.992262
0.46469 0.992286
0.468305 0.992309
0.471933 0.992332
0.475573 0.992354
0.479226 0.992374
0.48289 0.992395
0.486565 0.992414
0.490252 0.992432
0.493949 0.99245
0.497657 0.992467
0.501374 0.992483
0.505102 0.992498
0.508838 0.992513
0.512583 0.992526
0.516337 0.992539
0.520098 0.992552
0.523867 0.992563
0.527643 0.992574
0.531425 0.992584
0.535214 0.992593
0.539008 0.992602
0.542807 0.99261
0.546611 0.992617
0.550419 0.992624
0.554231 0.992629
0.558046 0.992634
0.561864 0.992639
0.565683 0.992642
0.569504 0.992645
0.573327 0.992648
0.577149 0.992649
0.580972 0.99265
0.584794 0.99265
0.588614 0.99265
0.592433 0.992649
0.596249 0.992647
0.600063 0.992645
0.603873 0.992642
0.607678 0.992638
0.611479 0.992634
0.615275 0.992629
0.619065 0.992623
0.622848 0.992617
0.626624 0.99261
0.630392 0.992602
0.634152 0.992594
0.637903 0.992585
0.641645 0.992576
0.645376 0.992566
0.649097 0.992555
0.652806 0.992543
0.656504 0.992532
0.660189 0.992519
0.663861 0.992506
0.667519 0.992492
0.671163 0.992478
0.674792 0.992463
0.678406 0.992447
0.682004 0.992431
0.685586 0.992414
0.68915 0.992396
0.692697 0.992378
0.696226 0.99236
0.699736 0.992341
0.703228 0.992321
0.706699 0.9923
0.710151 0.992279
0.713582 0.992258
0.716992 0.992236
0.72038 0.992213
0.723747 0.99219
0.727091 0.992166
0.730413 0.992141
0.733711 0.992116
0.736986 0.99209
0.740237 0.992064
0.743464 0.992037
0.746665 0.99201
0.749842 0.991982
0.752994 0.991954
0.75612 0.991925
0.75922 0.991895
0.762293 0.991865
0.765341 0.991834
0.768361 0.991803
0.771355 0.991771
0.774321 0.991739
0.77726 0.991706
0.780171 0.991672
0.783054 0.991638
0.785909 0.991604
0.788737 0.991568
0.791536 0.991533
0.794306 0.991497
0.797048 0.99146
0.799761 0.991423
0.802446 0.991385
0.805102 0.991347
0.807729 0.991308
0.810327 0.991268
0.812896 0.991228
0.815437 0.991188
0.817948 0.991147
0.82043 0.991106
0.822884 0.991064
0.825309 0.991021
0.827704 0.990978
0.830071 0.990935
0.83241 0.990891
0.834719 0.990846
0.837 0.990801
0.839253 0.990756
0.841477 0.99071
0.843673 0.990663
0.845841 0.990616
0.847981 0.990569
0.850093 0.990521
0.852177 0.990472
0.854234 0.990423
0.856263 0.990374
0.858265 0.990324
0.86024 0.990273
0.862189 0.990223
0.86411 0.990171
0.866006 0.99012
0.867874 0.990067
0.869717 0.990015
0.871534 0.989961
0.873326 0.989908
0.875092 0.989854
0.876833 0.989799
0.878549 0.989744
0.88024 0.989689
0.881907 0.989633
0.883549 0.989576
0.885168 0.98952
0.886763 0.989463
0.888334 0.989405
0.889882 0.989347
0.891408 0.989288
0.89291 0.989229
0.89439 0.98917
0.895848 0.98911
0.897284 0.98905
0.898698 0.988989
0.900091 0.988928
0.901463 0.988867
0.902814 0.988805
0.904144 0.988743
0.905454 0.98868
0.906744 0.988617
0.908014 0.988554
0.909264 0.98849
0.910495 0.988426
0.911707 0.988361
0.9129 0.988296
0.914075 0.988231
0.915231 0.988165
0.916369 0.988099
0.91749 0.988032
0.918593 0.987965
0.919678 0.987898
0.920747 0.987831
0.921799 0.987763
0.922834 0.987694
0.923853 0.987625
0.924856 0.987556
0.925843 0.987487
0.926814 0.987417
0.927771 0.987347
0.928712 0.987276
0.929638 0.987206
0.930549 0.987135
0.931447 0.987063
0.932329 0.986991
0.933198 0.986919
0.934053 0.986846
0.934895 0.986774
0.935723 0.9867
0.936538 0.986627
0.937341 0.986553
0.93813 0.986479
0.938907 0.986405
0.939672 0.98633
0.940424 0.986255
0.941165 0.986179
0.941894 0.986104
0.942611 0.986028
0.943317 0.985952
0.944012 0.985875
0.944696 0.985798
0.945369 0.985721
0.946031 0.985643
0.946683 0.985566
0.947325 0.985488
0.947957 0.985409
0.948578 0.985331
0.94919 0.985252
0.949793 0.985173
0.950386 0.985093
0.950969 0.985014
0.951544 0.984934
0.952109 0.984854
0.952666 0.984773
0.953214 0.984692
0.953753 0.984611
0.954284 0.98453
0.954807 0.984449
0.955322 0.984367
0.955828 0.984285
0.956327 0.984203
0.956818 0.98412
0.957302 0.984038
0.957778 0.983955
0.958247 0.983871
0.958708 0.983788
0.959163 0.983704
0.959611 0.983621
0.960051 0.983536
0.960485 0.983452
0.960913 0.983368
0.961333 0.983283
0.961748 0.983198
0.962156 0.983113
0.962558 0.983027
0.962954 0.982942
0.963344 0.982856
0.963728 0.98277
0.964106 0.982683
0.964479 0.982597
0.964846 0.98251
0.965208 0.982424
0.965564 0.982337
0.965915 0.982249
0.966261 0.982162
0.966601 0.982074
0.966937 0.981987
0.967267 0.981899
0.967593 0.98181
0.967914 0.981722
0.96823 0.981634
0.968542 0.981545
0.968849 0.981456
0.969151 0.981367
0.969449 0.981278
0.969743 0.981188
0.970033 0.981099
0.970318 0.981009
0.970599 0.980919
0.970877 0.980829
0.97115 0.980739
0.971419 0.980649
0.971685 0.980559
0.971946 0.980468
0.972204 0.980377
0.972458 0.980286
0.972709 0.980195
0.972956 0.980104
0.9732 0.980013
0.97344 0.979921
0.973677 0.97983
0.973911 0.979738
0.974141 0.979646
0.974368 0.979554
0.974592 0.979462
0.974813 0.97937
0.97503 0.979277
0.975245 0.979185
0.975457 0.979092
0.975666 0.978999
0.975872 0.978906
0.976075 0.978813
0.976275 0.97872
0.976473 0.978627
0.976668 0.978534
0.97686 0.97844
0.97705 0.978347
0.977237 0.978253
0.977422 0.978159
0.977604 0.978065
0.977784 0.977972
0.977961 0.977877
0.978136 0.977783
0.978309 0.977689
0.978479 0.977595
0.978648 0.9775
0.978813 0.977406
0.978977 0.977311
0.979139 0.977216
0.979298 0.977122
0.979456 0.977027
0.979611 0.976932
0.979764 0.976837
0.979916 0.976742
0.980065 0.976647
0.980212 0.976551
0.980358 0.976456
0.980501 0.976361
0.980643 0.976265
0.980783 0.97617
0.980922 0.976074
0.981058 0.975978
0.981193 0.975882
0.981326 0.975787
0.981457 0.975691
0.981587 0.975595
0.981715 0.975499
0.981841 0.975403
0.981966 0.975307
0.982089 0.975211
0.982211 0.975114
0.982331 0.975018
0.98245 0.974922
0.982568 0.974825
0.982683 0.974729
0.982798 0.974633
0.982911 0.974536
0.983023 0.974439
0.983133 0.974343
0.983242 0.974246
0.983349 0.97415
0.983456 0.974053
0.983561 0.973956
0.983664 0.973859
0.983767 0.973763
0.983868 0.973666
0.983968 0.973569
0.984067 0.973472
0.984165 0.973375
0.984261 0.973278
0.984357 0.973181
0.984451 0.973084
0.984544 0.972987
0.984636 0.97289
0.984727 0.972793
0.984817 0.972696
0.984906 0.972598
0.984994 0.972501
0.985081 0.972404
0.985166 0.972307
0.985251 0.97221
0.985335 0.972113
0.985418 0.972015
0.9855 0.971918
0.985581 0.971821
0.985661 0.971724
0.98574 0.971626
0.985818 0.971529
0.985895 0.971432
0.985972 0.971334
0.986047 0.971237
0.986122 0.97114
0.986196 0.971043
0.986269 0.970945
0.986341 0.970848
0.986412 0.970751
0.986483 0.970653
0.986553 0.970556
0.986622 0.970459
0.98669 0.970361
0.986757 0.970264
0.986824 0.970167
0.98689 0.97007
0.986956 0.969972
0.98702 0.969875
0.987084 0.969778
0.987147 0.969681
0.98721 0.969583
0.987271 0.969486
0.987333 0.969389
0.987393 0.969292
0.987453 0.969195
0.987512 0.969098
0.987571 0.969
0.987628 0.968903
0.987686 0.968806
0.987742 0.968709
0.987798 0.968612
0.987854 0.968515
0.987909 0.968418
0.987963 0.968321
0.988017 0.968224
0.98807 0.968127
0.988122 0.96803
0.988174 0.967934
0.988226 0.967837
0.988277 0.96774
0.988327 0.967643
0.988377 0.967546
0.988426 0.96745
0.988475 0.967353
0.988524 0.967256
0.988571 0.96716
0.988619 0.967063
0.988666 0.966966
0.988712 0.96687
0.988758 0.966773
0.988803 0.966677
0.988848 0.966581
0.988893 0.966484
0.988937 0.966388
0.98898 0.966292
0.989023 0.966195
0.989066 0.966099
0.989108 0.966003
0.98915 0.965907
0.989191 0.965811
0.989232 0.965715
0.989273 0.965619
0.989313 0.965523
0.989353 0.965427
0.989392 0.965331
0.989431 0.965235
0.98947 0.965139
0.989508 0.965044
0.989546 0.964948
0.989583 0.964852
0.98962 0.964757
0.989657 0.964661
0.989693 0.964566
0.989729 0.96447
0.989765 0.964375
0.9898 0.96428
0.989835 0.964184
0.98987 0.964089
0.989904 0.963994
0.989938 0.963899
0.989971 0.963804
0.990004 0.963709
0.990037 0.963614
0.99007 0.963519
0.990102 0.963424
0.990134 0.963329
0.990166 0.963235
0.990197 0.96314
0.990228 0.963045
0.990259 0.962951
0.990289 0.962856
0.99032 0.962762
0.990349 0.962667
0.990379 0.962573
0.990408 0.962479
0.990437 0.962385
0.990466 0.962291
0.990494 0.962197
0.990523 0.962103
0.990551 0.962009
0.990578 0.961915
0.990606 0.961821
0.990633 0.961727
0.99066 0.961634
0.990686 0.96154
0.990713 0.961446
0.990739 0.961353
0.990765 0.96126
0.99079 0.961166
0.990816 0.961073
0.990841 0.96098
0.990866 0.960887
0.99089 0.960794
0.990915 0.960701
0.990939 0.960608
0.990963 0.960515
0.990987 0.960422
0.99101 0.960329
0.991034 0.960237
0.991057 0.960144
0.99108 0.960052
0.991102 0.959959
0.991125 0.959867
0.991147 0.959774
0.991169 0.959682
0.991191 0.95959
0.991212 0.959498
0.991234 0.959406
0.991255 0.959314
0.991276 0.959222
0.991297 0.959131
0.991318 0.959039
0.991338 0.958947
0.991359 0.958856
0.991379 0.958764
0.991399 0.958673
0.991418 0.958581
0.991438 0.95849
0.991457 0.958399
0.991476 0.958308
0.991495 0.958217
0.991514 0.958126
0.991533 0.958035
0.991552 0.957944
0.99157 0.957854
0.991588 0.957763
0.991606 0.957673
0.991624 0.957582
0.991642 0.957492
0.991659 0.957401
0.991676 0.957311
0.991694 0.957221
0.991711 0.957131
0.991728 0.957041
0.991744 0.956951
0.991761 0.956861
0.991777 0.956771
0.991794 0.956682
0.99181 0.956592
0.991826 0.956503
0.991842 0.956413
0.991857 0.956324
0.991873 0.956235
0.991888 0.956145
0.991904 0.956056
0.991919 0.955967
0.991934 0.955878
0.991949 0.95579
0.991964 0.955701
0.991978 0.955612
0.991993 0.955524
0.992007 0.955435
0.992021 0.955347
0.992035 0.955258
0.992049 0.95517
0.992063 0.955082
0.992077 0.954994
0.992091 0.954906
0.992104 0.954818
0.992117 0.95473
0.992131 0.954642
0.992144 0.954554
0.992157 0.954467
0.99217 0.954379
0.992182 0.954292
0.992195 0.954205
0.992208 0.954117
0.99222 0.95403
0.992232 0.953943
0.992245 0.953856
0.992257 0.953769
0.992269 0.953682
0.992281 0.953596
0.992292 0.953509
0.992304 0.953422
0.992316 0.953336
0.992327 0.953249
0.992338 0.953163
0.99235 0.953077
0.992361 0.952991
0.992372 0.952905
0.992383 0.952819
0.992394 0.952733
0.992404 0.952647
0.992415 0.952561
0.992426 0.952476
0.992436 0.95239
0.992447 0.952305
0.992457 0.952219
0.992467 0.952134
0.992477 0.952049
0.992487 0.951964
0.992497 0.951879
0.992507 0.951794
0.992517 0.951709
0.992526 0.951624
0.992536 0.95154
0.992545 0.951455
0.992555 0.951371
0.992564 0.951286
0.992573 0.951202
0.992583 0.951118
0.992592 0.951034
0.992601 0.950949
0.99261 0.950866
0.992618 0.950782
0.992627 0.950698
0.992636 0.950614
0.992644 0.950531
0.992653 0.950447
0.992661 0.950364
0.99267 0.95028
0.992678 0.950197
0.992686 0.950114
0.992694 0.950031
0.992702 0.949948
0.99271 0.949865
0.992718 0.949782
0.992726 0.949699
0.992734 0.949617
0.992741 0.949534
0.992749 0.949452
0.992757 0.949369
0.992764 0.949287
0.992772 0.949205
0.992779 0.949123
0.992786 0.949041
0.992793 0.948959
0.992801 0.948877
0.992808 0.948795
0.992815 0.948713
0.992822 0.948632
0.992828 0.94855
0.992835 0.948469
0.992842 0.948387
0.992849 0.948306
0.992855 0.948225
0.992862 0.948144
0.992868 0.948063
0.992875 0.947982
0.992881 0.947901
0.992888 0.947821
0.992894 0.94774
0.9929 0.947659
0.992906 0.947579
0.992912 0.947499
0.992918 0.947418
0.992924 0.947338
0.99293 0.947258
0.992936 0.947178
0.992942 0.947098
0.992948 0.947018
0.992953 0.946939
0.992959 0.946859
0.992965 0.946779
0.99297 0.9467
0.992976 0.94662
0.992981 0.946541
0.992987 0.946462
0.992992 0.946383
0.992997 0.946304
0.993002 0.946225
0.993008 0.946146
0.993013 0.946067
0.993018 0.945988
0.993023 0.94591
0.993028 0.945831
0.993033 0.945753
0.993038 0.945674
0.993042 0.945596
0.993047 0.945518
0.993052 0.94544
0.993057 0.945362
0.993061 0.945284
0.993066 0.945206
0.99307 0.945128
0.993075 0.945051
0.993079 0.944973
0.993084 0.944895
0.993088 0.944818
0.993092 0.944741
0.993097 0.944663
0.993101 0.944586
0.993105 0.944509
0.993109 0.944432
0.993113 0.944355
0.993117 0.944279
0.993121 0.944202
0.993125 0.944125
0.993129 0.944049
0.993133 0.943972
0.993137 0.943896
0.993141 0.943819
0.993145 0.943743
0.993148 0.943667
0.993152 0.943591
0.993156 0.943515
0.993159 0.943439
0.993163 0.943363
0.993167 0.943288
0.99317 0.943212
0.993174 0.943137
0.993177 0.943061
0.99318 0.942986
0.993184 0.94291
0.993187 0.942835
0.99319 0.94276
0.993194 0.942685
0.993197 0.94261
0.9932 0.942535
0.993203 0.94246
0.993206 0.942386
0.993209 0.942311
0.993212 0.942237
0.993215 0.942162
0.993218 0.942088
0.993221 0.942013
0.993224 0.941939
0.993227 0.941865
0.99323 0.941791
0.993233 0.941717
0.993235 0.941643
0.993238 0.941569
0.993241 0.941496
0.993243 0.941422
0.993246 0.941349
0.993249 0.941275
0.993251 0.941202
0.993254 0.941128
0.993256 0.941055
0.993259 0.940982
0.993261 0.940909
0.993264 0.940836
0.993266 0.940763
0.993268 0.94069
0.993271 0.940618
0.993273 0.940545
0.993275 0.940472
0.993278 0.9404
0.99328 0.940327
0.993282 0.940255
0.993284 0.940183
0.993286 0.940111
0.993288 0.940039
0.993291 0.939967
0.993293 0.939895
0.993295 0.939823
0.993297 0.939751
0.993299 0.939679
0.993301 0.939608
0.993302 0.939536
0.993304 0.939465
0.993306 0.939393
0.993308 0.939322
0.99331 0.939251
0.993312 0.93918
0.993313 0.939109
0.993315 0.939038
0.993317 0.938967
0.993319 0.938896
0.99332 0.938825
0.993322 0.938755
0.993323 0.938684
0.993325 0.938614
0.993327 0.938543
0.993328 0.938473
0.99333 0.938403
0.993331 0.938332
0.993333 0.938262
0.993334 0.938192
0.993336 0.938122
0.993337 0.938052
0.993338 0.937983
0.99334 0.937913
0.993341 0.937843
0.993342 0.937774
0.993344 0.937704
0.993345 0.937635
0.993346 0.937565
0.993347 0.937496
0.993349 0.937427
0.99335 0.937358
0.993351 0.937289
0.993352 0.93722
0.993353 0.937151
0.993354 0.937082
0.993355 0.937013
0.993356 0.936945
0.993357 0.936876
0.993358 0.936808
0.993359 0.936739
0.99336 0.936671
0.993361 0.936603
0.993362 0.936534
0.993363 0.936466
0.993364 0.936398
0.993365 0.93633
0.993366 0.936262
0.993367 0.936195
0.993368 0.936127
0.993368 0.936059
0.993369 0.935991
0.99337 0.935924
0.993371 0.935856
0.993371 0.935789
0.993372 0.935722
0.993373 0.935655
0.993373 0.935587
0.993374 0.93552
0.993375 0.935453
0.993375 0.935386
0.993376 0.935319
0.993377 0.935253
0.993377 0.935186
0.993378 0.935119
0.993378 0.935053
0.993379 0.934986
0.993379 0.93492
0.99338 0.934853
0.99338 0.934787
0.993381 0.934721
0.993381 0.934655
0.993382 0.934589
0.993382 0.934523
0.993382 0.934457
0.993383 0.934391
0.993383 0.934325
0.993383 0.934259
0.993384 0.934194
0.993384 0.934128
0.993384 0.934062
0.993385 0.933997
0.993385 0.933932
0.993385 0.933866
0.993385 0.933801
0.993386 0.933736
0.993386 0.933671
0.993386 0.933606
0.993386 0.933541
0.993386 0.933476
0.993387 0.933411
0.993387 0.933346
0.993387 0.933282
0.993387 0.933217
0.993387 0.933153
0.993387 0.933088
0.993387 0.933024
0.993387 0.932959
0.993387 0.932895
0.993387 0.932831
0.993387 0.932767
0.993387 0.932703
0.993387 0.932639
0.993387 0.932575
0.993387 0.932511
0.993387 0.932447
0.993387 0.932383
0.993387 0.93232
0.993387 0.932256
0.993387 0.932193
0.993387 0.932129
0.993387 0.932066
0.993387 0.932002
0.993386 0.931939
0.993386 0.931876
0.993386 0.931813
0.993386 0.93175
0.993386 0.931687
0.993386 0.931624
0.993385 0.931561
0.993385 0.931498
0.993385 0.931436
0.993385 0.931373
0.993384 0.93131
0.993384 0.931248
0.993384 0.931185
0.993383 0.931123
0.993383 0.931061
0.993383 0.930998
0.993382 0.930936
0.993382 0.930874
0.993382 0.930812
0.993381 0.93075
0.993381 0.930688
0.993381 0.930626
0.99338 0.930564
0.99338 0.930502
0.993379 0.930441
0.993379 0.930379
0.993379 0.930318
0.993378 0.930256
0.993378 0.930195
0.993377 0.930133
0.993377 0.930072
0.993376 0.930011
0.993376 0.92995
0.993375 0.929888
0.993375 0.929827
0.993374 0.929766
0.993374 0.929705
0.993373 0.929645
0.993373 0.929584
0.993372 0.929523
0.993371 0.929462
0.993371 0.929402
0.99337 0.929341
0.99337 0.929281
0.993369 0.92922
0.993368 0.92916
0.993368 0.929099
0.993367 0.929039
0.993367 0.928979
0.993366 0.928919
0.993365 0.928859
0.993365 0.928799
0.993364 0.928739
0.993363 0.928679
0.993363 0.928619
0.993362 0.928559
0.993361 0.9285
0.99336 0.92844
0.99336 0.92838
0.993359 0.928321
0.993358 0.928261
0.993357 0.928202
0.993357 0.928143
0.993356 0.928083
0.993355 0.928024
0.993354 0.927965
0.993354 0.927906
0.993353 0.927847
0.993352 0.927788
0.993351 0.927729
0.99335 0.92767
0.99335 0.927611
0.993349 0.927552
0.993348 0.927494
0.993347 0.927435
0.993346 0.927376
0.993345 0.927318
0.993344 0.927259
0.993344 0.927201
0.993343 0.927142
0.993342 0.927084
0.993341 0.927026
0.99334 0.926968
0.993339 0.92691
0.993338 0.926851
0.993337 0.926793
0.993336 0.926735
0.993335 0.926678
0.993334 0.92662
0.993333 0.926562
0.993333 0.926504
0.993332 0.926446
0.993331 0.926389
0.99333 0.926331
0.993329 0.926274
0.993328 0.926216
0.993327 0.926159
0.993326 0.926102
0.993325 0.926044
0.993324 0.925987
0.993323 0.92593
0.993322 0.925873
0.993321 0.925816
0.993319 0.925759
0.993318 0.925702
0.993317 0.925645
0.993316 0.925588
0.993315 0.925531
0.993314 0.925474
0.993313 0.925418
0.993312 0.925361
0.993311 0.925304
0.99331 0.925248
0.993309 0.925191
0.993308 0.925135
0.993307 0.925078
0.993305 0.925022
0.993304 0.924966
0.993303 0.92491
0.993302 0.924853
0.993301 0.924797
0.9933 0.924741
0.993299 0.924685
0.993297 0.924629
0.993296 0.924573
0.993295 0.924518
0.993294 0.924462
0.993293 0.924406
0.993292 0.92435
0.99329 0.924295
0.993289 0.924239
0.993288 0.924184
0.993287 0.924128
0.993286 0.924073
0.993284 0.924017
0.993283 0.923962
0.993282 0.923907
0.993281 0.923851
0.99328 0.923796
0.993278 0.923741
0.993277 0.923686
0.993276 0.923631
0.993275 0.923576
0.993273 0.923521
0.993272 0.923466
0.993271 0.923411
0.99327 0.923357
0.993268 0.923302
0.993267 0.923247
0.993266 0.923193
0.993265 0.923138
0.993263 0.923083
0.993262 0.923029
0.993261 0.922974
0.993259 0.92292
0.993258 0.922866
0.993257 0.922811
0.993256 0.922757
0.993254 0.922703
0.993253 0.922649
0.993252 0.922595
0.99325 0.922541
0.993249 0.922487
0.993248 0.922433
0.993246 0.922379
0.993245 0.922325
0.993244 0.922271
0.993242 0.922217
0.993241 0.922164
0.99324 0.92211
0.993238 0.922057
0.993237 0.922003
0.993235 0.921949
0.993234 0.921896
0.993233 0.921843
0.993231 0.921789
0.99323 0.921736
0.993229 0.921683
0.993227 0.921629
0.993226 0.921576
0.993224 0.921523
0.993223 0.92147
0.993222 0.921417
0.99322 0.921364
0.993219 0.921311
0.993217 0.921258
0.993216 0.921205
0.993215 0.921152
0.993213 0.921099
0.993212 0.921047
0.99321 0.920994
0.993209 0.920941
0.993207 0.920889
0.993206 0.920836
0.993205 0.920784
0.993203 0.920731
0.993202 0.920679
0.9932 0.920626
0.993199 0.920574
0.993197 0.920522
0.993196 0.92047
0.993194 0.920417
0.993193 0.920365
0.993192 0.920313
0.99319 0.920261
0.993189 0.920209
0.993187 0.920157
0.993186 0.920105
0.993184 0.920053
0.993183 0.920001
0.993181 0.91995
0.99318 0.919898
0.993178 0.919846
0.993177 0.919794
0.993175 0.919743
0.993174 0.919691
0.993172 0.91964
0.993171 0.919588
0.993169 0.919537
0.993168 0.919485
0.993166 0.919434
0.993165 0.919383
0.993163 0.919331
0.993162 0.91928
0.99316 0.919229
0.993159 0.919178
0.993157 0.919127
0.993156 0.919076
0.993154 0.919024
0.993153 0.918973
0.993151 0.918923
0.993149 0.918872
0.993148 0.918821
0.993146 0.91877
0.993145 0.918719
0.993143 0.918668
0.993142 0.918618
0.99314 0.918567
0.993139 0.918516
0.993137 0.918466
0.993136 0.918415
0.993134 0.918365
0.993132 0.918314
0.993131 0.918264
0.993129 0.918213
0.993128 0.918163
0.993126 0.918113
0.993125 0.918063
0.993123 0.918012
0.993121 0.917962
0.99312 0.917912
0.993118 0.917862
0.993117 0.917812
0.993115 0.917762
0.993114 0.917712
0.993112 0.917662
0.99311 0.917612
0.993109 0.917562
0.993107 0.917512
0.993106 0.917462
0.993104 0.917413
0.993102 0.917363
0.993101 0.917313
0.993099 0.917264
0.993098 0.917214
0.993096 0.917164
0.993094 0.917115
0.993093 0.917065
0.993091 0.917016
0.99309 0.916967
0.993088 0.916917
0.993086 0.916868
0.993085 0.916819
0.993083 0.916769
0.993082 0.91672
0.99308 0.916671
0.993078 0.916622
0.993077 0.916573
0.993075 0.916524
0.993073 0.916474
0.993072 0.916425
0.99307 0.916377
0.993069 0.916328
0.993067 0.916279
0.993065 0.91623
0.993064 0.916181
0.993062 0.916132
0.99306 0.916084
0.993059 0.916035
0.993057 0.915986
0.993055 0.915937
0.993054 0.915889
0.993052 0.91584
0.993051 0.915792
0.993049 0.915743
0.993047 0.915695
0.993046 0.915646
0.993044 0.915598
0.993042 0.91555
0.993041 0.915501
0.993039 0.915453
0.993037 0.915405
0.993036 0.915357
0.993034 0.915308
0.993032 0.91526
0.993031 0.915212
0.993029 0.915164
0.993027 0.915116
0.993026 0.915068
0.993024 0.91502
0.993022 0.914972
0.993021 0.914924
0.993019 0.914876
0.993017 0.914828
0.993016 0.914781
0.993014 0.914733
0.993012 0.914685
0.993011 0.914637
0.993009 0.91459
0.993007 0.914542
0.993006 0.914495
0.993004 0.914447
0.993002 0.914399
0.993001 0.914352
0.992999 0.914305
0.992997 0.914257
0.992996 0.91421
0.992994 0.914162
0.992992 0.914115
0.992991 0.914068
0.992989 0.91402
0.992987 0.913973
0.992985 0.913926
0.992984 0.913879
0.992982 0.913832
0.99298 0.913785
0.992979 0.913737
0.992977 0.91369
0.992975 0.913643
0.992974 0.913596
0.992972 0.913549
0.99297 0.913503
0.992968 0.913456
0.992967 0.913409
0.992965 0.913362
0.992963 0.913315
0.992962 0.913268
0.99296 0.913222
0.992958 0.913175
0.992957 0.913128
0.992955 0.913082
0.992953 0.913035
0.992951 0.912988
0.99295 0.912942
0.992948 0.912895
0.992946 0.912849
0.992945 0.912802
0.992943 0.912756
0.992941 0.91271
0.99294 0.912663
0.992938 0.912617
0.992936 0.912571
0.992934 0.912524
0.992933 0.912478
0.992931 0.912432
0.992929 0.912386
0.992928 0.91234
0.992926 0.912293
0.992924 0.912247
0.992922 0.912201
0.992921 0.912155
0.992919 0.912109
0.992917 0.912063
0.992915 0.912017
0.992914 0.911971
0.992912 0.911926
0.99291 0.91188
0.992909 0.911834
0.992907 0.911788
0.992905 0.911742
0.992903 0.911696
0.992902 0.911651
0.9929 0.911605
0.992898 0.911559
0.992897 0.911514
0.992895 0.911468
0.992893 0.911423
0.992891 0.911377
0.99289 0.911332
0.992888 0.911286
0.992886 0.911241
0.992884 0.911195
0.992883 0.91115
0.992881 0.911104
0.992879 0.911059
0.992878 0.911014
0.992876 0.910968
0.992874 0.910923
0.992872 0.910878
0.992871 0.910833
0.992869 0.910787
0.992867 0.910742
0.992865 0.910697
0.992864 0.910652
0.992862 0.910607
0.99286 0.910562
0.992858 0.910517
0.992857 0.910472
0.992855 0.910427
0.992853 0.910382
0.992852 0.910337
0.99285 0.910292
0.992848 0.910247
0.992846 0.910202
0.992845 0.910158
0.992843 0.910113
0.992841 0.910068
0.992839 0.910023
0.992838 0.909978
0.992836 0.909934
0.992834 0.909889
0.992832 0.909844
0.992831 0.9098
0.992829 0.909755
0.992827 0.909711
0.992825 0.909666
0.992824 0.909622
0.992822 0.909577
0.99282 0.909533
0.992818 0.909488
0.992817 0.909444
0.992815 0.909399
0.992813 0.909355
0.992811 0.909311
0.99281 0.909266
0.992808 0.909222
0.992806 0.909178
0.992804 0.909134
0.992803 0.909089
0.992801 0.909045
0.992799 0.909001
0.992798 0.908957
0.992796 0.908913
0.992794 0.908869
0.992792 0.908825
0.992791 0.90878
0.992789 0.908736
0.992787 0.908692
0.992785 0.908648
0.992784 0.908604
0.992782 0.908561
0.99278 0.908517
0.992778 0.908473
0.992777 0.908429
0.992775 0.908385
0.992773 0.908341
0.992771 0.908297
0.99277 0.908254
0.992768 0.90821
0.992766 0.908166
0.992764 0.908122
0.992763 0.908079
0.992761 0.908035
0.992759 0.907991
0.992757 0.907948
0.992756 0.907904
0.992754 0.907861
0.992752 0.907817
0.99275 0.907774
0.992749 0.90773
0.992747 0.907687
0.992745 0.907643
0.992743 0.9076
0.992742 0.907556
0.99274 0.907513
0.992738 0.90747
0.992736 0.907426
0.992735 0.907383
0.992733 0.90734
0.992731 0.907296
0.992729 0.907253
0.992728 0.90721
0.992726 0.907166
0.992724 0.907123
0.992722 0.90708
0.992721 0.907037
0.992719 0.906994
0.992717 0.906951
0.992715 0.906908
0.992714 0.906864
0.992712 0.906821
0.99271 0.906778
0.992708 0.906735
0.992707 0.906692
0.992705 0.906649
0.992703 0.906606
0.992701 0.906564
0.9927 0.906521
0.992698 0.906478
0.992696 0.906435
0.992694 0.906392
0.992692 0.906349
0.992691 0.906306
0.992689 0.906264
0.992687 0.906221
0.992685 0.906178
0.992684 0.906135
0.992682 0.906093
0.99268 0.90605
0.992678 0.906007
0.992677 0.905964
0.992675 0.905922
0.992673 0.905879
0.992671 0.905837
0.99267 0.905794
0.992668 0.905751
0.992666 0.905709
0.992664 0.905666
0.992663 0.905624
0.992661 0.905581
0.992659 0.905539
0.992657 0.905496
0.992656 0.905454
0.992654 0.905412
0.992652 0.905369
0.99265 0.905327
0.992649 0.905284
0.992647 0.905242
0.992645 0.9052
0.992643 0.905157
0.992642 0.905115
0.99264 0.905073
0.992638 0.905031
0.992636 0.904988
0.992635 0.904946
0.992633 0.904904
0.992631 0.904862
0.992629 0.90482
0.992628 0.904778
0.992626 0.904735
0.992624 0.904693
0.992622 0.904651
0.992621 0.904609
0.992619 0.904567
0.992617 0.904525
0.992615 0.904483
0.992614 0.904441
0.992612 0.904399
0.99261 0.904357
0.992608 0.904315
0.992607 0.904273
0.992605 0.904231
0.992603 0.904189
0.992601 0.904147
0.9926 0.904105
0.992598 0.904064
0.992596 0.904022
0.992594 0.90398
0.992593 0.903938
0.992591 0.903896
0.992589 0.903855
0.992587 0.903813
0.992586 0.903771
0.992584 0.903729
0.992582 0.903688
0.99258 0.903646
0.992579 0.903604
0.992577 0.903563
0.992575 0.903521
0.992573 0.903479
0.992572 0.903438
0.99257 0.903396
0.992568 0.903354
0.992566 0.903313
0.992565 0.903271
0.992563 0.90323
0.992561 0.903188
0.992559 0.903147
0.992558 0.903105
0.992556 0.903064
0.992554 0.903022
0.992552 0.902981
0.992551 0.902939
0.992549 0.902898
0.992547 0.902856
0.992545 0.902815
0.992544 0.902774
0.992542 0.902732
0.99254 0.902691
0.992538 0.90265
0.992537 0.902608
0.992535 0.902567
0.992533 0.902526
0.992531 0.902484
0.99253 0.902443
0.992528 0.902402
0.992526 0.902361
0.992524 0.902319
0.992523 0.902278
0.992521 0.902237
0.992519 0.902196
0.992517 0.902155
0.992516 0.902113
0.992514 0.902072
0.992512 0.902031
0.99251 0.90199
0.992509 0.901949
0.992507 0.901908
0.992505 0.901867
0.992503 0.901826
0.992502 0.901785
0.9925 0.901744
0.992498 0.901703
0.992496 0.901662
0.992495 0.901621
0.992493 0.90158
0.992491 0.901539
0.992489 0.901498
0.992488 0.901457
0.992486 0.901416
0.992484 0.901375
0.992482 0.901334
0.992481 0.901293
0.992479 0.901252
0.992477 0.901211
0.992476 0.90117
0.992474 0.901129
0.992472 0.901089
0.99247 0.901048
0.992469 0.901007
0.992467 0.900966
0.992465 0.900925
0.992463 0.900885
0.992462 0.900844
0.99246 0.900803
0.992458 0.900762
0.992456 0.900721
0.992455 0.900681
0.992453 0.90064
0.992451 0.900599
0.992449 0.900559
0.992448 0.900518
0.992446 0.900477
0.992444 0.900437
0.992442 0.900396
0.992441 0.900355
0.992439 0.900315
0.992437 0.900274
0.992435 0.900233
0.992434 0.900193
0.992432 0.900152
0.99243 0.900112
0.992428 0.900071
0.992427 0.900031
0.992425 0.89999
0.992423 0.89995
0.992421 0.899909
0.99242 0.899868
0.992418 0.899828
0.992416 0.899787
0.992415 0.899747
0.992413 0.899707
0.992411 0.899666
0.992409 0.899626
0.992408 0.899585
0.992406 0.899545
0.992404 0.899504
0.992402 0.899464
0.992401 0.899423
0.992399 0.899383
0.992397 0.899343
0.992395 0.899302
0.992394 0.899262
0.992392 0.899222
0.99239 0.899181
0.992388 0.899141
0.992387 0.899101
0.992385 0.89906
0.992383 0.89902
0.992381 0.89898
0.99238 0.898939
0.992378 0.898899
0.992376 0.898859
0.992375 0.898818
0.992373 0.898778
0.992371 0.898738
0.992369 0.898698
0.992368 0.898657
0.992366 0.898617
0.992364 0.898577
0.992362 0.898537
0.992361 0.898497
0.992359 0.898456
0.992357 0.898416
0.992355 0.898376
0.992354 0.898336
0.992352 0.898296
0.99235 0.898256
0.992348 0.898215
0.992347 0.898175
0.992345 0.898135
0.992343 0.898095
0.992341 0.898055
0.99234 0.898015
0.992338 0.897975
0.992336 0.897935
0.992335 0.897895
0.992333 0.897854
0.992331 0.897814
0.992329 0.897774
0.992328 0.897734
0.992326 0.897694
0.992324 0.897654
0.992322 0.897614
0.992321 0.897574
0.992319 0.897534
0.992317 0.897494
0.992315 0.897454
0.992314 0.897414
0.992312 0.897374
0.99231 0.897334
0.992308 0.897294
0.992307 0.897254
0.992305 0.897214
0.992303 0.897174
0.992302 0.897134
0.9923 0.897094
0.992298 0.897054
0.992296 0.897014
0.992295 0.896974
0.992293 0.896934
0.992291 0.896895
0.992289 0.896855
0.992288 0.896815
0.992286 0.896775
0.992284 0.896735
0.992282 0.896695
0.992281 0.896655
0.992279 0.896615
0.992277 0.896575
0.992276 0.896536
0.992274 0.896496
0.992272 0.896456
0.99227 0.896416
0.992269 0.896376
0.992267 0.896336
0.992265 0.896296
0.992263 0.896257
0.992262 0.896217
0.99226 0.896177
0.992258 0.896137
0.992256 0.896097
0.992255 0.896057
0.992253 0.896018
0.992251 0.895978
0.992249 0.895938
0.992248 0.895898
0.992246 0.895858
0.992244 0.895819
0.992243 0.895779
0.992241 0.895739
0.992239 0.895699
0.992237 0.89566
0.992236 0.89562
0.992234 0.89558
0.992232 0.89554
0.99223 0.895501
0.992229 0.895461
0.992227 0.895421
0.992225 0.895381
0.992223 0.895342
0.992222 0.895302
0.99222 0.895262
0.992218 0.895222
0.992217 0.895183
0.992215 0.895143
0.992213 0.895103
0.992211 0.895064
0.99221 0.895024
0.992208 0.894984
0.992206 0.894944
0.992204 0.894905
0.992203 0.894865
0.992201 0.894825
0.992199 0.894786
0.992197 0.894746
0.992196 0.894706
0.992194 0.894667
0.992192 0.894627
0.992191 0.894587
0.992189 0.894548
0.992187 0.894508
0.992185 0.894468
0.992184 0.894429
0.992182 0.894389
0.99218 0.894349
0.992178 0.89431
0.992177 0.89427
0.992175 0.89423
0.992173 0.894191
0.992171 0.894151
0.99217 0.894111
0.992168 0.894072
0.992166 0.894032
0.992165 0.893992
0.992163 0.893953
0.992161 0.893913
0.992159 0.893873
0.992158 0.893834
0.992156 0.893794
0.992154 0.893755
0.992152 0.893715
0.992151 0.893675
0.992149 0.893636
0.992147 0.893596
0.992145 0.893556
0.992144 0.893517
0.992142 0.893477
0.99214 0.893438
0.992138 0.893398
0.992137 0.893358
0.992135 0.893319
0.992133 0.893279
0.992132 0.893239
0.99213 0.8932
0.992128 0.89316
0.992126 0.893121
0.992125 0.893081
0.992123 0.893041
0.992121 0.893002
0.992119 0.892962
0.992118 0.892922
0.992116 0.892883
0.992114 0.892843
0.992112 0.892804
0.992111 0.892764
0.992109 0.892724
0.992107 0.892685
0.992105 0.892645
0.992104 0.892606
0.992102 0.892566
0.9921 0.892526
0.992099 0.892487
0.992097 0.892447
0.992095 0.892407
0.992093 0.892368
0.992092 0.892328
0.99209 0.892289
0.992088 0.892249
0.992086 0.892209
0.992085 0.89217
0.992083 0.89213
0.992081 0.89209
0.992079 0.892051
0.992078 0.892011
0.992076 0.891972
0.992074 0.891932
0.992072 0.891892
0.992071 0.891853
0.992069 0.891813
0.992067 0.891773
0.992066 0.891734
0.992064 0.891694
0.992062 0.891655
0.99206 0.891615
0.992059 0.891575
0.992057 0.891536
0.992055 0.891496
0.992053 0.891456
0.992052 0.891417
0.99205 0.891377
0.992048 0.891337
0.992046 0.891298
0.992045 0.891258
0.992043 0.891218
0.992041 0.891179
0.992039 0.891139
0.992038 0.891099
0.992036 0.89106
0.992034 0.89102
0.992032 0.89098
0.992031 0.890941
0.992029 0.890901
0.992027 0.890861
0.992025 0.890822
0.992024 0.890782
0.992022 0.890742
0.99202 0.890703
0.992018 0.890663
0.992017 0.890623
0.992015 0.890583
0.992013 0.890544
0.992012 0.890504
0.99201 0.890464
0.992008 0.890425
0.992006 0.890385
0.992005 0.890345
0.992003 0.890305
0.992001 0.890266
0.991999 0.890226
0.991998 0.890186
0.991996 0.890146
0.991994 0.890107
0.991992 0.890067
0.991991 0.890027
0.991989 0.889987
0.991987 0.889948
0.991985 0.889908
0.991984 0.889868
0.991982 0.889828
0.99198 0.889789
0.991978 0.889749
0.991977 0.889709
0.991975 0.889669
0.991973 0.889629
0.991971 0.88959
0.99197 0.88955
0.991968 0.88951
0.991966 0.88947
0.991964 0.88943
0.991963 0.88939
0.991961 0.889351
0.991959 0.889311
0.991957 0.889271
0.991956 0.889231
0.991954 0.889191
0.991952 0.889151
0.99195 0.889112
0.991949 0.889072
0.991947 0.889032
0.991945 0.888992
0.991943 0.888952
0.991942 0.888912
0.99194 0.888872
0.991938 0.888832
0.991936 0.888792
0.991935 0.888752
0.991933 0.888713
0.991931 0.888673
0.991929 0.888633
0.991928 0.888593
0.991926 0.888553
0.991924 0.888513
0.991922 0.888473
0.99192 0.888433
0.991919 0.888393
0.991917 0.888353
0.991915 0.888313
0.991913 0.888273
0.991912 0.888233
0.99191 0.888193
0.991908 0.888153
0.991906 0.888113
0.991905 0.888073
0.991903 0.888033
0.991901 0.887993
0.991899 0.887953
0.991898 0.887913
0.991896 0.887873
0.991894 0.887833
0.991892 0.887793
0.991891 0.887752
0.991889 0.887712
0.991887 0.887672
0.991885 0.887632
0.991883 0.887592
0.991882 0.887552
0.99188 0.887512
0.991878 0.887472
0.991876 0.887431
0.991875 0.887391
0.991873 0.887351
0.991871 0.887311
0.991869 0.887271
0.991868 0.887231
0.991866 0.88719
0.991864 0.88715
0.991862 0.88711
0.991861 0.88707
0.991859 0.88703
0.991857 0.886989
0.991855 0.886949
0.991853 0.886909
0.991852 0.886869
0.99185 0.886828
0.991848 0.886788
0.991846 0.886748
0.991845 0.886707
0.991843 0.886667
0.991841 0.886627
0.991839 0.886586
0.991838 0.886546
0.991836 0.886506
0.991834 0.886465
0.991832 0.886425
0.99183 0.886385
0.991829 0.886344
0.991827 0.886304
0.991825 0.886263
0.991823 0.886223
0.991822 0.886183
0.99182 0.886142
0.991818 0.886102
0.991816 0.886061
0.991814 0.886021
0.991813 0.88598
0.991811 0.88594
0.991809 0.885899
0.991807 0.885859
0.991806 0.885818
0.991804 0.885778
0.991802 0.885737
0.9918 0.885697
0.991798 0.885656
0.991797 0.885616
0.991795 0.885575
0.991793 0.885534
0.991791 0.885494
0.991789 0.885453
0.991788 0.885413
0.991786 0.885372
0.991784 0.885331
0.991782 0.885291
0.991781 0.88525
0.991779 0.885209
0.991777 0.885169
0.991775 0.885128
0.991773 0.885087
0.991772 0.885046
0.99177 0.885006
0.991768 0.884965
0.991766 0.884924
0.991764 0.884883
0.991763 0.884843
0.991761 0.884802
0.991759 0.884761
0.991757 0.88472
0.991755 0.884679
0.991754 0.884638
0.991752 0.884598
0.99175 0.884557
0.991748 0.884516
0.991746 0.884475
0.991745 0.884434
0.991743 0.884393
0.991741 0.884352
0.991739 0.884311
0.991737 0.88427
0.991736 0.884229
0.991734 0.884188
0.991732 0.884147
0.99173 0.884106
0.991728 0.884065
0.991727 0.884024
0.991725 0.883983
0.991723 0.883942
0.991721 0.883901
0.991719 0.88386
0.991718 0.883819
0.991716 0.883778
0.991714 0.883736
0.991712 0.883695
0.99171 0.883654
0.991709 0.883613
0.991707 0.883572
0.991705 0.883531
0.991703 0.883489
0.991701 0.883448
0.991699 0.883407
0.991698 0.883366
0.991696 0.883324
0.991694 0.883283
0.991692 0.883242
0.99169 0.8832
0.991689 0.883159
0.991687 0.883118
0.991685 0.883076
0.991683 0.883035
0.991681 0.882993
0.99168 0.882952
0.991678 0.882911
0.991676 0.882869
0.991674 0.882828
0.991672 0.882786
0.99167 0.882745
0.991669 0.882703
0.991667 0.882662
0.991665 0.88262
0.991663 0.882578
0.991661 0.882537
0.991659 0.882495
0.991658 0.882454
0.991656 0.882412
0.991654 0.88237
0.991652 0.882329
0.99165 0.882287
0.991648 0.882245
0.991647 0.882204
0.991645 0.882162
0.991643 0.88212
0.991641 0.882078
0.991639 0.882037
0.991637 0.881995
0.991636 0.881953
0.991634 0.881911
0.991632 0.881869
0.99163 0.881828
0.991628 0.881786
0.991626 0.881744
0.991625 0.881702
0.991623 0.88166
0.991621 0.881618
0.991619 0.881576
0.991617 0.881534
0.991615 0.881492
0.991614 0.88145
0.991612 0.881408
0.99161 0.881366
0.991608 0.881324
0.991606 0.881282
0.991604 0.88124
0.991602 0.881197
0.991601 0.881155
0.991599 0.881113
0.991597 0.881071
0.991595 0.881029
0.991593 0.880986
0.991591 0.880944
0.99159 0.880902
0.991588 0.88086
0.991586 0.880817
0.991584 0.880775
0.991582 0.880733
0.99158 0.88069
0.991578 0.880648
0.991576 0.880606
0.991575 0.880563
0.991573 0.880521
0.991571 0.880478
0.991569 0.880436
0.991567 0.880393
0.991565 0.880351
0.991563 0.880308
0.991562 0.880266
0.99156 0.880223
0.991558 0.880181
0.991556 0.880138
0.991554 0.880095
0.991552 0.880053
0.99155 0.88001
0.991548 0.879967
0.991547 0.879924
0.991545 0.879882
0.991543 0.879839
0.991541 0.879796
0.991539 0.879753
0.991537 0.879711
0.991535 0.879668
0.991533 0.879625
0.991532 0.879582
0.99153 0.879539
0.991528 0.879496
0.991526 0.879453
0.991524 0.87941
0.991522 0.879367
0.99152 0.879324
0.991518 0.879281
0.991517 0.879238
0.991515 0.879195
0.991513 0.879152
0.991511 0.879109
0.991509 0.879065
0.991507 0.879022
0.991505 0.878979
0.991503 0.878936
0.991501 0.878893
0.991499 0.878849
0.991498 0.878806
0.991496 0.878763
0.991494 0.878719
0.991492 0.878676
0.99149 0.878633
0.991488 0.878589
0.991486 0.878546
0.991484 0.878502
0.991482 0.878459
0.99148 0.878415
0.991479 0.878372
0.991477 0.878328
0.991475 0.878285
0.991473 0.878241
0.991471 0.878197
0.991469 0.878154
0.991467 0.87811
0.991465 0.878066
0.991463 0.878023
0.991461 0.877979
0.991459 0.877935
0.991458 0.877891
0.991456 0.877848
0.991454 0.877804
0.991452 0.87776
0.99145 0.877716
0.991448 0.877672
0.991446 0.877628
0.991444 0.877584
0.991442 0.87754
0.99144 0.877496
0.991438 0.877452
0.991436 0.877408
0.991434 0.877364
0.991432 0.87732
0.991431 0.877276
0.991429 0.877231
0.991427 0.877187
0.991425 0.877143
0.991423 0.877099
0.991421 0.877054
0.991419 0.87701
0.991417 0.876966
0.991415 0.876921
0.991413 0.876877
0.991411 0.876832
0.991409 0.876788
0.991407 0.876744
0.991405 0.876699
0.991403 0.876655
0.991401 0.87661
0.991399 0.876565
0.991398 0.876521
0.991396 0.876476
0.991394 0.876431
0.991392 0.876387
0.99139 0.876342
0.991388 0.876297
0.991386 0.876252
0.991384 0.876208
0.991382 0.876163
0.99138 0.876118
0.991378 0.876073
0.991376 0.876028
0.991374 0.875983
0.991372 0.875938
0.99137 0.875893
0.991368 0.875848
0.991366 0.875803
0.991364 0.875758
0.991362 0.875713
0.99136 0.875668
0.991358 0.875622
0.991356 0.875577
0.991354 0.875532
0.991352 0.875487
0.99135 0.875441
0.991348 0.875396
0.991346 0.875351
0.991344 0.875305
0.991342 0.87526
0.99134 0.875214
0.991338 0.875169
0.991336 0.875123
0.991334 0.875078
0.991332 0.875032
0.99133 0.874986
0.991328 0.874941
0.991326 0.874895
0.991324 0.874849
0.991322 0.874804
0.99132 0.874758
0.991318 0.874712
0.991316 0.874666
0.991314 0.87462
0.991312 0.874574
0.99131 0.874529
0.991308 0.874483
0.991306 0.874437
0.991304 0.874391
0.991302 0.874344
0.9913 0.874298
0.991298 0.874252
0.991296 0.874206
0.991294 0.87416
0.991292 0.874114
0.99129 0.874067
0.991288 0.874021
0.991286 0.873975
0.991284 0.873928
0.991282 0.873882
0.99128 0.873835
0.991278 0.873789
0.991276 0.873743
0.991274 0.873696
0.991272 0.873649
0.99127 0.873603
0.991268 0.873556
0.991266 0.873509
0.991264 0.873463
0.991262 0.873416
0.99126 0.873369
0.991258 0.873322
0.991256 0.873276
0.991254 0.873229
0.991252 0.873182
0.99125 0.873135
0.991248 0.873088
0.991245 0.873041
0.991243 0.872994
0.991241 0.872947
0.991239 0.872899
0.991237 0.872852
0.991235 0.872805
0.991233 0.872758
0.991231 0.872711
0.991229 0.872663
0.991227 0.872616
0.991225 0.872568
0.991223 0.872521
0.991221 0.872474
0.991219 0.872426
0.991217 0.872379
0.991215 0.872331
0.991212 0.872283
0.99121 0.872236
0.991208 0.872188
0.991206 0.87214
0.991204 0.872092
0.991202 0.872045
0.9912 0.871997
0.991198 0.871949
0.991196 0.871901
0.991194 0.871853
0.991192 0.871805
0.99119 0.871757
0.991187 0.871709
0.991185 0.871661
0.991183 0.871613
0.991181 0.871564
0.991179 0.871516
0.991177 0.871468
0.991175 0.87142
0.991173 0.871371
0.991171 0.871323
0.991168 0.871274
0.991166 0.871226
0.991164 0.871177
0.991162 0.871129
0.99116 0.87108
0.991158 0.871032
0.991156 0.870983
0.991154 0.870934
0.991152 0.870885
0.991149 0.870837
0.991147 0.870788
0.991145 0.870739
0.991143 0.87069
0.991141 0.870641
0.991139 0.870592
0.991137 0.870543
0.991134 0.870494
0.991132 0.870445
0.99113 0.870395
0.991128 0.870346
0.991126 0.870297
0.991124 0.870247
0.991122 0.870198
0.991119 0.870149
0.991117 0.870099
0.991115 0.87005
0.991113 0.87
0.991111 0.869951
0.991109 0.869901
0.991107 0.869851
0.991104 0.869802
0.991102 0.869752
0.9911 0.869702
0.991098 0.869652
0.991096 0.869602
0.991094 0.869552
0.991091 0.869502
0.991089 0.869452
0.991087 0.869402
0.991085 0.869352
0.991083 0.869302
0.99108 0.869252
0.991078 0.869202
0.991076 0.869151
0.991074 0.869101
0.991072 0.86905
0.99107 0.869
0.991067 0.86895
0.991065 0.868899
0.991063 0.868848
0.991061 0.868798
0.991059 0.868747
0.991056 0.868696
0.991054 0.868646
0.991052 0.868595
0.99105 0.868544
0.991047 0.868493
0.991045 0.868442
0.991043 0.868391
0.991041 0.86834
0.991039 0.868289
0.991036 0.868238
0.991034 0.868186
0.991032 0.868135
0.99103 0.868084
0.991027 0.868032
0.991025 0.867981
0.991023 0.86793
0.991021 0.867878
0.991019 0.867827
0.991016 0.867775
0.991014 0.867723
0.991012 0.867672
0.99101 0.86762
0.991007 0.867568
0.991005 0.867516
0.991003 0.867464
0.991001 0.867412
0.990998 0.86736
0.990996 0.867308
0.990994 0.867256
0.990991 0.867204
0.990989 0.867152
0.990987 0.867099
0.990985 0.867047
0.990982 0.866995
0.99098 0.866942
0.990978 0.86689
0.990976 0.866837
0.990973 0.866785
0.990971 0.866732
0.990969 0.866679
0.990966 0.866626
0.990964 0.866574
0.990962 0.866521
0.99096 0.866468
0.990957 0.866415
0.990955 0.866362
0.990953 0.866309
0.99095 0.866256
0.990948 0.866202
0.990946 0.866149
0.990943 0.866096
0.990941 0.866042
0.990939 0.865989
0.990936 0.865936
0.990934 0.865882
0.990932 0.865828
0.990929 0.865775
0.990927 0.865721
0.990925 0.865667
0.990922 0.865613
0.99092 0.86556
0.990918 0.865506
0.990915 0.865452
0.990913 0.865398
0.990911 0.865344
0.990908 0.865289
0.990906 0.865235
0.990904 0.865181
0.990901 0.865127
0.990899 0.865072
0.990897 0.865018
0.990894 0.864963
0.990892 0.864909
0.99089 0.864854
0.990887 0.864799
0.990885 0.864744
0.990882 0.86469
0.99088 0.864635
0.990878 0.86458
0.990875 0.864525
0.990873 0.86447
0.990871 0.864415
0.990868 0.864359
0.990866 0.864304
0.990863 0.864249
0.990861 0.864193
0.990859 0.864138
0.990856 0.864083
0.990854 0.864027
0.990851 0.863971
0.990849 0.863916
0.990846 0.86386
0.990844 0.863804
0.990842 0.863748
0.990839 0.863692
0.990837 0.863636
0.990834 0.86358
0.990832 0.863524
0.99083 0.863468
0.990827 0.863412
0.990825 0.863355
0.990822 0.863299
0.99082 0.863242
0.990817 0.863186
0.990815 0.863129
0.990812 0.863073
0.99081 0.863016
0.990807 0.862959
0.990805 0.862902
0.990803 0.862845
0.9908 0.862788
0.990798 0.862731
0.990795 0.862674
0.990793 0.862617
0.99079 0.86256
0.990788 0.862502
0.990785 0.862445
0.990783 0.862388
0.99078 0.86233
0.990778 0.862272
0.990775 0.862215
0.990773 0.862157
0.99077 0.862099
0.990768 0.862041
0.990765 0.861983
0.990763 0.861925
0.99076 0.861867
0.990758 0.861809
0.990755 0.861751
0.990753 0.861692
0.99075 0.861634
0.990748 0.861576
0.990745 0.861517
0.990743 0.861459
0.99074 0.8614
0.990738 0.861341
0.990735 0.861282
0.990732 0.861223
0.99073 0.861164
0.990727 0.861105
0.990725 0.861046
0.990722 0.860987
0.99072 0.860928
0.990717 0.860869
0.990715 0.860809
0.990712 0.86075
0.990709 0.86069
0.990707 0.86063
0.990704 0.860571
0.990702 0.860511
0.990699 0.860451
0.990696 0.860391
0.990694 0.860331
0.990691 0.860271
0.990689 0.860211
0.990686 0.860151
0.990683 0.86009
0.990681 0.86003
0.990678 0.859969
0.990676 0.859909
0.990673 0.859848
0.99067 0.859787
0.990668 0.859727
0.990665 0.859666
0.990663 0.859605
0.99066 0.859544
0.990657 0.859483
0.990655 0.859421
0.990652 0.85936
0.990649 0.859299
0.990647 0.859237
0.990644 0.859176
0.990641 0.859114
0.990639 0.859052
0.990636 0.858991
0.990633 0.858929
0.990631 0.858867
0.990628 0.858805
0.990625 0.858743
0.990623 0.858681
0.99062 0.858618
0.990617 0.858556
0.990615 0.858493
0.990612 0.858431
0.990609 0.858368
0.990606 0.858306
0.990604 0.858243
0.990601 0.85818
0.990598 0.858117
0.990596 0.858054
0.990593 0.857991
0.99059 0.857928
0.990587 0.857864
0.990585 0.857801
0.990582 0.857737
0.990579 0.857674
0.990577 0.85761
0.990574 0.857546
0.990571 0.857483
0.990568 0.857419
0.990565 0.857355
0.990563 0.857291
0.99056 0.857226
0.990557 0.857162
0.990554 0.857098
0.990552 0.857033
0.990549 0.856969
0.990546 0.856904
0.990543 0.856839
0.99054 0.856774
0.990538 0.856709
0.990535 0.856644
0.990532 0.856579
0.990529 0.856514
0.990526 0.856449
0.990524 0.856383
0.990521 0.856318
0.990518 0.856252
0.990515 0.856187
0.990512 0.856121
0.99051 0.856055
0.990507 0.855989
0.990504 0.855923
0.990501 0.855857
0.990498 0.85579
0.990495 0.855724
0.990492 0.855658
0.99049 0.855591
0.990487 0.855524
0.990484 0.855458
0.990481 0.855391
0.990478 0.855324
0.990475 0.855257
0.990472 0.85519
0.990469 0.855122
0.990466 0.855055
0.990464 0.854987
0.990461 0.85492
0.990458 0.854852
0.990455 0.854784
0.990452 0.854717
0.990449 0.854649
0.990446 0.854581
0.990443 0.854512
0.99044 0.854444
0.990437 0.854376
0.990434 0.854307
0.990431 0.854239
0.990428 0.85417
0.990425 0.854101
0.990422 0.854032
0.99042 0.853963
0.990417 0.853894
0.990414 0.853825
0.990411 0.853755
0.990408 0.853686
0.990405 0.853616
0.990402 0.853547
0.990399 0.853477
0.990396 0.853407
0.990393 0.853337
0.99039 0.853267
0.990387 0.853197
0.990384 0.853126
0.990381 0.853056
0.990378 0.852985
0.990374 0.852915
0.990371 0.852844
0.990368 0.852773
0.990365 0.852702
0.990362 0.852631
0.990359 0.85256
0.990356 0.852488
0.990353 0.852417
0.99035 0.852345
0.990347 0.852274
0.990344 0.852202
0.990341 0.85213
0.990338 0.852058
0.990335 0.851986
0.990331 0.851913
0.990328 0.851841
0.990325 0.851768
0.990322 0.851696
0.990319 0.851623
0.990316 0.85155
0.990313 0.851477
0.99031 0.851404
0.990306 0.851331
0.990303 0.851257
0.9903 0.851184
0.990297 0.85111
0.990294 0.851037
0.990291 0.850963
0.990287 0.850889
0.990284 0.850815
0.990281 0.85074
0.990278 0.850666
0.990275 0.850592
0.990272 0.850517
0.990268 0.850442
0.990265 0.850367
0.990262 0.850292
0.990259 0.850217
0.990255 0.850142
0.990252 0.850067
0.990249 0.849991
0.990246 0.849916
0.990243 0.84984
0.990239 0.849764
0.990236 0.849688
0.990233 0.849612
0.990229 0.849535
0.990226 0.849459
0.990223 0.849383
0.99022 0.849306
0.990216 0.849229
0.990213 0.849152
0.99021 0.849075
0.990206 0.848998
0.990203 0.84892
0.9902 0.848843
0.990196 0.848765
0.990193 0.848688
0.99019 0.84861
0.990186 0.848532
0.990183 0.848453
0.99018 0.848375
0.990176 0.848297
0.990173 0.848218
0.99017 0.848139
0.990166 0.84806
0.990163 0.847981
0.990159 0.847902
0.990156 0.847823
0.990153 0.847744
0.990149 0.847664
0.990146 0.847584
0.990142 0.847504
0.990139 0.847424
0.990136 0.847344
0.990132 0.847264
0.990129 0.847183
0.990125 0.847103
0.990122 0.847022
0.990118 0.846941
0.990115 0.84686
0.990111 0.846779
0.990108 0.846697
0.990104 0.846616
0.990101 0.846534
0.990097 0.846452
0.990094 0.84637
0.99009 0.846288
0.990087 0.846206
0.990083 0.846124
0.99008 0.846041
0.990076 0.845958
0.990073 0.845875
0.990069 0.845792
0.990066 0.845709
0.990062 0.845626
0.990058 0.845542
0.990055 0.845459
0.990051 0.845375
0.990048 0.845291
0.990044 0.845207
0.990041 0.845122
0.990037 0.845038
0.990033 0.844953
0.99003 0.844868
0.990026 0.844783
0.990022 0.844698
0.990019 0.844613
0.990015 0.844527
0.990011 0.844442
0.990008 0.844356
0.990004 0.84427
0.99 0.844184
0.989997 0.844098
0.989993 0.844011
0.989989 0.843924
0.989986 0.843838
0.989982 0.843751
0.989978 0.843664
0.989974 0.843576
0.989971 0.843489
0.989967 0.843401
0.989963 0.843313
0.989959 0.843225
0.989956 0.843137
0.989952 0.843049
0.989948 0.84296
0.989944 0.842871
0.98994 0.842782
0.989937 0.842693
0.989933 0.842604
0.989929 0.842514
0.989925 0.842425
0.989921 0.842335
0.989918 0.842245
0.989914 0.842155
0.98991 0.842064
0.989906 0.841974
0.989902 0.841883
0.989898 0.841792
0.989894 0.841701
0.98989 0.84161
0.989887 0.841518
0.989883 0.841427
0.989879 0.841335
0.989875 0.841243
0.989871 0.84115
0.989867 0.841058
0.989863 0.840965
0.989859 0.840873
0.989855 0.84078
0.989851 0.840686
0.989847 0.840593
0.989843 0.840499
0.989839 0.840405
0.989835 0.840311
0.989831 0.840217
0.989827 0.840123
0.989823 0.840028
0.989819 0.839933
0.989815 0.839838
0.989811 0.839743
0.989807 0.839648
0.989803 0.839552
0.989799 0.839456
0.989794 0.83936
0.98979 0.839264
0.989786 0.839168
0.989782 0.839071
0.989778 0.838974
0.989774 0.838877
0.98977 0.83878
0.989766 0.838682
0.989761 0.838584
0.989757 0.838486
0.989753 0.838388
0.989749 0.83829
0.989745 0.838191
0.98974 0.838092
0.989736 0.837993
0.989732 0.837894
0.989728 0.837795
0.989723 0.837695
0.989719 0.837595
0.989715 0.837495
0.989711 0.837395
0.989706 0.837294
0.989702 0.837193
0.989698 0.837092
0.989693 0.836991
0.989689 0.836889
0.989685 0.836788
0.98968 0.836686
0.989676 0.836584
0.989672 0.836481
0.989667 0.836379
0.989663 0.836276
0.989659 0.836173
0.989654 0.836069
0.98965 0.835966
0.989645 0.835862
0.989641 0.835758
0.989637 0.835653
0.989632 0.835549
0.989628 0.835444
0.989623 0.835339
0.989619 0.835234
0.989614 0.835128
0.98961 0.835022
0.989605 0.834916
0.989601 0.83481
0.989596 0.834704
0.989592 0.834597
0.989587 0.83449
0.989582 0.834383
0.989578 0.834275
0.989573 0.834167
0.989569 0.834059
0.989564 0.833951
0.989559 0.833842
0.989555 0.833734
0.98955 0.833624
0.989546 0.833515
0.989541 0.833406
0.989536 0.833296
0.989531 0.833186
0.989527 0.833075
0.989522 0.832964
0.989517 0.832854
0.989513 0.832742
0.989508 0.832631
0.989503 0.832519
0.989498 0.832407
0.989494 0.832295
0.989489 0.832182
0.989484 0.832069
0.989479 0.831956
0.989474 0.831843
0.98947 0.831729
0.989465 0.831615
0.98946 0.831501
0.989455 0.831386
0.98945 0.831272
0.989445 0.831157
0.98944 0.831041
0.989435 0.830925
0.98943 0.830809
0.989426 0.830693
0.989421 0.830577
0.989416 0.83046
0.989411 0.830343
0.989406 0.830225
0.989401 0.830107
0.989396 0.829989
0.989391 0.829871
0.989386 0.829752
0.98938 0.829634
0.989375 0.829514
0.98937 0.829395
0.989365 0.829275
0.98936 0.829155
0.989355 0.829034
0.98935 0.828913
0.989345 0.828792
0.98934 0.828671
0.989334 0.828549
0.989329 0.828427
0.989324 0.828305
0.989319 0.828182
0.989314 0.828059
0.989308 0.827936
0.989303 0.827812
0.989298 0.827688
0.989293 0.827564
0.989287 0.827439
0.989282 0.827314
0.989277 0.827189
0.989271 0.827063
0.989266 0.826937
0.989261 0.826811
0.989255 0.826684
0.98925 0.826557
0.989244 0.82643
0.989239 0.826302
0.989234 0.826174
0.989228 0.826046
0.989223 0.825917
0.989217 0.825788
0.989212 0.825658
0.989206 0.825528
0.989201 0.825398
0.989195 0.825268
0.98919 0.825137
0.989184 0.825006
0.989178 0.824874
0.989173 0.824742
0.989167 0.82461
0.989162 0.824477
0.989156 0.824344
0.98915 0.824211
0.989145 0.824077
0.989139 0.823943
0.989133 0.823808
0.989127 0.823673
0.989122 0.823538
0.989116 0.823402
0.98911 0.823266
0.989104 0.82313
0.989099 0.822993
0.989093 0.822856
0.989087 0.822718
0.989081 0.82258
0.989075 0.822442
0.989069 0.822303
0.989063 0.822164
0.989058 0.822024
0.989052 0.821884
0.989046 0.821744
0.98904 0.821603
0.989034 0.821462
0.989028 0.82132
0.989022 0.821178
0.989016 0.821036
0.98901 0.820893
0.989003 0.82075
0.988997 0.820606
0.988991 0.820462
0.988985 0.820318
0.988979 0.820173
0.988973 0.820027
0.988967 0.819881
0.98896 0.819735
0.988954 0.819588
0.988948 0.819441
0.988942 0.819294
0.988936 0.819146
0.988929 0.818997
0.988923 0.818848
0.988917 0.818699
0.98891 0.818549
0.988904 0.818399
0.988897 0.818248
0.988891 0.818097
0.988885 0.817946
0.988878 0.817794
0.988872 0.817641
0.988865 0.817488
0.988859 0.817335
0.988852 0.817181
0.988846 0.817026
0.988839 0.816871
0.988833 0.816716
0.988826 0.81656
0.988819 0.816404
0.988813 0.816247
0.988806 0.81609
0.988799 0.815932
0.988793 0.815773
0.988786 0.815615
0.988779 0.815455
0.988772 0.815296
0.988766 0.815135
0.988759 0.814975
0.988752 0.814813
0.988745 0.814651
0.988738 0.814489
0.988731 0.814326
0.988724 0.814163
0.988717 0.813999
0.988711 0.813835
0.988704 0.81367
0.988697 0.813504
0.988689 0.813338
0.988682 0.813172
0.988675 0.813004
0.988668 0.812837
0.988661 0.812669
0.988654 0.8125
0.988647 0.812331
0.98864 0.812161
0.988632 0.81199
0.988625 0.811819
0.988618 0.811648
0.988611 0.811476
0.988603 0.811303
0.988596 0.81113
0.988589 0.810956
0.988581 0.810782
0.988574 0.810607
0.988566 0.810431
0.988559 0.810255
0.988551 0.810079
0.988544 0.809901
0.988536 0.809723
0.988529 0.809545
0.988521 0.809366
0.988514 0.809186
0.988506 0.809006
0.988498 0.808825
0.988491 0.808643
0.988483 0.808461
0.988475 0.808278
0.988467 0.808095
0.98846 0.807911
0.988452 0.807726
0.988444 0.807541
0.988436 0.807355
0.988428 0.807168
0.98842 0.806981
0.988412 0.806793
0.988404 0.806604
0.988396 0.806415
0.988388 0.806225
0.98838 0.806035
0.988372 0.805843
0.988364 0.805651
0.988356 0.805459
0.988348 0.805266
0.98834 0.805072
0.988331 0.804877
0.988323 0.804682
0.988315 0.804486
0.988306 0.804289
0.988298 0.804091
0.98829 0.803893
0.988281 0.803694
0.988273 0.803495
0.988264 0.803294
0.988256 0.803093
0.988247 0.802892
0.988239 0.802689
0.98823 0.802486
0.988221 0.802282
0.988213 0.802077
0.988204 0.801871
0.988195 0.801665
0.988187 0.801458
0.988178 0.80125
0.988169 0.801042
0.98816 0.800832
0.988151 0.800622
0.988142 0.800411
0.988133 0.8002
0.988124 0.799987
0.988115 0.799774
0.988106 0.79956
0.988097 0.799345
0.988088 0.799129
0.988079 0.798913
0.98807 0.798695
0.98806 0.798477
0.988051 0.798258
0.988042 0.798038
0.988032 0.797817
0.988023 0.797596
0.988014 0.797373
0.988004 0.79715
0.987995 0.796926
0.987985 0.796701
0.987976 0.796475
0.987966 0.796248
0.987956 0.796021
0.987947 0.795792
0.987937 0.795563
0.987927 0.795332
0.987917 0.795101
0.987908 0.794869
0.987898 0.794636
0.987888 0.794402
0.987878 0.794167
0.987868 0.793931
0.987858 0.793694
0.987848 0.793457
0.987838 0.793218
0.987827 0.792978
0.987817 0.792737
0.987807 0.792496
0.987797 0.792253
0.987786 0.79201
0.987776 0.791765
0.987766 0.79152
0.987755 0.791273
0.987745 0.791025
0.987734 0.790777
0.987724 0.790527
0.987713 0.790277
0.987702 0.790025
0.987692 0.789772
0.987681 0.789518
0.98767 0.789263
0.987659 0.789008
0.987648 0.788751
0.987637 0.788493
0.987626 0.788233
0.987615 0.787973
0.987604 0.787712
0.987593 0.787449
0.987582 0.787186
0.987571 0.786921
0.987559 0.786655
0.987548 0.786388
0.987537 0.78612
0.987525 0.785851
0.987514 0.785581
0.987502 0.785309
0.987491 0.785036
0.987479 0.784763
0.987467 0.784487
0.987456 0.784211
0.987444 0.783934
0.987432 0.783655
0.98742 0.783375
0.987408 0.783094
0.987396 0.782811
0.987384 0.782528
0.987372 0.782243
0.98736 0.781957
0.987348 0.781669
0.987336 0.78138
0.987323 0.78109
0.987311 0.780799
0.987298 0.780507
0.987286 0.780213
0.987273 0.779917
0.987261 0.779621
0.987248 0.779323
0.987235 0.779023
0.987223 0.778723
0.98721 0.778421
0.987197 0.778117
0.987184 0.777813
0.987171 0.777506
0.987158 0.777199
0.987145 0.77689
0.987132 0.776579
0.987118 0.776267
0.987105 0.775954
0.987092 0.775639
0.987078 0.775323
0.987065 0.775005
0.987051 0.774686
0.987037 0.774365
0.987024 0.774043
0.98701 0.773719
0.986996 0.773393
0.986982 0.773066
0.986968 0.772738
0.986954 0.772408
0.98694 0.772076
0.986926 0.771743
0.986911 0.771408
0.986897 0.771072
0.986883 0.770734
0.986868 0.770394
0.986854 0.770053
0.986839 0.769709
0.986824 0.769365
0.98681 0.769018
0.986795 0.76867
0.98678 0.76832
0.986765 0.767969
0.98675 0.767616
0.986735 0.767261
0.986719 0.766904
0.986704 0.766545
0.986689 0.766185
0.986673 0.765823
0.986658 0.765459
0.986642 0.765093
0.986626 0.764725
0.986611 0.764355
0.986595 0.763984
0.986579 0.763611
0.986563 0.763235
0.986547 0.762858
0.98653 0.762479
0.986514 0.762098
0.986498 0.761715
0.986481 0.76133
0.986465 0.760943
0.986448 0.760554
0.986431 0.760163
0.986415 0.75977
0.986398 0.759375
0.986381 0.758978
0.986364 0.758579
0.986346 0.758177
0.986329 0.757774
0.986312 0.757368
0.986294 0.75696
0.986277 0.75655
0.986259 0.756138
0.986241 0.755724
0.986223 0.755307
0.986205 0.754889
0.986187 0.754468
0.986169 0.754044
0.986151 0.753619
0.986132 0.753191
0.986114 0.75276
0.986095 0.752328
0.986077 0.751893
0.986058 0.751455
0.986039 0.751015
0.98602 0.750573
0.986001 0.750128
0.985982 0.749681
0.985962 0.749231
0.985943 0.748779
0.985923 0.748325
0.985903 0.747867
0.985884 0.747408
0.985864 0.746945
0.985844 0.74648
0.985824 0.746012
0.985803 0.745542
0.985783 0.745069
0.985762 0.744593
0.985742 0.744115
0.985721 0.743634
0.9857 0.74315
0.985679 0.742663
0.985658 0.742173
0.985637 0.741681
0.985615 0.741186
0.985594 0.740688
0.985572 0.740187
0.98555 0.739683
0.985528 0.739176
0.985506 0.738666
0.985484 0.738153
0.985461 0.737637
0.985439 0.737117
0.985416 0.736595
0.985393 0.73607
0.985371 0.735542
0.985347 0.73501
0.985324 0.734475
0.985301 0.733937
0.985277 0.733396
0.985254 0.732851
0.98523 0.732303
0.985206 0.731752
0.985182 0.731197
0.985157 0.730639
0.985133 0.730078
0.985108 0.729513
0.985083 0.728945
0.985059 0.728373
0.985033 0.727797
0.985008 0.727218
0.984983 0.726635
0.984957 0.726049
0.984931 0.725459
0.984905 0.724865
0.984879 0.724268
0.984853 0.723666
0.984826 0.723061
0.9848 0.722452
0.984773 0.72184
0.984746 0.721223
0.984718 0.720602
0.984691 0.719977
0.984663 0.719349
0.984636 0.718716
0.984608 0.718079
0.984579 0.717438
0.984551 0.716793
0.984522 0.716143
0.984494 0.71549
0.984465 0.714832
0.984435 0.714169
0.984406 0.713503
0.984376 0.712831
0.984346 0.712156
0.984316 0.711476
0.984286 0.710791
0.984256 0.710102
0.984225 0.709408
0.984194 0.70871
0.984163 0.708007
0.984131 0.707299
0.9841 0.706586
0.984068 0.705868
0.984035 0.705146
0.984003 0.704419
0.983971 0.703686
0.983938 0.702949
0.983905 0.702206
0.983871 0.701459
0.983838 0.700706
0.983804 0.699948
0.98377 0.699185
0.983735 0.698416
0.9837 0.697642
0.983666 0.696863
0.98363 0.696078
0.983595 0.695287
0.983559 0.694491
0.983523 0.69369
0.983487 0.692882
0.98345 0.692069
0.983413 0.69125
0.983376 0.690426
0.983338 0.689595
0.983301 0.688758
0.983262 0.687916
0.983224 0.687067
0.983185 0.686212
0.983146 0.685351
0.983107 0.684484
0.983067 0.68361
0.983027 0.68273
0.982987 0.681844
0.982946 0.680951
0.982905 0.680051
0.982864 0.679145
0.982822 0.678232
0.98278 0.677312
0.982737 0.676386
0.982695 0.675452
0.982651 0.674512
0.982608 0.673564
0.982564 0.67261
0.98252 0.671648
0.982475 0.670679
0.98243 0.669702
0.982384 0.668719
0.982339 0.667728
0.982292 0.666729
0.982246 0.665722
0.982199 0.664708
0.982151 0.663687
0.982103 0.662657
0.982055 0.661619
0.982006 0.660574
0.981957 0.65952
0.981907 0.658458
0.981857 0.657388
0.981806 0.65631
0.981755 0.655223
0.981704 0.654128
0.981652 0.653024
0.981599 0.651912
0.981546 0.65079
0.981493 0.64966
0.981439 0.648521
0.981384 0.647374
0.981329 0.646217
0.981273 0.64505
0.981217 0.643875
0.981161 0.64269
0.981104 0.641496
0.981046 0.640292
0.980988 0.639079
0.980929 0.637856
0.980869 0.636623
0.980809 0.63538
0.980749 0.634127
0.980688 0.632864
0.980626 0.631591
0.980563 0.630308
0.9805 0.629014
0.980437 0.627709
0.980372 0.626394
0.980307 0.625069
0.980242 0.623732
0.980176 0.622385
0.980109 0.621027
0.980041 0.619657
0.979973 0.618277
0.979904 0.616885
0.979834 0.615481
0.979763 0.614067
0.979692 0.61264
0.97962 0.611202
0.979547 0.609752
0.979474 0.608289
0.979399 0.606815
0.979324 0.605329
0.979248 0.60383
0.979172 0.602319
0.979094 0.600796
0.979016 0.59926
0.978936 0.597711
0.978856 0.596149
0.978775 0.594575
0.978693 0.592987
0.978611 0.591386
0.978527 0.589772
0.978442 0.588145
0.978357 0.586504
0.97827 0.584849
0.978183 0.583181
0.978094 0.581499
0.978005 0.579802
0.977914 0.578092
0.977822 0.576368
0.97773 0.574629
0.977636 0.572876
0.977541 0.571109
0.977445 0.569326
0.977348 0.56753
0.97725 0.565718
0.977151 0.563891
0.97705 0.56205
0.976949 0.560193
0.976846 0.558321
0.976742 0.556433
0.976636 0.55453
0.97653 0.552612
0.976422 0.550678
0.976312 0.548728
0.976202 0.546762
0.97609 0.544781
0.975977 0.542783
0.975862 0.540769
0.975746 0.538739
0.975628 0.536693
0.975509 0.53463
0.975389 0.532551
0.975267 0.530456
0.975143 0.528343
0.975018 0.526214
0.974892 0.524069
0.974763 0.521906
0.974633 0.519726
0.974502 0.51753
0.974369 0.515317
0.974234 0.513086
0.974097 0.510838
0.973959 0.508574
0.973818 0.506291
0.973676 0.503992
0.973532 0.501676
0.973386 0.499342
0.973239 0.496991
0.973089 0.494622
0.972937 0.492236
0.972784 0.489833
0.972628 0.487412
0.97247 0.484974
0.97231 0.482519
0.972148 0.480046
0.971984 0.477557
0.971817 0.475049
0.971649 0.472525
0.971478 0.469983
0.971304 0.467424
0.971128 0.464848
0.97095 0.462255
0.97077 0.459646
0.970587 0.457019
0.970401 0.454375
0.970213 0.451715
0.970022 0.449038
0.969829 0.446345
0.969632 0.443636
0.969434 0.44091
0.969232 0.438168
0.969027 0.43541
0.96882 0.432637
0.96861 0.429848
0.968396 0.427044
0.96818 0.424224
0.967961 0.42139
0.967738 0.418541
0.967513 0.415677
0.967284 0.412799
0.967052 0.409907
0.966816 0.407001
0.966577 0.404082
0.966335 0.401149
0.966089 0.398204
0.96584 0.395246
0.965587 0.392276
0.965331 0.389293
0.965071 0.3863
0.964807 0.383294
0.964539 0.380278
0.964267 0.377252
0.963991 0.374215
0.963712 0.371168
0.963428 0.368112
0.96314 0.365048
0.962848 0.361974
0.962552 0.358893
0.962251 0.355804
0.961946 0.352708
0.961637 0.349605
0.961323 0.346497
0.961004 0.343382
0.960681 0.340263
0.960353 0.337138
0.960021 0.33401
0.959683 0.330878
0.959341 0.327743
0.958993 0.324606
0.95864 0.321466
0.958283 0.318325
0.95792 0.315184
0.957552 0.312042
0.957178 0.308901
0.956799 0.305761
0.956415 0.302622
0.956025 0.299485
0.955629 0.296351
0.955227 0.293221
0.95482 0.290095
0.954407 0.286973
0.953988 0.283856
0.953562 0.280746
0.953131 0.277642
0.952694 0.274544
0.95225 0.271455
0.9518 0.268374
0.951343 0.265302
0.95088 0.26224
0.95041 0.259187
0.949934 0.256146
0.949451 0.253116
0.948961 0.250098
0.948464 0.247092
0.94796 0.2441
0.947449 0.241121
0.946931 0.238157
0.946405 0.235207
0.945873 0.232273
0.945333 0.229355
0.944785 0.226453
0.94423 0.223569
0.943667 0.220702
0.943096 0.217853
0.942518 0.215023
0.941932 0.212211
0.941337 0.209419
0.940735 0.206648
0.940125 0.203896
0.939506 0.201165
0.938879 0.198456
0.938244 0.195768
0.9376 0.193102
0.936947 0.190459
0.936286 0.187838
0.935617 0.18524
0.934938 0.182666
0.934251 0.180115
0.933555 0.177589
0.932849 0.175086
0.932135 0.172609
0.931411 0.170155
0.930678 0.167727
0.929936 0.165324
0.929184 0.162947
0.928423 0.160595
0.927653 0.158268
0.926872 0.155968
0.926082 0.153693
0.925282 0.151445
0.924473 0.149222
0.923653 0.147026
0.922823 0.144857
0.921983 0.142713
0.921133 0.140597
0.920273 0.138506
0.919402 0.136442
0.918521 0.134405
0.917629 0.132394
0.916727 0.130409
0.915815 0.128451
0.914891 0.126519
0.913957 0.124613
0.913012 0.122734
0.912056 0.12088
0.911089 0.119053
0.910111 0.117251
0.909122 0.115475
0.908121 0.113725
0.90711 0.112
0.906087 0.1103
0.905052 0.108626
0.904006 0.106976
0.902949 0.105351
0.901879 0.103751
0.900799 0.102176
0.899706 0.100624
0.898601 0.0990968
0.897485 0.0975932
0.896357 0.0961132
0.895216 0.0946566
0.894063 0.0932231
0.892899 0.0918126
0.891722 0.0904247
0.890532 0.0890593
0.88933 0.0877161
0.888116 0.0863949
0.886889 0.0850954
0.88565 0.0838174
0.884397 0.0825606
0.883132 0.0813247
0.881855 0.0801096
0.880564 0.0789149
0.87926 0.0777403
0.877944 0.0765857
0.876614 0.0754508
0.875271 0.0743353
0.873915 0.0732389
0.872545 0.0721614
0.871162 0.0711025
0.869765 0.070062
0.868355 0.0690396
0.866932 0.068035
0.865494 0.067048
0.864043 0.0660782
0.862578 0.0651256
0.8611 0.0641898
0.859607 0.0632705
0.8581 0.0623675
0.856579 0.0614805
0.855044 0.0606093
0.853494 0.0597537
0.85193 0.0589134
0.850352 0.0580881
0.848759 0.0572776
0.847152 0.0564817
0.84553 0.0557002
0.843893 0.0549327
0.842241 0.0541792
0.840575 0.0534392
0.838893 0.0527127
0.837197 0.0519993
0.835485 0.0512989
0.833759 0.0506113
0.832017 0.0499362
0.830259 0.0492734
0.828486 0.0486227
0.826698 0.0479839
0.824894 0.0473568
0.823074 0.0467412
0.821239 0.0461369
0.819388 0.0455436
0.81752 0.0449613
0.815637 0.0443897
0.813738 0.0438285
0.811823 0.0432778
0.809891 0.0427371
0.807943 0.0422065
0.805979 0.0416856
0.803998 0.0411743
0.802 0.0406726
0.799986 0.04018
0.797955 0.0396966
0.795908 0.0392222
0.793843 0.0387565
0.791762 0.0382995
0.789663 0.037851
0.787547 0.0374108
0.785414 0.0369788
0.783264 0.0365548
0.781097 0.0361387
0.778911 0.0357304
0.776709 0.0353296
0.774488 0.0349364
0.77225 0.0345505
0.769995 0.0341718
0.767721 0.0338002
0.765429 0.0334355
0.76312 0.0330777
0.760792 0.0327266
0.758446 0.0323821
0.756082 0.032044
0.753699 0.0317123
0.751298 0.0313869
0.748879 0.0310676
0.746441 0.0307543
0.743984 0.030447
0.741509 0.0301455
0.739015 0.0298497
0.736502 0.0295595
0.733971 0.0292748
0.73142 0.0289956
0.72885 0.0287217
0.726262 0.028453
0.723654 0.0281895
0.721027 0.027931
0.71838 0.0276776
0.715715 0.027429
0.71303 0.0271852
0.710326 0.0269461
0.707602 0.0267117
0.704859 0.0264819
0.702096 0.0262566
0.699314 0.0260356
0.696512 0.0258191
0.69369 0.0256068
0.690849 0.0253987
0.687989 0.0251947
0.685108 0.0249948
0.682208 0.0247989
0.679288 0.024607
0.676349 0.0244189
0.67339 0.0242347
0.670411 0.0240542
0.667412 0.0238774
0.664394 0.0237042
0.661356 0.0235346
0.658298 0.0233686
0.655221 0.023206
0.652124 0.0230469
0.649008 0.0228911
0.645872 0.0227387
0.642716 0.0225895
0.639541 0.0224435
0.636347 0.0223007
0.633133 0.0221611
0.629901 0.0220245
0.626649 0.021891
0.623378 0.0217605
0.620088 0.021633
0.616779 0.0215084
0.613451 0.0213866
0.610105 0.0212677
0.60674 0.0211516
0.603357 0.0210383
0.599956 0.0209276
0.596536 0.0208197
0.593099 0.0207145
0.589644 0.0206118
0.586171 0.0205118
0.582681 0.0204143
0.579173 0.0203194
0.575649 0.0202269
0.572107 0.020137
0.568549 0.0200494
0.564975 0.0199643
0.561385 0.0198816
0.557779 0.0198012
0.554157 0.0197232
0.550519 0.0196474
0.546867 0.019574
0.5432 0.0195028
0.539519 0.0194338
0.535823 0.0193671
0.532113 0.0193025
0.52839 0.0192401
0.524654 0.0191798
0.520905 0.0191217
0.517144 0.0190657
0.51337 0.0190117
0.509585 0.0189599
0.505789 0.01891
0.501982 0.0188622
0.498164 0.0188164
0.494337 0.0187726
0.490499 0.0187308
0.486653 0.0186909
0.482798 0.018653
0.478935 0.018617
0.475064 0.0185829
0.471187 0.0185507
0.467302 0.0185204
0.463411 0.018492
0.459515 0.0184654
0.455613 0.0184407
0.451707 0.0184178
0.447797 0.0183967
0.443884 0.0183775
0.439967 0.01836
0.436049 0.0183443
0.432128 0.0183303
0.428207 0.0183182
0.424285 0.0183078
0.420363 0.0182991
0.416441 0.0182921
0.412521 0.0182869
0.408603 0.0182834
0.404688 0.0182815
0.400775 0.0182814
0.396867 0.018283
0.392962 0.0182862
0.389063 0.0182911
0.38517 0.0182976
0.381283 0.0183058
0.377403 0.0183156
0.373531 0.0183271
0.369667 0.0183402
0.365813 0.0183549
0.361967 0.0183712
0.358132 0.0183891
0.354308 0.0184087
0.350496 0.0184298
0.346696 0.0184525
0.342908 0.0184767
0.339134 0.0185026
0.335374 0.01853
0.331629 0.018559
0.327899 0.0185895
0.324185 0.0186215
0.320488 0.0186551
0.316807 0.0186903
0.313145 0.0187269
0.3095 0.0187651
0.305875 0.0188048
0.302269 0.018846
0.298683 0.0188887
0.295117 0.0189329
0.291573 0.0189787
0.28805 0.0190259
0.284549 0.0190746
0.28107 0.0191247
0.277615 0.0191764
0.274183 0.0192295
0.270775 0.019284
0.267391 0.0193401
0.264032 0.0193976
0.260698 0.0194565
0.25739 0.0195169
0.254108 0.0195787
0.250852 0.0196419
0.247623 0.0197066
0.24442 0.0197727
0.241245 0.0198402
0.238098 0.0199091
0.234979 0.0199795
0.231888 0.0200512
0.228825 0.0201243
0.225791 0.0201989
0.222786 0.0202748
0.219809 0.0203521
0.216863 0.0204308
0.213945 0.0205108
0.211058 0.0205922
0.2082 0.020675
0.205372 0.0207591
0.202574 0.0208446
0.199806 0.0209315
0.197068 0.0210196
0.19436 0.0211092
0.191683 0.0212
0.189036 0.0212922
0.18642 0.0213857
0.183834 0.0214805
0.181278 0.0215766
0.178753 0.0216741
0.176258 0.0217728
0.173793 0.0218728
0.171359 0.0219741
0.168954 0.0220767
0.16658 0.0221806
0.164236 0.0222858
0.161921 0.0223922
0.159637 0.0224999
0.157382 0.0226088
0.155157 0.022719
0.152961 0.0228305
0.150794 0.0229432
0.148656 0.0230571
0.146547 0.0231723
0.144467 0.0232887
0.142416 0.0234063
0.140393 0.0235251
0.138398 0.0236452
0.136431 0.0237664
0.134492 0.0238889
0.13258 0.0240125
0.130695 0.0241374
0.128838 0.0242634
0.127007 0.0243906
0.125203 0.024519
0.123425 0.0246485
0.121674 0.0247793
0.119948 0.0249111
0.118248 0.0250442
0.116573 0.0251783
0.114923 0.0253137
0.113298 0.0254501
0.111697 0.0255877
0.110121 0.0257264
0.108568 0.0258663
0.10704 0.0260073
0.105534 0.0261493
0.104052 0.0262925
0.102593 0.0264368
0.101156 0.0265822
0.0997414 0.0267287
0.098349 0.0268762
0.0969782 0.0270249
0.095629 0.0271746
0.0943009 0.0273254
0.0929937 0.0274773
0.0917071 0.0276302
0.0904408 0.0277842
0.0891946 0.0279392
0.0879682 0.0280953
0.0867612 0.0282525
0.0855735 0.0284107
0.0844048 0.0285699
0.0832547 0.0287301
0.082123 0.0288914
0.0810095 0.0290537
0.0799139 0.029217
0.0788359 0.0293813
0.0777752 0.0295466
0.0767316 0.0297129
0.0757049 0.0298803
0.0746947 0.0300486
0.0737008 0.0302179
0.072723 0.0303882
0.0717611 0.0305595
0.0708147 0.0307317
0.0698836 0.030905
0.0689677 0.0310791
0.0680666 0.0312543
0.0671801 0.0314304
0.0663079 0.0316075
0.06545 0.0317855
0.0646059 0.0319645
0.0637756 0.0321444
0.0629587 0.0323252
0.0621551 0.032507
0.0613645 0.0326898
0.0605867 0.0328734
0.0598216 0.033058
0.0590689 0.0332435
0.0583283 0.0334299
0.0575998 0.0336172
0.056883 0.0338054
0.0561779 0.0339946
0.0554842 0.0341846
0.0548016 0.0343755
0.0541301 0.0345673
0.0534695 0.0347601
0.0528195 0.0349537
0.05218 0.0351482
0.0515507 0.0353435
0.0509317 0.0355398
0.0503225 0.0357369
0.0497231 0.0359349
0.0491334 0.0361338
0.0485531 0.0363335
0.0479821 0.0365341
0.0474202 0.0367355
0.0468673 0.0369378
0.0463232 0.037141
0.0457878 0.037345
0.0452609 0.0375498
0.0447424 0.0377555
0.0442321 0.037962
0.0437299 0.0381694
0.0432357 0.0383776
0.0427493 0.0385866
0.0422705 0.0387965
0.0417993 0.0390072
0.0413355 0.0392187
0.040879 0.039431
0.0404296 0.0396442
0.0399873 0.0398582
0.0395519 0.0400729
0.0391233 0.0402885
0.0387014 0.0405049
0.038286 0.0407221
0.0378771 0.0409401
0.0374745 0.041159
0.0370782 0.0413786
0.036688 0.041599
0.0363038 0.0418202
0.0359255 0.0420422
0.035553 0.042265
0.0351862 0.0424885
0.0348251 0.0427129
0.0344695 0.042938
0.0341193 0.043164
0.0337744 0.0433907
0.0334348 0.0436182
0.0331003 0.0438464
0.0327709 0.0440755
0.0324464 0.0443053
0.0321269 0.0445359
0.0318121 0.0447672
0.0315021 0.0449993
0.0311968 0.0452322
0.030896 0.0454659
0.0305996 0.0457003
0.0303077 0.0459355
0.0300202 0.0461714
0.0297369 0.0464081
0.0294578 0.0466456
0.0291828 0.0468838
0.0289118 0.0471227
0.0286449 0.0473625
0.0283819 0.0476029
0.0281227 0.0478441
0.0278673 0.0480861
0.0276156 0.0483288
0.0273676 0.0485723
0.0271232 0.0488165
0.0268824 0.0490615
0.026645 0.0493072
0.0264111 0.0495537
0.0261805 0.0498009
0.0259532 0.0500488
0.0257292 0.0502975
0.0255084 0.0505469
0.0252907 0.0507971
0.0250762 0.051048
0.0248647 0.0512996
0.0246562 0.051552
0.0244506 0.0518051
0.024248 0.0520589
0.0240482 0.0523135
0.0238512 0.0525689
0.023657 0.0528249
0.0234654 0.0530817
0.0232766 0.0533392
0.0230904 0.0535975
0.0229068 0.0538565
0.0227257 0.0541162
0.0225472 0.0543767
0.0223711 0.0546379
0.0221974 0.0548999
0.0220262 0.0551625
0.0218573 0.0554259
0.0216907 0.0556901
0.0215263 0.0559549
0.0213643 0.0562205
0.0212044 0.0564869
0.0210467 0.0567539
0.0208911 0.0570218
0.0207376 0.0572903
0.0205863 0.0575596
0.0204369 0.0578296
0.0202896 0.0581003
0.0201442 0.0583718
0.0200008 0.058644
0.0198593 0.058917
0.0197197 0.0591907
0.0195819 0.0594651
0.019446 0.0597403
0.0193119 0.0600162
0.0191795 0.0602928
0.0190489 0.0605702
0.01892 0.0608484
0.0187928 0.0611272
0.0186673 0.0614068
0.0185434 0.0616872
0.0184212 0.0619683
0.0183005 0.0622502
0.0181814 0.0625328
0.0180639 0.0628161
0.0179479 0.0631002
0.0178333 0.063385
0.0177203 0.0636706
0.0176087 0.063957
0.0174986 0.0642441
0.0173899 0.0645319
0.0172825 0.0648205
0.0171766 0.0651099
0.017072 0.0654
0.0169687 0.0656909
0.0168668 0.0659826
0.0167661 0.066275
0.0166668 0.0665682
0.0165686 0.0668621
0.0164718 0.0671568
0.0163761 0.0674523
0.0162817 0.0677486
0.0161884 0.0680456
0.0160964 0.0683434
0.0160054 0.068642
0.0159157 0.0689414
0.015827 0.0692415
0.0157394 0.0695424
0.015653 0.0698442
0.0155676 0.0701467
0.0154833 0.07045
0.0154 0.070754
0.0153178 0.0710589
0.0152366 0.0713646
0.0151564 0.0716711
0.0150771 0.0719783
0.0149989 0.0722864
0.0149216 0.0725953
0.0148453 0.072905
0.0147699 0.0732155
0.0146954 0.0735268
0.0146219 0.073839
0.0145492 0.0741519
0.0144775 0.0744657
0.0144066 0.0747803
0.0143366 0.0750957
0.0142674 0.075412
0.0141991 0.0757291
0.0141316 0.076047
0.0140649 0.0763658
0.0139991 0.0766854
0.013934 0.0770058
0.0138697 0.0773271
0.0138063 0.0776493
0.0137435 0.0779723
0.0136816 0.0782962
0.0136204 0.0786209
0.0135599 0.0789465
0.0135001 0.079273
0.0134411 0.0796003
0.0133828 0.0799285
0.0133252 0.0802576
0.0132683 0.0805876
0.0132121 0.0809185
0.0131565 0.0812502
0.0131016 0.0815829
0.0130474 0.0819165
0.0129938 0.0822509
0.0129409 0.0825863
0.0128886 0.0829225
0.012837 0.0832597
0.0127859 0.0835978
0.0127355 0.0839369
0.0126857 0.0842768
0.0126365 0.0846177
0.0125878 0.0849595
0.0125398 0.0853023
0.0124923 0.085646
0.0124454 0.0859907
0.0123991 0.0863363
0.0123533 0.0866829
0.0123081 0.0870304
0.0122634 0.0873789
0.0122192 0.0877284
0.0121756 0.0880789
0.0121325 0.0884303
0.0120899 0.0887828
0.0120479 0.0891362
0.0120063 0.0894906
0.0119653 0.089846
0.0119247 0.0902025
0.0118847 0.0905599
0.0118451 0.0909184
0.011806 0.0912779
0.0117673 0.0916384
0.0117292 0.092
0.0116915 0.0923626
0.0116543 0.0927263
0.0116175 0.093091
0.0115811 0.0934568
0.0115452 0.0938236
0.0115098 0.0941915
0.0114748 0.0945605
0.0114402 0.0949306
0.011406 0.0953018
0.0113723 0.095674
0.0113389 0.0960474
0.011306 0.0964219
0.0112735 0.0967975
0.0112414 0.0971742
0.0112097 0.097552
0.0111784 0.097931
0.0111474 0.0983111
0.0111169 0.0986924
0.0110868 0.0990748
0.011057 0.0994584
0.0110276 0.0998432
0.0109985 0.100229
0.0109699 0.100616
0.0109416 0.101005
0.0109136 0.101394
0.010886 0.101785
0.0108588 0.102177
0.0108319 0.10257
0.0108054 0.102964
0.0107792 0.10336
0.0107533 0.103757
0.0107278 0.104155
0.0107026 0.104554
0.0106778 0.104955
0.0106533 0.105357
0.0106291 0.10576
0.0106052 0.106165
0.0105816 0.106571
0.0105584 0.106978
0.0105354 0.107386
0.0105128 0.107796
0.0104905 0.108207
0.0104685 0.10862
0.0104467 0.109034
0.0104253 0.109449
0.0104042 0.109866
0.0103834 0.110284
0.0103628 0.110703
0.0103426 0.111124
0.0103226 0.111546
0.0103029 0.11197
0.0102835 0.112395
0.0102644 0.112821
0.0102456 0.113249
0.010227 0.113679
0.0102087 0.11411
0.0101907 0.114542
0.0101729 0.114976
0.0101554 0.115411
0.0101382 0.115848
0.0101212 0.116287
0.0101045 0.116727
0.0100881 0.117168
0.0100719 0.117611
0.0100559 0.118056
0.0100402 0.118502
0.0100248 0.11895
0.0100096 0.1194
0.00999463 0.119851
0.00997993 0.120304
0.00996546 0.120758
0.00995124 0.121214
0.00993726 0.121672
0.00992351 0.122131
0.00991 0.122592
0.00989673 0.123055
0.00988369 0.12352
0.00987088 0.123986
0.00985829 0.124454
0.00984594 0.124924
0.00983381 0.125395
0.00982191 0.125869
0.00981023 0.126344
0.00979878 0.126821
0.00978754 0.1273
0.00977653 0.12778
0.00976573 0.128263
0.00975515 0.128747
0.00974479 0.129233
0.00973464 0.129722
0.00972471 0.130212
0.00971498 0.130704
0.00970547 0.131198
0.00969617 0.131694
0.00968707 0.132192
0.00967819 0.132692
0.00966951 0.133194
0.00966103 0.133698
0.00965276 0.134204
0.0096447 0.134712
0.00963683 0.135222
0.00962917 0.135734
0.00962171 0.136248
0.00961445 0.136765
0.00960738 0.137284
0.00960052 0.137805
0.00959385 0.138328
0.00958738 0.138853
0.0095811 0.13938
0.00957502 0.13991
0.00956913 0.140442
0.00956344 0.140976
0.00955793 0.141513
0.00955262 0.142051
0.0095475 0.142593
0.00954257 0.143136
0.00953783 0.143682
0.00953328 0.14423
0.00952891 0.144781
0.00952474 0.145334
0.00952075 0.14589
0.00951694 0.146448
0.00951333 0.147009
0.0095099 0.147572
0.00950665 0.148138
0.00950359 0.148706
0.00950071 0.149277
0.00949802 0.14985
0.00949551 0.150426
0.00949318 0.151005
0.00949103 0.151587
0.00948907 0.152171
0.00948729 0.152758
0.00948569 0.153347
0.00948427 0.15394
0.00948303 0.154535
0.00948197 0.155133
0.00948109 0.155734
0.0094804 0.156338
0.00947988 0.156945
0.00947954 0.157554
0.00947938 0.158167
0.0094794 0.158782
0.0094796 0.159401
0.00947998 0.160023
0.00948054 0.160647
0.00948127 0.161275
0.00948219 0.161906
0.00948328 0.16254
0.00948455 0.163178
0.009486 0.163818
0.00948763 0.164462
0.00948944 0.165109
0.00949143 0.16576
0.00949359 0.166413
0.00949594 0.16707
0.00949846 0.167731
0.00950116 0.168395
0.00950404 0.169062
0.0095071 0.169733
0.00951035 0.170408
0.00951377 0.171086
0.00951737 0.171767
0.00952115 0.172452
0.00952511 0.173141
0.00952925 0.173834
0.00953358 0.17453
0.00953808 0.17523
0.00954277 0.175934
0.00954764 0.176642
0.00955269 0.177354
0.00955792 0.17807
0.00956334 0.178789
0.00956894 0.179513
0.00957473 0.18024
0.0095807 0.180972
0.00958686 0.181708
0.0095932 0.182448
0.00959973 0.183192
0.00960644 0.183941
0.00961335 0.184694
0.00962044 0.185451
0.00962772 0.186213
0.00963519 0.186978
0.00964285 0.187749
0.0096507 0.188524
0.00965875 0.189303
0.00966698 0.190088
0.00967541 0.190876
0.00968403 0.19167
0.00969285 0.192468
0.00970187 0.193271
0.00971108 0.194079
0.00972049 0.194892
0.0097301 0.19571
0.0097399 0.196532
0.00974991 0.19736
0.00976012 0.198193
0.00977054 0.199031
0.00978115 0.199874
0.00979197 0.200723
0.009803 0.201577
0.00981424 0.202436
0.00982568 0.203301
0.00983733 0.204171
0.0098492 0.205047
0.00986127 0.205928
0.00987356 0.206815
0.00988607 0.207708
0.00989879 0.208607
0.00991173 0.209511
0.00992489 0.210422
0.00993827 0.211338
0.00995187 0.21226
0.00996569 0.213189
0.00997975 0.214124
0.00999402 0.215065
0.0100085 0.216012
0.0100233 0.216965
0.0100382 0.217926
0.0100534 0.218892
0.0100689 0.219865
0.0100846 0.220845
0.0101005 0.221832
0.0101166 0.222825
0.010133 0.223826
0.0101497 0.224833
0.0101666 0.225847
0.0101837 0.226869
0.0102011 0.227898
0.0102188 0.228934
0.0102367 0.229977
0.0102548 0.231028
0.0102732 0.232086
0.0102919 0.233152
0.0103109 0.234226
0.0103301 0.235307
0.0103496 0.236396
0.0103694 0.237494
0.0103894 0.238599
0.0104097 0.239713
0.0104303 0.240834
0.0104512 0.241964
0.0104724 0.243103
0.0104938 0.24425
0.0105156 0.245405
0.0105376 0.24657
0.01056 0.247743
0.0105826 0.248925
0.0106056 0.250116
0.0106288 0.251316
0.0106524 0.252526
0.0106763 0.253745
0.0107005 0.254973
0.0107251 0.256211
0.0107499 0.257458
0.0107751 0.258716
0.0108006 0.259983
0.0108265 0.26126
0.0108527 0.262547
0.0108792 0.263845
0.0109061 0.265153
0.0109333 0.266471
0.0109609 0.2678
0.0109889 0.26914
0.0110172 0.270491
0.0110459 0.271852
0.011075 0.273225
0.0111045 0.274609
0.0111343 0.276004
0.0111645 0.277411
0.0111951 0.278829
0.0112262 0.28026
0.0112576 0.281702
0.0112894 0.283156
0.0113217 0.284622
0.0113543 0.286101
0.0113874 0.287592
0.011421 0.289096
0.0114549 0.290612
0.0114893 0.292142
0.0115242 0.293684
0.0115595 0.29524
0.0115953 0.296809
0.0116315 0.298392
0.0116683 0.299988
0.0117055 0.301599
0.0117431 0.303223
0.0117813 0.304861
0.01182 0.306514
0.0118592 0.308181
0.0118989 0.309863
0.0119392 0.31156
0.0119799 0.313271
0.0120212 0.314998
0.0120631 0.31674
0.0121055 0.318498
0.0121485 0.320272
0.012192 0.322061
0.0122361 0.323866
0.0122809 0.325688
0.0123262 0.327526
0.0123721 0.329381
0.0124187 0.331252
0.0124658 0.33314
0.0125136 0.335046
0.0125621 0.336969
0.0126112 0.338909
0.012661 0.340867
0.0127115 0.342843
0.0127626 0.344838
0.0128145 0.34685
0.012867 0.348881
0.0129203 0.350931
0.0129743 0.352999
0.0130291 0.355087
0.0130846 0.357194
0.0131409 0.35932
0.013198 0.361466
0.0132559 0.363632
0.0133146 0.365818
0.0133741 0.368024
0.0134344 0.370251
0.0134956 0.372498
0.0135577 0.374767
0.0136207 0.377056
0.0136845 0.379367
0.0137493 0.381699
0.013815 0.384052
0.0138816 0.386428
0.0139492 0.388825
0.0140178 0.391245
0.0140873 0.393687
0.0141579 0.396152
0.0142295 0.398639
0.0143022 0.40115
0.0143759 0.403684
0.0144507 0.40624
0.0145266 0.408821
0.0146037 0.411425
0.0146818 0.414053
0.0147612 0.416705
0.0148417 0.419381
0.0149235 0.422081
0.0150065 0.424806
0.0150907 0.427555
0.0151762 0.43033
0.015263 0.433129
0.0153511 0.435953
0.0154406 0.438802
0.0155314 0.441676
0.0156237 0.444576
0.0157173 0.447501
0.0158125 0.450452
0.015909 0.453428
0.0160071 0.45643
0.0161068 0.459458
0.016208 0.462512
0.0163107 0.465591
0.0164151 0.468696
0.0165212 0.471828
0.0166289 0.474985
0.0167384 0.478168
0.0168495 0.481377
0.0169625 0.484612
0.0170773 0.487873
0.0171939 0.491159
0.0173124 0.494472
0.0174328 0.49781
0.0175552 0.501173
0.0176796 0.504562
0.0178059 0.507976
0.0179344 0.511416
0.018065 0.51488
0.0181977 0.518369
0.0183325 0.521883
0.0184697 0.525421
0.018609 0.528984
0.0187507 0.53257
0.0188948 0.53618
0.0190412 0.539813
0.0191901 0.543469
0.0193415 0.547147
0.0194954 0.550848
0.0196519 0.554571
0.019811 0.558315
0.0199728 0.562081
0.0201373 0.565866
0.0203046 0.569672
0.0204748 0.573497
0.0206478 0.577341
0.0208237 0.581204
0.0210027 0.585085
0.0211847 0.588982
0.0213698 0.592897
0.021558 0.596827
0.0217495 0.600773
0.0219442 0.604733
0.0221423 0.608707
0.0223437 0.612694
0.0225486 0.616693
0.022757 0.620703
0.022969 0.624724
0.0231846 0.628755
0.0234039 0.632795
0.023627 0.636843
0.0238539 0.640898
0.0240846 0.644959
0.0243194 0.649025
0.0245581 0.653095
0.024801 0.657169
0.025048 0.661244
0.0252992 0.665321
0.0255547 0.669398
0.0258146 0.673474
0.0260789 0.677548
0.0263477 0.681618
0.0266211 0.685685
0.0268991 0.689746
0.0271819 0.6938
0.0274694 0.697847
0.0277618 0.701886
0.0280592 0.705914
0.0283615 0.709932
0.028669 0.713937
0.0289816 0.71793
0.0292994 0.721908
0.0296225 0.72587
0.0299511 0.729816
0.0302851 0.733745
0.0306246 0.737654
0.0309697 0.741544
0.0313205 0.745413
0.0316771 0.74926
0.0320396 0.753084
0.0324079 0.756884
0.0327822 0.76066
0.0331626 0.764409
0.0335492 0.768131
0.0339419 0.771826
0.034341 0.775491
0.0347464 0.779128
0.0351582 0.782733
0.0355766 0.786308
0.0360016 0.78985
0.0364333 0.79336
0.0368717 0.796835
0.0373169 0.800277
0.037769 0.803684
0.0382281 0.807055
0.0386942 0.81039
0.0391674 0.813688
0.0396478 0.816949
0.0401355 0.820172
0.0406304 0.823357
0.0411328 0.826503
0.0416427 0.829611
0.0421601 0.832678
0.0426851 0.835707
0.0432178 0.838695
0.0437582 0.841643
0.0443064 0.84455
0.0448625 0.847417
0.0454266 0.850243
0.0459987 0.853028
0.0465789 0.855772
0.0471672 0.858475
0.0477637 0.861137
0.0483685 0.863758
0.0489816 0.866338
0.0496031 0.868877
0.0502331 0.871375
0.0508716 0.873832
0.0515187 0.876249
0.0521745 0.878626
0.0528389 0.880962
0.0535122 0.883258
0.0541942 0.885515
0.0548851 0.887732
0.055585 0.88991
0.0562939 0.892049
0.0570118 0.894149
0.0577388 0.896211
0.0584751 0.898236
0.0592205 0.900223
0.0599752 0.902172
0.0607392 0.904086
0.0615127 0.905962
0.0622955 0.907803
0.0630879 0.909609
0.0638898 0.911379
0.0647013 0.913115
0.0655224 0.914817
0.0663533 0.916485
0.0671939 0.91812
0.0680443 0.919722
0.0689046 0.921292
0.0697748 0.92283
0.0706549 0.924337
0.071545 0.925813
0.0724452 0.927259
0.0733555 0.928675
0.074276 0.930062
0.0752066 0.93142
0.0761475 0.932749
0.0770987 0.934051
0.0780603 0.935326
0.0790322 0.936573
0.0800146 0.937794
0.0810075 0.93899
0.082011 0.94016
0.083025 0.941305
0.0840496 0.942425
0.085085 0.943522
0.0861311 0.944595
0.0871879 0.945645
0.0882556 0.946672
0.0893342 0.947677
0.0904237 0.94866
0.0915241 0.949622
0.0926356 0.950564
0.0937582 0.951484
0.0948919 0.952385
0.0960367 0.953266
0.0971928 0.954128
0.0983601 0.954971
0.0995388 0.955796
0.100729 0.956603
0.10193 0.957392
0.103143 0.958164
0.104368 0.958919
0.105604 0.959657
0.106851 0.96038
0.10811 0.961086
0.109381 0.961777
0.110664 0.962453
0.111959 0.963115
0.113265 0.963761
0.114584 0.964394
0.115914 0.965013
0.117256 0.965618
0.118611 0.96621
0.119977 0.966789
0.121356 0.967356
0.122747 0.96791
0.124151 0.968452
0.125567 0.968982
0.126995 0.969501
0.128435 0.970009
0.129889 0.970505
0.131354 0.970991
0.132833 0.971466
0.134324 0.971931
0.135828 0.972386
0.137345 0.972831
0.138874 0.973267
0.140417 0.973693
0.141972 0.97411
0.143541 0.974518
0.145123 0.974917
0.146718 0.975308
0.148326 0.97569
0.149948 0.976065
0.151583 0.976431
0.153231 0.976789
0.154893 0.97714
0.156568 0.977484
0.158258 0.97782
0.15996 0.978149
0.161677 0.978471
0.163408 0.978786
0.165152 0.979094
0.16691 0.979396
0.168683 0.979692
0.17047 0.979982
0.17227 0.980265
0.174085 0.980543
0.175915 0.980814
0.177759 0.98108
0.179617 0.981341
0.18149 0.981596
0.183377 0.981846
0.185279 0.982091
0.187196 0.98233
0.189128 0.982565
0.191075 0.982795
0.193036 0.98302
0.195013 0.98324
0.197005 0.983456
0.199012 0.983667
0.201035 0.983874
0.203072 0.984077
0.205126 0.984276
0.207194 0.984471
0.209279 0.984661
0.211379 0.984848
0.213494 0.985031
0.215626 0.985211
0.217773 0.985386
0.219937 0.985558
0.222116 0.985727
0.224312 0.985892
0.226523 0.986054
0.228751 0.986213
0.230996 0.986368
0.233257 0.98652
0.235534 0.986669
0.237828 0.986816
0.240138 0.986959
0.242465 0.987099
0.244809 0.987237
0.24717 0.987371
0.249548 0.987503
0.251943 0.987633
0.254354 0.98776
0.256783 0.987884
0.259229 0.988006
0.261693 0.988125
0.264174 0.988242
0.266672 0.988356
0.269187 0.988468
0.27172 0.988578
0.274271 0.988686
0.276839 0.988792
0.279425 0.988895
0.282028 0.988996
0.28465 0.989095
0.287289 0.989193
0.289946 0.989288
0.292621 0.989381
0.295314 0.989473
0.298025 0.989562
0.300753 0.98965
0.303501 0.989736
0.306266 0.98982
0.309049 0.989902
0.31185 0.989983
0.31467 0.990062
0.317508 0.990139
0.320364 0.990215
0.323238 0.990289
0.326131 0.990362
0.329042 0.990433
0.331971 0.990502
0.334918 0.99057
0.337883 0.990637
0.340867 0.990702
0.343869 0.990766
0.346889 0.990828
0.349928 0.990889
0.352984 0.990949
0.356059 0.991007
0.359152 0.991064
0.362263 0.99112
0.365391 0.991174
0.368538 0.991228
0.371703 0.99128
0.374885 0.99133
0.378085 0.99138
0.381303 0.991428
0.384538 0.991476
0.387791 0.991522
0.391061 0.991567
0.394348 0.991611
0.397653 0.991654
0.400974 0.991695
0.404312 0.991736
0.407668 0.991776
0.411039 0.991814
0.414428 0.991852
0.417832 0.991888
0.421253 0.991924
0.424689 0.991959
0.428141 0.991992
0.431609 0.992025
0.435093 0.992057
0.438591 0.992088
0.442104 0.992117
0.445632 0.992146
0.449175 0.992174
0.452731 0.992202
0.456302 0.992228
0.459886 0.992253
0.463484 0.992278
0.467095 0.992302
0.470718 0.992324
0.474355 0.992346
0.478003 0.992368
0.481663 0.992388
0.485335 0.992407
0.489018 0.992426
0.492712 0.992444
0.496416 0.992461
0.50013 0.992478
0.503854 0.992493
0.507588 0.992508
0.51133 0.992522
0.51508 0.992535
0.518839 0.992548
0.522606 0.99256
0.526379 0.992571
0.530159 0.992581
0.533946 0.99259
0.537738 0.992599
0.541536 0.992607
0.545339 0.992615
0.549145 0.992621
0.552956 0.992627
0.55677 0.992633
0.560587 0.992637
0.564406 0.992641
0.568226 0.992644
0.572048 0.992647
0.575871 0.992649
0.579694 0.99265
0.583516 0.99265
0.587337 0.99265
0.591156 0.992649
0.594973 0.992648
0.598788 0.992646
0.602599 0.992643
0.606406 0.992639
0.610209 0.992635
0.614006 0.99263
0.617798 0.992625
0.621584 0.992619
0.625362 0.992612
0.629133 0.992605
0.632896 0.992597
0.63665 0.992588
0.640395 0.992579
0.64413 0.992569
0.647854 0.992558
0.651567 0.992547
0.655269 0.992536
0.658958 0.992523
0.662634 0.99251
0.666297 0.992497
0.669946 0.992482
0.67358 0.992468
0.677199 0.992452
0.680803 0.992436
0.68439 0.99242
0.68796 0.992402
0.691513 0.992384
0.695048 0.992366
0.698565 0.992347
0.702062 0.992327
0.70554 0.992307
0.708999 0.992286
0.712437 0.992265
0.715854 0.992243
0.71925 0.992221
0.722624 0.992197
0.725976 0.992174
0.729305 0.992149
0.732611 0.992124
0.735894 0.992099
0.739153 0.992073
0.742387 0.992046
0.745597 0.992019
0.748783 0.991992
0.751943 0.991963
0.755077 0.991934
0.758186 0.991905
0.761268 0.991875
0.764325 0.991844
0.767354 0.991813
0.770357 0.991782
0.773332 0.99175
0.77628 0.991717
0.7792 0.991683
0.782093 0.99165
0.784958 0.991615
0.787794 0.99158
0.790603 0.991545
0.793383 0.991509
0.796134 0.991472
0.798857 0.991435
0.801551 0.991398
0.804217 0.991359
0.806854 0.991321
0.809461 0.991282
0.81204 0.991242
0.81459 0.991202
0.817111 0.991161
0.819603 0.991119
0.822067 0.991078
0.824501 0.991035
0.826906 0.990993
0.829283 0.990949
0.831631 0.990905
0.83395 0.990861
0.836241 0.990816
0.838503 0.990771
0.840737 0.990725
0.842942 0.990679
0.845119 0.990632
0.847268 0.990584
0.84939 0.990537
0.851483 0.990488
0.853549 0.99044
0.855588 0.99039
0.857599 0.990341
0.859583 0.99029
0.86154 0.99024
0.863471 0.990189
0.865375 0.990137
0.867252 0.990085
0.869104 0.990032
0.87093 0.989979
0.87273 0.989926
0.874504 0.989872
0.876253 0.989817
0.877978 0.989763
0.879677 0.989707
0.881352 0.989652
0.883003 0.989595
0.884629 0.989539
0.886232 0.989482
0.887811 0.989424
0.889367 0.989366
0.8909 0.989308
0.89241 0.989249
0.893898 0.98919
0.895363 0.98913
0.896806 0.98907
0.898228 0.98901
0.899628 0.988949
0.901007 0.988888
0.902365 0.988826
0.903702 0.988764
0.905018 0.988701
0.906315 0.988638
0.907591 0.988575
0.908848 0.988511
0.910085 0.988447
0.911304 0.988383
0.912503 0.988318
0.913684 0.988253
0.914846 0.988187
0.915991 0.988121
0.917117 0.988055
0.918226 0.987988
0.919317 0.987921
0.920391 0.987853
0.921449 0.987785
0.92249 0.987717
0.923514 0.987648
0.924522 0.987579
0.925515 0.98751
0.926491 0.98744
0.927453 0.98737
0.928399 0.9873
0.92933 0.987229
0.930246 0.987158
0.931148 0.987087
0.932036 0.987015
0.932909 0.986943
0.933769 0.986871
0.934615 0.986798
0.935448 0.986725
0.936267 0.986652
0.937074 0.986578
0.937867 0.986504
0.938648 0.98643
0.939417 0.986355
0.940174 0.98628
0.940918 0.986205
0.941651 0.986129
0.942372 0.986053
0.943082 0.985977
0.943781 0.985901
0.944468 0.985824
0.945145 0.985747
0.945811 0.985669
0.946466 0.985592
0.947112 0.985514
0.947747 0.985436
0.948372 0.985357
0.948987 0.985278
0.949592 0.985199
0.950188 0.98512
0.950775 0.98504
0.951353 0.984961
0.951921 0.98488
0.952481 0.9848
0.953031 0.984719
0.953574 0.984639
0.954108 0.984557
0.954633 0.984476
0.95515 0.984394
0.95566 0.984312
0.956161 0.98423
0.956655 0.984148
0.957141 0.984065
0.95762 0.983982
0.958091 0.983899
0.958555 0.983816
0.959012 0.983732
0.959462 0.983649
0.959905 0.983565
0.960341 0.98348
0.96077 0.983396
0.961193 0.983311
0.96161 0.983226
0.96202 0.983141
0.962424 0.983056
0.962822 0.98297
0.963214 0.982884
0.9636 0.982798
0.963981 0.982712
0.964355 0.982626
0.964724 0.982539
0.965087 0.982453
0.965445 0.982366
0.965798 0.982278
0.966146 0.982191
0.966488 0.982104
0.966825 0.982016
0.967157 0.981928
0.967485 0.98184
0.967807 0.981752
0.968125 0.981663
0.968438 0.981575
0.968746 0.981486
0.96905 0.981397
0.96935 0.981308
0.969645 0.981218
0.969936 0.981129
0.970223 0.981039
0.970506 0.98095
0.970784 0.98086
0.971059 0.980769
0.971329 0.980679
0.971596 0.980589
0.971859 0.980498
0.972118 0.980407
0.972374 0.980317
0.972626 0.980226
0.972874 0.980134
0.973119 0.980043
0.97336 0.979952
0.973598 0.97986
0.973833 0.979768
0.974064 0.979677
0.974292 0.979585
0.974517 0.979493
0.974739 0.9794
0.974958 0.979308
0.975174 0.979216
0.975386 0.979123
0.975596 0.97903
0.975803 0.978937
0.976007 0.978844
0.976209 0.978751
0.976407 0.978658
0.976603 0.978565
0.976796 0.978472
0.976987 0.978378
0.977175 0.978284
0.977361 0.978191
0.977544 0.978097
0.977724 0.978003
0.977902 0.977909
0.978078 0.977815
0.978252 0.977721
0.978423 0.977626
0.978592 0.977532
0.978758 0.977437
0.978923 0.977343
0.979085 0.977248
0.979245 0.977153
0.979403 0.977059
0.979559 0.976964
0.979713 0.976869
0.979865 0.976774
0.980015 0.976678
0.980163 0.976583
0.980309 0.976488
0.980454 0.976392
0.980596 0.976297
0.980737 0.976201
0.980875 0.976106
0.981013 0.97601
0.981148 0.975915
0.981281 0.975819
0.981413 0.975723
0.981544 0.975627
0.981672 0.975531
0.981799 0.975435
0.981925 0.975339
0.982048 0.975243
0.982171 0.975147
0.982291 0.97505
0.982411 0.974954
0.982528 0.974858
0.982645 0.974761
0.98276 0.974665
0.982873 0.974568
0.982985 0.974472
0.983096 0.974375
0.983205 0.974279
0.983314 0.974182
0.98342 0.974085
0.983526 0.973988
0.98363 0.973892
0.983733 0.973795
0.983835 0.973698
0.983935 0.973601
0.984034 0.973504
0.984132 0.973407
0.984229 0.97331
0.984325 0.973213
0.98442 0.973116
0.984513 0.973019
0.984606 0.972922
0.984697 0.972825
0.984787 0.972728
0.984876 0.972631
0.984964 0.972534
0.985052 0.972437
0.985138 0.972339
0.985223 0.972242
0.985307 0.972145
0.98539 0.972048
0.985472 0.971951
0.985554 0.971853
0.985634 0.971756
0.985713 0.971659
0.985792 0.971562
0.985869 0.971464
0.985946 0.971367
0.986022 0.97127
0.986097 0.971172
0.986171 0.971075
0.986244 0.970978
0.986317 0.97088
0.986388 0.970783
0.986459 0.970686
0.986529 0.970589
0.986599 0.970491
0.986667 0.970394
0.986735 0.970297
0.986802 0.970199
0.986868 0.970102
0.986934 0.970005
0.986999 0.969908
0.987063 0.96981
0.987126 0.969713
0.987189 0.969616
0.987251 0.969519
0.987312 0.969422
0.987373 0.969324
0.987433 0.969227
0.987492 0.96913
0.987551 0.969033
0.987609 0.968936
0.987667 0.968839
0.987723 0.968742
0.98778 0.968645
0.987835 0.968548
0.98789 0.968451
0.987945 0.968354
0.987999 0.968257
0.988052 0.96816
0.988105 0.968063
0.988157 0.967966
0.988209 0.967869
0.98826 0.967772
0.98831 0.967675
0.98836 0.967579
0.98841 0.967482
0.988459 0.967385
0.988507 0.967289
0.988555 0.967192
0.988603 0.967095
0.98865 0.966999
0.988696 0.966902
0.988742 0.966806
0.988788 0.966709
0.988833 0.966613
0.988878 0.966516
0.988922 0.96642
0.988966 0.966324
0.989009 0.966228
0.989052 0.966131
0.989094 0.966035
0.989136 0.965939
0.989178 0.965843
0.989219 0.965747
0.989259 0.965651
0.9893 0.965555
0.98934 0.965459
0.989379 0.965363
0.989418 0.965267
0.989457 0.965171
0.989495 0.965076
0.989533 0.96498
0.989571 0.964884
0.989608 0.964789
0.989645 0.964693
0.989681 0.964598
0.989717 0.964502
0.989753 0.964407
0.989788 0.964311
0.989823 0.964216
0.989858 0.964121
0.989892 0.964026
0.989926 0.963931
0.98996 0.963835
0.989993 0.96374
0.990026 0.963646
0.990059 0.963551
0.990091 0.963456
0.990124 0.963361
0.990155 0.963266
0.990187 0.963172
0.990218 0.963077
0.990249 0.962982
0.990279 0.962888
0.990309 0.962793
0.990339 0.962699
0.990369 0.962605
0.990398 0.96251
0.990428 0.962416
0.990456 0.962322
0.990485 0.962228
0.990513 0.962134
0.990541 0.96204
0.990569 0.961946
0.990596 0.961852
0.990624 0.961759
0.990651 0.961665
0.990677 0.961571
0.990704 0.961478
0.99073 0.961384
0.990756 0.961291
0.990782 0.961197
0.990807 0.961104
0.990832 0.961011
0.990857 0.960918
0.990882 0.960825
0.990907 0.960732
0.990931 0.960639
0.990955 0.960546
0.990979 0.960453
0.991002 0.96036
0.991026 0.960268
0.991049 0.960175
0.991072 0.960082
0.991095 0.95999
0.991117 0.959898
0.99114 0.959805
0.991162 0.959713
0.991184 0.959621
0.991205 0.959529
0.991227 0.959437
0.991248 0.959345
0.991269 0.959253
0.99129 0.959161
0.991311 0.959069
0.991331 0.958978
0.991352 0.958886
0.991372 0.958795
0.991392 0.958703
0.991412 0.958612
0.991431 0.958521
0.991451 0.95843
0.99147 0.958338
0.991489 0.958247
0.991508 0.958156
0.991527 0.958066
0.991545 0.957975
0.991564 0.957884
0.991582 0.957793
0.9916 0.957703
0.991618 0.957612
0.991636 0.957522
0.991653 0.957432
0.991671 0.957341
0.991688 0.957251
0.991705 0.957161
0.991722 0.957071
0.991739 0.956981
0.991755 0.956891
0.991772 0.956801
0.991788 0.956712
0.991804 0.956622
0.991821 0.956533
0.991836 0.956443
0.991852 0.956354
0.991868 0.956264
0.991883 0.956175
0.991899 0.956086
0.991914 0.955997
0.991929 0.955908
0.991944 0.955819
0.991959 0.95573
0.991973 0.955642
0.991988 0.955553
0.992002 0.955465
0.992017 0.955376
0.992031 0.955288
0.992045 0.955199
0.992059 0.955111
0.992072 0.955023
0.992086 0.954935
0.9921 0.954847
0.992113 0.954759
0.992126 0.954671
0.992139 0.954584
0.992152 0.954496
0.992165 0.954409
0.992178 0.954321
0.992191 0.954234
0.992203 0.954146
0.992216 0.954059
0.992228 0.953972
0.99224 0.953885
0.992253 0.953798
0.992265 0.953711
0.992277 0.953625
0.992288 0.953538
0.9923 0.953451
0.992312 0.953365
0.992323 0.953278
0.992335 0.953192
0.992346 0.953106
0.992357 0.95302
0.992368 0.952933
0.992379 0.952847
0.99239 0.952762
0.992401 0.952676
0.992412 0.95259
0.992422 0.952504
0.992433 0.952419
0.992443 0.952333
0.992453 0.952248
0.992464 0.952163
0.992474 0.952077
0.992484 0.951992
0.992494 0.951907
0.992504 0.951822
0.992513 0.951737
0.992523 0.951653
0.992533 0.951568
0.992542 0.951483
0.992552 0.951399
0.992561 0.951314
0.99257 0.95123
0.992579 0.951146
0.992589 0.951062
0.992598 0.950978
0.992607 0.950894
0.992615 0.95081
0.992624 0.950726
0.992633 0.950642
0.992641 0.950558
0.99265 0.950475
0.992658 0.950391
0.992667 0.950308
0.992675 0.950225
0.992683 0.950142
0.992692 0.950058
0.9927 0.949975
0.992708 0.949893
0.992716 0.94981
0.992723 0.949727
0.992731 0.949644
0.992739 0.949562
0.992747 0.949479
0.992754 0.949397
0.992762 0.949314
0.992769 0.949232
0.992776 0.94915
0.992784 0.949068
0.992791 0.948986
0.992798 0.948904
0.992805 0.948822
0.992812 0.948741
0.992819 0.948659
0.992826 0.948577
0.992833 0.948496
0.99284 0.948415
0.992847 0.948333
0.992853 0.948252
0.99286 0.948171
0.992866 0.94809
0.992873 0.948009
0.992879 0.947928
0.992886 0.947848
0.992892 0.947767
0.992898 0.947686
0.992904 0.947606
0.99291 0.947525
0.992916 0.947445
0.992922 0.947365
0.992928 0.947285
0.992934 0.947205
0.99294 0.947125
0.992946 0.947045
0.992952 0.946965
0.992957 0.946886
0.992963 0.946806
0.992968 0.946726
0.992974 0.946647
0.992979 0.946568
0.992985 0.946488
0.99299 0.946409
0.992995 0.94633
0.993001 0.946251
0.993006 0.946172
0.993011 0.946093
0.993016 0.946015
0.993021 0.945936
0.993026 0.945857
0.993031 0.945779
0.993036 0.945701
0.993041 0.945622
0.993046 0.945544
0.99305 0.945466
0.993055 0.945388
0.99306 0.94531
0.993064 0.945232
0.993069 0.945154
0.993073 0.945077
0.993078 0.944999
0.993082 0.944921
0.993087 0.944844
0.993091 0.944767
0.993095 0.944689
0.993099 0.944612
0.993104 0.944535
0.993108 0.944458
0.993112 0.944381
0.993116 0.944304
0.99312 0.944227
0.993124 0.944151
0.993128 0.944074
0.993132 0.943998
0.993136 0.943921
0.99314 0.943845
0.993143 0.943769
0.993147 0.943693
0.993151 0.943616
0.993155 0.94354
0.993158 0.943465
0.993162 0.943389
0.993165 0.943313
0.993169 0.943237
0.993172 0.943162
0.993176 0.943086
0.993179 0.943011
0.993183 0.942936
0.993186 0.94286
0.993189 0.942785
0.993192 0.94271
0.993196 0.942635
0.993199 0.94256
0.993202 0.942485
0.993205 0.942411
0.993208 0.942336
0.993211 0.942261
0.993214 0.942187
0.993217 0.942113
0.99322 0.942038
0.993223 0.941964
0.993226 0.94189
0.993229 0.941816
0.993232 0.941742
0.993234 0.941668
0.993237 0.941594
0.99324 0.94152
0.993243 0.941447
0.993245 0.941373
0.993248 0.9413
0.99325 0.941226
0.993253 0.941153
0.993256 0.94108
0.993258 0.941006
0.99326 0.940933
0.993263 0.94086
0.993265 0.940787
0.993268 0.940715
0.99327 0.940642
0.993272 0.940569
0.993275 0.940497
0.993277 0.940424
0.993279 0.940352
0.993281 0.940279
0.993284 0.940207
0.993286 0.940135
0.993288 0.940063
0.99329 0.939991
0.993292 0.939919
0.993294 0.939847
0.993296 0.939775
0.993298 0.939703
0.9933 0.939632
0.993302 0.93956
0.993304 0.939489
0.993306 0.939417
0.993307 0.939346
0.993309 0.939275
0.993311 0.939204
0.993313 0.939133
0.993315 0.939062
0.993316 0.938991
0.993318 0.93892
0.99332 0.938849
0.993321 0.938778
0.993323 0.938708
0.993325 0.938637
0.993326 0.938567
0.993328 0.938496
0.993329 0.938426
0.993331 0.938356
0.993332 0.938286
0.993334 0.938216
0.993335 0.938146
0.993336 0.938076
0.993338 0.938006
0.993339 0.937936
0.993341 0.937867
0.993342 0.937797
0.993343 0.937727
0.993344 0.937658
0.993346 0.937589
0.993347 0.937519
0.993348 0.93745
0.993349 0.937381
0.99335 0.937312
0.993352 0.937243
0.993353 0.937174
0.993354 0.937105
0.993355 0.937036
0.993356 0.936968
0.993357 0.936899
0.993358 0.936831
0.993359 0.936762
0.99336 0.936694
0.993361 0.936625
0.993362 0.936557
0.993363 0.936489
0.993364 0.936421
0.993365 0.936353
0.993366 0.936285
0.993366 0.936217
0.993367 0.936149
0.993368 0.936082
0.993369 0.936014
0.99337 0.935947
0.99337 0.935879
0.993371 0.935812
0.993372 0.935744
0.993373 0.935677
0.993373 0.93561
0.993374 0.935543
0.993375 0.935476
0.993375 0.935409
0.993376 0.935342
0.993376 0.935275
0.993377 0.935208
0.993378 0.935142
0.993378 0.935075
0.993379 0.935008
0.993379 0.934942
0.99338 0.934876
0.99338 0.934809
0.993381 0.934743
0.993381 0.934677
0.993381 0.934611
0.993382 0.934545
0.993382 0.934479
0.993383 0.934413
0.993383 0.934347
0.993383 0.934281
0.993384 0.934216
0.993384 0.93415
0.993384 0.934084
0.993385 0.934019
0.993385 0.933953
0.993385 0.933888
0.993385 0.933823
0.993386 0.933758
0.993386 0.933693
0.993386 0.933628
0.993386 0.933563
0.993386 0.933498
0.993387 0.933433
0.993387 0.933368
0.993387 0.933303
0.993387 0.933239
0.993387 0.933174
0.993387 0.93311
0.993387 0.933045
0.993387 0.932981
0.993387 0.932917
0.993387 0.932852
0.993387 0.932788
0.993387 0.932724
0.993387 0.93266
0.993387 0.932596
0.993387 0.932532
0.993387 0.932468
0.993387 0.932405
0.993387 0.932341
0.993387 0.932277
0.993387 0.932214
0.993387 0.93215
0.993387 0.932087
0.993387 0.932024
0.993386 0.93196
0.993386 0.931897
0.993386 0.931834
0.993386 0.931771
0.993386 0.931708
0.993386 0.931645
0.993385 0.931582
0.993385 0.931519
0.993385 0.931457
0.993385 0.931394
0.993384 0.931331
0.993384 0.931269
0.993384 0.931206
0.993384 0.931144
0.993383 0.931081
0.993383 0.931019
0.993383 0.930957
0.993382 0.930895
0.993382 0.930833
0.993382 0.930771
0.993381 0.930709
0.993381 0.930647
0.99338 0.930585
0.99338 0.930523
0.99338 0.930461
0.993379 0.9304
0.993379 0.930338
0.993378 0.930277
0.993378 0.930215
0.993377 0.930154
0.993377 0.930092
0.993376 0.930031
0.993376 0.92997
0.993375 0.929909
0.993375 0.929848
0.993374 0.929787
0.993374 0.929726
0.993373 0.929665
0.993373 0.929604
0.993372 0.929543
0.993372 0.929483
0.993371 0.929422
0.993371 0.929361
0.99337 0.929301
0.993369 0.92924
0.993369 0.92918
0.993368 0.92912
0.993367 0.929059
0.993367 0.928999
0.993366 0.928939
0.993366 0.928879
0.993365 0.928819
0.993364 0.928759
0.993363 0.928699
0.993363 0.928639
0.993362 0.928579
0.993361 0.92852
0.993361 0.92846
0.99336 0.9284
0.993359 0.928341
0.993358 0.928281
0.993358 0.928222
0.993357 0.928162
0.993356 0.928103
0.993355 0.928044
0.993355 0.927985
0.993354 0.927925
0.993353 0.927866
0.993352 0.927807
0.993351 0.927748
0.993351 0.92769
0.99335 0.927631
0.993349 0.927572
0.993348 0.927513
0.993347 0.927454
0.993346 0.927396
0.993346 0.927337
0.993345 0.927279
0.993344 0.92722
0.993343 0.927162
0.993342 0.927104
0.993341 0.927045
0.99334 0.926987
0.993339 0.926929
0.993338 0.926871
0.993338 0.926813
0.993337 0.926755
0.993336 0.926697
0.993335 0.926639
0.993334 0.926581
0.993333 0.926523
0.993332 0.926466
0.993331 0.926408
0.99333 0.926351
0.993329 0.926293
0.993328 0.926235
0.993327 0.926178
0.993326 0.926121
0.993325 0.926063
0.993324 0.926006
0.993323 0.925949
0.993322 0.925892
0.993321 0.925835
0.99332 0.925778
0.993319 0.925721
0.993318 0.925664
0.993317 0.925607
0.993316 0.92555
0.993315 0.925493
0.993313 0.925436
0.993312 0.92538
0.993311 0.925323
0.99331 0.925267
0.993309 0.92521
0.993308 0.925154
0.993307 0.925097
0.993306 0.925041
0.993305 0.924985
0.993304 0.924928
0.993302 0.924872
0.993301 0.924816
0.9933 0.92476
0.993299 0.924704
0.993298 0.924648
0.993297 0.924592
0.993296 0.924536
0.993294 0.92448
0.993293 0.924425
0.993292 0.924369
0.993291 0.924313
0.99329 0.924258
0.993288 0.924202
0.993287 0.924147
0.993286 0.924091
0.993285 0.924036
0.993284 0.92398
0.993282 0.923925
0.993281 0.92387
0.99328 0.923815
0.993279 0.92376
0.993278 0.923704
0.993276 0.923649
0.993275 0.923594
0.993274 0.923539
0.993273 0.923485
0.993271 0.92343
0.99327 0.923375
0.993269 0.92332
0.993268 0.923265
0.993266 0.923211
0.993265 0.923156
0.993264 0.923102
0.993262 0.923047
0.993261 0.922993
0.99326 0.922938
0.993259 0.922884
0.993257 0.92283
0.993256 0.922775
0.993255 0.922721
0.993253 0.922667
0.993252 0.922613
0.993251 0.922559
0.993249 0.922505
0.993248 0.922451
0.993247 0.922397
0.993245 0.922343
0.993244 0.922289
0.993243 0.922235
0.993241 0.922182
0.99324 0.922128
0.993239 0.922074
0.993237 0.922021
0.993236 0.921967
0.993235 0.921914
0.993233 0.92186
0.993232 0.921807
0.99323 0.921754
0.993229 0.9217
0.993228 0.921647
0.993226 0.921594
0.993225 0.921541
0.993223 0.921488
0.993222 0.921435
0.993221 0.921382
0.993219 0.921329
0.993218 0.921276
0.993216 0.921223
0.993215 0.92117
0.993214 0.921117
0.993212 0.921064
0.993211 0.921012
0.993209 0.920959
0.993208 0.920906
0.993207 0.920854
0.993205 0.920801
0.993204 0.920749
0.993202 0.920696
0.993201 0.920644
0.993199 0.920592
0.993198 0.920539
0.993196 0.920487
0.993195 0.920435
0.993193 0.920383
0.993192 0.920331
0.993191 0.920278
0.993189 0.920226
0.993188 0.920174
0.993186 0.920123
0.993185 0.920071
0.993183 0.920019
0.993182 0.919967
0.99318 0.919915
0.993179 0.919863
0.993177 0.919812
0.993176 0.91976
0.993174 0.919708
0.993173 0.919657
0.993171 0.919605
0.99317 0.919554
0.993168 0.919503
0.993167 0.919451
0.993165 0.9194
0.993164 0.919348
0.993162 0.919297
0.993161 0.919246
0.993159 0.919195
0.993158 0.919144
0.993156 0.919093
0.993155 0.919042
0.993153 0.918991
0.993152 0.91894
0.99315 0.918889
0.993148 0.918838
0.993147 0.918787
0.993145 0.918736
0.993144 0.918685
0.993142 0.918635
0.993141 0.918584
0.993139 0.918533
0.993138 0.918483
0.993136 0.918432
0.993135 0.918382
0.993133 0.918331
0.993131 0.918281
0.99313 0.91823
0.993128 0.91818
0.993127 0.91813
0.993125 0.918079
0.993124 0.918029
0.993122 0.917979
0.99312 0.917929
0.993119 0.917879
0.993117 0.917829
0.993116 0.917778
0.993114 0.917728
0.993113 0.917679
0.993111 0.917629
0.993109 0.917579
0.993108 0.917529
0.993106 0.917479
0.993105 0.917429
0.993103 0.91738
0.993101 0.91733
0.9931 0.91728
0.993098 0.917231
0.993097 0.917181
0.993095 0.917131
0.993093 0.917082
0.993092 0.917033
0.99309 0.916983
0.993089 0.916934
0.993087 0.916884
0.993085 0.916835
0.993084 0.916786
0.993082 0.916737
0.99308 0.916687
0.993079 0.916638
0.993077 0.916589
0.993076 0.91654
0.993074 0.916491
0.993072 0.916442
0.993071 0.916393
0.993069 0.916344
0.993067 0.916295
0.993066 0.916246
0.993064 0.916197
0.993063 0.916149
0.993061 0.9161
0.993059 0.916051
0.993058 0.916002
0.993056 0.915954
0.993054 0.915905
0.993053 0.915857
0.993051 0.915808
0.993049 0.915759
0.993048 0.915711
0.993046 0.915663
0.993044 0.915614
0.993043 0.915566
0.993041 0.915517
0.99304 0.915469
0.993038 0.915421
0.993036 0.915373
0.993035 0.915325
0.993033 0.915276
0.993031 0.915228
0.99303 0.91518
0.993028 0.915132
0.993026 0.915084
0.993025 0.915036
0.993023 0.914988
0.993021 0.91494
0.99302 0.914892
0.993018 0.914844
0.993016 0.914797
0.993015 0.914749
0.993013 0.914701
0.993011 0.914653
0.99301 0.914606
0.993008 0.914558
0.993006 0.914511
0.993005 0.914463
0.993003 0.914415
0.993001 0.914368
0.992999 0.91432
0.992998 0.914273
0.992996 0.914226
0.992994 0.914178
0.992993 0.914131
0.992991 0.914083
0.992989 0.914036
0.992988 0.913989
0.992986 0.913942
0.992984 0.913895
0.992983 0.913847
0.992981 0.9138
0.992979 0.913753
0.992978 0.913706
0.992976 0.913659
0.992974 0.913612
0.992972 0.913565
0.992971 0.913518
0.992969 0.913471
0.992967 0.913424
0.992966 0.913378
0.992964 0.913331
0.992962 0.913284
0.992961 0.913237
0.992959 0.913191
0.992957 0.913144
0.992955 0.913097
0.992954 0.913051
0.992952 0.913004
0.99295 0.912957
0.992949 0.912911
0.992947 0.912864
0.992945 0.912818
0.992944 0.912772
0.992942 0.912725
0.99294 0.912679
0.992938 0.912632
0.992937 0.912586
0.992935 0.91254
0.992933 0.912494
0.992932 0.912447
0.99293 0.912401
0.992928 0.912355
0.992926 0.912309
0.992925 0.912263
0.992923 0.912217
0.992921 0.912171
0.99292 0.912125
0.992918 0.912079
0.992916 0.912033
0.992914 0.911987
0.992913 0.911941
0.992911 0.911895
0.992909 0.911849
0.992907 0.911803
0.992906 0.911758
0.992904 0.911712
0.992902 0.911666
0.992901 0.91162
0.992899 0.911575
0.992897 0.911529
0.992895 0.911483
0.992894 0.911438
0.992892 0.911392
0.99289 0.911347
0.992888 0.911301
0.992887 0.911256
0.992885 0.91121
0.992883 0.911165
0.992882 0.91112
0.99288 0.911074
0.992878 0.911029
0.992876 0.910983
0.992875 0.910938
0.992873 0.910893
0.992871 0.910848
0.992869 0.910803
0.992868 0.910757
0.992866 0.910712
0.992864 0.910667
0.992863 0.910622
0.992861 0.910577
0.992859 0.910532
0.992857 0.910487
0.992856 0.910442
0.992854 0.910397
0.992852 0.910352
0.99285 0.910307
0.992849 0.910262
0.992847 0.910217
0.992845 0.910172
0.992843 0.910128
0.992842 0.910083
0.99284 0.910038
0.992838 0.909993
0.992836 0.909949
0.992835 0.909904
0.992833 0.909859
0.992831 0.909815
0.992829 0.90977
0.992828 0.909726
0.992826 0.909681
0.992824 0.909637
0.992823 0.909592
0.992821 0.909548
0.992819 0.909503
0.992817 0.909459
0.992816 0.909414
0.992814 0.90937
0.992812 0.909326
0.99281 0.909281
0.992809 0.909237
0.992807 0.909193
0.992805 0.909148
0.992803 0.909104
0.992802 0.90906
0.9928 0.909016
0.992798 0.908972
0.992796 0.908927
0.992795 0.908883
0.992793 0.908839
0.992791 0.908795
0.992789 0.908751
0.992788 0.908707
0.992786 0.908663
0.992784 0.908619
0.992782 0.908575
0.992781 0.908531
0.992779 0.908487
0.992777 0.908444
0.992775 0.9084
0.992774 0.908356
0.992772 0.908312
0.99277 0.908268
0.992768 0.908225
0.992767 0.908181
0.992765 0.908137
0.992763 0.908093
0.992761 0.90805
0.99276 0.908006
0.992758 0.907962
0.992756 0.907919
0.992754 0.907875
0.992753 0.907832
0.992751 0.907788
0.992749 0.907745
0.992747 0.907701
0.992746 0.907658
0.992744 0.907614
0.992742 0.907571
0.99274 0.907527
0.992739 0.907484
0.992737 0.907441
0.992735 0.907397
0.992733 0.907354
0.992732 0.907311
0.99273 0.907267
0.992728 0.907224
0.992726 0.907181
0.992725 0.907138
0.992723 0.907095
0.992721 0.907051
0.992719 0.907008
0.992718 0.906965
0.992716 0.906922
0.992714 0.906879
0.992712 0.906836
0.992711 0.906793
0.992709 0.90675
0.992707 0.906707
0.992705 0.906664
0.992704 0.906621
0.992702 0.906578
0.9927 0.906535
0.992698 0.906492
0.992697 0.906449
0.992695 0.906406
0.992693 0.906363
0.992691 0.906321
0.99269 0.906278
0.992688 0.906235
0.992686 0.906192
0.992684 0.90615
0.992683 0.906107
0.992681 0.906064
0.992679 0.906021
0.992677 0.905979
0.992676 0.905936
0.992674 0.905893
0.992672 0.905851
0.99267 0.905808
0.992669 0.905766
0.992667 0.905723
0.992665 0.905681
0.992663 0.905638
0.992662 0.905596
0.99266 0.905553
0.992658 0.905511
0.992656 0.905468
0.992655 0.905426
0.992653 0.905383
0.992651 0.905341
0.992649 0.905299
0.992648 0.905256
0.992646 0.905214
0.992644 0.905172
0.992642 0.905129
0.992641 0.905087
0.992639 0.905045
0.992637 0.905003
0.992635 0.90496
0.992633 0.904918
0.992632 0.904876
0.99263 0.904834
0.992628 0.904792
0.992626 0.904749
0.992625 0.904707
0.992623 0.904665
0.992621 0.904623
0.992619 0.904581
0.992618 0.904539
0.992616 0.904497
0.992614 0.904455
0.992612 0.904413
0.992611 0.904371
0.992609 0.904329
0.992607 0.904287
0.992605 0.904245
0.992604 0.904203
0.992602 0.904161
0.9926 0.904119
0.992598 0.904078
0.992597 0.904036
0.992595 0.903994
0.992593 0.903952
0.992591 0.90391
0.99259 0.903869
0.992588 0.903827
0.992586 0.903785
0.992584 0.903743
0.992583 0.903702
0.992581 0.90366
0.992579 0.903618
0.992577 0.903576
0.992576 0.903535
0.992574 0.903493
0.992572 0.903452
0.99257 0.90341
0.992569 0.903368
0.992567 0.903327
0.992565 0.903285
0.992563 0.903244
0.992562 0.903202
0.99256 0.903161
0.992558 0.903119
0.992556 0.903078
0.992555 0.903036
0.992553 0.902995
0.992551 0.902953
0.992549 0.902912
0.992548 0.90287
0.992546 0.902829
0.992544 0.902788
0.992542 0.902746
0.992541 0.902705
0.992539 0.902663
0.992537 0.902622
0.992535 0.902581
0.992534 0.902539
0.992532 0.902498
0.99253 0.902457
0.992528 0.902416
0.992527 0.902374
0.992525 0.902333
0.992523 0.902292
0.992521 0.902251
0.99252 0.90221
0.992518 0.902168
0.992516 0.902127
0.992515 0.902086
0.992513 0.902045
0.992511 0.902004
0.992509 0.901963
0.992508 0.901922
0.992506 0.90188
0.992504 0.901839
0.992502 0.901798
0.992501 0.901757
0.992499 0.901716
0.992497 0.901675
0.992495 0.901634
0.992494 0.901593
0.992492 0.901552
0.99249 0.901511
0.992488 0.90147
0.992487 0.901429
0.992485 0.901388
0.992483 0.901348
0.992481 0.901307
0.99248 0.901266
0.992478 0.901225
0.992476 0.901184
0.992474 0.901143
0.992473 0.901102
0.992471 0.901061
0.992469 0.901021
0.992467 0.90098
0.992466 0.900939
0.992464 0.900898
0.992462 0.900857
0.99246 0.900817
0.992459 0.900776
0.992457 0.900735
0.992455 0.900694
0.992453 0.900654
0.992452 0.900613
0.99245 0.900572
0.992448 0.900532
0.992446 0.900491
0.992445 0.90045
0.992443 0.90041
0.992441 0.900369
0.992439 0.900328
0.992438 0.900288
0.992436 0.900247
0.992434 0.900206
0.992433 0.900166
0.992431 0.900125
0.992429 0.900085
0.992427 0.900044
0.992426 0.900004
0.992424 0.899963
0.992422 0.899923
0.99242 0.899882
0.992419 0.899842
0.992417 0.899801
0.992415 0.899761
0.992413 0.89972
0.992412 0.89968
0.99241 0.899639
0.992408 0.899599
0.992406 0.899558
0.992405 0.899518
0.992403 0.899477
0.992401 0.899437
0.992399 0.899397
0.992398 0.899356
0.992396 0.899316
0.992394 0.899275
0.992392 0.899235
0.992391 0.899195
0.992389 0.899154
0.992387 0.899114
0.992386 0.899074
0.992384 0.899033
0.992382 0.898993
0.99238 0.898953
0.992379 0.898912
0.992377 0.898872
0.992375 0.898832
0.992373 0.898792
0.992372 0.898751
0.99237 0.898711
0.992368 0.898671
0.992366 0.898631
0.992365 0.89859
0.992363 0.89855
0.992361 0.89851
0.992359 0.89847
0.992358 0.89843
0.992356 0.898389
0.992354 0.898349
0.992352 0.898309
0.992351 0.898269
0.992349 0.898229
0.992347 0.898189
0.992346 0.898149
0.992344 0.898108
0.992342 0.898068
0.99234 0.898028
0.992339 0.897988
0.992337 0.897948
0.992335 0.897908
0.992333 0.897868
0.992332 0.897828
0.99233 0.897788
0.992328 0.897748
0.992326 0.897708
0.992325 0.897668
0.992323 0.897627
0.992321 0.897587
0.992319 0.897547
0.992318 0.897507
0.992316 0.897467
0.992314 0.897427
0.992313 0.897387
0.992311 0.897347
0.992309 0.897307
0.992307 0.897267
0.992306 0.897227
0.992304 0.897188
0.992302 0.897148
0.9923 0.897108
0.992299 0.897068
0.992297 0.897028
0.992295 0.896988
0.992293 0.896948
0.992292 0.896908
0.99229 0.896868
0.992288 0.896828
0.992287 0.896788
0.992285 0.896748
0.992283 0.896708
0.992281 0.896668
0.99228 0.896629
0.992278 0.896589
0.992276 0.896549
0.992274 0.896509
0.992273 0.896469
0.992271 0.896429
0.992269 0.896389
0.992267 0.89635
0.992266 0.89631
0.992264 0.89627
0.992262 0.89623
0.99226 0.89619
0.992259 0.89615
0.992257 0.896111
0.992255 0.896071
0.992254 0.896031
0.992252 0.895991
0.99225 0.895951
0.992248 0.895912
0.992247 0.895872
0.992245 0.895832
0.992243 0.895792
0.992241 0.895752
0.99224 0.895713
0.992238 0.895673
0.992236 0.895633
0.992234 0.895593
0.992233 0.895554
0.992231 0.895514
0.992229 0.895474
0.992228 0.895434
0.992226 0.895395
0.992224 0.895355
0.992222 0.895315
0.992221 0.895275
0.992219 0.895236
0.992217 0.895196
0.992215 0.895156
0.992214 0.895117
0.992212 0.895077
0.99221 0.895037
0.992208 0.894997
0.992207 0.894958
0.992205 0.894918
0.992203 0.894878
0.992202 0.894839
0.9922 0.894799
0.992198 0.894759
0.992196 0.89472
0.992195 0.89468
0.992193 0.89464
0.992191 0.894601
0.992189 0.894561
0.992188 0.894521
0.992186 0.894482
0.992184 0.894442
0.992182 0.894402
0.992181 0.894363
0.992179 0.894323
0.992177 0.894283
0.992176 0.894244
0.992174 0.894204
0.992172 0.894164
0.99217 0.894125
0.992169 0.894085
0.992167 0.894045
0.992165 0.894006
0.992163 0.893966
0.992162 0.893926
0.99216 0.893887
0.992158 0.893847
0.992156 0.893807
0.992155 0.893768
0.992153 0.893728
0.992151 0.893689
0.992149 0.893649
0.992148 0.893609
0.992146 0.89357
0.992144 0.89353
0.992143 0.89349
0.992141 0.893451
0.992139 0.893411
0.992137 0.893372
0.992136 0.893332
0.992134 0.893292
0.992132 0.893253
0.99213 0.893213
0.992129 0.893173
0.992127 0.893134
0.992125 0.893094
0.992123 0.893055
0.992122 0.893015
0.99212 0.892975
0.992118 0.892936
0.992116 0.892896
0.992115 0.892857
0.992113 0.892817
0.992111 0.892777
0.99211 0.892738
0.992108 0.892698
0.992106 0.892658
0.992104 0.892619
0.992103 0.892579
0.992101 0.89254
0.992099 0.8925
0.992097 0.89246
0.992096 0.892421
0.992094 0.892381
0.992092 0.892341
0.99209 0.892302
0.992089 0.892262
0.992087 0.892223
0.992085 0.892183
0.992083 0.892143
0.992082 0.892104
0.99208 0.892064
0.992078 0.892024
0.992077 0.891985
0.992075 0.891945
0.992073 0.891906
0.992071 0.891866
0.99207 0.891826
0.992068 0.891787
0.992066 0.891747
0.992064 0.891707
0.992063 0.891668
0.992061 0.891628
0.992059 0.891588
0.992057 0.891549
0.992056 0.891509
0.992054 0.89147
0.992052 0.89143
0.99205 0.89139
0.992049 0.891351
0.992047 0.891311
0.992045 0.891271
0.992043 0.891232
0.992042 0.891192
0.99204 0.891152
0.992038 0.891113
0.992037 0.891073
0.992035 0.891033
0.992033 0.890994
0.992031 0.890954
0.99203 0.890914
0.992028 0.890875
0.992026 0.890835
0.992024 0.890795
0.992023 0.890755
0.992021 0.890716
0.992019 0.890676
0.992017 0.890636
0.992016 0.890597
0.992014 0.890557
0.992012 0.890517
0.99201 0.890478
0.992009 0.890438
0.992007 0.890398
0.992005 0.890358
0.992003 0.890319
0.992002 0.890279
0.992 0.890239
0.991998 0.890199
0.991996 0.89016
0.991995 0.89012
0.991993 0.89008
0.991991 0.89004
0.991989 0.890001
0.991988 0.889961
0.991986 0.889921
0.991984 0.889881
0.991982 0.889842
0.991981 0.889802
0.991979 0.889762
0.991977 0.889722
0.991975 0.889682
0.991974 0.889643
0.991972 0.889603
0.99197 0.889563
0.991968 0.889523
0.991967 0.889483
0.991965 0.889444
0.991963 0.889404
0.991961 0.889364
0.99196 0.889324
0.991958 0.889284
0.991956 0.889244
0.991954 0.889205
0.991953 0.889165
0.991951 0.889125
0.991949 0.889085
0.991947 0.889045
0.991946 0.889005
0.991944 0.888965
0.991942 0.888925
0.99194 0.888886
0.991939 0.888846
0.991937 0.888806
0.991935 0.888766
0.991933 0.888726
0.991932 0.888686
0.99193 0.888646
0.991928 0.888606
0.991926 0.888566
0.991925 0.888526
0.991923 0.888486
0.991921 0.888446
0.991919 0.888406
0.991918 0.888366
0.991916 0.888326
0.991914 0.888286
0.991912 0.888246
0.991911 0.888206
0.991909 0.888166
0.991907 0.888126
0.991905 0.888086
0.991903 0.888046
0.991902 0.888006
0.9919 0.887966
0.991898 0.887926
0.991896 0.887886
0.991895 0.887846
0.991893 0.887806
0.991891 0.887766
0.991889 0.887726
0.991888 0.887686
0.991886 0.887646
0.991884 0.887605
0.991882 0.887565
0.991881 0.887525
0.991879 0.887485
0.991877 0.887445
0.991875 0.887405
0.991873 0.887365
0.991872 0.887324
0.99187 0.887284
0.991868 0.887244
0.991866 0.887204
0.991865 0.887164
0.991863 0.887123
0.991861 0.887083
0.991859 0.887043
0.991858 0.887003
0.991856 0.886963
0.991854 0.886922
0.991852 0.886882
0.991851 0.886842
0.991849 0.886801
0.991847 0.886761
0.991845 0.886721
0.991843 0.886681
0.991842 0.88664
0.99184 0.8866
0.991838 0.88656
0.991836 0.886519
0.991835 0.886479
0.991833 0.886439
0.991831 0.886398
0.991829 0.886358
0.991827 0.886317
0.991826 0.886277
0.991824 0.886237
0.991822 0.886196
0.99182 0.886156
0.991819 0.886115
0.991817 0.886075
0.991815 0.886034
0.991813 0.885994
0.991811 0.885953
0.99181 0.885913
0.991808 0.885872
0.991806 0.885832
0.991804 0.885791
0.991803 0.885751
0.991801 0.88571
0.991799 0.88567
0.991797 0.885629
0.991795 0.885589
0.991794 0.885548
0.991792 0.885507
0.99179 0.885467
0.991788 0.885426
0.991786 0.885386
0.991785 0.885345
0.991783 0.885304
0.991781 0.885264
0.991779 0.885223
0.991778 0.885182
0.991776 0.885141
0.991774 0.885101
0.991772 0.88506
0.99177 0.885019
0.991769 0.884979
0.991767 0.884938
0.991765 0.884897
0.991763 0.884856
0.991761 0.884815
0.99176 0.884775
0.991758 0.884734
0.991756 0.884693
0.991754 0.884652
0.991752 0.884611
0.991751 0.88457
0.991749 0.88453
0.991747 0.884489
0.991745 0.884448
0.991743 0.884407
0.991742 0.884366
0.99174 0.884325
0.991738 0.884284
0.991736 0.884243
0.991734 0.884202
0.991733 0.884161
0.991731 0.88412
0.991729 0.884079
0.991727 0.884038
0.991725 0.883997
0.991724 0.883956
0.991722 0.883915
0.99172 0.883874
0.991718 0.883832
0.991716 0.883791
0.991715 0.88375
0.991713 0.883709
0.991711 0.883668
0.991709 0.883627
0.991707 0.883586
0.991706 0.883544
0.991704 0.883503
0.991702 0.883462
0.9917 0.883421
0.991698 0.883379
0.991696 0.883338
0.991695 0.883297
0.991693 0.883255
0.991691 0.883214
0.991689 0.883173
0.991687 0.883131
0.991686 0.88309
0.991684 0.883049
0.991682 0.883007
0.99168 0.882966
0.991678 0.882924
0.991676 0.882883
0.991675 0.882841
0.991673 0.8828
0.991671 0.882759
0.991669 0.882717
0.991667 0.882675
0.991666 0.882634
0.991664 0.882592
0.991662 0.882551
0.99166 0.882509
0.991658 0.882468
0.991656 0.882426
0.991655 0.882384
0.991653 0.882343
0.991651 0.882301
0.991649 0.882259
0.991647 0.882218
0.991645 0.882176
0.991644 0.882134
0.991642 0.882092
0.99164 0.882051
0.991638 0.882009
0.991636 0.881967
0.991634 0.881925
0.991633 0.881883
0.991631 0.881842
0.991629 0.8818
0.991627 0.881758
0.991625 0.881716
0.991623 0.881674
0.991622 0.881632
0.99162 0.88159
0.991618 0.881548
0.991616 0.881506
0.991614 0.881464
0.991612 0.881422
0.99161 0.88138
0.991609 0.881338
0.991607 0.881296
0.991605 0.881254
0.991603 0.881212
0.991601 0.881169
0.991599 0.881127
0.991598 0.881085
0.991596 0.881043
0.991594 0.881001
0.991592 0.880958
0.99159 0.880916
0.991588 0.880874
0.991586 0.880832
0.991585 0.880789
0.991583 0.880747
0.991581 0.880705
0.991579 0.880662
0.991577 0.88062
0.991575 0.880577
0.991573 0.880535
0.991572 0.880492
0.99157 0.88045
0.991568 0.880408
0.991566 0.880365
0.991564 0.880322
0.991562 0.88028
0.99156 0.880237
0.991558 0.880195
0.991557 0.880152
0.991555 0.88011
0.991553 0.880067
0.991551 0.880024
0.991549 0.879981
0.991547 0.879939
0.991545 0.879896
0.991543 0.879853
0.991542 0.87981
0.99154 0.879768
0.991538 0.879725
0.991536 0.879682
0.991534 0.879639
0.991532 0.879596
0.99153 0.879553
0.991528 0.87951
0.991527 0.879467
0.991525 0.879425
0.991523 0.879382
0.991521 0.879339
0.991519 0.879295
0.991517 0.879252
0.991515 0.879209
0.991513 0.879166
0.991511 0.879123
0.99151 0.87908
0.991508 0.879037
0.991506 0.878994
0.991504 0.87895
0.991502 0.878907
0.9915 0.878864
0.991498 0.878821
0.991496 0.878777
0.991494 0.878734
0.991493 0.878691
0.991491 0.878647
0.991489 0.878604
0.991487 0.87856
0.991485 0.878517
0.991483 0.878473
0.991481 0.87843
0.991479 0.878386
0.991477 0.878343
0.991475 0.878299
0.991473 0.878256
0.991472 0.878212
0.99147 0.878168
0.991468 0.878125
0.991466 0.878081
0.991464 0.878037
0.991462 0.877994
0.99146 0.87795
0.991458 0.877906
0.991456 0.877862
0.991454 0.877818
0.991452 0.877775
0.99145 0.877731
0.991449 0.877687
0.991447 0.877643
0.991445 0.877599
0.991443 0.877555
0.991441 0.877511
0.991439 0.877467
0.991437 0.877423
0.991435 0.877379
0.991433 0.877334
0.991431 0.87729
0.991429 0.877246
0.991427 0.877202
0.991425 0.877158
0.991423 0.877113
0.991422 0.877069
0.99142 0.877025
0.991418 0.876981
0.991416 0.876936
0.991414 0.876892
0.991412 0.876847
0.99141 0.876803
0.991408 0.876758
0.991406 0.876714
0.991404 0.876669
0.991402 0.876625
0.9914 0.87658
0.991398 0.876536
0.991396 0.876491
0.991394 0.876446
0.991392 0.876402
0.99139 0.876357
0.991388 0.876312
0.991386 0.876267
0.991384 0.876223
0.991383 0.876178
0.991381 0.876133
0.991379 0.876088
0.991377 0.876043
0.991375 0.875998
0.991373 0.875953
0.991371 0.875908
0.991369 0.875863
0.991367 0.875818
0.991365 0.875773
0.991363 0.875728
0.991361 0.875683
0.991359 0.875638
0.991357 0.875592
0.991355 0.875547
0.991353 0.875502
0.991351 0.875456
0.991349 0.875411
0.991347 0.875366
0.991345 0.87532
0.991343 0.875275
0.991341 0.87523
0.991339 0.875184
0.991337 0.875138
0.991335 0.875093
0.991333 0.875047
0.991331 0.875002
0.991329 0.874956
0.991327 0.87491
0.991325 0.874865
0.991323 0.874819
0.991321 0.874773
0.991319 0.874727
0.991317 0.874682
0.991315 0.874636
0.991313 0.87459
0.991311 0.874544
0.991309 0.874498
0.991307 0.874452
0.991305 0.874406
0.991303 0.87436
0.991301 0.874314
0.991299 0.874268
0.991297 0.874221
0.991295 0.874175
0.991293 0.874129
0.991291 0.874083
0.991289 0.874037
0.991287 0.87399
0.991285 0.873944
0.991283 0.873897
0.991281 0.873851
0.991279 0.873805
0.991277 0.873758
0.991275 0.873712
0.991273 0.873665
0.991271 0.873618
0.991269 0.873572
0.991267 0.873525
0.991265 0.873478
0.991263 0.873432
0.991261 0.873385
0.991258 0.873338
0.991256 0.873291
0.991254 0.873244
0.991252 0.873197
0.99125 0.873151
0.991248 0.873104
0.991246 0.873057
0.991244 0.873009
0.991242 0.872962
0.99124 0.872915
0.991238 0.872868
0.991236 0.872821
0.991234 0.872774
0.991232 0.872726
0.99123 0.872679
0.991228 0.872632
0.991226 0.872584
0.991224 0.872537
0.991221 0.872489
0.991219 0.872442
0.991217 0.872394
0.991215 0.872347
0.991213 0.872299
0.991211 0.872252
0.991209 0.872204
0.991207 0.872156
0.991205 0.872108
0.991203 0.872061
0.991201 0.872013
0.991199 0.871965
0.991196 0.871917
0.991194 0.871869
0.991192 0.871821
0.99119 0.871773
0.991188 0.871725
0.991186 0.871677
0.991184 0.871629
0.991182 0.87158
0.99118 0.871532
0.991178 0.871484
0.991176 0.871436
0.991173 0.871387
0.991171 0.871339
0.991169 0.871291
0.991167 0.871242
0.991165 0.871194
0.991163 0.871145
0.991161 0.871096
0.991159 0.871048
0.991157 0.870999
0.991154 0.87095
0.991152 0.870902
0.99115 0.870853
0.991148 0.870804
0.991146 0.870755
0.991144 0.870706
0.991142 0.870657
0.991139 0.870608
0.991137 0.870559
0.991135 0.87051
0.991133 0.870461
0.991131 0.870412
0.991129 0.870363
0.991127 0.870313
0.991124 0.870264
0.991122 0.870215
0.99112 0.870165
0.991118 0.870116
0.991116 0.870066
0.991114 0.870017
0.991112 0.869967
0.991109 0.869918
0.991107 0.869868
0.991105 0.869818
0.991103 0.869769
0.991101 0.869719
0.991099 0.869669
0.991096 0.869619
0.991094 0.869569
0.991092 0.869519
0.99109 0.869469
0.991088 0.869419
0.991086 0.869369
0.991083 0.869319
0.991081 0.869269
0.991079 0.869218
0.991077 0.869168
0.991075 0.869118
0.991072 0.869067
0.99107 0.869017
0.991068 0.868966
0.991066 0.868916
0.991064 0.868865
0.991061 0.868815
0.991059 0.868764
0.991057 0.868713
0.991055 0.868663
0.991053 0.868612
0.99105 0.868561
0.991048 0.86851
0.991046 0.868459
0.991044 0.868408
0.991042 0.868357
0.991039 0.868306
0.991037 0.868255
0.991035 0.868204
0.991033 0.868152
0.99103 0.868101
0.991028 0.86805
0.991026 0.867998
0.991024 0.867947
0.991021 0.867895
0.991019 0.867844
0.991017 0.867792
0.991015 0.867741
0.991013 0.867689
0.99101 0.867637
0.991008 0.867585
0.991006 0.867533
0.991004 0.867482
0.991001 0.86743
0.990999 0.867378
0.990997 0.867326
0.990994 0.867273
0.990992 0.867221
0.99099 0.867169
0.990988 0.867117
0.990985 0.867064
0.990983 0.867012
0.990981 0.86696
0.990979 0.866907
0.990976 0.866855
0.990974 0.866802
0.990972 0.866749
0.990969 0.866697
0.990967 0.866644
0.990965 0.866591
0.990963 0.866538
0.99096 0.866486
0.990958 0.866433
0.990956 0.86638
0.990953 0.866326
0.990951 0.866273
0.990949 0.86622
0.990946 0.866167
0.990944 0.866114
0.990942 0.86606
0.99094 0.866007
0.990937 0.865953
0.990935 0.8659
0.990933 0.865846
0.99093 0.865793
0.990928 0.865739
0.990926 0.865685
0.990923 0.865631
0.990921 0.865578
0.990919 0.865524
0.990916 0.86547
0.990914 0.865416
0.990912 0.865362
0.990909 0.865307
0.990907 0.865253
0.990904 0.865199
0.990902 0.865145
0.9909 0.86509
0.990897 0.865036
0.990895 0.864981
0.990893 0.864927
0.99089 0.864872
0.990888 0.864818
0.990886 0.864763
0.990883 0.864708
0.990881 0.864653
0.990878 0.864598
0.990876 0.864543
0.990874 0.864488
0.990871 0.864433
0.990869 0.864378
0.990867 0.864323
0.990864 0.864267
0.990862 0.864212
0.990859 0.864157
0.990857 0.864101
0.990855 0.864046
0.990852 0.86399
0.99085 0.863934
0.990847 0.863879
0.990845 0.863823
0.990842 0.863767
0.99084 0.863711
0.990838 0.863655
0.990835 0.863599
0.990833 0.863543
0.99083 0.863487
0.990828 0.86343
0.990825 0.863374
0.990823 0.863318
0.990821 0.863261
0.990818 0.863205
0.990816 0.863148
0.990813 0.863092
0.990811 0.863035
0.990808 0.862978
0.990806 0.862921
0.990803 0.862864
0.990801 0.862807
0.990798 0.86275
0.990796 0.862693
0.990794 0.862636
0.990791 0.862579
0.990789 0.862522
0.990786 0.862464
0.990784 0.862407
0.990781 0.862349
0.990779 0.862292
0.990776 0.862234
0.990774 0.862176
0.990771 0.862119
0.990769 0.862061
0.990766 0.862003
0.990764 0.861945
0.990761 0.861887
0.990759 0.861828
0.990756 0.86177
0.990754 0.861712
0.990751 0.861654
0.990749 0.861595
0.990746 0.861537
0.990743 0.861478
0.990741 0.861419
0.990738 0.861361
0.990736 0.861302
0.990733 0.861243
0.990731 0.861184
0.990728 0.861125
0.990726 0.861066
0.990723 0.861007
0.990721 0.860948
0.990718 0.860888
0.990715 0.860829
0.990713 0.86077
0.99071 0.86071
0.990708 0.86065
0.990705 0.860591
0.990703 0.860531
0.9907 0.860471
0.990697 0.860411
0.990695 0.860351
0.990692 0.860291
0.99069 0.860231
0.990687 0.860171
0.990684 0.86011
0.990682 0.86005
0.990679 0.85999
0.990677 0.859929
0.990674 0.859868
0.990671 0.859808
0.990669 0.859747
0.990666 0.859686
0.990663 0.859625
0.990661 0.859564
0.990658 0.859503
0.990656 0.859442
0.990653 0.859381
0.99065 0.859319
0.990648 0.859258
0.990645 0.859196
0.990642 0.859135
0.99064 0.859073
0.990637 0.859011
0.990634 0.85895
0.990632 0.858888
0.990629 0.858826
0.990626 0.858764
0.990624 0.858701
0.990621 0.858639
0.990618 0.858577
0.990615 0.858514
0.990613 0.858452
0.99061 0.858389
0.990607 0.858327
0.990605 0.858264
0.990602 0.858201
0.990599 0.858138
0.990597 0.858075
0.990594 0.858012
0.990591 0.857949
0.990588 0.857885
0.990586 0.857822
0.990583 0.857759
0.99058 0.857695
0.990577 0.857631
0.990575 0.857568
0.990572 0.857504
0.990569 0.85744
0.990566 0.857376
0.990564 0.857312
0.990561 0.857248
0.990558 0.857184
0.990555 0.857119
0.990553 0.857055
0.99055 0.85699
0.990547 0.856926
0.990544 0.856861
0.990541 0.856796
0.990539 0.856731
0.990536 0.856666
0.990533 0.856601
0.99053 0.856536
0.990527 0.856471
0.990525 0.856405
0.990522 0.85634
0.990519 0.856274
0.990516 0.856209
0.990513 0.856143
0.99051 0.856077
0.990508 0.856011
0.990505 0.855945
0.990502 0.855879
0.990499 0.855813
0.990496 0.855746
0.990493 0.85568
0.990491 0.855613
0.990488 0.855547
0.990485 0.85548
0.990482 0.855413
0.990479 0.855346
0.990476 0.855279
0.990473 0.855212
0.99047 0.855145
0.990467 0.855077
0.990465 0.85501
0.990462 0.854943
0.990459 0.854875
0.990456 0.854807
0.990453 0.854739
0.99045 0.854671
0.990447 0.854603
0.990444 0.854535
0.990441 0.854467
0.990438 0.854399
0.990435 0.85433
0.990432 0.854262
0.990429 0.854193
0.990426 0.854124
0.990423 0.854055
0.990421 0.853986
0.990418 0.853917
0.990415 0.853848
0.990412 0.853779
0.990409 0.853709
0.990406 0.85364
0.990403 0.85357
0.9904 0.8535
0.990397 0.85343
0.990394 0.85336
0.990391 0.85329
0.990388 0.85322
0.990385 0.85315
0.990382 0.853079
0.990379 0.853009
0.990375 0.852938
0.990372 0.852868
0.990369 0.852797
0.990366 0.852726
0.990363 0.852655
0.99036 0.852583
0.990357 0.852512
0.990354 0.852441
0.990351 0.852369
0.990348 0.852298
0.990345 0.852226
0.990342 0.852154
0.990339 0.852082
0.990336 0.85201
0.990333 0.851937
0.990329 0.851865
0.990326 0.851793
0.990323 0.85172
0.99032 0.851647
0.990317 0.851574
0.990314 0.851502
0.990311 0.851428
0.990308 0.851355
0.990304 0.851282
0.990301 0.851208
0.990298 0.851135
0.990295 0.851061
0.990292 0.850987
0.990289 0.850913
0.990285 0.850839
0.990282 0.850765
0.990279 0.850691
0.990276 0.850616
0.990273 0.850542
0.990269 0.850467
0.990266 0.850392
0.990263 0.850317
0.99026 0.850242
0.990257 0.850167
0.990253 0.850092
0.99025 0.850016
0.990247 0.849941
0.990244 0.849865
0.99024 0.849789
0.990237 0.849713
0.990234 0.849637
0.990231 0.849561
0.990227 0.849485
0.990224 0.849408
0.990221 0.849331
0.990217 0.849255
0.990214 0.849178
0.990211 0.849101
0.990208 0.849024
0.990204 0.848946
0.990201 0.848869
0.990198 0.848791
0.990194 0.848714
0.990191 0.848636
0.990188 0.848558
0.990184 0.84848
0.990181 0.848401
0.990177 0.848323
0.990174 0.848244
0.990171 0.848166
0.990167 0.848087
0.990164 0.848008
0.990161 0.847929
0.990157 0.847849
0.990154 0.84777
0.99015 0.847691
0.990147 0.847611
0.990144 0.847531
0.99014 0.847451
0.990137 0.847371
0.990133 0.847291
0.99013 0.84721
0.990126 0.84713
0.990123 0.847049
0.990119 0.846968
0.990116 0.846887
0.990113 0.846806
0.990109 0.846725
0.990106 0.846643
0.990102 0.846562
0.990099 0.84648
0.990095 0.846398
0.990092 0.846316
0.990088 0.846234
0.990085 0.846151
0.990081 0.846069
0.990077 0.845986
0.990074 0.845903
0.99007 0.84582
0.990067 0.845737
0.990063 0.845654
0.99006 0.84557
0.990056 0.845487
0.990052 0.845403
0.990049 0.845319
0.990045 0.845235
0.990042 0.84515
0.990038 0.845066
0.990034 0.844981
0.990031 0.844897
0.990027 0.844812
0.990024 0.844727
0.99002 0.844641
0.990016 0.844556
0.990013 0.84447
0.990009 0.844385
0.990005 0.844299
0.990002 0.844213
0.989998 0.844126
0.989994 0.84404
0.989991 0.843953
0.989987 0.843867
0.989983 0.84378
0.989979 0.843693
0.989976 0.843605
0.989972 0.843518
0.989968 0.84343
0.989964 0.843343
0.989961 0.843255
0.989957 0.843166
0.989953 0.843078
0.989949 0.84299
0.989946 0.842901
0.989942 0.842812
0.989938 0.842723
0.989934 0.842634
0.98993 0.842544
0.989927 0.842455
0.989923 0.842365
0.989919 0.842275
0.989915 0.842185
0.989911 0.842095
0.989907 0.842004
0.989903 0.841914
0.9899 0.841823
0.989896 0.841732
0.989892 0.84164
0.989888 0.841549
0.989884 0.841457
0.98988 0.841366
0.989876 0.841274
0.989872 0.841181
0.989868 0.841089
0.989864 0.840996
0.98986 0.840904
0.989856 0.840811
0.989852 0.840717
0.989848 0.840624
0.989844 0.840531
0.98984 0.840437
0.989836 0.840343
0.989832 0.840249
0.989828 0.840154
0.989824 0.84006
0.98982 0.839965
0.989816 0.83987
0.989812 0.839775
0.989808 0.83968
0.989804 0.839584
0.9898 0.839488
0.989796 0.839392
0.989792 0.839296
0.989788 0.8392
0.989783 0.839103
0.989779 0.839006
0.989775 0.838909
0.989771 0.838812
0.989767 0.838715
0.989763 0.838617
0.989759 0.838519
0.989754 0.838421
0.98975 0.838323
0.989746 0.838224
0.989742 0.838126
0.989738 0.838027
0.989733 0.837927
0.989729 0.837828
0.989725 0.837728
0.989721 0.837629
0.989716 0.837529
0.989712 0.837428
0.989708 0.837328
0.989704 0.837227
0.989699 0.837126
0.989695 0.837025
0.989691 0.836923
0.989686 0.836822
0.989682 0.83672
0.989678 0.836618
0.989673 0.836516
0.989669 0.836413
0.989664 0.83631
0.98966 0.836207
0.989656 0.836104
0.989651 0.836
0.989647 0.835897
0.989642 0.835793
0.989638 0.835688
0.989634 0.835584
0.989629 0.835479
0.989625 0.835374
0.98962 0.835269
0.989616 0.835164
0.989611 0.835058
0.989607 0.834952
0.989602 0.834846
0.989598 0.834739
0.989593 0.834633
0.989589 0.834526
0.989584 0.834418
0.989579 0.834311
0.989575 0.834203
0.98957 0.834095
0.989566 0.833987
0.989561 0.833879
0.989556 0.83377
0.989552 0.833661
0.989547 0.833552
0.989542 0.833442
0.989538 0.833332
0.989533 0.833222
0.989528 0.833112
0.989524 0.833002
0.989519 0.832891
0.989514 0.83278
0.989509 0.832668
0.989505 0.832557
0.9895 0.832445
0.989495 0.832332
0.98949 0.83222
0.989486 0.832107
0.989481 0.831994
0.989476 0.831881
0.989471 0.831767
0.989466 0.831653
0.989461 0.831539
0.989457 0.831425
0.989452 0.83131
0.989447 0.831195
0.989442 0.83108
0.989437 0.830964
0.989432 0.830848
0.989427 0.830732
0.989422 0.830616
0.989417 0.830499
0.989412 0.830382
0.989407 0.830265
0.989402 0.830147
0.989397 0.830029
0.989392 0.829911
0.989387 0.829792
0.989382 0.829673
0.989377 0.829554
0.989372 0.829435
0.989367 0.829315
0.989362 0.829195
0.989357 0.829074
0.989352 0.828954
0.989346 0.828833
0.989341 0.828711
0.989336 0.82859
0.989331 0.828468
0.989326 0.828346
0.989321 0.828223
0.989315 0.8281
0.98931 0.827977
0.989305 0.827853
0.9893 0.827729
0.989294 0.827605
0.989289 0.827481
0.989284 0.827356
0.989278 0.827231
0.989273 0.827105
0.989268 0.826979
0.989262 0.826853
0.989257 0.826726
0.989252 0.826599
0.989246 0.826472
0.989241 0.826345
0.989235 0.826217
0.98923 0.826088
0.989224 0.82596
0.989219 0.825831
0.989214 0.825702
0.989208 0.825572
0.989203 0.825442
0.989197 0.825312
0.989191 0.825181
0.989186 0.82505
0.98918 0.824918
0.989175 0.824786
0.989169 0.824654
0.989163 0.824522
0.989158 0.824389
0.989152 0.824255
0.989146 0.824122
0.989141 0.823988
0.989135 0.823853
0.989129 0.823719
0.989124 0.823583
0.989118 0.823448
0.989112 0.823312
0.989106 0.823176
0.989101 0.823039
0.989095 0.822902
0.989089 0.822764
0.989083 0.822627
0.989077 0.822488
0.989071 0.82235
0.989065 0.822211
0.98906 0.822071
0.989054 0.821931
0.989048 0.821791
0.989042 0.82165
0.989036 0.821509
0.98903 0.821368
0.989024 0.821226
0.989018 0.821084
0.989012 0.820941
0.989006 0.820798
0.988999 0.820654
0.988993 0.82051
0.988987 0.820366
0.988981 0.820221
0.988975 0.820076
0.988969 0.81993
0.988963 0.819784
0.988956 0.819638
0.98895 0.819491
0.988944 0.819343
0.988938 0.819195
0.988931 0.819047
0.988925 0.818898
0.988919 0.818749
0.988912 0.818599
0.988906 0.818449
0.9889 0.818299
0.988893 0.818148
0.988887 0.817996
0.98888 0.817844
0.988874 0.817692
0.988867 0.817539
0.988861 0.817386
0.988854 0.817232
0.988848 0.817078
0.988841 0.816923
0.988835 0.816768
0.988828 0.816612
0.988822 0.816456
0.988815 0.816299
0.988808 0.816142
0.988802 0.815985
0.988795 0.815826
0.988788 0.815668
0.988781 0.815509
0.988775 0.815349
0.988768 0.815189
0.988761 0.815028
0.988754 0.814867
0.988747 0.814706
0.988741 0.814543
0.988734 0.814381
0.988727 0.814218
0.98872 0.814054
0.988713 0.81389
0.988706 0.813725
0.988699 0.813559
0.988692 0.813394
0.988685 0.813227
0.988678 0.81306
0.988671 0.812893
0.988664 0.812725
0.988656 0.812556
0.988649 0.812387
0.988642 0.812218
0.988635 0.812047
0.988628 0.811877
0.98862 0.811705
0.988613 0.811534
0.988606 0.811361
0.988598 0.811188
0.988591 0.811014
0.988584 0.81084
0.988576 0.810666
0.988569 0.81049
0.988561 0.810314
0.988554 0.810138
0.988546 0.809961
0.988539 0.809783
0.988531 0.809605
0.988524 0.809426
0.988516 0.809246
0.988509 0.809066
0.988501 0.808885
0.988493 0.808704
0.988486 0.808522
0.988478 0.808339
0.98847 0.808156
0.988462 0.807972
0.988454 0.807788
0.988447 0.807603
0.988439 0.807417
0.988431 0.807231
0.988423 0.807044
0.988415 0.806856
0.988407 0.806667
0.988399 0.806478
0.988391 0.806289
0.988383 0.806098
0.988375 0.805907
0.988367 0.805716
0.988359 0.805523
0.98835 0.80533
0.988342 0.805137
0.988334 0.804942
0.988326 0.804747
0.988317 0.804551
0.988309 0.804355
0.988301 0.804157
0.988292 0.80396
0.988284 0.803761
0.988276 0.803562
0.988267 0.803361
0.988259 0.803161
0.98825 0.802959
0.988242 0.802757
0.988233 0.802554
0.988224 0.80235
0.988216 0.802146
0.988207 0.80194
0.988198 0.801734
0.988189 0.801527
0.988181 0.80132
0.988172 0.801112
0.988163 0.800903
0.988154 0.800693
0.988145 0.800482
0.988136 0.800271
0.988127 0.800058
0.988118 0.799845
0.988109 0.799631
0.9881 0.799417
0.988091 0.799201
0.988082 0.798985
0.988073 0.798768
0.988063 0.79855
0.988054 0.798331
0.988045 0.798112
0.988036 0.797891
0.988026 0.79767
0.988017 0.797448
0.988007 0.797225
0.987998 0.797001
0.987988 0.796776
0.987979 0.796551
0.987969 0.796324
0.98796 0.796097
0.98795 0.795869
0.98794 0.79564
0.98793 0.79541
0.987921 0.795179
0.987911 0.794947
0.987901 0.794714
0.987891 0.79448
0.987881 0.794246
0.987871 0.79401
0.987861 0.793774
0.987851 0.793536
0.987841 0.793298
0.987831 0.793058
0.987821 0.792818
0.98781 0.792577
0.9878 0.792335
0.98779 0.792091
0.98778 0.791847
0.987769 0.791602
0.987759 0.791356
0.987748 0.791108
0.987738 0.79086
0.987727 0.790611
0.987717 0.79036
0.987706 0.790109
0.987695 0.789857
0.987684 0.789603
0.987674 0.789349
0.987663 0.789093
0.987652 0.788837
0.987641 0.788579
0.98763 0.78832
0.987619 0.78806
0.987608 0.787799
0.987597 0.787537
0.987586 0.787274
0.987574 0.78701
0.987563 0.786744
0.987552 0.786478
0.987541 0.78621
0.987529 0.785941
0.987518 0.785671
0.987506 0.7854
0.987495 0.785128
0.987483 0.784854
0.987471 0.78458
0.98746 0.784304
0.987448 0.784027
0.987436 0.783748
0.987424 0.783469
0.987412 0.783188
0.9874 0.782906
0.987388 0.782623
0.987376 0.782338
0.987364 0.782052
0.987352 0.781765
0.98734 0.781477
0.987327 0.781188
0.987315 0.780897
0.987303 0.780605
0.98729 0.780311
0.987278 0.780016
0.987265 0.77972
0.987252 0.779423
0.98724 0.779124
0.987227 0.778823
0.987214 0.778522
0.987201 0.778219
0.987188 0.777915
0.987175 0.777609
0.987162 0.777302
0.987149 0.776993
0.987136 0.776683
0.987123 0.776372
0.987109 0.776059
0.987096 0.775744
0.987083 0.775429
0.987069 0.775111
0.987056 0.774793
0.987042 0.774472
0.987028 0.77415
0.987014 0.773827
0.987001 0.773502
0.986987 0.773176
0.986973 0.772848
0.986959 0.772518
0.986945 0.772187
0.98693 0.771855
0.986916 0.77152
0.986902 0.771184
0.986888 0.770847
0.986873 0.770508
0.986859 0.770167
0.986844 0.769824
0.986829 0.76948
0.986815 0.769134
0.9868 0.768787
0.986785 0.768438
0.98677 0.768087
0.986755 0.767734
0.98674 0.767379
0.986725 0.767023
0.986709 0.766665
0.986694 0.766305
0.986678 0.765944
0.986663 0.76558
0.986647 0.765215
0.986632 0.764848
0.986616 0.764479
0.9866 0.764108
0.986584 0.763736
0.986568 0.763361
0.986552 0.762985
0.986536 0.762606
0.98652 0.762226
0.986503 0.761844
0.986487 0.761459
0.98647 0.761073
0.986454 0.760685
0.986437 0.760294
0.98642 0.759902
0.986403 0.759508
0.986386 0.759111
0.986369 0.758712
0.986352 0.758312
0.986335 0.757909
0.986317 0.757504
0.9863 0.757097
0.986283 0.756688
0.986265 0.756276
0.986247 0.755863
0.986229 0.755447
0.986211 0.755029
0.986193 0.754609
0.986175 0.754186
0.986157 0.753761
0.986139 0.753334
0.98612 0.752904
0.986102 0.752473
0.986083 0.752038
0.986064 0.751602
0.986045 0.751163
0.986026 0.750721
0.986007 0.750277
0.985988 0.749831
0.985969 0.749382
0.985949 0.748931
0.98593 0.748477
0.98591 0.748021
0.98589 0.747562
0.98587 0.7471
0.98585 0.746636
0.98583 0.746169
0.98581 0.7457
0.98579 0.745228
0.985769 0.744753
0.985749 0.744275
0.985728 0.743795
0.985707 0.743312
0.985686 0.742826
0.985665 0.742338
0.985644 0.741846
0.985622 0.741352
0.985601 0.740855
0.985579 0.740354
0.985557 0.739851
0.985535 0.739345
0.985513 0.738836
0.985491 0.738324
0.985469 0.737809
0.985446 0.737291
0.985424 0.73677
0.985401 0.736246
0.985378 0.735719
0.985355 0.735188
0.985332 0.734654
0.985309 0.734117
0.985285 0.733577
0.985262 0.733034
0.985238 0.732487
0.985214 0.731937
0.98519 0.731383
0.985166 0.730826
0.985141 0.730266
0.985117 0.729702
0.985092 0.729135
0.985067 0.728564
0.985042 0.72799
0.985017 0.727412
0.984991 0.726831
0.984966 0.726245
0.98494 0.725657
0.984914 0.725064
0.984888 0.724468
0.984862 0.723868
0.984835 0.723264
0.984809 0.722656
0.984782 0.722045
0.984755 0.721429
0.984728 0.72081
0.9847 0.720187
0.984673 0.719559
0.984645 0.718928
0.984617 0.718292
0.984589 0.717653
0.98456 0.717009
0.984532 0.716361
0.984503 0.715709
0.984474 0.715052
0.984445 0.714391
0.984416 0.713726
0.984386 0.713056
0.984356 0.712382
0.984326 0.711704
0.984296 0.711021
0.984266 0.710333
0.984235 0.709641
0.984204 0.708944
0.984173 0.708242
0.984142 0.707536
0.98411 0.706825
0.984078 0.706109
0.984046 0.705388
0.984014 0.704662
0.983981 0.703932
0.983949 0.703196
0.983916 0.702455
0.983882 0.701709
0.983849 0.700958
0.983815 0.700202
0.983781 0.69944
0.983747 0.698674
0.983712 0.697901
0.983677 0.697124
0.983642 0.696341
0.983607 0.695552
0.983571 0.694758
0.983535 0.693958
0.983499 0.693153
0.983462 0.692342
0.983426 0.691525
0.983388 0.690702
0.983351 0.689873
0.983313 0.689039
0.983275 0.688198
0.983237 0.687352
0.983198 0.686499
0.983159 0.68564
0.98312 0.684775
0.98308 0.683903
0.983041 0.683025
0.983 0.682141
0.98296 0.68125
0.982919 0.680353
0.982878 0.679449
0.982836 0.678538
0.982794 0.67762
0.982752 0.676696
0.982709 0.675765
0.982666 0.674827
0.982622 0.673882
0.982579 0.67293
0.982534 0.67197
0.98249 0.671004
0.982445 0.67003
0.9824 0.669049
0.982354 0.66806
0.982308 0.667064
0.982261 0.66606
0.982214 0.665048
0.982167 0.664029
0.982119 0.663002
0.982071 0.661967
0.982022 0.660924
0.981973 0.659873
0.981924 0.658814
0.981874 0.657747
0.981823 0.656671
0.981772 0.655587
0.981721 0.654495
0.981669 0.653394
0.981617 0.652285
0.981564 0.651166
0.98151 0.650039
0.981457 0.648903
0.981402 0.647758
0.981347 0.646604
0.981292 0.645441
0.981236 0.644269
0.98118 0.643087
0.981123 0.641896
0.981065 0.640696
0.981007 0.639486
0.980949 0.638266
0.980889 0.637036
0.98083 0.635797
0.980769 0.634547
0.980708 0.633288
0.980647 0.632018
0.980584 0.630738
0.980522 0.629448
0.980458 0.628147
0.980394 0.626835
0.980329 0.625513
0.980264 0.624181
0.980198 0.622837
0.980131 0.621482
0.980064 0.620117
0.979996 0.61874
0.979927 0.617352
0.979857 0.615952
0.979787 0.614541
0.979716 0.613118
0.979644 0.611684
0.979572 0.610238
0.979498 0.60878
0.979424 0.60731
0.97935 0.605827
0.979274 0.604333
0.979197 0.602826
0.97912 0.601307
0.979042 0.599775
0.978963 0.59823
0.978883 0.596673
0.978803 0.595103
0.978721 0.593519
0.978638 0.591923
0.978555 0.590313
0.978471 0.58869
0.978385 0.587054
0.978299 0.585404
0.978212 0.58374
0.978124 0.582063
0.978035 0.580371
0.977944 0.578666
0.977853 0.576946
0.977761 0.575212
0.977667 0.573464
0.977573 0.571701
0.977477 0.569924
0.977381 0.568132
0.977283 0.566325
0.977184 0.564504
0.977084 0.562667
0.976983 0.560815
0.97688 0.558948
0.976776 0.557066
0.976672 0.555168
0.976565 0.553255
0.976458 0.551326
0.976349 0.549382
0.976239 0.547421
0.976127 0.545445
0.976015 0.543453
0.9759 0.541445
0.975785 0.53942
0.975668 0.537379
0.975549 0.535322
0.975429 0.533248
0.975308 0.531158
0.975185 0.529051
0.97506 0.526928
0.974934 0.524788
0.974806 0.522631
0.974677 0.520457
0.974546 0.518266
0.974413 0.516059
0.974279 0.513834
0.974143 0.511592
0.974005 0.509333
0.973865 0.507057
0.973724 0.504763
0.973581 0.502452
0.973435 0.500124
0.973288 0.497779
0.973139 0.495416
0.972988 0.493036
0.972835 0.490639
0.97268 0.488224
0.972523 0.485792
0.972364 0.483342
0.972202 0.480875
0.972039 0.478391
0.971873 0.47589
0.971705 0.473371
0.971535 0.470835
0.971362 0.468282
0.971187 0.465712
0.97101 0.463124
0.97083 0.46052
0.970648 0.457899
0.970463 0.455261
0.970276 0.452606
0.970086 0.449935
0.969894 0.447248
0.969698 0.444543
0.9695 0.441823
0.9693 0.439087
0.969096 0.436334
0.96889 0.433566
0.96868 0.430782
0.968468 0.427983
0.968253 0.425169
0.968035 0.422339
0.967813 0.419495
0.967589 0.416636
0.967361 0.413763
0.96713 0.410876
0.966895 0.407974
0.966658 0.40506
0.966417 0.402132
0.966172 0.39919
0.965924 0.396237
0.965672 0.39327
0.965417 0.390292
0.965158 0.387302
0.964895 0.3843
0.964629 0.381288
0.964358 0.378265
0.964084 0.375231
0.963806 0.372188
0.963523 0.369135
0.963237 0.366073
0.962946 0.363003
0.962651 0.359924
0.962352 0.356838
0.962049 0.353744
0.961741 0.350644
0.961428 0.347537
0.961111 0.344424
0.96079 0.341306
0.960463 0.338183
0.960132 0.335056
0.959796 0.331926
0.959456 0.328792
0.95911 0.325655
0.958759 0.322516
0.958403 0.319376
0.958042 0.316234
0.957675 0.313093
0.957304 0.309951
0.956926 0.306811
0.956544 0.303671
0.956156 0.300534
0.955762 0.297399
0.955362 0.294267
0.954957 0.29114
0.954546 0.288016
0.954129 0.284898
0.953705 0.281785
0.953276 0.278679
0.952841 0.275579
0.952399 0.272487
0.951951 0.269403
0.951497 0.266328
0.951036 0.263263
0.950568 0.260207
0.950094 0.257162
0.949613 0.254128
0.949125 0.251105
0.948631 0.248096
0.948129 0.245099
0.947621 0.242115
0.947105 0.239146
0.946582 0.236192
0.946052 0.233252
0.945514 0.230329
0.944969 0.227422
0.944416 0.224532
0.943856 0.221659
0.943288 0.218804
0.942712 0.215967
0.942129 0.213149
0.941537 0.210351
0.940937 0.207572
0.94033 0.204814
0.939714 0.202076
0.93909 0.19936
0.938457 0.196664
0.937816 0.193991
0.937167 0.19134
0.936508 0.188712
0.935842 0.186106
0.935166 0.183524
0.934482 0.180966
0.933788 0.178431
0.933086 0.17592
0.932375 0.173434
0.931654 0.170973
0.930924 0.168536
0.930185 0.166125
0.929437 0.163739
0.928679 0.161378
0.927911 0.159043
0.927134 0.156734
0.926347 0.154451
0.925551 0.152194
0.924744 0.149963
0.923928 0.147758
0.923102 0.145579
0.922265 0.143427
0.921418 0.141302
0.920562 0.139202
0.919694 0.13713
0.918817 0.135083
0.917929 0.133063
0.91703 0.13107
0.916121 0.129103
0.915201 0.127162
0.914271 0.125248
0.913329 0.123359
0.912377 0.121497
0.911414 0.119661
0.910439 0.11785
0.909454 0.116066
0.908457 0.114307
0.907449 0.112574
0.90643 0.110866
0.905399 0.109183
0.904357 0.107525
0.903304 0.105892
0.902238 0.104284
0.901161 0.1027
0.900073 0.10114
0.898972 0.0996049
0.89786 0.0980933
0.896735 0.0966055
0.895599 0.0951411
0.89445 0.0936999
0.89329 0.0922817
0.892117 0.0908863
0.890931 0.0895134
0.889734 0.0881628
0.888523 0.0868343
0.887301 0.0855276
0.886066 0.0842424
0.884818 0.0829785
0.883557 0.0817357
0.882283 0.0805136
0.880997 0.0793121
0.879698 0.0781309
0.878385 0.0769696
0.87706 0.0758282
0.875721 0.0747062
0.87437 0.0736034
0.873004 0.0725197
0.871626 0.0714546
0.870234 0.0704079
0.868828 0.0693795
0.867409 0.0683689
0.865977 0.0673761
0.86453 0.0664006
0.86307 0.0654423
0.861596 0.0645008
0.860107 0.063576
0.858605 0.0626676
0.857089 0.0617753
0.855559 0.0608989
0.854014 0.0600381
0.852455 0.0591927
0.850881 0.0583624
0.849293 0.057547
0.847691 0.0567463
0.846074 0.05596
0.844442 0.0551878
0.842795 0.0544296
0.841134 0.0536851
0.839457 0.0529542
0.837766 0.0522364
0.836059 0.0515317
0.834338 0.0508399
0.832601 0.0501606
0.830848 0.0494937
0.829081 0.048839
0.827298 0.0481962
0.825499 0.0475652
0.823684 0.0469458
0.821854 0.0463377
0.820008 0.0457408
0.818147 0.0451548
0.816269 0.0445796
0.814375 0.044015
0.812465 0.0434608
0.810539 0.0429168
0.808596 0.0423828
0.806637 0.0418587
0.804662 0.0413442
0.80267 0.0408393
0.800662 0.0403437
0.798636 0.0398573
0.796594 0.0393799
0.794536 0.0389113
0.79246 0.0384514
0.790367 0.0380001
0.788257 0.0375571
0.78613 0.0371224
0.783985 0.0366957
0.781823 0.036277
0.779644 0.0358661
0.777447 0.0354628
0.775233 0.0350671
0.773001 0.0346787
0.770751 0.0342976
0.768483 0.0339237
0.766198 0.0335567
0.763894 0.0331966
0.761572 0.0328433
0.759233 0.0324965
0.756874 0.0321563
0.754498 0.0318225
0.752103 0.031495
0.74969 0.0311737
0.747258 0.0308584
0.744808 0.0305491
0.742339 0.0302457
0.739851 0.0299479
0.737345 0.0296559
0.734819 0.0293694
0.732275 0.0290884
0.729712 0.0288127
0.727129 0.0285423
0.724528 0.028277
0.721907 0.0280169
0.719267 0.0277618
0.716608 0.0275116
0.71393 0.0272662
0.711232 0.0270256
0.708515 0.0267896
0.705778 0.0265582
0.703022 0.0263314
0.700246 0.026109
0.697451 0.025891
0.694636 0.0256773
0.691802 0.0254678
0.688947 0.0252624
0.686074 0.0250612
0.68318 0.024864
0.680267 0.0246707
0.677334 0.0244814
0.674381 0.0242959
0.671409 0.0241141
0.668417 0.0239361
0.665405 0.0237617
0.662374 0.0235909
0.659323 0.0234237
0.656252 0.02326
0.653162 0.0230997
0.650052 0.0229428
0.646922 0.0227893
0.643773 0.022639
0.640605 0.022492
0.637417 0.0223481
0.63421 0.0222075
0.630984 0.0220699
0.627738 0.0219353
0.624474 0.0218038
0.62119 0.0216753
0.617887 0.0215497
0.614566 0.021427
0.611226 0.0213071
0.607868 0.0211901
0.604491 0.0210758
0.601095 0.0209643
0.597682 0.0208555
0.59425 0.0207494
0.590801 0.0206459
0.587334 0.020545
0.58385 0.0204466
0.580348 0.0203509
0.576829 0.0202576
0.573293 0.0201668
0.569741 0.0200784
0.566172 0.0199925
0.562587 0.019909
0.558986 0.0198278
0.55537 0.019749
0.551737 0.0196725
0.54809 0.0195983
0.544428 0.0195263
0.540751 0.0194566
0.53706 0.0193891
0.533355 0.0193238
0.529637 0.0192607
0.525905 0.0191997
0.52216 0.0191409
0.518403 0.0190842
0.514634 0.0190295
0.510852 0.018977
0.50706 0.0189265
0.503256 0.018878
0.499442 0.0188315
0.495618 0.018787
0.491784 0.0187446
0.48794 0.018704
0.484088 0.0186655
0.480228 0.0186288
0.47636 0.0185941
0.472484 0.0185613
0.468602 0.0185304
0.464713 0.0185013
0.460818 0.0184741
0.456919 0.0184488
0.453014 0.0184253
0.449105 0.0184036
0.445193 0.0183837
0.441277 0.0183656
0.437359 0.0183493
0.433439 0.0183348
0.429518 0.018322
0.425596 0.018311
0.421674 0.0183018
0.417752 0.0182943
0.413832 0.0182884
0.409913 0.0182844
0.405997 0.018282
0.402083 0.0182813
0.398173 0.0182823
0.394267 0.0182849
0.390367 0.0182892
0.386471 0.0182952
0.382582 0.0183029
0.3787 0.0183122
0.374825 0.0183231
0.370959 0.0183356
0.367101 0.0183498
0.363252 0.0183656
0.359414 0.018383
0.355586 0.018402
0.351769 0.0184225
0.347965 0.0184447
0.344173 0.0184685
0.340395 0.0184938
0.33663 0.0185207
0.33288 0.0185491
0.329145 0.0185791
0.325425 0.0186106
0.321722 0.0186437
0.318036 0.0186783
0.314368 0.0187145
0.310717 0.0187522
0.307085 0.0187914
0.303473 0.0188321
0.29988 0.0188743
0.296307 0.018918
0.292756 0.0189632
0.289225 0.0190099
0.285717 0.0190581
0.282231 0.0191078
0.278768 0.0191589
0.275328 0.0192115
0.271912 0.0192656
0.26852 0.0193212
0.265152 0.0193782
0.26181 0.0194366
0.258493 0.0194965
0.255202 0.0195578
0.251938 0.0196206
0.248699 0.0196848
0.245488 0.0197504
0.242304 0.0198175
0.239148 0.0198859
0.236019 0.0199558
0.232918 0.0200271
0.229846 0.0200997
0.226802 0.0201738
0.223787 0.0202492
0.220801 0.0203261
0.217845 0.0204043
0.214918 0.0204839
0.21202 0.0205648
0.209152 0.0206472
0.206314 0.0207309
0.203506 0.0208159
0.200728 0.0209023
0.19798 0.02099
0.195262 0.0210791
0.192575 0.0211695
0.189918 0.0212612
0.187291 0.0213543
0.184695 0.0214486
0.182129 0.0215443
0.179594 0.0216413
0.177089 0.0217396
0.174614 0.0218392
0.172169 0.0219401
0.169755 0.0220423
0.167371 0.0221457
0.165016 0.0222505
0.162692 0.0223565
0.160397 0.0224637
0.158133 0.0225723
0.155897 0.0226821
0.153692 0.0227931
0.151515 0.0229054
0.149368 0.0230189
0.147249 0.0231336
0.14516 0.0232496
0.143099 0.0233668
0.141066 0.0234853
0.139062 0.0236049
0.137086 0.0237258
0.135137 0.0238478
0.133216 0.0239711
0.131322 0.0240955
0.129456 0.0242211
0.127616 0.0243479
0.125803 0.0244759
0.124017 0.0246051
0.122257 0.0247354
0.120522 0.0248669
0.118813 0.0249996
0.11713 0.0251333
0.115472 0.0252683
0.113838 0.0254044
0.11223 0.0255416
0.110645 0.0256799
0.109085 0.0258194
0.107548 0.02596
0.106035 0.0261017
0.104545 0.0262445
0.103078 0.0263884
0.101634 0.0265334
0.100212 0.0266796
0.0988122 0.0268268
0.0974342 0.0269751
0.0960778 0.0271244
0.0947427 0.0272749
0.0934285 0.0274264
0.092135 0.027579
0.090862 0.0277326
0.0896091 0.0278873
0.0883761 0.028043
0.0871627 0.0281998
0.0859686 0.0283576
0.0847935 0.0285165
0.0836372 0.0286764
0.0824994 0.0288373
0.0813799 0.0289993
0.0802783 0.0291623
0.0791944 0.0293262
0.078128 0.0294912
0.0770787 0.0296572
0.0760464 0.0298242
0.0750307 0.0299922
0.0740314 0.0301612
0.0730482 0.0303311
0.072081 0.0305021
0.0711295 0.030674
0.0701933 0.0308469
0.0692723 0.0310208
0.0683663 0.0311956
0.0674749 0.0313714
0.066598 0.0315482
0.0657353 0.0317259
0.0648866 0.0319045
0.0640517 0.0320841
0.0632304 0.0322647
0.0624223 0.0324461
0.0616274 0.0326285
0.0608454 0.0328119
0.0600761 0.0329961
0.0593192 0.0331813
0.0585746 0.0333674
0.0578421 0.0335544
0.0571214 0.0337424
0.0564124 0.0339312
0.0557149 0.0341209
0.0550286 0.0343116
0.0543535 0.0345031
0.0536892 0.0346955
0.0530357 0.0348888
0.0523927 0.035083
0.05176 0.0352781
0.0511376 0.0354741
0.0505251 0.0356709
0.0499225 0.0358686
0.0493296 0.0360672
0.0487461 0.0362666
0.048172 0.0364669
0.0476071 0.0366681
0.0470512 0.0368701
0.0465042 0.0370729
0.0459659 0.0372767
0.0454362 0.0374812
0.0449149 0.0376866
0.0444019 0.0378929
0.043897 0.0381
0.0434001 0.0383079
0.0429111 0.0385166
0.0424298 0.0387262
0.041956 0.0389366
0.0414898 0.0391479
0.0410308 0.0393599
0.0405791 0.0395728
0.0401344 0.0397865
0.0396967 0.040001
0.0392659 0.0402163
0.0388417 0.0404325
0.0384242 0.0406494
0.0380131 0.0408672
0.0376084 0.0410857
0.03721 0.041305
0.0368178 0.0415252
0.0364316 0.0417461
0.0360513 0.0419679
0.0356769 0.0421904
0.0353083 0.0424137
0.0349453 0.0426378
0.0345878 0.0428627
0.0342358 0.0430883
0.0338891 0.0433148
0.0335478 0.043542
0.0332116 0.04377
0.0328805 0.0439988
0.0325544 0.0442283
0.0322332 0.0444587
0.0319169 0.0446898
0.0316053 0.0449216
0.0312984 0.0451543
0.030996 0.0453877
0.0306982 0.0456218
0.0304049 0.0458567
0.0301159 0.0460924
0.0298311 0.0463289
0.0295506 0.0465661
0.0292743 0.046804
0.029002 0.0470427
0.0287337 0.0472822
0.0284694 0.0475224
0.0282089 0.0477634
0.0279523 0.0480051
0.0276994 0.0482476
0.0274502 0.0484908
0.0272046 0.0487348
0.0269625 0.0489795
0.026724 0.049225
0.0264889 0.0494712
0.0262572 0.0497181
0.0260288 0.0499658
0.0258037 0.0502142
0.0255819 0.0504634
0.0253632 0.0507133
0.0251476 0.050964
0.0249351 0.0512154
0.0247256 0.0514675
0.024519 0.0517204
0.0243154 0.051974
0.0241147 0.0522283
0.0239167 0.0524834
0.0237216 0.0527392
0.0235292 0.0529958
0.0233395 0.053253
0.0231524 0.0535111
0.0229679 0.0537698
0.022786 0.0540293
0.0226066 0.0542895
0.0224297 0.0545505
0.0222553 0.0548122
0.0220832 0.0550746
0.0219135 0.0553378
0.0217461 0.0556017
0.021581 0.0558663
0.0214182 0.0561316
0.0212576 0.0563977
0.0210992 0.0566646
0.0209429 0.0569321
0.0207887 0.0572004
0.0206367 0.0574694
0.0204866 0.0577392
0.0203386 0.0580097
0.0201926 0.0582809
0.0200485 0.0585529
0.0199064 0.0588256
0.0197661 0.0590991
0.0196278 0.0593733
0.0194912 0.0596482
0.0193565 0.0599238
0.0192236 0.0602002
0.0190924 0.0604774
0.0189629 0.0607553
0.0188352 0.0610339
0.0187091 0.0613133
0.0185847 0.0615934
0.0184619 0.0618742
0.0183407 0.0621558
0.0182211 0.0624382
0.018103 0.0627213
0.0179865 0.0630051
0.0178715 0.0632897
0.017758 0.063575
0.0176459 0.0638611
0.0175353 0.064148
0.0174261 0.0644356
0.0173183 0.0647239
0.0172119 0.0650131
0.0171068 0.0653029
0.0170031 0.0655936
0.0169007 0.065885
0.0167996 0.0661771
0.0166999 0.0664701
0.0166013 0.0667637
0.016504 0.0670582
0.016408 0.0673534
0.0163131 0.0676494
0.0162195 0.0679462
0.016127 0.0682437
0.0160357 0.0685421
0.0159456 0.0688412
0.0158565 0.0691411
0.0157686 0.0694417
0.0156818 0.0697432
0.015596 0.0700454
0.0155114 0.0703484
0.0154278 0.0706523
0.0153452 0.0709569
0.0152636 0.0712623
0.0151831 0.0715685
0.0151035 0.0718755
0.0150249 0.0721833
0.0149473 0.0724919
0.0148707 0.0728013
0.014795 0.0731116
0.0147202 0.0734226
0.0146464 0.0737345
0.0145734 0.0740472
0.0145014 0.0743607
0.0144302 0.074675
0.0143599 0.0749901
0.0142904 0.0753061
0.0142218 0.0756229
0.0141541 0.0759406
0.0140871 0.0762591
0.014021 0.0765784
0.0139557 0.0768986
0.0138911 0.0772196
0.0138274 0.0775415
0.0137644 0.0778642
0.0137022 0.0781878
0.0136407 0.0785122
0.01358 0.0788375
0.01352 0.0791637
0.0134608 0.0794908
0.0134022 0.0798187
0.0133444 0.0801475
0.0132873 0.0804772
0.0132308 0.0808077
0.013175 0.0811392
0.0131199 0.0814716
0.0130655 0.0818048
0.0130117 0.082139
0.0129586 0.082474
0.012906 0.08281
0.0128542 0.0831469
0.0128029 0.0834847
0.0127523 0.0838234
0.0127023 0.084163
0.0126529 0.0845036
0.012604 0.0848451
0.0125558 0.0851876
0.0125081 0.085531
0.012461 0.0858753
0.0124145 0.0862206
0.0123685 0.0865669
0.0123231 0.0869141
0.0122783 0.0872623
0.0122339 0.0876114
0.0121901 0.0879616
0.0121469 0.0883127
0.0121041 0.0886648
0.0120619 0.0890179
0.0120202 0.089372
0.011979 0.0897271
0.0119382 0.0900832
0.011898 0.0904403
0.0118583 0.0907984
0.011819 0.0911576
0.0117802 0.0915178
0.0117419 0.091879
0.011704 0.0922412
0.0116667 0.0926046
0.0116297 0.0929689
0.0115932 0.0933343
0.0115572 0.0937008
0.0115216 0.0940684
0.0114864 0.094437
0.0114517 0.0948067
0.0114174 0.0951775
0.0113835 0.0955494
0.01135 0.0959224
0.011317 0.0962965
0.0112843 0.0966717
0.0112521 0.0970481
0.0112202 0.0974255
0.0111888 0.0978041
0.0111577 0.0981839
0.0111271 0.0985648
0.0110968 0.0989468
0.0110669 0.09933
0.0110374 0.0997144
0.0110082 0.1001
0.0109794 0.100487
0.010951 0.100875
0.0109229 0.101264
0.0108952 0.101654
0.0108679 0.102046
0.0108409 0.102438
0.0108142 0.102832
0.0107879 0.103228
0.010762 0.103624
0.0107363 0.104022
0.010711 0.104421
0.0106861 0.104821
0.0106614 0.105223
0.0106371 0.105625
0.0106131 0.106029
0.0105895 0.106435
0.0105661 0.106842
0.0105431 0.10725
0.0105203 0.107659
0.0104979 0.10807
0.0104758 0.108482
0.010454 0.108895
0.0104324 0.10931
0.0104112 0.109726
0.0103903 0.110144
0.0103697 0.110563
0.0103493 0.110983
0.0103293 0.111405
0.0103095 0.111828
0.01029 0.112252
0.0102708 0.112678
0.0102518 0.113106
0.0102332 0.113535
0.0102148 0.113965
0.0101967 0.114397
0.0101788 0.114831
0.0101612 0.115266
0.0101439 0.115702
0.0101269 0.11614
0.0101101 0.116579
0.0100935 0.11702
0.0100772 0.117463
0.0100612 0.117907
0.0100454 0.118353
0.0100299 0.1188
0.0100146 0.119249
0.0099996 0.1197
0.00998482 0.120152
0.00997027 0.120606
0.00995597 0.121061
0.00994191 0.121519
0.00992808 0.121977
0.0099145 0.122438
0.00990114 0.1229
0.00988802 0.123364
0.00987513 0.12383
0.00986248 0.124297
0.00985005 0.124766
0.00983784 0.125237
0.00982587 0.12571
0.00981411 0.126185
0.00980258 0.126661
0.00979128 0.127139
0.00978019 0.127619
0.00976932 0.128101
0.00975867 0.128585
0.00974823 0.129071
0.00973801 0.129558
0.009728 0.130048
0.00971821 0.130539
0.00970863 0.131032
0.00969925 0.131528
0.00969009 0.132025
0.00968114 0.132524
0.00967239 0.133025
0.00966384 0.133529
0.00965551 0.134034
0.00964737 0.134542
0.00963944 0.135051
0.00963171 0.135563
0.00962418 0.136076
0.00961685 0.136592
0.00960972 0.13711
0.00960279 0.13763
0.00959606 0.138152
0.00958952 0.138677
0.00958318 0.139204
0.00957703 0.139733
0.00957108 0.140264
0.00956532 0.140797
0.00955975 0.141333
0.00955438 0.141871
0.00954919 0.142411
0.0095442 0.142954
0.00953939 0.143499
0.00953478 0.144047
0.00953035 0.144597
0.00952611 0.145149
0.00952206 0.145704
0.0095182 0.146261
0.00951452 0.146821
0.00951102 0.147383
0.00950772 0.147948
0.00950459 0.148516
0.00950165 0.149086
0.0094989 0.149658
0.00949633 0.150233
0.00949394 0.150811
0.00949173 0.151392
0.00948971 0.151975
0.00948786 0.152561
0.0094862 0.15315
0.00948472 0.153741
0.00948343 0.154336
0.00948231 0.154933
0.00948137 0.155533
0.00948061 0.156136
0.00948003 0.156741
0.00947963 0.15735
0.00947941 0.157962
0.00947937 0.158576
0.00947951 0.159194
0.00947983 0.159815
0.00948033 0.160438
0.00948101 0.161065
0.00948186 0.161695
0.00948289 0.162328
0.00948411 0.162964
0.0094855 0.163604
0.00948707 0.164246
0.00948882 0.164892
0.00949074 0.165542
0.00949285 0.166194
0.00949513 0.16685
0.0094976 0.16751
0.00950024 0.168172
0.00950306 0.168839
0.00950606 0.169508
0.00950924 0.170182
0.0095126 0.170858
0.00951614 0.171539
0.00951986 0.172223
0.00952376 0.17291
0.00952785 0.173602
0.00953211 0.174297
0.00953655 0.174996
0.00954118 0.175699
0.00954599 0.176405
0.00955098 0.177115
0.00955615 0.17783
0.00956151 0.178548
0.00956705 0.17927
0.00957277 0.179997
0.00957868 0.180727
0.00958478 0.181462
0.00959106 0.1822
0.00959752 0.182943
0.00960418 0.18369
0.00961102 0.184442
0.00961805 0.185197
0.00962526 0.185957
0.00963267 0.186722
0.00964027 0.187491
0.00964805 0.188264
0.00965603 0.189042
0.00966421 0.189825
0.00967257 0.190612
0.00968113 0.191404
0.00968988 0.192201
0.00969883 0.193002
0.00970798 0.193808
0.00971732 0.194619
0.00972686 0.195436
0.0097366 0.196257
0.00974654 0.197083
0.00975669 0.197914
0.00976703 0.19875
0.00977758 0.199592
0.00978833 0.200439
0.00979929 0.201291
0.00981046 0.202148
0.00982183 0.203011
0.00983341 0.20388
0.00984521 0.204753
0.00985721 0.205633
0.00986943 0.206518
0.00988186 0.207409
0.00989451 0.208306
0.00990738 0.209208
0.00992046 0.210117
0.00993377 0.211031
0.0099473 0.211951
0.00996105 0.212878
0.00997502 0.21381
0.00998922 0.214749
0.0100037 0.215694
0.0100183 0.216646
0.0100332 0.217604
0.0100483 0.218568
0.0100637 0.219539
0.0100793 0.220517
0.0100951 0.221501
0.0101112 0.222492
0.0101275 0.22349
0.0101441 0.224495
0.0101609 0.225507
0.0101779 0.226527
0.0101953 0.227553
0.0102128 0.228586
0.0102306 0.229627
0.0102487 0.230676
0.0102671 0.231731
0.0102857 0.232795
0.0103045 0.233866
0.0103236 0.234945
0.010343 0.236031
0.0103627 0.237126
0.0103827 0.238229
0.0104029 0.239339
0.0104234 0.240458
0.0104442 0.241585
0.0104653 0.242721
0.0104866 0.243865
0.0105083 0.245018
0.0105302 0.246179
0.0105525 0.24735
0.010575 0.248529
0.0105979 0.249717
0.010621 0.250914
0.0106445 0.25212
0.0106683 0.253336
0.0106924 0.254561
0.0107168 0.255796
0.0107416 0.25704
0.0107666 0.258294
0.010792 0.259558
0.0108178 0.260832
0.0108439 0.262116
0.0108703 0.26341
0.0108971 0.264714
0.0109242 0.266029
0.0109517 0.267355
0.0109795 0.268691
0.0110077 0.270038
0.0110363 0.271396
0.0110652 0.272765
0.0110946 0.274145
0.0111243 0.275536
0.0111544 0.276939
0.0111849 0.278354
0.0112157 0.27978
0.011247 0.281218
0.0112787 0.282668
0.0113108 0.284131
0.0113434 0.285605
0.0113763 0.287092
0.0114097 0.288592
0.0114435 0.290104
0.0114778 0.291629
0.0115125 0.293167
0.0115477 0.294718
0.0115833 0.296283
0.0116194 0.297861
0.0116559 0.299453
0.011693 0.301059
0.0117305 0.302678
0.0117685 0.304312
0.011807 0.30596
0.011846 0.307622
0.0118856 0.309299
0.0119256 0.310991
0.0119662 0.312697
0.0120074 0.314419
0.012049 0.316156
0.0120913 0.317909
0.012134 0.319677
0.0121774 0.321461
0.0122213 0.323261
0.0122658 0.325077
0.012311 0.326909
0.0123567 0.328759
0.012403 0.330624
0.01245 0.332507
0.0124976 0.334407
0.0125458 0.336324
0.0125947 0.338258
0.0126443 0.340211
0.0126945 0.342181
0.0127454 0.344169
0.012797 0.346175
0.0128494 0.3482
0.0129024 0.350243
0.0129562 0.352305
0.0130107 0.354387
0.013066 0.356487
0.013122 0.358607
0.0131788 0.360746
0.0132364 0.362906
0.0132948 0.365085
0.0133541 0.367284
0.0134141 0.369504
0.0134751 0.371745
0.0135368 0.374006
0.0135995 0.376288
0.013663 0.378592
0.0137275 0.380916
0.0137929 0.383263
0.0138592 0.385631
0.0139265 0.388021
0.0139947 0.390433
0.014064 0.392868
0.0141342 0.395325
0.0142055 0.397805
0.0142778 0.400308
0.0143511 0.402834
0.0144256 0.405383
0.0145011 0.407955
0.0145778 0.410552
0.0146556 0.413171
0.0147345 0.415815
0.0148147 0.418483
0.014896 0.421176
0.0149786 0.423892
0.0150624 0.426633
0.0151474 0.429399
0.0152338 0.43219
0.0153215 0.435006
0.0154105 0.437846
0.0155009 0.440712
0.0155927 0.443603
0.0156859 0.44652
0.0157805 0.449462
0.0158766 0.45243
0.0159742 0.455423
0.0160733 0.458443
0.0161739 0.461488
0.0162762 0.464558
0.01638 0.467655
0.0164855 0.470778
0.0165927 0.473926
0.0167016 0.477101
0.0168122 0.480301
0.0169245 0.483527
0.0170387 0.486779
0.0171547 0.490057
0.0172726 0.493361
0.0173923 0.496691
0.0175141 0.500046
0.0176378 0.503426
0.0177635 0.506832
0.0178912 0.510263
0.0180211 0.513719
0.018153 0.5172
0.0182872 0.520705
0.0184236 0.524236
0.0185622 0.52779
0.0187031 0.531368
0.0188463 0.53497
0.018992 0.538595
0.01914 0.542244
0.0192906 0.545915
0.0194436 0.549608
0.0195992 0.553324
0.0197575 0.557061
0.0199184 0.560819
0.020082 0.564598
0.0202484 0.568397
0.0204175 0.572216
0.0205896 0.576054
0.0207646 0.57991
0.0209425 0.583785
0.0211235 0.587677
0.0213075 0.591586
0.0214947 0.595511
0.0216851 0.599452
0.0218787 0.603407
0.0220757 0.607376
0.022276 0.611359
0.0224797 0.615354
0.0226869 0.619361
0.0228977 0.623379
0.0231121 0.627406
0.0233302 0.631443
0.023552 0.635489
0.0237776 0.639541
0.024007 0.6436
0.0242404 0.647665
0.0244778 0.651734
0.0247193 0.655806
0.0249649 0.659881
0.0252147 0.663958
0.0254688 0.668035
0.0257272 0.672111
0.02599 0.676186
0.0262573 0.680257
0.0265292 0.684325
0.0268056 0.688388
0.0270868 0.692445
0.0273727 0.696495
0.0276635 0.700536
0.0279592 0.704568
0.0282599 0.70859
0.0285656 0.712599
0.0288765 0.716596
0.0291925 0.720579
0.0295139 0.724547
0.0298406 0.728499
0.0301728 0.732433
0.0305104 0.736349
0.0308537 0.740246
0.0312026 0.744122
0.0315572 0.747976
0.0319177 0.751808
0.0322841 0.755616
0.0326564 0.7594
0.0330347 0.763158
0.0334192 0.766889
0.0338099 0.770593
0.0342068 0.774269
0.0346101 0.777915
0.0350198 0.781531
0.035436 0.785116
0.0358588 0.788669
0.0362882 0.79219
0.0367243 0.795677
0.0371672 0.79913
0.037617 0.802548
0.0380738 0.805932
0.0385375 0.809279
0.0390083 0.812589
0.0394863 0.815863
0.0399716 0.819099
0.0404641 0.822296
0.040964 0.825456
0.0414713 0.828576
0.0419862 0.831657
0.0425087 0.834698
0.0430388 0.8377
0.0435766 0.840661
0.0441222 0.843582
0.0446757 0.846463
0.0452371 0.849302
0.0458065 0.852101
0.0463839 0.854859
0.0469695 0.857576
0.0475633 0.860251
0.0481653 0.862886
0.0487756 0.86548
0.0493944 0.868032
0.0500215 0.870544
0.0506572 0.873015
0.0513014 0.875445
0.0519542 0.877835
0.0526158 0.880185
0.0532861 0.882495
0.0539652 0.884765
0.0546531 0.886995
0.05535 0.889186
0.0560558 0.891338
0.0567707 0.893451
0.0574947 0.895526
0.0582278 0.897563
0.0589702 0.899562
0.0597218 0.901525
0.0604827 0.90345
0.061253 0.905339
0.0620327 0.907192
0.0628219 0.909009
0.0636206 0.910791
0.0644288 0.912538
0.0652468 0.914251
0.0660744 0.915931
0.0669117 0.917576
0.0677589 0.91919
0.0686158 0.92077
0.0694827 0.922319
0.0703595 0.923836
0.0712463 0.925323
0.0721431 0.926779
0.07305 0.928205
0.073967 0.929601
0.0748943 0.930969
0.0758318 0.932308
0.0767795 0.933619
0.0777376 0.934902
0.0787061 0.936159
0.079685 0.937389
0.0806743 0.938593
0.0816742 0.939771
0.0826847 0.940925
0.0837058 0.942053
0.0847376 0.943158
0.0857801 0.944238
0.0868333 0.945296
0.0878974 0.946331
0.0889723 0.947343
0.0900581 0.948334
0.0911549 0.949303
0.0922627 0.950251
0.0933816 0.951179
0.0945115 0.952086
0.0956526 0.952974
0.096805 0.953842
0.0979685 0.954691
0.0991434 0.955522
0.10033 0.956335
0.101527 0.95713
0.102736 0.957908
0.103957 0.958668
0.105189 0.959412
0.106433 0.96014
0.107688 0.960852
0.108955 0.961548
0.110234 0.962229
0.111525 0.962895
0.112827 0.963547
0.114141 0.964184
0.115468 0.964807
0.116806 0.965417
0.118157 0.966014
0.119519 0.966597
0.120894 0.967168
0.122281 0.967726
0.12368 0.968272
0.125092 0.968806
0.126516 0.969329
0.127952 0.96984
0.129401 0.97034
0.130863 0.97083
0.132337 0.971309
0.133824 0.971777
0.135323 0.972235
0.136836 0.972684
0.138361 0.973122
0.139899 0.973552
0.141451 0.973972
0.143015 0.974383
0.144592 0.974785
0.146183 0.975178
0.147787 0.975564
0.149404 0.97594
0.151034 0.976309
0.152678 0.97667
0.154336 0.977024
0.156007 0.97737
0.157691 0.977708
0.159389 0.978039
0.161102 0.978364
0.162827 0.978681
0.164567 0.978992
0.166321 0.979296
0.168089 0.979594
0.16987 0.979886
0.171667 0.980171
0.173477 0.980451
0.175301 0.980724
0.17714 0.980992
0.178994 0.981254
0.180862 0.981511
0.182744 0.981763
0.184642 0.982009
0.186554 0.982251
0.18848 0.982487
0.190422 0.982718
0.192379 0.982945
0.19435 0.983167
0.196337 0.983384
0.198339 0.983597
0.200357 0.983806
0.202389 0.98401
0.204437 0.98421
0.206501 0.984406
0.20858 0.984598
0.210675 0.984786
0.212785 0.984971
0.214911 0.985151
0.217053 0.985328
0.219211 0.985501
0.221385 0.985671
0.223576 0.985837
0.225782 0.986
0.228005 0.98616
0.230243 0.986316
0.232499 0.98647
0.234771 0.98662
0.237059 0.986767
0.239364 0.986911
0.241685 0.987053
0.244024 0.987191
0.246379 0.987327
0.248751 0.98746
0.25114 0.98759
0.253546 0.987717
0.255969 0.987843
0.25841 0.987965
0.260867 0.988085
0.263342 0.988203
0.265834 0.988318
0.268344 0.988431
0.270871 0.988542
0.273416 0.98865
0.275978 0.988756
0.278558 0.988861
0.281156 0.988963
0.283771 0.989063
0.286404 0.98916
0.289055 0.989256
0.291724 0.98935
0.294411 0.989442
0.297116 0.989532
0.299839 0.989621
0.30258 0.989707
0.305339 0.989792
0.308116 0.989875
0.310912 0.989956
0.313725 0.990036
0.316557 0.990114
0.319407 0.99019
0.322275 0.990265
0.325161 0.990338
0.328066 0.990409
0.330989 0.990479
0.33393 0.990548
0.33689 0.990615
0.339867 0.990681
0.342863 0.990745
0.345877 0.990808
0.34891 0.990869
0.35196 0.990929
0.355029 0.990988
0.358116 0.991045
0.36122 0.991101
0.364343 0.991156
0.367484 0.99121
0.370642 0.991262
0.373819 0.991314
0.377013 0.991364
0.380225 0.991412
0.383454 0.99146
0.386701 0.991507
0.389965 0.991552
0.393247 0.991596
0.396546 0.991639
0.399861 0.991682
0.403194 0.991723
0.406544 0.991763
0.40991 0.991802
0.413293 0.991839
0.416692 0.991876
0.420107 0.991912
0.423538 0.991947
0.426985 0.991981
0.430448 0.992014
0.433926 0.992046
0.437419 0.992077
0.440928 0.992108
0.444451 0.992137
0.447989 0.992165
0.45154 0.992193
0.455106 0.992219
0.458686 0.992245
0.462279 0.99227
0.465886 0.992294
0.469505 0.992317
0.473137 0.992339
0.476782 0.992361
0.480438 0.992381
0.484106 0.992401
0.487785 0.99242
0.491475 0.992438
0.495176 0.992456
0.498887 0.992472
0.502608 0.992488
0.506338 0.992503
0.510077 0.992517
0.513825 0.992531
0.517581 0.992544
0.521345 0.992556
0.525117 0.992567
0.528895 0.992577
0.532679 0.992587
0.53647 0.992596
0.540266 0.992605
0.544067 0.992612
0.547872 0.992619
0.551681 0.992625
0.555494 0.992631
0.55931 0.992636
0.563128 0.99264
0.566949 0.992643
0.57077 0.992646
0.574593 0.992648
0.578415 0.99265
0.582238 0.99265
0.586059 0.99265
0.589879 0.99265
0.593697 0.992648
0.597513 0.992646
0.601325 0.992644
0.605134 0.99264
0.608938 0.992637
0.612737 0.992632
0.616531 0.992627
0.620318 0.992621
0.624099 0.992614
0.627873 0.992607
0.631639 0.992599
0.635396 0.992591
0.639144 0.992582
0.642882 0.992572
0.64661 0.992562
0.650327 0.992551
0.654032 0.99254
0.657726 0.992527
0.661406 0.992515
0.665074 0.992501
0.668727 0.992487
0.672367 0.992473
0.675991 0.992457
0.6796 0.992442
0.683192 0.992425
0.686768 0.992408
0.690327 0.992391
0.693868 0.992372
0.697391 0.992353
0.700895 0.992334
0.70438 0.992314
0.707845 0.992293
0.711289 0.992272
0.714714 0.99225
0.718117 0.992228
0.721498 0.992205
0.724857 0.992182
0.728194 0.992158
0.731508 0.992133
0.734799 0.992108
0.738065 0.992082
0.741308 0.992055
0.744527 0.992028
0.74772 0.992001
0.750889 0.991973
0.754032 0.991944
0.757149 0.991915
0.760241 0.991885
0.763306 0.991855
0.766344 0.991824
0.769355 0.991792
0.77234 0.99176
0.775297 0.991728
0.778227 0.991695
0.781129 0.991661
0.784003 0.991627
0.786849 0.991592
0.789667 0.991557
0.792456 0.991521
0.795217 0.991485
0.79795 0.991448
0.800654 0.99141
0.803329 0.991372
0.805975 0.991334
0.808593 0.991295
0.811181 0.991255
0.813741 0.991215
0.816272 0.991174
0.818773 0.991133
0.821246 0.991092
0.82369 0.99105
0.826105 0.991007
0.828491 0.990964
0.830849 0.99092
0.833178 0.990876
0.835478 0.990831
0.83775 0.990786
0.839993 0.99074
0.842208 0.990694
0.844394 0.990648
0.846553 0.9906
0.848683 0.990553
0.850786 0.990505
0.852861 0.990456
0.854909 0.990407
0.856929 0.990357
0.858923 0.990307
0.860889 0.990257
0.862828 0.990206
0.864741 0.990154
0.866627 0.990102
0.868488 0.99005
0.870322 0.989997
0.87213 0.989944
0.873913 0.98989
0.875671 0.989836
0.877404 0.989781
0.879111 0.989726
0.880795 0.98967
0.882453 0.989614
0.884088 0.989558
0.885699 0.989501
0.887286 0.989443
0.88885 0.989386
0.89039 0.989327
0.891908 0.989269
0.893403 0.98921
0.894876 0.98915
0.896326 0.98909
0.897755 0.98903
0.899162 0.988969
0.900548 0.988908
0.901913 0.988847
0.903257 0.988785
0.90458 0.988722
0.905883 0.988659
0.907167 0.988596
0.90843 0.988533
0.909674 0.988469
0.910898 0.988404
0.912104 0.98834
0.913291 0.988275
0.91446 0.988209
0.91561 0.988143
0.916742 0.988077
0.917857 0.98801
0.918954 0.987943
0.920034 0.987876
0.921097 0.987808
0.922143 0.98774
0.923173 0.987671
0.924187 0.987603
0.925185 0.987533
0.926166 0.987464
0.927133 0.987394
0.928084 0.987324
0.92902 0.987253
0.929941 0.987182
0.930848 0.987111
0.93174 0.987039
0.932619 0.986967
0.933483 0.986895
0.934334 0.986822
0.935171 0.986749
0.935995 0.986676
0.936805 0.986603
0.937603 0.986529
0.938389 0.986454
0.939162 0.98638
0.939922 0.986305
0.940671 0.98623
0.941407 0.986154
0.942132 0.986079
0.942846 0.986003
0.943548 0.985926
0.94424 0.98585
0.94492 0.985773
0.945589 0.985695
0.946248 0.985618
0.946897 0.98554
0.947535 0.985462
0.948164 0.985383
0.948782 0.985305
0.949391 0.985226
0.94999 0.985147
0.95058 0.985067
0.95116 0.984987
0.951732 0.984907
0.952294 0.984827
0.952848 0.984746
0.953393 0.984666
0.95393 0.984585
0.954458 0.984503
0.954978 0.984422
0.95549 0.98434
0.955994 0.984258
0.956491 0.984175
0.956979 0.984093
0.95746 0.98401
0.957934 0.983927
0.958401 0.983844
0.95886 0.98376
0.959312 0.983677
0.959757 0.983593
0.960196 0.983509
0.960627 0.983424
0.961053 0.983339
0.961471 0.983255
0.961884 0.98317
0.96229 0.983084
0.96269 0.982999
0.963084 0.982913
0.963472 0.982827
0.963854 0.982741
0.96423 0.982655
0.964601 0.982568
0.964967 0.982482
0.965326 0.982395
0.965681 0.982308
0.96603 0.98222
0.966374 0.982133
0.966713 0.982045
0.967047 0.981957
0.967376 0.981869
0.9677 0.981781
0.968019 0.981693
0.968334 0.981604
0.968644 0.981515
0.968949 0.981427
0.96925 0.981338
0.969547 0.981248
0.96984 0.981159
0.970128 0.981069
0.970412 0.98098
0.970692 0.98089
0.970967 0.9808
0.971239 0.980709
0.971507 0.980619
0.971772 0.980529
0.972032 0.980438
0.972289 0.980347
0.972542 0.980256
0.972791 0.980165
0.973037 0.980074
0.97328 0.979982
0.973519 0.979891
0.973755 0.979799
0.973987 0.979707
0.974216 0.979615
0.974442 0.979523
0.974665 0.979431
0.974885 0.979339
0.975102 0.979246
0.975316 0.979154
0.975526 0.979061
0.975734 0.978968
0.975939 0.978876
0.976142 0.978783
0.976341 0.978689
0.976538 0.978596
0.976732 0.978503
0.976924 0.978409
0.977112 0.978316
0.977299 0.978222
0.977483 0.978128
0.977664 0.978034
0.977843 0.97794
0.97802 0.977846
0.978194 0.977752
0.978366 0.977658
0.978535 0.977563
0.978703 0.977469
0.978868 0.977374
0.979031 0.97728
0.979192 0.977185
0.979351 0.97709
0.979507 0.976995
0.979662 0.9769
0.979815 0.976805
0.979965 0.97671
0.980114 0.976615
0.980261 0.97652
0.980406 0.976424
0.980549 0.976329
0.98069 0.976233
0.980829 0.976138
0.980967 0.976042
0.981103 0.975947
0.981237 0.975851
0.981369 0.975755
0.9815 0.975659
0.981629 0.975563
0.981757 0.975467
0.981883 0.975371
0.982007 0.975275
0.98213 0.975179
0.982251 0.975082
0.982371 0.974986
0.982489 0.97489
0.982606 0.974793
0.982721 0.974697
0.982835 0.974601
0.982948 0.974504
0.983059 0.974407
0.983169 0.974311
0.983278 0.974214
0.983385 0.974118
0.983491 0.974021
0.983595 0.973924
0.983699 0.973827
0.983801 0.97373
0.983902 0.973634
0.984001 0.973537
0.9841 0.97344
0.984197 0.973343
0.984293 0.973246
0.984388 0.973149
0.984482 0.973052
0.984575 0.972955
0.984666 0.972858
0.984757 0.972761
0.984847 0.972663
0.984935 0.972566
0.985023 0.972469
0.985109 0.972372
0.985194 0.972275
0.985279 0.972178
0.985362 0.97208
0.985445 0.971983
0.985526 0.971886
0.985607 0.971789
0.985687 0.971691
0.985766 0.971594
0.985843 0.971497
0.98592 0.971399
0.985997 0.971302
0.986072 0.971205
0.986146 0.971108
0.98622 0.97101
0.986293 0.970913
0.986365 0.970816
0.986436 0.970718
0.986506 0.970621
0.986576 0.970524
0.986644 0.970426
0.986712 0.970329
0.98678 0.970232
0.986846 0.970135
0.986912 0.970037
0.986977 0.96994
0.987041 0.969843
0.987105 0.969746
0.987168 0.969648
0.98723 0.969551
0.987292 0.969454
0.987353 0.969357
0.987413 0.96926
0.987473 0.969163
0.987531 0.969065
0.98759 0.968968
0.987647 0.968871
0.987705 0.968774
0.987761 0.968677
0.987817 0.96858
0.987872 0.968483
0.987927 0.968386
0.987981 0.968289
0.988034 0.968192
0.988087 0.968095
0.98814 0.967998
0.988192 0.967901
0.988243 0.967805
0.988294 0.967708
0.988344 0.967611
0.988393 0.967514
0.988443 0.967418
0.988491 0.967321
0.988539 0.967224
0.988587 0.967128
0.988634 0.967031
0.988681 0.966935
0.988727 0.966838
0.988773 0.966742
0.988818 0.966645
0.988863 0.966549
0.988907 0.966452
0.988951 0.966356
0.988994 0.96626
0.989037 0.966163
0.98908 0.966067
0.989122 0.965971
0.989164 0.965875
0.989205 0.965779
0.989246 0.965683
0.989286 0.965587
0.989326 0.965491
0.989366 0.965395
0.989405 0.965299
0.989444 0.965203
0.989482 0.965108
0.989521 0.965012
0.989558 0.964916
0.989595 0.964821
0.989632 0.964725
0.989669 0.96463
0.989705 0.964534
0.989741 0.964439
0.989777 0.964343
0.989812 0.964248
0.989846 0.964153
0.989881 0.964058
0.989915 0.963962
0.989949 0.963867
0.989982 0.963772
0.990015 0.963677
0.990048 0.963582
0.990081 0.963487
0.990113 0.963393
0.990145 0.963298
0.990176 0.963203
0.990207 0.963109
0.990238 0.963014
0.990269 0.962919
0.990299 0.962825
0.990329 0.962731
0.990359 0.962636
0.990389 0.962542
0.990418 0.962448
0.990447 0.962354
0.990475 0.962259
0.990504 0.962165
0.990532 0.962071
0.99056 0.961978
0.990587 0.961884
0.990615 0.96179
0.990642 0.961696
0.990668 0.961603
0.990695 0.961509
0.990721 0.961415
0.990747 0.961322
0.990773 0.961229
0.990799 0.961135
0.990824 0.961042
0.990849 0.960949
0.990874 0.960856
0.990898 0.960763
0.990923 0.96067
0.990947 0.960577
0.990971 0.960484
0.990994 0.960391
0.991018 0.960299
0.991041 0.960206
0.991064 0.960113
0.991087 0.960021
0.99111 0.959929
0.991132 0.959836
0.991154 0.959744
0.991176 0.959652
0.991198 0.95956
0.99122 0.959468
0.991241 0.959376
0.991262 0.959284
0.991283 0.959192
0.991304 0.9591
0.991325 0.959008
0.991345 0.958917
0.991365 0.958825
0.991385 0.958734
0.991405 0.958643
0.991425 0.958551
0.991444 0.95846
0.991464 0.958369
0.991483 0.958278
0.991502 0.958187
0.991521 0.958096
0.991539 0.958005
0.991558 0.957914
0.991576 0.957824
0.991594 0.957733
0.991612 0.957643
0.99163 0.957552
0.991647 0.957462
0.991665 0.957371
0.991682 0.957281
0.991699 0.957191
0.991716 0.957101
0.991733 0.957011
0.99175 0.956921
0.991766 0.956831
0.991783 0.956742
0.991799 0.956652
0.991815 0.956563
0.991831 0.956473
0.991847 0.956384
0.991863 0.956294
0.991878 0.956205
0.991894 0.956116
0.991909 0.956027
0.991924 0.955938
0.991939 0.955849
0.991954 0.95576
0.991968 0.955671
0.991983 0.955583
0.991997 0.955494
0.992012 0.955406
0.992026 0.955317
0.99204 0.955229
0.992054 0.955141
0.992068 0.955053
0.992081 0.954964
0.992095 0.954876
0.992108 0.954789
0.992122 0.954701
0.992135 0.954613
0.992148 0.954525
0.992161 0.954438
0.992174 0.95435
0.992187 0.954263
0.992199 0.954176
0.992212 0.954088
0.992224 0.954001
0.992236 0.953914
0.992249 0.953827
0.992261 0.95374
0.992273 0.953654
0.992284 0.953567
0.992296 0.95348
0.992308 0.953394
0.992319 0.953307
0.992331 0.953221
0.992342 0.953135
0.992353 0.953048
0.992364 0.952962
0.992376 0.952876
0.992386 0.95279
0.992397 0.952704
0.992408 0.952619
0.992419 0.952533
0.992429 0.952447
0.99244 0.952362
0.99245 0.952276
0.99246 0.952191
0.99247 0.952106
0.992481 0.952021
0.99249 0.951936
0.9925 0.951851
0.99251 0.951766
0.99252 0.951681
0.99253 0.951596
0.992539 0.951512
0.992549 0.951427
0.992558 0.951343
0.992567 0.951258
0.992576 0.951174
0.992586 0.95109
0.992595 0.951006
0.992604 0.950922
0.992612 0.950838
0.992621 0.950754
0.99263 0.95067
0.992639 0.950586
0.992647 0.950503
0.992656 0.950419
0.992664 0.950336
0.992672 0.950253
0.992681 0.950169
0.992689 0.950086
0.992697 0.950003
0.992705 0.94992
0.992713 0.949837
0.992721 0.949755
0.992729 0.949672
0.992736 0.949589
0.992744 0.949507
0.992752 0.949424
0.992759 0.949342
0.992767 0.94926
0.992774 0.949177
0.992781 0.949095
0.992789 0.949013
0.992796 0.948931
0.992803 0.94885
0.99281 0.948768
0.992817 0.948686
0.992824 0.948605
0.992831 0.948523
0.992838 0.948442
0.992844 0.948361
0.992851 0.948279
0.992858 0.948198
0.992864 0.948117
0.992871 0.948036
0.992877 0.947955
0.992883 0.947875
0.99289 0.947794
0.992896 0.947713
0.992902 0.947633
0.992908 0.947552
0.992914 0.947472
0.99292 0.947392
0.992926 0.947312
0.992932 0.947232
0.992938 0.947152
0.992944 0.947072
0.99295 0.946992
0.992955 0.946912
0.992961 0.946833
0.992967 0.946753
0.992972 0.946673
0.992977 0.946594
0.992983 0.946515
0.992988 0.946436
0.992994 0.946357
0.992999 0.946277
0.993004 0.946199
0.993009 0.94612
0.993014 0.946041
0.993019 0.945962
0.993024 0.945884
0.993029 0.945805
0.993034 0.945727
0.993039 0.945648
0.993044 0.94557
0.993049 0.945492
0.993053 0.945414
0.993058 0.945336
0.993063 0.945258
0.993067 0.94518
0.993072 0.945102
0.993076 0.945025
0.993081 0.944947
0.993085 0.94487
0.993089 0.944792
0.993094 0.944715
0.993098 0.944638
0.993102 0.944561
0.993106 0.944484
0.993111 0.944407
0.993115 0.94433
0.993119 0.944253
0.993123 0.944176
0.993127 0.9441
0.993131 0.944023
0.993135 0.943947
0.993138 0.94387
0.993142 0.943794
0.993146 0.943718
0.99315 0.943642
0.993153 0.943566
0.993157 0.94349
0.993161 0.943414
0.993164 0.943338
0.993168 0.943263
0.993171 0.943187
0.993175 0.943112
0.993178 0.943036
0.993181 0.942961
0.993185 0.942885
0.993188 0.94281
0.993191 0.942735
0.993195 0.94266
0.993198 0.942585
0.993201 0.94251
0.993204 0.942436
0.993207 0.942361
0.99321 0.942286
0.993213 0.942212
0.993216 0.942137
0.993219 0.942063
0.993222 0.941989
0.993225 0.941915
0.993228 0.941841
0.993231 0.941767
0.993234 0.941693
0.993236 0.941619
0.993239 0.941545
0.993242 0.941471
0.993244 0.941398
0.993247 0.941324
0.99325 0.941251
0.993252 0.941177
0.993255 0.941104
0.993257 0.941031
0.99326 0.940958
0.993262 0.940885
0.993265 0.940812
0.993267 0.940739
0.993269 0.940666
0.993272 0.940593
0.993274 0.940521
0.993276 0.940448
0.993278 0.940376
0.993281 0.940303
0.993283 0.940231
0.993285 0.940159
0.993287 0.940087
0.993289 0.940015
0.993291 0.939943
0.993293 0.939871
0.993295 0.939799
0.993297 0.939727
0.993299 0.939656
0.993301 0.939584
0.993303 0.939513
0.993305 0.939441
0.993307 0.93937
0.993309 0.939299
0.99331 0.939227
0.993312 0.939156
0.993314 0.939085
0.993316 0.939014
0.993317 0.938943
0.993319 0.938873
0.993321 0.938802
0.993322 0.938731
0.993324 0.938661
0.993326 0.93859
0.993327 0.93852
0.993329 0.93845
0.99333 0.938379
0.993332 0.938309
0.993333 0.938239
0.993335 0.938169
0.993336 0.938099
0.993337 0.938029
0.993339 0.93796
0.99334 0.93789
0.993341 0.93782
0.993343 0.937751
0.993344 0.937681
0.993345 0.937612
0.993347 0.937542
0.993348 0.937473
0.993349 0.937404
0.99335 0.937335
0.993351 0.937266
0.993352 0.937197
0.993354 0.937128
0.993355 0.937059
0.993356 0.936991
0.993357 0.936922
0.993358 0.936854
0.993359 0.936785
0.99336 0.936717
0.993361 0.936648
0.993362 0.93658
0.993363 0.936512
0.993364 0.936444
0.993364 0.936376
0.993365 0.936308
0.993366 0.93624
0.993367 0.936172
0.993368 0.936104
0.993369 0.936037
0.993369 0.935969
0.99337 0.935902
0.993371 0.935834
0.993372 0.935767
0.993372 0.9357
0.993373 0.935632
0.993374 0.935565
0.993374 0.935498
0.993375 0.935431
0.993376 0.935364
0.993376 0.935297
0.993377 0.935231
0.993377 0.935164
0.993378 0.935097
0.993378 0.935031
0.993379 0.934964
0.993379 0.934898
0.99338 0.934831
0.99338 0.934765
0.993381 0.934699
0.993381 0.934633
0.993382 0.934567
0.993382 0.934501
0.993382 0.934435
0.993383 0.934369
0.993383 0.934303
0.993384 0.934237
0.993384 0.934172
0.993384 0.934106
0.993384 0.934041
0.993385 0.933975
0.993385 0.93391
0.993385 0.933845
0.993386 0.93378
0.993386 0.933714
0.993386 0.933649
0.993386 0.933584
0.993386 0.933519
0.993386 0.933454
0.993387 0.93339
0.993387 0.933325
0.993387 0.93326
0.993387 0.933196
0.993387 0.933131
0.993387 0.933067
0.993387 0.933002
0.993387 0.932938
0.993387 0.932874
0.993387 0.93281
0.993387 0.932746
0.993387 0.932682
0.993387 0.932618
0.993387 0.932554
0.993387 0.93249
0.993387 0.932426
0.993387 0.932362
0.993387 0.932299
0.993387 0.932235
0.993387 0.932172
0.993387 0.932108
0.993387 0.932045
0.993387 0.931982
0.993386 0.931918
0.993386 0.931855
0.993386 0.931792
0.993386 0.931729
0.993386 0.931666
0.993385 0.931603
0.993385 0.93154
0.993385 0.931478
0.993385 0.931415
0.993384 0.931352
0.993384 0.93129
0.993384 0.931227
0.993384 0.931165
0.993383 0.931102
0.993383 0.93104
0.993383 0.930978
0.993382 0.930916
0.993382 0.930853
0.993382 0.930791
0.993381 0.930729
0.993381 0.930667
0.993381 0.930606
0.99338 0.930544
0.99338 0.930482
0.993379 0.93042
0.993379 0.930359
0.993378 0.930297
0.993378 0.930236
0.993378 0.930174
0.993377 0.930113
0.993377 0.930052
0.993376 0.92999
0.993376 0.929929
0.993375 0.929868
0.993375 0.929807
0.993374 0.929746
0.993374 0.929685
0.993373 0.929624
0.993372 0.929564
0.993372 0.929503
0.993371 0.929442
0.993371 0.929382
0.99337 0.929321
0.99337 0.929261
0.993369 0.9292
0.993368 0.92914
0.993368 0.929079
0.993367 0.929019
0.993366 0.928959
0.993366 0.928899
0.993365 0.928839
0.993364 0.928779
0.993364 0.928719
0.993363 0.928659
0.993362 0.928599
0.993362 0.92854
0.993361 0.92848
0.99336 0.92842
0.993359 0.928361
0.993359 0.928301
0.993358 0.928242
0.993357 0.928182
0.993356 0.928123
0.993356 0.928064
0.993355 0.928004
0.993354 0.927945
0.993353 0.927886
0.993353 0.927827
0.993352 0.927768
0.993351 0.927709
0.99335 0.92765
0.993349 0.927592
0.993348 0.927533
0.993348 0.927474
0.993347 0.927415
0.993346 0.927357
0.993345 0.927298
0.993344 0.92724
0.993343 0.927181
0.993342 0.927123
0.993342 0.927065
0.993341 0.927007
0.99334 0.926948
0.993339 0.92689
0.993338 0.926832
0.993337 0.926774
0.993336 0.926716
0.993335 0.926658
0.993334 0.926601
0.993333 0.926543
0.993332 0.926485
0.993331 0.926427
0.99333 0.92637
0.993329 0.926312
0.993328 0.926255
0.993327 0.926197
0.993326 0.92614
0.993325 0.926083
0.993324 0.926025
0.993323 0.925968
0.993322 0.925911
0.993321 0.925854
0.99332 0.925797
0.993319 0.92574
0.993318 0.925683
0.993317 0.925626
0.993316 0.925569
0.993315 0.925512
0.993314 0.925455
0.993313 0.925399
0.993312 0.925342
0.993311 0.925286
0.993309 0.925229
0.993308 0.925173
0.993307 0.925116
0.993306 0.92506
0.993305 0.925004
0.993304 0.924947
0.993303 0.924891
0.993302 0.924835
0.993301 0.924779
0.993299 0.924723
0.993298 0.924667
0.993297 0.924611
0.993296 0.924555
0.993295 0.924499
0.993294 0.924443
0.993292 0.924388
0.993291 0.924332
0.99329 0.924276
0.993289 0.924221
0.993288 0.924165
0.993286 0.92411
0.993285 0.924054
0.993284 0.923999
0.993283 0.923944
0.993282 0.923888
0.99328 0.923833
0.993279 0.923778
0.993278 0.923723
0.993277 0.923668
0.993276 0.923613
0.993274 0.923558
0.993273 0.923503
0.993272 0.923448
0.993271 0.923393
0.993269 0.923338
0.993268 0.923284
0.993267 0.923229
0.993265 0.923174
0.993264 0.92312
0.993263 0.923065
0.993262 0.923011
0.99326 0.922956
0.993259 0.922902
0.993258 0.922848
0.993256 0.922794
0.993255 0.922739
0.993254 0.922685
0.993252 0.922631
0.993251 0.922577
0.99325 0.922523
0.993248 0.922469
0.993247 0.922415
0.993246 0.922361
0.993244 0.922307
0.993243 0.922253
0.993242 0.9222
0.99324 0.922146
0.993239 0.922092
0.993238 0.922039
0.993236 0.921985
0.993235 0.921932
0.993234 0.921878
0.993232 0.921825
0.993231 0.921771
0.99323 0.921718
0.993228 0.921665
0.993227 0.921612
0.993225 0.921558
0.993224 0.921505
0.993223 0.921452
0.993221 0.921399
0.99322 0.921346
0.993218 0.921293
0.993217 0.92124
0.993216 0.921188
0.993214 0.921135
0.993213 0.921082
0.993211 0.921029
0.99321 0.920977
0.993208 0.920924
0.993207 0.920871
0.993206 0.920819
0.993204 0.920766
0.993203 0.920714
0.993201 0.920661
0.9932 0.920609
0.993198 0.920557
0.993197 0.920505
0.993195 0.920452
0.993194 0.9204
0.993193 0.920348
0.993191 0.920296
0.99319 0.920244
0.993188 0.920192
0.993187 0.92014
0.993185 0.920088
0.993184 0.920036
0.993182 0.919984
0.993181 0.919932
0.993179 0.919881
0.993178 0.919829
0.993176 0.919777
0.993175 0.919726
0.993173 0.919674
0.993172 0.919623
0.99317 0.919571
0.993169 0.91952
0.993167 0.919468
0.993166 0.919417
0.993164 0.919366
0.993163 0.919314
0.993161 0.919263
0.99316 0.919212
0.993158 0.919161
0.993157 0.91911
0.993155 0.919059
0.993154 0.919008
0.993152 0.918957
0.993151 0.918906
0.993149 0.918855
0.993147 0.918804
0.993146 0.918753
0.993144 0.918702
0.993143 0.918652
0.993141 0.918601
0.99314 0.91855
0.993138 0.9185
0.993137 0.918449
0.993135 0.918398
0.993134 0.918348
0.993132 0.918298
0.99313 0.918247
0.993129 0.918197
0.993127 0.918146
0.993126 0.918096
0.993124 0.918046
0.993123 0.917996
0.993121 0.917945
0.993119 0.917895
0.993118 0.917845
0.993116 0.917795
0.993115 0.917745
0.993113 0.917695
0.993111 0.917645
0.99311 0.917595
0.993108 0.917546
0.993107 0.917496
0.993105 0.917446
0.993104 0.917396
0.993102 0.917346
0.9931 0.917297
0.993099 0.917247
0.993097 0.917198
0.993096 0.917148
0.993094 0.917099
0.993092 0.917049
0.993091 0.917
0.993089 0.91695
0.993087 0.916901
0.993086 0.916852
0.993084 0.916802
0.993083 0.916753
0.993081 0.916704
0.993079 0.916655
0.993078 0.916605
0.993076 0.916556
0.993075 0.916507
0.993073 0.916458
0.993071 0.916409
0.99307 0.91636
0.993068 0.916311
0.993066 0.916263
0.993065 0.916214
0.993063 0.916165
0.993061 0.916116
0.99306 0.916067
0.993058 0.916019
0.993057 0.91597
0.993055 0.915921
0.993053 0.915873
0.993052 0.915824
0.99305 0.915776
0.993048 0.915727
0.993047 0.915679
0.993045 0.91563
0.993043 0.915582
0.993042 0.915534
0.99304 0.915485
0.993038 0.915437
0.993037 0.915389
0.993035 0.915341
0.993033 0.915292
0.993032 0.915244
0.99303 0.915196
0.993028 0.915148
0.993027 0.9151
0.993025 0.915052
0.993023 0.915004
0.993022 0.914956
0.99302 0.914908
0.993018 0.91486
0.993017 0.914813
0.993015 0.914765
0.993013 0.914717
0.993012 0.914669
0.99301 0.914622
0.993008 0.914574
0.993007 0.914526
0.993005 0.914479
0.993003 0.914431
0.993002 0.914384
0.993 0.914336
0.992998 0.914289
0.992997 0.914241
0.992995 0.914194
0.992993 0.914147
0.992992 0.914099
0.99299 0.914052
0.992988 0.914005
0.992987 0.913958
0.992985 0.91391
0.992983 0.913863
0.992981 0.913816
0.99298 0.913769
0.992978 0.913722
0.992976 0.913675
0.992975 0.913628
0.992973 0.913581
0.992971 0.913534
0.99297 0.913487
0.992968 0.91344
0.992966 0.913393
0.992965 0.913346
0.992963 0.9133
0.992961 0.913253
0.992959 0.913206
0.992958 0.91316
0.992956 0.913113
0.992954 0.913066
0.992953 0.91302
0.992951 0.912973
0.992949 0.912927
0.992947 0.91288
0.992946 0.912834
0.992944 0.912787
0.992942 0.912741
0.992941 0.912694
0.992939 0.912648
0.992937 0.912602
0.992936 0.912555
0.992934 0.912509
0.992932 0.912463
0.99293 0.912417
0.992929 0.91237
0.992927 0.912324
0.992925 0.912278
0.992924 0.912232
0.992922 0.912186
0.99292 0.91214
0.992918 0.912094
0.992917 0.912048
0.992915 0.912002
0.992913 0.911956
0.992911 0.91191
0.99291 0.911864
0.992908 0.911819
0.992906 0.911773
0.992905 0.911727
0.992903 0.911681
0.992901 0.911636
0.992899 0.91159
0.992898 0.911544
0.992896 0.911499
0.992894 0.911453
0.992893 0.911408
0.992891 0.911362
0.992889 0.911316
0.992887 0.911271
0.992886 0.911226
0.992884 0.91118
0.992882 0.911135
0.99288 0.911089
0.992879 0.911044
0.992877 0.910999
0.992875 0.910953
0.992873 0.910908
0.992872 0.910863
0.99287 0.910818
0.992868 0.910772
0.992867 0.910727
0.992865 0.910682
0.992863 0.910637
0.992861 0.910592
0.99286 0.910547
0.992858 0.910502
0.992856 0.910457
0.992854 0.910412
0.992853 0.910367
0.992851 0.910322
0.992849 0.910277
0.992847 0.910232
0.992846 0.910187
0.992844 0.910143
0.992842 0.910098
0.992841 0.910053
0.992839 0.910008
0.992837 0.909964
0.992835 0.909919
0.992834 0.909874
0.992832 0.90983
0.99283 0.909785
0.992828 0.90974
0.992827 0.909696
0.992825 0.909651
0.992823 0.909607
0.992821 0.909562
0.99282 0.909518
0.992818 0.909474
0.992816 0.909429
0.992814 0.909385
0.992813 0.90934
0.992811 0.909296
0.992809 0.909252
0.992807 0.909207
0.992806 0.909163
0.992804 0.909119
0.992802 0.909075
0.9928 0.909031
0.992799 0.908986
0.992797 0.908942
0.992795 0.908898
0.992793 0.908854
0.992792 0.90881
0.99279 0.908766
0.992788 0.908722
0.992786 0.908678
0.992785 0.908634
0.992783 0.90859
0.992781 0.908546
0.992779 0.908502
0.992778 0.908458
0.992776 0.908414
0.992774 0.908371
0.992772 0.908327
0.992771 0.908283
0.992769 0.908239
0.992767 0.908195
0.992765 0.908152
0.992764 0.908108
0.992762 0.908064
0.99276 0.908021
0.992758 0.907977
0.992757 0.907933
0.992755 0.90789
0.992753 0.907846
0.992751 0.907803
0.99275 0.907759
0.992748 0.907716
0.992746 0.907672
0.992744 0.907629
0.992743 0.907585
0.992741 0.907542
0.992739 0.907499
0.992737 0.907455
0.992736 0.907412
0.992734 0.907368
0.992732 0.907325
0.99273 0.907282
0.992729 0.907239
0.992727 0.907195
0.992725 0.907152
0.992723 0.907109
0.992722 0.907066
0.99272 0.907023
0.992718 0.90698
0.992716 0.906936
0.992715 0.906893
0.992713 0.90685
0.992711 0.906807
0.992709 0.906764
0.992708 0.906721
0.992706 0.906678
0.992704 0.906635
0.992702 0.906592
0.992701 0.906549
0.992699 0.906506
0.992697 0.906463
0.992695 0.906421
0.992694 0.906378
0.992692 0.906335
0.99269 0.906292
0.992688 0.906249
0.992687 0.906207
0.992685 0.906164
0.992683 0.906121
0.992681 0.906078
0.99268 0.906036
0.992678 0.905993
0.992676 0.90595
0.992674 0.905908
0.992673 0.905865
0.992671 0.905823
0.992669 0.90578
0.992667 0.905737
0.992666 0.905695
0.992664 0.905652
0.992662 0.90561
0.99266 0.905567
0.992659 0.905525
0.992657 0.905482
0.992655 0.90544
0.992653 0.905398
0.992652 0.905355
0.99265 0.905313
0.992648 0.90527
0.992646 0.905228
0.992645 0.905186
0.992643 0.905143
0.992641 0.905101
0.992639 0.905059
0.992638 0.905017
0.992636 0.904974
0.992634 0.904932
0.992632 0.90489
0.992631 0.904848
0.992629 0.904806
0.992627 0.904764
0.992625 0.904721
0.992624 0.904679
0.992622 0.904637
0.99262 0.904595
0.992618 0.904553
0.992617 0.904511
0.992615 0.904469
0.992613 0.904427
0.992611 0.904385
0.99261 0.904343
0.992608 0.904301
0.992606 0.904259
0.992604 0.904217
0.992603 0.904175
0.992601 0.904133
0.992599 0.904092
0.992597 0.90405
0.992596 0.904008
0.992594 0.903966
0.992592 0.903924
0.99259 0.903882
0.992589 0.903841
0.992587 0.903799
0.992585 0.903757
0.992583 0.903715
0.992582 0.903674
0.99258 0.903632
0.992578 0.90359
0.992576 0.903549
0.992575 0.903507
0.992573 0.903465
0.992571 0.903424
0.992569 0.903382
0.992568 0.903341
0.992566 0.903299
0.992564 0.903258
0.992562 0.903216
0.992561 0.903174
0.992559 0.903133
0.992557 0.903091
0.992555 0.90305
0.992554 0.903008
0.992552 0.902967
0.99255 0.902926
0.992548 0.902884
0.992547 0.902843
0.992545 0.902801
0.992543 0.90276
0.992541 0.902719
0.99254 0.902677
0.992538 0.902636
0.992536 0.902595
0.992534 0.902553
0.992533 0.902512
0.992531 0.902471
0.992529 0.902429
0.992527 0.902388
0.992526 0.902347
0.992524 0.902306
0.992522 0.902265
0.99252 0.902223
0.992519 0.902182
0.992517 0.902141
0.992515 0.9021
0.992513 0.902059
0.992512 0.902018
0.99251 0.901976
0.992508 0.901935
0.992506 0.901894
0.992505 0.901853
0.992503 0.901812
0.992501 0.901771
0.992499 0.90173
0.992498 0.901689
0.992496 0.901648
0.992494 0.901607
0.992492 0.901566
0.992491 0.901525
0.992489 0.901484
0.992487 0.901443
0.992485 0.901402
0.992484 0.901361
0.992482 0.90132
0.99248 0.901279
0.992478 0.901238
0.992477 0.901198
0.992475 0.901157
0.992473 0.901116
0.992471 0.901075
0.99247 0.901034
0.992468 0.900993
0.992466 0.900953
0.992464 0.900912
0.992463 0.900871
0.992461 0.90083
0.992459 0.900789
0.992457 0.900749
0.992456 0.900708
0.992454 0.900667
0.992452 0.900627
0.992451 0.900586
0.992449 0.900545
0.992447 0.900504
0.992445 0.900464
0.992444 0.900423
0.992442 0.900383
0.99244 0.900342
0.992438 0.900301
0.992437 0.900261
0.992435 0.90022
0.992433 0.900179
0.992431 0.900139
0.99243 0.900098
0.992428 0.900058
0.992426 0.900017
0.992424 0.899977
0.992423 0.899936
0.992421 0.899896
0.992419 0.899855
0.992417 0.899815
0.992416 0.899774
0.992414 0.899734
0.992412 0.899693
0.99241 0.899653
0.992409 0.899612
0.992407 0.899572
0.992405 0.899531
0.992403 0.899491
0.992402 0.89945
0.9924 0.89941
0.992398 0.89937
0.992397 0.899329
0.992395 0.899289
0.992393 0.899249
0.992391 0.899208
0.99239 0.899168
0.992388 0.899128
0.992386 0.899087
0.992384 0.899047
0.992383 0.899007
0.992381 0.898966
0.992379 0.898926
0.992377 0.898886
0.992376 0.898845
0.992374 0.898805
0.992372 0.898765
0.99237 0.898725
0.992369 0.898684
0.992367 0.898644
0.992365 0.898604
0.992363 0.898564
0.992362 0.898524
0.99236 0.898483
0.992358 0.898443
0.992357 0.898403
0.992355 0.898363
0.992353 0.898323
0.992351 0.898282
0.99235 0.898242
0.992348 0.898202
0.992346 0.898162
0.992344 0.898122
0.992343 0.898082
0.992341 0.898042
0.992339 0.898002
0.992337 0.897961
0.992336 0.897921
0.992334 0.897881
0.992332 0.897841
0.99233 0.897801
0.992329 0.897761
0.992327 0.897721
0.992325 0.897681
0.992324 0.897641
0.992322 0.897601
0.99232 0.897561
0.992318 0.897521
0.992317 0.897481
0.992315 0.897441
0.992313 0.897401
0.992311 0.897361
0.99231 0.897321
0.992308 0.897281
0.992306 0.897241
0.992304 0.897201
0.992303 0.897161
0.992301 0.897121
0.992299 0.897081
0.992297 0.897041
0.992296 0.897001
0.992294 0.896961
0.992292 0.896921
0.992291 0.896881
0.992289 0.896841
0.992287 0.896802
0.992285 0.896762
0.992284 0.896722
0.992282 0.896682
0.99228 0.896642
0.992278 0.896602
0.992277 0.896562
0.992275 0.896522
0.992273 0.896482
0.992271 0.896443
0.99227 0.896403
0.992268 0.896363
0.992266 0.896323
0.992265 0.896283
0.992263 0.896243
0.992261 0.896204
0.992259 0.896164
0.992258 0.896124
0.992256 0.896084
0.992254 0.896044
0.992252 0.896004
0.992251 0.895965
0.992249 0.895925
0.992247 0.895885
0.992245 0.895845
0.992244 0.895806
0.992242 0.895766
0.99224 0.895726
0.992239 0.895686
0.992237 0.895646
0.992235 0.895607
0.992233 0.895567
0.992232 0.895527
0.99223 0.895487
0.992228 0.895448
0.992226 0.895408
0.992225 0.895368
0.992223 0.895328
0.992221 0.895289
0.992219 0.895249
0.992218 0.895209
0.992216 0.89517
0.992214 0.89513
0.992213 0.89509
0.992211 0.89505
0.992209 0.895011
0.992207 0.894971
0.992206 0.894931
0.992204 0.894892
0.992202 0.894852
0.9922 0.894812
0.992199 0.894773
0.992197 0.894733
0.992195 0.894693
0.992193 0.894653
0.992192 0.894614
0.99219 0.894574
0.992188 0.894534
0.992186 0.894495
0.992185 0.894455
0.992183 0.894415
0.992181 0.894376
0.99218 0.894336
0.992178 0.894296
0.992176 0.894257
0.992174 0.894217
0.992173 0.894178
0.992171 0.894138
0.992169 0.894098
0.992167 0.894059
0.992166 0.894019
0.992164 0.893979
0.992162 0.89394
0.99216 0.8939
0.992159 0.89386
0.992157 0.893821
0.992155 0.893781
0.992154 0.893741
0.992152 0.893702
0.99215 0.893662
0.992148 0.893623
0.992147 0.893583
0.992145 0.893543
0.992143 0.893504
0.992141 0.893464
0.99214 0.893424
0.992138 0.893385
0.992136 0.893345
0.992134 0.893306
0.992133 0.893266
0.992131 0.893226
0.992129 0.893187
0.992127 0.893147
0.992126 0.893107
0.992124 0.893068
0.992122 0.893028
0.992121 0.892989
0.992119 0.892949
0.992117 0.892909
0.992115 0.89287
0.992114 0.89283
0.992112 0.892791
0.99211 0.892751
0.992108 0.892711
0.992107 0.892672
0.992105 0.892632
0.992103 0.892592
0.992101 0.892553
0.9921 0.892513
0.992098 0.892474
0.992096 0.892434
0.992094 0.892394
0.992093 0.892355
0.992091 0.892315
0.992089 0.892275
0.992088 0.892236
0.992086 0.892196
0.992084 0.892157
0.992082 0.892117
0.992081 0.892077
0.992079 0.892038
0.992077 0.891998
0.992075 0.891958
0.992074 0.891919
0.992072 0.891879
0.99207 0.89184
0.992068 0.8918
0.992067 0.89176
0.992065 0.891721
0.992063 0.891681
0.992061 0.891641
0.99206 0.891602
0.992058 0.891562
0.992056 0.891522
0.992054 0.891483
0.992053 0.891443
0.992051 0.891403
0.992049 0.891364
0.992048 0.891324
0.992046 0.891285
0.992044 0.891245
0.992042 0.891205
0.992041 0.891166
0.992039 0.891126
0.992037 0.891086
0.992035 0.891047
0.992034 0.891007
0.992032 0.890967
0.99203 0.890927
0.992028 0.890888
0.992027 0.890848
0.992025 0.890808
0.992023 0.890769
0.992021 0.890729
0.99202 0.890689
0.992018 0.89065
0.992016 0.89061
0.992014 0.89057
0.992013 0.890531
0.992011 0.890491
0.992009 0.890451
0.992007 0.890411
0.992006 0.890372
0.992004 0.890332
0.992002 0.890292
0.992 0.890252
0.991999 0.890213
0.991997 0.890173
0.991995 0.890133
0.991993 0.890093
0.991992 0.890054
0.99199 0.890014
0.991988 0.889974
0.991986 0.889934
0.991985 0.889895
0.991983 0.889855
0.991981 0.889815
0.991979 0.889775
0.991978 0.889736
0.991976 0.889696
0.991974 0.889656
0.991972 0.889616
0.991971 0.889576
0.991969 0.889537
0.991967 0.889497
0.991965 0.889457
0.991964 0.889417
0.991962 0.889377
0.99196 0.889337
0.991958 0.889298
0.991957 0.889258
0.991955 0.889218
0.991953 0.889178
0.991951 0.889138
0.99195 0.889098
0.991948 0.889058
0.991946 0.889019
0.991944 0.888979
0.991943 0.888939
0.991941 0.888899
0.991939 0.888859
0.991937 0.888819
0.991936 0.888779
0.991934 0.888739
0.991932 0.888699
0.99193 0.888659
0.991929 0.888619
0.991927 0.88858
0.991925 0.88854
0.991923 0.8885
0.991922 0.88846
0.99192 0.88842
0.991918 0.88838
0.991916 0.88834
0.991915 0.8883
0.991913 0.88826
0.991911 0.88822
0.991909 0.88818
0.991908 0.88814
0.991906 0.8881
0.991904 0.88806
0.991902 0.88802
0.991901 0.88798
0.991899 0.88794
0.991897 0.887899
0.991895 0.887859
0.991893 0.887819
0.991892 0.887779
0.99189 0.887739
0.991888 0.887699
0.991886 0.887659
0.991885 0.887619
0.991883 0.887579
0.991881 0.887539
0.991879 0.887498
0.991878 0.887458
0.991876 0.887418
0.991874 0.887378
0.991872 0.887338
0.991871 0.887298
0.991869 0.887258
0.991867 0.887217
0.991865 0.887177
0.991863 0.887137
0.991862 0.887097
0.99186 0.887056
0.991858 0.887016
0.991856 0.886976
0.991855 0.886936
0.991853 0.886895
0.991851 0.886855
0.991849 0.886815
0.991848 0.886775
0.991846 0.886734
0.991844 0.886694
0.991842 0.886654
0.99184 0.886613
0.991839 0.886573
0.991837 0.886533
0.991835 0.886492
0.991833 0.886452
0.991832 0.886412
0.99183 0.886371
0.991828 0.886331
0.991826 0.886291
0.991824 0.88625
0.991823 0.88621
0.991821 0.886169
0.991819 0.886129
0.991817 0.886088
0.991816 0.886048
0.991814 0.886007
0.991812 0.885967
0.99181 0.885926
0.991808 0.885886
0.991807 0.885845
0.991805 0.885805
0.991803 0.885764
0.991801 0.885724
0.9918 0.885683
0.991798 0.885643
0.991796 0.885602
0.991794 0.885562
0.991792 0.885521
0.991791 0.88548
0.991789 0.88544
0.991787 0.885399
0.991785 0.885358
0.991783 0.885318
0.991782 0.885277
0.99178 0.885236
0.991778 0.885196
0.991776 0.885155
0.991775 0.885114
0.991773 0.885074
0.991771 0.885033
0.991769 0.884992
0.991767 0.884951
0.991766 0.884911
0.991764 0.88487
0.991762 0.884829
0.99176 0.884788
0.991758 0.884747
0.991757 0.884707
0.991755 0.884666
0.991753 0.884625
0.991751 0.884584
0.991749 0.884543
0.991748 0.884502
0.991746 0.884461
0.991744 0.88442
0.991742 0.88438
0.99174 0.884339
0.991739 0.884298
0.991737 0.884257
0.991735 0.884216
0.991733 0.884175
0.991731 0.884134
0.99173 0.884093
0.991728 0.884052
0.991726 0.884011
0.991724 0.883969
0.991722 0.883928
0.991721 0.883887
0.991719 0.883846
0.991717 0.883805
0.991715 0.883764
0.991713 0.883723
0.991712 0.883682
0.99171 0.88364
0.991708 0.883599
0.991706 0.883558
0.991704 0.883517
0.991703 0.883476
0.991701 0.883434
0.991699 0.883393
0.991697 0.883352
0.991695 0.883311
0.991693 0.883269
0.991692 0.883228
0.99169 0.883187
0.991688 0.883145
0.991686 0.883104
0.991684 0.883062
0.991683 0.883021
0.991681 0.88298
0.991679 0.882938
0.991677 0.882897
0.991675 0.882855
0.991673 0.882814
0.991672 0.882772
0.99167 0.882731
0.991668 0.882689
0.991666 0.882648
0.991664 0.882606
0.991663 0.882565
0.991661 0.882523
0.991659 0.882482
0.991657 0.88244
0.991655 0.882398
0.991653 0.882357
0.991652 0.882315
0.99165 0.882273
0.991648 0.882232
0.991646 0.88219
0.991644 0.882148
0.991642 0.882106
0.991641 0.882065
0.991639 0.882023
0.991637 0.881981
0.991635 0.881939
0.991633 0.881897
0.991631 0.881856
0.99163 0.881814
0.991628 0.881772
0.991626 0.88173
0.991624 0.881688
0.991622 0.881646
0.99162 0.881604
0.991618 0.881562
0.991617 0.88152
0.991615 0.881478
0.991613 0.881436
0.991611 0.881394
0.991609 0.881352
0.991607 0.88131
0.991606 0.881268
0.991604 0.881226
0.991602 0.881183
0.9916 0.881141
0.991598 0.881099
0.991596 0.881057
0.991594 0.881015
0.991593 0.880973
0.991591 0.88093
0.991589 0.880888
0.991587 0.880846
0.991585 0.880803
0.991583 0.880761
0.991581 0.880719
0.99158 0.880676
0.991578 0.880634
0.991576 0.880592
0.991574 0.880549
0.991572 0.880507
0.99157 0.880464
0.991568 0.880422
0.991567 0.880379
0.991565 0.880337
0.991563 0.880294
0.991561 0.880252
0.991559 0.880209
0.991557 0.880166
0.991555 0.880124
0.991553 0.880081
0.991552 0.880038
0.99155 0.879996
0.991548 0.879953
0.991546 0.87991
0.991544 0.879868
0.991542 0.879825
0.99154 0.879782
0.991538 0.879739
0.991537 0.879696
0.991535 0.879653
0.991533 0.879611
0.991531 0.879568
0.991529 0.879525
0.991527 0.879482
0.991525 0.879439
0.991523 0.879396
0.991522 0.879353
0.99152 0.87931
0.991518 0.879267
0.991516 0.879224
0.991514 0.879181
0.991512 0.879138
0.99151 0.879094
0.991508 0.879051
0.991506 0.879008
0.991505 0.878965
0.991503 0.878922
0.991501 0.878878
0.991499 0.878835
0.991497 0.878792
0.991495 0.878748
0.991493 0.878705
0.991491 0.878662
0.991489 0.878618
0.991487 0.878575
0.991486 0.878531
0.991484 0.878488
0.991482 0.878444
0.99148 0.878401
0.991478 0.878357
0.991476 0.878314
0.991474 0.87827
0.991472 0.878227
0.99147 0.878183
0.991468 0.878139
0.991466 0.878096
0.991465 0.878052
0.991463 0.878008
0.991461 0.877964
0.991459 0.877921
0.991457 0.877877
0.991455 0.877833
0.991453 0.877789
0.991451 0.877745
0.991449 0.877701
0.991447 0.877657
0.991445 0.877613
0.991443 0.87757
0.991442 0.877526
0.99144 0.877481
0.991438 0.877437
0.991436 0.877393
0.991434 0.877349
0.991432 0.877305
0.99143 0.877261
0.991428 0.877217
0.991426 0.877172
0.991424 0.877128
0.991422 0.877084
0.99142 0.87704
0.991418 0.876995
0.991416 0.876951
0.991414 0.876907
0.991412 0.876862
0.991411 0.876818
0.991409 0.876773
0.991407 0.876729
0.991405 0.876684
0.991403 0.87664
0.991401 0.876595
0.991399 0.876551
0.991397 0.876506
0.991395 0.876461
0.991393 0.876417
0.991391 0.876372
0.991389 0.876327
0.991387 0.876282
0.991385 0.876238
0.991383 0.876193
0.991381 0.876148
0.991379 0.876103
0.991377 0.876058
0.991375 0.876013
0.991373 0.875968
0.991371 0.875923
0.991369 0.875878
0.991367 0.875833
0.991365 0.875788
0.991364 0.875743
0.991362 0.875698
0.99136 0.875653
0.991358 0.875607
0.991356 0.875562
0.991354 0.875517
0.991352 0.875472
0.99135 0.875426
0.991348 0.875381
0.991346 0.875336
0.991344 0.87529
0.991342 0.875245
0.99134 0.875199
0.991338 0.875154
0.991336 0.875108
0.991334 0.875063
0.991332 0.875017
0.99133 0.874971
0.991328 0.874926
0.991326 0.87488
0.991324 0.874834
0.991322 0.874789
0.99132 0.874743
0.991318 0.874697
0.991316 0.874651
0.991314 0.874605
0.991312 0.874559
0.99131 0.874513
0.991308 0.874467
0.991306 0.874421
0.991304 0.874375
0.991302 0.874329
0.9913 0.874283
0.991298 0.874237
0.991296 0.874191
0.991294 0.874145
0.991292 0.874098
0.99129 0.874052
0.991288 0.874006
0.991286 0.873959
0.991284 0.873913
0.991282 0.873867
0.99128 0.87382
0.991277 0.873774
0.991275 0.873727
0.991273 0.873681
0.991271 0.873634
0.991269 0.873587
0.991267 0.873541
0.991265 0.873494
0.991263 0.873447
0.991261 0.873401
0.991259 0.873354
0.991257 0.873307
0.991255 0.87326
0.991253 0.873213
0.991251 0.873166
0.991249 0.873119
0.991247 0.873072
0.991245 0.873025
0.991243 0.872978
0.991241 0.872931
0.991239 0.872884
0.991237 0.872837
0.991235 0.872789
0.991232 0.872742
0.99123 0.872695
0.991228 0.872648
0.991226 0.8726
0.991224 0.872553
0.991222 0.872505
0.99122 0.872458
0.991218 0.87241
0.991216 0.872363
0.991214 0.872315
0.991212 0.872268
0.99121 0.87222
0.991208 0.872172
0.991206 0.872124
0.991203 0.872077
0.991201 0.872029
0.991199 0.871981
0.991197 0.871933
0.991195 0.871885
0.991193 0.871837
0.991191 0.871789
0.991189 0.871741
0.991187 0.871693
0.991185 0.871645
0.991183 0.871597
0.99118 0.871548
0.991178 0.8715
0.991176 0.871452
0.991174 0.871404
0.991172 0.871355
0.99117 0.871307
0.991168 0.871258
0.991166 0.87121
0.991164 0.871161
0.991161 0.871113
0.991159 0.871064
0.991157 0.871015
0.991155 0.870967
0.991153 0.870918
0.991151 0.870869
0.991149 0.87082
0.991147 0.870771
0.991144 0.870723
0.991142 0.870674
0.99114 0.870625
0.991138 0.870576
0.991136 0.870526
0.991134 0.870477
0.991132 0.870428
0.99113 0.870379
0.991127 0.87033
0.991125 0.87028
0.991123 0.870231
0.991121 0.870182
0.991119 0.870132
0.991117 0.870083
0.991114 0.870033
0.991112 0.869984
0.99111 0.869934
0.991108 0.869885
0.991106 0.869835
0.991104 0.869785
0.991101 0.869735
0.991099 0.869686
0.991097 0.869636
0.991095 0.869586
0.991093 0.869536
0.991091 0.869486
0.991088 0.869436
0.991086 0.869386
0.991084 0.869336
0.991082 0.869285
0.99108 0.869235
0.991078 0.869185
0.991075 0.869135
0.991073 0.869084
0.991071 0.869034
0.991069 0.868983
0.991067 0.868933
0.991064 0.868882
0.991062 0.868832
0.99106 0.868781
0.991058 0.86873
0.991056 0.86868
0.991053 0.868629
0.991051 0.868578
0.991049 0.868527
0.991047 0.868476
0.991045 0.868425
0.991042 0.868374
0.99104 0.868323
0.991038 0.868272
0.991036 0.868221
0.991033 0.868169
0.991031 0.868118
0.991029 0.868067
0.991027 0.868015
0.991024 0.867964
0.991022 0.867913
0.99102 0.867861
0.991018 0.867809
0.991016 0.867758
0.991013 0.867706
0.991011 0.867654
0.991009 0.867603
0.991007 0.867551
0.991004 0.867499
0.991002 0.867447
0.991 0.867395
0.990998 0.867343
0.990995 0.867291
0.990993 0.867239
0.990991 0.867187
0.990988 0.867134
0.990986 0.867082
0.990984 0.86703
0.990982 0.866977
0.990979 0.866925
0.990977 0.866872
0.990975 0.86682
0.990973 0.866767
0.99097 0.866714
0.990968 0.866662
0.990966 0.866609
0.990963 0.866556
0.990961 0.866503
0.990959 0.86645
0.990956 0.866397
0.990954 0.866344
0.990952 0.866291
0.99095 0.866238
0.990947 0.866185
0.990945 0.866131
0.990943 0.866078
0.99094 0.866025
0.990938 0.865971
0.990936 0.865918
0.990933 0.865864
0.990931 0.865811
0.990929 0.865757
0.990926 0.865703
0.990924 0.865649
0.990922 0.865596
0.990919 0.865542
0.990917 0.865488
0.990915 0.865434
0.990912 0.86538
0.99091 0.865326
0.990908 0.865271
0.990905 0.865217
0.990903 0.865163
0.990901 0.865108
0.990898 0.865054
0.990896 0.865
0.990893 0.864945
0.990891 0.86489
0.990889 0.864836
0.990886 0.864781
0.990884 0.864726
0.990882 0.864671
0.990879 0.864617
0.990877 0.864562
0.990874 0.864507
0.990872 0.864451
0.99087 0.864396
0.990867 0.864341
0.990865 0.864286
0.990863 0.864231
0.99086 0.864175
0.990858 0.86412
0.990855 0.864064
0.990853 0.864009
0.990851 0.863953
0.990848 0.863897
0.990846 0.863841
0.990843 0.863786
0.990841 0.86373
0.990838 0.863674
0.990836 0.863618
0.990834 0.863562
0.990831 0.863505
0.990829 0.863449
0.990826 0.863393
0.990824 0.863337
0.990821 0.86328
0.990819 0.863224
0.990816 0.863167
0.990814 0.863111
0.990812 0.863054
0.990809 0.862997
0.990807 0.86294
0.990804 0.862883
0.990802 0.862827
0.990799 0.86277
0.990797 0.862712
0.990794 0.862655
0.990792 0.862598
0.990789 0.862541
0.990787 0.862483
0.990784 0.862426
0.990782 0.862369
0.990779 0.862311
0.990777 0.862253
0.990774 0.862196
0.990772 0.862138
0.990769 0.86208
0.990767 0.862022
0.990764 0.861964
0.990762 0.861906
0.990759 0.861848
0.990757 0.86179
0.990754 0.861731
0.990752 0.861673
0.990749 0.861615
0.990747 0.861556
0.990744 0.861498
0.990742 0.861439
0.990739 0.86138
0.990737 0.861322
0.990734 0.861263
0.990732 0.861204
0.990729 0.861145
0.990726 0.861086
0.990724 0.861027
0.990721 0.860967
0.990719 0.860908
0.990716 0.860849
0.990714 0.860789
0.990711 0.86073
0.990709 0.86067
0.990706 0.860611
0.990703 0.860551
0.990701 0.860491
0.990698 0.860431
0.990696 0.860371
0.990693 0.860311
0.99069 0.860251
0.990688 0.860191
0.990685 0.860131
0.990683 0.86007
0.99068 0.86001
0.990677 0.859949
0.990675 0.859889
0.990672 0.859828
0.99067 0.859767
0.990667 0.859706
0.990664 0.859646
0.990662 0.859585
0.990659 0.859523
0.990656 0.859462
0.990654 0.859401
0.990651 0.85934
0.990648 0.859278
0.990646 0.859217
0.990643 0.859155
0.99064 0.859094
0.990638 0.859032
0.990635 0.85897
0.990632 0.858908
0.99063 0.858846
0.990627 0.858784
0.990624 0.858722
0.990622 0.85866
0.990619 0.858598
0.990616 0.858535
0.990614 0.858473
0.990611 0.85841
0.990608 0.858348
0.990606 0.858285
0.990603 0.858222
0.9906 0.858159
0.990597 0.858096
0.990595 0.858033
0.990592 0.85797
0.990589 0.857907
0.990587 0.857843
0.990584 0.85778
0.990581 0.857716
0.990578 0.857653
0.990576 0.857589
0.990573 0.857525
0.99057 0.857461
0.990567 0.857397
0.990565 0.857333
0.990562 0.857269
0.990559 0.857205
0.990556 0.857141
0.990554 0.857076
0.990551 0.857012
0.990548 0.856947
0.990545 0.856883
0.990542 0.856818
0.99054 0.856753
0.990537 0.856688
0.990534 0.856623
0.990531 0.856558
0.990528 0.856492
0.990526 0.856427
0.990523 0.856362
0.99052 0.856296
0.990517 0.856231
0.990514 0.856165
0.990511 0.856099
0.990509 0.856033
0.990506 0.855967
0.990503 0.855901
0.9905 0.855835
0.990497 0.855768
0.990494 0.855702
0.990491 0.855636
0.990489 0.855569
0.990486 0.855502
0.990483 0.855435
0.99048 0.855369
0.990477 0.855302
0.990474 0.855234
0.990471 0.855167
0.990468 0.8551
0.990466 0.855033
0.990463 0.854965
0.99046 0.854898
0.990457 0.85483
0.990454 0.854762
0.990451 0.854694
0.990448 0.854626
0.990445 0.854558
0.990442 0.85449
0.990439 0.854421
0.990436 0.854353
0.990433 0.854284
0.99043 0.854216
0.990427 0.854147
0.990424 0.854078
0.990422 0.854009
0.990419 0.85394
0.990416 0.853871
0.990413 0.853802
0.99041 0.853732
0.990407 0.853663
0.990404 0.853593
0.990401 0.853524
0.990398 0.853454
0.990395 0.853384
0.990392 0.853314
0.990389 0.853244
0.990386 0.853173
0.990383 0.853103
0.99038 0.853033
0.990377 0.852962
0.990373 0.852891
0.99037 0.85282
0.990367 0.852749
0.990364 0.852678
0.990361 0.852607
0.990358 0.852536
0.990355 0.852465
0.990352 0.852393
0.990349 0.852321
0.990346 0.85225
0.990343 0.852178
0.99034 0.852106
0.990337 0.852034
0.990334 0.851962
0.99033 0.851889
0.990327 0.851817
0.990324 0.851744
0.990321 0.851672
0.990318 0.851599
0.990315 0.851526
0.990312 0.851453
0.990309 0.85138
0.990305 0.851306
0.990302 0.851233
0.990299 0.85116
0.990296 0.851086
0.990293 0.851012
0.99029 0.850938
0.990286 0.850864
0.990283 0.85079
0.99028 0.850716
0.990277 0.850641
0.990274 0.850567
0.99027 0.850492
0.990267 0.850417
0.990264 0.850343
0.990261 0.850268
0.990258 0.850192
0.990254 0.850117
0.990251 0.850042
0.990248 0.849966
0.990245 0.84989
0.990241 0.849815
0.990238 0.849739
0.990235 0.849663
0.990232 0.849587
0.990228 0.84951
0.990225 0.849434
0.990222 0.849357
0.990219 0.84928
0.990215 0.849204
0.990212 0.849127
0.990209 0.849049
0.990205 0.848972
0.990202 0.848895
0.990199 0.848817
0.990195 0.84874
0.990192 0.848662
0.990189 0.848584
0.990185 0.848506
0.990182 0.848428
0.990179 0.848349
0.990175 0.848271
0.990172 0.848192
0.990169 0.848113
0.990165 0.848034
0.990162 0.847955
0.990158 0.847876
0.990155 0.847797
0.990152 0.847717
0.990148 0.847638
0.990145 0.847558
0.990141 0.847478
0.990138 0.847398
0.990134 0.847318
0.990131 0.847237
0.990128 0.847157
0.990124 0.847076
0.990121 0.846995
0.990117 0.846914
0.990114 0.846833
0.99011 0.846752
0.990107 0.84667
0.990103 0.846589
0.9901 0.846507
0.990096 0.846425
0.990093 0.846343
0.990089 0.846261
0.990086 0.846179
0.990082 0.846096
0.990079 0.846014
0.990075 0.845931
0.990072 0.845848
0.990068 0.845765
0.990064 0.845682
0.990061 0.845598
0.990057 0.845515
0.990054 0.845431
0.99005 0.845347
0.990047 0.845263
0.990043 0.845179
0.990039 0.845094
0.990036 0.84501
0.990032 0.844925
0.990028 0.84484
0.990025 0.844755
0.990021 0.84467
0.990018 0.844585
0.990014 0.844499
0.99001 0.844413
0.990007 0.844328
0.990003 0.844242
0.989999 0.844155
0.989995 0.844069
0.989992 0.843982
0.989988 0.843896
0.989984 0.843809
0.989981 0.843722
0.989977 0.843635
0.989973 0.843547
0.989969 0.84346
0.989966 0.843372
0.989962 0.843284
0.989958 0.843196
0.989954 0.843108
0.989951 0.843019
0.989947 0.842931
0.989943 0.842842
0.989939 0.842753
0.989935 0.842664
0.989932 0.842574
0.989928 0.842485
0.989924 0.842395
0.98992 0.842305
0.989916 0.842215
0.989912 0.842125
0.989909 0.842034
0.989905 0.841944
0.989901 0.841853
0.989897 0.841762
0.989893 0.841671
0.989889 0.84158
0.989885 0.841488
0.989881 0.841396
0.989877 0.841304
0.989873 0.841212
0.98987 0.84112
0.989866 0.841027
0.989862 0.840935
0.989858 0.840842
0.989854 0.840749
0.98985 0.840655
0.989846 0.840562
0.989842 0.840468
0.989838 0.840374
0.989834 0.84028
0.98983 0.840186
0.989826 0.840092
0.989822 0.839997
0.989818 0.839902
0.989813 0.839807
0.989809 0.839712
0.989805 0.839616
0.989801 0.83952
0.989797 0.839424
0.989793 0.839328
0.989789 0.839232
0.989785 0.839136
0.989781 0.839039
0.989777 0.838942
0.989772 0.838845
0.989768 0.838747
0.989764 0.83865
0.98976 0.838552
0.989756 0.838454
0.989752 0.838356
0.989747 0.838257
0.989743 0.838159
0.989739 0.83806
0.989735 0.837961
0.989731 0.837861
0.989726 0.837762
0.989722 0.837662
0.989718 0.837562
0.989714 0.837462
0.989709 0.837361
0.989705 0.837261
0.989701 0.83716
0.989696 0.837059
0.989692 0.836957
0.989688 0.836856
0.989683 0.836754
0.989679 0.836652
0.989675 0.83655
0.98967 0.836447
0.989666 0.836345
0.989662 0.836242
0.989657 0.836138
0.989653 0.836035
0.989648 0.835931
0.989644 0.835827
0.989639 0.835723
0.989635 0.835619
0.989631 0.835514
0.989626 0.835409
0.989622 0.835304
0.989617 0.835199
0.989613 0.835093
0.989608 0.834987
0.989604 0.834881
0.989599 0.834775
0.989595 0.834668
0.98959 0.834561
0.989585 0.834454
0.989581 0.834347
0.989576 0.834239
0.989572 0.834132
0.989567 0.834023
0.989563 0.833915
0.989558 0.833806
0.989553 0.833697
0.989549 0.833588
0.989544 0.833479
0.989539 0.833369
0.989535 0.833259
0.98953 0.833149
0.989525 0.833039
0.989521 0.832928
0.989516 0.832817
0.989511 0.832705
0.989506 0.832594
0.989502 0.832482
0.989497 0.83237
0.989492 0.832258
0.989487 0.832145
0.989482 0.832032
0.989478 0.831919
0.989473 0.831805
0.989468 0.831691
0.989463 0.831577
0.989458 0.831463
0.989453 0.831348
0.989448 0.831234
0.989444 0.831118
0.989439 0.831003
0.989434 0.830887
0.989429 0.830771
0.989424 0.830655
0.989419 0.830538
0.989414 0.830421
0.989409 0.830304
0.989404 0.830186
0.989399 0.830068
0.989394 0.82995
0.989389 0.829832
0.989384 0.829713
0.989379 0.829594
0.989374 0.829475
0.989369 0.829355
0.989364 0.829235
0.989358 0.829115
0.989353 0.828994
0.989348 0.828873
0.989343 0.828752
0.989338 0.828631
0.989333 0.828509
0.989328 0.828387
0.989322 0.828264
0.989317 0.828141
0.989312 0.828018
0.989307 0.827895
0.989301 0.827771
0.989296 0.827647
0.989291 0.827522
0.989286 0.827398
0.98928 0.827272
0.989275 0.827147
0.98927 0.827021
0.989264 0.826895
0.989259 0.826769
0.989253 0.826642
0.989248 0.826515
0.989243 0.826387
0.989237 0.82626
0.989232 0.826131
0.989226 0.826003
0.989221 0.825874
0.989215 0.825745
0.98921 0.825615
0.989204 0.825485
0.989199 0.825355
0.989193 0.825225
0.989188 0.825094
0.989182 0.824962
0.989177 0.824831
0.989171 0.824698
0.989165 0.824566
0.98916 0.824433
0.989154 0.8243
0.989148 0.824167
0.989143 0.824033
0.989137 0.823898
0.989131 0.823764
0.989126 0.823629
0.98912 0.823493
0.989114 0.823357
0.989108 0.823221
0.989103 0.823085
0.989097 0.822948
0.989091 0.82281
0.989085 0.822673
0.989079 0.822535
0.989073 0.822396
0.989067 0.822257
0.989061 0.822118
0.989056 0.821978
0.98905 0.821838
0.989044 0.821697
0.989038 0.821557
0.989032 0.821415
0.989026 0.821273
0.98902 0.821131
0.989014 0.820989
0.989008 0.820846
0.989001 0.820702
0.988995 0.820559
0.988989 0.820414
0.988983 0.82027
0.988977 0.820125
0.988971 0.819979
0.988965 0.819833
0.988958 0.819687
0.988952 0.81954
0.988946 0.819393
0.98894 0.819245
0.988933 0.819097
0.988927 0.818948
0.988921 0.818799
0.988914 0.81865
0.988908 0.8185
0.988902 0.818349
0.988895 0.818198
0.988889 0.818047
0.988883 0.817895
0.988876 0.817743
0.98887 0.81759
0.988863 0.817437
0.988857 0.817284
0.98885 0.817129
0.988844 0.816975
0.988837 0.81682
0.98883 0.816664
0.988824 0.816508
0.988817 0.816352
0.98881 0.816195
0.988804 0.816037
0.988797 0.815879
0.98879 0.815721
0.988784 0.815562
0.988777 0.815403
0.98877 0.815243
0.988763 0.815082
0.988757 0.814921
0.98875 0.81476
0.988743 0.814598
0.988736 0.814435
0.988729 0.814272
0.988722 0.814109
0.988715 0.813945
0.988708 0.81378
0.988701 0.813615
0.988694 0.813449
0.988687 0.813283
0.98868 0.813116
0.988673 0.812949
0.988666 0.812781
0.988659 0.812613
0.988652 0.812444
0.988644 0.812274
0.988637 0.812104
0.98863 0.811934
0.988623 0.811763
0.988616 0.811591
0.988608 0.811419
0.988601 0.811246
0.988594 0.811073
0.988586 0.810899
0.988579 0.810724
0.988571 0.810549
0.988564 0.810373
0.988556 0.810197
0.988549 0.81002
0.988541 0.809842
0.988534 0.809664
0.988526 0.809486
0.988519 0.809306
0.988511 0.809126
0.988504 0.808946
0.988496 0.808765
0.988488 0.808583
0.98848 0.808401
0.988473 0.808218
0.988465 0.808034
0.988457 0.80785
0.988449 0.807665
0.988441 0.807479
0.988434 0.807293
0.988426 0.807106
0.988418 0.806919
0.98841 0.806731
0.988402 0.806542
0.988394 0.806352
0.988386 0.806162
0.988378 0.805971
0.988369 0.80578
0.988361 0.805588
0.988353 0.805395
0.988345 0.805201
0.988337 0.805007
0.988329 0.804812
0.98832 0.804617
0.988312 0.80442
0.988304 0.804223
0.988295 0.804026
0.988287 0.803827
0.988278 0.803628
0.98827 0.803428
0.988261 0.803228
0.988253 0.803027
0.988244 0.802825
0.988236 0.802622
0.988227 0.802418
0.988219 0.802214
0.98821 0.802009
0.988201 0.801803
0.988192 0.801597
0.988184 0.801389
0.988175 0.801181
0.988166 0.800973
0.988157 0.800763
0.988148 0.800553
0.988139 0.800341
0.98813 0.800129
0.988121 0.799917
0.988112 0.799703
0.988103 0.799489
0.988094 0.799274
0.988085 0.799058
0.988076 0.798841
0.988067 0.798623
0.988057 0.798405
0.988048 0.798185
0.988039 0.797965
0.988029 0.797744
0.98802 0.797522
0.98801 0.7973
0.988001 0.797076
0.987992 0.796852
0.987982 0.796626
0.987972 0.7964
0.987963 0.796173
0.987953 0.795945
0.987943 0.795716
0.987934 0.795487
0.987924 0.795256
0.987914 0.795024
0.987904 0.794792
0.987894 0.794559
0.987884 0.794324
0.987875 0.794089
0.987864 0.793853
0.987854 0.793616
0.987844 0.793378
0.987834 0.793139
0.987824 0.792899
0.987814 0.792658
0.987804 0.792416
0.987793 0.792173
0.987783 0.791929
0.987773 0.791684
0.987762 0.791438
0.987752 0.791191
0.987741 0.790943
0.987731 0.790694
0.98772 0.790444
0.987709 0.790193
0.987699 0.789941
0.987688 0.789688
0.987677 0.789434
0.987666 0.789179
0.987656 0.788923
0.987645 0.788665
0.987634 0.788407
0.987623 0.788147
0.987612 0.787887
0.987601 0.787625
0.987589 0.787362
0.987578 0.787098
0.987567 0.786833
0.987556 0.786567
0.987544 0.7863
0.987533 0.786031
0.987522 0.785762
0.98751 0.785491
0.987498 0.785219
0.987487 0.784946
0.987475 0.784672
0.987464 0.784396
0.987452 0.784119
0.98744 0.783841
0.987428 0.783562
0.987416 0.783282
0.987404 0.783
0.987392 0.782718
0.98738 0.782434
0.987368 0.782148
0.987356 0.781862
0.987344 0.781574
0.987331 0.781285
0.987319 0.780994
0.987307 0.780702
0.987294 0.780409
0.987282 0.780115
0.987269 0.779819
0.987257 0.779522
0.987244 0.779224
0.987231 0.778924
0.987218 0.778623
0.987206 0.77832
0.987193 0.778017
0.98718 0.777711
0.987167 0.777405
0.987154 0.777096
0.98714 0.776787
0.987127 0.776476
0.987114 0.776164
0.987101 0.77585
0.987087 0.775534
0.987074 0.775218
0.98706 0.774899
0.987046 0.77458
0.987033 0.774258
0.987019 0.773935
0.987005 0.773611
0.986991 0.773285
0.986977 0.772958
0.986963 0.772629
0.986949 0.772298
0.986935 0.771966
0.986921 0.771632
0.986907 0.771297
0.986892 0.77096
0.986878 0.770621
0.986863 0.770281
0.986849 0.769939
0.986834 0.769596
0.986819 0.76925
0.986805 0.768903
0.98679 0.768555
0.986775 0.768204
0.98676 0.767852
0.986745 0.767498
0.98673 0.767143
0.986714 0.766785
0.986699 0.766426
0.986684 0.766065
0.986668 0.765702
0.986653 0.765338
0.986637 0.764971
0.986621 0.764603
0.986605 0.764233
0.986589 0.763861
0.986573 0.763487
0.986557 0.763111
0.986541 0.762733
0.986525 0.762353
0.986509 0.761972
0.986492 0.761588
0.986476 0.761202
0.986459 0.760815
0.986443 0.760425
0.986426 0.760033
0.986409 0.75964
0.986392 0.759244
0.986375 0.758846
0.986358 0.758446
0.986341 0.758044
0.986323 0.75764
0.986306 0.757233
0.986288 0.756825
0.986271 0.756414
0.986253 0.756001
0.986235 0.755586
0.986217 0.755169
0.986199 0.754749
0.986181 0.754328
0.986163 0.753903
0.986145 0.753477
0.986126 0.753048
0.986108 0.752617
0.986089 0.752184
0.98607 0.751748
0.986052 0.75131
0.986033 0.750869
0.986014 0.750426
0.985994 0.749981
0.985975 0.749533
0.985956 0.749082
0.985936 0.748629
0.985917 0.748173
0.985897 0.747715
0.985877 0.747255
0.985857 0.746791
0.985837 0.746325
0.985817 0.745857
0.985797 0.745386
0.985776 0.744912
0.985755 0.744435
0.985735 0.743956
0.985714 0.743474
0.985693 0.742989
0.985672 0.742501
0.985651 0.742011
0.985629 0.741517
0.985608 0.741021
0.985586 0.740522
0.985565 0.74002
0.985543 0.739515
0.985521 0.739007
0.985499 0.738496
0.985476 0.737982
0.985454 0.737465
0.985431 0.736945
0.985409 0.736422
0.985386 0.735895
0.985363 0.735366
0.98534 0.734833
0.985316 0.734297
0.985293 0.733758
0.985269 0.733216
0.985246 0.73267
0.985222 0.732121
0.985198 0.731569
0.985174 0.731013
0.985149 0.730454
0.985125 0.729891
0.9851 0.729325
0.985075 0.728756
0.98505 0.728182
0.985025 0.727606
0.985 0.727025
0.984974 0.726442
0.984949 0.725854
0.984923 0.725263
0.984897 0.724668
0.98487 0.724069
0.984844 0.723466
0.984817 0.72286
0.984791 0.72225
0.984764 0.721636
0.984737 0.721018
0.984709 0.720396
0.984682 0.71977
0.984654 0.71914
0.984626 0.718505
0.984598 0.717867
0.98457 0.717225
0.984542 0.716578
0.984513 0.715927
0.984484 0.715272
0.984455 0.714613
0.984426 0.713949
0.984396 0.713281
0.984366 0.712608
0.984336 0.711931
0.984306 0.71125
0.984276 0.710563
0.984245 0.709873
0.984215 0.709177
0.984183 0.708477
0.984152 0.707773
0.984121 0.707063
0.984089 0.706349
0.984057 0.70563
0.984025 0.704906
0.983992 0.704176
0.98396 0.703442
0.983927 0.702703
0.983894 0.701959
0.98386 0.70121
0.983826 0.700455
0.983792 0.699696
0.983758 0.698931
0.983724 0.69816
0.983689 0.697384
0.983654 0.696603
0.983619 0.695816
0.983583 0.695024
0.983547 0.694226
0.983511 0.693423
0.983475 0.692614
0.983438 0.691799
0.983401 0.690978
0.983364 0.690151
0.983326 0.689319
0.983288 0.68848
0.98325 0.687635
0.983211 0.686785
0.983172 0.685928
0.983133 0.685065
0.983094 0.684195
0.983054 0.683319
0.983014 0.682437
0.982973 0.681549
0.982933 0.680653
0.982891 0.679752
0.98285 0.678843
0.982808 0.677928
0.982766 0.677006
0.982723 0.676077
0.98268 0.675141
0.982637 0.674199
0.982593 0.673249
0.982549 0.672292
0.982505 0.671328
0.98246 0.670356
0.982415 0.669377
0.982369 0.668391
0.982323 0.667398
0.982277 0.666396
0.98223 0.665387
0.982183 0.664371
0.982135 0.663346
0.982087 0.662314
0.982039 0.661274
0.98199 0.660226
0.98194 0.659169
0.98189 0.658105
0.98184 0.657032
0.981789 0.655951
0.981738 0.654861
0.981686 0.653763
0.981634 0.652657
0.981582 0.651541
0.981528 0.650417
0.981475 0.649284
0.981421 0.648142
0.981366 0.646991
0.981311 0.645831
0.981255 0.644662
0.981199 0.643484
0.981142 0.642296
0.981085 0.641098
0.981027 0.639891
0.980968 0.638675
0.980909 0.637448
0.98085 0.636212
0.980789 0.634966
0.980729 0.63371
0.980667 0.632444
0.980605 0.631167
0.980543 0.62988
0.980479 0.628583
0.980416 0.627275
0.980351 0.625957
0.980286 0.624627
0.98022 0.623287
0.980153 0.621936
0.980086 0.620574
0.980018 0.619201
0.97995 0.617817
0.979881 0.616421
0.979811 0.615014
0.97974 0.613595
0.979668 0.612165
0.979596 0.610723
0.979523 0.609269
0.979449 0.607803
0.979375 0.606324
0.979299 0.604834
0.979223 0.603331
0.979146 0.601816
0.979068 0.600289
0.97899 0.598748
0.97891 0.597195
0.97883 0.595629
0.978748 0.59405
0.978666 0.592458
0.978583 0.590853
0.978499 0.589235
0.978414 0.587603
0.978328 0.585957
0.978241 0.584298
0.978153 0.582625
0.978065 0.580938
0.977975 0.579238
0.977884 0.577523
0.977792 0.575794
0.977699 0.57405
0.977605 0.572292
0.97751 0.57052
0.977413 0.568733
0.977316 0.566931
0.977217 0.565115
0.977118 0.563283
0.977017 0.561436
0.976915 0.559574
0.976811 0.557697
0.976707 0.555805
0.976601 0.553897
0.976494 0.551973
0.976386 0.550034
0.976276 0.548079
0.976165 0.546108
0.976053 0.544121
0.975939 0.542118
0.975824 0.540099
0.975707 0.538063
0.975589 0.536012
0.97547 0.533944
0.975349 0.531859
0.975226 0.529758
0.975102 0.52764
0.974976 0.525505
0.974849 0.523354
0.974721 0.521186
0.97459 0.519001
0.974458 0.516799
0.974324 0.51458
0.974189 0.512343
0.974051 0.51009
0.973912 0.50782
0.973771 0.505532
0.973629 0.503227
0.973484 0.500905
0.973338 0.498565
0.973189 0.496208
0.973039 0.493834
0.972887 0.491442
0.972732 0.489033
0.972576 0.486607
0.972417 0.484163
0.972257 0.481702
0.972094 0.479224
0.971929 0.476728
0.971762 0.474215
0.971592 0.471685
0.97142 0.469138
0.971246 0.466573
0.97107 0.463991
0.970891 0.461393
0.970709 0.458777
0.970525 0.456145
0.970339 0.453496
0.97015 0.45083
0.969958 0.448148
0.969764 0.445449
0.969567 0.442735
0.969367 0.440004
0.969164 0.437256
0.968959 0.434494
0.968751 0.431715
0.968539 0.428921
0.968325 0.426112
0.968108 0.423287
0.967887 0.420448
0.967664 0.417594
0.967437 0.414725
0.967207 0.411843
0.966974 0.408946
0.966738 0.406036
0.966498 0.403112
0.966254 0.400175
0.966007 0.397226
0.965757 0.394264
0.965503 0.391289
0.965245 0.388303
0.964984 0.385305
0.964718 0.382297
0.964449 0.379277
0.964176 0.376247
0.963899 0.373207
0.963618 0.370157
0.963333 0.367098
0.963044 0.364031
0.962751 0.360955
0.962453 0.357871
0.962151 0.354779
0.961844 0.351681
0.961533 0.348576
0.961218 0.345466
0.960898 0.342349
0.960573 0.339228
0.960244 0.336103
0.959909 0.332973
0.95957 0.32984
0.959226 0.326704
0.958877 0.323566
0.958523 0.320426
0.958163 0.317285
0.957799 0.314143
0.957429 0.311002
0.957053 0.307861
0.956672 0.304721
0.956286 0.301583
0.955894 0.298447
0.955496 0.295314
0.955093 0.292185
0.954684 0.28906
0.954269 0.28594
0.953848 0.282825
0.95342 0.279717
0.952987 0.276615
0.952547 0.27352
0.952101 0.270434
0.951649 0.267356
0.95119 0.264287
0.950725 0.261228
0.950253 0.258179
0.949775 0.255141
0.949289 0.252115
0.948797 0.249101
0.948298 0.246099
0.947792 0.243111
0.947278 0.240137
0.946758 0.237178
0.94623 0.234234
0.945695 0.231305
0.945152 0.228392
0.944602 0.225496
0.944044 0.222617
0.943479 0.219756
0.942906 0.216914
0.942325 0.214089
0.941736 0.211285
0.941139 0.208499
0.940534 0.205734
0.939921 0.202989
0.939299 0.200266
0.93867 0.197563
0.938031 0.194883
0.937385 0.192224
0.93673 0.189588
0.936066 0.186975
0.935393 0.184385
0.934712 0.181819
0.934021 0.179276
0.933322 0.176757
0.932614 0.174263
0.931896 0.171793
0.93117 0.169348
0.930434 0.166929
0.929688 0.164534
0.928933 0.162165
0.928169 0.159821
0.927395 0.157503
0.926612 0.155211
0.925818 0.152946
0.925015 0.150706
0.924202 0.148492
0.923379 0.146305
0.922546 0.144144
0.921703 0.142009
0.920849 0.139901
0.919986 0.13782
0.919111 0.135765
0.918227 0.133736
0.917332 0.131734
0.916426 0.129758
0.91551 0.127808
0.914583 0.125885
0.913645 0.123988
0.912697 0.122117
0.911737 0.120272
0.910766 0.118453
0.909785 0.11666
0.908792 0.114892
0.907787 0.11315
0.906772 0.111434
0.905745 0.109743
0.904707 0.108076
0.903657 0.106435
0.902596 0.104819
0.901523 0.103227
0.900438 0.101659
0.899341 0.100116
0.898233 0.0985961
0.897113 0.0971004
0.89598 0.0956282
0.894836 0.0941793
0.893679 0.0927534
0.89251 0.0913504
0.891329 0.08997
0.890135 0.088612
0.88893 0.0872761
0.887711 0.0859621
0.88648 0.0846698
0.885236 0.0833988
0.88398 0.082149
0.882711 0.08092
0.881429 0.0797116
0.880134 0.0785236
0.878826 0.0773558
0.877505 0.0762077
0.87617 0.0750792
0.874823 0.0739701
0.873462 0.07288
0.872088 0.0718087
0.870701 0.0707559
0.8693 0.0697214
0.867885 0.0687049
0.866457 0.0677061
0.865015 0.0667249
0.86356 0.0657609
0.86209 0.0648138
0.860607 0.0638835
0.859109 0.0629696
0.857598 0.0620719
0.856072 0.0611902
0.854532 0.0603242
0.852978 0.0594737
0.851409 0.0586384
0.849826 0.057818
0.848228 0.0570124
0.846616 0.0562213
0.844989 0.0554445
0.843348 0.0546816
0.841691 0.0539326
0.84002 0.0531971
0.838333 0.052475
0.836632 0.0517659
0.834915 0.0510698
0.833183 0.0503863
0.831436 0.0497153
0.829674 0.0490566
0.827896 0.0484098
0.826102 0.0477749
0.824293 0.0471517
0.822468 0.0465398
0.820627 0.0459392
0.818771 0.0453496
0.816898 0.0447708
0.81501 0.0442027
0.813105 0.043645
0.811185 0.0430976
0.809248 0.0425603
0.807294 0.0420329
0.805324 0.0415152
0.803338 0.0410071
0.801335 0.0405084
0.799316 0.0400189
0.797279 0.0395385
0.795226 0.039067
0.793156 0.0386042
0.791069 0.0381501
0.788964 0.0377043
0.786843 0.0372668
0.784704 0.0368375
0.782548 0.0364161
0.780375 0.0360026
0.778184 0.0355968
0.775975 0.0351986
0.773749 0.0348078
0.771505 0.0344243
0.769244 0.0340479
0.766964 0.0336786
0.764666 0.0333163
0.762351 0.0329607
0.760017 0.0326118
0.757665 0.0322694
0.755295 0.0319335
0.752906 0.0316039
0.750499 0.0312805
0.748074 0.0309632
0.745629 0.0306519
0.743167 0.0303465
0.740685 0.0300469
0.738185 0.0297529
0.735666 0.0294646
0.733128 0.0291817
0.730571 0.0289043
0.727995 0.0286321
0.7254 0.0283652
0.722786 0.0281033
0.720152 0.0278465
0.7175 0.0275947
0.714828 0.0273477
0.712136 0.0271055
0.709426 0.026868
0.706695 0.0266351
0.703946 0.0264068
0.701177 0.0261829
0.698388 0.0259634
0.69558 0.0257483
0.692752 0.0255374
0.689904 0.0253307
0.687037 0.025128
0.68415 0.0249295
0.681243 0.0247349
0.678317 0.0245443
0.675371 0.0243575
0.672405 0.0241745
0.66942 0.0239952
0.666415 0.0238196
0.66339 0.0236476
0.660345 0.0234793
0.657281 0.0233144
0.654197 0.0231529
0.651094 0.0229949
0.647971 0.0228402
0.644829 0.0226889
0.641667 0.0225408
0.638485 0.0223959
0.635285 0.0222542
0.632065 0.0221155
0.628826 0.02198
0.625567 0.0218475
0.62229 0.021718
0.618994 0.0215914
0.615679 0.0214677
0.612345 0.0213469
0.608993 0.0212289
0.605622 0.0211137
0.602233 0.0210013
0.598825 0.0208916
0.5954 0.0207846
0.591957 0.0206802
0.588495 0.0205784
0.585017 0.0204792
0.581521 0.0203826
0.578008 0.0202885
0.574478 0.0201969
0.570931 0.0201077
0.567367 0.020021
0.563788 0.0199367
0.560192 0.0198547
0.556581 0.0197751
0.552954 0.0196978
0.549311 0.0196228
0.545654 0.0195501
0.541982 0.0194797
0.538296 0.0194115
0.534596 0.0193454
0.530882 0.0192816
0.527154 0.0192199
0.523414 0.0191603
0.519661 0.0191029
0.515895 0.0190476
0.512118 0.0189943
0.508329 0.0189431
0.504529 0.018894
0.500719 0.0188468
0.496898 0.0188017
0.493067 0.0187585
0.489227 0.0187174
0.485377 0.0186782
0.48152 0.0186409
0.477654 0.0186055
0.473781 0.0185721
0.469901 0.0185405
0.466014 0.0185108
0.462121 0.018483
0.458223 0.018457
0.45432 0.0184329
0.450413 0.0184106
0.446501 0.0183901
0.442587 0.0183715
0.43867 0.0183546
0.43475 0.0183395
0.430829 0.0183261
0.426908 0.0183145
0.422986 0.0183047
0.419064 0.0182966
0.415143 0.0182902
0.411223 0.0182855
0.407306 0.0182826
0.403391 0.0182813
0.39948 0.0182817
0.395573 0.0182838
0.391671 0.0182876
0.387773 0.0182931
0.383882 0.0183001
0.379998 0.0183089
0.37612 0.0183193
0.372251 0.0183313
0.36839 0.0183449
0.364538 0.0183601
0.360696 0.018377
0.356865 0.0183954
0.353044 0.0184155
0.349236 0.0184371
0.34544 0.0184603
0.341657 0.0184851
0.337887 0.0185115
0.334132 0.0185394
0.330392 0.0185689
0.326667 0.0185999
0.322959 0.0186325
0.319267 0.0186666
0.315592 0.0187022
0.311936 0.0187394
0.308298 0.0187781
0.304678 0.0188183
0.301079 0.01886
0.2975 0.0189032
0.293941 0.0189479
0.290403 0.0189941
0.286888 0.0190418
0.283394 0.019091
0.279923 0.0191417
0.276475 0.0191938
0.273051 0.0192474
0.269651 0.0193024
0.266276 0.0193589
0.262925 0.0194169
0.2596 0.0194763
0.2563 0.0195372
0.253026 0.0195995
0.249779 0.0196632
0.246559 0.0197283
0.243366 0.0197949
0.2402 0.0198629
0.237062 0.0199323
0.233952 0.0200031
0.23087 0.0200753
0.227817 0.0201489
0.224792 0.0202239
0.221797 0.0203002
0.21883 0.020378
0.215893 0.0204571
0.212986 0.0205376
0.210108 0.0206195
0.20726 0.0207027
0.204442 0.0207873
0.201654 0.0208732
0.198896 0.0209605
0.196168 0.0210491
0.19347 0.0211391
0.190803 0.0212304
0.188166 0.021323
0.18556 0.0214169
0.182984 0.0215122
0.180438 0.0216087
0.177923 0.0217066
0.175438 0.0218058
0.172983 0.0219062
0.170559 0.022008
0.168165 0.022111
0.1658 0.0222153
0.163466 0.0223209
0.161161 0.0224277
0.158887 0.0225358
0.156642 0.0226452
0.154426 0.0227558
0.15224 0.0228677
0.150083 0.0229808
0.147955 0.0230951
0.145855 0.0232107
0.143785 0.0233275
0.141743 0.0234455
0.139729 0.0235648
0.137743 0.0236852
0.135785 0.0238069
0.133855 0.0239297
0.131953 0.0240538
0.130077 0.024179
0.128229 0.0243054
0.126407 0.024433
0.124611 0.0245618
0.122842 0.0246917
0.121099 0.0248228
0.119382 0.0249551
0.11769 0.0250885
0.116024 0.025223
0.114382 0.0253587
0.112765 0.0254956
0.111172 0.0256335
0.109604 0.0257726
0.108059 0.0259129
0.106538 0.0260542
0.105041 0.0261966
0.103566 0.0263402
0.102114 0.0264848
0.100685 0.0266306
0.0992778 0.0267774
0.0978926 0.0269253
0.096529 0.0270744
0.0951868 0.0272244
0.0938656 0.0273756
0.0925653 0.0275278
0.0912854 0.0276811
0.0900258 0.0278354
0.0887862 0.0279908
0.0875663 0.0281473
0.0863657 0.0283048
0.0851843 0.0284633
0.0840218 0.0286228
0.0828779 0.0287834
0.0817523 0.028945
0.0806447 0.0291076
0.0795549 0.0292713
0.0784827 0.0294359
0.0774277 0.0296016
0.0763897 0.0297683
0.0753685 0.0299359
0.0743637 0.0301046
0.0733752 0.0302742
0.0724027 0.0304448
0.0714459 0.0306164
0.0705046 0.030789
0.0695786 0.0309625
0.0686676 0.031137
0.0677713 0.0313125
0.0668896 0.031489
0.0660222 0.0316663
0.0651689 0.0318447
0.0643294 0.032024
0.0635035 0.0322042
0.0626911 0.0323853
0.0618918 0.0325674
0.0611055 0.0327505
0.0603319 0.0329344
0.0595709 0.0331193
0.0588222 0.0333051
0.0580857 0.0334918
0.0573611 0.0336794
0.0566482 0.033868
0.0559469 0.0340574
0.0552569 0.0342477
0.054578 0.034439
0.0539101 0.0346311
0.053253 0.0348241
0.0526065 0.035018
0.0519704 0.0352128
0.0513446 0.0354084
0.0507288 0.035605
0.0501229 0.0358024
0.0495268 0.0360007
0.0489402 0.0361998
0.048363 0.0363998
0.047795 0.0366007
0.0472361 0.0368024
0.0466862 0.037005
0.046145 0.0372084
0.0456124 0.0374127
0.0450883 0.0376179
0.0445725 0.0378238
0.0440649 0.0380306
0.0435654 0.0382383
0.0430737 0.0384467
0.0425899 0.0386561
0.0421136 0.0388662
0.0416449 0.0390772
0.0411835 0.0392889
0.0407293 0.0395015
0.0402823 0.039715
0.0398423 0.0399292
0.0394092 0.0401443
0.0389828 0.0403601
0.0385631 0.0405768
0.0381499 0.0407943
0.0377431 0.0410125
0.0373426 0.0412316
0.0369483 0.0414515
0.03656 0.0416722
0.0361778 0.0418936
0.0358015 0.0421159
0.0354309 0.0423389
0.035066 0.0425628
0.0347067 0.0427874
0.0343529 0.0430128
0.0340045 0.043239
0.0336613 0.0434659
0.0333234 0.0436937
0.0329906 0.0439222
0.0326629 0.0441515
0.0323401 0.0443816
0.0320221 0.0446124
0.031709 0.044844
0.0314005 0.0450764
0.0310966 0.0453095
0.0307973 0.0455434
0.0305025 0.0457781
0.030212 0.0460135
0.0299259 0.0462497
0.029644 0.0464867
0.0293662 0.0467244
0.0290926 0.0469628
0.028823 0.047202
0.0285574 0.047442
0.0282956 0.0476827
0.0280377 0.0479242
0.0277835 0.0481664
0.0275331 0.0484094
0.0272863 0.0486531
0.0270431 0.0488976
0.0268034 0.0491428
0.0265671 0.0493888
0.0263343 0.0496355
0.0261048 0.0498829
0.0258787 0.0501311
0.0256557 0.05038
0.025436 0.0506297
0.0252193 0.0508801
0.0250058 0.0511312
0.0247953 0.0513831
0.0245878 0.0516357
0.0243832 0.0518891
0.0241815 0.0521432
0.0239826 0.052398
0.0237865 0.0526536
0.0235932 0.0529099
0.0234026 0.0531669
0.0232147 0.0534247
0.0230293 0.0536832
0.0228466 0.0539425
0.0226663 0.0542024
0.0224886 0.0544631
0.0223133 0.0547246
0.0221405 0.0549868
0.02197 0.0552497
0.0218018 0.0555133
0.021636 0.0557777
0.0214724 0.0560428
0.0213111 0.0563087
0.0211519 0.0565752
0.0209949 0.0568426
0.0208401 0.0571106
0.0206873 0.0573794
0.0205366 0.0576489
0.0203879 0.0579192
0.0202412 0.0581902
0.0200965 0.0584619
0.0199537 0.0587344
0.0198128 0.0590075
0.0196738 0.0592815
0.0195367 0.0595562
0.0194014 0.0598316
0.0192678 0.0601077
0.0191361 0.0603846
0.019006 0.0606623
0.0188777 0.0609406
0.0187511 0.0612198
0.0186261 0.0614996
0.0185028 0.0617802
0.018381 0.0620616
0.0182609 0.0623437
0.0181423 0.0626265
0.0180253 0.0629101
0.0179098 0.0631944
0.0177957 0.0634795
0.0176832 0.0637654
0.0175721 0.064052
0.0174624 0.0643393
0.0173542 0.0646274
0.0172473 0.0649163
0.0171418 0.0652059
0.0170376 0.0654963
0.0169348 0.0657874
0.0168333 0.0660793
0.0167331 0.066372
0.0166341 0.0666654
0.0165364 0.0669596
0.01644 0.0672546
0.0163447 0.0675504
0.0162507 0.0678469
0.0161578 0.0681442
0.0160661 0.0684422
0.0159756 0.0687411
0.0158862 0.0690407
0.0157979 0.0693411
0.0157107 0.0696423
0.0156246 0.0699443
0.0155396 0.070247
0.0154556 0.0705506
0.0153727 0.0708549
0.0152908 0.0711601
0.0152099 0.071466
0.01513 0.0717727
0.0150511 0.0720803
0.0149732 0.0723886
0.0148962 0.0726978
0.0148202 0.0730077
0.0147451 0.0733185
0.014671 0.0736301
0.0145977 0.0739425
0.0145254 0.0742557
0.0144539 0.0745698
0.0143833 0.0748847
0.0143136 0.0752004
0.0142447 0.0755169
0.0141766 0.0758343
0.0141094 0.0761525
0.014043 0.0764715
0.0139774 0.0767914
0.0139126 0.0771122
0.0138486 0.0774337
0.0137854 0.0777562
0.0137229 0.0780795
0.0136612 0.0784036
0.0136002 0.0787287
0.01354 0.0790545
0.0134805 0.0793813
0.0134217 0.0797089
0.0133637 0.0800374
0.0133063 0.0803668
0.0132496 0.0806971
0.0131936 0.0810283
0.0131383 0.0813603
0.0130836 0.0816933
0.0130296 0.0820271
0.0129762 0.0823619
0.0129235 0.0826975
0.0128715 0.0830341
0.01282 0.0833716
0.0127692 0.08371
0.0127189 0.0840494
0.0126693 0.0843896
0.0126203 0.0847308
0.0125719 0.085073
0.012524 0.085416
0.0124767 0.0857601
0.01243 0.086105
0.0123838 0.086451
0.0123383 0.0867979
0.0122932 0.0871457
0.0122487 0.0874946
0.0122047 0.0878444
0.0121613 0.0881952
0.0121184 0.0885469
0.012076 0.0888997
0.0120341 0.0892535
0.0119927 0.0896082
0.0119518 0.089964
0.0119114 0.0903207
0.0118715 0.0906785
0.0118321 0.0910374
0.0117931 0.0913972
0.0117547 0.0917581
0.0117167 0.09212
0.0116791 0.0924829
0.011642 0.092847
0.0116054 0.093212
0.0115692 0.0935781
0.0115335 0.0939453
0.0114981 0.0943136
0.0114633 0.094683
0.0114288 0.0950534
0.0113948 0.0954249
0.0113612 0.0957976
0.011328 0.0961713
0.0112952 0.0965461
0.0112628 0.0969221
0.0112309 0.0972992
0.0111993 0.0976774
0.0111681 0.0980568
0.0111373 0.0984373
0.0111069 0.0988189
0.0110768 0.0992017
0.0110472 0.0995857
0.0110179 0.0999709
0.010989 0.100357
0.0109605 0.100745
0.0109323 0.101133
0.0109045 0.101523
0.010877 0.101915
0.0108499 0.102307
0.0108231 0.1027
0.0107967 0.103095
0.0107706 0.103491
0.0107449 0.103889
0.0107194 0.104287
0.0106944 0.104687
0.0106696 0.105088
0.0106452 0.105491
0.0106211 0.105894
0.0105973 0.106299
0.0105739 0.106705
0.0105507 0.107113
0.0105279 0.107522
0.0105054 0.107932
0.0104831 0.108344
0.0104612 0.108757
0.0104396 0.109171
0.0104183 0.109587
0.0103973 0.110004
0.0103765 0.110422
0.0103561 0.110842
0.0103359 0.111263
0.0103161 0.111686
0.0102965 0.11211
0.0102772 0.112536
0.0102581 0.112963
0.0102394 0.113391
0.0102209 0.113821
0.0102027 0.114253
0.0101848 0.114686
0.0101671 0.11512
0.0101497 0.115556
0.0101325 0.115993
0.0101157 0.116432
0.010099 0.116873
0.0100827 0.117315
0.0100665 0.117758
0.0100507 0.118204
0.0100351 0.118651
0.0100197 0.119099
0.0100046 0.119549
0.00998973 0.120001
0.00997511 0.120454
0.00996073 0.120909
0.00994658 0.121365
0.00993268 0.121824
0.00991901 0.122284
0.00990558 0.122745
0.00989238 0.123209
0.00987942 0.123674
0.00986668 0.124141
0.00985418 0.124609
0.0098419 0.12508
0.00982985 0.125552
0.00981802 0.126026
0.00980642 0.126502
0.00979503 0.126979
0.00978387 0.127459
0.00977293 0.12794
0.0097622 0.128423
0.0097517 0.128908
0.0097414 0.129395
0.00973133 0.129884
0.00972146 0.130374
0.00971181 0.130867
0.00970237 0.131362
0.00969313 0.131858
0.00968411 0.132357
0.00967529 0.132858
0.00966668 0.13336
0.00965827 0.133865
0.00965007 0.134372
0.00964207 0.13488
0.00963427 0.135391
0.00962668 0.135904
0.00961928 0.136419
0.00961209 0.136937
0.00960509 0.137456
0.00959829 0.137977
0.00959169 0.138501
0.00958528 0.139027
0.00957907 0.139555
0.00957305 0.140086
0.00956722 0.140619
0.00956159 0.141154
0.00955615 0.141691
0.0095509 0.14223
0.00954585 0.142772
0.00954098 0.143317
0.0095363 0.143863
0.00953181 0.144413
0.00952751 0.144964
0.00952339 0.145518
0.00951947 0.146075
0.00951573 0.146634
0.00951217 0.147195
0.0095088 0.147759
0.00950562 0.148326
0.00950262 0.148895
0.0094998 0.149466
0.00949717 0.150041
0.00949472 0.150618
0.00949245 0.151197
0.00949036 0.15178
0.00948846 0.152365
0.00948674 0.152953
0.0094852 0.153543
0.00948384 0.154137
0.00948266 0.154733
0.00948166 0.155332
0.00948084 0.155934
0.00948021 0.156538
0.00947975 0.157146
0.00947947 0.157757
0.00947937 0.15837
0.00947945 0.158987
0.00947971 0.159607
0.00948014 0.160229
0.00948076 0.160855
0.00948156 0.161484
0.00948253 0.162116
0.00948368 0.162751
0.00948501 0.16339
0.00948652 0.164031
0.00948821 0.164676
0.00949008 0.165324
0.00949212 0.165976
0.00949435 0.166631
0.00949675 0.167289
0.00949933 0.16795
0.0095021 0.168615
0.00950504 0.169284
0.00950816 0.169956
0.00951146 0.170632
0.00951494 0.171311
0.0095186 0.171994
0.00952244 0.17268
0.00952646 0.17337
0.00953066 0.174064
0.00953505 0.174762
0.00953961 0.175463
0.00954436 0.176168
0.00954929 0.176877
0.0095544 0.177591
0.0095597 0.178307
0.00956517 0.179028
0.00957084 0.179753
0.00957669 0.180482
0.00958272 0.181216
0.00958894 0.181953
0.00959534 0.182694
0.00960193 0.18344
0.00960871 0.18419
0.00961567 0.184944
0.00962283 0.185703
0.00963017 0.186466
0.00963771 0.187233
0.00964543 0.188005
0.00965334 0.188782
0.00966145 0.189563
0.00966975 0.190348
0.00967825 0.191139
0.00968693 0.191934
0.00969582 0.192734
0.0097049 0.193538
0.00971417 0.194348
0.00972365 0.195162
0.00973332 0.195982
0.0097432 0.196806
0.00975327 0.197635
0.00976355 0.19847
0.00977403 0.19931
0.00978471 0.200155
0.0097956 0.201005
0.0098067 0.201861
0.009818 0.202722
0.00982952 0.203589
0.00984124 0.204461
0.00985317 0.205338
0.00986532 0.206222
0.00987768 0.20711
0.00989026 0.208005
0.00990305 0.208906
0.00991606 0.209812
0.00992929 0.210724
0.00994275 0.211643
0.00995642 0.212567
0.00997032 0.213498
0.00998445 0.214435
0.0099988 0.215378
0.0100134 0.216327
0.0100282 0.217283
0.0100432 0.218245
0.0100585 0.219214
0.010074 0.220189
0.0100898 0.221171
0.0101058 0.22216
0.010122 0.223156
0.0101385 0.224159
0.0101552 0.225168
0.0101722 0.226185
0.0101894 0.227209
0.0102069 0.22824
0.0102247 0.229278
0.0102426 0.230324
0.0102609 0.231377
0.0102794 0.232438
0.0102982 0.233507
0.0103172 0.234583
0.0103365 0.235667
0.0103561 0.236759
0.010376 0.237859
0.0103961 0.238967
0.0104165 0.240083
0.0104372 0.241208
0.0104582 0.24234
0.0104794 0.243482
0.010501 0.244632
0.0105229 0.24579
0.010545 0.246957
0.0105675 0.248134
0.0105902 0.249319
0.0106133 0.250513
0.0106366 0.251716
0.0106603 0.252929
0.0106843 0.254151
0.0107086 0.255382
0.0107332 0.256623
0.0107582 0.257874
0.0107835 0.259134
0.0108091 0.260405
0.0108351 0.261685
0.0108614 0.262976
0.0108881 0.264277
0.0109151 0.265588
0.0109424 0.26691
0.0109702 0.268243
0.0109982 0.269586
0.0110267 0.27094
0.0110555 0.272306
0.0110847 0.273682
0.0111143 0.27507
0.0111443 0.276469
0.0111746 0.277879
0.0112054 0.279302
0.0112365 0.280736
0.0112681 0.282182
0.0113001 0.28364
0.0113324 0.285111
0.0113653 0.286593
0.0113985 0.288089
0.0114322 0.289597
0.0114663 0.291118
0.0115008 0.292651
0.0115358 0.294198
0.0115713 0.295758
0.0116072 0.297332
0.0116436 0.298919
0.0116805 0.30052
0.0117179 0.302135
0.0117557 0.303764
0.0117941 0.305407
0.0118329 0.307064
0.0118723 0.308736
0.0119122 0.310423
0.0119526 0.312125
0.0119935 0.313842
0.012035 0.315574
0.0120771 0.317321
0.0121197 0.319084
0.0121628 0.320862
0.0122066 0.322657
0.0122509 0.324468
0.0122958 0.326295
0.0123413 0.328138
0.0123875 0.329999
0.0124342 0.331876
0.0124816 0.33377
0.0125296 0.335681
0.0125783 0.337609
0.0126276 0.339556
0.0126776 0.34152
0.0127283 0.343502
0.0127797 0.345502
0.0128318 0.347521
0.0128846 0.349558
0.0129381 0.351614
0.0129924 0.353688
0.0130474 0.355782
0.0131032 0.357896
0.0131597 0.360029
0.0132171 0.362181
0.0132752 0.364354
0.0133342 0.366546
0.013394 0.36876
0.0134546 0.370993
0.0135161 0.373247
0.0135784 0.375523
0.0136417 0.377819
0.0137058 0.380137
0.0137709 0.382476
0.0138369 0.384837
0.0139039 0.387219
0.0139718 0.389624
0.0140407 0.392051
0.0141106 0.394501
0.0141815 0.396973
0.0142535 0.399468
0.0143265 0.401986
0.0144006 0.404528
0.0144757 0.407092
0.014552 0.409681
0.0146294 0.412293
0.014708 0.414929
0.0147877 0.417588
0.0148687 0.420273
0.0149508 0.422981
0.0150342 0.425714
0.0151189 0.428472
0.0152048 0.431254
0.015292 0.434061
0.0153806 0.436894
0.0154705 0.439751
0.0155618 0.442634
0.0156545 0.445542
0.0157487 0.448476
0.0158443 0.451435
0.0159414 0.45442
0.01604 0.45743
0.0161401 0.460466
0.0162418 0.463529
0.0163451 0.466617
0.0164501 0.469731
0.0165567 0.47287
0.016665 0.476036
0.016775 0.479228
0.0168868 0.482446
0.0170003 0.485689
0.0171157 0.488958
0.0172329 0.492254
0.0173521 0.495574
0.0174731 0.498921
0.0175962 0.502293
0.0177212 0.50569
0.0178483 0.509113
0.0179774 0.51256
0.0181087 0.516033
0.0182421 0.51953
0.0183777 0.523052
0.0185156 0.526599
0.0186557 0.530169
0.0187982 0.533763
0.018943 0.53738
0.0190902 0.541021
0.0192399 0.544685
0.0193921 0.548371
0.0195469 0.552079
0.0197043 0.555809
0.0198643 0.55956
0.020027 0.563332
0.0201924 0.567124
0.0203606 0.570937
0.0205317 0.574768
0.0207057 0.578619
0.0208827 0.582487
0.0210626 0.586374
0.0212456 0.590277
0.0214318 0.594197
0.0216211 0.598132
0.0218136 0.602083
0.0220094 0.606047
0.0222086 0.610026
0.0224112 0.614017
0.0226173 0.61802
0.0228268 0.622034
0.02304 0.626058
0.0232568 0.630092
0.0234774 0.634135
0.0237017 0.638185
0.0239299 0.642242
0.0241619 0.646305
0.024398 0.650373
0.0246381 0.654444
0.0248823 0.658518
0.0251307 0.662595
0.0253833 0.666671
0.0256403 0.670748
0.0259016 0.674823
0.0261674 0.678896
0.0264377 0.682966
0.0267127 0.68703
0.0269922 0.691089
0.0272766 0.695142
0.0275657 0.699186
0.0278598 0.703221
0.0281587 0.707246
0.0284628 0.71126
0.0287719 0.715261
0.0290862 0.719249
0.0294058 0.723222
0.0297308 0.727179
0.0300611 0.731119
0.0303969 0.735042
0.0307383 0.738945
0.0310853 0.742828
0.031438 0.74669
0.0317965 0.750529
0.0321609 0.754346
0.0325312 0.758138
0.0329075 0.761904
0.03329 0.765645
0.0336785 0.769358
0.0340734 0.773043
0.0344745 0.776699
0.0348821 0.780325
0.0352961 0.783921
0.0357167 0.787485
0.0361438 0.791016
0.0365777 0.794514
0.0370184 0.797979
0.0374658 0.801409
0.0379202 0.804804
0.0383816 0.808163
0.0388501 0.811486
0.0393257 0.814772
0.0398085 0.818021
0.0402986 0.821231
0.040796 0.824403
0.0413009 0.827537
0.0418132 0.830631
0.0423331 0.833686
0.0428606 0.836701
0.0433959 0.839675
0.0439389 0.84261
0.0444897 0.845504
0.0450485 0.848357
0.0456152 0.85117
0.0461899 0.853941
0.0467728 0.856672
0.0473638 0.859361
0.0479631 0.862009
0.0485706 0.864617
0.0491865 0.867183
0.0498108 0.869709
0.0504437 0.872193
0.051085 0.874637
0.051735 0.877041
0.0523936 0.879404
0.0530609 0.881727
0.0537371 0.88401
0.0544221 0.886253
0.0551159 0.888457
0.0558188 0.890622
0.0565307 0.892749
0.0572516 0.894836
0.0579817 0.896886
0.0587209 0.898898
0.0594694 0.900873
0.0602272 0.90281
0.0609943 0.904711
0.0617709 0.906576
0.0625569 0.908405
0.0633524 0.910199
0.0641575 0.911958
0.0649722 0.913682
0.0657965 0.915373
0.0666306 0.91703
0.0674745 0.918654
0.0683282 0.920245
0.0691917 0.921805
0.0700652 0.923332
0.0709486 0.924829
0.0718421 0.926295
0.0727456 0.927731
0.0736593 0.929137
0.0745831 0.930515
0.0755171 0.931863
0.0764614 0.933184
0.0774161 0.934476
0.078381 0.935742
0.0793565 0.936981
0.0803423 0.938193
0.0813387 0.93938
0.0823456 0.940542
0.0833632 0.941678
0.0843914 0.942791
0.0854302 0.94388
0.0864799 0.944945
0.0875403 0.945987
0.0886116 0.947007
0.0896938 0.948005
0.0907869 0.948981
0.091891 0.949936
0.0930062 0.950871
0.0941324 0.951785
0.0952698 0.952679
0.0964184 0.953554
0.0975782 0.954409
0.0987492 0.955246
0.0999317 0.956065
0.101125 0.956866
0.102331 0.957649
0.103547 0.958416
0.104776 0.959165
0.106015 0.959898
0.107267 0.960615
0.10853 0.961317
0.109805 0.962003
0.111092 0.962674
0.11239 0.96333
0.113701 0.963972
0.115023 0.9646
0.116357 0.965215
0.117704 0.965816
0.119062 0.966403
0.120433 0.966978
0.121816 0.967541
0.123211 0.968091
0.124618 0.968629
0.126038 0.969156
0.12747 0.969671
0.128915 0.970174
0.130373 0.970667
0.131843 0.97115
0.133325 0.971621
0.134821 0.972083
0.136329 0.972535
0.13785 0.972977
0.139384 0.973409
0.140931 0.973832
0.14249 0.974246
0.144063 0.974651
0.14565 0.975048
0.147249 0.975436
0.148862 0.975815
0.150488 0.976187
0.152127 0.97655
0.15378 0.976906
0.155446 0.977255
0.157126 0.977596
0.15882 0.977929
0.160527 0.978256
0.162249 0.978576
0.163984 0.978889
0.165733 0.979195
0.167496 0.979495
0.169273 0.979789
0.171064 0.980076
0.17287 0.980358
0.17469 0.980633
0.176524 0.980903
0.178372 0.981167
0.180236 0.981426
0.182113 0.981679
0.184006 0.981928
0.185913 0.98217
0.187834 0.982408
0.189771 0.982641
0.191723 0.98287
0.193689 0.983093
0.195671 0.983312
0.197668 0.983526
0.19968 0.983736
0.201708 0.983942
0.203751 0.984144
0.205809 0.984341
0.207883 0.984534
0.209972 0.984724
0.212078 0.984909
0.214198 0.985091
0.216335 0.985269
0.218488 0.985444
0.220657 0.985615
0.222841 0.985782
0.225042 0.985946
0.22726 0.986107
0.229493 0.986264
0.231743 0.986419
0.234009 0.98657
0.236292 0.986718
0.238591 0.986863
0.240907 0.987006
0.24324 0.987145
0.245589 0.987282
0.247956 0.987415
0.250339 0.987547
0.25274 0.987675
0.255157 0.987801
0.257592 0.987924
0.260043 0.988045
0.262513 0.988164
0.264999 0.98828
0.267503 0.988394
0.270024 0.988505
0.272563 0.988614
0.275119 0.988721
0.277693 0.988826
0.280285 0.988929
0.282894 0.989029
0.285522 0.989128
0.288167 0.989224
0.29083 0.989319
0.293511 0.989412
0.296209 0.989503
0.298926 0.989591
0.301661 0.989679
0.304414 0.989764
0.307185 0.989847
0.309975 0.989929
0.312782 0.990009
0.315608 0.990088
0.318452 0.990165
0.321314 0.99024
0.324194 0.990313
0.327093 0.990386
0.33001 0.990456
0.332945 0.990525
0.335898 0.990593
0.33887 0.990659
0.341859 0.990723
0.344868 0.990787
0.347894 0.990849
0.350938 0.990909
0.354001 0.990968
0.357081 0.991026
0.36018 0.991083
0.363297 0.991138
0.366432 0.991192
0.369584 0.991245
0.372755 0.991297
0.375943 0.991347
0.379149 0.991396
0.382372 0.991444
0.385613 0.991491
0.388872 0.991537
0.392148 0.991582
0.395441 0.991625
0.398751 0.991668
0.402078 0.991709
0.405422 0.991749
0.408782 0.991789
0.41216 0.991827
0.415553 0.991864
0.418963 0.9919
0.422389 0.991936
0.425831 0.99197
0.429288 0.992003
0.432761 0.992036
0.43625 0.992067
0.439753 0.992098
0.443271 0.992127
0.446804 0.992156
0.450351 0.992184
0.453912 0.99221
0.457488 0.992236
0.461076 0.992262
0.464678 0.992286
0.468294 0.992309
0.471921 0.992332
0.475562 0.992353
0.479214 0.992374
0.482878 0.992394
0.486553 0.992414
0.49024 0.992432
0.493937 0.99245
0.497645 0.992467
0.501363 0.992483
0.50509 0.992498
0.508826 0.992513
0.512571 0.992526
0.516324 0.992539
0.520086 0.992552
0.523855 0.992563
0.52763 0.992574
0.531413 0.992584
0.535201 0.992593
0.538996 0.992602
0.542795 0.99261
0.546599 0.992617
0.550407 0.992623
0.554219 0.992629
0.558034 0.992634
0.561851 0.992639
0.565671 0.992642
0.569492 0.992645
0.573314 0.992648
0.577137 0.992649
0.580959 0.99265
0.584781 0.99265
0.588602 0.99265
0.592421 0.992649
0.596237 0.992647
0.600051 0.992645
0.60386 0.992642
0.607666 0.992638
0.611467 0.992634
0.615263 0.992629
0.619053 0.992623
0.622836 0.992617
0.626612 0.99261
0.63038 0.992602
0.63414 0.992594
0.637891 0.992585
0.641633 0.992576
0.645364 0.992566
0.649085 0.992555
0.652795 0.992544
0.656492 0.992532
0.660177 0.992519
0.663849 0.992506
0.667507 0.992492
0.671151 0.992478
0.674781 0.992463
0.678395 0.992447
0.681993 0.992431
0.685574 0.992414
0.689139 0.992396
0.692686 0.992378
0.696215 0.99236
0.699725 0.992341
0.703216 0.992321
0.706688 0.9923
0.71014 0.992279
0.713571 0.992258
0.716981 0.992236
0.72037 0.992213
0.723736 0.99219
0.727081 0.992166
0.730402 0.992141
0.733701 0.992116
0.736976 0.99209
0.740227 0.992064
0.743453 0.992037
0.746655 0.99201
0.749832 0.991982
0.752984 0.991954
0.75611 0.991925
0.75921 0.991895
0.762284 0.991865
0.765331 0.991834
0.768351 0.991803
0.771345 0.991771
0.774311 0.991739
0.77725 0.991706
0.780161 0.991672
0.783045 0.991638
0.7859 0.991604
0.788728 0.991569
0.791527 0.991533
0.794297 0.991497
0.797039 0.99146
0.799753 0.991423
0.802437 0.991385
0.805093 0.991347
0.807721 0.991308
0.810319 0.991268
0.812888 0.991229
0.815428 0.991188
0.81794 0.991147
0.820422 0.991106
0.822876 0.991064
0.825301 0.991021
0.827697 0.990978
0.830064 0.990935
0.832402 0.990891
0.834712 0.990846
0.836993 0.990801
0.839246 0.990756
0.84147 0.99071
0.843666 0.990663
0.845834 0.990616
0.847974 0.990569
0.850086 0.990521
0.85217 0.990472
0.854227 0.990423
0.856257 0.990374
0.858259 0.990324
0.860234 0.990274
0.862183 0.990223
0.864104 0.990171
0.865999 0.99012
0.867868 0.990067
0.869711 0.990015
0.871529 0.989962
0.87332 0.989908
0.875086 0.989854
0.876827 0.989799
0.878543 0.989744
0.880234 0.989689
0.881901 0.989633
0.883544 0.989577
0.885163 0.98952
0.886758 0.989463
0.888329 0.989405
0.889878 0.989347
0.891403 0.989288
0.892905 0.98923
0.894386 0.98917
0.895844 0.98911
0.89728 0.98905
0.898694 0.98899
0.900087 0.988929
0.901459 0.988867
0.90281 0.988805
0.90414 0.988743
0.90545 0.988681
0.90674 0.988617
0.90801 0.988554
0.90926 0.98849
0.910491 0.988426
0.911703 0.988361
0.912896 0.988296
0.914071 0.988231
0.915227 0.988165
0.916366 0.988099
0.917486 0.988033
0.918589 0.987966
0.919675 0.987898
0.920743 0.987831
0.921795 0.987763
0.922831 0.987694
0.92385 0.987626
0.924853 0.987557
0.92584 0.987487
0.926811 0.987417
0.927768 0.987347
0.928709 0.987277
0.929635 0.987206
0.930547 0.987135
0.931444 0.987063
0.932327 0.986991
0.933196 0.986919
0.934051 0.986847
0.934892 0.986774
0.935721 0.986701
0.936536 0.986627
0.937338 0.986553
0.938127 0.986479
0.938904 0.986405
0.939669 0.98633
0.940422 0.986255
0.941162 0.98618
0.941891 0.986104
0.942609 0.986028
0.943315 0.985952
0.94401 0.985875
0.944694 0.985798
0.945367 0.985721
0.946029 0.985644
0.946681 0.985566
0.947323 0.985488
0.947955 0.98541
0.948576 0.985331
0.949188 0.985252
0.949791 0.985173
0.950384 0.985094
0.950967 0.985014
0.951542 0.984934
0.952107 0.984854
0.952664 0.984773
0.953212 0.984693
0.953751 0.984612
0.954283 0.98453
0.954805 0.984449
0.95532 0.984367
0.955827 0.984285
0.956326 0.984203
0.956817 0.984121
0.9573 0.984038
0.957777 0.983955
0.958245 0.983872
0.958707 0.983788
0.959162 0.983705
0.959609 0.983621
0.96005 0.983537
0.960484 0.983452
0.960911 0.983368
0.961332 0.983283
0.961747 0.983198
0.962155 0.983113
0.962557 0.983027
0.962953 0.982942
0.963343 0.982856
0.963727 0.98277
0.964105 0.982684
0.964478 0.982597
0.964845 0.982511
0.965207 0.982424
0.965563 0.982337
0.965914 0.98225
0.966259 0.982162
0.9666 0.982075
0.966936 0.981987
0.967266 0.981899
0.967592 0.981811
0.967913 0.981722
0.968229 0.981634
0.968541 0.981545
0.968848 0.981456
0.96915 0.981367
0.969448 0.981278
0.969742 0.981189
0.970032 0.981099
0.970317 0.98101
0.970598 0.98092
0.970876 0.98083
0.971149 0.98074
0.971418 0.980649
0.971684 0.980559
0.971945 0.980468
0.972203 0.980377
0.972458 0.980287
0.972708 0.980195
0.972956 0.980104
0.973199 0.980013
0.973439 0.979921
0.973676 0.97983
0.97391 0.979738
0.97414 0.979646
0.974367 0.979554
0.974591 0.979462
0.974812 0.97937
0.97503 0.979277
0.975244 0.979185
0.975456 0.979092
0.975665 0.979
0.975871 0.978907
0.976074 0.978814
0.976275 0.978721
0.976472 0.978627
0.976667 0.978534
0.97686 0.978441
0.97705 0.978347
0.977237 0.978253
0.977421 0.97816
0.977604 0.978066
0.977783 0.977972
0.977961 0.977878
0.978136 0.977784
0.978309 0.977689
0.978479 0.977595
0.978647 0.977501
0.978813 0.977406
0.978977 0.977311
0.979138 0.977217
0.979298 0.977122
0.979455 0.977027
0.97961 0.976932
0.979764 0.976837
0.979915 0.976742
0.980064 0.976647
0.980212 0.976552
0.980357 0.976456
0.980501 0.976361
0.980643 0.976265
0.980783 0.97617
0.980921 0.976074
0.981058 0.975979
0.981192 0.975883
0.981325 0.975787
0.981457 0.975691
0.981586 0.975595
0.981714 0.975499
0.981841 0.975403
0.981966 0.975307
0.982089 0.975211
0.982211 0.975115
0.982331 0.975018
0.98245 0.974922
0.982567 0.974826
0.982683 0.974729
0.982797 0.974633
0.982911 0.974536
0.983022 0.97444
0.983132 0.974343
0.983241 0.974247
0.983349 0.97415
0.983455 0.974053
0.98356 0.973956
0.983664 0.97386
0.983767 0.973763
0.983868 0.973666
0.983968 0.973569
0.984067 0.973472
0.984165 0.973375
0.984261 0.973278
0.984356 0.973181
0.984451 0.973084
0.984544 0.972987
0.984636 0.97289
0.984727 0.972793
0.984817 0.972696
0.984906 0.972599
0.984993 0.972502
0.98508 0.972404
0.985166 0.972307
0.985251 0.97221
0.985335 0.972113
0.985417 0.972016
0.985499 0.971918
0.98558 0.971821
0.98566 0.971724
0.985739 0.971627
0.985818 0.971529
0.985895 0.971432
0.985971 0.971335
0.986047 0.971237
0.986122 0.97114
0.986195 0.971043
0.986268 0.970946
0.986341 0.970848
0.986412 0.970751
0.986483 0.970654
0.986552 0.970556
0.986621 0.970459
0.98669 0.970362
0.986757 0.970264
0.986824 0.970167
0.98689 0.97007
0.986955 0.969973
0.98702 0.969875
0.987084 0.969778
0.987147 0.969681
0.987209 0.969584
0.987271 0.969487
0.987332 0.969389
0.987393 0.969292
0.987453 0.969195
0.987512 0.969098
0.98757 0.969001
0.987628 0.968904
0.987686 0.968807
0.987742 0.96871
0.987798 0.968612
0.987854 0.968515
0.987909 0.968418
0.987963 0.968321
0.988017 0.968225
0.98807 0.968128
0.988122 0.968031
0.988174 0.967934
0.988226 0.967837
0.988277 0.96774
0.988327 0.967643
0.988377 0.967547
0.988426 0.96745
0.988475 0.967353
0.988523 0.967257
0.988571 0.96716
0.988619 0.967063
0.988665 0.966967
0.988712 0.96687
0.988758 0.966774
0.988803 0.966677
0.988848 0.966581
0.988892 0.966485
0.988936 0.966388
0.98898 0.966292
0.989023 0.966196
0.989066 0.966099
0.989108 0.966003
0.98915 0.965907
0.989191 0.965811
0.989232 0.965715
0.989273 0.965619
0.989313 0.965523
0.989353 0.965427
0.989392 0.965331
0.989431 0.965235
0.98947 0.96514
0.989508 0.965044
0.989546 0.964948
0.989583 0.964853
0.98962 0.964757
0.989657 0.964661
0.989693 0.964566
0.989729 0.964471
0.989765 0.964375
0.9898 0.96428
0.989835 0.964185
0.989869 0.964089
0.989904 0.963994
0.989938 0.963899
0.989971 0.963804
0.990004 0.963709
0.990037 0.963614
0.99007 0.963519
0.990102 0.963424
0.990134 0.96333
0.990166 0.963235
0.990197 0.96314
0.990228 0.963046
0.990259 0.962951
0.990289 0.962857
0.990319 0.962762
0.990349 0.962668
0.990379 0.962573
0.990408 0.962479
0.990437 0.962385
0.990466 0.962291
0.990494 0.962197
0.990523 0.962103
0.99055 0.962009
0.990578 0.961915
0.990605 0.961821
0.990633 0.961728
0.990659 0.961634
0.990686 0.96154
0.990712 0.961447
0.990739 0.961353
0.990764 0.96126
0.99079 0.961167
0.990815 0.961073
0.990841 0.96098
0.990866 0.960887
0.99089 0.960794
0.990915 0.960701
0.990939 0.960608
0.990963 0.960515
0.990987 0.960422
0.99101 0.96033
0.991033 0.960237
0.991057 0.960144
0.991079 0.960052
0.991102 0.959959
0.991125 0.959867
0.991147 0.959775
0.991169 0.959683
0.991191 0.95959
0.991212 0.959498
0.991234 0.959406
0.991255 0.959314
0.991276 0.959223
0.991297 0.959131
0.991318 0.959039
0.991338 0.958947
0.991358 0.958856
0.991379 0.958764
0.991399 0.958673
0.991418 0.958582
0.991438 0.958491
0.991457 0.958399
0.991476 0.958308
0.991495 0.958217
0.991514 0.958126
0.991533 0.958035
0.991551 0.957945
0.99157 0.957854
0.991588 0.957763
0.991606 0.957673
0.991624 0.957582
0.991642 0.957492
0.991659 0.957402
0.991676 0.957311
0.991694 0.957221
0.991711 0.957131
0.991728 0.957041
0.991744 0.956951
0.991761 0.956861
0.991777 0.956772
0.991794 0.956682
0.99181 0.956592
0.991826 0.956503
0.991842 0.956414
0.991857 0.956324
0.991873 0.956235
0.991888 0.956146
0.991904 0.956057
0.991919 0.955968
0.991934 0.955879
0.991949 0.95579
0.991964 0.955701
0.991978 0.955612
0.991993 0.955524
0.992007 0.955435
0.992021 0.955347
0.992035 0.955258
0.992049 0.95517
0.992063 0.955082
0.992077 0.954994
0.99209 0.954906
0.992104 0.954818
0.992117 0.95473
0.992131 0.954642
0.992144 0.954555
0.992157 0.954467
0.99217 0.95438
0.992182 0.954292
0.992195 0.954205
0.992208 0.954118
0.99222 0.95403
0.992232 0.953943
0.992245 0.953856
0.992257 0.953769
0.992269 0.953683
0.992281 0.953596
0.992292 0.953509
0.992304 0.953423
0.992316 0.953336
0.992327 0.95325
0.992338 0.953163
0.99235 0.953077
0.992361 0.952991
0.992372 0.952905
0.992383 0.952819
0.992394 0.952733
0.992404 0.952647
0.992415 0.952562
0.992426 0.952476
0.992436 0.95239
0.992447 0.952305
0.992457 0.95222
0.992467 0.952134
0.992477 0.952049
0.992487 0.951964
0.992497 0.951879
0.992507 0.951794
0.992517 0.951709
0.992526 0.951625
0.992536 0.95154
0.992545 0.951455
0.992555 0.951371
0.992564 0.951286
0.992573 0.951202
0.992583 0.951118
0.992592 0.951034
0.992601 0.95095
0.992609 0.950866
0.992618 0.950782
0.992627 0.950698
0.992636 0.950614
0.992644 0.950531
0.992653 0.950447
0.992661 0.950364
0.99267 0.95028
0.992678 0.950197
0.992686 0.950114
0.992694 0.950031
0.992702 0.949948
0.99271 0.949865
0.992718 0.949782
0.992726 0.9497
0.992734 0.949617
0.992741 0.949534
0.992749 0.949452
0.992757 0.949369
0.992764 0.949287
0.992772 0.949205
0.992779 0.949123
0.992786 0.949041
0.992793 0.948959
0.992801 0.948877
0.992808 0.948795
0.992815 0.948714
0.992822 0.948632
0.992828 0.94855
0.992835 0.948469
0.992842 0.948388
0.992849 0.948306
0.992855 0.948225
0.992862 0.948144
0.992868 0.948063
0.992875 0.947982
0.992881 0.947902
0.992888 0.947821
0.992894 0.94774
0.9929 0.94766
0.992906 0.947579
0.992912 0.947499
0.992918 0.947419
0.992924 0.947338
0.99293 0.947258
0.992936 0.947178
0.992942 0.947098
0.992948 0.947019
0.992953 0.946939
0.992959 0.946859
0.992965 0.94678
0.99297 0.9467
0.992976 0.946621
0.992981 0.946541
0.992986 0.946462
0.992992 0.946383
0.992997 0.946304
0.993002 0.946225
0.993007 0.946146
0.993013 0.946067
0.993018 0.945989
0.993023 0.94591
0.993028 0.945831
0.993033 0.945753
0.993037 0.945675
0.993042 0.945596
0.993047 0.945518
0.993052 0.94544
0.993057 0.945362
0.993061 0.945284
0.993066 0.945206
0.99307 0.945128
0.993075 0.945051
0.993079 0.944973
0.993084 0.944896
0.993088 0.944818
0.993092 0.944741
0.993097 0.944664
0.993101 0.944587
0.993105 0.944509
0.993109 0.944433
0.993113 0.944356
0.993117 0.944279
0.993121 0.944202
0.993125 0.944125
0.993129 0.944049
0.993133 0.943972
0.993137 0.943896
0.993141 0.94382
0.993145 0.943743
0.993148 0.943667
0.993152 0.943591
0.993156 0.943515
0.993159 0.943439
0.993163 0.943364
0.993167 0.943288
0.99317 0.943212
0.993174 0.943137
0.993177 0.943061
0.99318 0.942986
0.993184 0.942911
0.993187 0.942835
0.99319 0.94276
0.993194 0.942685
0.993197 0.94261
0.9932 0.942535
0.993203 0.942461
0.993206 0.942386
0.993209 0.942311
0.993212 0.942237
0.993215 0.942162
0.993218 0.942088
0.993221 0.942014
0.993224 0.941939
0.993227 0.941865
0.99323 0.941791
0.993233 0.941717
0.993235 0.941643
0.993238 0.94157
0.993241 0.941496
0.993243 0.941422
0.993246 0.941349
0.993249 0.941275
0.993251 0.941202
0.993254 0.941129
0.993256 0.941055
0.993259 0.940982
0.993261 0.940909
0.993264 0.940836
0.993266 0.940763
0.993268 0.940691
0.993271 0.940618
0.993273 0.940545
0.993275 0.940473
0.993278 0.9404
0.99328 0.940328
0.993282 0.940255
0.993284 0.940183
0.993286 0.940111
0.993288 0.940039
0.993291 0.939967
0.993293 0.939895
0.993295 0.939823
0.993297 0.939751
0.993299 0.93968
0.993301 0.939608
0.993302 0.939536
0.993304 0.939465
0.993306 0.939394
0.993308 0.939322
0.99331 0.939251
0.993312 0.93918
0.993313 0.939109
0.993315 0.939038
0.993317 0.938967
0.993319 0.938896
0.99332 0.938826
0.993322 0.938755
0.993323 0.938684
0.993325 0.938614
0.993327 0.938543
0.993328 0.938473
0.99333 0.938403
0.993331 0.938333
0.993333 0.938263
0.993334 0.938192
0.993336 0.938123
0.993337 0.938053
0.993338 0.937983
0.99334 0.937913
0.993341 0.937843
0.993342 0.937774
0.993344 0.937704
0.993345 0.937635
0.993346 0.937566
0.993347 0.937496
0.993349 0.937427
0.99335 0.937358
0.993351 0.937289
0.993352 0.93722
0.993353 0.937151
0.993354 0.937082
0.993355 0.937014
0.993356 0.936945
0.993357 0.936876
0.993358 0.936808
0.993359 0.936739
0.99336 0.936671
0.993361 0.936603
0.993362 0.936535
0.993363 0.936467
0.993364 0.936398
0.993365 0.93633
0.993366 0.936263
0.993367 0.936195
0.993368 0.936127
0.993368 0.936059
0.993369 0.935992
0.99337 0.935924
0.993371 0.935857
0.993371 0.935789
0.993372 0.935722
0.993373 0.935655
0.993373 0.935588
0.993374 0.93552
0.993375 0.935453
0.993375 0.935387
0.993376 0.93532
0.993377 0.935253
0.993377 0.935186
0.993378 0.935119
0.993378 0.935053
0.993379 0.934986
0.993379 0.93492
0.99338 0.934854
0.99338 0.934787
0.993381 0.934721
0.993381 0.934655
0.993382 0.934589
0.993382 0.934523
0.993382 0.934457
0.993383 0.934391
0.993383 0.934325
0.993383 0.934259
0.993384 0.934194
0.993384 0.934128
0.993384 0.934063
0.993385 0.933997
0.993385 0.933932
0.993385 0.933867
0.993385 0.933801
0.993386 0.933736
0.993386 0.933671
0.993386 0.933606
0.993386 0.933541
0.993386 0.933476
0.993387 0.933411
0.993387 0.933347
0.993387 0.933282
0.993387 0.933217
0.993387 0.933153
0.993387 0.933088
0.993387 0.933024
0.993387 0.93296
0.993387 0.932895
0.993387 0.932831
0.993387 0.932767
0.993387 0.932703
0.993387 0.932639
0.993387 0.932575
0.993387 0.932511
0.993387 0.932447
0.993387 0.932384
0.993387 0.93232
0.993387 0.932256
0.993387 0.932193
0.993387 0.932129
0.993387 0.932066
0.993387 0.932003
0.993386 0.931939
0.993386 0.931876
0.993386 0.931813
0.993386 0.93175
0.993386 0.931687
0.993386 0.931624
0.993385 0.931561
0.993385 0.931499
0.993385 0.931436
0.993385 0.931373
0.993384 0.931311
0.993384 0.931248
0.993384 0.931186
0.993383 0.931123
0.993383 0.931061
0.993383 0.930999
0.993382 0.930936
0.993382 0.930874
0.993382 0.930812
0.993381 0.93075
0.993381 0.930688
0.993381 0.930626
0.99338 0.930564
0.99338 0.930503
0.993379 0.930441
0.993379 0.930379
0.993379 0.930318
0.993378 0.930256
0.993378 0.930195
0.993377 0.930133
0.993377 0.930072
0.993376 0.930011
0.993376 0.92995
0.993375 0.929889
0.993375 0.929828
0.993374 0.929767
0.993374 0.929706
0.993373 0.929645
0.993373 0.929584
0.993372 0.929523
0.993371 0.929462
0.993371 0.929402
0.99337 0.929341
0.99337 0.929281
0.993369 0.92922
0.993368 0.92916
0.993368 0.9291
0.993367 0.929039
0.993367 0.928979
0.993366 0.928919
0.993365 0.928859
0.993365 0.928799
0.993364 0.928739
0.993363 0.928679
0.993363 0.928619
0.993362 0.92856
0.993361 0.9285
0.99336 0.92844
0.99336 0.928381
0.993359 0.928321
0.993358 0.928262
0.993357 0.928202
0.993357 0.928143
0.993356 0.928083
0.993355 0.928024
0.993354 0.927965
0.993354 0.927906
0.993353 0.927847
0.993352 0.927788
0.993351 0.927729
0.99335 0.92767
0.99335 0.927611
0.993349 0.927552
0.993348 0.927494
0.993347 0.927435
0.993346 0.927376
0.993345 0.927318
0.993344 0.927259
0.993344 0.927201
0.993343 0.927143
0.993342 0.927084
0.993341 0.927026
0.99334 0.926968
0.993339 0.92691
0.993338 0.926852
0.993337 0.926794
0.993336 0.926736
0.993335 0.926678
0.993334 0.92662
0.993333 0.926562
0.993333 0.926504
0.993332 0.926447
0.993331 0.926389
0.99333 0.926331
0.993329 0.926274
0.993328 0.926216
0.993327 0.926159
0.993326 0.926102
0.993325 0.926044
0.993324 0.925987
0.993323 0.92593
0.993322 0.925873
0.993321 0.925816
0.993319 0.925759
0.993318 0.925702
0.993317 0.925645
0.993316 0.925588
0.993315 0.925531
0.993314 0.925474
0.993313 0.925418
0.993312 0.925361
0.993311 0.925304
0.99331 0.925248
0.993309 0.925191
0.993308 0.925135
0.993307 0.925079
0.993305 0.925022
0.993304 0.924966
0.993303 0.92491
0.993302 0.924854
0.993301 0.924798
0.9933 0.924741
0.993299 0.924685
0.993297 0.92463
0.993296 0.924574
0.993295 0.924518
0.993294 0.924462
0.993293 0.924406
0.993292 0.924351
0.99329 0.924295
0.993289 0.924239
0.993288 0.924184
0.993287 0.924128
0.993286 0.924073
0.993284 0.924017
0.993283 0.923962
0.993282 0.923907
0.993281 0.923852
0.99328 0.923796
0.993278 0.923741
0.993277 0.923686
0.993276 0.923631
0.993275 0.923576
0.993273 0.923521
0.993272 0.923466
0.993271 0.923412
0.99327 0.923357
0.993268 0.923302
0.993267 0.923247
0.993266 0.923193
0.993265 0.923138
0.993263 0.923084
0.993262 0.923029
0.993261 0.922975
0.993259 0.92292
0.993258 0.922866
0.993257 0.922812
0.993256 0.922757
0.993254 0.922703
0.993253 0.922649
0.993252 0.922595
0.99325 0.922541
0.993249 0.922487
0.993248 0.922433
0.993246 0.922379
0.993245 0.922325
0.993244 0.922271
0.993242 0.922218
0.993241 0.922164
0.99324 0.92211
0.993238 0.922057
0.993237 0.922003
0.993235 0.92195
0.993234 0.921896
0.993233 0.921843
0.993231 0.921789
0.99323 0.921736
0.993229 0.921683
0.993227 0.921629
0.993226 0.921576
0.993224 0.921523
0.993223 0.92147
0.993222 0.921417
0.99322 0.921364
0.993219 0.921311
0.993217 0.921258
0.993216 0.921205
0.993215 0.921152
0.993213 0.9211
0.993212 0.921047
0.99321 0.920994
0.993209 0.920942
0.993207 0.920889
0.993206 0.920836
0.993205 0.920784
0.993203 0.920731
0.993202 0.920679
0.9932 0.920627
0.993199 0.920574
0.993197 0.920522
0.993196 0.92047
0.993194 0.920418
0.993193 0.920365
0.993192 0.920313
0.99319 0.920261
0.993189 0.920209
0.993187 0.920157
0.993186 0.920105
0.993184 0.920053
0.993183 0.920002
0.993181 0.91995
0.99318 0.919898
0.993178 0.919846
0.993177 0.919795
0.993175 0.919743
0.993174 0.919691
0.993172 0.91964
0.993171 0.919588
0.993169 0.919537
0.993168 0.919485
0.993166 0.919434
0.993165 0.919383
0.993163 0.919331
0.993162 0.91928
0.99316 0.919229
0.993159 0.919178
0.993157 0.919127
0.993156 0.919076
0.993154 0.919025
0.993153 0.918974
0.993151 0.918923
0.993149 0.918872
0.993148 0.918821
0.993146 0.91877
0.993145 0.918719
0.993143 0.918669
0.993142 0.918618
0.99314 0.918567
0.993139 0.918517
0.993137 0.918466
0.993136 0.918415
0.993134 0.918365
0.993132 0.918314
0.993131 0.918264
0.993129 0.918214
0.993128 0.918163
0.993126 0.918113
0.993125 0.918063
0.993123 0.918012
0.993121 0.917962
0.99312 0.917912
0.993118 0.917862
0.993117 0.917812
0.993115 0.917762
0.993114 0.917712
0.993112 0.917662
0.99311 0.917612
0.993109 0.917562
0.993107 0.917512
0.993106 0.917463
0.993104 0.917413
0.993102 0.917363
0.993101 0.917313
0.993099 0.917264
0.993098 0.917214
0.993096 0.917165
0.993094 0.917115
0.993093 0.917066
0.993091 0.917016
0.99309 0.916967
0.993088 0.916917
0.993086 0.916868
0.993085 0.916819
0.993083 0.916769
0.993082 0.91672
0.99308 0.916671
0.993078 0.916622
0.993077 0.916573
0.993075 0.916524
0.993073 0.916475
0.993072 0.916426
0.99307 0.916377
0.993069 0.916328
0.993067 0.916279
0.993065 0.91623
0.993064 0.916181
0.993062 0.916132
0.99306 0.916084
0.993059 0.916035
0.993057 0.915986
0.993055 0.915938
0.993054 0.915889
0.993052 0.91584
0.993051 0.915792
0.993049 0.915743
0.993047 0.915695
0.993046 0.915647
0.993044 0.915598
0.993042 0.91555
0.993041 0.915501
0.993039 0.915453
0.993037 0.915405
0.993036 0.915357
0.993034 0.915309
0.993032 0.91526
0.993031 0.915212
0.993029 0.915164
0.993027 0.915116
0.993026 0.915068
0.993024 0.91502
0.993022 0.914972
0.993021 0.914924
0.993019 0.914876
0.993017 0.914829
0.993016 0.914781
0.993014 0.914733
0.993012 0.914685
0.993011 0.914638
0.993009 0.91459
0.993007 0.914542
0.993006 0.914495
0.993004 0.914447
0.993002 0.9144
0.993001 0.914352
0.992999 0.914305
0.992997 0.914257
0.992996 0.91421
0.992994 0.914162
0.992992 0.914115
0.992991 0.914068
0.992989 0.914021
0.992987 0.913973
0.992985 0.913926
0.992984 0.913879
0.992982 0.913832
0.99298 0.913785
0.992979 0.913738
0.992977 0.913691
0.992975 0.913644
0.992974 0.913597
0.992972 0.91355
0.99297 0.913503
0.992969 0.913456
0.992967 0.913409
0.992965 0.913362
0.992963 0.913315
0.992962 0.913269
0.99296 0.913222
0.992958 0.913175
0.992957 0.913128
0.992955 0.913082
0.992953 0.913035
0.992951 0.912989
0.99295 0.912942
0.992948 0.912896
0.992946 0.912849
0.992945 0.912803
0.992943 0.912756
0.992941 0.91271
0.99294 0.912663
0.992938 0.912617
0.992936 0.912571
0.992934 0.912525
0.992933 0.912478
0.992931 0.912432
0.992929 0.912386
0.992928 0.91234
0.992926 0.912294
0.992924 0.912248
0.992922 0.912201
0.992921 0.912155
0.992919 0.912109
0.992917 0.912063
0.992915 0.912017
0.992914 0.911972
0.992912 0.911926
0.99291 0.91188
0.992909 0.911834
0.992907 0.911788
0.992905 0.911742
0.992903 0.911697
0.992902 0.911651
0.9929 0.911605
0.992898 0.91156
0.992897 0.911514
0.992895 0.911468
0.992893 0.911423
0.992891 0.911377
0.99289 0.911332
0.992888 0.911286
0.992886 0.911241
0.992884 0.911195
0.992883 0.91115
0.992881 0.911104
0.992879 0.911059
0.992878 0.911014
0.992876 0.910968
0.992874 0.910923
0.992872 0.910878
0.992871 0.910833
0.992869 0.910788
0.992867 0.910742
0.992865 0.910697
0.992864 0.910652
0.992862 0.910607
0.99286 0.910562
0.992858 0.910517
0.992857 0.910472
0.992855 0.910427
0.992853 0.910382
0.992852 0.910337
0.99285 0.910292
0.992848 0.910247
0.992846 0.910202
0.992845 0.910158
0.992843 0.910113
0.992841 0.910068
0.992839 0.910023
0.992838 0.909979
0.992836 0.909934
0.992834 0.909889
0.992832 0.909845
0.992831 0.9098
0.992829 0.909755
0.992827 0.909711
0.992825 0.909666
0.992824 0.909622
0.992822 0.909577
0.99282 0.909533
0.992818 0.909488
0.992817 0.909444
0.992815 0.9094
0.992813 0.909355
0.992811 0.909311
0.99281 0.909267
0.992808 0.909222
0.992806 0.909178
0.992804 0.909134
0.992803 0.909089
0.992801 0.909045
0.992799 0.909001
0.992798 0.908957
0.992796 0.908913
0.992794 0.908869
0.992792 0.908825
0.992791 0.908781
0.992789 0.908737
0.992787 0.908693
0.992785 0.908649
0.992784 0.908605
0.992782 0.908561
0.99278 0.908517
0.992778 0.908473
0.992777 0.908429
0.992775 0.908385
0.992773 0.908341
0.992771 0.908298
0.99277 0.908254
0.992768 0.90821
0.992766 0.908166
0.992764 0.908123
0.992763 0.908079
0.992761 0.908035
0.992759 0.907992
0.992757 0.907948
0.992756 0.907904
0.992754 0.907861
0.992752 0.907817
0.99275 0.907774
0.992749 0.90773
0.992747 0.907687
0.992745 0.907643
0.992743 0.9076
0.992742 0.907556
0.99274 0.907513
0.992738 0.90747
0.992736 0.907426
0.992735 0.907383
0.992733 0.90734
0.992731 0.907296
0.992729 0.907253
0.992728 0.90721
0.992726 0.907167
0.992724 0.907123
0.992722 0.90708
0.992721 0.907037
0.992719 0.906994
0.992717 0.906951
0.992715 0.906908
0.992714 0.906865
0.992712 0.906822
0.99271 0.906779
0.992708 0.906736
0.992707 0.906693
0.992705 0.90665
0.992703 0.906607
0.992701 0.906564
0.9927 0.906521
0.992698 0.906478
0.992696 0.906435
0.992694 0.906392
0.992693 0.906349
0.992691 0.906306
0.992689 0.906264
0.992687 0.906221
0.992685 0.906178
0.992684 0.906135
0.992682 0.906093
0.99268 0.90605
0.992678 0.906007
0.992677 0.905965
0.992675 0.905922
0.992673 0.905879
0.992671 0.905837
0.99267 0.905794
0.992668 0.905752
0.992666 0.905709
0.992664 0.905667
0.992663 0.905624
0.992661 0.905582
0.992659 0.905539
0.992657 0.905497
0.992656 0.905454
0.992654 0.905412
0.992652 0.905369
0.99265 0.905327
0.992649 0.905285
0.992647 0.905242
0.992645 0.9052
0.992643 0.905158
0.992642 0.905115
0.99264 0.905073
0.992638 0.905031
0.992636 0.904989
0.992635 0.904946
0.992633 0.904904
0.992631 0.904862
0.992629 0.90482
0.992628 0.904778
0.992626 0.904736
0.992624 0.904693
0.992622 0.904651
0.992621 0.904609
0.992619 0.904567
0.992617 0.904525
0.992615 0.904483
0.992614 0.904441
0.992612 0.904399
0.99261 0.904357
0.992608 0.904315
0.992607 0.904273
0.992605 0.904231
0.992603 0.904189
0.992601 0.904147
0.9926 0.904106
0.992598 0.904064
0.992596 0.904022
0.992594 0.90398
0.992593 0.903938
0.992591 0.903896
0.992589 0.903855
0.992587 0.903813
0.992586 0.903771
0.992584 0.903729
0.992582 0.903688
0.99258 0.903646
0.992579 0.903604
0.992577 0.903563
0.992575 0.903521
0.992573 0.903479
0.992572 0.903438
0.99257 0.903396
0.992568 0.903355
0.992566 0.903313
0.992565 0.903271
0.992563 0.90323
0.992561 0.903188
0.992559 0.903147
0.992558 0.903105
0.992556 0.903064
0.992554 0.903022
0.992552 0.902981
0.992551 0.902939
0.992549 0.902898
0.992547 0.902857
0.992545 0.902815
0.992544 0.902774
0.992542 0.902732
0.99254 0.902691
0.992538 0.90265
0.992537 0.902608
0.992535 0.902567
0.992533 0.902526
0.992531 0.902485
0.99253 0.902443
0.992528 0.902402
0.992526 0.902361
0.992524 0.90232
0.992523 0.902278
0.992521 0.902237
0.992519 0.902196
0.992517 0.902155
0.992516 0.902114
0.992514 0.902072
0.992512 0.902031
0.99251 0.90199
0.992509 0.901949
0.992507 0.901908
0.992505 0.901867
0.992503 0.901826
0.992502 0.901785
0.9925 0.901744
0.992498 0.901703
0.992496 0.901662
0.992495 0.901621
0.992493 0.90158
0.992491 0.901539
0.992489 0.901498
0.992488 0.901457
0.992486 0.901416
0.992484 0.901375
0.992482 0.901334
0.992481 0.901293
0.992479 0.901252
0.992477 0.901211
0.992476 0.90117
0.992474 0.90113
0.992472 0.901089
0.99247 0.901048
0.992469 0.901007
0.992467 0.900966
0.992465 0.900925
0.992463 0.900885
0.992462 0.900844
0.99246 0.900803
0.992458 0.900762
0.992456 0.900722
0.992455 0.900681
0.992453 0.90064
0.992451 0.900599
0.992449 0.900559
0.992448 0.900518
0.992446 0.900477
0.992444 0.900437
0.992442 0.900396
0.992441 0.900355
0.992439 0.900315
0.992437 0.900274
0.992435 0.900234
0.992434 0.900193
0.992432 0.900152
0.99243 0.900112
0.992428 0.900071
0.992427 0.900031
0.992425 0.89999
0.992423 0.89995
0.992421 0.899909
0.99242 0.899869
0.992418 0.899828
0.992416 0.899788
0.992415 0.899747
0.992413 0.899707
0.992411 0.899666
0.992409 0.899626
0.992408 0.899585
0.992406 0.899545
0.992404 0.899504
0.992402 0.899464
0.992401 0.899424
0.992399 0.899383
0.992397 0.899343
0.992395 0.899302
0.992394 0.899262
0.992392 0.899222
0.99239 0.899181
0.992388 0.899141
0.992387 0.899101
0.992385 0.89906
0.992383 0.89902
0.992381 0.89898
0.99238 0.898939
0.992378 0.898899
0.992376 0.898859
0.992375 0.898819
0.992373 0.898778
0.992371 0.898738
0.992369 0.898698
0.992368 0.898658
0.992366 0.898617
0.992364 0.898577
0.992362 0.898537
0.992361 0.898497
0.992359 0.898457
0.992357 0.898416
0.992355 0.898376
0.992354 0.898336
0.992352 0.898296
0.99235 0.898256
0.992348 0.898216
0.992347 0.898175
0.992345 0.898135
0.992343 0.898095
0.992341 0.898055
0.99234 0.898015
0.992338 0.897975
0.992336 0.897935
0.992335 0.897895
0.992333 0.897855
0.992331 0.897814
0.992329 0.897774
0.992328 0.897734
0.992326 0.897694
0.992324 0.897654
0.992322 0.897614
0.992321 0.897574
0.992319 0.897534
0.992317 0.897494
0.992315 0.897454
0.992314 0.897414
0.992312 0.897374
0.99231 0.897334
0.992308 0.897294
0.992307 0.897254
0.992305 0.897214
0.992303 0.897174
0.992302 0.897134
0.9923 0.897094
0.992298 0.897054
0.992296 0.897014
0.992295 0.896975
0.992293 0.896935
0.992291 0.896895
0.992289 0.896855
0.992288 0.896815
0.992286 0.896775
0.992284 0.896735
0.992282 0.896695
0.992281 0.896655
0.992279 0.896615
0.992277 0.896576
0.992276 0.896536
0.992274 0.896496
0.992272 0.896456
0.99227 0.896416
0.992269 0.896376
0.992267 0.896336
0.992265 0.896297
0.992263 0.896257
0.992262 0.896217
0.99226 0.896177
0.992258 0.896137
0.992256 0.896097
0.992255 0.896058
0.992253 0.896018
0.992251 0.895978
0.99225 0.895938
0.992248 0.895898
0.992246 0.895859
0.992244 0.895819
0.992243 0.895779
0.992241 0.895739
0.992239 0.8957
0.992237 0.89566
0.992236 0.89562
0.992234 0.89558
0.992232 0.89554
0.99223 0.895501
0.992229 0.895461
0.992227 0.895421
0.992225 0.895381
0.992223 0.895342
0.992222 0.895302
0.99222 0.895262
0.992218 0.895223
0.992217 0.895183
0.992215 0.895143
0.992213 0.895103
0.992211 0.895064
0.99221 0.895024
0.992208 0.894984
0.992206 0.894945
0.992204 0.894905
0.992203 0.894865
0.992201 0.894825
0.992199 0.894786
0.992197 0.894746
0.992196 0.894706
0.992194 0.894667
0.992192 0.894627
0.992191 0.894587
0.992189 0.894548
0.992187 0.894508
0.992185 0.894468
0.992184 0.894429
0.992182 0.894389
0.99218 0.894349
0.992178 0.89431
0.992177 0.89427
0.992175 0.89423
0.992173 0.894191
0.992171 0.894151
0.99217 0.894111
0.992168 0.894072
0.992166 0.894032
0.992165 0.893993
0.992163 0.893953
0.992161 0.893913
0.992159 0.893874
0.992158 0.893834
0.992156 0.893794
0.992154 0.893755
0.992152 0.893715
0.992151 0.893675
0.992149 0.893636
0.992147 0.893596
0.992145 0.893557
0.992144 0.893517
0.992142 0.893477
0.99214 0.893438
0.992138 0.893398
0.992137 0.893358
0.992135 0.893319
0.992133 0.893279
0.992132 0.89324
0.99213 0.8932
0.992128 0.89316
0.992126 0.893121
0.992125 0.893081
0.992123 0.893041
0.992121 0.893002
0.992119 0.892962
0.992118 0.892923
0.992116 0.892883
0.992114 0.892843
0.992112 0.892804
0.992111 0.892764
0.992109 0.892725
0.992107 0.892685
0.992106 0.892645
0.992104 0.892606
0.992102 0.892566
0.9921 0.892526
0.992099 0.892487
0.992097 0.892447
0.992095 0.892408
0.992093 0.892368
0.992092 0.892328
0.99209 0.892289
0.992088 0.892249
0.992086 0.892209
0.992085 0.89217
0.992083 0.89213
0.992081 0.892091
0.992079 0.892051
0.992078 0.892011
0.992076 0.891972
0.992074 0.891932
0.992072 0.891892
0.992071 0.891853
0.992069 0.891813
0.992067 0.891774
0.992066 0.891734
0.992064 0.891694
0.992062 0.891655
0.99206 0.891615
0.992059 0.891575
0.992057 0.891536
0.992055 0.891496
0.992053 0.891456
0.992052 0.891417
0.99205 0.891377
0.992048 0.891337
0.992046 0.891298
0.992045 0.891258
0.992043 0.891218
0.992041 0.891179
0.992039 0.891139
0.992038 0.891099
0.992036 0.89106
0.992034 0.89102
0.992032 0.89098
0.992031 0.890941
0.992029 0.890901
0.992027 0.890861
0.992025 0.890822
0.992024 0.890782
0.992022 0.890742
0.99202 0.890703
0.992018 0.890663
0.992017 0.890623
0.992015 0.890584
0.992013 0.890544
0.992012 0.890504
0.99201 0.890464
0.992008 0.890425
0.992006 0.890385
0.992005 0.890345
0.992003 0.890305
0.992001 0.890266
0.991999 0.890226
0.991998 0.890186
0.991996 0.890147
0.991994 0.890107
0.991992 0.890067
0.991991 0.890027
0.991989 0.889988
0.991987 0.889948
0.991985 0.889908
0.991984 0.889868
0.991982 0.889828
0.99198 0.889789
0.991978 0.889749
0.991977 0.889709
0.991975 0.889669
0.991973 0.889629
0.991971 0.88959
0.99197 0.88955
0.991968 0.88951
0.991966 0.88947
0.991964 0.88943
0.991963 0.889391
0.991961 0.889351
0.991959 0.889311
0.991957 0.889271
0.991956 0.889231
0.991954 0.889191
0.991952 0.889151
0.99195 0.889112
0.991949 0.889072
0.991947 0.889032
0.991945 0.888992
0.991943 0.888952
0.991942 0.888912
0.99194 0.888872
0.991938 0.888832
0.991936 0.888793
0.991935 0.888753
0.991933 0.888713
0.991931 0.888673
0.991929 0.888633
0.991928 0.888593
0.991926 0.888553
0.991924 0.888513
0.991922 0.888473
0.99192 0.888433
0.991919 0.888393
0.991917 0.888353
0.991915 0.888313
0.991913 0.888273
0.991912 0.888233
0.99191 0.888193
0.991908 0.888153
0.991906 0.888113
0.991905 0.888073
0.991903 0.888033
0.991901 0.887993
0.991899 0.887953
0.991898 0.887913
0.991896 0.887873
0.991894 0.887833
0.991892 0.887793
0.991891 0.887753
0.991889 0.887712
0.991887 0.887672
0.991885 0.887632
0.991884 0.887592
0.991882 0.887552
0.99188 0.887512
0.991878 0.887472
0.991876 0.887432
0.991875 0.887391
0.991873 0.887351
0.991871 0.887311
0.991869 0.887271
0.991868 0.887231
0.991866 0.887191
0.991864 0.88715
0.991862 0.88711
0.991861 0.88707
0.991859 0.88703
0.991857 0.886989
0.991855 0.886949
0.991853 0.886909
0.991852 0.886869
0.99185 0.886828
0.991848 0.886788
0.991846 0.886748
0.991845 0.886708
0.991843 0.886667
0.991841 0.886627
0.991839 0.886587
0.991838 0.886546
0.991836 0.886506
0.991834 0.886466
0.991832 0.886425
0.99183 0.886385
0.991829 0.886344
0.991827 0.886304
0.991825 0.886264
0.991823 0.886223
0.991822 0.886183
0.99182 0.886142
0.991818 0.886102
0.991816 0.886061
0.991814 0.886021
0.991813 0.88598
0.991811 0.88594
0.991809 0.8859
0.991807 0.885859
0.991806 0.885818
0.991804 0.885778
0.991802 0.885737
0.9918 0.885697
0.991798 0.885656
0.991797 0.885616
0.991795 0.885575
0.991793 0.885535
0.991791 0.885494
0.991789 0.885453
0.991788 0.885413
0.991786 0.885372
0.991784 0.885331
0.991782 0.885291
0.991781 0.88525
0.991779 0.885209
0.991777 0.885169
0.991775 0.885128
0.991773 0.885087
0.991772 0.885047
0.99177 0.885006
0.991768 0.884965
0.991766 0.884924
0.991764 0.884884
0.991763 0.884843
0.991761 0.884802
0.991759 0.884761
0.991757 0.88472
0.991755 0.884679
0.991754 0.884639
0.991752 0.884598
0.99175 0.884557
0.991748 0.884516
0.991746 0.884475
0.991745 0.884434
0.991743 0.884393
0.991741 0.884352
0.991739 0.884311
0.991737 0.88427
0.991736 0.884229
0.991734 0.884188
0.991732 0.884147
0.99173 0.884106
0.991728 0.884065
0.991727 0.884024
0.991725 0.883983
0.991723 0.883942
0.991721 0.883901
0.991719 0.88386
0.991718 0.883819
0.991716 0.883778
0.991714 0.883737
0.991712 0.883695
0.99171 0.883654
0.991709 0.883613
0.991707 0.883572
0.991705 0.883531
0.991703 0.883489
0.991701 0.883448
0.991699 0.883407
0.991698 0.883366
0.991696 0.883324
0.991694 0.883283
0.991692 0.883242
0.99169 0.8832
0.991689 0.883159
0.991687 0.883118
0.991685 0.883076
0.991683 0.883035
0.991681 0.882994
0.99168 0.882952
0.991678 0.882911
0.991676 0.882869
0.991674 0.882828
0.991672 0.882786
0.99167 0.882745
0.991669 0.882703
0.991667 0.882662
0.991665 0.88262
0.991663 0.882579
0.991661 0.882537
0.991659 0.882495
0.991658 0.882454
0.991656 0.882412
0.991654 0.882371
0.991652 0.882329
0.99165 0.882287
0.991648 0.882246
0.991647 0.882204
0.991645 0.882162
0.991643 0.88212
0.991641 0.882079
0.991639 0.882037
0.991637 0.881995
0.991636 0.881953
0.991634 0.881911
0.991632 0.88187
0.99163 0.881828
0.991628 0.881786
0.991626 0.881744
0.991625 0.881702
0.991623 0.88166
0.991621 0.881618
0.991619 0.881576
0.991617 0.881534
0.991615 0.881492
0.991614 0.88145
0.991612 0.881408
0.99161 0.881366
0.991608 0.881324
0.991606 0.881282
0.991604 0.88124
0.991602 0.881198
0.991601 0.881155
0.991599 0.881113
0.991597 0.881071
0.991595 0.881029
0.991593 0.880987
0.991591 0.880944
0.99159 0.880902
0.991588 0.88086
0.991586 0.880818
0.991584 0.880775
0.991582 0.880733
0.99158 0.880691
0.991578 0.880648
0.991577 0.880606
0.991575 0.880563
0.991573 0.880521
0.991571 0.880478
0.991569 0.880436
0.991567 0.880393
0.991565 0.880351
0.991563 0.880308
0.991562 0.880266
0.99156 0.880223
0.991558 0.880181
0.991556 0.880138
0.991554 0.880095
0.991552 0.880053
0.99155 0.88001
0.991549 0.879967
0.991547 0.879925
0.991545 0.879882
0.991543 0.879839
0.991541 0.879796
0.991539 0.879754
0.991537 0.879711
0.991535 0.879668
0.991533 0.879625
0.991532 0.879582
0.99153 0.879539
0.991528 0.879496
0.991526 0.879453
0.991524 0.87941
0.991522 0.879367
0.99152 0.879324
0.991518 0.879281
0.991517 0.879238
0.991515 0.879195
0.991513 0.879152
0.991511 0.879109
0.991509 0.879066
0.991507 0.879022
0.991505 0.878979
0.991503 0.878936
0.991501 0.878893
0.991499 0.87885
0.991498 0.878806
0.991496 0.878763
0.991494 0.87872
0.991492 0.878676
0.99149 0.878633
0.991488 0.878589
0.991486 0.878546
0.991484 0.878502
0.991482 0.878459
0.99148 0.878415
0.991479 0.878372
0.991477 0.878328
0.991475 0.878285
0.991473 0.878241
0.991471 0.878198
0.991469 0.878154
0.991467 0.87811
0.991465 0.878067
0.991463 0.878023
0.991461 0.877979
0.991459 0.877935
0.991458 0.877892
0.991456 0.877848
0.991454 0.877804
0.991452 0.87776
0.99145 0.877716
0.991448 0.877672
0.991446 0.877628
0.991444 0.877584
0.991442 0.87754
0.99144 0.877496
0.991438 0.877452
0.991436 0.877408
0.991434 0.877364
0.991432 0.87732
0.991431 0.877276
0.991429 0.877231
0.991427 0.877187
0.991425 0.877143
0.991423 0.877099
0.991421 0.877054
0.991419 0.87701
0.991417 0.876966
0.991415 0.876921
0.991413 0.876877
0.991411 0.876833
0.991409 0.876788
0.991407 0.876744
0.991405 0.876699
0.991403 0.876655
0.991401 0.87661
0.991399 0.876566
0.991398 0.876521
0.991396 0.876476
0.991394 0.876432
0.991392 0.876387
0.99139 0.876342
0.991388 0.876297
0.991386 0.876253
0.991384 0.876208
0.991382 0.876163
0.99138 0.876118
0.991378 0.876073
0.991376 0.876028
0.991374 0.875983
0.991372 0.875938
0.99137 0.875893
0.991368 0.875848
0.991366 0.875803
0.991364 0.875758
0.991362 0.875713
0.99136 0.875668
0.991358 0.875623
0.991356 0.875577
0.991354 0.875532
0.991352 0.875487
0.99135 0.875441
0.991348 0.875396
0.991346 0.875351
0.991344 0.875305
0.991342 0.87526
0.99134 0.875214
0.991338 0.875169
0.991336 0.875123
0.991334 0.875078
0.991332 0.875032
0.99133 0.874987
0.991328 0.874941
0.991326 0.874895
0.991324 0.87485
0.991322 0.874804
0.99132 0.874758
0.991318 0.874712
0.991316 0.874666
0.991314 0.874621
0.991312 0.874575
0.99131 0.874529
0.991308 0.874483
0.991306 0.874437
0.991304 0.874391
0.991302 0.874345
0.9913 0.874299
0.991298 0.874252
0.991296 0.874206
0.991294 0.87416
0.991292 0.874114
0.99129 0.874067
0.991288 0.874021
0.991286 0.873975
0.991284 0.873928
0.991282 0.873882
0.99128 0.873836
0.991278 0.873789
0.991276 0.873743
0.991274 0.873696
0.991272 0.87365
0.99127 0.873603
0.991268 0.873556
0.991266 0.87351
0.991264 0.873463
0.991262 0.873416
0.99126 0.873369
0.991258 0.873323
0.991256 0.873276
0.991254 0.873229
0.991252 0.873182
0.99125 0.873135
0.991248 0.873088
0.991246 0.873041
0.991243 0.872994
0.991241 0.872947
0.991239 0.8729
0.991237 0.872852
0.991235 0.872805
0.991233 0.872758
0.991231 0.872711
0.991229 0.872663
0.991227 0.872616
0.991225 0.872569
0.991223 0.872521
0.991221 0.872474
0.991219 0.872426
0.991217 0.872379
0.991215 0.872331
0.991212 0.872283
0.99121 0.872236
0.991208 0.872188
0.991206 0.87214
0.991204 0.872093
0.991202 0.872045
0.9912 0.871997
0.991198 0.871949
0.991196 0.871901
0.991194 0.871853
0.991192 0.871805
0.99119 0.871757
0.991187 0.871709
0.991185 0.871661
0.991183 0.871613
0.991181 0.871565
0.991179 0.871516
0.991177 0.871468
0.991175 0.87142
0.991173 0.871371
0.991171 0.871323
0.991168 0.871274
0.991166 0.871226
0.991164 0.871177
0.991162 0.871129
0.99116 0.87108
0.991158 0.871032
0.991156 0.870983
0.991154 0.870934
0.991152 0.870885
0.991149 0.870837
0.991147 0.870788
0.991145 0.870739
0.991143 0.87069
0.991141 0.870641
0.991139 0.870592
0.991137 0.870543
0.991135 0.870494
0.991132 0.870445
0.99113 0.870395
0.991128 0.870346
0.991126 0.870297
0.991124 0.870248
0.991122 0.870198
0.991119 0.870149
0.991117 0.870099
0.991115 0.87005
0.991113 0.87
0.991111 0.869951
0.991109 0.869901
0.991107 0.869852
0.991104 0.869802
0.991102 0.869752
0.9911 0.869702
0.991098 0.869652
0.991096 0.869602
0.991094 0.869553
0.991091 0.869503
0.991089 0.869453
0.991087 0.869402
0.991085 0.869352
0.991083 0.869302
0.99108 0.869252
0.991078 0.869202
0.991076 0.869151
0.991074 0.869101
0.991072 0.869051
0.99107 0.869
0.991067 0.86895
0.991065 0.868899
0.991063 0.868849
0.991061 0.868798
0.991059 0.868747
0.991056 0.868697
0.991054 0.868646
0.991052 0.868595
0.99105 0.868544
0.991047 0.868493
0.991045 0.868442
0.991043 0.868391
0.991041 0.86834
0.991039 0.868289
0.991036 0.868238
0.991034 0.868187
0.991032 0.868135
0.99103 0.868084
0.991027 0.868033
0.991025 0.867981
0.991023 0.86793
0.991021 0.867878
0.991019 0.867827
0.991016 0.867775
0.991014 0.867723
0.991012 0.867672
0.99101 0.86762
0.991007 0.867568
0.991005 0.867516
0.991003 0.867464
0.991001 0.867412
0.990998 0.86736
0.990996 0.867308
0.990994 0.867256
0.990991 0.867204
0.990989 0.867152
0.990987 0.867099
0.990985 0.867047
0.990982 0.866995
0.99098 0.866942
0.990978 0.86689
0.990976 0.866837
0.990973 0.866785
0.990971 0.866732
0.990969 0.866679
0.990966 0.866627
0.990964 0.866574
0.990962 0.866521
0.99096 0.866468
0.990957 0.866415
0.990955 0.866362
0.990953 0.866309
0.99095 0.866256
0.990948 0.866203
0.990946 0.866149
0.990943 0.866096
0.990941 0.866043
0.990939 0.865989
0.990936 0.865936
0.990934 0.865882
0.990932 0.865829
0.990929 0.865775
0.990927 0.865721
0.990925 0.865667
0.990922 0.865614
0.99092 0.86556
0.990918 0.865506
0.990915 0.865452
0.990913 0.865398
0.990911 0.865344
0.990908 0.86529
0.990906 0.865235
0.990904 0.865181
0.990901 0.865127
0.990899 0.865072
0.990897 0.865018
0.990894 0.864963
0.990892 0.864909
0.99089 0.864854
0.990887 0.864799
0.990885 0.864745
0.990882 0.86469
0.99088 0.864635
0.990878 0.86458
0.990875 0.864525
0.990873 0.86447
0.990871 0.864415
0.990868 0.86436
0.990866 0.864304
0.990863 0.864249
0.990861 0.864194
0.990859 0.864138
0.990856 0.864083
0.990854 0.864027
0.990851 0.863972
0.990849 0.863916
0.990846 0.86386
0.990844 0.863804
0.990842 0.863748
0.990839 0.863692
0.990837 0.863636
0.990834 0.86358
0.990832 0.863524
0.99083 0.863468
0.990827 0.863412
0.990825 0.863355
0.990822 0.863299
0.99082 0.863243
0.990817 0.863186
0.990815 0.86313
0.990812 0.863073
0.99081 0.863016
0.990808 0.862959
0.990805 0.862902
0.990803 0.862846
0.9908 0.862789
0.990798 0.862732
0.990795 0.862674
0.990793 0.862617
0.99079 0.86256
0.990788 0.862503
0.990785 0.862445
0.990783 0.862388
0.99078 0.86233
0.990778 0.862273
0.990775 0.862215
0.990773 0.862157
0.99077 0.862099
0.990768 0.862041
0.990765 0.861984
0.990763 0.861925
0.99076 0.861867
0.990758 0.861809
0.990755 0.861751
0.990753 0.861693
0.99075 0.861634
0.990748 0.861576
0.990745 0.861517
0.990743 0.861459
0.99074 0.8614
0.990738 0.861341
0.990735 0.861282
0.990732 0.861224
0.99073 0.861165
0.990727 0.861106
0.990725 0.861046
0.990722 0.860987
0.99072 0.860928
0.990717 0.860869
0.990715 0.860809
0.990712 0.86075
0.990709 0.86069
0.990707 0.860631
0.990704 0.860571
0.990702 0.860511
0.990699 0.860451
0.990696 0.860391
0.990694 0.860331
0.990691 0.860271
0.990689 0.860211
0.990686 0.860151
0.990683 0.86009
0.990681 0.86003
0.990678 0.85997
0.990676 0.859909
0.990673 0.859848
0.99067 0.859788
0.990668 0.859727
0.990665 0.859666
0.990663 0.859605
0.99066 0.859544
0.990657 0.859483
0.990655 0.859422
0.990652 0.85936
0.990649 0.859299
0.990647 0.859237
0.990644 0.859176
0.990641 0.859114
0.990639 0.859053
0.990636 0.858991
0.990633 0.858929
0.990631 0.858867
0.990628 0.858805
0.990625 0.858743
0.990623 0.858681
0.99062 0.858618
0.990617 0.858556
0.990615 0.858494
0.990612 0.858431
0.990609 0.858369
0.990606 0.858306
0.990604 0.858243
0.990601 0.85818
0.990598 0.858117
0.990596 0.858054
0.990593 0.857991
0.99059 0.857928
0.990587 0.857865
0.990585 0.857801
0.990582 0.857738
0.990579 0.857674
0.990577 0.85761
0.990574 0.857547
0.990571 0.857483
0.990568 0.857419
0.990566 0.857355
0.990563 0.857291
0.99056 0.857227
0.990557 0.857162
0.990554 0.857098
0.990552 0.857033
0.990549 0.856969
0.990546 0.856904
0.990543 0.856839
0.990541 0.856775
0.990538 0.85671
0.990535 0.856645
0.990532 0.85658
0.990529 0.856514
0.990526 0.856449
0.990524 0.856384
0.990521 0.856318
0.990518 0.856252
0.990515 0.856187
0.990512 0.856121
0.99051 0.856055
0.990507 0.855989
0.990504 0.855923
0.990501 0.855857
0.990498 0.855791
0.990495 0.855724
0.990492 0.855658
0.99049 0.855591
0.990487 0.855525
0.990484 0.855458
0.990481 0.855391
0.990478 0.855324
0.990475 0.855257
0.990472 0.85519
0.990469 0.855123
0.990466 0.855055
0.990464 0.854988
0.990461 0.85492
0.990458 0.854852
0.990455 0.854785
0.990452 0.854717
0.990449 0.854649
0.990446 0.854581
0.990443 0.854513
0.99044 0.854444
0.990437 0.854376
0.990434 0.854307
0.990431 0.854239
0.990428 0.85417
0.990425 0.854101
0.990423 0.854032
0.99042 0.853963
0.990417 0.853894
0.990414 0.853825
0.990411 0.853756
0.990408 0.853686
0.990405 0.853617
0.990402 0.853547
0.990399 0.853477
0.990396 0.853407
0.990393 0.853337
0.99039 0.853267
0.990387 0.853197
0.990384 0.853127
0.990381 0.853056
0.990378 0.852986
0.990374 0.852915
0.990371 0.852844
0.990368 0.852773
0.990365 0.852702
0.990362 0.852631
0.990359 0.85256
0.990356 0.852489
0.990353 0.852417
0.99035 0.852345
0.990347 0.852274
0.990344 0.852202
0.990341 0.85213
0.990338 0.852058
0.990335 0.851986
0.990331 0.851914
0.990328 0.851841
0.990325 0.851769
0.990322 0.851696
0.990319 0.851623
0.990316 0.85155
0.990313 0.851477
0.99031 0.851404
0.990306 0.851331
0.990303 0.851258
0.9903 0.851184
0.990297 0.851111
0.990294 0.851037
0.990291 0.850963
0.990288 0.850889
0.990284 0.850815
0.990281 0.850741
0.990278 0.850666
0.990275 0.850592
0.990272 0.850517
0.990268 0.850442
0.990265 0.850368
0.990262 0.850293
0.990259 0.850218
0.990255 0.850142
0.990252 0.850067
0.990249 0.849991
0.990246 0.849916
0.990243 0.84984
0.990239 0.849764
0.990236 0.849688
0.990233 0.849612
0.990229 0.849536
0.990226 0.849459
0.990223 0.849383
0.99022 0.849306
0.990216 0.849229
0.990213 0.849152
0.99021 0.849075
0.990206 0.848998
0.990203 0.848921
0.9902 0.848843
0.990196 0.848766
0.990193 0.848688
0.99019 0.84861
0.990186 0.848532
0.990183 0.848454
0.99018 0.848375
0.990176 0.848297
0.990173 0.848218
0.99017 0.84814
0.990166 0.848061
0.990163 0.847982
0.990159 0.847903
0.990156 0.847823
0.990153 0.847744
0.990149 0.847664
0.990146 0.847584
0.990142 0.847505
0.990139 0.847425
0.990136 0.847344
0.990132 0.847264
0.990129 0.847184
0.990125 0.847103
0.990122 0.847022
0.990118 0.846941
0.990115 0.84686
0.990111 0.846779
0.990108 0.846698
0.990104 0.846616
0.990101 0.846534
0.990097 0.846453
0.990094 0.846371
0.99009 0.846289
0.990087 0.846206
0.990083 0.846124
0.99008 0.846041
0.990076 0.845959
0.990073 0.845876
0.990069 0.845793
0.990066 0.845709
0.990062 0.845626
0.990058 0.845543
0.990055 0.845459
0.990051 0.845375
0.990048 0.845291
0.990044 0.845207
0.990041 0.845123
0.990037 0.845038
0.990033 0.844953
0.99003 0.844869
0.990026 0.844784
0.990022 0.844698
0.990019 0.844613
0.990015 0.844528
0.990011 0.844442
0.990008 0.844356
0.990004 0.84427
0.99 0.844184
0.989997 0.844098
0.989993 0.844011
0.989989 0.843925
0.989986 0.843838
0.989982 0.843751
0.989978 0.843664
0.989974 0.843576
0.989971 0.843489
0.989967 0.843401
0.989963 0.843313
0.989959 0.843225
0.989956 0.843137
0.989952 0.843049
0.989948 0.84296
0.989944 0.842872
0.989941 0.842783
0.989937 0.842694
0.989933 0.842604
0.989929 0.842515
0.989925 0.842425
0.989921 0.842335
0.989918 0.842245
0.989914 0.842155
0.98991 0.842065
0.989906 0.841974
0.989902 0.841883
0.989898 0.841793
0.989894 0.841701
0.98989 0.84161
0.989887 0.841519
0.989883 0.841427
0.989879 0.841335
0.989875 0.841243
0.989871 0.841151
0.989867 0.841058
0.989863 0.840966
0.989859 0.840873
0.989855 0.84078
0.989851 0.840687
0.989847 0.840593
0.989843 0.8405
0.989839 0.840406
0.989835 0.840312
0.989831 0.840218
0.989827 0.840123
0.989823 0.840029
0.989819 0.839934
0.989815 0.839839
0.989811 0.839743
0.989807 0.839648
0.989803 0.839552
0.989799 0.839457
0.989794 0.839361
0.98979 0.839264
0.989786 0.839168
0.989782 0.839071
0.989778 0.838974
0.989774 0.838877
0.98977 0.83878
0.989766 0.838682
0.989761 0.838585
0.989757 0.838487
0.989753 0.838389
0.989749 0.83829
0.989745 0.838192
0.98974 0.838093
0.989736 0.837994
0.989732 0.837895
0.989728 0.837795
0.989723 0.837695
0.989719 0.837595
0.989715 0.837495
0.989711 0.837395
0.989706 0.837294
0.989702 0.837194
0.989698 0.837093
0.989693 0.836991
0.989689 0.83689
0.989685 0.836788
0.98968 0.836686
0.989676 0.836584
0.989672 0.836482
0.989667 0.836379
0.989663 0.836276
0.989659 0.836173
0.989654 0.83607
0.98965 0.835966
0.989645 0.835862
0.989641 0.835758
0.989637 0.835654
0.989632 0.835549
0.989628 0.835444
0.989623 0.835339
0.989619 0.835234
0.989614 0.835129
0.98961 0.835023
0.989605 0.834917
0.989601 0.834811
0.989596 0.834704
0.989592 0.834597
0.989587 0.83449
0.989582 0.834383
0.989578 0.834275
0.989573 0.834168
0.989569 0.83406
0.989564 0.833951
0.989559 0.833843
0.989555 0.833734
0.98955 0.833625
0.989546 0.833515
0.989541 0.833406
0.989536 0.833296
0.989531 0.833186
0.989527 0.833075
0.989522 0.832965
0.989517 0.832854
0.989513 0.832743
0.989508 0.832631
0.989503 0.832519
0.989498 0.832407
0.989494 0.832295
0.989489 0.832183
0.989484 0.83207
0.989479 0.831957
0.989474 0.831843
0.98947 0.83173
0.989465 0.831616
0.98946 0.831501
0.989455 0.831387
0.98945 0.831272
0.989445 0.831157
0.98944 0.831042
0.989435 0.830926
0.98943 0.83081
0.989426 0.830694
0.989421 0.830577
0.989416 0.83046
0.989411 0.830343
0.989406 0.830226
0.989401 0.830108
0.989396 0.82999
0.989391 0.829871
0.989386 0.829753
0.98938 0.829634
0.989375 0.829515
0.98937 0.829395
0.989365 0.829275
0.98936 0.829155
0.989355 0.829035
0.98935 0.828914
0.989345 0.828793
0.98934 0.828671
0.989334 0.828549
0.989329 0.828427
0.989324 0.828305
0.989319 0.828182
0.989314 0.828059
0.989308 0.827936
0.989303 0.827812
0.989298 0.827688
0.989293 0.827564
0.989287 0.827439
0.989282 0.827314
0.989277 0.827189
0.989271 0.827063
0.989266 0.826937
0.989261 0.826811
0.989255 0.826684
0.98925 0.826557
0.989244 0.82643
0.989239 0.826302
0.989234 0.826174
0.989228 0.826046
0.989223 0.825917
0.989217 0.825788
0.989212 0.825659
0.989206 0.825529
0.989201 0.825399
0.989195 0.825268
0.98919 0.825137
0.989184 0.825006
0.989178 0.824875
0.989173 0.824743
0.989167 0.82461
0.989162 0.824478
0.989156 0.824345
0.98915 0.824211
0.989145 0.824077
0.989139 0.823943
0.989133 0.823809
0.989127 0.823674
0.989122 0.823539
0.989116 0.823403
0.98911 0.823267
0.989104 0.82313
0.989099 0.822994
0.989093 0.822856
0.989087 0.822719
0.989081 0.822581
0.989075 0.822442
0.989069 0.822304
0.989063 0.822164
0.989058 0.822025
0.989052 0.821885
0.989046 0.821745
0.98904 0.821604
0.989034 0.821463
0.989028 0.821321
0.989022 0.821179
0.989016 0.821036
0.98901 0.820894
0.989004 0.82075
0.988997 0.820607
0.988991 0.820463
0.988985 0.820318
0.988979 0.820173
0.988973 0.820028
0.988967 0.819882
0.988961 0.819736
0.988954 0.819589
0.988948 0.819442
0.988942 0.819294
0.988936 0.819146
0.988929 0.818998
0.988923 0.818849
0.988917 0.8187
0.98891 0.81855
0.988904 0.8184
0.988897 0.818249
0.988891 0.818098
0.988885 0.817946
0.988878 0.817794
0.988872 0.817641
0.988865 0.817488
0.988859 0.817335
0.988852 0.817181
0.988846 0.817027
0.988839 0.816872
0.988833 0.816716
0.988826 0.816561
0.988819 0.816404
0.988813 0.816247
0.988806 0.81609
0.988799 0.815932
0.988793 0.815774
0.988786 0.815615
0.988779 0.815456
0.988772 0.815296
0.988766 0.815136
0.988759 0.814975
0.988752 0.814814
0.988745 0.814652
0.988738 0.81449
0.988731 0.814327
0.988724 0.814163
0.988717 0.813999
0.988711 0.813835
0.988704 0.81367
0.988697 0.813505
0.98869 0.813339
0.988682 0.813172
0.988675 0.813005
0.988668 0.812837
0.988661 0.812669
0.988654 0.8125
0.988647 0.812331
0.98864 0.812161
0.988632 0.811991
0.988625 0.81182
0.988618 0.811649
0.988611 0.811476
0.988603 0.811304
0.988596 0.811131
0.988589 0.810957
0.988581 0.810782
0.988574 0.810608
0.988566 0.810432
0.988559 0.810256
0.988551 0.810079
0.988544 0.809902
0.988536 0.809724
0.988529 0.809545
0.988521 0.809366
0.988514 0.809187
0.988506 0.809006
0.988498 0.808825
0.988491 0.808644
0.988483 0.808462
0.988475 0.808279
0.988468 0.808095
0.98846 0.807911
0.988452 0.807727
0.988444 0.807541
0.988436 0.807355
0.988428 0.807169
0.98842 0.806981
0.988412 0.806794
0.988404 0.806605
0.988396 0.806416
0.988388 0.806226
0.98838 0.806035
0.988372 0.805844
0.988364 0.805652
0.988356 0.805459
0.988348 0.805266
0.98834 0.805072
0.988331 0.804878
0.988323 0.804682
0.988315 0.804486
0.988306 0.804289
0.988298 0.804092
0.98829 0.803894
0.988281 0.803695
0.988273 0.803495
0.988264 0.803295
0.988256 0.803094
0.988247 0.802892
0.988239 0.80269
0.98823 0.802486
0.988221 0.802282
0.988213 0.802078
0.988204 0.801872
0.988195 0.801666
0.988187 0.801459
0.988178 0.801251
0.988169 0.801042
0.98816 0.800833
0.988151 0.800623
0.988142 0.800412
0.988133 0.8002
0.988124 0.799988
0.988115 0.799775
0.988106 0.79956
0.988097 0.799346
0.988088 0.79913
0.988079 0.798913
0.98807 0.798696
0.98806 0.798478
0.988051 0.798259
0.988042 0.798039
0.988032 0.797818
0.988023 0.797597
0.988014 0.797374
0.988004 0.797151
0.987995 0.796927
0.987985 0.796702
0.987976 0.796476
0.987966 0.796249
0.987956 0.796021
0.987947 0.795793
0.987937 0.795564
0.987927 0.795333
0.987917 0.795102
0.987908 0.79487
0.987898 0.794637
0.987888 0.794403
0.987878 0.794168
0.987868 0.793932
0.987858 0.793695
0.987848 0.793457
0.987838 0.793219
0.987827 0.792979
0.987817 0.792738
0.987807 0.792497
0.987797 0.792254
0.987786 0.79201
0.987776 0.791766
0.987766 0.79152
0.987755 0.791274
0.987745 0.791026
0.987734 0.790778
0.987724 0.790528
0.987713 0.790277
0.987702 0.790026
0.987692 0.789773
0.987681 0.789519
0.98767 0.789264
0.987659 0.789008
0.987648 0.788751
0.987637 0.788493
0.987626 0.788234
0.987615 0.787974
0.987604 0.787713
0.987593 0.78745
0.987582 0.787187
0.987571 0.786922
0.987559 0.786656
0.987548 0.786389
0.987537 0.786121
0.987525 0.785852
0.987514 0.785582
0.987502 0.78531
0.987491 0.785037
0.987479 0.784763
0.987467 0.784488
0.987456 0.784212
0.987444 0.783935
0.987432 0.783656
0.98742 0.783376
0.987408 0.783095
0.987396 0.782812
0.987384 0.782529
0.987372 0.782244
0.98736 0.781958
0.987348 0.78167
0.987336 0.781381
0.987323 0.781091
0.987311 0.7808
0.987298 0.780507
0.987286 0.780214
0.987273 0.779918
0.987261 0.779622
0.987248 0.779324
0.987235 0.779024
0.987223 0.778724
0.98721 0.778422
0.987197 0.778118
0.987184 0.777813
0.987171 0.777507
0.987158 0.7772
0.987145 0.776891
0.987132 0.77658
0.987118 0.776268
0.987105 0.775955
0.987092 0.77564
0.987078 0.775324
0.987065 0.775006
0.987051 0.774687
0.987037 0.774366
0.987024 0.774044
0.98701 0.77372
0.986996 0.773394
0.986982 0.773067
0.986968 0.772739
0.986954 0.772409
0.98694 0.772077
0.986926 0.771744
0.986912 0.771409
0.986897 0.771073
0.986883 0.770735
0.986868 0.770395
0.986854 0.770054
0.986839 0.769711
0.986824 0.769366
0.98681 0.769019
0.986795 0.768671
0.98678 0.768322
0.986765 0.76797
0.98675 0.767617
0.986735 0.767262
0.986719 0.766905
0.986704 0.766546
0.986689 0.766186
0.986673 0.765824
0.986658 0.76546
0.986642 0.765094
0.986626 0.764726
0.986611 0.764357
0.986595 0.763985
0.986579 0.763612
0.986563 0.763237
0.986547 0.76286
0.98653 0.76248
0.986514 0.762099
0.986498 0.761716
0.986481 0.761331
0.986465 0.760945
0.986448 0.760556
0.986431 0.760165
0.986415 0.759772
0.986398 0.759376
0.986381 0.758979
0.986364 0.75858
0.986346 0.758179
0.986329 0.757775
0.986312 0.75737
0.986294 0.756962
0.986277 0.756552
0.986259 0.75614
0.986241 0.755725
0.986223 0.755309
0.986205 0.75489
0.986187 0.754469
0.986169 0.754046
0.986151 0.75362
0.986132 0.753192
0.986114 0.752762
0.986095 0.752329
0.986077 0.751894
0.986058 0.751457
0.986039 0.751017
0.98602 0.750574
0.986001 0.75013
0.985982 0.749683
0.985962 0.749233
0.985943 0.748781
0.985923 0.748326
0.985904 0.747869
0.985884 0.747409
0.985864 0.746947
0.985844 0.746482
0.985824 0.746014
0.985803 0.745544
0.985783 0.745071
0.985762 0.744595
0.985742 0.744116
0.985721 0.743635
0.9857 0.743151
0.985679 0.742665
0.985658 0.742175
0.985637 0.741683
0.985615 0.741187
0.985594 0.740689
0.985572 0.740188
0.98555 0.739684
0.985528 0.739177
0.985506 0.738667
0.985484 0.738154
0.985461 0.737638
0.985439 0.737119
0.985416 0.736597
0.985394 0.736072
0.985371 0.735543
0.985348 0.735012
0.985324 0.734477
0.985301 0.733939
0.985277 0.733397
0.985254 0.732853
0.98523 0.732305
0.985206 0.731754
0.985182 0.731199
0.985157 0.730641
0.985133 0.73008
0.985108 0.729515
0.985084 0.728946
0.985059 0.728374
0.985033 0.727799
0.985008 0.72722
0.984983 0.726637
0.984957 0.726051
0.984931 0.725461
0.984905 0.724867
0.984879 0.72427
0.984853 0.723668
0.984826 0.723063
0.9848 0.722454
0.984773 0.721842
0.984746 0.721225
0.984719 0.720604
0.984691 0.719979
0.984663 0.719351
0.984636 0.718718
0.984608 0.718081
0.984579 0.71744
0.984551 0.716795
0.984522 0.716145
0.984494 0.715492
0.984465 0.714834
0.984435 0.714171
0.984406 0.713505
0.984376 0.712834
0.984346 0.712158
0.984316 0.711478
0.984286 0.710793
0.984256 0.710104
0.984225 0.70941
0.984194 0.708712
0.984163 0.708009
0.984131 0.707301
0.9841 0.706588
0.984068 0.705871
0.984036 0.705148
0.984003 0.704421
0.983971 0.703688
0.983938 0.702951
0.983905 0.702209
0.983871 0.701461
0.983838 0.700708
0.983804 0.69995
0.98377 0.699187
0.983735 0.698418
0.983701 0.697644
0.983666 0.696865
0.98363 0.69608
0.983595 0.69529
0.983559 0.694494
0.983523 0.693692
0.983487 0.692885
0.98345 0.692072
0.983413 0.691253
0.983376 0.690428
0.983339 0.689598
0.983301 0.688761
0.983263 0.687918
0.983224 0.68707
0.983185 0.686215
0.983146 0.685354
0.983107 0.684487
0.983067 0.683613
0.983027 0.682733
0.982987 0.681846
0.982946 0.680953
0.982905 0.680054
0.982864 0.679148
0.982822 0.678235
0.98278 0.677315
0.982738 0.676389
0.982695 0.675455
0.982652 0.674515
0.982608 0.673567
0.982564 0.672613
0.98252 0.671651
0.982475 0.670682
0.98243 0.669706
0.982385 0.668722
0.982339 0.667731
0.982292 0.666732
0.982246 0.665726
0.982199 0.664712
0.982151 0.66369
0.982103 0.66266
0.982055 0.661623
0.982006 0.660577
0.981957 0.659523
0.981907 0.658462
0.981857 0.657392
0.981806 0.656313
0.981755 0.655227
0.981704 0.654131
0.981652 0.653028
0.981599 0.651915
0.981546 0.650794
0.981493 0.649664
0.981439 0.648525
0.981384 0.647377
0.981329 0.64622
0.981274 0.645054
0.981218 0.643879
0.981161 0.642694
0.981104 0.6415
0.981046 0.640296
0.980988 0.639083
0.980929 0.63786
0.98087 0.636627
0.98081 0.635384
0.980749 0.634131
0.980688 0.632868
0.980626 0.631595
0.980564 0.630312
0.980501 0.629018
0.980437 0.627714
0.980373 0.626399
0.980308 0.625073
0.980242 0.623737
0.980176 0.622389
0.980109 0.621031
0.980041 0.619662
0.979973 0.618281
0.979904 0.616889
0.979834 0.615486
0.979764 0.614071
0.979692 0.612645
0.97962 0.611206
0.979548 0.609756
0.979474 0.608294
0.9794 0.60682
0.979325 0.605334
0.979249 0.603835
0.979172 0.602324
0.979094 0.600801
0.979016 0.599265
0.978937 0.597716
0.978857 0.596154
0.978776 0.59458
0.978694 0.592992
0.978611 0.591391
0.978527 0.589777
0.978443 0.58815
0.978357 0.586509
0.97827 0.584854
0.978183 0.583186
0.978094 0.581504
0.978005 0.579808
0.977914 0.578098
0.977823 0.576373
0.97773 0.574635
0.977636 0.572882
0.977541 0.571114
0.977446 0.569332
0.977349 0.567535
0.97725 0.565724
0.977151 0.563897
0.977051 0.562055
0.976949 0.560199
0.976846 0.558327
0.976742 0.556439
0.976636 0.554537
0.97653 0.552618
0.976422 0.550684
0.976313 0.548734
0.976202 0.546769
0.97609 0.544787
0.975977 0.54279
0.975862 0.540776
0.975746 0.538746
0.975629 0.5367
0.97551 0.534637
0.975389 0.532558
0.975267 0.530462
0.975144 0.52835
0.975019 0.526221
0.974892 0.524075
0.974764 0.521913
0.974634 0.519733
0.974502 0.517537
0.974369 0.515324
0.974234 0.513093
0.974097 0.510846
0.973959 0.508581
0.973819 0.506299
0.973677 0.504
0.973533 0.501683
0.973387 0.499349
0.973239 0.496998
0.973089 0.49463
0.972938 0.492244
0.972784 0.489841
0.972628 0.48742
0.972471 0.484982
0.972311 0.482527
0.972149 0.480054
0.971984 0.477565
0.971818 0.475057
0.971649 0.472533
0.971478 0.469991
0.971305 0.467433
0.971129 0.464857
0.970951 0.462264
0.97077 0.459654
0.970587 0.457027
0.970402 0.454384
0.970213 0.451724
0.970023 0.449047
0.969829 0.446354
0.969633 0.443644
0.969434 0.440919
0.969233 0.438177
0.969028 0.435419
0.968821 0.432646
0.96861 0.429857
0.968397 0.427053
0.968181 0.424233
0.967962 0.421399
0.967739 0.41855
0.967513 0.415686
0.967285 0.412808
0.967052 0.409916
0.966817 0.407011
0.966578 0.404091
0.966336 0.401159
0.96609 0.398214
0.965841 0.395256
0.965588 0.392285
0.965332 0.389303
0.965071 0.386309
0.964807 0.383304
0.96454 0.380288
0.964268 0.377261
0.963992 0.374225
0.963713 0.371178
0.963429 0.368122
0.963141 0.365057
0.962849 0.361984
0.962553 0.358903
0.962252 0.355814
0.961947 0.352718
0.961638 0.349615
0.961324 0.346507
0.961005 0.343392
0.960682 0.340273
0.960354 0.337148
0.960022 0.33402
0.959684 0.330888
0.959342 0.327753
0.958994 0.324616
0.958642 0.321476
0.958284 0.318335
0.957921 0.315194
0.957553 0.312052
0.957179 0.308911
0.9568 0.305771
0.956416 0.302632
0.956026 0.299495
0.95563 0.296361
0.955229 0.293231
0.954821 0.290105
0.954408 0.286983
0.953989 0.283866
0.953564 0.280756
0.953133 0.277652
0.952695 0.274554
0.952251 0.271465
0.951801 0.268384
0.951345 0.265312
0.950881 0.262249
0.950412 0.259197
0.949935 0.256156
0.949452 0.253125
0.948962 0.250107
0.948465 0.247102
0.947962 0.244109
0.947451 0.24113
0.946933 0.238166
0.946407 0.235216
0.945874 0.232282
0.945334 0.229364
0.944787 0.226463
0.944232 0.223578
0.943669 0.220711
0.943098 0.217862
0.94252 0.215032
0.941934 0.21222
0.941339 0.209428
0.940737 0.206656
0.940127 0.203905
0.939508 0.201174
0.938881 0.198465
0.938246 0.195777
0.937602 0.193111
0.93695 0.190467
0.936289 0.187846
0.935619 0.185249
0.93494 0.182674
0.934253 0.180124
0.933557 0.177597
0.932852 0.175094
0.932137 0.172616
0.931414 0.170163
0.930681 0.167735
0.929939 0.165332
0.929187 0.162954
0.928426 0.160602
0.927655 0.158276
0.926875 0.155975
0.926085 0.1537
0.925285 0.151452
0.924475 0.149229
0.923655 0.147033
0.922826 0.144864
0.921986 0.14272
0.921136 0.140603
0.920276 0.138513
0.919405 0.136449
0.918524 0.134411
0.917632 0.1324
0.91673 0.130415
0.915818 0.128457
0.914894 0.126525
0.91396 0.124619
0.913015 0.12274
0.912059 0.120886
0.911092 0.119058
0.910114 0.117257
0.909125 0.115481
0.908125 0.11373
0.907113 0.112005
0.90609 0.110305
0.905055 0.108631
0.90401 0.106981
0.902952 0.105357
0.901883 0.103756
0.900802 0.102181
0.899709 0.100629
0.898605 0.0991016
0.897489 0.0975979
0.89636 0.0961179
0.89522 0.0946612
0.894067 0.0932277
0.892902 0.0918171
0.891725 0.0904291
0.890536 0.0890637
0.889334 0.0877204
0.88812 0.0863991
0.886893 0.0850996
0.885654 0.0838215
0.884401 0.0825646
0.883137 0.0813286
0.881859 0.0801134
0.880568 0.0789187
0.879265 0.0777441
0.877948 0.0765894
0.876618 0.0754544
0.875275 0.0743388
0.873919 0.0732424
0.872549 0.0721648
0.871166 0.0711059
0.86977 0.0700653
0.86836 0.0690428
0.866936 0.0680382
0.865499 0.0670511
0.864048 0.0660813
0.862583 0.0651286
0.861104 0.0641927
0.859611 0.0632734
0.858105 0.0623703
0.856584 0.0614833
0.855048 0.0606121
0.853499 0.0597564
0.851935 0.058916
0.850357 0.0580907
0.848764 0.0572802
0.847157 0.0564843
0.845535 0.0557027
0.843898 0.0549352
0.842247 0.0541816
0.84058 0.0534416
0.838899 0.052715
0.837202 0.0520016
0.835491 0.0513012
0.833764 0.0506135
0.832022 0.0499383
0.830265 0.0492755
0.828492 0.0486248
0.826704 0.0479859
0.8249 0.0473588
0.82308 0.0467431
0.821245 0.0461388
0.819394 0.0455455
0.817526 0.0449631
0.815643 0.0443915
0.813744 0.0438303
0.811829 0.0432795
0.809897 0.0427388
0.807949 0.0422081
0.805985 0.0416872
0.804004 0.041176
0.802007 0.0406741
0.799993 0.0401816
0.797962 0.0396982
0.795914 0.0392237
0.79385 0.038758
0.791768 0.038301
0.78967 0.0378524
0.787554 0.0374122
0.785421 0.0369802
0.783271 0.0365562
0.781104 0.03614
0.778918 0.0357317
0.776716 0.0353309
0.774496 0.0349376
0.772258 0.0345517
0.770002 0.034173
0.767728 0.0338014
0.765437 0.0334367
0.763127 0.0330788
0.760799 0.0327277
0.758454 0.0323832
0.756089 0.0320451
0.753707 0.0317134
0.751306 0.0313879
0.748887 0.0310686
0.746449 0.0307553
0.743992 0.030448
0.741517 0.0301464
0.739023 0.0298506
0.73651 0.0295604
0.733979 0.0292757
0.731428 0.0289965
0.728859 0.0287225
0.72627 0.0284539
0.723662 0.0281903
0.721035 0.0279319
0.718389 0.0276784
0.715723 0.0274298
0.713038 0.027186
0.710334 0.0269469
0.707611 0.0267125
0.704867 0.0264826
0.702105 0.0262573
0.699323 0.0260363
0.696521 0.0258197
0.6937 0.0256074
0.690859 0.0253993
0.687998 0.0251953
0.685118 0.0249954
0.682218 0.0247995
0.679298 0.0246076
0.676358 0.0244195
0.673399 0.0242352
0.67042 0.0240547
0.667422 0.0238779
0.664404 0.0237048
0.661366 0.0235352
0.658308 0.0233691
0.655231 0.0232065
0.652134 0.0230474
0.649018 0.0228916
0.645882 0.0227391
0.642726 0.0225899
0.639551 0.022444
0.636357 0.0223012
0.633144 0.0221615
0.629911 0.022025
0.626659 0.0218915
0.623388 0.0217609
0.620098 0.0216334
0.61679 0.0215087
0.613462 0.021387
0.610116 0.0212681
0.606751 0.021152
0.603368 0.0210386
0.599967 0.020928
0.596547 0.0208201
0.59311 0.0207148
0.589655 0.0206122
0.586182 0.0205121
0.582692 0.0204146
0.579184 0.0203197
0.57566 0.0202272
0.572119 0.0201373
0.568561 0.0200497
0.564987 0.0199646
0.561396 0.0198818
0.55779 0.0198015
0.554168 0.0197234
0.550531 0.0196477
0.546879 0.0195742
0.543212 0.019503
0.53953 0.019434
0.535835 0.0193673
0.532125 0.0193027
0.528402 0.0192403
0.524666 0.01918
0.520917 0.0191219
0.517156 0.0190659
0.513383 0.0190119
0.509598 0.01896
0.505801 0.0189102
0.501994 0.0188624
0.498176 0.0188166
0.494349 0.0187728
0.490512 0.0187309
0.486666 0.0186911
0.482811 0.0186531
0.478948 0.0186171
0.475077 0.018583
0.471199 0.0185508
0.467314 0.0185205
0.463424 0.0184921
0.459527 0.0184655
0.455626 0.0184408
0.45172 0.0184179
0.44781 0.0183968
0.443896 0.0183775
0.43998 0.01836
0.436061 0.0183443
0.432141 0.0183304
0.428219 0.0183182
0.424297 0.0183078
0.420375 0.0182991
0.416454 0.0182921
0.412534 0.0182869
0.408616 0.0182834
0.4047 0.0182815
0.400788 0.0182814
0.396879 0.018283
0.392975 0.0182862
0.389076 0.018291
0.385183 0.0182976
0.381296 0.0183058
0.377416 0.0183156
0.373544 0.0183271
0.36968 0.0183402
0.365825 0.0183549
0.36198 0.0183712
0.358145 0.0183891
0.354321 0.0184086
0.350508 0.0184297
0.346708 0.0184524
0.34292 0.0184767
0.339146 0.0185025
0.335386 0.0185299
0.331641 0.0185589
0.327911 0.0185894
0.324197 0.0186214
0.320499 0.018655
0.316819 0.0186901
0.313156 0.0187268
0.309512 0.018765
0.305887 0.0188047
0.30228 0.0188459
0.298694 0.0188886
0.295129 0.0189328
0.291584 0.0189785
0.288061 0.0190257
0.28456 0.0190744
0.281081 0.0191246
0.277626 0.0191762
0.274194 0.0192293
0.270785 0.0192839
0.267402 0.0193399
0.264043 0.0193974
0.260709 0.0194563
0.2574 0.0195167
0.254118 0.0195785
0.250862 0.0196417
0.247633 0.0197064
0.244431 0.0197725
0.241256 0.01984
0.238108 0.0199089
0.234989 0.0199792
0.231897 0.020051
0.228835 0.0201241
0.2258 0.0201986
0.222795 0.0202745
0.219819 0.0203518
0.216872 0.0204305
0.213955 0.0205106
0.211067 0.020592
0.208209 0.0206747
0.205381 0.0207589
0.202583 0.0208444
0.199814 0.0209312
0.197077 0.0210194
0.194369 0.0211089
0.191692 0.0211997
0.189045 0.0212919
0.186428 0.0213854
0.183842 0.0214802
0.181286 0.0215763
0.178761 0.0216737
0.176266 0.0217725
0.173801 0.0218725
0.171366 0.0219738
0.168962 0.0220764
0.166588 0.0221803
0.164243 0.0222854
0.161929 0.0223919
0.159644 0.0224995
0.157389 0.0226085
0.155164 0.0227187
0.152968 0.0228301
0.150801 0.0229428
0.148663 0.0230568
0.146554 0.0231719
0.144474 0.0232883
0.142423 0.0234059
0.140399 0.0235248
0.138404 0.0236448
0.136437 0.023766
0.134498 0.0238885
0.132586 0.0240121
0.130701 0.024137
0.128844 0.024263
0.127013 0.0243902
0.125209 0.0245186
0.123431 0.0246481
0.121679 0.0247788
0.119953 0.0249107
0.118253 0.0250437
0.116578 0.0251779
0.114928 0.0253132
0.113303 0.0254497
0.111702 0.0255873
0.110126 0.025726
0.108573 0.0258658
0.107044 0.0260068
0.105539 0.0261489
0.104057 0.0262921
0.102597 0.0264363
0.10116 0.0265817
0.0997459 0.0267282
0.0983534 0.0268758
0.0969826 0.0270244
0.0956333 0.0271741
0.0943051 0.0273249
0.0929978 0.0274768
0.0917112 0.0276297
0.0904448 0.0277837
0.0891985 0.0279388
0.0879721 0.0280948
0.0867651 0.028252
0.0855773 0.0284102
0.0844085 0.0285694
0.0832584 0.0287296
0.0821266 0.0288909
0.0810131 0.0290532
0.0799174 0.0292165
0.0788393 0.0293808
0.0777786 0.0295461
0.0767349 0.0297124
0.0757081 0.0298797
0.0746979 0.0300481
0.073704 0.0302174
0.0727262 0.0303877
0.0717641 0.0305589
0.0708177 0.0307312
0.0698866 0.0309044
0.0689706 0.0310786
0.0680694 0.0312537
0.0671829 0.0314298
0.0663107 0.0316069
0.0654527 0.0317849
0.0646086 0.0319639
0.0637782 0.0321438
0.0629613 0.0323247
0.0621576 0.0325064
0.061367 0.0326892
0.0605892 0.0328728
0.059824 0.0330574
0.0590712 0.0332429
0.0583307 0.0334293
0.0576021 0.0336166
0.0568853 0.0338048
0.0561801 0.0339939
0.0554864 0.034184
0.0548038 0.0343749
0.0541323 0.0345667
0.0534716 0.0347594
0.0528216 0.0349531
0.052182 0.0351475
0.0515528 0.0353429
0.0509336 0.0355392
0.0503244 0.0357363
0.0497251 0.0359343
0.0491353 0.0361331
0.048555 0.0363328
0.0479839 0.0365334
0.047422 0.0367349
0.0468691 0.0369372
0.046325 0.0371403
0.0457895 0.0373443
0.0452626 0.0375492
0.0447441 0.0377548
0.0442338 0.0379614
0.0437315 0.0381687
0.0432373 0.0383769
0.0427508 0.038586
0.042272 0.0387958
0.0418008 0.0390065
0.041337 0.039218
0.0408804 0.0394304
0.040431 0.0396435
0.0399887 0.0398575
0.0395533 0.0400722
0.0391246 0.0402878
0.0387027 0.0405042
0.0382873 0.0407214
0.0378784 0.0409394
0.0374758 0.0411583
0.0370794 0.0413779
0.0366892 0.0415983
0.036305 0.0418195
0.0359267 0.0420415
0.0355542 0.0422642
0.0351874 0.0424878
0.0348263 0.0427122
0.0344706 0.0429373
0.0341204 0.0431632
0.0337755 0.0433899
0.0334359 0.0436174
0.0331014 0.0438457
0.0327719 0.0440747
0.0324475 0.0443045
0.0321279 0.0445351
0.0318131 0.0447665
0.0315031 0.0449986
0.0311977 0.0452315
0.0308969 0.0454651
0.0306006 0.0456995
0.0303087 0.0459347
0.0300211 0.0461706
0.0297378 0.0464073
0.0294586 0.0466448
0.0291837 0.046883
0.0289127 0.047122
0.0286457 0.0473617
0.0283827 0.0476022
0.0281235 0.0478434
0.0278681 0.0480853
0.0276164 0.0483281
0.0273684 0.0485715
0.027124 0.0488158
0.0268831 0.0490607
0.0266458 0.0493064
0.0264118 0.0495529
0.0261812 0.0498001
0.0259539 0.050048
0.0257299 0.0502967
0.0255091 0.0505461
0.0252914 0.0507963
0.0250769 0.0510472
0.0248653 0.0512988
0.0246568 0.0515512
0.0244513 0.0518043
0.0242486 0.0520581
0.0240488 0.0523127
0.0238518 0.052568
0.0236576 0.0528241
0.0234661 0.0530809
0.0232772 0.0533384
0.023091 0.0535967
0.0229074 0.0538557
0.0227263 0.0541154
0.0225478 0.0543759
0.0223717 0.0546371
0.022198 0.054899
0.0220267 0.0551617
0.0218578 0.0554251
0.0216912 0.0556892
0.0215269 0.0559541
0.0213648 0.0562197
0.0212049 0.056486
0.0210472 0.0567531
0.0208916 0.0570209
0.0207381 0.0572894
0.0205867 0.0575587
0.0204374 0.0578287
0.02029 0.0580995
0.0201447 0.0583709
0.0200012 0.0586432
0.0198597 0.0589161
0.0197201 0.0591898
0.0195823 0.0594642
0.0194464 0.0597394
0.0193123 0.0600153
0.0191799 0.0602919
0.0190493 0.0605693
0.0189204 0.0608475
0.0187932 0.0611263
0.0186677 0.0614059
0.0185438 0.0616863
0.0184216 0.0619674
0.0183009 0.0622493
0.0181818 0.0625318
0.0180643 0.0628152
0.0179482 0.0630993
0.0178337 0.0633841
0.0177207 0.0636697
0.0176091 0.0639561
0.017499 0.0642432
0.0173902 0.064531
0.0172829 0.0648196
0.0171769 0.065109
0.0170723 0.0653991
0.0169691 0.06569
0.0168671 0.0659816
0.0167665 0.0662741
0.0166671 0.0665672
0.016569 0.0668612
0.0164721 0.0671559
0.0163764 0.0674514
0.016282 0.0677476
0.0161887 0.0680447
0.0160967 0.0683425
0.0160057 0.068641
0.0159159 0.0689404
0.0158273 0.0692406
0.0157397 0.0695415
0.0156533 0.0698432
0.0155679 0.0701457
0.0154836 0.070449
0.0154003 0.0707531
0.015318 0.0710579
0.0152368 0.0713636
0.0151566 0.0716701
0.0150774 0.0719774
0.0149991 0.0722854
0.0149219 0.0725943
0.0148455 0.072904
0.0147701 0.0732145
0.0146957 0.0735258
0.0146221 0.073838
0.0145495 0.0741509
0.0144777 0.0744647
0.0144068 0.0747793
0.0143368 0.0750947
0.0142676 0.075411
0.0141993 0.0757281
0.0141318 0.076046
0.0140651 0.0763647
0.0139993 0.0766844
0.0139342 0.0770048
0.0138699 0.0773261
0.0138065 0.0776483
0.0137437 0.0779713
0.0136818 0.0782951
0.0136206 0.0786199
0.0135601 0.0789455
0.0135003 0.0792719
0.0134413 0.0795993
0.013383 0.0799275
0.0133254 0.0802566
0.0132685 0.0805866
0.0132122 0.0809174
0.0131567 0.0812492
0.0131018 0.0815818
0.0130476 0.0819154
0.012994 0.0822498
0.0129411 0.0825852
0.0128888 0.0829215
0.0128371 0.0832586
0.0127861 0.0835968
0.0127357 0.0839358
0.0126858 0.0842757
0.0126366 0.0846166
0.012588 0.0849584
0.0125399 0.0853012
0.0124925 0.0856449
0.0124456 0.0859896
0.0123992 0.0863352
0.0123534 0.0866818
0.0123082 0.0870293
0.0122635 0.0873778
0.0122194 0.0877273
0.0121757 0.0880777
0.0121327 0.0884292
0.0120901 0.0887816
0.012048 0.089135
0.0120065 0.0894895
0.0119654 0.0898449
0.0119249 0.0902013
0.0118848 0.0905588
0.0118452 0.0909173
0.0118061 0.0912768
0.0117675 0.0916373
0.0117293 0.0919988
0.0116916 0.0923615
0.0116544 0.0927251
0.0116176 0.0930898
0.0115813 0.0934556
0.0115454 0.0938224
0.0115099 0.0941903
0.0114749 0.0945593
0.0114403 0.0949294
0.0114061 0.0953006
0.0113724 0.0956728
0.011339 0.0960462
0.0113061 0.0964207
0.0112736 0.0967963
0.0112415 0.097173
0.0112098 0.0975508
0.0111785 0.0979298
0.0111475 0.0983099
0.011117 0.0986912
0.0110868 0.0990736
0.0110571 0.0994572
0.0110277 0.099842
0.0109986 0.100228
0.01097 0.100615
0.0109417 0.101003
0.0109137 0.101393
0.0108861 0.101784
0.0108589 0.102176
0.010832 0.102569
0.0108055 0.102963
0.0107793 0.103359
0.0107534 0.103756
0.0107279 0.104154
0.0107027 0.104553
0.0106779 0.104954
0.0106533 0.105356
0.0106291 0.105759
0.0106052 0.106164
0.0105817 0.106569
0.0105584 0.106977
0.0105355 0.107385
0.0105129 0.107795
0.0104905 0.108206
0.0104685 0.108619
0.0104468 0.109032
0.0104254 0.109448
0.0104043 0.109864
0.0103834 0.110282
0.0103629 0.110702
0.0103426 0.111122
0.0103227 0.111545
0.010303 0.111968
0.0102836 0.112393
0.0102645 0.11282
0.0102456 0.113248
0.0102271 0.113677
0.0102088 0.114108
0.0101907 0.114541
0.010173 0.114974
0.0101555 0.11541
0.0101382 0.115847
0.0101213 0.116285
0.0101046 0.116725
0.0100881 0.117167
0.0100719 0.11761
0.010056 0.118055
0.0100403 0.118501
0.0100248 0.118949
0.0100096 0.119398
0.00999468 0.119849
0.00997997 0.120302
0.00996551 0.120757
0.00995129 0.121213
0.0099373 0.12167
0.00992356 0.12213
0.00991005 0.122591
0.00989677 0.123054
0.00988373 0.123518
0.00987092 0.123984
0.00985833 0.124452
0.00984598 0.124922
0.00983385 0.125394
0.00982195 0.125867
0.00981027 0.126342
0.00979882 0.126819
0.00978758 0.127298
0.00977656 0.127779
0.00976577 0.128261
0.00975519 0.128746
0.00974482 0.129232
0.00973467 0.12972
0.00972474 0.13021
0.00971501 0.130702
0.0097055 0.131196
0.0096962 0.131692
0.0096871 0.13219
0.00967822 0.13269
0.00966953 0.133192
0.00966106 0.133696
0.00965279 0.134202
0.00964472 0.13471
0.00963686 0.13522
0.0096292 0.135732
0.00962173 0.136247
0.00961447 0.136763
0.00960741 0.137282
0.00960054 0.137803
0.00959387 0.138326
0.0095874 0.138851
0.00958112 0.139379
0.00957504 0.139908
0.00956915 0.14044
0.00956345 0.140974
0.00955795 0.141511
0.00955264 0.14205
0.00954752 0.142591
0.00954259 0.143134
0.00953784 0.14368
0.00953329 0.144229
0.00952893 0.144779
0.00952475 0.145333
0.00952076 0.145888
0.00951696 0.146446
0.00951334 0.147007
0.00950991 0.14757
0.00950666 0.148136
0.0095036 0.148704
0.00950072 0.149275
0.00949803 0.149848
0.00949552 0.150425
0.00949319 0.151003
0.00949104 0.151585
0.00948908 0.152169
0.00948729 0.152756
0.00948569 0.153345
0.00948427 0.153938
0.00948303 0.154533
0.00948198 0.155131
0.0094811 0.155732
0.0094804 0.156336
0.00947988 0.156943
0.00947954 0.157552
0.00947938 0.158165
0.0094794 0.15878
0.0094796 0.159399
0.00947998 0.160021
0.00948053 0.160645
0.00948127 0.161273
0.00948218 0.161904
0.00948328 0.162538
0.00948455 0.163176
0.009486 0.163816
0.00948763 0.16446
0.00948943 0.165107
0.00949142 0.165757
0.00949358 0.166411
0.00949593 0.167068
0.00949845 0.167729
0.00950115 0.168393
0.00950403 0.16906
0.00950709 0.169731
0.00951033 0.170405
0.00951375 0.171083
0.00951735 0.171765
0.00952114 0.17245
0.0095251 0.173139
0.00952924 0.173832
0.00953356 0.174528
0.00953807 0.175228
0.00954275 0.175932
0.00954762 0.17664
0.00955267 0.177352
0.0095579 0.178067
0.00956332 0.178787
0.00956892 0.17951
0.00957471 0.180238
0.00958068 0.18097
0.00958684 0.181706
0.00959318 0.182446
0.00959971 0.18319
0.00960642 0.183939
0.00961332 0.184691
0.00962041 0.185449
0.0096277 0.18621
0.00963516 0.186976
0.00964283 0.187746
0.00965068 0.188521
0.00965872 0.189301
0.00966695 0.190085
0.00967538 0.190874
0.00968401 0.191667
0.00969282 0.192466
0.00970184 0.193269
0.00971105 0.194076
0.00972046 0.194889
0.00973007 0.195707
0.00973987 0.19653
0.00974988 0.197358
0.00976009 0.19819
0.0097705 0.199028
0.00978112 0.199872
0.00979194 0.20072
0.00980297 0.201574
0.0098142 0.202433
0.00982564 0.203298
0.0098373 0.204168
0.00984916 0.205044
0.00986123 0.205926
0.00987352 0.206813
0.00988603 0.207705
0.00989875 0.208604
0.00991169 0.209508
0.00992485 0.210419
0.00993822 0.211335
0.00995183 0.212257
0.00996565 0.213186
0.0099797 0.214121
0.00999398 0.215062
0.0100085 0.216009
0.0100232 0.216962
0.0100382 0.217922
0.0100534 0.218889
0.0100688 0.219862
0.0100845 0.220842
0.0101004 0.221829
0.0101166 0.222822
0.010133 0.223823
0.0101496 0.22483
0.0101665 0.225844
0.0101837 0.226866
0.010201 0.227894
0.0102187 0.22893
0.0102366 0.229974
0.0102548 0.231024
0.0102732 0.232083
0.0102919 0.233149
0.0103108 0.234222
0.01033 0.235304
0.0103495 0.236393
0.0103693 0.23749
0.0103893 0.238595
0.0104097 0.239709
0.0104303 0.240831
0.0104511 0.241961
0.0104723 0.243099
0.0104938 0.244246
0.0105155 0.245402
0.0105376 0.246566
0.0105599 0.247739
0.0105826 0.248921
0.0106055 0.250112
0.0106288 0.251313
0.0106523 0.252522
0.0106762 0.253741
0.0107004 0.254969
0.010725 0.256207
0.0107498 0.257454
0.010775 0.258712
0.0108005 0.259979
0.0108264 0.261256
0.0108526 0.262543
0.0108791 0.263841
0.010906 0.265149
0.0109333 0.266467
0.0109609 0.267796
0.0109888 0.269136
0.0110171 0.270486
0.0110458 0.271848
0.0110749 0.273221
0.0111044 0.274604
0.0111342 0.276
0.0111644 0.277406
0.011195 0.278825
0.0112261 0.280255
0.0112575 0.281697
0.0112893 0.283151
0.0113216 0.284618
0.0113542 0.286096
0.0113873 0.287587
0.0114209 0.289091
0.0114548 0.290608
0.0114892 0.292137
0.0115241 0.293679
0.0115594 0.295235
0.0115952 0.296804
0.0116314 0.298387
0.0116681 0.299983
0.0117053 0.301593
0.011743 0.303218
0.0117812 0.304856
0.0118199 0.306509
0.0118591 0.308176
0.0118988 0.309858
0.011939 0.311554
0.0119798 0.313266
0.0120211 0.314993
0.0120629 0.316735
0.0121054 0.318493
0.0121483 0.320266
0.0121919 0.322055
0.012236 0.323861
0.0122807 0.325682
0.012326 0.32752
0.012372 0.329375
0.0124185 0.331246
0.0124657 0.333134
0.0125135 0.33504
0.0125619 0.336963
0.0126111 0.338903
0.0126608 0.340861
0.0127113 0.342837
0.0127624 0.344831
0.0128143 0.346844
0.0128668 0.348874
0.0129201 0.350924
0.0129741 0.352992
0.0130289 0.35508
0.0130844 0.357187
0.0131407 0.359313
0.0131978 0.361459
0.0132557 0.363625
0.0133144 0.365811
0.0133739 0.368017
0.0134342 0.370244
0.0134954 0.372491
0.0135575 0.374759
0.0136204 0.377049
0.0136843 0.379359
0.0137491 0.381691
0.0138147 0.384045
0.0138814 0.38642
0.013949 0.388818
0.0140175 0.391237
0.0140871 0.393679
0.0141577 0.396144
0.0142293 0.398631
0.0143019 0.401142
0.0143757 0.403675
0.0144505 0.406232
0.0145264 0.408813
0.0146034 0.411417
0.0146816 0.414044
0.0147609 0.416696
0.0148415 0.419372
0.0149232 0.422073
0.0150062 0.424797
0.0150904 0.427547
0.0151759 0.430321
0.0152627 0.43312
0.0153508 0.435944
0.0154403 0.438793
0.0155311 0.441667
0.0156234 0.444567
0.015717 0.447492
0.0158121 0.450442
0.0159087 0.453419
0.0160068 0.456421
0.0161064 0.459448
0.0162076 0.462502
0.0163104 0.465581
0.0164148 0.468686
0.0165208 0.471818
0.0166286 0.474975
0.016738 0.478158
0.0168492 0.481367
0.0169621 0.484602
0.0170769 0.487862
0.0171935 0.491149
0.017312 0.494461
0.0174324 0.497799
0.0175548 0.501162
0.0176792 0.504551
0.0178055 0.507965
0.017934 0.511405
0.0180645 0.514869
0.0181972 0.518358
0.0183321 0.521872
0.0184692 0.52541
0.0186086 0.528972
0.0187503 0.532558
0.0188943 0.536168
0.0190407 0.539801
0.0191896 0.543457
0.019341 0.547136
0.0194949 0.550836
0.0196513 0.554559
0.0198105 0.558303
0.0199723 0.562068
0.0201368 0.565854
0.0203041 0.56966
0.0204742 0.573485
0.0206472 0.577329
0.0208232 0.581192
0.0210021 0.585072
0.0211841 0.58897
0.0213692 0.592884
0.0215574 0.596815
0.0217489 0.60076
0.0219436 0.60472
0.0221416 0.608694
0.0223431 0.612681
0.022548 0.61668
0.0227564 0.62069
0.0229683 0.624712
0.0231839 0.628742
0.0234032 0.632782
0.0236263 0.63683
0.0238531 0.640885
0.0240839 0.644946
0.0243186 0.649012
0.0245574 0.653082
0.0248002 0.657156
0.0250472 0.661231
0.0252984 0.665308
0.0255539 0.669385
0.0258137 0.673461
0.026078 0.677535
0.0263468 0.681605
0.0266202 0.685672
0.0268982 0.689733
0.027181 0.693787
0.0274685 0.697834
0.0277609 0.701873
0.0280582 0.705901
0.0283605 0.709919
0.028668 0.713925
0.0289806 0.717917
0.0292984 0.721895
0.0296215 0.725858
0.02995 0.729804
0.030284 0.733732
0.0306235 0.737642
0.0309686 0.741532
0.0313194 0.745401
0.031676 0.749248
0.0320384 0.753072
0.0324067 0.756872
0.032781 0.760648
0.0331614 0.764397
0.0335479 0.768119
0.0339406 0.771814
0.0343397 0.77548
0.0347451 0.779116
0.0351569 0.782722
0.0355753 0.786296
0.0360002 0.789839
0.0364319 0.793348
0.0368702 0.796824
0.0373154 0.800266
0.0377675 0.803673
0.0382266 0.807044
0.0386927 0.810379
0.0391659 0.813678
0.0396462 0.816939
0.0401339 0.820162
0.0406288 0.823347
0.0411312 0.826493
0.041641 0.829601
0.0421584 0.832669
0.0426834 0.835697
0.043216 0.838685
0.0437564 0.841633
0.0443047 0.844541
0.0448607 0.847408
0.0454248 0.850234
0.0459968 0.853019
0.046577 0.855763
0.0471653 0.858466
0.0477618 0.861128
0.0483665 0.863749
0.0489796 0.86633
0.0496011 0.868869
0.0502311 0.871367
0.0508696 0.873824
0.0515167 0.876241
0.0521724 0.878618
0.0528368 0.880954
0.05351 0.883251
0.054192 0.885508
0.0548829 0.887725
0.0555828 0.889903
0.0562916 0.892042
0.0570095 0.894143
0.0577365 0.896205
0.0584727 0.898229
0.0592181 0.900216
0.0599728 0.902166
0.0607368 0.904079
0.0615102 0.905956
0.062293 0.907797
0.0630853 0.909603
0.0638872 0.911373
0.0646987 0.913109
0.0655198 0.914811
0.0663506 0.916479
0.0671912 0.918114
0.0680416 0.919717
0.0689018 0.921287
0.069772 0.922825
0.0706521 0.924332
0.0715422 0.925808
0.0724423 0.927254
0.0733526 0.92867
0.074273 0.930057
0.0752036 0.931415
0.0761445 0.932745
0.0770957 0.934047
0.0780572 0.935322
0.0790291 0.936569
0.0800115 0.937791
0.0810043 0.938986
0.0820077 0.940156
0.0830217 0.941301
0.0840463 0.942422
0.0850816 0.943518
0.0861277 0.944591
0.0871845 0.945641
0.0882522 0.946669
0.0893307 0.947674
0.0904202 0.948657
0.0915206 0.949619
0.092632 0.950561
0.0937546 0.951481
0.0948882 0.952382
0.096033 0.953263
0.0971891 0.954125
0.0983564 0.954969
0.099535 0.955793
0.100725 0.9566
0.101926 0.957389
0.103139 0.958161
0.104364 0.958916
0.1056 0.959655
0.106847 0.960377
0.108106 0.961084
0.109377 0.961775
0.11066 0.962451
0.111955 0.963112
0.113261 0.963759
0.114579 0.964392
0.11591 0.965011
0.117252 0.965616
0.118606 0.966208
0.119973 0.966787
0.121352 0.967354
0.122743 0.967908
0.124146 0.96845
0.125562 0.968981
0.12699 0.9695
0.128431 0.970007
0.129884 0.970504
0.13135 0.97099
0.132828 0.971465
0.134319 0.97193
0.135823 0.972385
0.13734 0.97283
0.138869 0.973266
0.140412 0.973692
0.141967 0.974109
0.143536 0.974517
0.145118 0.974916
0.146713 0.975307
0.148321 0.975689
0.149942 0.976064
0.151577 0.97643
0.153226 0.976788
0.154888 0.977139
0.156563 0.977482
0.158252 0.977819
0.159955 0.978148
0.161672 0.97847
0.163402 0.978785
0.165146 0.979093
0.166905 0.979395
0.168677 0.979691
0.170464 0.979981
0.172265 0.980264
0.17408 0.980542
0.175909 0.980814
0.177753 0.98108
0.179611 0.98134
0.181484 0.981595
0.183371 0.981845
0.185273 0.98209
0.18719 0.982329
0.189122 0.982564
0.191068 0.982794
0.19303 0.983019
0.195007 0.983239
0.196999 0.983455
0.199006 0.983667
0.201028 0.983874
0.203066 0.984077
0.205119 0.984275
0.207188 0.98447
0.209272 0.984661
0.211372 0.984848
0.213487 0.985031
0.215619 0.98521
0.217766 0.985386
0.21993 0.985558
0.222109 0.985726
0.224305 0.985892
0.226516 0.986054
0.228744 0.986212
0.230989 0.986368
0.233249 0.98652
0.235527 0.986669
0.23782 0.986815
0.240131 0.986958
0.242458 0.987099
0.244802 0.987236
0.247163 0.987371
0.24954 0.987503
0.251935 0.987632
0.254347 0.987759
0.256776 0.987883
0.259222 0.988005
0.261685 0.988124
0.264166 0.988241
0.266664 0.988356
0.269179 0.988468
0.271712 0.988578
0.274262 0.988686
0.276831 0.988791
0.279416 0.988895
0.28202 0.988996
0.284641 0.989095
0.28728 0.989192
0.289937 0.989288
0.292612 0.989381
0.295305 0.989472
0.298016 0.989562
0.300745 0.98965
0.303492 0.989736
0.306257 0.98982
0.30904 0.989902
0.311841 0.989983
0.314661 0.990062
0.317499 0.990139
0.320355 0.990215
0.323229 0.990289
0.326121 0.990362
0.329032 0.990433
0.331961 0.990502
0.334908 0.99057
0.337874 0.990637
0.340858 0.990702
0.34386 0.990766
0.34688 0.990828
0.349918 0.990889
0.352975 0.990949
0.356049 0.991007
0.359142 0.991064
0.362253 0.99112
0.365381 0.991174
0.368528 0.991227
0.371692 0.991279
0.374875 0.99133
0.378075 0.99138
0.381292 0.991428
0.384528 0.991476
0.38778 0.991522
0.39105 0.991567
0.394338 0.991611
0.397642 0.991654
0.400963 0.991695
0.404302 0.991736
0.407657 0.991776
0.411028 0.991814
0.414417 0.991852
0.417821 0.991888
0.421242 0.991924
0.424678 0.991959
0.42813 0.991992
0.431598 0.992025
0.435081 0.992057
0.43858 0.992087
0.442093 0.992117
0.445621 0.992146
0.449163 0.992174
0.45272 0.992202
0.456291 0.992228
0.459875 0.992253
0.463472 0.992278
0.467083 0.992301
0.470707 0.992324
0.474343 0.992346
0.477991 0.992367
0.481651 0.992388
0.485323 0.992407
0.489006 0.992426
0.4927 0.992444
0.496404 0.992461
0.500118 0.992478
0.503842 0.992493
0.507576 0.992508
0.511318 0.992522
0.515068 0.992535
0.518827 0.992548
0.522594 0.992559
0.526367 0.992571
0.530147 0.992581
0.533934 0.99259
0.537726 0.992599
0.541524 0.992607
0.545326 0.992615
0.549133 0.992621
0.552944 0.992627
0.556758 0.992633
0.560574 0.992637
0.564393 0.992641
0.568214 0.992644
0.572036 0.992647
0.575859 0.992649
0.579681 0.99265
0.583503 0.99265
0.587324 0.99265
0.591144 0.992649
0.594961 0.992648
0.598776 0.992646
0.602587 0.992643
0.606394 0.992639
0.610197 0.992635
0.613994 0.99263
0.617786 0.992625
0.621571 0.992619
0.62535 0.992612
0.629121 0.992605
0.632884 0.992597
0.636638 0.992588
0.640383 0.992579
0.644118 0.992569
0.647842 0.992558
0.651555 0.992547
0.655257 0.992536
0.658946 0.992523
0.662623 0.99251
0.666286 0.992497
0.669934 0.992482
0.673569 0.992468
0.677188 0.992452
0.680791 0.992436
0.684378 0.99242
0.687949 0.992402
0.691502 0.992385
0.695037 0.992366
0.698553 0.992347
0.702051 0.992327
0.705529 0.992307
0.708988 0.992286
0.712426 0.992265
0.715843 0.992243
0.719239 0.992221
0.722613 0.992197
0.725965 0.992174
0.729294 0.992149
0.7326 0.992125
0.735883 0.992099
0.739142 0.992073
0.742377 0.992047
0.745587 0.992019
0.748773 0.991992
0.751933 0.991963
0.755067 0.991934
0.758176 0.991905
0.761259 0.991875
0.764315 0.991845
0.767344 0.991813
0.770347 0.991782
0.773322 0.99175
0.77627 0.991717
0.779191 0.991684
0.782084 0.99165
0.784949 0.991615
0.787785 0.99158
0.790594 0.991545
0.793374 0.991509
0.796125 0.991472
0.798849 0.991435
0.801543 0.991398
0.804208 0.99136
0.806845 0.991321
0.809453 0.991282
0.812032 0.991242
0.814582 0.991202
0.817103 0.991161
0.819596 0.99112
0.822059 0.991078
0.824493 0.991036
0.826899 0.990993
0.829275 0.990949
0.831623 0.990906
0.833943 0.990861
0.836233 0.990816
0.838496 0.990771
0.840729 0.990725
0.842935 0.990679
0.845112 0.990632
0.847262 0.990585
0.849383 0.990537
0.851477 0.990489
0.853543 0.99044
0.855581 0.99039
0.857592 0.990341
0.859577 0.990291
0.861534 0.99024
0.863465 0.990189
0.865369 0.990137
0.867246 0.990085
0.869098 0.990032
0.870924 0.989979
0.872724 0.989926
0.874498 0.989872
0.876248 0.989818
0.877972 0.989763
0.879672 0.989707
0.881347 0.989652
0.882997 0.989596
0.884624 0.989539
0.886227 0.989482
0.887806 0.989424
0.889362 0.989366
0.890895 0.989308
0.892405 0.989249
0.893893 0.98919
0.895358 0.98913
0.896802 0.98907
0.898223 0.98901
0.899624 0.988949
0.901002 0.988888
0.90236 0.988826
0.903697 0.988764
0.905014 0.988702
0.906311 0.988639
0.907587 0.988575
0.908844 0.988512
0.910082 0.988447
0.9113 0.988383
0.912499 0.988318
0.91368 0.988253
0.914843 0.988187
0.915987 0.988121
0.917113 0.988055
0.918222 0.987988
0.919314 0.987921
0.920388 0.987853
0.921445 0.987786
0.922486 0.987717
0.923511 0.987649
0.924519 0.98758
0.925511 0.98751
0.926488 0.987441
0.92745 0.987371
0.928396 0.9873
0.929327 0.98723
0.930243 0.987159
0.931145 0.987087
0.932033 0.987015
0.932906 0.986943
0.933766 0.986871
0.934612 0.986798
0.935445 0.986725
0.936265 0.986652
0.937071 0.986578
0.937865 0.986504
0.938646 0.98643
0.939415 0.986355
0.940171 0.98628
0.940916 0.986205
0.941649 0.986129
0.94237 0.986053
0.94308 0.985977
0.943779 0.985901
0.944466 0.985824
0.945143 0.985747
0.945809 0.98567
0.946464 0.985592
0.94711 0.985514
0.947745 0.985436
0.94837 0.985357
0.948985 0.985279
0.94959 0.9852
0.950186 0.98512
0.950773 0.985041
0.951351 0.984961
0.951919 0.984881
0.952479 0.9848
0.95303 0.98472
0.953572 0.984639
0.954106 0.984558
0.954631 0.984476
0.955149 0.984395
0.955658 0.984313
0.95616 0.984231
0.956653 0.984148
0.95714 0.984066
0.957618 0.983983
0.958089 0.9839
0.958553 0.983816
0.95901 0.983733
0.95946 0.983649
0.959903 0.983565
0.960339 0.983481
0.960769 0.983396
0.961192 0.983311
0.961609 0.983226
0.962019 0.983141
0.962423 0.983056
0.962821 0.98297
0.963213 0.982885
0.963599 0.982799
0.963979 0.982713
0.964354 0.982626
0.964723 0.98254
0.965086 0.982453
0.965444 0.982366
0.965797 0.982279
0.966144 0.982191
0.966487 0.982104
0.966824 0.982016
0.967156 0.981928
0.967483 0.98184
0.967806 0.981752
0.968124 0.981663
0.968437 0.981575
0.968745 0.981486
0.96905 0.981397
0.969349 0.981308
0.969644 0.981219
0.969935 0.981129
0.970222 0.98104
0.970505 0.98095
0.970783 0.98086
0.971058 0.98077
0.971329 0.980679
0.971595 0.980589
0.971858 0.980498
0.972118 0.980408
0.972373 0.980317
0.972625 0.980226
0.972873 0.980135
0.973118 0.980043
0.973359 0.979952
0.973597 0.97986
0.973832 0.979769
0.974064 0.979677
0.974292 0.979585
0.974517 0.979493
0.974738 0.979401
0.974957 0.979308
0.975173 0.979216
0.975386 0.979123
0.975596 0.979031
0.975803 0.978938
0.976007 0.978845
0.976208 0.978752
0.976407 0.978659
0.976603 0.978565
0.976796 0.978472
0.976986 0.978378
0.977174 0.978285
0.97736 0.978191
0.977543 0.978097
0.977724 0.978003
0.977902 0.977909
0.978078 0.977815
0.978251 0.977721
0.978422 0.977627
0.978591 0.977532
0.978758 0.977438
0.978922 0.977343
0.979084 0.977248
0.979245 0.977154
0.979403 0.977059
0.979559 0.976964
0.979713 0.976869
0.979865 0.976774
0.980015 0.976679
0.980163 0.976583
0.980309 0.976488
0.980453 0.976393
0.980596 0.976297
0.980736 0.976202
0.980875 0.976106
0.981012 0.976011
0.981147 0.975915
0.981281 0.975819
0.981413 0.975723
0.981543 0.975627
0.981672 0.975531
0.981799 0.975435
0.981924 0.975339
0.982048 0.975243
0.98217 0.975147
0.982291 0.975051
0.98241 0.974954
0.982528 0.974858
0.982644 0.974762
0.982759 0.974665
0.982873 0.974569
0.982985 0.974472
0.983096 0.974375
0.983205 0.974279
0.983313 0.974182
0.98342 0.974086
0.983525 0.973989
0.98363 0.973892
0.983733 0.973795
0.983834 0.973698
0.983935 0.973601
0.984034 0.973505
0.984132 0.973408
0.984229 0.973311
0.984325 0.973214
0.984419 0.973117
0.984513 0.97302
0.984605 0.972923
0.984697 0.972825
0.984787 0.972728
0.984876 0.972631
0.984964 0.972534
0.985051 0.972437
0.985137 0.97234
0.985223 0.972243
0.985307 0.972145
0.98539 0.972048
0.985472 0.971951
0.985553 0.971854
0.985634 0.971756
0.985713 0.971659
0.985791 0.971562
0.985869 0.971465
0.985946 0.971367
0.986022 0.97127
0.986097 0.971173
0.986171 0.971075
0.986244 0.970978
0.986317 0.970881
0.986388 0.970783
0.986459 0.970686
0.986529 0.970589
0.986598 0.970492
0.986667 0.970394
0.986735 0.970297
0.986802 0.9702
0.986868 0.970102
0.986934 0.970005
0.986998 0.969908
0.987063 0.969811
0.987126 0.969713
0.987189 0.969616
0.987251 0.969519
0.987312 0.969422
0.987373 0.969325
0.987433 0.969227
0.987492 0.96913
0.987551 0.969033
0.987609 0.968936
0.987666 0.968839
0.987723 0.968742
0.98778 0.968645
0.987835 0.968548
0.98789 0.968451
0.987945 0.968354
0.987999 0.968257
0.988052 0.96816
0.988105 0.968063
0.988157 0.967966
0.988209 0.967869
0.98826 0.967773
0.98831 0.967676
0.98836 0.967579
0.98841 0.967482
0.988459 0.967386
0.988507 0.967289
0.988555 0.967192
0.988603 0.967096
0.98865 0.966999
0.988696 0.966903
0.988742 0.966806
0.988788 0.96671
0.988833 0.966613
0.988878 0.966517
0.988922 0.96642
0.988966 0.966324
0.989009 0.966228
0.989052 0.966132
0.989094 0.966035
0.989136 0.965939
0.989178 0.965843
0.989219 0.965747
0.989259 0.965651
0.9893 0.965555
0.98934 0.965459
0.989379 0.965363
0.989418 0.965267
0.989457 0.965172
0.989495 0.965076
0.989533 0.96498
0.989571 0.964885
0.989608 0.964789
0.989645 0.964693
0.989681 0.964598
0.989717 0.964502
0.989753 0.964407
0.989788 0.964312
0.989823 0.964216
0.989858 0.964121
0.989892 0.964026
0.989926 0.963931
0.98996 0.963836
0.989993 0.963741
0.990026 0.963646
0.990059 0.963551
0.990091 0.963456
0.990123 0.963361
0.990155 0.963267
0.990187 0.963172
0.990218 0.963077
0.990249 0.962983
0.990279 0.962888
0.990309 0.962794
0.990339 0.962699
0.990369 0.962605
0.990398 0.962511
0.990427 0.962417
0.990456 0.962322
0.990485 0.962228
0.990513 0.962134
0.990541 0.96204
0.990569 0.961946
0.990596 0.961853
0.990624 0.961759
0.990651 0.961665
0.990677 0.961572
0.990704 0.961478
0.99073 0.961385
0.990756 0.961291
0.990782 0.961198
0.990807 0.961104
0.990832 0.961011
0.990857 0.960918
0.990882 0.960825
0.990906 0.960732
0.990931 0.960639
0.990955 0.960546
0.990979 0.960453
0.991002 0.960361
0.991026 0.960268
0.991049 0.960175
0.991072 0.960083
0.991095 0.95999
0.991117 0.959898
0.991139 0.959806
0.991162 0.959713
0.991183 0.959621
0.991205 0.959529
0.991227 0.959437
0.991248 0.959345
0.991269 0.959253
0.99129 0.959161
0.991311 0.95907
0.991331 0.958978
0.991352 0.958887
0.991372 0.958795
0.991392 0.958704
0.991412 0.958612
0.991431 0.958521
0.991451 0.95843
0.99147 0.958339
0.991489 0.958248
0.991508 0.958157
0.991527 0.958066
0.991545 0.957975
0.991564 0.957884
0.991582 0.957794
0.9916 0.957703
0.991618 0.957613
0.991636 0.957522
0.991653 0.957432
0.991671 0.957342
0.991688 0.957251
0.991705 0.957161
0.991722 0.957071
0.991739 0.956981
0.991755 0.956891
0.991772 0.956802
0.991788 0.956712
0.991804 0.956622
0.99182 0.956533
0.991836 0.956443
0.991852 0.956354
0.991868 0.956265
0.991883 0.956176
0.991899 0.956086
0.991914 0.955997
0.991929 0.955908
0.991944 0.95582
0.991959 0.955731
0.991973 0.955642
0.991988 0.955553
0.992002 0.955465
0.992016 0.955376
0.992031 0.955288
0.992045 0.9552
0.992059 0.955112
0.992072 0.955023
0.992086 0.954935
0.992099 0.954847
0.992113 0.954759
0.992126 0.954672
0.992139 0.954584
0.992152 0.954496
0.992165 0.954409
0.992178 0.954321
0.992191 0.954234
0.992203 0.954147
0.992216 0.95406
0.992228 0.953972
0.99224 0.953885
0.992253 0.953798
0.992265 0.953712
0.992277 0.953625
0.992288 0.953538
0.9923 0.953452
0.992312 0.953365
0.992323 0.953279
0.992335 0.953192
0.992346 0.953106
0.992357 0.95302
0.992368 0.952934
0.992379 0.952848
0.99239 0.952762
0.992401 0.952676
0.992412 0.95259
0.992422 0.952505
0.992433 0.952419
0.992443 0.952334
0.992453 0.952248
0.992464 0.952163
0.992474 0.952078
0.992484 0.951993
0.992494 0.951908
0.992504 0.951823
0.992513 0.951738
0.992523 0.951653
0.992533 0.951568
0.992542 0.951484
0.992552 0.951399
0.992561 0.951315
0.99257 0.95123
0.992579 0.951146
0.992589 0.951062
0.992598 0.950978
0.992607 0.950894
0.992615 0.95081
0.992624 0.950726
0.992633 0.950642
0.992641 0.950559
0.99265 0.950475
0.992658 0.950392
0.992667 0.950308
0.992675 0.950225
0.992683 0.950142
0.992692 0.950059
0.9927 0.949976
0.992708 0.949893
0.992716 0.94981
0.992723 0.949727
0.992731 0.949644
0.992739 0.949562
0.992747 0.949479
0.992754 0.949397
0.992762 0.949315
0.992769 0.949232
0.992776 0.94915
0.992784 0.949068
0.992791 0.948986
0.992798 0.948904
0.992805 0.948823
0.992812 0.948741
0.992819 0.948659
0.992826 0.948578
0.992833 0.948496
0.99284 0.948415
0.992847 0.948334
0.992853 0.948252
0.99286 0.948171
0.992866 0.94809
0.992873 0.948009
0.992879 0.947929
0.992886 0.947848
0.992892 0.947767
0.992898 0.947687
0.992904 0.947606
0.99291 0.947526
0.992916 0.947445
0.992922 0.947365
0.992928 0.947285
0.992934 0.947205
0.99294 0.947125
0.992946 0.947045
0.992952 0.946965
0.992957 0.946886
0.992963 0.946806
0.992968 0.946727
0.992974 0.946647
0.992979 0.946568
0.992985 0.946489
0.99299 0.946409
0.992995 0.94633
0.993001 0.946251
0.993006 0.946172
0.993011 0.946094
0.993016 0.946015
0.993021 0.945936
0.993026 0.945858
0.993031 0.945779
0.993036 0.945701
0.993041 0.945622
0.993046 0.945544
0.99305 0.945466
0.993055 0.945388
0.99306 0.94531
0.993064 0.945232
0.993069 0.945154
0.993073 0.945077
0.993078 0.944999
0.993082 0.944922
0.993087 0.944844
0.993091 0.944767
0.993095 0.94469
0.993099 0.944612
0.993104 0.944535
0.993108 0.944458
0.993112 0.944381
0.993116 0.944304
0.99312 0.944228
0.993124 0.944151
0.993128 0.944074
0.993132 0.943998
0.993136 0.943922
0.99314 0.943845
0.993143 0.943769
0.993147 0.943693
0.993151 0.943617
0.993155 0.943541
0.993158 0.943465
0.993162 0.943389
0.993165 0.943313
0.993169 0.943238
0.993172 0.943162
0.993176 0.943087
0.993179 0.943011
0.993183 0.942936
0.993186 0.942861
0.993189 0.942785
0.993192 0.94271
0.993196 0.942635
0.993199 0.94256
0.993202 0.942486
0.993205 0.942411
0.993208 0.942336
0.993211 0.942262
0.993214 0.942187
0.993217 0.942113
0.99322 0.942038
0.993223 0.941964
0.993226 0.94189
0.993229 0.941816
0.993232 0.941742
0.993234 0.941668
0.993237 0.941594
0.99324 0.941521
0.993243 0.941447
0.993245 0.941373
0.993248 0.9413
0.99325 0.941226
0.993253 0.941153
0.993256 0.94108
0.993258 0.941007
0.99326 0.940934
0.993263 0.940861
0.993265 0.940788
0.993268 0.940715
0.99327 0.940642
0.993272 0.940569
0.993275 0.940497
0.993277 0.940424
0.993279 0.940352
0.993281 0.94028
0.993283 0.940207
0.993286 0.940135
0.993288 0.940063
0.99329 0.939991
0.993292 0.939919
0.993294 0.939847
0.993296 0.939775
0.993298 0.939704
0.9933 0.939632
0.993302 0.93956
0.993304 0.939489
0.993306 0.939418
0.993307 0.939346
0.993309 0.939275
0.993311 0.939204
0.993313 0.939133
0.993315 0.939062
0.993316 0.938991
0.993318 0.93892
0.99332 0.938849
0.993321 0.938779
0.993323 0.938708
0.993325 0.938637
0.993326 0.938567
0.993328 0.938497
0.993329 0.938426
0.993331 0.938356
0.993332 0.938286
0.993334 0.938216
0.993335 0.938146
0.993336 0.938076
0.993338 0.938006
0.993339 0.937936
0.993341 0.937867
0.993342 0.937797
0.993343 0.937728
0.993344 0.937658
0.993346 0.937589
0.993347 0.93752
0.993348 0.93745
0.993349 0.937381
0.99335 0.937312
0.993352 0.937243
0.993353 0.937174
0.993354 0.937105
0.993355 0.937037
0.993356 0.936968
0.993357 0.936899
0.993358 0.936831
0.993359 0.936762
0.99336 0.936694
0.993361 0.936626
0.993362 0.936557
0.993363 0.936489
0.993364 0.936421
0.993365 0.936353
0.993366 0.936285
0.993366 0.936217
0.993367 0.93615
0.993368 0.936082
0.993369 0.936014
0.99337 0.935947
0.99337 0.935879
0.993371 0.935812
0.993372 0.935745
0.993373 0.935677
0.993373 0.93561
0.993374 0.935543
0.993375 0.935476
0.993375 0.935409
0.993376 0.935342
0.993376 0.935275
0.993377 0.935208
0.993378 0.935142
0.993378 0.935075
0.993379 0.935009
0.993379 0.934942
0.99338 0.934876
0.99338 0.934809
0.993381 0.934743
0.993381 0.934677
0.993381 0.934611
0.993382 0.934545
0.993382 0.934479
0.993383 0.934413
0.993383 0.934347
0.993383 0.934281
0.993384 0.934216
0.993384 0.93415
0.993384 0.934085
0.993385 0.934019
0.993385 0.933954
0.993385 0.933888
0.993385 0.933823
0.993386 0.933758
0.993386 0.933693
0.993386 0.933628
0.993386 0.933563
0.993386 0.933498
0.993387 0.933433
0.993387 0.933368
0.993387 0.933304
0.993387 0.933239
0.993387 0.933174
0.993387 0.93311
0.993387 0.933045
0.993387 0.932981
0.993387 0.932917
0.993387 0.932853
0.993387 0.932788
0.993387 0.932724
0.993387 0.93266
0.993387 0.932596
0.993387 0.932532
0.993387 0.932469
0.993387 0.932405
0.993387 0.932341
0.993387 0.932278
0.993387 0.932214
0.993387 0.932151
0.993387 0.932087
0.993387 0.932024
0.993386 0.931961
0.993386 0.931897
0.993386 0.931834
0.993386 0.931771
0.993386 0.931708
0.993386 0.931645
0.993385 0.931582
0.993385 0.931519
0.993385 0.931457
0.993385 0.931394
0.993384 0.931331
0.993384 0.931269
0.993384 0.931206
0.993384 0.931144
0.993383 0.931082
0.993383 0.931019
0.993383 0.930957
0.993382 0.930895
0.993382 0.930833
0.993382 0.930771
0.993381 0.930709
0.993381 0.930647
0.99338 0.930585
0.99338 0.930523
0.99338 0.930462
0.993379 0.9304
0.993379 0.930338
0.993378 0.930277
0.993378 0.930215
0.993377 0.930154
0.993377 0.930093
0.993376 0.930031
0.993376 0.92997
0.993375 0.929909
0.993375 0.929848
0.993374 0.929787
0.993374 0.929726
0.993373 0.929665
0.993373 0.929604
0.993372 0.929543
0.993372 0.929483
0.993371 0.929422
0.993371 0.929362
0.99337 0.929301
0.993369 0.929241
0.993369 0.92918
0.993368 0.92912
0.993367 0.92906
0.993367 0.928999
0.993366 0.928939
0.993366 0.928879
0.993365 0.928819
0.993364 0.928759
0.993363 0.928699
0.993363 0.928639
0.993362 0.928579
0.993361 0.92852
0.993361 0.92846
0.99336 0.9284
0.993359 0.928341
0.993358 0.928281
0.993358 0.928222
0.993357 0.928163
0.993356 0.928103
0.993355 0.928044
0.993355 0.927985
0.993354 0.927926
0.993353 0.927867
0.993352 0.927808
0.993351 0.927749
0.993351 0.92769
0.99335 0.927631
0.993349 0.927572
0.993348 0.927513
0.993347 0.927455
0.993346 0.927396
0.993346 0.927337
0.993345 0.927279
0.993344 0.927221
0.993343 0.927162
0.993342 0.927104
0.993341 0.927046
0.99334 0.926987
0.993339 0.926929
0.993338 0.926871
0.993338 0.926813
0.993337 0.926755
0.993336 0.926697
0.993335 0.926639
0.993334 0.926581
0.993333 0.926524
0.993332 0.926466
0.993331 0.926408
0.99333 0.926351
0.993329 0.926293
0.993328 0.926236
0.993327 0.926178
0.993326 0.926121
0.993325 0.926064
0.993324 0.926006
0.993323 0.925949
0.993322 0.925892
0.993321 0.925835
0.99332 0.925778
0.993319 0.925721
0.993318 0.925664
0.993317 0.925607
0.993316 0.92555
0.993315 0.925493
0.993313 0.925437
0.993312 0.92538
0.993311 0.925323
0.99331 0.925267
0.993309 0.92521
0.993308 0.925154
0.993307 0.925097
0.993306 0.925041
0.993305 0.924985
0.993304 0.924929
0.993302 0.924872
0.993301 0.924816
0.9933 0.92476
0.993299 0.924704
0.993298 0.924648
0.993297 0.924592
0.993296 0.924536
0.993294 0.924481
0.993293 0.924425
0.993292 0.924369
0.993291 0.924313
0.99329 0.924258
0.993288 0.924202
0.993287 0.924147
0.993286 0.924091
0.993285 0.924036
0.993284 0.923981
0.993282 0.923925
0.993281 0.92387
0.99328 0.923815
0.993279 0.92376
0.993278 0.923705
0.993276 0.92365
0.993275 0.923595
0.993274 0.92354
0.993273 0.923485
0.993271 0.92343
0.99327 0.923375
0.993269 0.92332
0.993268 0.923266
0.993266 0.923211
0.993265 0.923156
0.993264 0.923102
0.993262 0.923047
0.993261 0.922993
0.99326 0.922938
0.993259 0.922884
0.993257 0.92283
0.993256 0.922776
0.993255 0.922721
0.993253 0.922667
0.993252 0.922613
0.993251 0.922559
0.993249 0.922505
0.993248 0.922451
0.993247 0.922397
0.993245 0.922343
0.993244 0.922289
0.993243 0.922236
0.993241 0.922182
0.99324 0.922128
0.993239 0.922075
0.993237 0.922021
0.993236 0.921967
0.993235 0.921914
0.993233 0.921861
0.993232 0.921807
0.99323 0.921754
0.993229 0.921701
0.993228 0.921647
0.993226 0.921594
0.993225 0.921541
0.993224 0.921488
0.993222 0.921435
0.993221 0.921382
0.993219 0.921329
0.993218 0.921276
0.993216 0.921223
0.993215 0.92117
0.993214 0.921117
0.993212 0.921064
0.993211 0.921012
0.993209 0.920959
0.993208 0.920907
0.993207 0.920854
0.993205 0.920801
0.993204 0.920749
0.993202 0.920697
0.993201 0.920644
0.993199 0.920592
0.993198 0.920539
0.993196 0.920487
0.993195 0.920435
0.993193 0.920383
0.993192 0.920331
0.993191 0.920279
0.993189 0.920227
0.993188 0.920175
0.993186 0.920123
0.993185 0.920071
0.993183 0.920019
0.993182 0.919967
0.99318 0.919915
0.993179 0.919864
0.993177 0.919812
0.993176 0.91976
0.993174 0.919709
0.993173 0.919657
0.993171 0.919606
0.99317 0.919554
0.993168 0.919503
0.993167 0.919451
0.993165 0.9194
0.993164 0.919349
0.993162 0.919297
0.993161 0.919246
0.993159 0.919195
0.993158 0.919144
0.993156 0.919093
0.993155 0.919042
0.993153 0.918991
0.993152 0.91894
0.99315 0.918889
0.993148 0.918838
0.993147 0.918787
0.993145 0.918736
0.993144 0.918685
0.993142 0.918635
0.993141 0.918584
0.993139 0.918533
0.993138 0.918483
0.993136 0.918432
0.993135 0.918382
0.993133 0.918331
0.993131 0.918281
0.99313 0.91823
0.993128 0.91818
0.993127 0.91813
0.993125 0.918079
0.993124 0.918029
0.993122 0.917979
0.99312 0.917929
0.993119 0.917879
0.993117 0.917829
0.993116 0.917779
0.993114 0.917729
0.993113 0.917679
0.993111 0.917629
0.993109 0.917579
0.993108 0.917529
0.993106 0.917479
0.993105 0.917429
0.993103 0.91738
0.993101 0.91733
0.9931 0.91728
0.993098 0.917231
0.993097 0.917181
0.993095 0.917132
0.993093 0.917082
0.993092 0.917033
0.99309 0.916983
0.993089 0.916934
0.993087 0.916885
0.993085 0.916835
0.993084 0.916786
0.993082 0.916737
0.99308 0.916687
0.993079 0.916638
0.993077 0.916589
0.993076 0.91654
0.993074 0.916491
0.993072 0.916442
0.993071 0.916393
0.993069 0.916344
0.993067 0.916295
0.993066 0.916246
0.993064 0.916198
0.993063 0.916149
0.993061 0.9161
0.993059 0.916051
0.993058 0.916003
0.993056 0.915954
0.993054 0.915905
0.993053 0.915857
0.993051 0.915808
0.993049 0.91576
0.993048 0.915711
0.993046 0.915663
0.993045 0.915614
0.993043 0.915566
0.993041 0.915518
0.99304 0.915469
0.993038 0.915421
0.993036 0.915373
0.993035 0.915325
0.993033 0.915277
0.993031 0.915228
0.99303 0.91518
0.993028 0.915132
0.993026 0.915084
0.993025 0.915036
0.993023 0.914988
0.993021 0.91494
0.99302 0.914892
0.993018 0.914845
0.993016 0.914797
0.993015 0.914749
0.993013 0.914701
0.993011 0.914654
0.99301 0.914606
0.993008 0.914558
0.993006 0.914511
0.993005 0.914463
0.993003 0.914416
0.993001 0.914368
0.992999 0.914321
0.992998 0.914273
0.992996 0.914226
0.992994 0.914178
0.992993 0.914131
0.992991 0.914084
0.992989 0.914036
0.992988 0.913989
0.992986 0.913942
0.992984 0.913895
0.992983 0.913848
0.992981 0.9138
0.992979 0.913753
0.992978 0.913706
0.992976 0.913659
0.992974 0.913612
0.992972 0.913565
0.992971 0.913518
0.992969 0.913471
0.992967 0.913425
0.992966 0.913378
0.992964 0.913331
0.992962 0.913284
0.992961 0.913237
0.992959 0.913191
0.992957 0.913144
0.992955 0.913097
0.992954 0.913051
0.992952 0.913004
0.99295 0.912958
0.992949 0.912911
0.992947 0.912865
0.992945 0.912818
0.992944 0.912772
0.992942 0.912725
0.99294 0.912679
0.992938 0.912633
0.992937 0.912586
0.992935 0.91254
0.992933 0.912494
0.992932 0.912448
0.99293 0.912401
0.992928 0.912355
0.992926 0.912309
0.992925 0.912263
0.992923 0.912217
0.992921 0.912171
0.99292 0.912125
0.992918 0.912079
0.992916 0.912033
0.992914 0.911987
0.992913 0.911941
0.992911 0.911895
0.992909 0.911849
0.992907 0.911803
0.992906 0.911758
0.992904 0.911712
0.992902 0.911666
0.992901 0.911621
0.992899 0.911575
0.992897 0.911529
0.992895 0.911484
0.992894 0.911438
0.992892 0.911392
0.99289 0.911347
0.992888 0.911301
0.992887 0.911256
0.992885 0.91121
0.992883 0.911165
0.992882 0.91112
0.99288 0.911074
0.992878 0.911029
0.992876 0.910984
0.992875 0.910938
0.992873 0.910893
0.992871 0.910848
0.992869 0.910803
0.992868 0.910757
0.992866 0.910712
0.992864 0.910667
0.992863 0.910622
0.992861 0.910577
0.992859 0.910532
0.992857 0.910487
0.992856 0.910442
0.992854 0.910397
0.992852 0.910352
0.99285 0.910307
0.992849 0.910262
0.992847 0.910217
0.992845 0.910173
0.992843 0.910128
0.992842 0.910083
0.99284 0.910038
0.992838 0.909994
0.992836 0.909949
0.992835 0.909904
0.992833 0.90986
0.992831 0.909815
0.992829 0.90977
0.992828 0.909726
0.992826 0.909681
0.992824 0.909637
0.992823 0.909592
0.992821 0.909548
0.992819 0.909503
0.992817 0.909459
0.992816 0.909414
0.992814 0.90937
0.992812 0.909326
0.99281 0.909281
0.992809 0.909237
0.992807 0.909193
0.992805 0.909149
0.992803 0.909104
0.992802 0.90906
0.9928 0.909016
0.992798 0.908972
0.992796 0.908928
0.992795 0.908883
0.992793 0.908839
0.992791 0.908795
0.992789 0.908751
0.992788 0.908707
0.992786 0.908663
0.992784 0.908619
0.992782 0.908575
0.992781 0.908531
0.992779 0.908488
0.992777 0.908444
0.992775 0.9084
0.992774 0.908356
0.992772 0.908312
0.99277 0.908268
0.992768 0.908225
0.992767 0.908181
0.992765 0.908137
0.992763 0.908094
0.992761 0.90805
0.99276 0.908006
0.992758 0.907963
0.992756 0.907919
0.992754 0.907875
0.992753 0.907832
0.992751 0.907788
0.992749 0.907745
0.992747 0.907701
0.992746 0.907658
0.992744 0.907614
0.992742 0.907571
0.99274 0.907528
0.992739 0.907484
0.992737 0.907441
0.992735 0.907397
0.992733 0.907354
0.992732 0.907311
0.99273 0.907268
0.992728 0.907224
0.992726 0.907181
0.992725 0.907138
0.992723 0.907095
0.992721 0.907052
0.992719 0.907008
0.992718 0.906965
0.992716 0.906922
0.992714 0.906879
0.992712 0.906836
0.992711 0.906793
0.992709 0.90675
0.992707 0.906707
0.992705 0.906664
0.992704 0.906621
0.992702 0.906578
0.9927 0.906535
0.992698 0.906492
0.992697 0.906449
0.992695 0.906406
0.992693 0.906364
0.992691 0.906321
0.99269 0.906278
0.992688 0.906235
0.992686 0.906192
0.992684 0.90615
0.992683 0.906107
0.992681 0.906064
0.992679 0.906022
0.992677 0.905979
0.992676 0.905936
0.992674 0.905894
0.992672 0.905851
0.99267 0.905808
0.992669 0.905766
0.992667 0.905723
0.992665 0.905681
0.992663 0.905638
0.992662 0.905596
0.99266 0.905553
0.992658 0.905511
0.992656 0.905468
0.992655 0.905426
0.992653 0.905384
0.992651 0.905341
0.992649 0.905299
0.992648 0.905256
0.992646 0.905214
0.992644 0.905172
0.992642 0.905129
0.992641 0.905087
0.992639 0.905045
0.992637 0.905003
0.992635 0.90496
0.992634 0.904918
0.992632 0.904876
0.99263 0.904834
0.992628 0.904792
0.992626 0.90475
0.992625 0.904707
0.992623 0.904665
0.992621 0.904623
0.992619 0.904581
0.992618 0.904539
0.992616 0.904497
0.992614 0.904455
0.992612 0.904413
0.992611 0.904371
0.992609 0.904329
0.992607 0.904287
0.992605 0.904245
0.992604 0.904203
0.992602 0.904161
0.9926 0.90412
0.992598 0.904078
0.992597 0.904036
0.992595 0.903994
0.992593 0.903952
0.992591 0.90391
0.99259 0.903869
0.992588 0.903827
0.992586 0.903785
0.992584 0.903743
0.992583 0.903702
0.992581 0.90366
0.992579 0.903618
0.992577 0.903577
0.992576 0.903535
0.992574 0.903493
0.992572 0.903452
0.99257 0.90341
0.992569 0.903368
0.992567 0.903327
0.992565 0.903285
0.992563 0.903244
0.992562 0.903202
0.99256 0.903161
0.992558 0.903119
0.992556 0.903078
0.992555 0.903036
0.992553 0.902995
0.992551 0.902953
0.992549 0.902912
0.992548 0.90287
0.992546 0.902829
0.992544 0.902788
0.992542 0.902746
0.992541 0.902705
0.992539 0.902664
0.992537 0.902622
0.992535 0.902581
0.992534 0.90254
0.992532 0.902498
0.99253 0.902457
0.992528 0.902416
0.992527 0.902375
0.992525 0.902333
0.992523 0.902292
0.992521 0.902251
0.99252 0.90221
0.992518 0.902169
0.992516 0.902127
0.992515 0.902086
0.992513 0.902045
0.992511 0.902004
0.992509 0.901963
0.992508 0.901922
0.992506 0.901881
0.992504 0.90184
0.992502 0.901798
0.992501 0.901757
0.992499 0.901716
0.992497 0.901675
0.992495 0.901634
0.992494 0.901593
0.992492 0.901552
0.99249 0.901511
0.992488 0.90147
0.992487 0.901429
0.992485 0.901389
0.992483 0.901348
0.992481 0.901307
0.99248 0.901266
0.992478 0.901225
0.992476 0.901184
0.992474 0.901143
0.992473 0.901102
0.992471 0.901062
0.992469 0.901021
0.992467 0.90098
0.992466 0.900939
0.992464 0.900898
0.992462 0.900858
0.99246 0.900817
0.992459 0.900776
0.992457 0.900735
0.992455 0.900695
0.992453 0.900654
0.992452 0.900613
0.99245 0.900572
0.992448 0.900532
0.992446 0.900491
0.992445 0.90045
0.992443 0.90041
0.992441 0.900369
0.992439 0.900328
0.992438 0.900288
0.992436 0.900247
0.992434 0.900207
0.992433 0.900166
0.992431 0.900125
0.992429 0.900085
0.992427 0.900044
0.992426 0.900004
0.992424 0.899963
0.992422 0.899923
0.99242 0.899882
0.992419 0.899842
0.992417 0.899801
0.992415 0.899761
0.992413 0.89972
0.992412 0.89968
0.99241 0.899639
0.992408 0.899599
0.992406 0.899558
0.992405 0.899518
0.992403 0.899478
0.992401 0.899437
0.992399 0.899397
0.992398 0.899356
0.992396 0.899316
0.992394 0.899276
0.992392 0.899235
0.992391 0.899195
0.992389 0.899155
0.992387 0.899114
0.992386 0.899074
0.992384 0.899034
0.992382 0.898993
0.99238 0.898953
0.992379 0.898913
0.992377 0.898872
0.992375 0.898832
0.992373 0.898792
0.992372 0.898752
0.99237 0.898711
0.992368 0.898671
0.992366 0.898631
0.992365 0.898591
0.992363 0.89855
0.992361 0.89851
0.992359 0.89847
0.992358 0.89843
0.992356 0.89839
0.992354 0.898349
0.992352 0.898309
0.992351 0.898269
0.992349 0.898229
0.992347 0.898189
0.992346 0.898149
0.992344 0.898109
0.992342 0.898068
0.99234 0.898028
0.992339 0.897988
0.992337 0.897948
0.992335 0.897908
0.992333 0.897868
0.992332 0.897828
0.99233 0.897788
0.992328 0.897748
0.992326 0.897708
0.992325 0.897668
0.992323 0.897628
0.992321 0.897588
0.992319 0.897548
0.992318 0.897508
0.992316 0.897468
0.992314 0.897428
0.992313 0.897388
0.992311 0.897348
0.992309 0.897308
0.992307 0.897268
0.992306 0.897228
0.992304 0.897188
0.992302 0.897148
0.9923 0.897108
0.992299 0.897068
0.992297 0.897028
0.992295 0.896988
0.992293 0.896948
0.992292 0.896908
0.99229 0.896868
0.992288 0.896828
0.992287 0.896788
0.992285 0.896748
0.992283 0.896709
0.992281 0.896669
0.99228 0.896629
0.992278 0.896589
0.992276 0.896549
0.992274 0.896509
0.992273 0.896469
0.992271 0.896429
0.992269 0.89639
0.992267 0.89635
0.992266 0.89631
0.992264 0.89627
0.992262 0.89623
0.99226 0.89619
0.992259 0.896151
0.992257 0.896111
0.992255 0.896071
0.992254 0.896031
0.992252 0.895991
0.99225 0.895952
0.992248 0.895912
0.992247 0.895872
0.992245 0.895832
0.992243 0.895792
0.992241 0.895753
0.99224 0.895713
0.992238 0.895673
0.992236 0.895633
0.992234 0.895594
0.992233 0.895554
0.992231 0.895514
0.992229 0.895474
0.992228 0.895435
0.992226 0.895395
0.992224 0.895355
0.992222 0.895315
0.992221 0.895276
0.992219 0.895236
0.992217 0.895196
0.992215 0.895156
0.992214 0.895117
0.992212 0.895077
0.99221 0.895037
0.992208 0.894998
0.992207 0.894958
0.992205 0.894918
0.992203 0.894878
0.992202 0.894839
0.9922 0.894799
0.992198 0.894759
0.992196 0.89472
0.992195 0.89468
0.992193 0.89464
0.992191 0.894601
0.992189 0.894561
0.992188 0.894521
0.992186 0.894482
0.992184 0.894442
0.992182 0.894402
0.992181 0.894363
0.992179 0.894323
0.992177 0.894283
0.992176 0.894244
0.992174 0.894204
0.992172 0.894164
0.99217 0.894125
0.992169 0.894085
0.992167 0.894045
0.992165 0.894006
0.992163 0.893966
0.992162 0.893927
0.99216 0.893887
0.992158 0.893847
0.992156 0.893808
0.992155 0.893768
0.992153 0.893728
0.992151 0.893689
0.992149 0.893649
0.992148 0.893609
0.992146 0.89357
0.992144 0.89353
0.992143 0.893491
0.992141 0.893451
0.992139 0.893411
0.992137 0.893372
0.992136 0.893332
0.992134 0.893292
0.992132 0.893253
0.99213 0.893213
0.992129 0.893174
0.992127 0.893134
0.992125 0.893094
0.992123 0.893055
0.992122 0.893015
0.99212 0.892975
0.992118 0.892936
0.992117 0.892896
0.992115 0.892857
0.992113 0.892817
0.992111 0.892777
0.99211 0.892738
0.992108 0.892698
0.992106 0.892659
0.992104 0.892619
0.992103 0.892579
0.992101 0.89254
0.992099 0.8925
0.992097 0.89246
0.992096 0.892421
0.992094 0.892381
0.992092 0.892342
0.99209 0.892302
0.992089 0.892262
0.992087 0.892223
0.992085 0.892183
0.992083 0.892143
0.992082 0.892104
0.99208 0.892064
0.992078 0.892025
0.992077 0.891985
0.992075 0.891945
0.992073 0.891906
0.992071 0.891866
0.99207 0.891826
0.992068 0.891787
0.992066 0.891747
0.992064 0.891708
0.992063 0.891668
0.992061 0.891628
0.992059 0.891589
0.992057 0.891549
0.992056 0.891509
0.992054 0.89147
0.992052 0.89143
0.99205 0.89139
0.992049 0.891351
0.992047 0.891311
0.992045 0.891271
0.992043 0.891232
0.992042 0.891192
0.99204 0.891152
0.992038 0.891113
0.992037 0.891073
0.992035 0.891033
0.992033 0.890994
0.992031 0.890954
0.99203 0.890914
0.992028 0.890875
0.992026 0.890835
0.992024 0.890795
0.992023 0.890756
0.992021 0.890716
0.992019 0.890676
0.992017 0.890637
0.992016 0.890597
0.992014 0.890557
0.992012 0.890517
0.99201 0.890478
0.992009 0.890438
0.992007 0.890398
0.992005 0.890359
0.992003 0.890319
0.992002 0.890279
0.992 0.890239
0.991998 0.8902
0.991996 0.89016
0.991995 0.89012
0.991993 0.89008
0.991991 0.890041
0.991989 0.890001
0.991988 0.889961
0.991986 0.889921
0.991984 0.889882
0.991982 0.889842
0.991981 0.889802
0.991979 0.889762
0.991977 0.889722
0.991975 0.889683
0.991974 0.889643
0.991972 0.889603
0.99197 0.889563
0.991968 0.889523
0.991967 0.889484
0.991965 0.889444
0.991963 0.889404
0.991961 0.889364
0.99196 0.889324
0.991958 0.889284
0.991956 0.889245
0.991954 0.889205
0.991953 0.889165
0.991951 0.889125
0.991949 0.889085
0.991947 0.889045
0.991946 0.889005
0.991944 0.888965
0.991942 0.888926
0.99194 0.888886
0.991939 0.888846
0.991937 0.888806
0.991935 0.888766
0.991933 0.888726
0.991932 0.888686
0.99193 0.888646
0.991928 0.888606
0.991926 0.888566
0.991925 0.888526
0.991923 0.888486
0.991921 0.888446
0.991919 0.888406
0.991918 0.888366
0.991916 0.888326
0.991914 0.888286
0.991912 0.888246
0.991911 0.888206
0.991909 0.888166
0.991907 0.888126
0.991905 0.888086
0.991903 0.888046
0.991902 0.888006
0.9919 0.887966
0.991898 0.887926
0.991896 0.887886
0.991895 0.887846
0.991893 0.887806
0.991891 0.887766
0.991889 0.887726
0.991888 0.887686
0.991886 0.887646
0.991884 0.887606
0.991882 0.887565
0.991881 0.887525
0.991879 0.887485
0.991877 0.887445
0.991875 0.887405
0.991874 0.887365
0.991872 0.887325
0.99187 0.887284
0.991868 0.887244
0.991866 0.887204
0.991865 0.887164
0.991863 0.887124
0.991861 0.887083
0.991859 0.887043
0.991858 0.887003
0.991856 0.886963
0.991854 0.886922
0.991852 0.886882
0.991851 0.886842
0.991849 0.886802
0.991847 0.886761
0.991845 0.886721
0.991843 0.886681
0.991842 0.88664
0.99184 0.8866
0.991838 0.88656
0.991836 0.886519
0.991835 0.886479
0.991833 0.886439
0.991831 0.886398
0.991829 0.886358
0.991827 0.886318
0.991826 0.886277
0.991824 0.886237
0.991822 0.886196
0.99182 0.886156
0.991819 0.886115
0.991817 0.886075
0.991815 0.886035
0.991813 0.885994
0.991811 0.885954
0.99181 0.885913
0.991808 0.885873
0.991806 0.885832
0.991804 0.885792
0.991803 0.885751
0.991801 0.88571
0.991799 0.88567
0.991797 0.885629
0.991795 0.885589
0.991794 0.885548
0.991792 0.885508
0.99179 0.885467
0.991788 0.885426
0.991786 0.885386
0.991785 0.885345
0.991783 0.885304
0.991781 0.885264
0.991779 0.885223
0.991778 0.885182
0.991776 0.885142
0.991774 0.885101
0.991772 0.88506
0.99177 0.885019
0.991769 0.884979
0.991767 0.884938
0.991765 0.884897
0.991763 0.884856
0.991761 0.884816
0.99176 0.884775
0.991758 0.884734
0.991756 0.884693
0.991754 0.884652
0.991752 0.884611
0.991751 0.884571
0.991749 0.88453
0.991747 0.884489
0.991745 0.884448
0.991743 0.884407
0.991742 0.884366
0.99174 0.884325
0.991738 0.884284
0.991736 0.884243
0.991734 0.884202
0.991733 0.884161
0.991731 0.88412
0.991729 0.884079
0.991727 0.884038
0.991725 0.883997
0.991724 0.883956
0.991722 0.883915
0.99172 0.883874
0.991718 0.883833
0.991716 0.883791
0.991715 0.88375
0.991713 0.883709
0.991711 0.883668
0.991709 0.883627
0.991707 0.883586
0.991706 0.883544
0.991704 0.883503
0.991702 0.883462
0.9917 0.883421
0.991698 0.883379
0.991696 0.883338
0.991695 0.883297
0.991693 0.883256
0.991691 0.883214
0.991689 0.883173
0.991687 0.883132
0.991686 0.88309
0.991684 0.883049
0.991682 0.883007
0.99168 0.882966
0.991678 0.882925
0.991676 0.882883
0.991675 0.882842
0.991673 0.8828
0.991671 0.882759
0.991669 0.882717
0.991667 0.882676
0.991666 0.882634
0.991664 0.882593
0.991662 0.882551
0.99166 0.882509
0.991658 0.882468
0.991656 0.882426
0.991655 0.882384
0.991653 0.882343
0.991651 0.882301
0.991649 0.882259
0.991647 0.882218
0.991645 0.882176
0.991644 0.882134
0.991642 0.882093
0.99164 0.882051
0.991638 0.882009
0.991636 0.881967
0.991634 0.881925
0.991633 0.881884
0.991631 0.881842
0.991629 0.8818
0.991627 0.881758
0.991625 0.881716
0.991623 0.881674
0.991622 0.881632
0.99162 0.88159
0.991618 0.881548
0.991616 0.881506
0.991614 0.881464
0.991612 0.881422
0.99161 0.88138
0.991609 0.881338
0.991607 0.881296
0.991605 0.881254
0.991603 0.881212
0.991601 0.88117
0.991599 0.881127
0.991598 0.881085
0.991596 0.881043
0.991594 0.881001
0.991592 0.880959
0.99159 0.880916
0.991588 0.880874
0.991586 0.880832
0.991585 0.880789
0.991583 0.880747
0.991581 0.880705
0.991579 0.880662
0.991577 0.88062
0.991575 0.880578
0.991573 0.880535
0.991572 0.880493
0.99157 0.88045
0.991568 0.880408
0.991566 0.880365
0.991564 0.880323
0.991562 0.88028
0.99156 0.880237
0.991558 0.880195
0.991557 0.880152
0.991555 0.88011
0.991553 0.880067
0.991551 0.880024
0.991549 0.879982
0.991547 0.879939
0.991545 0.879896
0.991544 0.879853
0.991542 0.879811
0.99154 0.879768
0.991538 0.879725
0.991536 0.879682
0.991534 0.879639
0.991532 0.879596
0.99153 0.879554
0.991528 0.879511
0.991527 0.879468
0.991525 0.879425
0.991523 0.879382
0.991521 0.879339
0.991519 0.879296
0.991517 0.879253
0.991515 0.879209
0.991513 0.879166
0.991511 0.879123
0.99151 0.87908
0.991508 0.879037
0.991506 0.878994
0.991504 0.87895
0.991502 0.878907
0.9915 0.878864
0.991498 0.878821
0.991496 0.878777
0.991494 0.878734
0.991493 0.878691
0.991491 0.878647
0.991489 0.878604
0.991487 0.87856
0.991485 0.878517
0.991483 0.878474
0.991481 0.87843
0.991479 0.878387
0.991477 0.878343
0.991475 0.878299
0.991473 0.878256
0.991472 0.878212
0.99147 0.878169
0.991468 0.878125
0.991466 0.878081
0.991464 0.878037
0.991462 0.877994
0.99146 0.87795
0.991458 0.877906
0.991456 0.877862
0.991454 0.877819
0.991452 0.877775
0.99145 0.877731
0.991449 0.877687
0.991447 0.877643
0.991445 0.877599
0.991443 0.877555
0.991441 0.877511
0.991439 0.877467
0.991437 0.877423
0.991435 0.877379
0.991433 0.877335
0.991431 0.87729
0.991429 0.877246
0.991427 0.877202
0.991425 0.877158
0.991423 0.877114
0.991422 0.877069
0.99142 0.877025
0.991418 0.876981
0.991416 0.876936
0.991414 0.876892
0.991412 0.876847
0.99141 0.876803
0.991408 0.876759
0.991406 0.876714
0.991404 0.87667
0.991402 0.876625
0.9914 0.87658
0.991398 0.876536
0.991396 0.876491
0.991394 0.876447
0.991392 0.876402
0.99139 0.876357
0.991388 0.876312
0.991386 0.876268
0.991384 0.876223
0.991383 0.876178
0.991381 0.876133
0.991379 0.876088
0.991377 0.876043
0.991375 0.875998
0.991373 0.875953
0.991371 0.875908
0.991369 0.875863
0.991367 0.875818
0.991365 0.875773
0.991363 0.875728
0.991361 0.875683
0.991359 0.875638
0.991357 0.875592
0.991355 0.875547
0.991353 0.875502
0.991351 0.875457
0.991349 0.875411
0.991347 0.875366
0.991345 0.875321
0.991343 0.875275
0.991341 0.87523
0.991339 0.875184
0.991337 0.875139
0.991335 0.875093
0.991333 0.875048
0.991331 0.875002
0.991329 0.874956
0.991327 0.874911
0.991325 0.874865
0.991323 0.874819
0.991321 0.874773
0.991319 0.874728
0.991317 0.874682
0.991315 0.874636
0.991313 0.87459
0.991311 0.874544
0.991309 0.874498
0.991307 0.874452
0.991305 0.874406
0.991303 0.87436
0.991301 0.874314
0.991299 0.874268
0.991297 0.874222
0.991295 0.874175
0.991293 0.874129
0.991291 0.874083
0.991289 0.874037
0.991287 0.87399
0.991285 0.873944
0.991283 0.873898
0.991281 0.873851
0.991279 0.873805
0.991277 0.873758
0.991275 0.873712
0.991273 0.873665
0.991271 0.873619
0.991269 0.873572
0.991267 0.873525
0.991265 0.873479
0.991263 0.873432
0.991261 0.873385
0.991258 0.873338
0.991256 0.873291
0.991254 0.873245
0.991252 0.873198
0.99125 0.873151
0.991248 0.873104
0.991246 0.873057
0.991244 0.87301
0.991242 0.872963
0.99124 0.872915
0.991238 0.872868
0.991236 0.872821
0.991234 0.872774
0.991232 0.872727
0.99123 0.872679
0.991228 0.872632
0.991226 0.872584
0.991224 0.872537
0.991221 0.87249
0.991219 0.872442
0.991217 0.872395
0.991215 0.872347
0.991213 0.872299
0.991211 0.872252
0.991209 0.872204
0.991207 0.872156
0.991205 0.872109
0.991203 0.872061
0.991201 0.872013
0.991199 0.871965
0.991197 0.871917
0.991194 0.871869
0.991192 0.871821
0.99119 0.871773
0.991188 0.871725
0.991186 0.871677
0.991184 0.871629
0.991182 0.871581
0.99118 0.871532
0.991178 0.871484
0.991176 0.871436
0.991173 0.871388
0.991171 0.871339
0.991169 0.871291
0.991167 0.871242
0.991165 0.871194
0.991163 0.871145
0.991161 0.871097
0.991159 0.871048
0.991157 0.870999
0.991154 0.870951
0.991152 0.870902
0.99115 0.870853
0.991148 0.870804
0.991146 0.870755
0.991144 0.870706
0.991142 0.870657
0.991139 0.870608
0.991137 0.870559
0.991135 0.87051
0.991133 0.870461
0.991131 0.870412
0.991129 0.870363
0.991127 0.870313
0.991125 0.870264
0.991122 0.870215
0.99112 0.870165
0.991118 0.870116
0.991116 0.870066
0.991114 0.870017
0.991112 0.869967
0.991109 0.869918
0.991107 0.869868
0.991105 0.869818
0.991103 0.869769
0.991101 0.869719
0.991099 0.869669
0.991096 0.869619
0.991094 0.869569
0.991092 0.869519
0.99109 0.869469
0.991088 0.869419
0.991086 0.869369
0.991083 0.869319
0.991081 0.869269
0.991079 0.869218
0.991077 0.869168
0.991075 0.869118
0.991072 0.869067
0.99107 0.869017
0.991068 0.868967
0.991066 0.868916
0.991064 0.868865
0.991061 0.868815
0.991059 0.868764
0.991057 0.868713
0.991055 0.868663
0.991053 0.868612
0.99105 0.868561
0.991048 0.86851
0.991046 0.868459
0.991044 0.868408
0.991042 0.868357
0.991039 0.868306
0.991037 0.868255
0.991035 0.868204
0.991033 0.868152
0.99103 0.868101
0.991028 0.86805
0.991026 0.867998
0.991024 0.867947
0.991022 0.867895
0.991019 0.867844
0.991017 0.867792
0.991015 0.867741
0.991013 0.867689
0.99101 0.867637
0.991008 0.867585
0.991006 0.867534
0.991004 0.867482
0.991001 0.86743
0.990999 0.867378
0.990997 0.867326
0.990994 0.867274
0.990992 0.867221
0.99099 0.867169
0.990988 0.867117
0.990985 0.867065
0.990983 0.867012
0.990981 0.86696
0.990979 0.866907
0.990976 0.866855
0.990974 0.866802
0.990972 0.86675
0.990969 0.866697
0.990967 0.866644
0.990965 0.866591
0.990963 0.866539
0.99096 0.866486
0.990958 0.866433
0.990956 0.86638
0.990953 0.866327
0.990951 0.866274
0.990949 0.86622
0.990946 0.866167
0.990944 0.866114
0.990942 0.86606
0.99094 0.866007
0.990937 0.865954
0.990935 0.8659
0.990933 0.865847
0.99093 0.865793
0.990928 0.865739
0.990926 0.865685
0.990923 0.865632
0.990921 0.865578
0.990919 0.865524
0.990916 0.86547
0.990914 0.865416
0.990912 0.865362
0.990909 0.865308
0.990907 0.865253
0.990905 0.865199
0.990902 0.865145
0.9909 0.86509
0.990897 0.865036
0.990895 0.864982
0.990893 0.864927
0.99089 0.864872
0.990888 0.864818
0.990886 0.864763
0.990883 0.864708
0.990881 0.864653
0.990878 0.864598
0.990876 0.864543
0.990874 0.864488
0.990871 0.864433
0.990869 0.864378
0.990867 0.864323
0.990864 0.864268
0.990862 0.864212
0.990859 0.864157
0.990857 0.864101
0.990855 0.864046
0.990852 0.86399
0.99085 0.863935
0.990847 0.863879
0.990845 0.863823
0.990842 0.863767
0.99084 0.863711
0.990838 0.863655
0.990835 0.863599
0.990833 0.863543
0.99083 0.863487
0.990828 0.863431
0.990825 0.863374
0.990823 0.863318
0.990821 0.863262
0.990818 0.863205
0.990816 0.863148
0.990813 0.863092
0.990811 0.863035
0.990808 0.862978
0.990806 0.862922
0.990803 0.862865
0.990801 0.862808
0.990798 0.862751
0.990796 0.862694
0.990794 0.862636
0.990791 0.862579
0.990789 0.862522
0.990786 0.862464
0.990784 0.862407
0.990781 0.862349
0.990779 0.862292
0.990776 0.862234
0.990774 0.862176
0.990771 0.862119
0.990769 0.862061
0.990766 0.862003
0.990764 0.861945
0.990761 0.861887
0.990759 0.861829
0.990756 0.86177
0.990754 0.861712
0.990751 0.861654
0.990749 0.861595
0.990746 0.861537
0.990743 0.861478
0.990741 0.86142
0.990738 0.861361
0.990736 0.861302
0.990733 0.861243
0.990731 0.861184
0.990728 0.861125
0.990726 0.861066
0.990723 0.861007
0.990721 0.860948
0.990718 0.860889
0.990715 0.860829
0.990713 0.86077
0.99071 0.86071
0.990708 0.860651
0.990705 0.860591
0.990703 0.860531
0.9907 0.860471
0.990697 0.860411
0.990695 0.860351
0.990692 0.860291
0.99069 0.860231
0.990687 0.860171
0.990684 0.860111
0.990682 0.86005
0.990679 0.85999
0.990677 0.859929
0.990674 0.859869
0.990671 0.859808
0.990669 0.859747
0.990666 0.859686
0.990663 0.859625
0.990661 0.859564
0.990658 0.859503
0.990656 0.859442
0.990653 0.859381
0.99065 0.859319
0.990648 0.859258
0.990645 0.859197
0.990642 0.859135
0.99064 0.859073
0.990637 0.859012
0.990634 0.85895
0.990632 0.858888
0.990629 0.858826
0.990626 0.858764
0.990624 0.858702
0.990621 0.858639
0.990618 0.858577
0.990616 0.858515
0.990613 0.858452
0.99061 0.858389
0.990607 0.858327
0.990605 0.858264
0.990602 0.858201
0.990599 0.858138
0.990597 0.858075
0.990594 0.858012
0.990591 0.857949
0.990588 0.857886
0.990586 0.857822
0.990583 0.857759
0.99058 0.857695
0.990577 0.857632
0.990575 0.857568
0.990572 0.857504
0.990569 0.85744
0.990566 0.857376
0.990564 0.857312
0.990561 0.857248
0.990558 0.857184
0.990555 0.857119
0.990553 0.857055
0.99055 0.85699
0.990547 0.856926
0.990544 0.856861
0.990541 0.856796
0.990539 0.856731
0.990536 0.856666
0.990533 0.856601
0.99053 0.856536
0.990527 0.856471
0.990525 0.856405
0.990522 0.85634
0.990519 0.856274
0.990516 0.856209
0.990513 0.856143
0.99051 0.856077
0.990508 0.856011
0.990505 0.855945
0.990502 0.855879
0.990499 0.855813
0.990496 0.855746
0.990493 0.85568
0.990491 0.855614
0.990488 0.855547
0.990485 0.85548
0.990482 0.855413
0.990479 0.855346
0.990476 0.855279
0.990473 0.855212
0.99047 0.855145
0.990467 0.855078
0.990465 0.85501
0.990462 0.854943
0.990459 0.854875
0.990456 0.854807
0.990453 0.85474
0.99045 0.854672
0.990447 0.854604
0.990444 0.854535
0.990441 0.854467
0.990438 0.854399
0.990435 0.85433
0.990432 0.854262
0.990429 0.854193
0.990426 0.854124
0.990423 0.854055
0.990421 0.853986
0.990418 0.853917
0.990415 0.853848
0.990412 0.853779
0.990409 0.853709
0.990406 0.85364
0.990403 0.85357
0.9904 0.8535
0.990397 0.853431
0.990394 0.853361
0.990391 0.853291
0.990388 0.85322
0.990385 0.85315
0.990382 0.85308
0.990379 0.853009
0.990375 0.852939
0.990372 0.852868
0.990369 0.852797
0.990366 0.852726
0.990363 0.852655
0.99036 0.852584
0.990357 0.852512
0.990354 0.852441
0.990351 0.852369
0.990348 0.852298
0.990345 0.852226
0.990342 0.852154
0.990339 0.852082
0.990336 0.85201
0.990333 0.851938
0.990329 0.851865
0.990326 0.851793
0.990323 0.85172
0.99032 0.851648
0.990317 0.851575
0.990314 0.851502
0.990311 0.851429
0.990308 0.851355
0.990304 0.851282
0.990301 0.851209
0.990298 0.851135
0.990295 0.851061
0.990292 0.850988
0.990289 0.850914
0.990285 0.85084
0.990282 0.850765
0.990279 0.850691
0.990276 0.850617
0.990273 0.850542
0.990269 0.850467
0.990266 0.850393
0.990263 0.850318
0.99026 0.850243
0.990257 0.850167
0.990253 0.850092
0.99025 0.850017
0.990247 0.849941
0.990244 0.849865
0.99024 0.84979
0.990237 0.849714
0.990234 0.849637
0.990231 0.849561
0.990227 0.849485
0.990224 0.849408
0.990221 0.849332
0.990217 0.849255
0.990214 0.849178
0.990211 0.849101
0.990208 0.849024
0.990204 0.848947
0.990201 0.848869
0.990198 0.848792
0.990194 0.848714
0.990191 0.848636
0.990188 0.848558
0.990184 0.84848
0.990181 0.848402
0.990178 0.848323
0.990174 0.848245
0.990171 0.848166
0.990167 0.848087
0.990164 0.848008
0.990161 0.847929
0.990157 0.84785
0.990154 0.84777
0.99015 0.847691
0.990147 0.847611
0.990144 0.847531
0.99014 0.847451
0.990137 0.847371
0.990133 0.847291
0.99013 0.84721
0.990126 0.84713
0.990123 0.847049
0.990119 0.846968
0.990116 0.846887
0.990113 0.846806
0.990109 0.846725
0.990106 0.846643
0.990102 0.846562
0.990099 0.84648
0.990095 0.846398
0.990092 0.846316
0.990088 0.846234
0.990085 0.846151
0.990081 0.846069
0.990077 0.845986
0.990074 0.845903
0.99007 0.84582
0.990067 0.845737
0.990063 0.845654
0.99006 0.84557
0.990056 0.845487
0.990053 0.845403
0.990049 0.845319
0.990045 0.845235
0.990042 0.845151
0.990038 0.845066
0.990034 0.844982
0.990031 0.844897
0.990027 0.844812
0.990024 0.844727
0.99002 0.844642
0.990016 0.844556
0.990013 0.844471
0.990009 0.844385
0.990005 0.844299
0.990002 0.844213
0.989998 0.844127
0.989994 0.84404
0.989991 0.843954
0.989987 0.843867
0.989983 0.84378
0.989979 0.843693
0.989976 0.843606
0.989972 0.843518
0.989968 0.843431
0.989964 0.843343
0.989961 0.843255
0.989957 0.843167
0.989953 0.843078
0.989949 0.84299
0.989946 0.842901
0.989942 0.842812
0.989938 0.842723
0.989934 0.842634
0.98993 0.842545
0.989927 0.842455
0.989923 0.842365
0.989919 0.842275
0.989915 0.842185
0.989911 0.842095
0.989907 0.842005
0.989903 0.841914
0.9899 0.841823
0.989896 0.841732
0.989892 0.841641
0.989888 0.841549
0.989884 0.841458
0.98988 0.841366
0.989876 0.841274
0.989872 0.841182
0.989868 0.841089
0.989864 0.840997
0.98986 0.840904
0.989856 0.840811
0.989852 0.840718
0.989848 0.840624
0.989844 0.840531
0.98984 0.840437
0.989836 0.840343
0.989832 0.840249
0.989828 0.840155
0.989824 0.84006
0.98982 0.839965
0.989816 0.83987
0.989812 0.839775
0.989808 0.83968
0.989804 0.839584
0.9898 0.839489
0.989796 0.839393
0.989792 0.839296
0.989788 0.8392
0.989784 0.839104
0.989779 0.839007
0.989775 0.83891
0.989771 0.838812
0.989767 0.838715
0.989763 0.838617
0.989759 0.838519
0.989754 0.838421
0.98975 0.838323
0.989746 0.838225
0.989742 0.838126
0.989738 0.838027
0.989733 0.837928
0.989729 0.837828
0.989725 0.837729
0.989721 0.837629
0.989716 0.837529
0.989712 0.837429
0.989708 0.837328
0.989704 0.837227
0.989699 0.837126
0.989695 0.837025
0.989691 0.836924
0.989686 0.836822
0.989682 0.83672
0.989678 0.836618
0.989673 0.836516
0.989669 0.836413
0.989664 0.83631
0.98966 0.836207
0.989656 0.836104
0.989651 0.836001
0.989647 0.835897
0.989642 0.835793
0.989638 0.835689
0.989634 0.835584
0.989629 0.835479
0.989625 0.835375
0.98962 0.835269
0.989616 0.835164
0.989611 0.835058
0.989607 0.834952
0.989602 0.834846
0.989598 0.83474
0.989593 0.834633
0.989589 0.834526
0.989584 0.834419
0.989579 0.834311
0.989575 0.834204
0.98957 0.834096
0.989566 0.833988
0.989561 0.833879
0.989556 0.83377
0.989552 0.833661
0.989547 0.833552
0.989542 0.833443
0.989538 0.833333
0.989533 0.833223
0.989528 0.833112
0.989524 0.833002
0.989519 0.832891
0.989514 0.83278
0.989509 0.832669
0.989505 0.832557
0.9895 0.832445
0.989495 0.832333
0.98949 0.83222
0.989486 0.832108
0.989481 0.831994
0.989476 0.831881
0.989471 0.831768
0.989466 0.831654
0.989461 0.83154
0.989457 0.831425
0.989452 0.83131
0.989447 0.831195
0.989442 0.83108
0.989437 0.830965
0.989432 0.830849
0.989427 0.830733
0.989422 0.830616
0.989417 0.830499
0.989412 0.830382
0.989407 0.830265
0.989402 0.830147
0.989397 0.830029
0.989392 0.829911
0.989387 0.829793
0.989382 0.829674
0.989377 0.829555
0.989372 0.829435
0.989367 0.829315
0.989362 0.829195
0.989357 0.829075
0.989352 0.828954
0.989346 0.828833
0.989341 0.828712
0.989336 0.82859
0.989331 0.828468
0.989326 0.828346
0.989321 0.828223
0.989315 0.8281
0.98931 0.827977
0.989305 0.827854
0.9893 0.82773
0.989294 0.827606
0.989289 0.827481
0.989284 0.827356
0.989278 0.827231
0.989273 0.827105
0.989268 0.82698
0.989262 0.826853
0.989257 0.826727
0.989252 0.8266
0.989246 0.826473
0.989241 0.826345
0.989235 0.826217
0.98923 0.826089
0.989225 0.82596
0.989219 0.825831
0.989214 0.825702
0.989208 0.825572
0.989203 0.825442
0.989197 0.825312
0.989191 0.825181
0.989186 0.82505
0.98918 0.824919
0.989175 0.824787
0.989169 0.824655
0.989163 0.824522
0.989158 0.824389
0.989152 0.824256
0.989147 0.824122
0.989141 0.823988
0.989135 0.823854
0.989129 0.823719
0.989124 0.823584
0.989118 0.823448
0.989112 0.823312
0.989106 0.823176
0.989101 0.823039
0.989095 0.822902
0.989089 0.822765
0.989083 0.822627
0.989077 0.822489
0.989071 0.82235
0.989065 0.822211
0.98906 0.822072
0.989054 0.821932
0.989048 0.821792
0.989042 0.821651
0.989036 0.82151
0.98903 0.821368
0.989024 0.821226
0.989018 0.821084
0.989012 0.820941
0.989006 0.820798
0.988999 0.820655
0.988993 0.820511
0.988987 0.820366
0.988981 0.820222
0.988975 0.820076
0.988969 0.819931
0.988963 0.819785
0.988956 0.819638
0.98895 0.819491
0.988944 0.819344
0.988938 0.819196
0.988931 0.819047
0.988925 0.818899
0.988919 0.81875
0.988912 0.8186
0.988906 0.81845
0.9889 0.818299
0.988893 0.818148
0.988887 0.817997
0.98888 0.817845
0.988874 0.817693
0.988867 0.81754
0.988861 0.817386
0.988854 0.817233
0.988848 0.817078
0.988841 0.816924
0.988835 0.816768
0.988828 0.816613
0.988822 0.816457
0.988815 0.8163
0.988808 0.816143
0.988802 0.815985
0.988795 0.815827
0.988788 0.815668
0.988781 0.815509
0.988775 0.81535
0.988768 0.815189
0.988761 0.815029
0.988754 0.814868
0.988747 0.814706
0.988741 0.814544
0.988734 0.814381
0.988727 0.814218
0.98872 0.814054
0.988713 0.81389
0.988706 0.813725
0.988699 0.81356
0.988692 0.813394
0.988685 0.813228
0.988678 0.813061
0.988671 0.812893
0.988664 0.812725
0.988656 0.812557
0.988649 0.812388
0.988642 0.812218
0.988635 0.812048
0.988628 0.811877
0.98862 0.811706
0.988613 0.811534
0.988606 0.811362
0.988598 0.811189
0.988591 0.811015
0.988584 0.810841
0.988576 0.810666
0.988569 0.810491
0.988561 0.810315
0.988554 0.810138
0.988547 0.809961
0.988539 0.809784
0.988531 0.809605
0.988524 0.809426
0.988516 0.809247
0.988509 0.809067
0.988501 0.808886
0.988493 0.808705
0.988486 0.808523
0.988478 0.80834
0.98847 0.808157
0.988462 0.807973
0.988455 0.807788
0.988447 0.807603
0.988439 0.807418
0.988431 0.807231
0.988423 0.807044
0.988415 0.806856
0.988407 0.806668
0.988399 0.806479
0.988391 0.806289
0.988383 0.806099
0.988375 0.805908
0.988367 0.805716
0.988359 0.805524
0.98835 0.805331
0.988342 0.805137
0.988334 0.804943
0.988326 0.804748
0.988318 0.804552
0.988309 0.804355
0.988301 0.804158
0.988292 0.80396
0.988284 0.803762
0.988276 0.803562
0.988267 0.803362
0.988259 0.803161
0.98825 0.80296
0.988242 0.802757
0.988233 0.802554
0.988224 0.802351
0.988216 0.802146
0.988207 0.801941
0.988198 0.801735
0.98819 0.801528
0.988181 0.801321
0.988172 0.801112
0.988163 0.800903
0.988154 0.800693
0.988145 0.800483
0.988136 0.800271
0.988127 0.800059
0.988118 0.799846
0.988109 0.799632
0.9881 0.799418
0.988091 0.799202
0.988082 0.798986
0.988073 0.798769
0.988063 0.798551
0.988054 0.798332
0.988045 0.798112
0.988036 0.797892
0.988026 0.797671
0.988017 0.797449
0.988007 0.797226
0.987998 0.797002
0.987988 0.796777
0.987979 0.796552
0.987969 0.796325
0.98796 0.796098
0.98795 0.795869
0.98794 0.79564
0.98793 0.79541
0.987921 0.795179
0.987911 0.794948
0.987901 0.794715
0.987891 0.794481
0.987881 0.794246
0.987871 0.794011
0.987861 0.793774
0.987851 0.793537
0.987841 0.793299
0.987831 0.793059
0.987821 0.792819
0.98781 0.792578
0.9878 0.792335
0.98779 0.792092
0.98778 0.791848
0.987769 0.791603
0.987759 0.791356
0.987748 0.791109
0.987738 0.790861
0.987727 0.790612
0.987717 0.790361
0.987706 0.79011
0.987695 0.789858
0.987684 0.789604
0.987674 0.78935
0.987663 0.789094
0.987652 0.788837
0.987641 0.78858
0.98763 0.788321
0.987619 0.788061
0.987608 0.7878
0.987597 0.787538
0.987586 0.787275
0.987574 0.787011
0.987563 0.786745
0.987552 0.786479
0.987541 0.786211
0.987529 0.785942
0.987518 0.785672
0.987506 0.785401
0.987495 0.785129
0.987483 0.784855
0.987471 0.78458
0.98746 0.784305
0.987448 0.784027
0.987436 0.783749
0.987424 0.78347
0.987412 0.783189
0.9874 0.782907
0.987388 0.782624
0.987376 0.782339
0.987364 0.782053
0.987352 0.781766
0.98734 0.781478
0.987327 0.781189
0.987315 0.780898
0.987303 0.780605
0.98729 0.780312
0.987278 0.780017
0.987265 0.779721
0.987252 0.779423
0.98724 0.779125
0.987227 0.778824
0.987214 0.778523
0.987201 0.77822
0.987188 0.777916
0.987175 0.77761
0.987162 0.777303
0.987149 0.776994
0.987136 0.776684
0.987123 0.776373
0.987109 0.77606
0.987096 0.775745
0.987083 0.77543
0.987069 0.775112
0.987056 0.774794
0.987042 0.774473
0.987028 0.774151
0.987015 0.773828
0.987001 0.773503
0.986987 0.773177
0.986973 0.772849
0.986959 0.772519
0.986945 0.772188
0.986931 0.771856
0.986916 0.771521
0.986902 0.771185
0.986888 0.770848
0.986873 0.770509
0.986859 0.770168
0.986844 0.769825
0.986829 0.769481
0.986815 0.769136
0.9868 0.768788
0.986785 0.768439
0.98677 0.768088
0.986755 0.767735
0.98674 0.767381
0.986725 0.767024
0.986709 0.766666
0.986694 0.766307
0.986678 0.765945
0.986663 0.765582
0.986647 0.765216
0.986632 0.764849
0.986616 0.76448
0.9866 0.76411
0.986584 0.763737
0.986568 0.763362
0.986552 0.762986
0.986536 0.762607
0.98652 0.762227
0.986503 0.761845
0.986487 0.76146
0.98647 0.761074
0.986454 0.760686
0.986437 0.760296
0.98642 0.759903
0.986403 0.759509
0.986386 0.759112
0.986369 0.758714
0.986352 0.758313
0.986335 0.75791
0.986318 0.757505
0.9863 0.757098
0.986283 0.756689
0.986265 0.756278
0.986247 0.755864
0.986229 0.755448
0.986211 0.75503
0.986193 0.75461
0.986175 0.754187
0.986157 0.753762
0.986139 0.753335
0.98612 0.752906
0.986102 0.752474
0.986083 0.75204
0.986064 0.751603
0.986045 0.751164
0.986026 0.750723
0.986007 0.750279
0.985988 0.749832
0.985969 0.749384
0.985949 0.748932
0.98593 0.748478
0.98591 0.748022
0.98589 0.747563
0.98587 0.747102
0.98585 0.746637
0.98583 0.746171
0.98581 0.745701
0.98579 0.745229
0.985769 0.744754
0.985749 0.744277
0.985728 0.743797
0.985707 0.743313
0.985686 0.742828
0.985665 0.742339
0.985644 0.741848
0.985622 0.741353
0.985601 0.740856
0.985579 0.740356
0.985557 0.739853
0.985536 0.739347
0.985513 0.738838
0.985491 0.738326
0.985469 0.737811
0.985447 0.737293
0.985424 0.736772
0.985401 0.736248
0.985378 0.73572
0.985355 0.73519
0.985332 0.734656
0.985309 0.734119
0.985285 0.733579
0.985262 0.733035
0.985238 0.732489
0.985214 0.731938
0.98519 0.731385
0.985166 0.730828
0.985141 0.730268
0.985117 0.729704
0.985092 0.729137
0.985067 0.728566
0.985042 0.727992
0.985017 0.727414
0.984991 0.726832
0.984966 0.726247
0.98494 0.725659
0.984914 0.725066
0.984888 0.72447
0.984862 0.72387
0.984835 0.723266
0.984809 0.722658
0.984782 0.722047
0.984755 0.721431
0.984728 0.720812
0.9847 0.720189
0.984673 0.719561
0.984645 0.71893
0.984617 0.718294
0.984589 0.717655
0.984561 0.717011
0.984532 0.716363
0.984503 0.715711
0.984474 0.715054
0.984445 0.714393
0.984416 0.713728
0.984386 0.713059
0.984356 0.712384
0.984326 0.711706
0.984296 0.711023
0.984266 0.710335
0.984235 0.709643
0.984204 0.708946
0.984173 0.708245
0.984142 0.707538
0.98411 0.706827
0.984078 0.706111
0.984046 0.70539
0.984014 0.704665
0.983982 0.703934
0.983949 0.703198
0.983916 0.702457
0.983882 0.701712
0.983849 0.700961
0.983815 0.700204
0.983781 0.699443
0.983747 0.698676
0.983712 0.697904
0.983677 0.697126
0.983642 0.696343
0.983607 0.695555
0.983571 0.694761
0.983535 0.693961
0.983499 0.693156
0.983462 0.692344
0.983426 0.691527
0.983389 0.690705
0.983351 0.689876
0.983313 0.689042
0.983275 0.688201
0.983237 0.687354
0.983198 0.686501
0.983159 0.685643
0.98312 0.684777
0.983081 0.683906
0.983041 0.683028
0.983 0.682144
0.98296 0.681253
0.982919 0.680355
0.982878 0.679451
0.982836 0.678541
0.982794 0.677623
0.982752 0.676699
0.982709 0.675768
0.982666 0.67483
0.982623 0.673885
0.982579 0.672933
0.982535 0.671973
0.98249 0.671007
0.982445 0.670033
0.9824 0.669052
0.982354 0.668063
0.982308 0.667067
0.982261 0.666063
0.982214 0.665052
0.982167 0.664032
0.982119 0.663005
0.982071 0.661971
0.982022 0.660928
0.981973 0.659877
0.981924 0.658818
0.981874 0.65775
0.981823 0.656675
0.981772 0.655591
0.981721 0.654499
0.981669 0.653398
0.981617 0.652288
0.981564 0.65117
0.981511 0.650043
0.981457 0.648907
0.981403 0.647762
0.981348 0.646608
0.981292 0.645445
0.981236 0.644273
0.98118 0.643091
0.981123 0.6419
0.981065 0.6407
0.981007 0.63949
0.980949 0.63827
0.98089 0.63704
0.98083 0.635801
0.980769 0.634551
0.980708 0.633292
0.980647 0.632022
0.980585 0.630742
0.980522 0.629452
0.980458 0.628151
0.980394 0.62684
0.98033 0.625518
0.980264 0.624185
0.980198 0.622841
0.980131 0.621487
0.980064 0.620121
0.979996 0.618744
0.979927 0.617356
0.979857 0.615956
0.979787 0.614545
0.979716 0.613123
0.979644 0.611689
0.979572 0.610242
0.979499 0.608784
0.979425 0.607314
0.97935 0.605832
0.979274 0.604338
0.979198 0.602831
0.97912 0.601312
0.979042 0.59978
0.978963 0.598235
0.978884 0.596678
0.978803 0.595108
0.978721 0.593525
0.978639 0.591928
0.978555 0.590319
0.978471 0.588696
0.978386 0.587059
0.978299 0.585409
0.978212 0.583745
0.978124 0.582068
0.978035 0.580377
0.977945 0.578671
0.977853 0.576952
0.977761 0.575218
0.977668 0.57347
0.977573 0.571707
0.977478 0.56993
0.977381 0.568138
0.977283 0.566331
0.977184 0.56451
0.977084 0.562673
0.976983 0.560821
0.976881 0.558954
0.976777 0.557072
0.976672 0.555175
0.976566 0.553261
0.976458 0.551333
0.976349 0.549388
0.976239 0.547428
0.976128 0.545452
0.976015 0.543459
0.975901 0.541451
0.975785 0.539427
0.975668 0.537386
0.97555 0.535329
0.97543 0.533255
0.975308 0.531165
0.975185 0.529058
0.975061 0.526935
0.974935 0.524795
0.974807 0.522638
0.974677 0.520464
0.974547 0.518273
0.974414 0.516066
0.974279 0.513841
0.974143 0.511599
0.974006 0.50934
0.973866 0.507064
0.973724 0.50477
0.973581 0.50246
0.973436 0.500132
0.973289 0.497786
0.97314 0.495424
0.972989 0.493044
0.972836 0.490646
0.972681 0.488232
0.972524 0.485799
0.972364 0.48335
0.972203 0.480883
0.972039 0.478399
0.971874 0.475898
0.971706 0.473379
0.971536 0.470843
0.971363 0.46829
0.971188 0.46572
0.971011 0.463133
0.970831 0.460529
0.970649 0.457907
0.970464 0.45527
0.970277 0.452615
0.970087 0.449944
0.969894 0.447256
0.969699 0.444552
0.969501 0.441832
0.9693 0.439095
0.969097 0.436343
0.96889 0.433575
0.968681 0.430791
0.968469 0.427992
0.968254 0.425178
0.968035 0.422348
0.967814 0.419504
0.967589 0.416645
0.967361 0.413772
0.96713 0.410885
0.966896 0.407984
0.966658 0.405069
0.966417 0.402141
0.966173 0.3992
0.965925 0.396246
0.965673 0.39328
0.965418 0.390302
0.965159 0.387312
0.964896 0.38431
0.96463 0.381298
0.964359 0.378275
0.964085 0.375241
0.963807 0.372198
0.963524 0.369145
0.963238 0.366083
0.962947 0.363013
0.962652 0.359934
0.962353 0.356848
0.96205 0.353754
0.961742 0.350654
0.961429 0.347547
0.961112 0.344434
0.960791 0.341316
0.960464 0.338194
0.960133 0.335066
0.959798 0.331936
0.959457 0.328802
0.959111 0.325665
0.95876 0.322526
0.958404 0.319386
0.958043 0.316245
0.957677 0.313103
0.957305 0.309961
0.956928 0.306821
0.956545 0.303681
0.956157 0.300544
0.955763 0.297409
0.955364 0.294277
0.954958 0.29115
0.954547 0.288026
0.95413 0.284908
0.953707 0.281795
0.953277 0.278689
0.952842 0.275589
0.9524 0.272497
0.951952 0.269413
0.951498 0.266338
0.951037 0.263272
0.95057 0.260217
0.950095 0.257171
0.949615 0.254137
0.949127 0.251115
0.948632 0.248105
0.948131 0.245108
0.947622 0.242125
0.947107 0.239156
0.946584 0.236201
0.946053 0.233262
0.945516 0.230338
0.944971 0.227431
0.944418 0.224541
0.943858 0.221668
0.94329 0.218813
0.942714 0.215976
0.942131 0.213158
0.941539 0.21036
0.940939 0.207581
0.940332 0.204823
0.939716 0.202085
0.939092 0.199368
0.938459 0.196673
0.937818 0.194
0.937169 0.191349
0.936511 0.18872
0.935844 0.186115
0.935168 0.183533
0.934484 0.180974
0.933791 0.178439
0.933088 0.175928
0.932377 0.173442
0.931657 0.170981
0.930927 0.168544
0.930188 0.166133
0.929439 0.163746
0.928681 0.161386
0.927914 0.159051
0.927137 0.156741
0.92635 0.154458
0.925553 0.152201
0.924747 0.14997
0.923931 0.147765
0.923104 0.145586
0.922268 0.143434
0.921421 0.141308
0.920564 0.139209
0.919697 0.137136
0.91882 0.13509
0.917932 0.13307
0.917033 0.131076
0.916124 0.129109
0.915204 0.127168
0.914274 0.125254
0.913332 0.123365
0.91238 0.121503
0.911417 0.119667
0.910442 0.117856
0.909457 0.116072
0.90846 0.114313
0.907452 0.112579
0.906433 0.110871
0.905403 0.109188
0.904361 0.10753
0.903307 0.105897
0.902242 0.104289
0.901165 0.102705
0.900076 0.101145
0.898976 0.0996098
0.897863 0.0980981
0.896739 0.0966102
0.895602 0.0951457
0.894454 0.0937045
0.893293 0.0922862
0.89212 0.0908907
0.890935 0.0895178
0.889737 0.0881671
0.888527 0.0868385
0.887305 0.0855317
0.88607 0.0842465
0.884822 0.0829825
0.883561 0.0817396
0.882288 0.0805175
0.881001 0.0793159
0.879702 0.0781346
0.87839 0.0769733
0.877064 0.0758318
0.875726 0.0747098
0.874374 0.0736069
0.873009 0.0725231
0.87163 0.071458
0.870238 0.0704113
0.868833 0.0693827
0.867414 0.0683722
0.865981 0.0673792
0.864535 0.0664037
0.863074 0.0654453
0.8616 0.0645038
0.860112 0.063579
0.85861 0.0626705
0.857094 0.0617782
0.855563 0.0609017
0.854019 0.0600408
0.85246 0.0591954
0.850886 0.058365
0.849298 0.0575496
0.847696 0.0567488
0.846079 0.0559625
0.844447 0.0551903
0.842801 0.054432
0.841139 0.0536875
0.839463 0.0529565
0.837771 0.0522387
0.836065 0.051534
0.834343 0.050842
0.832606 0.0501627
0.830854 0.0494958
0.829086 0.0488411
0.827303 0.0481983
0.825505 0.0475672
0.82369 0.0469478
0.82186 0.0463396
0.820014 0.0457427
0.818153 0.0451567
0.816275 0.0445815
0.814381 0.0440168
0.812471 0.0434626
0.810545 0.0429185
0.808602 0.0423845
0.806644 0.0418604
0.804668 0.0413459
0.802677 0.0408409
0.800668 0.0403453
0.798643 0.0398588
0.796601 0.0393814
0.794542 0.0389128
0.792466 0.0384529
0.790374 0.0380015
0.788264 0.0375585
0.786137 0.0371237
0.783992 0.0366971
0.78183 0.0362783
0.779651 0.0358674
0.777454 0.0354641
0.77524 0.0350683
0.773008 0.03468
0.770758 0.0342988
0.768491 0.0339249
0.766205 0.0335579
0.763901 0.0331977
0.76158 0.0328444
0.75924 0.0324976
0.756882 0.0321574
0.754506 0.0318236
0.752111 0.0314961
0.749698 0.0311747
0.747266 0.0308594
0.744816 0.0305501
0.742347 0.0302466
0.739859 0.0299489
0.737353 0.0296568
0.734827 0.0293703
0.732283 0.0290892
0.72972 0.0288136
0.727138 0.0285431
0.724536 0.0282779
0.721916 0.0280177
0.719276 0.0277626
0.716617 0.0275124
0.713938 0.027267
0.711241 0.0270263
0.708524 0.0267904
0.705787 0.026559
0.703031 0.0263321
0.700255 0.0261097
0.69746 0.0258917
0.694645 0.025678
0.691811 0.0254684
0.688957 0.0252631
0.686083 0.0250618
0.683189 0.0248646
0.680276 0.0246713
0.677344 0.024482
0.674391 0.0242964
0.671419 0.0241147
0.668427 0.0239366
0.665415 0.0237623
0.662384 0.0235915
0.659333 0.0234243
0.656262 0.0232605
0.653172 0.0231002
0.650062 0.0229433
0.646932 0.0227898
0.643784 0.0226395
0.640615 0.0224924
0.637428 0.0223486
0.63422 0.0222079
0.630994 0.0220703
0.627749 0.0219358
0.624484 0.0218043
0.621201 0.0216757
0.617898 0.0215501
0.614577 0.0214274
0.611237 0.0213075
0.607878 0.0211905
0.604501 0.0210762
0.601106 0.0209647
0.597693 0.0208559
0.594261 0.0207497
0.590812 0.0206462
0.587345 0.0205453
0.583861 0.020447
0.580359 0.0203512
0.57684 0.0202579
0.573305 0.0201671
0.569752 0.0200787
0.566184 0.0199928
0.562599 0.0199092
0.558998 0.0198281
0.555381 0.0197493
0.551749 0.0196727
0.548102 0.0195985
0.54444 0.0195266
0.540763 0.0194568
0.537072 0.0193893
0.533367 0.019324
0.529649 0.0192609
0.525917 0.0191999
0.522172 0.0191411
0.518415 0.0190844
0.514646 0.0190297
0.510865 0.0189771
0.507072 0.0189266
0.503268 0.0188781
0.499454 0.0188317
0.49563 0.0187872
0.491796 0.0187447
0.487953 0.0187042
0.484101 0.0186656
0.48024 0.0186289
0.476372 0.0185942
0.472497 0.0185614
0.468614 0.0185305
0.464725 0.0185014
0.460831 0.0184742
0.456931 0.0184489
0.453026 0.0184253
0.449118 0.0184036
0.445205 0.0183838
0.44129 0.0183657
0.437372 0.0183494
0.433452 0.0183348
0.429531 0.0183221
0.425609 0.0183111
0.421687 0.0183018
0.417765 0.0182943
0.413844 0.0182885
0.409926 0.0182844
0.406009 0.018282
0.402096 0.0182813
0.398186 0.0182822
0.39428 0.0182849
0.390379 0.0182892
0.386484 0.0182952
0.382595 0.0183029
0.378713 0.0183121
0.374838 0.0183231
0.370971 0.0183356
0.367113 0.0183498
0.363264 0.0183655
0.359426 0.0183829
0.355598 0.0184019
0.351782 0.0184225
0.347977 0.0184446
0.344185 0.0184684
0.340407 0.0184937
0.336642 0.0185206
0.332892 0.018549
0.329157 0.018579
0.325437 0.0186105
0.321734 0.0186436
0.318048 0.0186782
0.314379 0.0187144
0.310729 0.018752
0.307097 0.0187912
0.303484 0.0188319
0.299891 0.0188741
0.296319 0.0189179
0.292767 0.0189631
0.289237 0.0190098
0.285728 0.0190579
0.282242 0.0191076
0.278779 0.0191588
0.275339 0.0192114
0.271922 0.0192654
0.26853 0.019321
0.265163 0.019378
0.261821 0.0194364
0.258504 0.0194963
0.255213 0.0195576
0.251948 0.0196204
0.24871 0.0196846
0.245498 0.0197502
0.242314 0.0198173
0.239158 0.0198857
0.236029 0.0199556
0.232928 0.0200268
0.229856 0.0200995
0.226812 0.0201736
0.223797 0.020249
0.220811 0.0203258
0.217854 0.020404
0.214927 0.0204836
0.212029 0.0205646
0.209161 0.0206469
0.206323 0.0207306
0.203515 0.0208156
0.200737 0.020902
0.197989 0.0209897
0.195271 0.0210788
0.192584 0.0211692
0.189927 0.0212609
0.1873 0.021354
0.184704 0.0214483
0.182138 0.021544
0.179602 0.021641
0.177097 0.0217393
0.174622 0.0218389
0.172177 0.0219398
0.169763 0.0220419
0.167378 0.0221454
0.165024 0.0222501
0.162699 0.0223561
0.160405 0.0224634
0.15814 0.0225719
0.155905 0.0226817
0.153699 0.0227927
0.151522 0.022905
0.149375 0.0230185
0.147256 0.0231333
0.145166 0.0232493
0.143105 0.0233665
0.141073 0.0234849
0.139068 0.0236045
0.137092 0.0237254
0.135143 0.0238474
0.133222 0.0239707
0.131328 0.0240951
0.129462 0.0242207
0.127622 0.0243475
0.125809 0.0244755
0.124023 0.0246047
0.122262 0.024735
0.120528 0.0248665
0.118819 0.0249991
0.117135 0.0251329
0.115477 0.0252679
0.113844 0.0254039
0.112235 0.0255411
0.11065 0.0256795
0.10909 0.025819
0.107553 0.0259595
0.10604 0.0261012
0.10455 0.026244
0.103083 0.026388
0.101638 0.026533
0.100216 0.0266791
0.0988166 0.0268263
0.0974386 0.0269746
0.0960821 0.0271239
0.0947469 0.0272744
0.0934327 0.0274259
0.0921391 0.0275785
0.090866 0.0277321
0.0896131 0.0278868
0.08838 0.0280425
0.0871665 0.0281993
0.0859724 0.0283571
0.0847972 0.028516
0.0836409 0.0286759
0.0825031 0.0288368
0.0813834 0.0289988
0.0802818 0.0291617
0.0791979 0.0293257
0.0781314 0.0294907
0.077082 0.0296567
0.0760496 0.0298237
0.0750339 0.0299917
0.0740346 0.0301606
0.0730514 0.0303306
0.0720841 0.0305015
0.0711325 0.0306735
0.0701963 0.0308464
0.0692752 0.0310202
0.0683691 0.0311951
0.0674777 0.0313708
0.0666008 0.0315476
0.065738 0.0317253
0.0648893 0.0319039
0.0640544 0.0320835
0.063233 0.0322641
0.0624249 0.0324456
0.0616299 0.032628
0.0608479 0.0328113
0.0600785 0.0329956
0.0593216 0.0331807
0.058577 0.0333668
0.0578444 0.0335538
0.0571237 0.0337418
0.0564147 0.0339306
0.0557171 0.0341203
0.0550308 0.034311
0.0543556 0.0345025
0.0536913 0.0346949
0.0530378 0.0348882
0.0523947 0.0350824
0.051762 0.0352775
0.0511395 0.0354734
0.0505271 0.0356703
0.0499244 0.035868
0.0493314 0.0360665
0.048748 0.036266
0.0481738 0.0364663
0.0476089 0.0366674
0.047053 0.0368694
0.046506 0.0370723
0.0459676 0.037276
0.0454379 0.0374806
0.0449166 0.037686
0.0444035 0.0378922
0.0438986 0.0380993
0.0434017 0.0383072
0.0429126 0.038516
0.0424313 0.0387256
0.0419575 0.038936
0.0414912 0.0391472
0.0410323 0.0393593
0.0405805 0.0395721
0.0401358 0.0397858
0.0396981 0.0400003
0.0392672 0.0402157
0.0388431 0.0404318
0.0384255 0.0406487
0.0380144 0.0408665
0.0376097 0.041085
0.0372113 0.0413043
0.036819 0.0415245
0.0364328 0.0417454
0.0360525 0.0419671
0.0356781 0.0421897
0.0353094 0.042413
0.0349464 0.0426371
0.0345889 0.0428619
0.0342369 0.0430876
0.0338902 0.043314
0.0335489 0.0435413
0.0332127 0.0437693
0.0328815 0.0439981
0.0325554 0.0442276
0.0322342 0.0444579
0.0319179 0.044689
0.0316063 0.0449209
0.0312993 0.0451535
0.030997 0.0453869
0.0306992 0.0456211
0.0304058 0.045856
0.0301168 0.0460917
0.029832 0.0463281
0.0295515 0.0465653
0.0292752 0.0468033
0.0290029 0.047042
0.0287346 0.0472814
0.0284702 0.0475217
0.0282098 0.0477626
0.0279531 0.0480043
0.0277002 0.0482468
0.027451 0.04849
0.0272054 0.048734
0.0269633 0.0489787
0.0267248 0.0492242
0.0264897 0.0494704
0.0262579 0.0497173
0.0260296 0.049965
0.0258045 0.0502134
0.0255826 0.0504626
0.0253639 0.0507125
0.0251483 0.0509632
0.0249357 0.0512146
0.0247262 0.0514667
0.0245197 0.0517196
0.0243161 0.0519732
0.0241153 0.0522275
0.0239174 0.0524826
0.0237222 0.0527384
0.0235298 0.0529949
0.0233401 0.0532522
0.023153 0.0535102
0.0229685 0.053769
0.0227866 0.0540285
0.0226072 0.0542887
0.0224303 0.0545497
0.0222558 0.0548113
0.0220837 0.0550738
0.021914 0.0553369
0.0217467 0.0556008
0.0215816 0.0558654
0.0214187 0.0561308
0.0212581 0.0563969
0.0210997 0.0566637
0.0209434 0.0569313
0.0207892 0.0571996
0.0206371 0.0574686
0.0204871 0.0577383
0.0203391 0.0580088
0.0201931 0.0582801
0.020049 0.058552
0.0199068 0.0588248
0.0197666 0.0590982
0.0196282 0.0593724
0.0194917 0.0596473
0.0193569 0.059923
0.019224 0.0601994
0.0190928 0.0604765
0.0189633 0.0607544
0.0188356 0.061033
0.0187095 0.0613124
0.0185851 0.0615925
0.0184623 0.0618733
0.0183411 0.0621549
0.0182215 0.0624373
0.0181034 0.0627204
0.0179869 0.0630042
0.0178718 0.0632888
0.0177583 0.0635741
0.0176462 0.0638602
0.0175356 0.0641471
0.0174264 0.0644347
0.0173186 0.064723
0.0172122 0.0650121
0.0171072 0.065302
0.0170034 0.0655926
0.0169011 0.065884
0.0168 0.0661762
0.0167002 0.0664691
0.0166016 0.0667628
0.0165043 0.0670573
0.0164083 0.0673525
0.0163134 0.0676485
0.0162198 0.0679452
0.0161273 0.0682428
0.016036 0.0685411
0.0159458 0.0688402
0.0158568 0.0691401
0.0157689 0.0694408
0.0156821 0.0697422
0.0155963 0.0700444
0.0155116 0.0703475
0.015428 0.0706513
0.0153454 0.0709559
0.0152639 0.0712613
0.0151833 0.0715675
0.0151038 0.0718745
0.0150252 0.0721823
0.0149476 0.0724909
0.0148709 0.0728004
0.0147952 0.0731106
0.0147205 0.0734216
0.0146466 0.0737335
0.0145737 0.0740462
0.0145016 0.0743597
0.0144304 0.074674
0.0143601 0.0749891
0.0142907 0.0753051
0.0142221 0.0756219
0.0141543 0.0759396
0.0140873 0.0762581
0.0140212 0.0765774
0.0139559 0.0768976
0.0138914 0.0772186
0.0138276 0.0775404
0.0137646 0.0778632
0.0137024 0.0781867
0.0136409 0.0785112
0.0135802 0.0788365
0.0135202 0.0791627
0.013461 0.0794897
0.0134024 0.0798176
0.0133446 0.0801464
0.0132874 0.0804761
0.013231 0.0808067
0.0131752 0.0811381
0.0131201 0.0814705
0.0130657 0.0818037
0.0130119 0.0821379
0.0129587 0.0824729
0.0129062 0.0828089
0.0128543 0.0831458
0.0128031 0.0834836
0.0127525 0.0838223
0.0127024 0.084162
0.012653 0.0845025
0.0126042 0.084844
0.0125559 0.0851865
0.0125083 0.0855299
0.0124612 0.0858742
0.0124147 0.0862195
0.0123687 0.0865658
0.0123233 0.086913
0.0122784 0.0872612
0.0122341 0.0876103
0.0121903 0.0879604
0.012147 0.0883116
0.0121043 0.0886637
0.012062 0.0890167
0.0120203 0.0893708
0.0119791 0.0897259
0.0119384 0.090082
0.0118981 0.0904391
0.0118584 0.0907973
0.0118191 0.0911564
0.0117803 0.0915166
0.011742 0.0918778
0.0117042 0.0922401
0.0116668 0.0926034
0.0116298 0.0929677
0.0115934 0.0933332
0.0115573 0.0936996
0.0115217 0.0940672
0.0114865 0.0944358
0.0114518 0.0948055
0.0114175 0.0951763
0.0113836 0.0955482
0.0113501 0.0959212
0.0113171 0.0962953
0.0112844 0.0966705
0.0112522 0.0970469
0.0112203 0.0974243
0.0111889 0.0978029
0.0111578 0.0981827
0.0111272 0.0985635
0.0110969 0.0989456
0.011067 0.0993288
0.0110375 0.0997132
0.0110083 0.100099
0.0109795 0.100485
0.0109511 0.100873
0.010923 0.101262
0.0108953 0.101653
0.010868 0.102044
0.010841 0.102437
0.0108143 0.102831
0.010788 0.103226
0.010762 0.103623
0.0107364 0.10402
0.0107111 0.104419
0.0106861 0.10482
0.0106615 0.105221
0.0106372 0.105624
0.0106132 0.106028
0.0105895 0.106434
0.0105662 0.10684
0.0105431 0.107248
0.0105204 0.107658
0.010498 0.108068
0.0104759 0.10848
0.010454 0.108894
0.0104325 0.109309
0.0104113 0.109725
0.0103904 0.110142
0.0103697 0.110561
0.0103494 0.110982
0.0103293 0.111403
0.0103095 0.111826
0.0102901 0.112251
0.0102708 0.112677
0.0102519 0.113105
0.0102332 0.113534
0.0102149 0.113964
0.0101967 0.114396
0.0101789 0.114829
0.0101613 0.115264
0.010144 0.115701
0.0101269 0.116139
0.0101101 0.116578
0.0100936 0.117019
0.0100773 0.117462
0.0100613 0.117906
0.0100455 0.118352
0.01003 0.118799
0.0100147 0.119248
0.00999965 0.119698
0.00998486 0.120151
0.00997032 0.120604
0.00995602 0.12106
0.00994195 0.121517
0.00992813 0.121976
0.00991454 0.122436
0.00990119 0.122899
0.00988806 0.123363
0.00987518 0.123828
0.00986252 0.124296
0.00985009 0.124765
0.00983788 0.125236
0.00982591 0.125709
0.00981415 0.126183
0.00980262 0.12666
0.00979131 0.127138
0.00978022 0.127618
0.00976935 0.1281
0.0097587 0.128583
0.00974826 0.129069
0.00973804 0.129557
0.00972804 0.130046
0.00971824 0.130537
0.00970866 0.131031
0.00969928 0.131526
0.00969012 0.132023
0.00968116 0.132523
0.00967241 0.133024
0.00966387 0.133527
0.00965553 0.134032
0.0096474 0.13454
0.00963947 0.135049
0.00963174 0.135561
0.00962421 0.136075
0.00961688 0.13659
0.00960975 0.137108
0.00960282 0.137628
0.00959608 0.138151
0.00958954 0.138675
0.0095832 0.139202
0.00957705 0.139731
0.0095711 0.140262
0.00956534 0.140795
0.00955977 0.141331
0.00955439 0.141869
0.00954921 0.14241
0.00954421 0.142952
0.00953941 0.143498
0.00953479 0.144045
0.00953036 0.144595
0.00952613 0.145147
0.00952207 0.145702
0.00951821 0.146259
0.00951453 0.146819
0.00951103 0.147382
0.00950773 0.147946
0.0095046 0.148514
0.00950166 0.149084
0.00949891 0.149656
0.00949633 0.150232
0.00949395 0.150809
0.00949174 0.15139
0.00948971 0.151973
0.00948787 0.152559
0.00948621 0.153148
0.00948473 0.153739
0.00948343 0.154334
0.00948231 0.154931
0.00948137 0.155531
0.00948061 0.156134
0.00948003 0.156739
0.00947963 0.157348
0.00947942 0.15796
0.00947937 0.158574
0.00947951 0.159192
0.00947983 0.159813
0.00948033 0.160436
0.009481 0.161063
0.00948186 0.161693
0.00948289 0.162326
0.0094841 0.162962
0.00948549 0.163602
0.00948706 0.164244
0.00948881 0.16489
0.00949074 0.16554
0.00949284 0.166192
0.00949512 0.166848
0.00949759 0.167507
0.00950023 0.16817
0.00950305 0.168836
0.00950605 0.169506
0.00950923 0.170179
0.00951259 0.170856
0.00951613 0.171537
0.00951985 0.172221
0.00952375 0.172908
0.00952783 0.1736
0.0095321 0.174295
0.00953654 0.174994
0.00954116 0.175696
0.00954597 0.176403
0.00955096 0.177113
0.00955613 0.177828
0.00956149 0.178546
0.00956703 0.179268
0.00957275 0.179994
0.00957866 0.180725
0.00958476 0.181459
0.00959104 0.182198
0.0095975 0.182941
0.00960415 0.183688
0.00961099 0.184439
0.00961802 0.185195
0.00962524 0.185955
0.00963265 0.186719
0.00964024 0.187488
0.00964803 0.188262
0.00965601 0.18904
0.00966418 0.189822
0.00967254 0.19061
0.0096811 0.191401
0.00968985 0.192198
0.0096988 0.192999
0.00970795 0.193806
0.00971729 0.194617
0.00972683 0.195433
0.00973657 0.196254
0.00974651 0.19708
0.00975665 0.197911
0.009767 0.198748
0.00977754 0.199589
0.0097883 0.200436
0.00979925 0.201288
0.00981042 0.202146
0.00982179 0.203008
0.00983338 0.203877
0.00984517 0.204751
0.00985717 0.20563
0.00986939 0.206515
0.00988182 0.207406
0.00989447 0.208303
0.00990734 0.209205
0.00992042 0.210114
0.00993373 0.211028
0.00994725 0.211948
0.009961 0.212875
0.00997498 0.213807
0.00998918 0.214746
0.0100036 0.215691
0.0100183 0.216643
0.0100332 0.217601
0.0100483 0.218565
0.0100636 0.219536
0.0100792 0.220514
0.0100951 0.221498
0.0101111 0.222489
0.0101275 0.223487
0.010144 0.224492
0.0101608 0.225504
0.0101779 0.226523
0.0101952 0.22755
0.0102128 0.228583
0.0102306 0.229624
0.0102487 0.230672
0.010267 0.231728
0.0102856 0.232791
0.0103045 0.233862
0.0103236 0.234941
0.010343 0.236028
0.0103627 0.237122
0.0103826 0.238225
0.0104028 0.239336
0.0104233 0.240455
0.0104441 0.241582
0.0104652 0.242717
0.0104866 0.243862
0.0105082 0.245014
0.0105302 0.246176
0.0105524 0.247346
0.010575 0.248525
0.0105978 0.249713
0.010621 0.25091
0.0106444 0.252117
0.0106682 0.253332
0.0106923 0.254557
0.0107167 0.255792
0.0107415 0.257036
0.0107666 0.25829
0.010792 0.259554
0.0108177 0.260828
0.0108438 0.262112
0.0108702 0.263406
0.010897 0.26471
0.0109241 0.266025
0.0109516 0.26735
0.0109794 0.268687
0.0110076 0.270034
0.0110362 0.271391
0.0110651 0.27276
0.0110945 0.27414
0.0111242 0.275532
0.0111543 0.276935
0.0111848 0.278349
0.0112156 0.279775
0.0112469 0.281214
0.0112786 0.282664
0.0113107 0.284126
0.0113433 0.2856
0.0113762 0.287087
0.0114096 0.288587
0.0114434 0.290099
0.0114777 0.291624
0.0115124 0.293162
0.0115475 0.294713
0.0115832 0.296278
0.0116192 0.297856
0.0116558 0.299448
0.0116928 0.301053
0.0117304 0.302673
0.0117684 0.304306
0.0118069 0.305954
0.0118459 0.307617
0.0118855 0.309293
0.0119255 0.310985
0.0119661 0.312692
0.0120072 0.314414
0.0120489 0.316151
0.0120911 0.317903
0.0121339 0.319671
0.0121773 0.321455
0.0122212 0.323255
0.0122657 0.325071
0.0123108 0.326904
0.0123565 0.328753
0.0124029 0.330618
0.0124498 0.332501
0.0124974 0.334401
0.0125457 0.336318
0.0125946 0.338252
0.0126441 0.340204
0.0126943 0.342174
0.0127453 0.344162
0.0127969 0.346169
0.0128492 0.348193
0.0129022 0.350237
0.012956 0.352299
0.0130105 0.35438
0.0130658 0.35648
0.0131218 0.3586
0.0131786 0.360739
0.0132362 0.362899
0.0132946 0.365078
0.0133539 0.367277
0.013414 0.369497
0.0134749 0.371737
0.0135366 0.373999
0.0135993 0.376281
0.0136628 0.378584
0.0137273 0.380909
0.0137927 0.383255
0.013859 0.385623
0.0139263 0.388013
0.0139945 0.390426
0.0140637 0.39286
0.014134 0.395317
0.0142052 0.397797
0.0142775 0.4003
0.0143509 0.402826
0.0144253 0.405375
0.0145009 0.407947
0.0145775 0.410543
0.0146553 0.413163
0.0147343 0.415807
0.0148144 0.418475
0.0148957 0.421167
0.0149783 0.423883
0.0150621 0.426625
0.0151472 0.42939
0.0152335 0.432181
0.0153212 0.434996
0.0154102 0.437837
0.0155006 0.440703
0.0155924 0.443594
0.0156856 0.446511
0.0157802 0.449453
0.0158763 0.452421
0.0159739 0.455414
0.016073 0.458433
0.0161736 0.461478
0.0162759 0.464549
0.0163797 0.467645
0.0164852 0.470768
0.0165923 0.473916
0.0167012 0.47709
0.0168118 0.480291
0.0169242 0.483517
0.0170383 0.486769
0.0171543 0.490047
0.0172722 0.493351
0.017392 0.49668
0.0175137 0.500035
0.0176374 0.503415
0.0177631 0.506821
0.0178908 0.510252
0.0180206 0.513708
0.0181526 0.517189
0.0182868 0.520694
0.0184231 0.524224
0.0185617 0.527778
0.0187026 0.531357
0.0188459 0.534958
0.0189915 0.538584
0.0191395 0.542232
0.0192901 0.545903
0.0194431 0.549596
0.0195987 0.553312
0.019757 0.557049
0.0199178 0.560807
0.0200814 0.564586
0.0202478 0.568385
0.020417 0.572204
0.020589 0.576042
0.020764 0.579898
0.0209419 0.583773
0.0211229 0.587665
0.0213069 0.591574
0.0214941 0.595498
0.0216845 0.599439
0.0218781 0.603394
0.022075 0.607363
0.0222753 0.611346
0.0224791 0.615341
0.0226863 0.619348
0.022897 0.623366
0.0231114 0.627393
0.0233295 0.63143
0.0235513 0.635476
0.0237768 0.639528
0.0240063 0.643587
0.0242397 0.647652
0.0244771 0.651721
0.0247185 0.655793
0.0249641 0.659868
0.0252139 0.663945
0.025468 0.668022
0.0257263 0.672098
0.0259892 0.676173
0.0262564 0.680244
0.0265283 0.684312
0.0268047 0.688375
0.0270859 0.692432
0.0273718 0.696482
0.0276626 0.700523
0.0279582 0.704555
0.0282589 0.708577
0.0285646 0.712586
0.0288754 0.716583
0.0291915 0.720566
0.0295129 0.724534
0.0298396 0.728486
0.0301717 0.73242
0.0305093 0.736337
0.0308526 0.740233
0.0312015 0.744109
0.0315561 0.747964
0.0319165 0.751796
0.0322829 0.755604
0.0326552 0.759388
0.0330335 0.763146
0.033418 0.766878
0.0338086 0.770582
0.0342055 0.774257
0.0346088 0.777903
0.0350185 0.781519
0.0354346 0.785105
0.0358574 0.788658
0.0362868 0.792178
0.0367229 0.795666
0.0371658 0.799119
0.0376156 0.802538
0.0380723 0.805921
0.038536 0.809268
0.0390068 0.812579
0.0394848 0.815852
0.03997 0.819088
0.0404625 0.822286
0.0409624 0.825445
0.0414697 0.828566
0.0419846 0.831647
0.042507 0.834689
0.0430371 0.83769
0.0435749 0.840652
0.0441205 0.843573
0.0446739 0.846453
0.0452353 0.849293
0.0458047 0.852092
0.0463821 0.85485
0.0469676 0.857567
0.0475614 0.860243
0.0481634 0.862878
0.0487737 0.865471
0.0493924 0.868024
0.0500195 0.870536
0.0506551 0.873007
0.0512993 0.875438
0.0519521 0.877828
0.0526136 0.880178
0.0532839 0.882487
0.053963 0.884757
0.0546509 0.886988
0.0553477 0.889179
0.0560536 0.891331
0.0567684 0.893444
0.0574924 0.895519
0.0582255 0.897557
0.0589678 0.899556
0.0597194 0.901518
0.0604802 0.903444
0.0612505 0.905333
0.0620302 0.907186
0.0628193 0.909003
0.063618 0.910785
0.0644262 0.912533
0.0652441 0.914246
0.0660717 0.915925
0.066909 0.917571
0.0677561 0.919184
0.0686131 0.920765
0.0694799 0.922314
0.0703566 0.923831
0.0712434 0.925318
0.0721402 0.926774
0.0730471 0.9282
0.0739641 0.929597
0.0748913 0.930964
0.0758287 0.932304
0.0767765 0.933615
0.0777345 0.934898
0.0787029 0.936155
0.0796818 0.937385
0.0806711 0.938589
0.081671 0.939768
0.0826815 0.940921
0.0837025 0.94205
0.0847342 0.943154
0.0857767 0.944235
0.0868299 0.945293
0.0878939 0.946328
0.0889688 0.94734
0.0900546 0.948331
0.0911514 0.9493
0.0922591 0.950248
0.093378 0.951176
0.0945079 0.952083
0.095649 0.952971
0.0968012 0.953839
0.0979648 0.954689
0.0991396 0.95552
0.100326 0.956332
0.101523 0.957127
0.102732 0.957905
0.103953 0.958666
0.105185 0.95941
0.106429 0.960138
0.107684 0.960849
0.108951 0.961546
0.11023 0.962227
0.11152 0.962893
0.112823 0.963545
0.114137 0.964182
0.115463 0.964805
0.116802 0.965415
0.118152 0.966012
0.119515 0.966595
0.120889 0.967166
0.122276 0.967724
0.123676 0.96827
0.125087 0.968805
0.126511 0.969327
0.127948 0.969839
0.129397 0.970339
0.130858 0.970828
0.132332 0.971307
0.133819 0.971775
0.135319 0.972234
0.136831 0.972682
0.138356 0.973121
0.139895 0.97355
0.141446 0.97397
0.14301 0.974381
0.144587 0.974784
0.146178 0.975177
0.147782 0.975562
0.149399 0.975939
0.151029 0.976308
0.152673 0.976669
0.15433 0.977023
0.156001 0.977368
0.157686 0.977707
0.159384 0.978038
0.161096 0.978363
0.162822 0.97868
0.164562 0.978991
0.166315 0.979295
0.168083 0.979593
0.169865 0.979885
0.171661 0.98017
0.173471 0.98045
0.175296 0.980723
0.177134 0.980991
0.178988 0.981254
0.180856 0.981511
0.182738 0.981762
0.184635 0.982009
0.186547 0.98225
0.188474 0.982486
0.190416 0.982718
0.192372 0.982944
0.194344 0.983166
0.196331 0.983384
0.198333 0.983596
0.20035 0.983805
0.202383 0.984009
0.204431 0.984209
0.206494 0.984406
0.208573 0.984598
0.210668 0.984786
0.212778 0.98497
0.214904 0.985151
0.217046 0.985327
0.219204 0.985501
0.221379 0.98567
0.223569 0.985837
0.225775 0.986
0.227997 0.986159
0.230236 0.986316
0.232492 0.986469
0.234763 0.986619
0.237051 0.986767
0.239356 0.986911
0.241678 0.987052
0.244016 0.987191
0.246371 0.987326
0.248743 0.987459
0.251132 0.987589
0.253538 0.987717
0.255961 0.987842
0.258402 0.987965
0.260859 0.988085
0.263334 0.988202
0.265826 0.988318
0.268336 0.988431
0.270863 0.988541
0.273408 0.98865
0.27597 0.988756
0.27855 0.98886
0.281147 0.988962
0.283763 0.989062
0.286396 0.98916
0.289047 0.989256
0.291716 0.98935
0.294402 0.989442
0.297107 0.989532
0.29983 0.989621
0.302571 0.989707
0.30533 0.989792
0.308107 0.989875
0.310903 0.989956
0.313716 0.990036
0.316548 0.990113
0.319398 0.99019
0.322266 0.990264
0.325152 0.990337
0.328057 0.990409
0.33098 0.990479
0.333921 0.990548
0.33688 0.990615
0.339858 0.99068
0.342854 0.990745
0.345868 0.990807
0.3489 0.990869
0.35195 0.990929
0.355019 0.990988
0.358106 0.991045
0.36121 0.991101
0.364333 0.991156
0.367474 0.99121
0.370632 0.991262
0.373809 0.991313
0.377003 0.991363
0.380214 0.991412
0.383444 0.99146
0.386691 0.991506
0.389955 0.991552
0.393236 0.991596
0.396535 0.991639
0.399851 0.991681
0.403184 0.991722
0.406533 0.991762
0.409899 0.991801
0.413282 0.991839
0.416681 0.991876
0.420096 0.991912
0.423527 0.991947
0.426974 0.991981
0.430437 0.992014
0.433915 0.992046
0.437408 0.992077
0.440916 0.992107
0.44444 0.992137
0.447977 0.992165
0.451529 0.992193
0.455095 0.992219
0.458675 0.992245
0.462268 0.99227
0.465874 0.992294
0.469494 0.992317
0.473126 0.992339
0.47677 0.99236
0.480426 0.992381
0.484094 0.992401
0.487773 0.99242
0.491463 0.992438
0.495164 0.992456
0.498875 0.992472
0.502596 0.992488
0.506326 0.992503
0.510065 0.992517
0.513813 0.992531
0.517569 0.992544
0.521333 0.992556
0.525104 0.992567
0.528883 0.992577
0.532667 0.992587
0.536457 0.992596
0.540253 0.992605
0.544054 0.992612
0.54786 0.992619
0.551669 0.992625
0.555482 0.992631
0.559298 0.992636
0.563116 0.99264
0.566936 0.992643
0.570758 0.992646
0.57458 0.992648
0.578403 0.99265
0.582225 0.99265
0.586047 0.99265
0.589867 0.99265
0.593685 0.992648
0.5975 0.992646
0.601313 0.992644
0.605121 0.992641
0.608926 0.992637
0.612725 0.992632
0.616519 0.992627
0.620306 0.992621
0.624087 0.992614
0.627861 0.992607
0.631626 0.992599
0.635384 0.992591
0.639132 0.992582
0.64287 0.992572
0.646598 0.992562
0.650315 0.992551
0.65402 0.99254
0.657714 0.992527
0.661395 0.992515
0.665062 0.992501
0.668716 0.992487
0.672355 0.992473
0.675979 0.992457
0.679588 0.992442
0.683181 0.992425
0.686757 0.992408
0.690315 0.992391
0.693857 0.992372
0.697379 0.992354
0.700884 0.992334
0.704368 0.992314
0.707833 0.992294
0.711278 0.992272
0.714703 0.992251
0.718106 0.992228
0.721487 0.992205
0.724846 0.992182
0.728183 0.992158
0.731497 0.992133
0.734788 0.992108
0.738055 0.992082
0.741298 0.992055
0.744516 0.992029
0.74771 0.992001
0.750879 0.991973
0.754022 0.991944
0.757139 0.991915
0.760231 0.991885
0.763296 0.991855
0.766334 0.991824
0.769346 0.991792
0.77233 0.99176
0.775288 0.991728
0.778217 0.991695
0.78112 0.991661
0.783994 0.991627
0.78684 0.991592
0.789658 0.991557
0.792447 0.991521
0.795209 0.991485
0.797941 0.991448
0.800645 0.99141
0.80332 0.991372
0.805967 0.991334
0.808584 0.991295
0.811173 0.991255
0.813733 0.991215
0.816263 0.991175
0.818765 0.991133
0.821238 0.991092
0.823682 0.99105
0.826098 0.991007
0.828484 0.990964
0.830841 0.99092
0.83317 0.990876
0.835471 0.990831
0.837742 0.990786
0.839986 0.990741
0.842201 0.990694
0.844387 0.990648
0.846546 0.9906
0.848677 0.990553
0.850779 0.990505
0.852855 0.990456
0.854902 0.990407
0.856923 0.990357
0.858916 0.990307
0.860882 0.990257
0.862822 0.990206
0.864735 0.990154
0.866621 0.990102
0.868482 0.99005
0.870316 0.989997
0.872125 0.989944
0.873908 0.98989
0.875666 0.989836
0.877398 0.989781
0.879106 0.989726
0.880789 0.98967
0.882448 0.989614
0.884083 0.989558
0.885694 0.989501
0.887281 0.989444
0.888845 0.989386
0.890385 0.989328
0.891903 0.989269
0.893398 0.98921
0.894871 0.98915
0.896322 0.989091
0.89775 0.98903
0.899158 0.98897
0.900544 0.988908
0.901908 0.988847
0.903253 0.988785
0.904576 0.988722
0.905879 0.98866
0.907162 0.988597
0.908426 0.988533
0.90967 0.988469
0.910895 0.988405
0.9121 0.98834
0.913287 0.988275
0.914456 0.988209
0.915606 0.988143
0.916739 0.988077
0.917853 0.98801
0.918951 0.987943
0.920031 0.987876
0.921094 0.987808
0.92214 0.98774
0.92317 0.987672
0.924184 0.987603
0.925181 0.987534
0.926163 0.987464
0.92713 0.987394
0.928081 0.987324
0.929017 0.987253
0.929938 0.987182
0.930845 0.987111
0.931738 0.987039
0.932616 0.986968
0.93348 0.986895
0.934331 0.986823
0.935168 0.98675
0.935992 0.986676
0.936803 0.986603
0.937601 0.986529
0.938386 0.986455
0.939159 0.98638
0.93992 0.986305
0.940668 0.98623
0.941405 0.986155
0.94213 0.986079
0.942844 0.986003
0.943546 0.985926
0.944237 0.98585
0.944918 0.985773
0.945587 0.985696
0.946246 0.985618
0.946895 0.98554
0.947533 0.985462
0.948162 0.985384
0.94878 0.985305
0.949389 0.985226
0.949988 0.985147
0.950578 0.985067
0.951159 0.984988
0.95173 0.984908
0.952293 0.984827
0.952846 0.984747
0.953392 0.984666
0.953928 0.984585
0.954457 0.984504
0.954977 0.984422
0.955489 0.98434
0.955993 0.984258
0.956489 0.984176
0.956978 0.984093
0.957459 0.98401
0.957933 0.983927
0.958399 0.983844
0.958858 0.983761
0.959311 0.983677
0.959756 0.983593
0.960194 0.983509
0.960626 0.983424
0.961051 0.98334
0.96147 0.983255
0.961882 0.98317
0.962289 0.983085
0.962689 0.982999
0.963083 0.982913
0.963471 0.982828
0.963853 0.982741
0.964229 0.982655
0.9646 0.982569
0.964965 0.982482
0.965325 0.982395
0.96568 0.982308
0.966029 0.982221
0.966373 0.982133
0.966712 0.982046
0.967046 0.981958
0.967375 0.98187
0.967699 0.981781
0.968018 0.981693
0.968333 0.981605
0.968643 0.981516
0.968948 0.981427
0.969249 0.981338
0.969546 0.981249
0.969839 0.981159
0.970127 0.98107
0.970411 0.98098
0.970691 0.98089
0.970967 0.9808
0.971239 0.98071
0.971507 0.980619
0.971771 0.980529
0.972031 0.980438
0.972288 0.980347
0.972541 0.980256
0.972791 0.980165
0.973037 0.980074
0.973279 0.979983
0.973518 0.979891
0.973754 0.979799
0.973987 0.979708
0.974216 0.979616
0.974442 0.979524
0.974665 0.979432
0.974884 0.979339
0.975101 0.979247
0.975315 0.979154
0.975526 0.979062
0.975734 0.978969
0.975939 0.978876
0.976141 0.978783
0.976341 0.97869
0.976537 0.978596
0.976731 0.978503
0.976923 0.97841
0.977112 0.978316
0.977298 0.978222
0.977482 0.978129
0.977663 0.978035
0.977842 0.977941
0.978019 0.977847
0.978193 0.977752
0.978365 0.977658
0.978535 0.977564
0.978702 0.977469
0.978867 0.977375
0.97903 0.97728
0.979191 0.977185
0.97935 0.977091
0.979507 0.976996
0.979661 0.976901
0.979814 0.976806
0.979965 0.976711
0.980113 0.976615
0.98026 0.97652
0.980405 0.976425
0.980548 0.976329
0.980689 0.976234
0.980829 0.976138
0.980966 0.976043
0.981102 0.975947
0.981237 0.975851
0.981369 0.975755
0.9815 0.975659
0.981629 0.975563
0.981756 0.975467
0.981882 0.975371
0.982007 0.975275
0.98213 0.975179
0.982251 0.975083
0.982371 0.974987
0.982489 0.97489
0.982606 0.974794
0.982721 0.974697
0.982835 0.974601
0.982948 0.974504
0.983059 0.974408
0.983169 0.974311
0.983277 0.974215
0.983384 0.974118
0.98349 0.974021
0.983595 0.973924
0.983698 0.973828
0.9838 0.973731
0.983901 0.973634
0.984001 0.973537
0.984099 0.97344
0.984197 0.973343
0.984293 0.973246
0.984388 0.973149
0.984482 0.973052
0.984574 0.972955
0.984666 0.972858
0.984757 0.972761
0.984846 0.972664
0.984935 0.972567
0.985022 0.972469
0.985109 0.972372
0.985194 0.972275
0.985279 0.972178
0.985362 0.972081
0.985445 0.971983
0.985526 0.971886
0.985607 0.971789
0.985687 0.971692
0.985765 0.971594
0.985843 0.971497
0.98592 0.9714
0.985996 0.971302
0.986072 0.971205
0.986146 0.971108
0.98622 0.971011
0.986292 0.970913
0.986364 0.970816
0.986435 0.970719
0.986506 0.970621
0.986575 0.970524
0.986644 0.970427
0.986712 0.97033
0.986779 0.970232
0.986846 0.970135
0.986912 0.970038
0.986977 0.96994
0.987041 0.969843
0.987105 0.969746
0.987168 0.969649
0.98723 0.969552
0.987292 0.969454
0.987352 0.969357
0.987413 0.96926
0.987472 0.969163
0.987531 0.969066
0.98759 0.968969
0.987647 0.968871
0.987704 0.968774
0.987761 0.968677
0.987817 0.96858
0.987872 0.968483
0.987927 0.968386
0.987981 0.968289
0.988034 0.968192
0.988087 0.968096
0.98814 0.967999
0.988191 0.967902
0.988243 0.967805
0.988293 0.967708
0.988344 0.967611
0.988393 0.967515
0.988442 0.967418
0.988491 0.967321
0.988539 0.967225
0.988587 0.967128
0.988634 0.967031
0.988681 0.966935
0.988727 0.966838
0.988773 0.966742
0.988818 0.966645
0.988863 0.966549
0.988907 0.966453
0.988951 0.966356
0.988994 0.96626
0.989037 0.966164
0.98908 0.966068
0.989122 0.965971
0.989164 0.965875
0.989205 0.965779
0.989246 0.965683
0.989286 0.965587
0.989326 0.965491
0.989366 0.965395
0.989405 0.965299
0.989444 0.965204
0.989482 0.965108
0.98952 0.965012
0.989558 0.964917
0.989595 0.964821
0.989632 0.964725
0.989669 0.96463
0.989705 0.964534
0.989741 0.964439
0.989776 0.964344
0.989812 0.964248
0.989846 0.964153
0.989881 0.964058
0.989915 0.963963
0.989949 0.963868
0.989982 0.963773
0.990015 0.963678
0.990048 0.963583
0.990081 0.963488
0.990113 0.963393
0.990145 0.963298
0.990176 0.963203
0.990207 0.963109
0.990238 0.963014
0.990269 0.96292
0.990299 0.962825
0.990329 0.962731
0.990359 0.962637
0.990389 0.962542
0.990418 0.962448
0.990447 0.962354
0.990475 0.96226
0.990504 0.962166
0.990532 0.962072
0.99056 0.961978
0.990587 0.961884
0.990614 0.96179
0.990642 0.961697
0.990668 0.961603
0.990695 0.961509
0.990721 0.961416
0.990747 0.961322
0.990773 0.961229
0.990798 0.961136
0.990824 0.961042
0.990849 0.960949
0.990874 0.960856
0.990898 0.960763
0.990923 0.96067
0.990947 0.960577
0.990971 0.960484
0.990994 0.960392
0.991018 0.960299
0.991041 0.960206
0.991064 0.960114
0.991087 0.960021
0.99111 0.959929
0.991132 0.959836
0.991154 0.959744
0.991176 0.959652
0.991198 0.95956
0.99122 0.959468
0.991241 0.959376
0.991262 0.959284
0.991283 0.959192
0.991304 0.9591
0.991325 0.959009
0.991345 0.958917
0.991365 0.958826
0.991385 0.958734
0.991405 0.958643
0.991425 0.958552
0.991444 0.95846
0.991464 0.958369
0.991483 0.958278
0.991502 0.958187
0.99152 0.958096
0.991539 0.958005
0.991558 0.957915
0.991576 0.957824
0.991594 0.957733
0.991612 0.957643
0.99163 0.957552
0.991647 0.957462
0.991665 0.957372
0.991682 0.957282
0.991699 0.957191
0.991716 0.957101
0.991733 0.957011
0.99175 0.956922
0.991766 0.956832
0.991783 0.956742
0.991799 0.956652
0.991815 0.956563
0.991831 0.956473
0.991847 0.956384
0.991863 0.956295
0.991878 0.956205
0.991893 0.956116
0.991909 0.956027
0.991924 0.955938
0.991939 0.955849
0.991954 0.95576
0.991968 0.955672
0.991983 0.955583
0.991997 0.955494
0.992012 0.955406
0.992026 0.955318
0.99204 0.955229
0.992054 0.955141
0.992068 0.955053
0.992081 0.954965
0.992095 0.954877
0.992108 0.954789
0.992122 0.954701
0.992135 0.954613
0.992148 0.954526
0.992161 0.954438
0.992174 0.954351
0.992187 0.954263
0.992199 0.954176
0.992212 0.954089
0.992224 0.954002
0.992236 0.953914
0.992249 0.953828
0.992261 0.953741
0.992273 0.953654
0.992284 0.953567
0.992296 0.95348
0.992308 0.953394
0.992319 0.953307
0.992331 0.953221
0.992342 0.953135
0.992353 0.953049
0.992364 0.952963
0.992375 0.952877
0.992386 0.952791
0.992397 0.952705
0.992408 0.952619
0.992419 0.952533
0.992429 0.952448
0.99244 0.952362
0.99245 0.952277
0.99246 0.952191
0.99247 0.952106
0.99248 0.952021
0.99249 0.951936
0.9925 0.951851
0.99251 0.951766
0.99252 0.951681
0.99253 0.951597
0.992539 0.951512
0.992549 0.951427
0.992558 0.951343
0.992567 0.951259
0.992576 0.951174
0.992586 0.95109
0.992595 0.951006
0.992604 0.950922
0.992612 0.950838
0.992621 0.950754
0.99263 0.95067
0.992639 0.950587
0.992647 0.950503
0.992656 0.95042
0.992664 0.950336
0.992672 0.950253
0.992681 0.95017
0.992689 0.950087
0.992697 0.950003
0.992705 0.949921
0.992713 0.949838
0.992721 0.949755
0.992729 0.949672
0.992736 0.94959
0.992744 0.949507
0.992752 0.949425
0.992759 0.949342
0.992767 0.94926
0.992774 0.949178
0.992781 0.949096
0.992789 0.949014
0.992796 0.948932
0.992803 0.94885
0.99281 0.948768
0.992817 0.948687
0.992824 0.948605
0.992831 0.948523
0.992838 0.948442
0.992844 0.948361
0.992851 0.94828
0.992858 0.948198
0.992864 0.948117
0.992871 0.948036
0.992877 0.947956
0.992883 0.947875
0.99289 0.947794
0.992896 0.947714
0.992902 0.947633
0.992908 0.947553
0.992914 0.947472
0.99292 0.947392
0.992926 0.947312
0.992932 0.947232
0.992938 0.947152
0.992944 0.947072
0.99295 0.946992
0.992955 0.946912
0.992961 0.946833
0.992966 0.946753
0.992972 0.946674
0.992977 0.946594
0.992983 0.946515
0.992988 0.946436
0.992994 0.946357
0.992999 0.946278
0.993004 0.946199
0.993009 0.94612
0.993014 0.946041
0.993019 0.945963
0.993024 0.945884
0.993029 0.945805
0.993034 0.945727
0.993039 0.945649
0.993044 0.94557
0.993049 0.945492
0.993053 0.945414
0.993058 0.945336
0.993063 0.945258
0.993067 0.94518
0.993072 0.945103
0.993076 0.945025
0.993081 0.944948
0.993085 0.94487
0.993089 0.944793
0.993094 0.944715
0.993098 0.944638
0.993102 0.944561
0.993106 0.944484
0.993111 0.944407
0.993115 0.94433
0.993119 0.944253
0.993123 0.944177
0.993127 0.9441
0.993131 0.944024
0.993135 0.943947
0.993138 0.943871
0.993142 0.943794
0.993146 0.943718
0.99315 0.943642
0.993153 0.943566
0.993157 0.94349
0.993161 0.943414
0.993164 0.943339
0.993168 0.943263
0.993171 0.943187
0.993175 0.943112
0.993178 0.943036
0.993181 0.942961
0.993185 0.942886
0.993188 0.942811
0.993191 0.942735
0.993195 0.94266
0.993198 0.942585
0.993201 0.942511
0.993204 0.942436
0.993207 0.942361
0.99321 0.942287
0.993213 0.942212
0.993216 0.942138
0.993219 0.942063
0.993222 0.941989
0.993225 0.941915
0.993228 0.941841
0.993231 0.941767
0.993234 0.941693
0.993236 0.941619
0.993239 0.941545
0.993242 0.941472
0.993244 0.941398
0.993247 0.941324
0.99325 0.941251
0.993252 0.941178
0.993255 0.941104
0.993257 0.941031
0.99326 0.940958
0.993262 0.940885
0.993265 0.940812
0.993267 0.940739
0.993269 0.940666
0.993272 0.940594
0.993274 0.940521
0.993276 0.940449
0.993278 0.940376
0.993281 0.940304
0.993283 0.940231
0.993285 0.940159
0.993287 0.940087
0.993289 0.940015
0.993291 0.939943
0.993293 0.939871
0.993295 0.939799
0.993297 0.939728
0.993299 0.939656
0.993301 0.939584
0.993303 0.939513
0.993305 0.939441
0.993307 0.93937
0.993309 0.939299
0.99331 0.939228
0.993312 0.939156
0.993314 0.939085
0.993316 0.939015
0.993317 0.938944
0.993319 0.938873
0.993321 0.938802
0.993322 0.938732
0.993324 0.938661
0.993326 0.938591
0.993327 0.93852
0.993329 0.93845
0.99333 0.93838
0.993332 0.938309
0.993333 0.938239
0.993335 0.938169
0.993336 0.938099
0.993337 0.93803
0.993339 0.93796
0.99334 0.93789
0.993341 0.93782
0.993343 0.937751
0.993344 0.937681
0.993345 0.937612
0.993347 0.937543
0.993348 0.937473
0.993349 0.937404
0.99335 0.937335
0.993351 0.937266
0.993352 0.937197
0.993353 0.937128
0.993355 0.93706
0.993356 0.936991
0.993357 0.936922
0.993358 0.936854
0.993359 0.936785
0.99336 0.936717
0.993361 0.936649
0.993362 0.93658
0.993363 0.936512
0.993364 0.936444
0.993364 0.936376
0.993365 0.936308
0.993366 0.93624
0.993367 0.936172
0.993368 0.936105
0.993369 0.936037
0.993369 0.935969
0.99337 0.935902
0.993371 0.935834
0.993372 0.935767
0.993372 0.9357
0.993373 0.935633
0.993374 0.935565
0.993374 0.935498
0.993375 0.935431
0.993376 0.935364
0.993376 0.935298
0.993377 0.935231
0.993377 0.935164
0.993378 0.935097
0.993378 0.935031
0.993379 0.934964
0.993379 0.934898
0.99338 0.934832
0.99338 0.934765
0.993381 0.934699
0.993381 0.934633
0.993382 0.934567
0.993382 0.934501
0.993382 0.934435
0.993383 0.934369
0.993383 0.934303
0.993384 0.934238
0.993384 0.934172
0.993384 0.934106
0.993384 0.934041
0.993385 0.933976
0.993385 0.93391
0.993385 0.933845
0.993386 0.93378
0.993386 0.933715
0.993386 0.933649
0.993386 0.933584
0.993386 0.93352
0.993386 0.933455
0.993387 0.93339
0.993387 0.933325
0.993387 0.933261
0.993387 0.933196
0.993387 0.933131
0.993387 0.933067
0.993387 0.933003
0.993387 0.932938
0.993387 0.932874
0.993387 0.93281
0.993387 0.932746
0.993387 0.932682
0.993387 0.932618
0.993387 0.932554
0.993387 0.93249
0.993387 0.932426
0.993387 0.932363
0.993387 0.932299
0.993387 0.932235
0.993387 0.932172
0.993387 0.932108
0.993387 0.932045
0.993387 0.931982
0.993386 0.931918
0.993386 0.931855
0.993386 0.931792
0.993386 0.931729
0.993386 0.931666
0.993385 0.931603
0.993385 0.93154
0.993385 0.931478
0.993385 0.931415
0.993384 0.931352
0.993384 0.93129
0.993384 0.931227
0.993384 0.931165
0.993383 0.931102
0.993383 0.93104
0.993383 0.930978
0.993382 0.930916
0.993382 0.930854
0.993382 0.930792
0.993381 0.93073
0.993381 0.930668
0.993381 0.930606
0.99338 0.930544
0.99338 0.930482
0.993379 0.930421
0.993379 0.930359
0.993378 0.930297
0.993378 0.930236
0.993378 0.930175
0.993377 0.930113
0.993377 0.930052
0.993376 0.929991
0.993376 0.929929
0.993375 0.929868
0.993375 0.929807
0.993374 0.929746
0.993374 0.929685
0.993373 0.929625
0.993372 0.929564
0.993372 0.929503
0.993371 0.929442
0.993371 0.929382
0.99337 0.929321
0.99337 0.929261
0.993369 0.9292
0.993368 0.92914
0.993368 0.92908
0.993367 0.929019
0.993366 0.928959
0.993366 0.928899
0.993365 0.928839
0.993364 0.928779
0.993364 0.928719
0.993363 0.928659
0.993362 0.928599
0.993362 0.92854
0.993361 0.92848
0.99336 0.92842
0.993359 0.928361
0.993359 0.928301
0.993358 0.928242
0.993357 0.928182
0.993356 0.928123
0.993356 0.928064
0.993355 0.928005
0.993354 0.927945
0.993353 0.927886
0.993353 0.927827
0.993352 0.927768
0.993351 0.927709
0.99335 0.927651
0.993349 0.927592
0.993348 0.927533
0.993348 0.927474
0.993347 0.927416
0.993346 0.927357
0.993345 0.927299
0.993344 0.92724
0.993343 0.927182
0.993342 0.927123
0.993342 0.927065
0.993341 0.927007
0.99334 0.926949
0.993339 0.926891
0.993338 0.926832
0.993337 0.926774
0.993336 0.926716
0.993335 0.926659
0.993334 0.926601
0.993333 0.926543
0.993332 0.926485
0.993331 0.926428
0.99333 0.92637
0.993329 0.926312
0.993328 0.926255
0.993327 0.926197
0.993326 0.92614
0.993325 0.926083
0.993324 0.926025
0.993323 0.925968
0.993322 0.925911
0.993321 0.925854
0.99332 0.925797
0.993319 0.92574
0.993318 0.925683
0.993317 0.925626
0.993316 0.925569
0.993315 0.925512
0.993314 0.925456
0.993313 0.925399
0.993312 0.925342
0.993311 0.925286
0.993309 0.925229
0.993308 0.925173
0.993307 0.925116
0.993306 0.92506
0.993305 0.925004
0.993304 0.924947
0.993303 0.924891
0.993302 0.924835
0.993301 0.924779
0.993299 0.924723
0.993298 0.924667
0.993297 0.924611
0.993296 0.924555
0.993295 0.924499
0.993294 0.924443
0.993292 0.924388
0.993291 0.924332
0.99329 0.924276
0.993289 0.924221
0.993288 0.924165
0.993287 0.92411
0.993285 0.924054
0.993284 0.923999
0.993283 0.923944
0.993282 0.923889
0.99328 0.923833
0.993279 0.923778
0.993278 0.923723
0.993277 0.923668
0.993276 0.923613
0.993274 0.923558
0.993273 0.923503
0.993272 0.923448
0.993271 0.923393
0.993269 0.923339
0.993268 0.923284
0.993267 0.923229
0.993265 0.923175
0.993264 0.92312
0.993263 0.923066
0.993262 0.923011
0.99326 0.922957
0.993259 0.922902
0.993258 0.922848
0.993256 0.922794
0.993255 0.922739
0.993254 0.922685
0.993252 0.922631
0.993251 0.922577
0.99325 0.922523
0.993248 0.922469
0.993247 0.922415
0.993246 0.922361
0.993244 0.922307
0.993243 0.922254
0.993242 0.9222
0.99324 0.922146
0.993239 0.922093
0.993238 0.922039
0.993236 0.921985
0.993235 0.921932
0.993234 0.921878
0.993232 0.921825
0.993231 0.921772
0.99323 0.921718
0.993228 0.921665
0.993227 0.921612
0.993225 0.921559
0.993224 0.921506
0.993223 0.921452
0.993221 0.921399
0.99322 0.921346
0.993218 0.921293
0.993217 0.921241
0.993216 0.921188
0.993214 0.921135
0.993213 0.921082
0.993211 0.921029
0.99321 0.920977
0.993208 0.920924
0.993207 0.920872
0.993206 0.920819
0.993204 0.920766
0.993203 0.920714
0.993201 0.920662
0.9932 0.920609
0.993198 0.920557
0.993197 0.920505
0.993195 0.920452
0.993194 0.9204
0.993193 0.920348
0.993191 0.920296
0.99319 0.920244
0.993188 0.920192
0.993187 0.92014
0.993185 0.920088
0.993184 0.920036
0.993182 0.919984
0.993181 0.919933
0.993179 0.919881
0.993178 0.919829
0.993176 0.919778
0.993175 0.919726
0.993173 0.919674
0.993172 0.919623
0.99317 0.919571
0.993169 0.91952
0.993167 0.919468
0.993166 0.919417
0.993164 0.919366
0.993163 0.919315
0.993161 0.919263
0.99316 0.919212
0.993158 0.919161
0.993157 0.91911
0.993155 0.919059
0.993154 0.919008
0.993152 0.918957
0.993151 0.918906
0.993149 0.918855
0.993147 0.918804
0.993146 0.918753
0.993144 0.918702
0.993143 0.918652
0.993141 0.918601
0.99314 0.91855
0.993138 0.9185
0.993137 0.918449
0.993135 0.918399
0.993134 0.918348
0.993132 0.918298
0.99313 0.918247
0.993129 0.918197
0.993127 0.918147
0.993126 0.918096
0.993124 0.918046
0.993123 0.917996
0.993121 0.917946
0.993119 0.917896
0.993118 0.917845
0.993116 0.917795
0.993115 0.917745
0.993113 0.917695
0.993111 0.917645
0.99311 0.917596
0.993108 0.917546
0.993107 0.917496
0.993105 0.917446
0.993104 0.917396
0.993102 0.917347
0.9931 0.917297
0.993099 0.917247
0.993097 0.917198
0.993096 0.917148
0.993094 0.917099
0.993092 0.917049
0.993091 0.917
0.993089 0.91695
0.993087 0.916901
0.993086 0.916852
0.993084 0.916802
0.993083 0.916753
0.993081 0.916704
0.993079 0.916655
0.993078 0.916606
0.993076 0.916557
0.993075 0.916507
0.993073 0.916458
0.993071 0.916409
0.99307 0.91636
0.993068 0.916312
0.993066 0.916263
0.993065 0.916214
0.993063 0.916165
0.993061 0.916116
0.99306 0.916068
0.993058 0.916019
0.993057 0.91597
0.993055 0.915922
0.993053 0.915873
0.993052 0.915824
0.99305 0.915776
0.993048 0.915727
0.993047 0.915679
0.993045 0.915631
0.993043 0.915582
0.993042 0.915534
0.99304 0.915485
0.993038 0.915437
0.993037 0.915389
0.993035 0.915341
0.993033 0.915293
0.993032 0.915244
0.99303 0.915196
0.993028 0.915148
0.993027 0.9151
0.993025 0.915052
0.993023 0.915004
0.993022 0.914956
0.99302 0.914908
0.993018 0.914861
0.993017 0.914813
0.993015 0.914765
0.993013 0.914717
0.993012 0.91467
0.99301 0.914622
0.993008 0.914574
0.993007 0.914527
0.993005 0.914479
0.993003 0.914431
0.993002 0.914384
0.993 0.914336
0.992998 0.914289
0.992997 0.914242
0.992995 0.914194
0.992993 0.914147
0.992992 0.914099
0.99299 0.914052
0.992988 0.914005
0.992987 0.913958
0.992985 0.91391
0.992983 0.913863
0.992982 0.913816
0.99298 0.913769
0.992978 0.913722
0.992976 0.913675
0.992975 0.913628
0.992973 0.913581
0.992971 0.913534
0.99297 0.913487
0.992968 0.91344
0.992966 0.913393
0.992965 0.913347
0.992963 0.9133
0.992961 0.913253
0.992959 0.913206
0.992958 0.91316
0.992956 0.913113
0.992954 0.913066
0.992953 0.91302
0.992951 0.912973
0.992949 0.912927
0.992948 0.91288
0.992946 0.912834
0.992944 0.912787
0.992942 0.912741
0.992941 0.912694
0.992939 0.912648
0.992937 0.912602
0.992936 0.912555
0.992934 0.912509
0.992932 0.912463
0.99293 0.912417
0.992929 0.912371
0.992927 0.912324
0.992925 0.912278
0.992924 0.912232
0.992922 0.912186
0.99292 0.91214
0.992918 0.912094
0.992917 0.912048
0.992915 0.912002
0.992913 0.911956
0.992911 0.91191
0.99291 0.911865
0.992908 0.911819
0.992906 0.911773
0.992905 0.911727
0.992903 0.911681
0.992901 0.911636
0.992899 0.91159
0.992898 0.911544
0.992896 0.911499
0.992894 0.911453
0.992893 0.911408
0.992891 0.911362
0.992889 0.911317
0.992887 0.911271
0.992886 0.911226
0.992884 0.91118
0.992882 0.911135
0.99288 0.911089
0.992879 0.911044
0.992877 0.910999
0.992875 0.910953
0.992873 0.910908
0.992872 0.910863
0.99287 0.910818
0.992868 0.910773
0.992867 0.910727
0.992865 0.910682
0.992863 0.910637
0.992861 0.910592
0.99286 0.910547
0.992858 0.910502
0.992856 0.910457
0.992854 0.910412
0.992853 0.910367
0.992851 0.910322
0.992849 0.910277
0.992847 0.910232
0.992846 0.910188
0.992844 0.910143
0.992842 0.910098
0.992841 0.910053
0.992839 0.910009
0.992837 0.909964
0.992835 0.909919
0.992834 0.909874
0.992832 0.90983
0.99283 0.909785
0.992828 0.909741
0.992827 0.909696
0.992825 0.909652
0.992823 0.909607
0.992821 0.909563
0.99282 0.909518
0.992818 0.909474
0.992816 0.909429
0.992814 0.909385
0.992813 0.90934
0.992811 0.909296
0.992809 0.909252
0.992807 0.909208
0.992806 0.909163
0.992804 0.909119
0.992802 0.909075
0.9928 0.909031
0.992799 0.908986
0.992797 0.908942
0.992795 0.908898
0.992793 0.908854
0.992792 0.90881
0.99279 0.908766
0.992788 0.908722
0.992786 0.908678
0.992785 0.908634
0.992783 0.90859
0.992781 0.908546
0.992779 0.908502
0.992778 0.908458
0.992776 0.908414
0.992774 0.908371
0.992772 0.908327
0.992771 0.908283
0.992769 0.908239
0.992767 0.908196
0.992765 0.908152
0.992764 0.908108
0.992762 0.908064
0.99276 0.908021
0.992758 0.907977
0.992757 0.907934
0.992755 0.90789
0.992753 0.907846
0.992751 0.907803
0.99275 0.907759
0.992748 0.907716
0.992746 0.907672
0.992744 0.907629
0.992743 0.907585
0.992741 0.907542
0.992739 0.907499
0.992737 0.907455
0.992736 0.907412
0.992734 0.907369
0.992732 0.907325
0.99273 0.907282
0.992729 0.907239
0.992727 0.907196
0.992725 0.907152
0.992723 0.907109
0.992722 0.907066
0.99272 0.907023
0.992718 0.90698
0.992716 0.906937
0.992715 0.906893
0.992713 0.90685
0.992711 0.906807
0.992709 0.906764
0.992708 0.906721
0.992706 0.906678
0.992704 0.906635
0.992702 0.906592
0.992701 0.906549
0.992699 0.906507
0.992697 0.906464
0.992695 0.906421
0.992694 0.906378
0.992692 0.906335
0.99269 0.906292
0.992688 0.906249
0.992687 0.906207
0.992685 0.906164
0.992683 0.906121
0.992681 0.906079
0.99268 0.906036
0.992678 0.905993
0.992676 0.90595
0.992674 0.905908
0.992673 0.905865
0.992671 0.905823
0.992669 0.90578
0.992667 0.905738
0.992666 0.905695
0.992664 0.905652
0.992662 0.90561
0.99266 0.905567
0.992659 0.905525
0.992657 0.905483
0.992655 0.90544
0.992653 0.905398
0.992652 0.905355
0.99265 0.905313
0.992648 0.905271
0.992646 0.905228
0.992645 0.905186
0.992643 0.905144
0.992641 0.905101
0.992639 0.905059
0.992638 0.905017
0.992636 0.904975
0.992634 0.904932
0.992632 0.90489
0.992631 0.904848
0.992629 0.904806
0.992627 0.904764
0.992625 0.904722
0.992624 0.904679
0.992622 0.904637
0.99262 0.904595
0.992618 0.904553
0.992617 0.904511
0.992615 0.904469
0.992613 0.904427
0.992611 0.904385
0.99261 0.904343
0.992608 0.904301
0.992606 0.904259
0.992604 0.904217
0.992603 0.904176
0.992601 0.904134
0.992599 0.904092
0.992597 0.90405
0.992596 0.904008
0.992594 0.903966
0.992592 0.903924
0.99259 0.903883
0.992589 0.903841
0.992587 0.903799
0.992585 0.903757
0.992583 0.903716
0.992582 0.903674
0.99258 0.903632
0.992578 0.903591
0.992576 0.903549
0.992575 0.903507
0.992573 0.903466
0.992571 0.903424
0.992569 0.903382
0.992568 0.903341
0.992566 0.903299
0.992564 0.903258
0.992562 0.903216
0.992561 0.903175
0.992559 0.903133
0.992557 0.903092
0.992555 0.90305
0.992554 0.903009
0.992552 0.902967
0.99255 0.902926
0.992548 0.902884
0.992547 0.902843
0.992545 0.902801
0.992543 0.90276
0.992541 0.902719
0.99254 0.902677
0.992538 0.902636
0.992536 0.902595
0.992534 0.902553
0.992533 0.902512
0.992531 0.902471
0.992529 0.90243
0.992527 0.902388
0.992526 0.902347
0.992524 0.902306
0.992522 0.902265
0.99252 0.902223
0.992519 0.902182
0.992517 0.902141
0.992515 0.9021
0.992513 0.902059
0.992512 0.902018
0.99251 0.901977
0.992508 0.901935
0.992506 0.901894
0.992505 0.901853
0.992503 0.901812
0.992501 0.901771
0.992499 0.90173
0.992498 0.901689
0.992496 0.901648
0.992494 0.901607
0.992492 0.901566
0.992491 0.901525
0.992489 0.901484
0.992487 0.901443
0.992485 0.901402
0.992484 0.901361
0.992482 0.90132
0.99248 0.90128
0.992478 0.901239
0.992477 0.901198
0.992475 0.901157
0.992473 0.901116
0.992471 0.901075
0.99247 0.901034
0.992468 0.900994
0.992466 0.900953
0.992464 0.900912
0.992463 0.900871
0.992461 0.90083
0.992459 0.90079
0.992458 0.900749
0.992456 0.900708
0.992454 0.900667
0.992452 0.900627
0.992451 0.900586
0.992449 0.900545
0.992447 0.900505
0.992445 0.900464
0.992444 0.900423
0.992442 0.900383
0.99244 0.900342
0.992438 0.900301
0.992437 0.900261
0.992435 0.90022
0.992433 0.90018
0.992431 0.900139
0.99243 0.900098
0.992428 0.900058
0.992426 0.900017
0.992424 0.899977
0.992423 0.899936
0.992421 0.899896
0.992419 0.899855
0.992417 0.899815
0.992416 0.899774
0.992414 0.899734
0.992412 0.899693
0.99241 0.899653
0.992409 0.899612
0.992407 0.899572
0.992405 0.899531
0.992404 0.899491
0.992402 0.899451
0.9924 0.89941
0.992398 0.89937
0.992397 0.899329
0.992395 0.899289
0.992393 0.899249
0.992391 0.899208
0.99239 0.899168
0.992388 0.899128
0.992386 0.899087
0.992384 0.899047
0.992383 0.899007
0.992381 0.898966
0.992379 0.898926
0.992377 0.898886
0.992376 0.898846
0.992374 0.898805
0.992372 0.898765
0.99237 0.898725
0.992369 0.898685
0.992367 0.898644
0.992365 0.898604
0.992364 0.898564
0.992362 0.898524
0.99236 0.898483
0.992358 0.898443
0.992357 0.898403
0.992355 0.898363
0.992353 0.898323
0.992351 0.898283
0.99235 0.898242
0.992348 0.898202
0.992346 0.898162
0.992344 0.898122
0.992343 0.898082
0.992341 0.898042
0.992339 0.898002
0.992337 0.897962
0.992336 0.897921
0.992334 0.897881
0.992332 0.897841
0.99233 0.897801
0.992329 0.897761
0.992327 0.897721
0.992325 0.897681
0.992324 0.897641
0.992322 0.897601
0.99232 0.897561
0.992318 0.897521
0.992317 0.897481
0.992315 0.897441
0.992313 0.897401
0.992311 0.897361
0.99231 0.897321
0.992308 0.897281
0.992306 0.897241
0.992304 0.897201
0.992303 0.897161
0.992301 0.897121
0.992299 0.897081
0.992298 0.897041
0.992296 0.897001
0.992294 0.896961
0.992292 0.896921
0.992291 0.896881
0.992289 0.896842
0.992287 0.896802
0.992285 0.896762
0.992284 0.896722
0.992282 0.896682
0.99228 0.896642
0.992278 0.896602
0.992277 0.896562
0.992275 0.896522
0.992273 0.896483
0.992271 0.896443
0.99227 0.896403
0.992268 0.896363
0.992266 0.896323
0.992265 0.896283
0.992263 0.896244
0.992261 0.896204
0.992259 0.896164
0.992258 0.896124
0.992256 0.896084
0.992254 0.896044
0.992252 0.896005
0.992251 0.895965
0.992249 0.895925
0.992247 0.895885
0.992245 0.895845
0.992244 0.895806
0.992242 0.895766
0.99224 0.895726
0.992239 0.895686
0.992237 0.895647
0.992235 0.895607
0.992233 0.895567
0.992232 0.895527
0.99223 0.895488
0.992228 0.895448
0.992226 0.895408
0.992225 0.895368
0.992223 0.895329
0.992221 0.895289
0.992219 0.895249
0.992218 0.895209
0.992216 0.89517
0.992214 0.89513
0.992213 0.89509
0.992211 0.895051
0.992209 0.895011
0.992207 0.894971
0.992206 0.894931
0.992204 0.894892
0.992202 0.894852
0.9922 0.894812
0.992199 0.894773
0.992197 0.894733
0.992195 0.894693
0.992193 0.894654
0.992192 0.894614
0.99219 0.894574
0.992188 0.894535
0.992186 0.894495
0.992185 0.894455
0.992183 0.894416
0.992181 0.894376
0.99218 0.894336
0.992178 0.894297
0.992176 0.894257
0.992174 0.894217
0.992173 0.894178
0.992171 0.894138
0.992169 0.894098
0.992167 0.894059
0.992166 0.894019
0.992164 0.893979
0.992162 0.89394
0.99216 0.8939
0.992159 0.89386
0.992157 0.893821
0.992155 0.893781
0.992154 0.893742
0.992152 0.893702
0.99215 0.893662
0.992148 0.893623
0.992147 0.893583
0.992145 0.893543
0.992143 0.893504
0.992141 0.893464
0.99214 0.893425
0.992138 0.893385
0.992136 0.893345
0.992134 0.893306
0.992133 0.893266
0.992131 0.893226
0.992129 0.893187
0.992128 0.893147
0.992126 0.893108
0.992124 0.893068
0.992122 0.893028
0.992121 0.892989
0.992119 0.892949
0.992117 0.892909
0.992115 0.89287
0.992114 0.89283
0.992112 0.892791
0.99211 0.892751
0.992108 0.892711
0.992107 0.892672
0.992105 0.892632
0.992103 0.892593
0.992101 0.892553
0.9921 0.892513
0.992098 0.892474
0.992096 0.892434
0.992095 0.892394
0.992093 0.892355
0.992091 0.892315
0.992089 0.892276
0.992088 0.892236
0.992086 0.892196
0.992084 0.892157
0.992082 0.892117
0.992081 0.892077
0.992079 0.892038
0.992077 0.891998
0.992075 0.891959
0.992074 0.891919
0.992072 0.891879
0.99207 0.89184
0.992068 0.8918
0.992067 0.89176
0.992065 0.891721
0.992063 0.891681
0.992061 0.891642
0.99206 0.891602
0.992058 0.891562
0.992056 0.891523
0.992055 0.891483
0.992053 0.891443
0.992051 0.891404
0.992049 0.891364
0.992048 0.891324
0.992046 0.891285
0.992044 0.891245
0.992042 0.891205
0.992041 0.891166
0.992039 0.891126
0.992037 0.891086
0.992035 0.891047
0.992034 0.891007
0.992032 0.890967
0.99203 0.890928
0.992028 0.890888
0.992027 0.890848
0.992025 0.890809
0.992023 0.890769
0.992021 0.890729
0.99202 0.890689
0.992018 0.89065
0.992016 0.89061
0.992014 0.89057
0.992013 0.890531
0.992011 0.890491
0.992009 0.890451
0.992007 0.890412
0.992006 0.890372
0.992004 0.890332
0.992002 0.890292
0.992 0.890253
0.991999 0.890213
0.991997 0.890173
0.991995 0.890133
0.991993 0.890094
0.991992 0.890054
0.99199 0.890014
0.991988 0.889974
0.991986 0.889935
0.991985 0.889895
0.991983 0.889855
0.991981 0.889815
0.991979 0.889775
0.991978 0.889736
0.991976 0.889696
0.991974 0.889656
0.991973 0.889616
0.991971 0.889576
0.991969 0.889537
0.991967 0.889497
0.991966 0.889457
0.991964 0.889417
0.991962 0.889377
0.99196 0.889338
0.991958 0.889298
0.991957 0.889258
0.991955 0.889218
0.991953 0.889178
0.991951 0.889138
0.99195 0.889098
0.991948 0.889059
0.991946 0.889019
0.991944 0.888979
0.991943 0.888939
0.991941 0.888899
0.991939 0.888859
0.991937 0.888819
0.991936 0.888779
0.991934 0.888739
0.991932 0.888699
0.99193 0.88866
0.991929 0.88862
0.991927 0.88858
0.991925 0.88854
0.991923 0.8885
0.991922 0.88846
0.99192 0.88842
0.991918 0.88838
0.991916 0.88834
0.991915 0.8883
0.991913 0.88826
0.991911 0.88822
0.991909 0.88818
0.991908 0.88814
0.991906 0.8881
0.991904 0.88806
0.991902 0.88802
0.991901 0.88798
0.991899 0.88794
0.991897 0.8879
0.991895 0.88786
0.991894 0.887819
0.991892 0.887779
0.99189 0.887739
0.991888 0.887699
0.991886 0.887659
0.991885 0.887619
0.991883 0.887579
0.991881 0.887539
0.991879 0.887499
0.991878 0.887458
0.991876 0.887418
0.991874 0.887378
0.991872 0.887338
0.991871 0.887298
0.991869 0.887258
0.991867 0.887217
0.991865 0.887177
0.991863 0.887137
0.991862 0.887097
0.99186 0.887057
0.991858 0.887016
0.991856 0.886976
0.991855 0.886936
0.991853 0.886896
0.991851 0.886855
0.991849 0.886815
0.991848 0.886775
0.991846 0.886734
0.991844 0.886694
0.991842 0.886654
0.99184 0.886614
0.991839 0.886573
0.991837 0.886533
0.991835 0.886493
0.991833 0.886452
0.991832 0.886412
0.99183 0.886371
0.991828 0.886331
0.991826 0.886291
0.991824 0.88625
0.991823 0.88621
0.991821 0.886169
0.991819 0.886129
0.991817 0.886088
0.991816 0.886048
0.991814 0.886008
0.991812 0.885967
0.99181 0.885927
0.991808 0.885886
0.991807 0.885846
0.991805 0.885805
0.991803 0.885765
0.991801 0.885724
0.9918 0.885683
0.991798 0.885643
0.991796 0.885602
0.991794 0.885562
0.991792 0.885521
0.991791 0.885481
0.991789 0.88544
0.991787 0.885399
0.991785 0.885359
0.991783 0.885318
0.991782 0.885277
0.99178 0.885237
0.991778 0.885196
0.991776 0.885155
0.991775 0.885115
0.991773 0.885074
0.991771 0.885033
0.991769 0.884992
0.991767 0.884952
0.991766 0.884911
0.991764 0.88487
0.991762 0.884829
0.99176 0.884788
0.991758 0.884748
0.991757 0.884707
0.991755 0.884666
0.991753 0.884625
0.991751 0.884584
0.991749 0.884543
0.991748 0.884502
0.991746 0.884462
0.991744 0.884421
0.991742 0.88438
0.99174 0.884339
0.991739 0.884298
0.991737 0.884257
0.991735 0.884216
0.991733 0.884175
0.991731 0.884134
0.99173 0.884093
0.991728 0.884052
0.991726 0.884011
0.991724 0.88397
0.991722 0.883929
0.991721 0.883887
0.991719 0.883846
0.991717 0.883805
0.991715 0.883764
0.991713 0.883723
0.991712 0.883682
0.99171 0.883641
0.991708 0.883599
0.991706 0.883558
0.991704 0.883517
0.991703 0.883476
0.991701 0.883435
0.991699 0.883393
0.991697 0.883352
0.991695 0.883311
0.991693 0.883269
0.991692 0.883228
0.99169 0.883187
0.991688 0.883145
0.991686 0.883104
0.991684 0.883063
0.991683 0.883021
0.991681 0.88298
0.991679 0.882938
0.991677 0.882897
0.991675 0.882855
0.991673 0.882814
0.991672 0.882773
0.99167 0.882731
0.991668 0.88269
0.991666 0.882648
0.991664 0.882606
0.991663 0.882565
0.991661 0.882523
0.991659 0.882482
0.991657 0.88244
0.991655 0.882398
0.991653 0.882357
0.991652 0.882315
0.99165 0.882273
0.991648 0.882232
0.991646 0.88219
0.991644 0.882148
0.991642 0.882107
0.991641 0.882065
0.991639 0.882023
0.991637 0.881981
0.991635 0.881939
0.991633 0.881898
0.991631 0.881856
0.99163 0.881814
0.991628 0.881772
0.991626 0.88173
0.991624 0.881688
0.991622 0.881646
0.99162 0.881604
0.991618 0.881562
0.991617 0.88152
0.991615 0.881478
0.991613 0.881436
0.991611 0.881394
0.991609 0.881352
0.991607 0.88131
0.991606 0.881268
0.991604 0.881226
0.991602 0.881184
0.9916 0.881141
0.991598 0.881099
0.991596 0.881057
0.991594 0.881015
0.991593 0.880973
0.991591 0.88093
0.991589 0.880888
0.991587 0.880846
0.991585 0.880804
0.991583 0.880761
0.991581 0.880719
0.99158 0.880676
0.991578 0.880634
0.991576 0.880592
0.991574 0.880549
0.991572 0.880507
0.99157 0.880464
0.991568 0.880422
0.991567 0.880379
0.991565 0.880337
0.991563 0.880294
0.991561 0.880252
0.991559 0.880209
0.991557 0.880167
0.991555 0.880124
0.991553 0.880081
0.991552 0.880039
0.99155 0.879996
0.991548 0.879953
0.991546 0.87991
0.991544 0.879868
0.991542 0.879825
0.99154 0.879782
0.991539 0.879739
0.991537 0.879696
0.991535 0.879654
0.991533 0.879611
0.991531 0.879568
0.991529 0.879525
0.991527 0.879482
0.991525 0.879439
0.991523 0.879396
0.991522 0.879353
0.99152 0.87931
0.991518 0.879267
0.991516 0.879224
0.991514 0.879181
0.991512 0.879138
0.99151 0.879095
0.991508 0.879051
0.991506 0.879008
0.991505 0.878965
0.991503 0.878922
0.991501 0.878878
0.991499 0.878835
0.991497 0.878792
0.991495 0.878749
0.991493 0.878705
0.991491 0.878662
0.991489 0.878618
0.991487 0.878575
0.991486 0.878532
0.991484 0.878488
0.991482 0.878445
0.99148 0.878401
0.991478 0.878358
0.991476 0.878314
0.991474 0.87827
0.991472 0.878227
0.99147 0.878183
0.991468 0.878139
0.991466 0.878096
0.991465 0.878052
0.991463 0.878008
0.991461 0.877965
0.991459 0.877921
0.991457 0.877877
0.991455 0.877833
0.991453 0.877789
0.991451 0.877745
0.991449 0.877702
0.991447 0.877658
0.991445 0.877614
0.991443 0.87757
0.991442 0.877526
0.99144 0.877482
0.991438 0.877438
0.991436 0.877393
0.991434 0.877349
0.991432 0.877305
0.99143 0.877261
0.991428 0.877217
0.991426 0.877173
0.991424 0.877128
0.991422 0.877084
0.99142 0.87704
0.991418 0.876995
0.991416 0.876951
0.991414 0.876907
0.991412 0.876862
0.991411 0.876818
0.991409 0.876773
0.991407 0.876729
0.991405 0.876684
0.991403 0.87664
0.991401 0.876595
0.991399 0.876551
0.991397 0.876506
0.991395 0.876461
0.991393 0.876417
0.991391 0.876372
0.991389 0.876327
0.991387 0.876283
0.991385 0.876238
0.991383 0.876193
0.991381 0.876148
0.991379 0.876103
0.991377 0.876058
0.991375 0.876013
0.991373 0.875968
0.991371 0.875923
0.991369 0.875878
0.991367 0.875833
0.991365 0.875788
0.991364 0.875743
0.991362 0.875698
0.99136 0.875653
0.991358 0.875608
0.991356 0.875562
0.991354 0.875517
0.991352 0.875472
0.99135 0.875426
0.991348 0.875381
0.991346 0.875336
0.991344 0.87529
0.991342 0.875245
0.99134 0.875199
0.991338 0.875154
0.991336 0.875108
0.991334 0.875063
0.991332 0.875017
0.99133 0.874972
0.991328 0.874926
0.991326 0.87488
0.991324 0.874834
0.991322 0.874789
0.99132 0.874743
0.991318 0.874697
0.991316 0.874651
0.991314 0.874605
0.991312 0.874559
0.99131 0.874513
0.991308 0.874467
0.991306 0.874421
0.991304 0.874375
0.991302 0.874329
0.9913 0.874283
0.991298 0.874237
0.991296 0.874191
0.991294 0.874145
0.991292 0.874098
0.99129 0.874052
0.991288 0.874006
0.991286 0.87396
0.991284 0.873913
0.991282 0.873867
0.99128 0.87382
0.991277 0.873774
0.991275 0.873727
0.991273 0.873681
0.991271 0.873634
0.991269 0.873588
0.991267 0.873541
0.991265 0.873494
0.991263 0.873447
0.991261 0.873401
0.991259 0.873354
0.991257 0.873307
0.991255 0.87326
0.991253 0.873213
0.991251 0.873166
0.991249 0.873119
0.991247 0.873072
0.991245 0.873025
0.991243 0.872978
0.991241 0.872931
0.991239 0.872884
0.991237 0.872837
0.991235 0.87279
0.991232 0.872742
0.99123 0.872695
0.991228 0.872648
0.991226 0.8726
0.991224 0.872553
0.991222 0.872505
0.99122 0.872458
0.991218 0.87241
0.991216 0.872363
0.991214 0.872315
0.991212 0.872268
0.99121 0.87222
0.991208 0.872172
0.991206 0.872125
0.991203 0.872077
0.991201 0.872029
0.991199 0.871981
0.991197 0.871933
0.991195 0.871885
0.991193 0.871837
0.991191 0.871789
0.991189 0.871741
0.991187 0.871693
0.991185 0.871645
0.991183 0.871597
0.99118 0.871549
0.991178 0.8715
0.991176 0.871452
0.991174 0.871404
0.991172 0.871355
0.99117 0.871307
0.991168 0.871258
0.991166 0.87121
0.991164 0.871161
0.991161 0.871113
0.991159 0.871064
0.991157 0.871016
0.991155 0.870967
0.991153 0.870918
0.991151 0.870869
0.991149 0.87082
0.991147 0.870772
0.991144 0.870723
0.991142 0.870674
0.99114 0.870625
0.991138 0.870576
0.991136 0.870527
0.991134 0.870478
0.991132 0.870428
0.99113 0.870379
0.991127 0.87033
0.991125 0.870281
0.991123 0.870231
0.991121 0.870182
0.991119 0.870132
0.991117 0.870083
0.991114 0.870034
0.991112 0.869984
0.99111 0.869934
0.991108 0.869885
0.991106 0.869835
0.991104 0.869785
0.991102 0.869736
0.991099 0.869686
0.991097 0.869636
0.991095 0.869586
0.991093 0.869536
0.991091 0.869486
0.991088 0.869436
0.991086 0.869386
0.991084 0.869336
0.991082 0.869286
0.99108 0.869235
0.991078 0.869185
0.991075 0.869135
0.991073 0.869084
0.991071 0.869034
0.991069 0.868983
0.991067 0.868933
0.991064 0.868882
0.991062 0.868832
0.99106 0.868781
0.991058 0.86873
0.991056 0.86868
0.991053 0.868629
0.991051 0.868578
0.991049 0.868527
0.991047 0.868476
0.991045 0.868425
0.991042 0.868374
0.99104 0.868323
0.991038 0.868272
0.991036 0.868221
0.991033 0.86817
0.991031 0.868118
0.991029 0.868067
0.991027 0.868016
0.991024 0.867964
0.991022 0.867913
0.99102 0.867861
0.991018 0.86781
0.991016 0.867758
0.991013 0.867706
0.991011 0.867655
0.991009 0.867603
0.991007 0.867551
0.991004 0.867499
0.991002 0.867447
0.991 0.867395
0.990998 0.867343
0.990995 0.867291
0.990993 0.867239
0.990991 0.867187
0.990988 0.867134
0.990986 0.867082
0.990984 0.86703
0.990982 0.866977
0.990979 0.866925
0.990977 0.866872
0.990975 0.86682
0.990973 0.866767
0.99097 0.866715
0.990968 0.866662
0.990966 0.866609
0.990963 0.866556
0.990961 0.866503
0.990959 0.86645
0.990956 0.866397
0.990954 0.866344
0.990952 0.866291
0.99095 0.866238
0.990947 0.866185
0.990945 0.866132
0.990943 0.866078
0.99094 0.866025
0.990938 0.865971
0.990936 0.865918
0.990933 0.865864
0.990931 0.865811
0.990929 0.865757
0.990926 0.865703
0.990924 0.86565
0.990922 0.865596
0.990919 0.865542
0.990917 0.865488
0.990915 0.865434
0.990912 0.86538
0.99091 0.865326
0.990908 0.865272
0.990905 0.865217
0.990903 0.865163
0.990901 0.865109
0.990898 0.865054
0.990896 0.865
0.990893 0.864945
0.990891 0.864891
0.990889 0.864836
0.990886 0.864781
0.990884 0.864726
0.990882 0.864672
0.990879 0.864617
0.990877 0.864562
0.990874 0.864507
0.990872 0.864452
0.99087 0.864397
0.990867 0.864341
0.990865 0.864286
0.990863 0.864231
0.99086 0.864175
0.990858 0.86412
0.990855 0.864064
0.990853 0.864009
0.990851 0.863953
0.990848 0.863897
0.990846 0.863842
0.990843 0.863786
0.990841 0.86373
0.990838 0.863674
0.990836 0.863618
0.990834 0.863562
0.990831 0.863506
0.990829 0.863449
0.990826 0.863393
0.990824 0.863337
0.990821 0.86328
0.990819 0.863224
0.990817 0.863167
0.990814 0.863111
0.990812 0.863054
0.990809 0.862997
0.990807 0.862941
0.990804 0.862884
0.990802 0.862827
0.990799 0.86277
0.990797 0.862713
0.990794 0.862655
0.990792 0.862598
0.990789 0.862541
0.990787 0.862484
0.990784 0.862426
0.990782 0.862369
0.990779 0.862311
0.990777 0.862254
0.990774 0.862196
0.990772 0.862138
0.990769 0.86208
0.990767 0.862022
0.990764 0.861964
0.990762 0.861906
0.990759 0.861848
0.990757 0.86179
0.990754 0.861732
0.990752 0.861673
0.990749 0.861615
0.990747 0.861556
0.990744 0.861498
0.990742 0.861439
0.990739 0.861381
0.990737 0.861322
0.990734 0.861263
0.990732 0.861204
0.990729 0.861145
0.990726 0.861086
0.990724 0.861027
0.990721 0.860968
0.990719 0.860908
0.990716 0.860849
0.990714 0.86079
0.990711 0.86073
0.990709 0.86067
0.990706 0.860611
0.990703 0.860551
0.990701 0.860491
0.990698 0.860431
0.990696 0.860371
0.990693 0.860311
0.99069 0.860251
0.990688 0.860191
0.990685 0.860131
0.990683 0.86007
0.99068 0.86001
0.990677 0.859949
0.990675 0.859889
0.990672 0.859828
0.99067 0.859767
0.990667 0.859707
0.990664 0.859646
0.990662 0.859585
0.990659 0.859524
0.990656 0.859463
0.990654 0.859401
0.990651 0.85934
0.990648 0.859279
0.990646 0.859217
0.990643 0.859156
0.99064 0.859094
0.990638 0.859032
0.990635 0.85897
0.990632 0.858909
0.99063 0.858847
0.990627 0.858785
0.990624 0.858722
0.990622 0.85866
0.990619 0.858598
0.990616 0.858535
0.990614 0.858473
0.990611 0.85841
0.990608 0.858348
0.990606 0.858285
0.990603 0.858222
0.9906 0.858159
0.990597 0.858096
0.990595 0.858033
0.990592 0.85797
0.990589 0.857907
0.990587 0.857844
0.990584 0.85778
0.990581 0.857717
0.990578 0.857653
0.990576 0.857589
0.990573 0.857526
0.99057 0.857462
0.990567 0.857398
0.990565 0.857334
0.990562 0.857269
0.990559 0.857205
0.990556 0.857141
0.990554 0.857077
0.990551 0.857012
0.990548 0.856947
0.990545 0.856883
0.990542 0.856818
0.99054 0.856753
0.990537 0.856688
0.990534 0.856623
0.990531 0.856558
0.990528 0.856493
0.990526 0.856427
0.990523 0.856362
0.99052 0.856296
0.990517 0.856231
0.990514 0.856165
0.990511 0.856099
0.990509 0.856033
0.990506 0.855967
0.990503 0.855901
0.9905 0.855835
0.990497 0.855769
0.990494 0.855702
0.990491 0.855636
0.990489 0.855569
0.990486 0.855502
0.990483 0.855436
0.99048 0.855369
0.990477 0.855302
0.990474 0.855235
0.990471 0.855168
0.990468 0.8551
0.990466 0.855033
0.990463 0.854965
0.99046 0.854898
0.990457 0.85483
0.990454 0.854762
0.990451 0.854694
0.990448 0.854626
0.990445 0.854558
0.990442 0.85449
0.990439 0.854422
0.990436 0.854353
0.990433 0.854285
0.99043 0.854216
0.990427 0.854147
0.990424 0.854078
0.990422 0.85401
0.990419 0.85394
0.990416 0.853871
0.990413 0.853802
0.99041 0.853733
0.990407 0.853663
0.990404 0.853594
0.990401 0.853524
0.990398 0.853454
0.990395 0.853384
0.990392 0.853314
0.990389 0.853244
0.990386 0.853174
0.990383 0.853103
0.99038 0.853033
0.990377 0.852962
0.990373 0.852891
0.99037 0.852821
0.990367 0.85275
0.990364 0.852679
0.990361 0.852608
0.990358 0.852536
0.990355 0.852465
0.990352 0.852393
0.990349 0.852322
0.990346 0.85225
0.990343 0.852178
0.99034 0.852106
0.990337 0.852034
0.990334 0.851962
0.99033 0.85189
0.990327 0.851817
0.990324 0.851745
0.990321 0.851672
0.990318 0.851599
0.990315 0.851526
0.990312 0.851453
0.990309 0.85138
0.990305 0.851307
0.990302 0.851233
0.990299 0.85116
0.990296 0.851086
0.990293 0.851012
0.99029 0.850938
0.990286 0.850864
0.990283 0.85079
0.99028 0.850716
0.990277 0.850642
0.990274 0.850567
0.99027 0.850492
0.990267 0.850418
0.990264 0.850343
0.990261 0.850268
0.990258 0.850193
0.990254 0.850117
0.990251 0.850042
0.990248 0.849966
0.990245 0.849891
0.990241 0.849815
0.990238 0.849739
0.990235 0.849663
0.990232 0.849587
0.990228 0.84951
0.990225 0.849434
0.990222 0.849357
0.990219 0.849281
0.990215 0.849204
0.990212 0.849127
0.990209 0.84905
0.990205 0.848972
0.990202 0.848895
0.990199 0.848817
0.990195 0.84874
0.990192 0.848662
0.990189 0.848584
0.990185 0.848506
0.990182 0.848428
0.990179 0.848349
0.990175 0.848271
0.990172 0.848192
0.990169 0.848113
0.990165 0.848035
0.990162 0.847955
0.990158 0.847876
0.990155 0.847797
0.990152 0.847717
0.990148 0.847638
0.990145 0.847558
0.990141 0.847478
0.990138 0.847398
0.990134 0.847318
0.990131 0.847237
0.990128 0.847157
0.990124 0.847076
0.990121 0.846995
0.990117 0.846914
0.990114 0.846833
0.99011 0.846752
0.990107 0.846671
0.990103 0.846589
0.9901 0.846507
0.990096 0.846426
0.990093 0.846344
0.990089 0.846261
0.990086 0.846179
0.990082 0.846097
0.990079 0.846014
0.990075 0.845931
0.990072 0.845848
0.990068 0.845765
0.990064 0.845682
0.990061 0.845598
0.990057 0.845515
0.990054 0.845431
0.99005 0.845347
0.990047 0.845263
0.990043 0.845179
0.990039 0.845095
0.990036 0.84501
0.990032 0.844925
0.990028 0.84484
0.990025 0.844755
0.990021 0.84467
0.990018 0.844585
0.990014 0.844499
0.99001 0.844414
0.990007 0.844328
0.990003 0.844242
0.989999 0.844156
0.989995 0.844069
0.989992 0.843983
0.989988 0.843896
0.989984 0.843809
0.989981 0.843722
0.989977 0.843635
0.989973 0.843547
0.989969 0.84346
0.989966 0.843372
0.989962 0.843284
0.989958 0.843196
0.989954 0.843108
0.989951 0.843019
0.989947 0.842931
0.989943 0.842842
0.989939 0.842753
0.989935 0.842664
0.989932 0.842575
0.989928 0.842485
0.989924 0.842395
0.98992 0.842306
0.989916 0.842215
0.989912 0.842125
0.989909 0.842035
0.989905 0.841944
0.989901 0.841853
0.989897 0.841762
0.989893 0.841671
0.989889 0.84158
0.989885 0.841488
0.989881 0.841397
0.989877 0.841305
0.989873 0.841212
0.98987 0.84112
0.989866 0.841028
0.989862 0.840935
0.989858 0.840842
0.989854 0.840749
0.98985 0.840656
0.989846 0.840562
0.989842 0.840469
0.989838 0.840375
0.989834 0.840281
0.98983 0.840186
0.989826 0.840092
0.989822 0.839997
0.989818 0.839902
0.989814 0.839807
0.989809 0.839712
0.989805 0.839616
0.989801 0.839521
0.989797 0.839425
0.989793 0.839329
0.989789 0.839232
0.989785 0.839136
0.989781 0.839039
0.989777 0.838942
0.989772 0.838845
0.989768 0.838748
0.989764 0.83865
0.98976 0.838552
0.989756 0.838454
0.989752 0.838356
0.989747 0.838258
0.989743 0.838159
0.989739 0.83806
0.989735 0.837961
0.989731 0.837862
0.989726 0.837762
0.989722 0.837662
0.989718 0.837562
0.989714 0.837462
0.989709 0.837362
0.989705 0.837261
0.989701 0.83716
0.989696 0.837059
0.989692 0.836958
0.989688 0.836856
0.989683 0.836754
0.989679 0.836652
0.989675 0.83655
0.98967 0.836448
0.989666 0.836345
0.989662 0.836242
0.989657 0.836139
0.989653 0.836035
0.989648 0.835932
0.989644 0.835828
0.989639 0.835724
0.989635 0.835619
0.989631 0.835515
0.989626 0.83541
0.989622 0.835305
0.989617 0.835199
0.989613 0.835094
0.989608 0.834988
0.989604 0.834882
0.989599 0.834775
0.989595 0.834669
0.98959 0.834562
0.989585 0.834455
0.989581 0.834347
0.989576 0.83424
0.989572 0.834132
0.989567 0.834024
0.989563 0.833915
0.989558 0.833807
0.989553 0.833698
0.989549 0.833589
0.989544 0.833479
0.989539 0.83337
0.989535 0.83326
0.98953 0.833149
0.989525 0.833039
0.989521 0.832928
0.989516 0.832817
0.989511 0.832706
0.989506 0.832594
0.989502 0.832482
0.989497 0.83237
0.989492 0.832258
0.989487 0.832145
0.989482 0.832032
0.989478 0.831919
0.989473 0.831806
0.989468 0.831692
0.989463 0.831578
0.989458 0.831463
0.989453 0.831349
0.989448 0.831234
0.989444 0.831119
0.989439 0.831003
0.989434 0.830887
0.989429 0.830771
0.989424 0.830655
0.989419 0.830538
0.989414 0.830421
0.989409 0.830304
0.989404 0.830187
0.989399 0.830069
0.989394 0.829951
0.989389 0.829832
0.989384 0.829713
0.989379 0.829594
0.989374 0.829475
0.989369 0.829355
0.989364 0.829235
0.989358 0.829115
0.989353 0.828995
0.989348 0.828874
0.989343 0.828752
0.989338 0.828631
0.989333 0.828509
0.989328 0.828387
0.989322 0.828264
0.989317 0.828142
0.989312 0.828018
0.989307 0.827895
0.989301 0.827771
0.989296 0.827647
0.989291 0.827523
0.989286 0.827398
0.98928 0.827273
0.989275 0.827147
0.98927 0.827022
0.989264 0.826896
0.989259 0.826769
0.989253 0.826642
0.989248 0.826515
0.989243 0.826388
0.989237 0.82626
0.989232 0.826132
0.989226 0.826003
0.989221 0.825874
0.989215 0.825745
0.98921 0.825616
0.989204 0.825486
0.989199 0.825356
0.989193 0.825225
0.989188 0.825094
0.989182 0.824963
0.989177 0.824831
0.989171 0.824699
0.989165 0.824566
0.98916 0.824434
0.989154 0.824301
0.989148 0.824167
0.989143 0.824033
0.989137 0.823899
0.989131 0.823764
0.989126 0.823629
0.98912 0.823494
0.989114 0.823358
0.989108 0.823222
0.989103 0.823085
0.989097 0.822948
0.989091 0.822811
0.989085 0.822673
0.989079 0.822535
0.989073 0.822397
0.989067 0.822258
0.989062 0.822118
0.989056 0.821979
0.98905 0.821838
0.989044 0.821698
0.989038 0.821557
0.989032 0.821416
0.989026 0.821274
0.98902 0.821132
0.989014 0.820989
0.989008 0.820846
0.989002 0.820703
0.988995 0.820559
0.988989 0.820415
0.988983 0.82027
0.988977 0.820125
0.988971 0.819979
0.988965 0.819833
0.988958 0.819687
0.988952 0.81954
0.988946 0.819393
0.98894 0.819245
0.988933 0.819097
0.988927 0.818949
0.988921 0.8188
0.988914 0.81865
0.988908 0.8185
0.988902 0.81835
0.988895 0.818199
0.988889 0.818048
0.988883 0.817896
0.988876 0.817744
0.98887 0.817591
0.988863 0.817438
0.988857 0.817284
0.98885 0.81713
0.988844 0.816975
0.988837 0.81682
0.98883 0.816665
0.988824 0.816509
0.988817 0.816352
0.98881 0.816195
0.988804 0.816038
0.988797 0.81588
0.98879 0.815721
0.988784 0.815562
0.988777 0.815403
0.98877 0.815243
0.988763 0.815083
0.988757 0.814922
0.98875 0.81476
0.988743 0.814598
0.988736 0.814436
0.988729 0.814273
0.988722 0.814109
0.988715 0.813945
0.988708 0.81378
0.988701 0.813615
0.988694 0.81345
0.988687 0.813284
0.98868 0.813117
0.988673 0.81295
0.988666 0.812782
0.988659 0.812613
0.988652 0.812444
0.988644 0.812275
0.988637 0.812105
0.98863 0.811934
0.988623 0.811763
0.988616 0.811592
0.988608 0.811419
0.988601 0.811247
0.988594 0.811073
0.988586 0.810899
0.988579 0.810725
0.988571 0.810549
0.988564 0.810374
0.988557 0.810197
0.988549 0.81002
0.988541 0.809843
0.988534 0.809665
0.988526 0.809486
0.988519 0.809307
0.988511 0.809127
0.988504 0.808946
0.988496 0.808765
0.988488 0.808584
0.98848 0.808401
0.988473 0.808218
0.988465 0.808035
0.988457 0.80785
0.988449 0.807665
0.988441 0.80748
0.988434 0.807294
0.988426 0.807107
0.988418 0.806919
0.98841 0.806731
0.988402 0.806542
0.988394 0.806353
0.988386 0.806163
0.988378 0.805972
0.98837 0.805781
0.988361 0.805588
0.988353 0.805396
0.988345 0.805202
0.988337 0.805008
0.988329 0.804813
0.98832 0.804617
0.988312 0.804421
0.988304 0.804224
0.988295 0.804026
0.988287 0.803828
0.988278 0.803629
0.98827 0.803429
0.988261 0.803228
0.988253 0.803027
0.988244 0.802825
0.988236 0.802622
0.988227 0.802419
0.988219 0.802215
0.98821 0.80201
0.988201 0.801804
0.988192 0.801597
0.988184 0.80139
0.988175 0.801182
0.988166 0.800973
0.988157 0.800764
0.988148 0.800553
0.988139 0.800342
0.98813 0.80013
0.988121 0.799917
0.988112 0.799704
0.988103 0.799489
0.988094 0.799274
0.988085 0.799058
0.988076 0.798841
0.988067 0.798624
0.988057 0.798405
0.988048 0.798186
0.988039 0.797966
0.988029 0.797745
0.98802 0.797523
0.988011 0.7973
0.988001 0.797077
0.987992 0.796852
0.987982 0.796627
0.987972 0.796401
0.987963 0.796174
0.987953 0.795946
0.987943 0.795717
0.987934 0.795487
0.987924 0.795257
0.987914 0.795025
0.987904 0.794793
0.987894 0.794559
0.987884 0.794325
0.987875 0.79409
0.987865 0.793854
0.987854 0.793616
0.987844 0.793378
0.987834 0.793139
0.987824 0.792899
0.987814 0.792658
0.987804 0.792416
0.987793 0.792173
0.987783 0.79193
0.987773 0.791685
0.987762 0.791439
0.987752 0.791192
0.987741 0.790944
0.987731 0.790695
0.98772 0.790445
0.987709 0.790194
0.987699 0.789942
0.987688 0.789689
0.987677 0.789435
0.987666 0.78918
0.987656 0.788923
0.987645 0.788666
0.987634 0.788408
0.987623 0.788148
0.987612 0.787888
0.987601 0.787626
0.987589 0.787363
0.987578 0.787099
0.987567 0.786834
0.987556 0.786568
0.987544 0.786301
0.987533 0.786032
0.987522 0.785763
0.98751 0.785492
0.987499 0.78522
0.987487 0.784947
0.987475 0.784672
0.987464 0.784397
0.987452 0.78412
0.98744 0.783842
0.987428 0.783563
0.987416 0.783283
0.987404 0.783001
0.987392 0.782719
0.98738 0.782434
0.987368 0.782149
0.987356 0.781863
0.987344 0.781575
0.987332 0.781286
0.987319 0.780995
0.987307 0.780703
0.987294 0.78041
0.987282 0.780116
0.987269 0.77982
0.987257 0.779523
0.987244 0.779225
0.987231 0.778925
0.987218 0.778624
0.987206 0.778321
0.987193 0.778018
0.98718 0.777712
0.987167 0.777406
0.987154 0.777097
0.98714 0.776788
0.987127 0.776477
0.987114 0.776165
0.987101 0.775851
0.987087 0.775535
0.987074 0.775219
0.98706 0.7749
0.987047 0.774581
0.987033 0.774259
0.987019 0.773936
0.987005 0.773612
0.986991 0.773286
0.986977 0.772959
0.986963 0.77263
0.986949 0.772299
0.986935 0.771967
0.986921 0.771633
0.986907 0.771298
0.986892 0.770961
0.986878 0.770622
0.986863 0.770282
0.986849 0.76994
0.986834 0.769597
0.98682 0.769251
0.986805 0.768904
0.98679 0.768556
0.986775 0.768205
0.98676 0.767853
0.986745 0.767499
0.98673 0.767144
0.986714 0.766786
0.986699 0.766427
0.986684 0.766066
0.986668 0.765703
0.986653 0.765339
0.986637 0.764972
0.986621 0.764604
0.986605 0.764234
0.98659 0.763862
0.986574 0.763488
0.986557 0.763112
0.986541 0.762734
0.986525 0.762354
0.986509 0.761973
0.986492 0.761589
0.986476 0.761204
0.986459 0.760816
0.986443 0.760426
0.986426 0.760035
0.986409 0.759641
0.986392 0.759245
0.986375 0.758847
0.986358 0.758447
0.986341 0.758045
0.986323 0.757641
0.986306 0.757235
0.986288 0.756826
0.986271 0.756416
0.986253 0.756003
0.986235 0.755588
0.986217 0.75517
0.986199 0.754751
0.986181 0.754329
0.986163 0.753905
0.986145 0.753478
0.986126 0.75305
0.986108 0.752619
0.986089 0.752185
0.986071 0.751749
0.986052 0.751311
0.986033 0.750871
0.986014 0.750427
0.985995 0.749982
0.985975 0.749534
0.985956 0.749083
0.985936 0.74863
0.985917 0.748175
0.985897 0.747717
0.985877 0.747256
0.985857 0.746793
0.985837 0.746327
0.985817 0.745858
0.985797 0.745387
0.985776 0.744913
0.985756 0.744437
0.985735 0.743957
0.985714 0.743475
0.985693 0.74299
0.985672 0.742503
0.985651 0.742012
0.98563 0.741519
0.985608 0.741023
0.985586 0.740524
0.985565 0.740022
0.985543 0.739517
0.985521 0.739009
0.985499 0.738498
0.985476 0.737984
0.985454 0.737467
0.985432 0.736947
0.985409 0.736423
0.985386 0.735897
0.985363 0.735368
0.98534 0.734835
0.985317 0.734299
0.985293 0.73376
0.98527 0.733217
0.985246 0.732672
0.985222 0.732123
0.985198 0.73157
0.985174 0.731015
0.985149 0.730456
0.985125 0.729893
0.9851 0.729327
0.985075 0.728757
0.98505 0.728184
0.985025 0.727608
0.985 0.727027
0.984974 0.726443
0.984949 0.725856
0.984923 0.725265
0.984897 0.72467
0.984871 0.724071
0.984844 0.723468
0.984818 0.722862
0.984791 0.722252
0.984764 0.721638
0.984737 0.72102
0.984709 0.720398
0.984682 0.719772
0.984654 0.719142
0.984626 0.718507
0.984598 0.717869
0.98457 0.717227
0.984542 0.71658
0.984513 0.715929
0.984484 0.715274
0.984455 0.714615
0.984426 0.713951
0.984396 0.713283
0.984366 0.71261
0.984337 0.711933
0.984306 0.711252
0.984276 0.710566
0.984245 0.709875
0.984215 0.70918
0.984184 0.70848
0.984152 0.707775
0.984121 0.707065
0.984089 0.706351
0.984057 0.705632
0.984025 0.704908
0.983992 0.704179
0.98396 0.703445
0.983927 0.702706
0.983894 0.701962
0.98386 0.701212
0.983826 0.700458
0.983792 0.699698
0.983758 0.698933
0.983724 0.698163
0.983689 0.697387
0.983654 0.696606
0.983619 0.695819
0.983583 0.695027
0.983547 0.694229
0.983511 0.693425
0.983475 0.692616
0.983438 0.691801
0.983401 0.690981
0.983364 0.690154
0.983326 0.689321
0.983288 0.688483
0.98325 0.687638
0.983211 0.686787
0.983173 0.68593
0.983133 0.685067
0.983094 0.684198
0.983054 0.683322
0.983014 0.68244
0.982973 0.681551
0.982933 0.680656
0.982891 0.679754
0.98285 0.678846
0.982808 0.677931
0.982766 0.677009
0.982723 0.67608
0.98268 0.675144
0.982637 0.674202
0.982593 0.673252
0.982549 0.672295
0.982505 0.671331
0.98246 0.670359
0.982415 0.669381
0.982369 0.668394
0.982323 0.667401
0.982277 0.6664
0.98223 0.665391
0.982183 0.664374
0.982135 0.66335
0.982087 0.662317
0.982039 0.661277
0.98199 0.660229
0.98194 0.659173
0.981891 0.658108
0.98184 0.657035
0.981789 0.655954
0.981738 0.654865
0.981687 0.653767
0.981634 0.65266
0.981582 0.651545
0.981529 0.650421
0.981475 0.649288
0.981421 0.648146
0.981366 0.646995
0.981311 0.645835
0.981255 0.644666
0.981199 0.643487
0.981142 0.6423
0.981085 0.641102
0.981027 0.639895
0.980968 0.638679
0.980909 0.637452
0.98085 0.636216
0.98079 0.63497
0.980729 0.633714
0.980667 0.632448
0.980605 0.631171
0.980543 0.629884
0.98048 0.628587
0.980416 0.627279
0.980351 0.625961
0.980286 0.624632
0.98022 0.623292
0.980154 0.621941
0.980087 0.620579
0.980019 0.619206
0.97995 0.617821
0.979881 0.616426
0.979811 0.615019
0.97974 0.6136
0.979669 0.61217
0.979596 0.610727
0.979523 0.609273
0.979449 0.607807
0.979375 0.606329
0.9793 0.604839
0.979223 0.603336
0.979146 0.601821
0.979069 0.600294
0.97899 0.598753
0.97891 0.5972
0.97883 0.595634
0.978749 0.594055
0.978666 0.592464
0.978583 0.590858
0.978499 0.58924
0.978414 0.587608
0.978328 0.585962
0.978242 0.584303
0.978154 0.58263
0.978065 0.580944
0.977975 0.579243
0.977884 0.577528
0.977792 0.575799
0.977699 0.574056
0.977605 0.572298
0.97751 0.570526
0.977414 0.568739
0.977316 0.566937
0.977218 0.56512
0.977118 0.563289
0.977017 0.561442
0.976915 0.55958
0.976812 0.557703
0.976707 0.555811
0.976601 0.553903
0.976494 0.551979
0.976386 0.55004
0.976276 0.548085
0.976165 0.546114
0.976053 0.544127
0.975939 0.542124
0.975824 0.540105
0.975707 0.53807
0.975589 0.536018
0.97547 0.53395
0.975349 0.531866
0.975227 0.529765
0.975102 0.527647
0.974977 0.525512
0.97485 0.523361
0.974721 0.521193
0.97459 0.519008
0.974458 0.516806
0.974325 0.514587
0.974189 0.512351
0.974052 0.510097
0.973913 0.507827
0.973772 0.505539
0.973629 0.503234
0.973485 0.500912
0.973338 0.498573
0.97319 0.496216
0.973039 0.493842
0.972887 0.49145
0.972733 0.489041
0.972576 0.486615
0.972418 0.484171
0.972257 0.48171
0.972094 0.479232
0.971929 0.476736
0.971762 0.474223
0.971593 0.471693
0.971421 0.469146
0.971247 0.466581
0.97107 0.464
0.970891 0.461401
0.97071 0.458786
0.970526 0.456154
0.97034 0.453505
0.970151 0.450839
0.969959 0.448157
0.969765 0.445458
0.969568 0.442743
0.969368 0.440012
0.969165 0.437265
0.96896 0.434502
0.968751 0.431724
0.96854 0.42893
0.968326 0.426121
0.968109 0.423296
0.967888 0.420457
0.967665 0.417603
0.967438 0.414735
0.967208 0.411852
0.966975 0.408955
0.966738 0.406045
0.966498 0.403122
0.966255 0.400185
0.966008 0.397235
0.965758 0.394273
0.965504 0.391299
0.965246 0.388313
0.964984 0.385315
0.964719 0.382306
0.96445 0.379287
0.964177 0.376257
0.9639 0.373217
0.963619 0.370167
0.963334 0.367108
0.963045 0.36404
0.962751 0.360965
0.962454 0.357881
0.962152 0.354789
0.961845 0.351691
0.961534 0.348586
0.961219 0.345476
0.960899 0.342359
0.960574 0.339238
0.960245 0.336113
0.95991 0.332983
0.959571 0.32985
0.959227 0.326714
0.958878 0.323576
0.958524 0.320436
0.958164 0.317295
0.9578 0.314153
0.95743 0.311012
0.957054 0.307871
0.956674 0.304731
0.956287 0.301593
0.955895 0.298457
0.955498 0.295324
0.955094 0.292195
0.954685 0.28907
0.95427 0.28595
0.953849 0.282835
0.953422 0.279727
0.952988 0.276625
0.952549 0.27353
0.952103 0.270444
0.951651 0.267366
0.951192 0.264297
0.950727 0.261237
0.950255 0.258189
0.949776 0.255151
0.949291 0.252124
0.948799 0.24911
0.948299 0.246109
0.947793 0.243121
0.94728 0.240147
0.946759 0.237187
0.946232 0.234243
0.945696 0.231314
0.945154 0.228401
0.944604 0.225505
0.944046 0.222627
0.943481 0.219765
0.942908 0.216923
0.942327 0.214098
0.941738 0.211293
0.941141 0.208508
0.940536 0.205743
0.939923 0.202998
0.939301 0.200274
0.938672 0.197572
0.938033 0.194891
0.937387 0.192233
0.936732 0.189597
0.936068 0.186983
0.935395 0.184393
0.934714 0.181827
0.934024 0.179284
0.933324 0.176765
0.932616 0.174271
0.931899 0.171801
0.931172 0.169356
0.930436 0.166936
0.929691 0.164542
0.928936 0.162172
0.928172 0.159829
0.927398 0.157511
0.926614 0.155219
0.925821 0.152953
0.925018 0.150713
0.924205 0.148499
0.923382 0.146312
0.922549 0.144151
0.921705 0.142016
0.920852 0.139908
0.919988 0.137826
0.919114 0.135771
0.91823 0.133742
0.917335 0.13174
0.916429 0.129764
0.915513 0.127814
0.914586 0.125891
0.913648 0.123994
0.9127 0.122123
0.91174 0.120278
0.910769 0.118459
0.909788 0.116666
0.908795 0.114898
0.907791 0.113156
0.906775 0.111439
0.905749 0.109748
0.90471 0.108082
0.903661 0.10644
0.902599 0.104824
0.901526 0.103232
0.900442 0.101664
0.899345 0.100121
0.898237 0.098601
0.897116 0.0971052
0.895984 0.0956329
0.894839 0.0941839
0.893683 0.0927579
0.892514 0.0913549
0.891333 0.0899744
0.890139 0.0886163
0.888933 0.0872804
0.887715 0.0859663
0.886484 0.0846739
0.88524 0.0834028
0.883984 0.0821529
0.882715 0.0809239
0.881433 0.0797155
0.880138 0.0785274
0.87883 0.0773595
0.877509 0.0762114
0.876175 0.0750828
0.874827 0.0739736
0.873467 0.0728834
0.872093 0.0718121
0.870705 0.0707592
0.869304 0.0697247
0.86789 0.0687081
0.866462 0.0677093
0.86502 0.066728
0.863564 0.0657639
0.862095 0.0648168
0.860611 0.0638864
0.859114 0.0629725
0.857602 0.0620748
0.856077 0.061193
0.854537 0.060327
0.852983 0.0594764
0.851414 0.058641
0.849831 0.0578207
0.848234 0.057015
0.846621 0.0562238
0.844994 0.0554469
0.843353 0.0546841
0.841696 0.053935
0.840025 0.0531994
0.838339 0.0524773
0.836637 0.0517682
0.834921 0.051072
0.833189 0.0503885
0.831442 0.0497175
0.829679 0.0490587
0.827901 0.0484119
0.826108 0.047777
0.824299 0.0471536
0.822474 0.0465417
0.820633 0.0459411
0.818777 0.0453514
0.816905 0.0447726
0.815016 0.0442045
0.813112 0.0436468
0.811191 0.0430993
0.809254 0.042562
0.807301 0.0420345
0.805331 0.0415169
0.803344 0.0410087
0.801342 0.04051
0.799322 0.0400205
0.797286 0.03954
0.795233 0.0390685
0.793162 0.0386057
0.791075 0.0381515
0.788971 0.0377057
0.78685 0.0372682
0.784711 0.0368388
0.782555 0.0364175
0.780382 0.0360039
0.778191 0.0355981
0.775982 0.0351998
0.773756 0.034809
0.771513 0.0344255
0.769251 0.0340491
0.766971 0.0336798
0.764674 0.0333174
0.762358 0.0329618
0.760024 0.0326129
0.757673 0.0322705
0.755302 0.0319345
0.752914 0.0316049
0.750507 0.0312815
0.748081 0.0309642
0.745637 0.0306529
0.743175 0.0303475
0.740693 0.0300478
0.738193 0.0297539
0.735674 0.0294655
0.733136 0.0291826
0.730579 0.0289052
0.728003 0.028633
0.725408 0.028366
0.722794 0.0281042
0.720161 0.0278474
0.717508 0.0275955
0.714836 0.0273485
0.712145 0.0271063
0.709434 0.0268687
0.706704 0.0266358
0.703955 0.0264075
0.701186 0.0261836
0.698397 0.0259641
0.695589 0.025749
0.692761 0.025538
0.689913 0.0253313
0.687046 0.0251287
0.684159 0.0249301
0.681253 0.0247355
0.678326 0.0245449
0.67538 0.0243581
0.672415 0.024175
0.669429 0.0239958
0.666424 0.0238202
0.6634 0.0236482
0.660355 0.0234798
0.657291 0.0233149
0.654207 0.0231534
0.651104 0.0229954
0.647981 0.0228407
0.644839 0.0226894
0.641677 0.0225412
0.638496 0.0223963
0.635295 0.0222546
0.632075 0.022116
0.628836 0.0219804
0.625578 0.0218479
0.622301 0.0217184
0.619005 0.0215918
0.61569 0.0214681
0.612356 0.0213473
0.609004 0.0212293
0.605633 0.0211141
0.602244 0.0210017
0.598836 0.020892
0.595411 0.0207849
0.591968 0.0206805
0.588507 0.0205787
0.585028 0.0204796
0.581532 0.0203829
0.578019 0.0202888
0.574489 0.0201972
0.570942 0.020108
0.567379 0.0200213
0.563799 0.0199369
0.560204 0.019855
0.556592 0.0197754
0.552965 0.0196981
0.549323 0.0196231
0.545666 0.0195504
0.541994 0.0194799
0.538308 0.0194117
0.534608 0.0193456
0.530894 0.0192818
0.527166 0.0192201
0.523426 0.0191605
0.519673 0.0191031
0.515908 0.0190478
0.51213 0.0189945
0.508341 0.0189433
0.504541 0.0188941
0.500731 0.018847
0.49691 0.0188018
0.493079 0.0187587
0.489239 0.0187175
0.48539 0.0186783
0.481532 0.018641
0.477666 0.0186056
0.473793 0.0185722
0.469913 0.0185406
0.466026 0.0185109
0.462134 0.0184831
0.458236 0.0184571
0.454333 0.018433
0.450425 0.0184107
0.446514 0.0183902
0.442599 0.0183715
0.438682 0.0183546
0.434763 0.0183395
0.430842 0.0183262
0.42692 0.0183146
0.422998 0.0183047
0.419076 0.0182966
0.415155 0.0182902
0.411236 0.0182855
0.407318 0.0182826
0.403404 0.0182813
0.399493 0.0182817
0.395586 0.0182838
0.391683 0.0182876
0.387786 0.018293
0.383895 0.0183001
0.38001 0.0183088
0.376133 0.0183192
0.372263 0.0183312
0.368402 0.0183448
0.36455 0.0183601
0.360708 0.0183769
0.356877 0.0183954
0.353057 0.0184154
0.349248 0.018437
0.345452 0.0184603
0.341669 0.018485
0.337899 0.0185114
0.334144 0.0185393
0.330404 0.0185688
0.326679 0.0185998
0.32297 0.0186324
0.319279 0.0186665
0.315604 0.0187021
0.311947 0.0187393
0.308309 0.018778
0.30469 0.0188182
0.30109 0.0188599
0.297511 0.0189031
0.293952 0.0189478
0.290415 0.018994
0.286899 0.0190417
0.283405 0.0190908
0.279934 0.0191415
0.276486 0.0191936
0.273062 0.0192472
0.269662 0.0193023
0.266286 0.0193588
0.262936 0.0194167
0.25961 0.0194761
0.256311 0.019537
0.253037 0.0195993
0.24979 0.019663
0.246569 0.0197281
0.243376 0.0197947
0.24021 0.0198627
0.237072 0.019932
0.233962 0.0200028
0.23088 0.020075
0.227827 0.0201486
0.224802 0.0202236
0.221806 0.0203
0.21884 0.0203777
0.215903 0.0204569
0.212995 0.0205374
0.210117 0.0206192
0.207269 0.0207025
0.204451 0.020787
0.201662 0.020873
0.198904 0.0209602
0.196177 0.0210489
0.193479 0.0211388
0.190812 0.0212301
0.188175 0.0213227
0.185568 0.0214166
0.182992 0.0215119
0.180446 0.0216084
0.177931 0.0217063
0.175446 0.0218054
0.172991 0.0219059
0.170567 0.0220076
0.168172 0.0221107
0.165808 0.022215
0.163473 0.0223205
0.161169 0.0224274
0.158894 0.0225355
0.156649 0.0226448
0.154433 0.0227555
0.152247 0.0228673
0.15009 0.0229804
0.147961 0.0230948
0.145862 0.0232103
0.143791 0.0233271
0.141749 0.0234451
0.139735 0.0235644
0.13775 0.0236848
0.135792 0.0238065
0.133861 0.0239293
0.131959 0.0240534
0.130083 0.0241786
0.128234 0.024305
0.126413 0.0244326
0.124617 0.0245614
0.122848 0.0246913
0.121105 0.0248224
0.119387 0.0249546
0.117696 0.025088
0.116029 0.0252226
0.114387 0.0253583
0.11277 0.0254951
0.111177 0.0256331
0.109609 0.0257722
0.108064 0.0259124
0.106543 0.0260537
0.105046 0.0261962
0.103571 0.0263397
0.102119 0.0264844
0.10069 0.0266301
0.0992823 0.0267769
0.097897 0.0269249
0.0965333 0.0270739
0.0951911 0.027224
0.0938698 0.0273751
0.0925694 0.0275273
0.0912895 0.0276806
0.0900299 0.0278349
0.0887902 0.0279903
0.0875702 0.0281468
0.0863696 0.0283042
0.0851881 0.0284628
0.0840255 0.0286223
0.0828815 0.0287829
0.0817558 0.0289445
0.0806482 0.0291071
0.0795584 0.0292708
0.0784861 0.0294354
0.077431 0.0296011
0.076393 0.0297677
0.0753717 0.0299354
0.0743669 0.030104
0.0733784 0.0302737
0.0724058 0.0304443
0.071449 0.0306159
0.0705076 0.0307884
0.0695816 0.030962
0.0686705 0.0311365
0.0677742 0.031312
0.0668924 0.0314884
0.066025 0.0316658
0.0651716 0.0318441
0.0643321 0.0320234
0.0635062 0.0322036
0.0626937 0.0323848
0.0618943 0.0325669
0.061108 0.0327499
0.0603344 0.0329338
0.0595733 0.0331187
0.0588246 0.0333045
0.058088 0.0334912
0.0573634 0.0336788
0.0566505 0.0338674
0.0559491 0.0340568
0.0552591 0.0342471
0.0545802 0.0344383
0.0539123 0.0346305
0.0532551 0.0348235
0.0526086 0.0350174
0.0519725 0.0352121
0.0513466 0.0354078
0.0507308 0.0356043
0.0501249 0.0358018
0.0495287 0.036
0.048942 0.0361992
0.0483648 0.0363992
0.0477968 0.0366001
0.0472379 0.0368018
0.0466879 0.0370044
0.0461467 0.0372078
0.0456141 0.0374121
0.04509 0.0376172
0.0445742 0.0378232
0.0440665 0.03803
0.043567 0.0382376
0.0430753 0.0384461
0.0425914 0.0386554
0.0421151 0.0388655
0.0416463 0.0390765
0.0411849 0.0392883
0.0407308 0.0395009
0.0402838 0.0397143
0.0398437 0.0399285
0.0394106 0.0401436
0.0389842 0.0403594
0.0385644 0.0405761
0.0381512 0.0407936
0.0377444 0.0410118
0.0373438 0.0412309
0.0369495 0.0414508
0.0365613 0.0416714
0.036179 0.0418929
0.0358027 0.0421152
0.0354321 0.0423382
0.0350672 0.042562
0.0347079 0.0427867
0.034354 0.0430121
0.0340056 0.0432382
0.0336624 0.0434652
0.0333245 0.0436929
0.0329917 0.0439215
0.0326639 0.0441508
0.0323411 0.0443808
0.0320231 0.0446117
0.0317099 0.0448433
0.0314015 0.0450756
0.0310976 0.0453088
0.0307983 0.0455427
0.0305034 0.0457773
0.0302129 0.0460128
0.0299268 0.046249
0.0296449 0.0464859
0.0293671 0.0467236
0.0290935 0.0469621
0.0288239 0.0472013
0.0285582 0.0474412
0.0282964 0.047682
0.0280385 0.0479234
0.0277844 0.0481657
0.0275339 0.0484086
0.0272871 0.0486523
0.0270439 0.0488968
0.0268041 0.049142
0.0265679 0.049388
0.0263351 0.0496347
0.0261056 0.0498821
0.0258794 0.0501303
0.0256564 0.0503792
0.0254367 0.0506289
0.02522 0.0508793
0.0250065 0.0511304
0.024796 0.0513823
0.0245884 0.0516349
0.0243838 0.0518883
0.0241821 0.0521424
0.0239832 0.0523972
0.0237872 0.0526528
0.0235938 0.0529091
0.0234032 0.0531661
0.0232153 0.0534239
0.0230299 0.0536824
0.0228471 0.0539416
0.0226669 0.0542016
0.0224892 0.0544623
0.0223139 0.0547238
0.022141 0.0549859
0.0219705 0.0552488
0.0218024 0.0555125
0.0216365 0.0557769
0.0214729 0.056042
0.0213116 0.0563078
0.0211524 0.0565744
0.0209954 0.0568417
0.0208405 0.0571098
0.0206878 0.0573785
0.020537 0.0576481
0.0203884 0.0579183
0.0202417 0.0581893
0.0200969 0.058461
0.0199542 0.0587335
0.0198133 0.0590067
0.0196743 0.0592806
0.0195371 0.0595553
0.0194018 0.0598307
0.0192683 0.0601068
0.0191365 0.0603837
0.0190064 0.0606614
0.0188781 0.0609397
0.0187515 0.0612189
0.0186265 0.0614987
0.0185032 0.0617793
0.0183814 0.0620607
0.0182613 0.0623428
0.0181427 0.0626256
0.0180257 0.0629092
0.0179101 0.0631935
0.0177961 0.0634786
0.0176836 0.0637645
0.0175725 0.0640511
0.0174628 0.0643384
0.0173545 0.0646265
0.0172476 0.0649154
0.0171421 0.065205
0.017038 0.0654954
0.0169352 0.0657865
0.0168336 0.0660784
0.0167334 0.0663711
0.0166344 0.0666645
0.0165367 0.0669587
0.0164403 0.0672537
0.016345 0.0675494
0.016251 0.0678459
0.0161581 0.0681432
0.0160664 0.0684413
0.0159759 0.0687401
0.0158865 0.0690397
0.0157982 0.0693401
0.015711 0.0696413
0.0156249 0.0699433
0.0155398 0.0702461
0.0154559 0.0705496
0.0153729 0.0708539
0.015291 0.0711591
0.0152101 0.071465
0.0151303 0.0717718
0.0150514 0.0720793
0.0149734 0.0723876
0.0148965 0.0726968
0.0148204 0.0730068
0.0147454 0.0733175
0.0146712 0.0736291
0.0145979 0.0739415
0.0145256 0.0742547
0.0144541 0.0745688
0.0143835 0.0748837
0.0143138 0.0751994
0.0142449 0.0755159
0.0141769 0.0758333
0.0141096 0.0761515
0.0140432 0.0764705
0.0139776 0.0767904
0.0139128 0.0771111
0.0138488 0.0774327
0.0137856 0.0777552
0.0137231 0.0780784
0.0136614 0.0784026
0.0136004 0.0787276
0.0135402 0.0790535
0.0134807 0.0793803
0.0134219 0.0797079
0.0133638 0.0800364
0.0133065 0.0803658
0.0132498 0.080696
0.0131938 0.0810272
0.0131384 0.0813593
0.0130838 0.0816922
0.0130298 0.0820261
0.0129764 0.0823608
0.0129237 0.0826965
0.0128716 0.083033
0.0128202 0.0833705
0.0127693 0.0837089
0.0127191 0.0840483
0.0126695 0.0843885
0.0126204 0.0847297
0.012572 0.0850719
0.0125241 0.0854149
0.0124769 0.085759
0.0124301 0.0861039
0.012384 0.0864499
0.0123384 0.0867968
0.0122933 0.0871446
0.0122488 0.0874934
0.0122049 0.0878432
0.0121614 0.088194
0.0121185 0.0885458
0.0120761 0.0888986
0.0120342 0.0892523
0.0119928 0.0896071
0.0119519 0.0899628
0.0119115 0.0903196
0.0118716 0.0906774
0.0118322 0.0910362
0.0117933 0.091396
0.0117548 0.0917569
0.0117168 0.0921188
0.0116792 0.0924818
0.0116421 0.0928458
0.0116055 0.0932108
0.0115693 0.093577
0.0115336 0.0939442
0.0114983 0.0943124
0.0114634 0.0946818
0.0114289 0.0950522
0.0113949 0.0954237
0.0113613 0.0957964
0.0113281 0.0961701
0.0112953 0.0965449
0.0112629 0.0969209
0.011231 0.097298
0.0111994 0.0976762
0.0111682 0.0980555
0.0111374 0.0984361
0.011107 0.0988177
0.0110769 0.0992005
0.0110473 0.0995845
0.011018 0.0999696
0.0109891 0.100356
0.0109605 0.100744
0.0109324 0.101132
0.0109045 0.101522
0.0108771 0.101913
0.01085 0.102306
0.0108232 0.102699
0.0107968 0.103094
0.0107707 0.10349
0.0107449 0.103887
0.0107195 0.104286
0.0106945 0.104686
0.0106697 0.105087
0.0106453 0.105489
0.0106212 0.105893
0.0105974 0.106298
0.0105739 0.106704
0.0105508 0.107112
0.010528 0.107521
0.0105054 0.107931
0.0104832 0.108343
0.0104613 0.108755
0.0104397 0.10917
0.0104184 0.109585
0.0103973 0.110003
0.0103766 0.110421
0.0103562 0.110841
0.010336 0.111262
0.0103161 0.111685
0.0102965 0.112109
0.0102772 0.112534
0.0102582 0.112961
0.0102395 0.11339
0.010221 0.11382
0.0102028 0.114251
0.0101848 0.114684
0.0101671 0.115119
0.0101497 0.115554
0.0101326 0.115992
0.0101157 0.116431
0.0100991 0.116871
0.0100827 0.117313
0.0100666 0.117757
0.0100507 0.118202
0.0100351 0.118649
0.0100198 0.119098
0.0100047 0.119548
0.00998978 0.119999
0.00997516 0.120452
0.00996077 0.120907
0.00994663 0.121364
0.00993273 0.121822
0.00991906 0.122282
0.00990563 0.122744
0.00989243 0.123207
0.00987946 0.123672
0.00986672 0.124139
0.00985422 0.124608
0.00984194 0.125078
0.00982989 0.12555
0.00981806 0.126024
0.00980645 0.1265
0.00979507 0.126978
0.00978391 0.127457
0.00977296 0.127938
0.00976224 0.128421
0.00975173 0.128906
0.00974144 0.129393
0.00973136 0.129882
0.00972149 0.130373
0.00971184 0.130866
0.0097024 0.13136
0.00969316 0.131857
0.00968414 0.132355
0.00967532 0.132856
0.00966671 0.133359
0.0096583 0.133863
0.0096501 0.13437
0.0096421 0.134879
0.0096343 0.13539
0.0096267 0.135903
0.00961931 0.136418
0.00961211 0.136935
0.00960511 0.137454
0.00959831 0.137976
0.00959171 0.1385
0.0095853 0.139026
0.00957909 0.139554
0.00957307 0.140084
0.00956724 0.140617
0.00956161 0.141152
0.00955617 0.141689
0.00955092 0.142229
0.00954586 0.142771
0.00954099 0.143315
0.00953631 0.143862
0.00953182 0.144411
0.00952752 0.144962
0.00952341 0.145516
0.00951948 0.146073
0.00951574 0.146632
0.00951218 0.147193
0.00950881 0.147757
0.00950563 0.148324
0.00950263 0.148893
0.00949981 0.149465
0.00949717 0.150039
0.00949472 0.150616
0.00949246 0.151196
0.00949037 0.151778
0.00948847 0.152363
0.00948674 0.152951
0.0094852 0.153541
0.00948384 0.154135
0.00948266 0.154731
0.00948167 0.15533
0.00948085 0.155932
0.00948021 0.156536
0.00947975 0.157144
0.00947947 0.157755
0.00947937 0.158368
0.00947945 0.158985
0.00947971 0.159605
0.00948014 0.160227
0.00948076 0.160853
0.00948155 0.161482
0.00948253 0.162114
0.00948368 0.162749
0.00948501 0.163388
0.00948652 0.164029
0.0094882 0.164674
0.00949007 0.165322
0.00949212 0.165974
0.00949434 0.166628
0.00949674 0.167287
0.00949933 0.167948
0.00950209 0.168613
0.00950503 0.169282
0.00950815 0.169954
0.00951145 0.170629
0.00951493 0.171309
0.00951859 0.171991
0.00952243 0.172678
0.00952645 0.173368
0.00953065 0.174062
0.00953503 0.174759
0.0095396 0.175461
0.00954434 0.176166
0.00954927 0.176875
0.00955438 0.177588
0.00955968 0.178305
0.00956516 0.179026
0.00957082 0.179751
0.00957667 0.18048
0.0095827 0.181213
0.00958892 0.18195
0.00959532 0.182692
0.00960191 0.183438
0.00960869 0.184187
0.00961565 0.184942
0.00962281 0.1857
0.00963015 0.186463
0.00963768 0.187231
0.0096454 0.188003
0.00965332 0.188779
0.00966143 0.18956
0.00966972 0.190346
0.00967822 0.191136
0.00968691 0.191931
0.00969579 0.192731
0.00970487 0.193536
0.00971414 0.194345
0.00972362 0.19516
0.00973329 0.195979
0.00974316 0.196803
0.00975324 0.197633
0.00976352 0.198467
0.00977399 0.199307
0.00978468 0.200152
0.00979557 0.201003
0.00980666 0.201858
0.00981797 0.202719
0.00982948 0.203586
0.0098412 0.204458
0.00985313 0.205335
0.00986528 0.206219
0.00987764 0.207108
0.00989022 0.208002
0.00990301 0.208903
0.00991602 0.209809
0.00992925 0.210721
0.0099427 0.21164
0.00995638 0.212564
0.00997028 0.213495
0.0099844 0.214432
0.00999876 0.215375
0.0100133 0.216324
0.0100282 0.21728
0.0100432 0.218242
0.0100585 0.219211
0.010074 0.220186
0.0100897 0.221168
0.0101057 0.222157
0.010122 0.223153
0.0101385 0.224155
0.0101552 0.225165
0.0101722 0.226182
0.0101894 0.227206
0.0102069 0.228237
0.0102246 0.229275
0.0102426 0.230321
0.0102608 0.231374
0.0102793 0.232435
0.0102981 0.233503
0.0103172 0.23458
0.0103365 0.235664
0.010356 0.236755
0.0103759 0.237855
0.010396 0.238963
0.0104164 0.24008
0.0104371 0.241204
0.0104581 0.242337
0.0104794 0.243478
0.0105009 0.244628
0.0105228 0.245786
0.0105449 0.246954
0.0105674 0.24813
0.0105901 0.249315
0.0106132 0.250509
0.0106365 0.251712
0.0106602 0.252925
0.0106842 0.254147
0.0107085 0.255378
0.0107332 0.256619
0.0107581 0.25787
0.0107834 0.25913
0.0108091 0.260401
0.010835 0.261681
0.0108613 0.262972
0.010888 0.264273
0.010915 0.265584
0.0109424 0.266906
0.0109701 0.268239
0.0109982 0.269582
0.0110266 0.270936
0.0110554 0.272301
0.0110846 0.273678
0.0111142 0.275065
0.0111442 0.276464
0.0111745 0.277875
0.0112053 0.279297
0.0112364 0.280731
0.011268 0.282177
0.0113 0.283635
0.0113323 0.285106
0.0113652 0.286589
0.0113984 0.288084
0.0114321 0.289592
0.0114662 0.291113
0.0115007 0.292646
0.0115357 0.294193
0.0115712 0.295753
0.0116071 0.297327
0.0116435 0.298914
0.0116804 0.300515
0.0117178 0.30213
0.0117556 0.303759
0.011794 0.305402
0.0118328 0.307059
0.0118722 0.308731
0.0119121 0.310418
0.0119525 0.312119
0.0119934 0.313836
0.0120349 0.315568
0.0120769 0.317315
0.0121195 0.319078
0.0121627 0.320857
0.0122064 0.322651
0.0122508 0.324462
0.0122957 0.326289
0.0123412 0.328132
0.0123873 0.329993
0.0124341 0.331869
0.0124814 0.333763
0.0125295 0.335675
0.0125781 0.337603
0.0126275 0.339549
0.0126775 0.341513
0.0127282 0.343495
0.0127795 0.345496
0.0128316 0.347514
0.0128844 0.349551
0.0129379 0.351607
0.0129922 0.353682
0.0130472 0.355776
0.013103 0.357889
0.0131595 0.360022
0.0132169 0.362174
0.013275 0.364347
0.013334 0.366539
0.0133938 0.368752
0.0134544 0.370986
0.0135159 0.37324
0.0135782 0.375515
0.0136415 0.377811
0.0137056 0.380129
0.0137707 0.382468
0.0138367 0.384829
0.0139037 0.387212
0.0139716 0.389616
0.0140405 0.392044
0.0141104 0.394493
0.0141813 0.396965
0.0142532 0.39946
0.0143262 0.401978
0.0144003 0.40452
0.0144755 0.407084
0.0145518 0.409672
0.0146292 0.412284
0.0147077 0.41492
0.0147875 0.41758
0.0148684 0.420264
0.0149506 0.422972
0.0150339 0.425705
0.0151186 0.428463
0.0152045 0.431245
0.0152917 0.434052
0.0153803 0.436884
0.0154702 0.439742
0.0155615 0.442625
0.0156542 0.445533
0.0157484 0.448466
0.015844 0.451425
0.0159411 0.45441
0.0160396 0.45742
0.0161398 0.460457
0.0162415 0.463519
0.0163448 0.466607
0.0164497 0.469721
0.0165563 0.47286
0.0166646 0.476026
0.0167746 0.479218
0.0168864 0.482435
0.017 0.485679
0.0171153 0.488948
0.0172326 0.492243
0.0173517 0.495564
0.0174727 0.49891
0.0175958 0.502282
0.0177208 0.505679
0.0178479 0.509102
0.017977 0.512549
0.0181082 0.516022
0.0182417 0.519519
0.0183773 0.523041
0.0185151 0.526587
0.0186553 0.530157
0.0187977 0.533751
0.0189425 0.537369
0.0190898 0.541009
0.0192395 0.544673
0.0193917 0.548359
0.0195464 0.552067
0.0197038 0.555797
0.0198637 0.559548
0.0200264 0.56332
0.0201919 0.567112
0.0203601 0.570924
0.0205312 0.574756
0.0207052 0.578606
0.0208821 0.582475
0.021062 0.586361
0.021245 0.590265
0.0214312 0.594184
0.0216205 0.59812
0.021813 0.60207
0.0220088 0.606035
0.022208 0.610013
0.0224105 0.614004
0.0226166 0.618007
0.0228262 0.622021
0.0230393 0.626046
0.0232561 0.63008
0.0234767 0.634122
0.023701 0.638172
0.0239291 0.642229
0.0241612 0.646292
0.0243972 0.65036
0.0246373 0.654431
0.0248815 0.658505
0.0251299 0.662581
0.0253825 0.666658
0.0256395 0.670735
0.0259008 0.67481
0.0261666 0.678883
0.0264369 0.682953
0.0267118 0.687017
0.0269913 0.691076
0.0272757 0.695129
0.0275648 0.699173
0.0278588 0.703208
0.0281578 0.707233
0.0284618 0.711247
0.0287709 0.715248
0.0290852 0.719236
0.0294048 0.723209
0.0297297 0.727166
0.03006 0.731107
0.0303958 0.735029
0.0307372 0.738932
0.0310842 0.742816
0.0314369 0.746677
0.0317954 0.750517
0.0321597 0.754333
0.03253 0.758125
0.0329063 0.761892
0.0332887 0.765633
0.0336773 0.769346
0.0340721 0.773031
0.0344732 0.776687
0.0348808 0.780314
0.0352948 0.783909
0.0357153 0.787473
0.0361425 0.791005
0.0365763 0.794503
0.0370169 0.797968
0.0374644 0.801398
0.0379188 0.804793
0.0383802 0.808153
0.0388486 0.811476
0.0393242 0.814762
0.0398069 0.81801
0.040297 0.821221
0.0407944 0.824393
0.0412992 0.827527
0.0418115 0.830621
0.0423314 0.833676
0.0428589 0.836691
0.0433942 0.839666
0.0439371 0.842601
0.044488 0.845495
0.0450467 0.848348
0.0456134 0.851161
0.0461881 0.853932
0.0467709 0.856663
0.0473619 0.859353
0.0479611 0.862001
0.0485687 0.864609
0.0491845 0.867175
0.0498088 0.869701
0.0504416 0.872185
0.0510829 0.874629
0.0517329 0.877033
0.0523915 0.879396
0.0530588 0.881719
0.0537349 0.884003
0.0544199 0.886246
0.0551137 0.88845
0.0558165 0.890616
0.0565284 0.892742
0.0572493 0.89483
0.0579793 0.89688
0.0587185 0.898892
0.059467 0.900866
0.0602248 0.902804
0.0609919 0.904705
0.0617684 0.90657
0.0625544 0.908399
0.0633498 0.910193
0.0641549 0.911952
0.0649696 0.913677
0.0657939 0.915367
0.0666279 0.917024
0.0674718 0.918649
0.0683254 0.92024
0.0691889 0.9218
0.0700623 0.923328
0.0709458 0.924824
0.0718392 0.926291
0.0727427 0.927727
0.0736563 0.929133
0.0745801 0.93051
0.0755141 0.931859
0.0764584 0.933179
0.077413 0.934472
0.0783779 0.935738
0.0793533 0.936977
0.0803391 0.938189
0.0813355 0.939376
0.0823424 0.940538
0.0833599 0.941675
0.084388 0.942787
0.0854269 0.943876
0.0864765 0.944942
0.0875369 0.945984
0.0886082 0.947004
0.0896903 0.948002
0.0907834 0.948978
0.0918875 0.949933
0.0930026 0.950868
0.0941288 0.951782
0.0952661 0.952676
0.0964147 0.953551
0.0975744 0.954407
0.0987455 0.955244
0.0999278 0.956063
0.101122 0.956864
0.102327 0.957647
0.103543 0.958413
0.104772 0.959163
0.106011 0.959896
0.107263 0.960613
0.108526 0.961315
0.109801 0.962001
0.111087 0.962672
0.112386 0.963328
0.113696 0.96397
0.115019 0.964598
0.116353 0.965213
0.117699 0.965814
0.119058 0.966401
0.120428 0.966976
0.121811 0.967539
0.123206 0.968089
0.124614 0.968627
0.126034 0.969154
0.127466 0.969669
0.128911 0.970173
0.130368 0.970666
0.131838 0.971148
0.13332 0.97162
0.134816 0.972082
0.136324 0.972533
0.137845 0.972975
0.139379 0.973408
0.140926 0.973831
0.142485 0.974245
0.144058 0.97465
0.145644 0.975046
0.147244 0.975434
0.148856 0.975814
0.150482 0.976186
0.152122 0.976549
0.153775 0.976905
0.155441 0.977254
0.157121 0.977595
0.158815 0.977928
0.160522 0.978255
0.162243 0.978575
0.163978 0.978888
0.165727 0.979194
0.16749 0.979494
0.169267 0.979788
0.171059 0.980075
0.172864 0.980357
0.174684 0.980632
0.176518 0.980902
0.178366 0.981167
0.18023 0.981425
0.182107 0.981679
0.183999 0.981927
0.185906 0.98217
0.187828 0.982408
0.189765 0.982641
0.191716 0.982869
0.193683 0.983092
0.195665 0.983311
0.197662 0.983526
0.199674 0.983736
0.201701 0.983941
0.203744 0.984143
0.205802 0.98434
0.207876 0.984534
0.209966 0.984723
0.212071 0.984909
0.214192 0.985091
0.216328 0.985269
0.218481 0.985443
0.22065 0.985614
0.222834 0.985782
0.225035 0.985946
0.227252 0.986106
0.229486 0.986264
0.231736 0.986418
0.234002 0.98657
0.236284 0.986718
0.238584 0.986863
0.2409 0.987005
0.243232 0.987145
0.245582 0.987281
0.247948 0.987415
0.250332 0.987546
0.252732 0.987675
0.255149 0.987801
0.257584 0.987924
0.260036 0.988045
0.262505 0.988163
0.264991 0.988279
0.267495 0.988393
0.270016 0.988505
0.272555 0.988614
0.275111 0.988721
0.277685 0.988826
0.280277 0.988928
0.282886 0.989029
0.285513 0.989128
0.288158 0.989224
0.290821 0.989319
0.293502 0.989411
0.296201 0.989502
0.298918 0.989591
0.301652 0.989678
0.304405 0.989764
0.307177 0.989847
0.309966 0.989929
0.312773 0.990009
0.315599 0.990088
0.318443 0.990164
0.321305 0.99024
0.324185 0.990313
0.327083 0.990385
0.33 0.990456
0.332935 0.990525
0.335889 0.990592
0.33886 0.990659
0.34185 0.990723
0.344858 0.990787
0.347884 0.990848
0.350928 0.990909
0.353991 0.990968
0.357071 0.991026
0.36017 0.991083
0.363287 0.991138
0.366421 0.991192
0.369574 0.991245
0.372744 0.991296
0.375933 0.991347
0.379138 0.991396
0.382362 0.991444
0.385603 0.991491
0.388861 0.991537
0.392137 0.991581
0.39543 0.991625
0.39874 0.991667
0.402067 0.991709
0.405411 0.991749
0.408772 0.991788
0.412149 0.991827
0.415542 0.991864
0.418952 0.9919
0.422378 0.991936
0.42582 0.99197
0.429277 0.992003
0.43275 0.992036
0.436238 0.992067
0.439742 0.992097
0.44326 0.992127
0.446793 0.992156
0.45034 0.992183
0.453901 0.99221
0.457476 0.992236
0.461065 0.992261
0.464667 0.992286
0.468282 0.992309
0.47191 0.992332
0.47555 0.992353
0.479202 0.992374
0.482866 0.992394
0.486542 0.992414
0.490228 0.992432
0.493925 0.99245
0.497633 0.992467
0.501351 0.992483
0.505078 0.992498
0.508814 0.992513
0.512559 0.992526
0.516312 0.992539
0.520074 0.992552
0.523843 0.992563
0.527618 0.992574
0.531401 0.992584
0.535189 0.992593
0.538983 0.992602
0.542783 0.99261
0.546587 0.992617
0.550395 0.992623
0.554207 0.992629
0.558022 0.992634
0.561839 0.992639
0.565659 0.992642
0.56948 0.992645
0.573302 0.992648
0.577125 0.992649
0.580947 0.99265
0.584769 0.99265
0.58859 0.99265
0.592408 0.992649
0.596225 0.992647
0.600038 0.992645
0.603848 0.992642
0.607654 0.992638
0.611455 0.992634
0.615251 0.992629
0.61904 0.992623
0.622824 0.992617
0.6266 0.99261
0.630368 0.992602
0.634128 0.992594
0.637879 0.992585
0.641621 0.992576
0.645352 0.992566
0.649073 0.992555
0.652783 0.992544
0.65648 0.992532
0.660165 0.992519
0.663837 0.992506
0.667496 0.992492
0.67114 0.992478
0.674769 0.992463
0.678383 0.992447
0.681981 0.992431
0.685563 0.992414
0.689127 0.992397
0.692674 0.992379
0.696203 0.99236
0.699714 0.992341
0.703205 0.992321
0.706677 0.9923
0.710129 0.992279
0.71356 0.992258
0.71697 0.992236
0.720359 0.992213
0.723726 0.99219
0.72707 0.992166
0.730392 0.992141
0.73369 0.992116
0.736965 0.992091
0.740216 0.992064
0.743443 0.992038
0.746645 0.99201
0.749822 0.991982
0.752974 0.991954
0.7561 0.991925
0.7592 0.991895
0.762274 0.991865
0.765321 0.991834
0.768342 0.991803
0.771335 0.991771
0.774302 0.991739
0.777241 0.991706
0.780152 0.991672
0.783036 0.991638
0.785891 0.991604
0.788719 0.991569
0.791518 0.991533
0.794288 0.991497
0.797031 0.99146
0.799744 0.991423
0.802429 0.991385
0.805085 0.991347
0.807712 0.991308
0.81031 0.991269
0.81288 0.991229
0.81542 0.991188
0.817932 0.991147
0.820415 0.991106
0.822868 0.991064
0.825293 0.991021
0.827689 0.990978
0.830056 0.990935
0.832395 0.990891
0.834705 0.990846
0.836986 0.990801
0.839239 0.990756
0.841463 0.99071
0.843659 0.990663
0.845827 0.990616
0.847967 0.990569
0.850079 0.990521
0.852164 0.990472
0.854221 0.990423
0.85625 0.990374
0.858253 0.990324
0.860228 0.990274
0.862176 0.990223
0.864098 0.990172
0.865993 0.99012
0.867863 0.990068
0.869706 0.990015
0.871523 0.989962
0.873314 0.989908
0.875081 0.989854
0.876822 0.989799
0.878538 0.989744
0.880229 0.989689
0.881896 0.989633
0.883539 0.989577
0.885158 0.98952
0.886753 0.989463
0.888324 0.989405
0.889873 0.989347
0.891398 0.989289
0.892901 0.98923
0.894381 0.98917
0.895839 0.989111
0.897275 0.98905
0.898689 0.98899
0.900083 0.988929
0.901454 0.988867
0.902805 0.988806
0.904136 0.988743
0.905446 0.988681
0.906736 0.988618
0.908006 0.988554
0.909256 0.98849
0.910487 0.988426
0.911699 0.988362
0.912892 0.988297
0.914067 0.988231
0.915224 0.988165
0.916362 0.988099
0.917483 0.988033
0.918586 0.987966
0.919671 0.987899
0.92074 0.987831
0.921792 0.987763
0.922827 0.987695
0.923846 0.987626
0.924849 0.987557
0.925837 0.987487
0.926808 0.987418
0.927765 0.987347
0.928706 0.987277
0.929632 0.987206
0.930544 0.987135
0.931441 0.987063
0.932324 0.986992
0.933193 0.986919
0.934048 0.986847
0.93489 0.986774
0.935718 0.986701
0.936533 0.986627
0.937335 0.986554
0.938125 0.98648
0.938902 0.986405
0.939667 0.98633
0.940419 0.986255
0.94116 0.98618
0.941889 0.986104
0.942606 0.986028
0.943313 0.985952
0.944007 0.985875
0.944691 0.985799
0.945365 0.985721
0.946027 0.985644
0.946679 0.985566
0.947321 0.985488
0.947953 0.98541
0.948574 0.985331
0.949186 0.985252
0.949789 0.985173
0.950382 0.985094
0.950965 0.985014
0.95154 0.984934
0.952106 0.984854
0.952662 0.984774
0.95321 0.984693
0.95375 0.984612
0.954281 0.984531
0.954804 0.984449
0.955318 0.984368
0.955825 0.984286
0.956324 0.984203
0.956815 0.984121
0.957299 0.984038
0.957775 0.983955
0.958244 0.983872
0.958706 0.983789
0.95916 0.983705
0.959608 0.983621
0.960048 0.983537
0.960482 0.983453
0.96091 0.983368
0.961331 0.983283
0.961745 0.983198
0.962153 0.983113
0.962556 0.983028
0.962952 0.982942
0.963342 0.982856
0.963726 0.98277
0.964104 0.982684
0.964477 0.982598
0.964844 0.982511
0.965205 0.982424
0.965562 0.982337
0.965913 0.98225
0.966258 0.982162
0.966599 0.982075
0.966934 0.981987
0.967265 0.981899
0.967591 0.981811
0.967912 0.981723
0.968228 0.981634
0.96854 0.981545
0.968847 0.981457
0.969149 0.981368
0.969447 0.981278
0.969741 0.981189
0.970031 0.9811
0.970316 0.98101
0.970598 0.98092
0.970875 0.98083
0.971148 0.98074
0.971417 0.98065
0.971683 0.980559
0.971945 0.980468
0.972203 0.980378
0.972457 0.980287
0.972708 0.980196
0.972955 0.980105
0.973198 0.980013
0.973439 0.979922
0.973676 0.97983
0.973909 0.979738
0.974139 0.979647
0.974367 0.979555
0.97459 0.979462
0.974811 0.97937
0.975029 0.979278
0.975244 0.979185
0.975456 0.979093
0.975664 0.979
0.97587 0.978907
0.976074 0.978814
0.976274 0.978721
0.976472 0.978628
0.976667 0.978534
0.976859 0.978441
0.977049 0.978347
0.977236 0.978254
0.977421 0.97816
0.977603 0.978066
0.977783 0.977972
0.97796 0.977878
0.978135 0.977784
0.978308 0.97769
0.978478 0.977595
0.978646 0.977501
0.978812 0.977406
0.978976 0.977312
0.979138 0.977217
0.979297 0.977122
0.979455 0.977027
0.97961 0.976932
0.979763 0.976837
0.979915 0.976742
0.980064 0.976647
0.980211 0.976552
0.980357 0.976457
0.980501 0.976361
0.980642 0.976266
0.980782 0.97617
0.980921 0.976075
0.981057 0.975979
0.981192 0.975883
0.981325 0.975787
0.981456 0.975691
0.981586 0.975595
0.981714 0.975499
0.98184 0.975403
0.981965 0.975307
0.982089 0.975211
0.98221 0.975115
0.982331 0.975019
0.982449 0.974922
0.982567 0.974826
0.982683 0.97473
0.982797 0.974633
0.98291 0.974537
0.983022 0.97444
0.983132 0.974344
0.983241 0.974247
0.983349 0.97415
0.983455 0.974053
0.98356 0.973957
0.983664 0.97386
0.983766 0.973763
0.983868 0.973666
0.983968 0.973569
0.984067 0.973472
0.984164 0.973376
0.984261 0.973279
0.984356 0.973182
0.98445 0.973085
0.984544 0.972987
0.984636 0.97289
0.984727 0.972793
0.984817 0.972696
0.984905 0.972599
0.984993 0.972502
0.98508 0.972405
0.985166 0.972308
0.985251 0.97221
0.985334 0.972113
0.985417 0.972016
0.985499 0.971919
0.98558 0.971821
0.98566 0.971724
0.985739 0.971627
0.985817 0.97153
0.985895 0.971432
0.985971 0.971335
0.986047 0.971238
0.986121 0.97114
0.986195 0.971043
0.986268 0.970946
0.98634 0.970849
0.986412 0.970751
0.986482 0.970654
0.986552 0.970557
0.986621 0.970459
0.98669 0.970362
0.986757 0.970265
0.986824 0.970167
0.98689 0.97007
0.986955 0.969973
0.98702 0.969876
0.987084 0.969778
0.987147 0.969681
0.987209 0.969584
0.987271 0.969487
0.987332 0.96939
0.987393 0.969292
0.987452 0.969195
0.987512 0.969098
0.98757 0.969001
0.987628 0.968904
0.987685 0.968807
0.987742 0.96871
0.987798 0.968613
0.987854 0.968516
0.987908 0.968419
0.987963 0.968322
0.988016 0.968225
0.988069 0.968128
0.988122 0.968031
0.988174 0.967934
0.988226 0.967837
0.988276 0.96774
0.988327 0.967644
0.988377 0.967547
0.988426 0.96745
0.988475 0.967354
0.988523 0.967257
0.988571 0.96716
0.988618 0.967064
0.988665 0.966967
0.988712 0.966871
0.988757 0.966774
0.988803 0.966678
0.988848 0.966581
0.988892 0.966485
0.988936 0.966389
0.98898 0.966292
0.989023 0.966196
0.989066 0.9661
0.989108 0.966004
0.98915 0.965907
0.989191 0.965811
0.989232 0.965715
0.989273 0.965619
0.989313 0.965523
0.989353 0.965427
0.989392 0.965332
0.989431 0.965236
0.98947 0.96514
0.989508 0.965044
0.989546 0.964949
0.989583 0.964853
0.98962 0.964757
0.989657 0.964662
0.989693 0.964566
0.989729 0.964471
0.989765 0.964375
0.9898 0.96428
0.989835 0.964185
0.989869 0.96409
0.989904 0.963995
0.989937 0.963899
0.989971 0.963804
0.990004 0.963709
0.990037 0.963614
0.99007 0.963519
0.990102 0.963425
0.990134 0.96333
0.990166 0.963235
0.990197 0.96314
0.990228 0.963046
0.990259 0.962951
0.990289 0.962857
0.990319 0.962762
0.990349 0.962668
0.990379 0.962574
0.990408 0.96248
0.990437 0.962385
0.990466 0.962291
0.990494 0.962197
0.990522 0.962103
0.99055 0.962009
0.990578 0.961915
0.990605 0.961822
0.990633 0.961728
0.990659 0.961634
0.990686 0.961541
0.990712 0.961447
0.990738 0.961354
0.990764 0.96126
0.99079 0.961167
0.990815 0.961074
0.990841 0.96098
0.990865 0.960887
0.99089 0.960794
0.990915 0.960701
0.990939 0.960608
0.990963 0.960515
0.990987 0.960423
0.99101 0.96033
0.991033 0.960237
0.991056 0.960145
0.991079 0.960052
0.991102 0.95996
0.991125 0.959867
0.991147 0.959775
0.991169 0.959683
0.991191 0.959591
0.991212 0.959499
0.991234 0.959407
0.991255 0.959315
0.991276 0.959223
0.991297 0.959131
0.991318 0.959039
0.991338 0.958948
0.991358 0.958856
0.991379 0.958765
0.991398 0.958673
0.991418 0.958582
0.991438 0.958491
0.991457 0.9584
0.991476 0.958309
0.991495 0.958218
0.991514 0.958127
0.991533 0.958036
0.991551 0.957945
0.99157 0.957854
0.991588 0.957764
0.991606 0.957673
0.991624 0.957583
0.991641 0.957492
0.991659 0.957402
0.991676 0.957312
0.991694 0.957222
0.991711 0.957131
0.991728 0.957041
0.991744 0.956952
0.991761 0.956862
0.991777 0.956772
0.991794 0.956682
0.99181 0.956593
0.991826 0.956503
0.991842 0.956414
0.991857 0.956324
0.991873 0.956235
0.991888 0.956146
0.991904 0.956057
0.991919 0.955968
0.991934 0.955879
0.991949 0.95579
0.991963 0.955701
0.991978 0.955613
0.991993 0.955524
0.992007 0.955436
0.992021 0.955347
0.992035 0.955259
0.992049 0.95517
0.992063 0.955082
0.992077 0.954994
0.99209 0.954906
0.992104 0.954818
0.992117 0.95473
0.992131 0.954643
0.992144 0.954555
0.992157 0.954467
0.99217 0.95438
0.992182 0.954292
0.992195 0.954205
0.992208 0.954118
0.99222 0.954031
0.992232 0.953944
0.992244 0.953857
0.992257 0.95377
0.992269 0.953683
0.99228 0.953596
0.992292 0.953509
0.992304 0.953423
0.992315 0.953336
0.992327 0.95325
0.992338 0.953164
0.99235 0.953077
0.992361 0.952991
0.992372 0.952905
0.992383 0.952819
0.992394 0.952733
0.992404 0.952648
0.992415 0.952562
0.992426 0.952476
0.992436 0.952391
0.992447 0.952305
0.992457 0.95222
0.992467 0.952135
0.992477 0.952049
0.992487 0.951964
0.992497 0.951879
0.992507 0.951794
0.992517 0.95171
0.992526 0.951625
0.992536 0.95154
0.992545 0.951456
0.992555 0.951371
0.992564 0.951287
0.992573 0.951202
0.992582 0.951118
0.992592 0.951034
0.992601 0.95095
0.992609 0.950866
0.992618 0.950782
0.992627 0.950698
0.992636 0.950615
0.992644 0.950531
0.992653 0.950448
0.992661 0.950364
0.99267 0.950281
0.992678 0.950197
0.992686 0.950114
0.992694 0.950031
0.992702 0.949948
0.99271 0.949865
0.992718 0.949783
0.992726 0.9497
0.992734 0.949617
0.992741 0.949535
0.992749 0.949452
0.992757 0.94937
0.992764 0.949287
0.992772 0.949205
0.992779 0.949123
0.992786 0.949041
0.992793 0.948959
0.992801 0.948877
0.992808 0.948795
0.992815 0.948714
0.992822 0.948632
0.992828 0.948551
0.992835 0.948469
0.992842 0.948388
0.992849 0.948307
0.992855 0.948226
0.992862 0.948145
0.992868 0.948064
0.992875 0.947983
0.992881 0.947902
0.992888 0.947821
0.992894 0.947741
0.9929 0.94766
0.992906 0.94758
0.992912 0.947499
0.992918 0.947419
0.992924 0.947339
0.99293 0.947259
0.992936 0.947179
0.992942 0.947099
0.992948 0.947019
0.992953 0.946939
0.992959 0.946859
0.992965 0.94678
0.99297 0.9467
0.992976 0.946621
0.992981 0.946542
0.992986 0.946462
0.992992 0.946383
0.992997 0.946304
0.993002 0.946225
0.993007 0.946146
0.993013 0.946068
0.993018 0.945989
0.993023 0.94591
0.993028 0.945832
0.993033 0.945753
0.993037 0.945675
0.993042 0.945597
0.993047 0.945518
0.993052 0.94544
0.993057 0.945362
0.993061 0.945284
0.993066 0.945206
0.99307 0.945129
0.993075 0.945051
0.993079 0.944973
0.993084 0.944896
0.993088 0.944819
0.993092 0.944741
0.993097 0.944664
0.993101 0.944587
0.993105 0.94451
0.993109 0.944433
0.993113 0.944356
0.993117 0.944279
0.993121 0.944202
0.993125 0.944126
0.993129 0.944049
0.993133 0.943973
0.993137 0.943896
0.993141 0.94382
0.993145 0.943744
0.993148 0.943668
0.993152 0.943592
0.993156 0.943516
0.993159 0.94344
0.993163 0.943364
0.993167 0.943288
0.99317 0.943213
0.993174 0.943137
0.993177 0.943062
0.99318 0.942986
0.993184 0.942911
0.993187 0.942836
0.99319 0.942761
0.993194 0.942685
0.993197 0.942611
0.9932 0.942536
0.993203 0.942461
0.993206 0.942386
0.993209 0.942312
0.993212 0.942237
0.993215 0.942163
0.993218 0.942088
0.993221 0.942014
0.993224 0.94194
0.993227 0.941866
0.99323 0.941792
0.993233 0.941718
0.993235 0.941644
0.993238 0.94157
0.993241 0.941496
0.993243 0.941423
0.993246 0.941349
0.993249 0.941276
0.993251 0.941202
0.993254 0.941129
0.993256 0.941056
0.993259 0.940982
0.993261 0.940909
0.993264 0.940836
0.993266 0.940764
0.993268 0.940691
0.993271 0.940618
0.993273 0.940545
0.993275 0.940473
0.993278 0.9404
0.99328 0.940328
0.993282 0.940256
0.993284 0.940183
0.993286 0.940111
0.993288 0.940039
0.993291 0.939967
0.993293 0.939895
0.993295 0.939823
0.993297 0.939752
0.993299 0.93968
0.993301 0.939608
0.993302 0.939537
0.993304 0.939465
0.993306 0.939394
0.993308 0.939323
0.99331 0.939251
0.993312 0.93918
0.993313 0.939109
0.993315 0.939038
0.993317 0.938967
0.993319 0.938897
0.99332 0.938826
0.993322 0.938755
0.993323 0.938685
0.993325 0.938614
0.993327 0.938544
0.993328 0.938473
0.99333 0.938403
0.993331 0.938333
0.993333 0.938263
0.993334 0.938193
0.993336 0.938123
0.993337 0.938053
0.993338 0.937983
0.99334 0.937913
0.993341 0.937844
0.993342 0.937774
0.993344 0.937705
0.993345 0.937635
0.993346 0.937566
0.993347 0.937497
0.993349 0.937427
0.99335 0.937358
0.993351 0.937289
0.993352 0.93722
0.993353 0.937151
0.993354 0.937083
0.993355 0.937014
0.993356 0.936945
0.993357 0.936877
0.993358 0.936808
0.993359 0.93674
0.99336 0.936671
0.993361 0.936603
0.993362 0.936535
0.993363 0.936467
0.993364 0.936399
0.993365 0.936331
0.993366 0.936263
0.993367 0.936195
0.993368 0.936127
0.993368 0.93606
0.993369 0.935992
0.99337 0.935924
0.993371 0.935857
0.993371 0.93579
0.993372 0.935722
0.993373 0.935655
0.993373 0.935588
0.993374 0.935521
0.993375 0.935454
0.993375 0.935387
0.993376 0.93532
0.993377 0.935253
0.993377 0.935186
0.993378 0.93512
0.993378 0.935053
0.993379 0.934987
0.993379 0.93492
0.99338 0.934854
0.99338 0.934787
0.993381 0.934721
0.993381 0.934655
0.993382 0.934589
0.993382 0.934523
0.993382 0.934457
0.993383 0.934391
0.993383 0.934325
0.993383 0.93426
0.993384 0.934194
0.993384 0.934128
0.993384 0.934063
0.993385 0.933997
0.993385 0.933932
0.993385 0.933867
0.993385 0.933802
0.993386 0.933736
0.993386 0.933671
0.993386 0.933606
0.993386 0.933541
0.993386 0.933476
0.993387 0.933412
0.993387 0.933347
0.993387 0.933282
0.993387 0.933218
0.993387 0.933153
0.993387 0.933089
0.993387 0.933024
0.993387 0.93296
0.993387 0.932896
0.993387 0.932831
0.993387 0.932767
0.993387 0.932703
0.993387 0.932639
0.993387 0.932575
0.993387 0.932511
0.993387 0.932448
0.993387 0.932384
0.993387 0.93232
0.993387 0.932257
0.993387 0.932193
0.993387 0.93213
0.993387 0.932066
0.993387 0.932003
0.993386 0.93194
0.993386 0.931876
0.993386 0.931813
0.993386 0.93175
0.993386 0.931687
0.993386 0.931624
0.993385 0.931561
0.993385 0.931499
0.993385 0.931436
0.993385 0.931373
0.993384 0.931311
0.993384 0.931248
0.993384 0.931186
0.993383 0.931123
0.993383 0.931061
0.993383 0.930999
0.993382 0.930937
0.993382 0.930874
0.993382 0.930812
0.993381 0.93075
0.993381 0.930688
0.993381 0.930626
0.99338 0.930565
0.99338 0.930503
0.993379 0.930441
0.993379 0.93038
0.993379 0.930318
0.993378 0.930256
0.993378 0.930195
0.993377 0.930134
0.993377 0.930072
0.993376 0.930011
0.993376 0.92995
0.993375 0.929889
0.993375 0.929828
0.993374 0.929767
0.993374 0.929706
0.993373 0.929645
0.993373 0.929584
0.993372 0.929523
0.993371 0.929463
0.993371 0.929402
0.99337 0.929341
0.99337 0.929281
0.993369 0.929221
0.993369 0.92916
0.993368 0.9291
0.993367 0.92904
0.993367 0.928979
0.993366 0.928919
0.993365 0.928859
0.993365 0.928799
0.993364 0.928739
0.993363 0.928679
0.993363 0.928619
0.993362 0.92856
0.993361 0.9285
0.99336 0.92844
0.99336 0.928381
0.993359 0.928321
0.993358 0.928262
0.993357 0.928202
0.993357 0.928143
0.993356 0.928084
0.993355 0.928024
0.993354 0.927965
0.993354 0.927906
0.993353 0.927847
0.993352 0.927788
0.993351 0.927729
0.99335 0.92767
0.99335 0.927611
0.993349 0.927553
0.993348 0.927494
0.993347 0.927435
0.993346 0.927377
0.993345 0.927318
0.993344 0.92726
0.993344 0.927201
0.993343 0.927143
0.993342 0.927085
0.993341 0.927026
0.99334 0.926968
0.993339 0.92691
0.993338 0.926852
0.993337 0.926794
0.993336 0.926736
0.993335 0.926678
0.993334 0.92662
0.993333 0.926562
0.993333 0.926505
0.993332 0.926447
0.993331 0.926389
0.99333 0.926332
0.993329 0.926274
0.993328 0.926217
0.993327 0.926159
0.993326 0.926102
0.993325 0.926045
0.993324 0.925987
0.993323 0.92593
0.993322 0.925873
0.993321 0.925816
0.993319 0.925759
0.993318 0.925702
0.993317 0.925645
0.993316 0.925588
0.993315 0.925531
0.993314 0.925475
0.993313 0.925418
0.993312 0.925361
0.993311 0.925305
0.99331 0.925248
0.993309 0.925192
0.993308 0.925135
0.993307 0.925079
0.993305 0.925023
0.993304 0.924966
0.993303 0.92491
0.993302 0.924854
0.993301 0.924798
0.9933 0.924742
0.993299 0.924686
0.993297 0.92463
0.993296 0.924574
0.993295 0.924518
0.993294 0.924462
0.993293 0.924406
0.993292 0.924351
0.99329 0.924295
0.993289 0.924239
0.993288 0.924184
0.993287 0.924128
0.993286 0.924073
0.993284 0.924018
0.993283 0.923962
0.993282 0.923907
0.993281 0.923852
0.99328 0.923797
0.993278 0.923741
0.993277 0.923686
0.993276 0.923631
0.993275 0.923576
0.993273 0.923521
0.993272 0.923467
0.993271 0.923412
0.99327 0.923357
0.993268 0.923302
0.993267 0.923247
0.993266 0.923193
0.993265 0.923138
0.993263 0.923084
0.993262 0.923029
0.993261 0.922975
0.993259 0.92292
0.993258 0.922866
0.993257 0.922812
0.993256 0.922758
0.993254 0.922703
0.993253 0.922649
0.993252 0.922595
0.99325 0.922541
0.993249 0.922487
0.993248 0.922433
0.993246 0.922379
0.993245 0.922325
0.993244 0.922272
0.993242 0.922218
0.993241 0.922164
0.99324 0.92211
0.993238 0.922057
0.993237 0.922003
0.993235 0.92195
0.993234 0.921896
0.993233 0.921843
0.993231 0.921789
0.99323 0.921736
0.993229 0.921683
0.993227 0.92163
0.993226 0.921576
0.993224 0.921523
0.993223 0.92147
0.993222 0.921417
0.99322 0.921364
0.993219 0.921311
0.993217 0.921258
0.993216 0.921205
0.993215 0.921153
0.993213 0.9211
0.993212 0.921047
0.99321 0.920994
0.993209 0.920942
0.993207 0.920889
0.993206 0.920837
0.993205 0.920784
0.993203 0.920732
0.993202 0.920679
0.9932 0.920627
0.993199 0.920574
0.993197 0.920522
0.993196 0.92047
0.993194 0.920418
0.993193 0.920366
0.993192 0.920313
0.99319 0.920261
0.993189 0.920209
0.993187 0.920157
0.993186 0.920105
0.993184 0.920054
0.993183 0.920002
0.993181 0.91995
0.99318 0.919898
0.993178 0.919846
0.993177 0.919795
0.993175 0.919743
0.993174 0.919692
0.993172 0.91964
0.993171 0.919589
0.993169 0.919537
0.993168 0.919486
0.993166 0.919434
0.993165 0.919383
0.993163 0.919332
0.993162 0.91928
0.99316 0.919229
0.993159 0.919178
0.993157 0.919127
0.993156 0.919076
0.993154 0.919025
0.993153 0.918974
0.993151 0.918923
0.993149 0.918872
0.993148 0.918821
0.993146 0.91877
0.993145 0.918719
0.993143 0.918669
0.993142 0.918618
0.99314 0.918567
0.993139 0.918517
0.993137 0.918466
0.993136 0.918416
0.993134 0.918365
0.993132 0.918315
0.993131 0.918264
0.993129 0.918214
0.993128 0.918163
0.993126 0.918113
0.993125 0.918063
0.993123 0.918013
0.993121 0.917962
0.99312 0.917912
0.993118 0.917862
0.993117 0.917812
0.993115 0.917762
0.993114 0.917712
0.993112 0.917662
0.99311 0.917612
0.993109 0.917562
0.993107 0.917513
0.993106 0.917463
0.993104 0.917413
0.993102 0.917363
0.993101 0.917314
0.993099 0.917264
0.993098 0.917214
0.993096 0.917165
0.993094 0.917115
0.993093 0.917066
0.993091 0.917016
0.99309 0.916967
0.993088 0.916918
0.993086 0.916868
0.993085 0.916819
0.993083 0.91677
0.993082 0.91672
0.99308 0.916671
0.993078 0.916622
0.993077 0.916573
0.993075 0.916524
0.993073 0.916475
0.993072 0.916426
0.99307 0.916377
0.993069 0.916328
0.993067 0.916279
0.993065 0.91623
0.993064 0.916181
0.993062 0.916133
0.99306 0.916084
0.993059 0.916035
0.993057 0.915986
0.993055 0.915938
0.993054 0.915889
0.993052 0.915841
0.993051 0.915792
0.993049 0.915744
0.993047 0.915695
0.993046 0.915647
0.993044 0.915598
0.993042 0.91555
0.993041 0.915502
0.993039 0.915453
0.993037 0.915405
0.993036 0.915357
0.993034 0.915309
0.993032 0.915261
0.993031 0.915212
0.993029 0.915164
0.993027 0.915116
0.993026 0.915068
0.993024 0.91502
0.993022 0.914972
0.993021 0.914925
0.993019 0.914877
0.993017 0.914829
0.993016 0.914781
0.993014 0.914733
0.993012 0.914685
0.993011 0.914638
0.993009 0.91459
0.993007 0.914542
0.993006 0.914495
0.993004 0.914447
0.993002 0.9144
0.993001 0.914352
0.992999 0.914305
0.992997 0.914257
0.992996 0.91421
0.992994 0.914163
0.992992 0.914115
0.992991 0.914068
0.992989 0.914021
0.992987 0.913973
0.992985 0.913926
0.992984 0.913879
0.992982 0.913832
0.99298 0.913785
0.992979 0.913738
0.992977 0.913691
0.992975 0.913644
0.992974 0.913597
0.992972 0.91355
0.99297 0.913503
0.992969 0.913456
0.992967 0.913409
0.992965 0.913362
0.992963 0.913315
0.992962 0.913269
0.99296 0.913222
0.992958 0.913175
0.992957 0.913129
0.992955 0.913082
0.992953 0.913035
0.992951 0.912989
0.99295 0.912942
0.992948 0.912896
0.992946 0.912849
0.992945 0.912803
0.992943 0.912756
0.992941 0.91271
0.99294 0.912664
0.992938 0.912617
0.992936 0.912571
0.992934 0.912525
0.992933 0.912478
0.992931 0.912432
0.992929 0.912386
0.992928 0.91234
0.992926 0.912294
0.992924 0.912248
0.992922 0.912202
0.992921 0.912156
0.992919 0.91211
0.992917 0.912064
0.992916 0.912018
0.992914 0.911972
0.992912 0.911926
0.99291 0.91188
0.992909 0.911834
0.992907 0.911788
0.992905 0.911743
0.992903 0.911697
0.992902 0.911651
0.9929 0.911605
0.992898 0.91156
0.992897 0.911514
0.992895 0.911468
0.992893 0.911423
0.992891 0.911377
0.99289 0.911332
0.992888 0.911286
0.992886 0.911241
0.992884 0.911195
0.992883 0.91115
0.992881 0.911105
0.992879 0.911059
0.992878 0.911014
0.992876 0.910969
0.992874 0.910923
0.992872 0.910878
0.992871 0.910833
0.992869 0.910788
0.992867 0.910743
0.992865 0.910697
0.992864 0.910652
0.992862 0.910607
0.99286 0.910562
0.992858 0.910517
0.992857 0.910472
0.992855 0.910427
0.992853 0.910382
0.992852 0.910337
0.99285 0.910292
0.992848 0.910247
0.992846 0.910203
0.992845 0.910158
0.992843 0.910113
0.992841 0.910068
0.992839 0.910023
0.992838 0.909979
0.992836 0.909934
0.992834 0.909889
0.992832 0.909845
0.992831 0.9098
0.992829 0.909756
0.992827 0.909711
0.992825 0.909666
0.992824 0.909622
0.992822 0.909577
0.99282 0.909533
0.992818 0.909489
0.992817 0.909444
0.992815 0.9094
0.992813 0.909355
0.992811 0.909311
0.99281 0.909267
0.992808 0.909222
0.992806 0.909178
0.992804 0.909134
0.992803 0.90909
0.992801 0.909045
0.992799 0.909001
0.992798 0.908957
0.992796 0.908913
0.992794 0.908869
0.992792 0.908825
0.992791 0.908781
0.992789 0.908737
0.992787 0.908693
0.992785 0.908649
0.992784 0.908605
0.992782 0.908561
0.99278 0.908517
0.992778 0.908473
0.992777 0.908429
0.992775 0.908385
0.992773 0.908341
0.992771 0.908298
0.99277 0.908254
0.992768 0.90821
0.992766 0.908166
0.992764 0.908123
0.992763 0.908079
0.992761 0.908035
0.992759 0.907992
0.992757 0.907948
0.992756 0.907905
0.992754 0.907861
0.992752 0.907817
0.99275 0.907774
0.992749 0.90773
0.992747 0.907687
0.992745 0.907643
0.992743 0.9076
0.992742 0.907557
0.99274 0.907513
0.992738 0.90747
0.992736 0.907426
0.992735 0.907383
0.992733 0.90734
0.992731 0.907297
0.992729 0.907253
0.992728 0.90721
0.992726 0.907167
0.992724 0.907124
0.992722 0.90708
0.992721 0.907037
0.992719 0.906994
0.992717 0.906951
0.992715 0.906908
0.992714 0.906865
0.992712 0.906822
0.99271 0.906779
0.992708 0.906736
0.992707 0.906693
0.992705 0.90665
0.992703 0.906607
0.992701 0.906564
0.9927 0.906521
0.992698 0.906478
0.992696 0.906435
0.992694 0.906392
0.992693 0.906349
0.992691 0.906307
0.992689 0.906264
0.992687 0.906221
0.992685 0.906178
0.992684 0.906136
0.992682 0.906093
0.99268 0.90605
0.992678 0.906007
0.992677 0.905965
0.992675 0.905922
0.992673 0.905879
0.992671 0.905837
0.99267 0.905794
0.992668 0.905752
0.992666 0.905709
0.992664 0.905667
0.992663 0.905624
0.992661 0.905582
0.992659 0.905539
0.992657 0.905497
0.992656 0.905454
0.992654 0.905412
0.992652 0.905369
0.99265 0.905327
0.992649 0.905285
0.992647 0.905242
0.992645 0.9052
0.992643 0.905158
0.992642 0.905115
0.99264 0.905073
0.992638 0.905031
0.992636 0.904989
0.992635 0.904946
0.992633 0.904904
0.992631 0.904862
0.992629 0.90482
0.992628 0.904778
0.992626 0.904736
0.992624 0.904694
0.992622 0.904651
0.992621 0.904609
0.992619 0.904567
0.992617 0.904525
0.992615 0.904483
0.992614 0.904441
0.992612 0.904399
0.99261 0.904357
0.992608 0.904315
0.992607 0.904273
0.992605 0.904231
0.992603 0.90419
0.992601 0.904148
0.9926 0.904106
0.992598 0.904064
0.992596 0.904022
0.992594 0.90398
0.992593 0.903938
0.992591 0.903897
0.992589 0.903855
0.992587 0.903813
0.992586 0.903771
0.992584 0.90373
0.992582 0.903688
0.99258 0.903646
0.992579 0.903604
0.992577 0.903563
0.992575 0.903521
0.992573 0.90348
0.992572 0.903438
0.99257 0.903396
0.992568 0.903355
0.992566 0.903313
0.992565 0.903272
0.992563 0.90323
0.992561 0.903188
0.992559 0.903147
0.992558 0.903105
0.992556 0.903064
0.992554 0.903022
0.992552 0.902981
0.992551 0.90294
0.992549 0.902898
0.992547 0.902857
0.992545 0.902815
0.992544 0.902774
0.992542 0.902733
0.99254 0.902691
0.992538 0.90265
0.992537 0.902609
0.992535 0.902567
0.992533 0.902526
0.992531 0.902485
0.99253 0.902443
0.992528 0.902402
0.992526 0.902361
0.992524 0.90232
0.992523 0.902278
0.992521 0.902237
0.992519 0.902196
0.992517 0.902155
0.992516 0.902114
0.992514 0.902073
0.992512 0.902031
0.99251 0.90199
0.992509 0.901949
0.992507 0.901908
0.992505 0.901867
0.992503 0.901826
0.992502 0.901785
0.9925 0.901744
0.992498 0.901703
0.992496 0.901662
0.992495 0.901621
0.992493 0.90158
0.992491 0.901539
0.992489 0.901498
0.992488 0.901457
0.992486 0.901416
0.992484 0.901375
0.992483 0.901334
0.992481 0.901293
0.992479 0.901252
0.992477 0.901211
0.992476 0.901171
0.992474 0.90113
0.992472 0.901089
0.99247 0.901048
0.992469 0.901007
0.992467 0.900966
0.992465 0.900926
0.992463 0.900885
0.992462 0.900844
0.99246 0.900803
0.992458 0.900762
0.992456 0.900722
0.992455 0.900681
0.992453 0.90064
0.992451 0.9006
0.992449 0.900559
0.992448 0.900518
0.992446 0.900478
0.992444 0.900437
0.992442 0.900396
0.992441 0.900356
0.992439 0.900315
0.992437 0.900274
0.992435 0.900234
0.992434 0.900193
0.992432 0.900153
0.99243 0.900112
0.992428 0.900071
0.992427 0.900031
0.992425 0.89999
0.992423 0.89995
0.992421 0.899909
0.99242 0.899869
0.992418 0.899828
0.992416 0.899788
0.992415 0.899747
0.992413 0.899707
0.992411 0.899666
0.992409 0.899626
0.992408 0.899585
0.992406 0.899545
0.992404 0.899505
0.992402 0.899464
0.992401 0.899424
0.992399 0.899383
0.992397 0.899343
0.992395 0.899303
0.992394 0.899262
0.992392 0.899222
0.99239 0.899181
0.992388 0.899141
0.992387 0.899101
0.992385 0.89906
0.992383 0.89902
0.992381 0.89898
0.99238 0.89894
0.992378 0.898899
0.992376 0.898859
0.992375 0.898819
0.992373 0.898778
0.992371 0.898738
0.992369 0.898698
0.992368 0.898658
0.992366 0.898618
0.992364 0.898577
0.992362 0.898537
0.992361 0.898497
0.992359 0.898457
0.992357 0.898416
0.992355 0.898376
0.992354 0.898336
0.992352 0.898296
0.99235 0.898256
0.992348 0.898216
0.992347 0.898176
0.992345 0.898135
0.992343 0.898095
0.992341 0.898055
0.99234 0.898015
0.992338 0.897975
0.992336 0.897935
0.992335 0.897895
0.992333 0.897855
0.992331 0.897815
0.992329 0.897775
0.992328 0.897734
0.992326 0.897694
0.992324 0.897654
0.992322 0.897614
0.992321 0.897574
0.992319 0.897534
0.992317 0.897494
0.992315 0.897454
0.992314 0.897414
0.992312 0.897374
0.99231 0.897334
0.992308 0.897294
0.992307 0.897254
0.992305 0.897214
0.992303 0.897174
0.992302 0.897134
0.9923 0.897094
0.992298 0.897055
0.992296 0.897015
0.992295 0.896975
0.992293 0.896935
0.992291 0.896895
0.992289 0.896855
0.992288 0.896815
0.992286 0.896775
0.992284 0.896735
0.992282 0.896695
0.992281 0.896655
0.992279 0.896616
0.992277 0.896576
0.992276 0.896536
0.992274 0.896496
0.992272 0.896456
0.99227 0.896416
0.992269 0.896376
0.992267 0.896337
0.992265 0.896297
0.992263 0.896257
0.992262 0.896217
0.99226 0.896177
0.992258 0.896137
0.992256 0.896098
0.992255 0.896058
0.992253 0.896018
0.992251 0.895978
0.99225 0.895938
0.992248 0.895899
0.992246 0.895859
0.992244 0.895819
0.992243 0.895779
0.992241 0.895739
0.992239 0.8957
0.992237 0.89566
0.992236 0.89562
0.992234 0.89558
0.992232 0.895541
0.99223 0.895501
0.992229 0.895461
0.992227 0.895421
0.992225 0.895382
0.992223 0.895342
0.992222 0.895302
0.99222 0.895262
0.992218 0.895223
0.992217 0.895183
0.992215 0.895143
0.992213 0.895104
0.992211 0.895064
0.99221 0.895024
0.992208 0.894984
0.992206 0.894945
0.992204 0.894905
0.992203 0.894865
0.992201 0.894826
0.992199 0.894786
0.992197 0.894746
0.992196 0.894707
0.992194 0.894667
0.992192 0.894627
0.992191 0.894588
0.992189 0.894548
0.992187 0.894508
0.992185 0.894469
0.992184 0.894429
0.992182 0.894389
0.99218 0.89435
0.992178 0.89431
0.992177 0.89427
0.992175 0.894231
0.992173 0.894191
0.992171 0.894151
0.99217 0.894112
0.992168 0.894072
0.992166 0.894032
0.992165 0.893993
0.992163 0.893953
0.992161 0.893913
0.992159 0.893874
0.992158 0.893834
0.992156 0.893794
0.992154 0.893755
0.992152 0.893715
0.992151 0.893676
0.992149 0.893636
0.992147 0.893596
0.992145 0.893557
0.992144 0.893517
0.992142 0.893477
0.99214 0.893438
0.992138 0.893398
0.992137 0.893359
0.992135 0.893319
0.992133 0.893279
0.992132 0.89324
0.99213 0.8932
0.992128 0.89316
0.992126 0.893121
0.992125 0.893081
0.992123 0.893042
0.992121 0.893002
0.992119 0.892962
0.992118 0.892923
0.992116 0.892883
0.992114 0.892844
0.992112 0.892804
0.992111 0.892764
0.992109 0.892725
0.992107 0.892685
0.992106 0.892645
0.992104 0.892606
0.992102 0.892566
0.9921 0.892527
0.992099 0.892487
0.992097 0.892447
0.992095 0.892408
0.992093 0.892368
0.992092 0.892328
0.99209 0.892289
0.992088 0.892249
0.992086 0.89221
0.992085 0.89217
0.992083 0.89213
0.992081 0.892091
0.992079 0.892051
0.992078 0.892011
0.992076 0.891972
0.992074 0.891932
0.992072 0.891893
0.992071 0.891853
0.992069 0.891813
0.992067 0.891774
0.992066 0.891734
0.992064 0.891694
0.992062 0.891655
0.99206 0.891615
0.992059 0.891575
0.992057 0.891536
0.992055 0.891496
0.992053 0.891457
0.992052 0.891417
0.99205 0.891377
0.992048 0.891338
0.992046 0.891298
0.992045 0.891258
0.992043 0.891219
0.992041 0.891179
0.992039 0.891139
0.992038 0.8911
0.992036 0.89106
0.992034 0.89102
0.992032 0.890981
0.992031 0.890941
0.992029 0.890901
0.992027 0.890862
0.992025 0.890822
0.992024 0.890782
0.992022 0.890742
0.99202 0.890703
0.992019 0.890663
0.992017 0.890623
0.992015 0.890584
0.992013 0.890544
0.992012 0.890504
0.99201 0.890465
0.992008 0.890425
0.992006 0.890385
0.992005 0.890345
0.992003 0.890306
0.992001 0.890266
0.991999 0.890226
0.991998 0.890186
0.991996 0.890147
0.991994 0.890107
0.991992 0.890067
0.991991 0.890027
0.991989 0.889988
0.991987 0.889948
0.991985 0.889908
0.991984 0.889868
0.991982 0.889829
0.99198 0.889789
0.991978 0.889749
0.991977 0.889709
0.991975 0.889669
0.991973 0.88963
0.991971 0.88959
0.99197 0.88955
0.991968 0.88951
0.991966 0.88947
0.991964 0.889431
0.991963 0.889391
0.991961 0.889351
0.991959 0.889311
0.991957 0.889271
0.991956 0.889231
0.991954 0.889191
0.991952 0.889152
0.99195 0.889112
0.991949 0.889072
0.991947 0.889032
0.991945 0.888992
0.991943 0.888952
0.991942 0.888912
0.99194 0.888872
0.991938 0.888833
0.991936 0.888793
0.991935 0.888753
0.991933 0.888713
0.991931 0.888673
0.991929 0.888633
0.991928 0.888593
0.991926 0.888553
0.991924 0.888513
0.991922 0.888473
0.99192 0.888433
0.991919 0.888393
0.991917 0.888353
0.991915 0.888313
0.991913 0.888273
0.991912 0.888233
0.99191 0.888193
0.991908 0.888153
0.991906 0.888113
0.991905 0.888073
0.991903 0.888033
0.991901 0.887993
0.991899 0.887953
0.991898 0.887913
0.991896 0.887873
0.991894 0.887833
0.991892 0.887793
0.991891 0.887753
0.991889 0.887713
0.991887 0.887673
0.991885 0.887632
0.991884 0.887592
0.991882 0.887552
0.99188 0.887512
0.991878 0.887472
0.991876 0.887432
0.991875 0.887392
0.991873 0.887351
0.991871 0.887311
0.991869 0.887271
0.991868 0.887231
0.991866 0.887191
0.991864 0.88715
0.991862 0.88711
0.991861 0.88707
0.991859 0.88703
0.991857 0.88699
0.991855 0.886949
0.991853 0.886909
0.991852 0.886869
0.99185 0.886829
0.991848 0.886788
0.991846 0.886748
0.991845 0.886708
0.991843 0.886667
0.991841 0.886627
0.991839 0.886587
0.991838 0.886546
0.991836 0.886506
0.991834 0.886466
0.991832 0.886425
0.99183 0.886385
0.991829 0.886345
0.991827 0.886304
0.991825 0.886264
0.991823 0.886223
0.991822 0.886183
0.99182 0.886142
0.991818 0.886102
0.991816 0.886062
0.991814 0.886021
0.991813 0.885981
0.991811 0.88594
0.991809 0.8859
0.991807 0.885859
0.991806 0.885819
0.991804 0.885778
0.991802 0.885738
0.9918 0.885697
0.991798 0.885656
0.991797 0.885616
0.991795 0.885575
0.991793 0.885535
0.991791 0.885494
0.991789 0.885453
0.991788 0.885413
0.991786 0.885372
0.991784 0.885332
0.991782 0.885291
0.991781 0.88525
0.991779 0.88521
0.991777 0.885169
0.991775 0.885128
0.991773 0.885087
0.991772 0.885047
0.99177 0.885006
0.991768 0.884965
0.991766 0.884924
0.991764 0.884884
0.991763 0.884843
0.991761 0.884802
0.991759 0.884761
0.991757 0.88472
0.991755 0.88468
0.991754 0.884639
0.991752 0.884598
0.99175 0.884557
0.991748 0.884516
0.991746 0.884475
0.991745 0.884434
0.991743 0.884393
0.991741 0.884352
0.991739 0.884311
0.991737 0.884271
0.991736 0.88423
0.991734 0.884189
0.991732 0.884148
0.99173 0.884107
0.991728 0.884065
0.991727 0.884024
0.991725 0.883983
0.991723 0.883942
0.991721 0.883901
0.991719 0.88386
0.991718 0.883819
0.991716 0.883778
0.991714 0.883737
0.991712 0.883696
0.99171 0.883654
0.991709 0.883613
0.991707 0.883572
0.991705 0.883531
0.991703 0.88349
0.991701 0.883448
0.9917 0.883407
0.991698 0.883366
0.991696 0.883325
0.991694 0.883283
0.991692 0.883242
0.99169 0.883201
0.991689 0.883159
0.991687 0.883118
0.991685 0.883076
0.991683 0.883035
0.991681 0.882994
0.99168 0.882952
0.991678 0.882911
0.991676 0.882869
0.991674 0.882828
0.991672 0.882786
0.99167 0.882745
0.991669 0.882703
0.991667 0.882662
0.991665 0.88262
0.991663 0.882579
0.991661 0.882537
0.991659 0.882496
0.991658 0.882454
0.991656 0.882412
0.991654 0.882371
0.991652 0.882329
0.99165 0.882287
0.991648 0.882246
0.991647 0.882204
0.991645 0.882162
0.991643 0.88212
0.991641 0.882079
0.991639 0.882037
0.991637 0.881995
0.991636 0.881953
0.991634 0.881912
0.991632 0.88187
0.99163 0.881828
0.991628 0.881786
0.991626 0.881744
0.991625 0.881702
0.991623 0.88166
0.991621 0.881618
0.991619 0.881576
0.991617 0.881534
0.991615 0.881492
0.991614 0.88145
0.991612 0.881408
0.99161 0.881366
0.991608 0.881324
0.991606 0.881282
0.991604 0.88124
0.991602 0.881198
0.991601 0.881156
0.991599 0.881113
0.991597 0.881071
0.991595 0.881029
0.991593 0.880987
0.991591 0.880945
0.99159 0.880902
0.991588 0.88086
0.991586 0.880818
0.991584 0.880775
0.991582 0.880733
0.99158 0.880691
0.991578 0.880648
0.991577 0.880606
0.991575 0.880563
0.991573 0.880521
0.991571 0.880479
0.991569 0.880436
0.991567 0.880394
0.991565 0.880351
0.991563 0.880309
0.991562 0.880266
0.99156 0.880223
0.991558 0.880181
0.991556 0.880138
0.991554 0.880096
0.991552 0.880053
0.99155 0.88001
0.991549 0.879967
0.991547 0.879925
0.991545 0.879882
0.991543 0.879839
0.991541 0.879796
0.991539 0.879754
0.991537 0.879711
0.991535 0.879668
0.991533 0.879625
0.991532 0.879582
0.99153 0.879539
0.991528 0.879496
0.991526 0.879453
0.991524 0.87941
0.991522 0.879367
0.99152 0.879324
0.991518 0.879281
0.991517 0.879238
0.991515 0.879195
0.991513 0.879152
0.991511 0.879109
0.991509 0.879066
0.991507 0.879023
0.991505 0.878979
0.991503 0.878936
0.991501 0.878893
0.9915 0.87885
0.991498 0.878806
0.991496 0.878763
0.991494 0.87872
0.991492 0.878676
0.99149 0.878633
0.991488 0.87859
0.991486 0.878546
0.991484 0.878503
0.991482 0.878459
0.99148 0.878416
0.991479 0.878372
0.991477 0.878329
0.991475 0.878285
0.991473 0.878241
0.991471 0.878198
0.991469 0.878154
0.991467 0.87811
0.991465 0.878067
0.991463 0.878023
0.991461 0.877979
0.991459 0.877935
0.991458 0.877892
0.991456 0.877848
0.991454 0.877804
0.991452 0.87776
0.99145 0.877716
0.991448 0.877672
0.991446 0.877628
0.991444 0.877584
0.991442 0.87754
0.99144 0.877496
0.991438 0.877452
0.991436 0.877408
0.991434 0.877364
0.991433 0.87732
0.991431 0.877276
0.991429 0.877232
0.991427 0.877187
0.991425 0.877143
0.991423 0.877099
0.991421 0.877055
0.991419 0.87701
0.991417 0.876966
0.991415 0.876922
0.991413 0.876877
0.991411 0.876833
0.991409 0.876788
0.991407 0.876744
0.991405 0.876699
0.991403 0.876655
0.991401 0.87661
0.991399 0.876566
0.991398 0.876521
0.991396 0.876476
0.991394 0.876432
0.991392 0.876387
0.99139 0.876342
0.991388 0.876298
0.991386 0.876253
0.991384 0.876208
0.991382 0.876163
0.99138 0.876118
0.991378 0.876073
0.991376 0.876028
0.991374 0.875983
0.991372 0.875938
0.99137 0.875893
0.991368 0.875848
0.991366 0.875803
0.991364 0.875758
0.991362 0.875713
0.99136 0.875668
0.991358 0.875623
0.991356 0.875577
0.991354 0.875532
0.991352 0.875487
0.99135 0.875442
0.991348 0.875396
0.991346 0.875351
0.991344 0.875305
0.991342 0.87526
0.99134 0.875215
0.991338 0.875169
0.991336 0.875124
0.991334 0.875078
0.991332 0.875032
0.99133 0.874987
0.991328 0.874941
0.991326 0.874895
0.991324 0.87485
0.991322 0.874804
0.99132 0.874758
0.991318 0.874712
0.991316 0.874667
0.991314 0.874621
0.991312 0.874575
0.99131 0.874529
0.991308 0.874483
0.991306 0.874437
0.991304 0.874391
0.991302 0.874345
0.9913 0.874299
0.991298 0.874253
0.991296 0.874206
0.991294 0.87416
0.991292 0.874114
0.99129 0.874068
0.991288 0.874021
0.991286 0.873975
0.991284 0.873929
0.991282 0.873882
0.99128 0.873836
0.991278 0.873789
0.991276 0.873743
0.991274 0.873696
0.991272 0.87365
0.99127 0.873603
0.991268 0.873556
0.991266 0.87351
0.991264 0.873463
0.991262 0.873416
0.99126 0.87337
0.991258 0.873323
0.991256 0.873276
0.991254 0.873229
0.991252 0.873182
0.99125 0.873135
0.991248 0.873088
0.991246 0.873041
0.991243 0.872994
0.991241 0.872947
0.991239 0.8729
0.991237 0.872853
0.991235 0.872805
0.991233 0.872758
0.991231 0.872711
0.991229 0.872664
0.991227 0.872616
0.991225 0.872569
0.991223 0.872521
0.991221 0.872474
0.991219 0.872426
0.991217 0.872379
0.991215 0.872331
0.991212 0.872284
0.99121 0.872236
0.991208 0.872188
0.991206 0.872141
0.991204 0.872093
0.991202 0.872045
0.9912 0.871997
0.991198 0.871949
0.991196 0.871901
0.991194 0.871853
0.991192 0.871805
0.99119 0.871757
0.991187 0.871709
0.991185 0.871661
0.991183 0.871613
0.991181 0.871565
0.991179 0.871516
0.991177 0.871468
0.991175 0.87142
0.991173 0.871371
0.991171 0.871323
0.991169 0.871275
0.991166 0.871226
0.991164 0.871178
0.991162 0.871129
0.99116 0.87108
0.991158 0.871032
0.991156 0.870983
0.991154 0.870934
0.991152 0.870886
0.991149 0.870837
0.991147 0.870788
0.991145 0.870739
0.991143 0.87069
0.991141 0.870641
0.991139 0.870592
0.991137 0.870543
0.991135 0.870494
0.991132 0.870445
0.99113 0.870396
0.991128 0.870346
0.991126 0.870297
0.991124 0.870248
0.991122 0.870198
0.991119 0.870149
0.991117 0.8701
0.991115 0.87005
0.991113 0.870001
0.991111 0.869951
0.991109 0.869901
0.991107 0.869852
0.991104 0.869802
0.991102 0.869752
0.9911 0.869702
0.991098 0.869653
0.991096 0.869603
0.991094 0.869553
0.991091 0.869503
0.991089 0.869453
0.991087 0.869403
0.991085 0.869352
0.991083 0.869302
0.99108 0.869252
0.991078 0.869202
0.991076 0.869152
0.991074 0.869101
0.991072 0.869051
0.99107 0.869
0.991067 0.86895
0.991065 0.868899
0.991063 0.868849
0.991061 0.868798
0.991059 0.868747
0.991056 0.868697
0.991054 0.868646
0.991052 0.868595
0.99105 0.868544
0.991047 0.868493
0.991045 0.868442
0.991043 0.868391
0.991041 0.86834
0.991039 0.868289
0.991036 0.868238
0.991034 0.868187
0.991032 0.868135
0.99103 0.868084
0.991027 0.868033
0.991025 0.867981
0.991023 0.86793
0.991021 0.867878
0.991019 0.867827
0.991016 0.867775
0.991014 0.867724
0.991012 0.867672
0.99101 0.86762
0.991007 0.867568
0.991005 0.867516
0.991003 0.867465
0.991001 0.867413
0.990998 0.867361
0.990996 0.867308
0.990994 0.867256
0.990991 0.867204
0.990989 0.867152
0.990987 0.8671
0.990985 0.867047
0.990982 0.866995
0.99098 0.866943
0.990978 0.86689
0.990976 0.866837
0.990973 0.866785
0.990971 0.866732
0.990969 0.86668
0.990966 0.866627
0.990964 0.866574
0.990962 0.866521
0.99096 0.866468
0.990957 0.866415
0.990955 0.866362
0.990953 0.866309
0.99095 0.866256
0.990948 0.866203
0.990946 0.866149
0.990943 0.866096
0.990941 0.866043
0.990939 0.865989
0.990936 0.865936
0.990934 0.865882
0.990932 0.865829
0.990929 0.865775
0.990927 0.865721
0.990925 0.865668
0.990922 0.865614
0.99092 0.86556
0.990918 0.865506
0.990915 0.865452
0.990913 0.865398
0.990911 0.865344
0.990908 0.86529
0.990906 0.865235
0.990904 0.865181
0.990901 0.865127
0.990899 0.865072
0.990897 0.865018
0.990894 0.864963
0.990892 0.864909
0.99089 0.864854
0.990887 0.8648
0.990885 0.864745
0.990882 0.86469
0.99088 0.864635
0.990878 0.86458
0.990875 0.864525
0.990873 0.86447
0.990871 0.864415
0.990868 0.86436
0.990866 0.864305
0.990863 0.864249
0.990861 0.864194
0.990859 0.864138
0.990856 0.864083
0.990854 0.864027
0.990851 0.863972
0.990849 0.863916
0.990846 0.86386
0.990844 0.863804
0.990842 0.863749
0.990839 0.863693
0.990837 0.863637
0.990834 0.863581
0.990832 0.863524
0.99083 0.863468
0.990827 0.863412
0.990825 0.863356
0.990822 0.863299
0.99082 0.863243
0.990817 0.863186
0.990815 0.86313
0.990812 0.863073
0.99081 0.863016
0.990808 0.86296
0.990805 0.862903
0.990803 0.862846
0.9908 0.862789
0.990798 0.862732
0.990795 0.862675
0.990793 0.862617
0.99079 0.86256
0.990788 0.862503
0.990785 0.862445
0.990783 0.862388
0.99078 0.86233
0.990778 0.862273
0.990775 0.862215
0.990773 0.862157
0.99077 0.8621
0.990768 0.862042
0.990765 0.861984
0.990763 0.861926
0.99076 0.861868
0.990758 0.861809
0.990755 0.861751
0.990753 0.861693
0.99075 0.861634
0.990748 0.861576
0.990745 0.861518
0.990743 0.861459
0.99074 0.8614
0.990738 0.861341
0.990735 0.861283
0.990732 0.861224
0.99073 0.861165
0.990727 0.861106
0.990725 0.861047
0.990722 0.860987
0.99072 0.860928
0.990717 0.860869
0.990715 0.860809
0.990712 0.86075
0.990709 0.86069
0.990707 0.860631
0.990704 0.860571
0.990702 0.860511
0.990699 0.860451
0.990696 0.860391
0.990694 0.860331
0.990691 0.860271
0.990689 0.860211
0.990686 0.860151
0.990684 0.860091
0.990681 0.86003
0.990678 0.85997
0.990676 0.859909
0.990673 0.859849
0.99067 0.859788
0.990668 0.859727
0.990665 0.859666
0.990663 0.859605
0.99066 0.859544
0.990657 0.859483
0.990655 0.859422
0.990652 0.859361
0.990649 0.859299
0.990647 0.859238
0.990644 0.859176
0.990641 0.859115
0.990639 0.859053
0.990636 0.858991
0.990633 0.858929
0.990631 0.858867
0.990628 0.858805
0.990625 0.858743
0.990623 0.858681
0.99062 0.858619
0.990617 0.858556
0.990615 0.858494
0.990612 0.858431
0.990609 0.858369
0.990607 0.858306
0.990604 0.858243
0.990601 0.85818
0.990598 0.858117
0.990596 0.858054
0.990593 0.857991
0.99059 0.857928
0.990587 0.857865
0.990585 0.857801
0.990582 0.857738
0.990579 0.857674
0.990577 0.857611
0.990574 0.857547
0.990571 0.857483
0.990568 0.857419
0.990566 0.857355
0.990563 0.857291
0.99056 0.857227
0.990557 0.857162
0.990554 0.857098
0.990552 0.857034
0.990549 0.856969
0.990546 0.856904
0.990543 0.85684
0.990541 0.856775
0.990538 0.85671
0.990535 0.856645
0.990532 0.85658
0.990529 0.856514
0.990526 0.856449
0.990524 0.856384
0.990521 0.856318
0.990518 0.856253
0.990515 0.856187
0.990512 0.856121
0.99051 0.856055
0.990507 0.855989
0.990504 0.855923
0.990501 0.855857
0.990498 0.855791
0.990495 0.855724
0.990492 0.855658
0.99049 0.855591
0.990487 0.855525
0.990484 0.855458
0.990481 0.855391
0.990478 0.855324
0.990475 0.855257
0.990472 0.85519
0.990469 0.855123
0.990467 0.855055
0.990464 0.854988
0.990461 0.85492
0.990458 0.854853
0.990455 0.854785
0.990452 0.854717
0.990449 0.854649
0.990446 0.854581
0.990443 0.854513
0.99044 0.854445
0.990437 0.854376
0.990434 0.854308
0.990431 0.854239
0.990428 0.85417
0.990425 0.854101
0.990423 0.854033
0.99042 0.853964
0.990417 0.853894
0.990414 0.853825
0.990411 0.853756
0.990408 0.853686
0.990405 0.853617
0.990402 0.853547
0.990399 0.853477
0.990396 0.853407
0.990393 0.853337
0.99039 0.853267
0.990387 0.853197
0.990384 0.853127
0.990381 0.853056
0.990378 0.852986
0.990374 0.852915
0.990371 0.852844
0.990368 0.852773
0.990365 0.852702
0.990362 0.852631
0.990359 0.85256
0.990356 0.852489
0.990353 0.852417
0.99035 0.852346
0.990347 0.852274
0.990344 0.852202
0.990341 0.85213
0.990338 0.852058
0.990335 0.851986
0.990331 0.851914
0.990328 0.851841
0.990325 0.851769
0.990322 0.851696
0.990319 0.851623
0.990316 0.851551
0.990313 0.851478
0.99031 0.851404
0.990306 0.851331
0.990303 0.851258
0.9903 0.851184
0.990297 0.851111
0.990294 0.851037
0.990291 0.850963
0.990288 0.850889
0.990284 0.850815
0.990281 0.850741
0.990278 0.850667
0.990275 0.850592
0.990272 0.850517
0.990268 0.850443
0.990265 0.850368
0.990262 0.850293
0.990259 0.850218
0.990255 0.850143
0.990252 0.850067
0.990249 0.849992
0.990246 0.849916
0.990243 0.84984
0.990239 0.849764
0.990236 0.849688
0.990233 0.849612
0.990229 0.849536
0.990226 0.84946
0.990223 0.849383
0.99022 0.849306
0.990216 0.84923
0.990213 0.849153
0.99021 0.849075
0.990206 0.848998
0.990203 0.848921
0.9902 0.848843
0.990196 0.848766
0.990193 0.848688
0.99019 0.84861
0.990186 0.848532
0.990183 0.848454
0.99018 0.848376
0.990176 0.848297
0.990173 0.848219
0.99017 0.84814
0.990166 0.848061
0.990163 0.847982
0.990159 0.847903
0.990156 0.847823
0.990153 0.847744
0.990149 0.847664
0.990146 0.847585
0.990142 0.847505
0.990139 0.847425
0.990136 0.847345
0.990132 0.847264
0.990129 0.847184
0.990125 0.847103
0.990122 0.847022
0.990118 0.846942
0.990115 0.84686
0.990111 0.846779
0.990108 0.846698
0.990104 0.846616
0.990101 0.846535
0.990097 0.846453
0.990094 0.846371
0.99009 0.846289
0.990087 0.846207
0.990083 0.846124
0.99008 0.846042
0.990076 0.845959
0.990073 0.845876
0.990069 0.845793
0.990066 0.84571
0.990062 0.845626
0.990058 0.845543
0.990055 0.845459
0.990051 0.845375
0.990048 0.845291
0.990044 0.845207
0.990041 0.845123
0.990037 0.845038
0.990033 0.844954
0.99003 0.844869
0.990026 0.844784
0.990022 0.844699
0.990019 0.844613
0.990015 0.844528
0.990011 0.844442
0.990008 0.844357
0.990004 0.844271
0.99 0.844184
0.989997 0.844098
0.989993 0.844012
0.989989 0.843925
0.989986 0.843838
0.989982 0.843751
0.989978 0.843664
0.989974 0.843577
0.989971 0.843489
0.989967 0.843402
0.989963 0.843314
0.989959 0.843226
0.989956 0.843137
0.989952 0.843049
0.989948 0.842961
0.989944 0.842872
0.989941 0.842783
0.989937 0.842694
0.989933 0.842605
0.989929 0.842515
0.989925 0.842425
0.989921 0.842336
0.989918 0.842246
0.989914 0.842155
0.98991 0.842065
0.989906 0.841974
0.989902 0.841884
0.989898 0.841793
0.989894 0.841702
0.98989 0.84161
0.989887 0.841519
0.989883 0.841427
0.989879 0.841335
0.989875 0.841243
0.989871 0.841151
0.989867 0.841059
0.989863 0.840966
0.989859 0.840873
0.989855 0.84078
0.989851 0.840687
0.989847 0.840593
0.989843 0.8405
0.989839 0.840406
0.989835 0.840312
0.989831 0.840218
0.989827 0.840123
0.989823 0.840029
0.989819 0.839934
0.989815 0.839839
0.989811 0.839744
0.989807 0.839648
0.989803 0.839553
0.989799 0.839457
0.989794 0.839361
0.98979 0.839265
0.989786 0.839168
0.989782 0.839071
0.989778 0.838975
0.989774 0.838878
0.98977 0.83878
0.989766 0.838683
0.989761 0.838585
0.989757 0.838487
0.989753 0.838389
0.989749 0.838291
0.989745 0.838192
0.98974 0.838093
0.989736 0.837994
0.989732 0.837895
0.989728 0.837795
0.989723 0.837696
0.989719 0.837596
0.989715 0.837496
0.989711 0.837395
0.989706 0.837295
0.989702 0.837194
0.989698 0.837093
0.989693 0.836992
0.989689 0.83689
0.989685 0.836788
0.989681 0.836686
0.989676 0.836584
0.989672 0.836482
0.989667 0.836379
0.989663 0.836276
0.989659 0.836173
0.989654 0.83607
0.98965 0.835966
0.989645 0.835862
0.989641 0.835758
0.989637 0.835654
0.989632 0.83555
0.989628 0.835445
0.989623 0.83534
0.989619 0.835234
0.989614 0.835129
0.98961 0.835023
0.989605 0.834917
0.989601 0.834811
0.989596 0.834704
0.989592 0.834598
0.989587 0.834491
0.989582 0.834383
0.989578 0.834276
0.989573 0.834168
0.989569 0.83406
0.989564 0.833952
0.989559 0.833843
0.989555 0.833734
0.98955 0.833625
0.989546 0.833516
0.989541 0.833406
0.989536 0.833296
0.989532 0.833186
0.989527 0.833076
0.989522 0.832965
0.989517 0.832854
0.989513 0.832743
0.989508 0.832632
0.989503 0.83252
0.989498 0.832408
0.989494 0.832296
0.989489 0.832183
0.989484 0.83207
0.989479 0.831957
0.989474 0.831844
0.98947 0.83173
0.989465 0.831616
0.98946 0.831502
0.989455 0.831387
0.98945 0.831272
0.989445 0.831157
0.98944 0.831042
0.989435 0.830926
0.98943 0.83081
0.989426 0.830694
0.989421 0.830577
0.989416 0.830461
0.989411 0.830343
0.989406 0.830226
0.989401 0.830108
0.989396 0.82999
0.989391 0.829872
0.989386 0.829753
0.989381 0.829634
0.989375 0.829515
0.98937 0.829395
0.989365 0.829276
0.98936 0.829155
0.989355 0.829035
0.98935 0.828914
0.989345 0.828793
0.98934 0.828672
0.989334 0.82855
0.989329 0.828428
0.989324 0.828305
0.989319 0.828183
0.989314 0.82806
0.989308 0.827936
0.989303 0.827813
0.989298 0.827689
0.989293 0.827564
0.989287 0.82744
0.989282 0.827315
0.989277 0.827189
0.989271 0.827064
0.989266 0.826938
0.989261 0.826811
0.989255 0.826685
0.98925 0.826558
0.989244 0.82643
0.989239 0.826303
0.989234 0.826175
0.989228 0.826046
0.989223 0.825918
0.989217 0.825789
0.989212 0.825659
0.989206 0.825529
0.989201 0.825399
0.989195 0.825269
0.98919 0.825138
0.989184 0.825007
0.989178 0.824875
0.989173 0.824743
0.989167 0.824611
0.989162 0.824478
0.989156 0.824345
0.98915 0.824212
0.989145 0.824078
0.989139 0.823944
0.989133 0.823809
0.989128 0.823674
0.989122 0.823539
0.989116 0.823403
0.98911 0.823267
0.989104 0.823131
0.989099 0.822994
0.989093 0.822857
0.989087 0.822719
0.989081 0.822581
0.989075 0.822443
0.989069 0.822304
0.989063 0.822165
0.989058 0.822025
0.989052 0.821885
0.989046 0.821745
0.98904 0.821604
0.989034 0.821463
0.989028 0.821321
0.989022 0.821179
0.989016 0.821037
0.98901 0.820894
0.989004 0.820751
0.988997 0.820607
0.988991 0.820463
0.988985 0.820318
0.988979 0.820174
0.988973 0.820028
0.988967 0.819882
0.988961 0.819736
0.988954 0.819589
0.988948 0.819442
0.988942 0.819295
0.988936 0.819147
0.988929 0.818998
0.988923 0.818849
0.988917 0.8187
0.98891 0.81855
0.988904 0.8184
0.988898 0.818249
0.988891 0.818098
0.988885 0.817947
0.988878 0.817795
0.988872 0.817642
0.988865 0.817489
0.988859 0.817335
0.988852 0.817182
0.988846 0.817027
0.988839 0.816872
0.988833 0.816717
0.988826 0.816561
0.988819 0.816405
0.988813 0.816248
0.988806 0.816091
0.988799 0.815933
0.988793 0.815774
0.988786 0.815616
0.988779 0.815456
0.988772 0.815297
0.988766 0.815136
0.988759 0.814976
0.988752 0.814814
0.988745 0.814652
0.988738 0.81449
0.988731 0.814327
0.988724 0.814164
0.988718 0.814
0.988711 0.813836
0.988704 0.813671
0.988697 0.813505
0.98869 0.813339
0.988682 0.813173
0.988675 0.813006
0.988668 0.812838
0.988661 0.81267
0.988654 0.812501
0.988647 0.812332
0.98864 0.812162
0.988632 0.811992
0.988625 0.811821
0.988618 0.811649
0.988611 0.811477
0.988603 0.811304
0.988596 0.811131
0.988589 0.810957
0.988581 0.810783
0.988574 0.810608
0.988566 0.810433
0.988559 0.810256
0.988552 0.81008
0.988544 0.809902
0.988536 0.809725
0.988529 0.809546
0.988521 0.809367
0.988514 0.809187
0.988506 0.809007
0.988498 0.808826
0.988491 0.808644
0.988483 0.808462
0.988475 0.808279
0.988468 0.808096
0.98846 0.807912
0.988452 0.807727
0.988444 0.807542
0.988436 0.807356
0.988428 0.807169
0.98842 0.806982
0.988412 0.806794
0.988404 0.806606
0.988396 0.806416
0.988388 0.806226
0.98838 0.806036
0.988372 0.805845
0.988364 0.805653
0.988356 0.80546
0.988348 0.805267
0.98834 0.805073
0.988331 0.804878
0.988323 0.804683
0.988315 0.804487
0.988306 0.80429
0.988298 0.804093
0.98829 0.803894
0.988281 0.803696
0.988273 0.803496
0.988264 0.803296
0.988256 0.803095
0.988247 0.802893
0.988239 0.80269
0.98823 0.802487
0.988221 0.802283
0.988213 0.802078
0.988204 0.801873
0.988195 0.801666
0.988187 0.801459
0.988178 0.801252
0.988169 0.801043
0.98816 0.800834
0.988151 0.800624
0.988142 0.800413
0.988133 0.800201
0.988124 0.799989
0.988115 0.799775
0.988106 0.799561
0.988097 0.799346
0.988088 0.799131
0.988079 0.798914
0.98807 0.798697
0.98806 0.798478
0.988051 0.798259
0.988042 0.79804
0.988032 0.797819
0.988023 0.797597
0.988014 0.797375
0.988004 0.797152
0.987995 0.796927
0.987985 0.796702
0.987976 0.796477
0.987966 0.79625
0.987956 0.796022
0.987947 0.795794
0.987937 0.795564
0.987927 0.795334
0.987917 0.795103
0.987908 0.794871
0.987898 0.794637
0.987888 0.794403
0.987878 0.794169
0.987868 0.793933
0.987858 0.793696
0.987848 0.793458
0.987838 0.793219
0.987828 0.79298
0.987817 0.792739
0.987807 0.792497
0.987797 0.792255
0.987786 0.792011
0.987776 0.791767
0.987766 0.791521
0.987755 0.791275
0.987745 0.791027
0.987734 0.790778
0.987724 0.790529
0.987713 0.790278
0.987702 0.790026
0.987692 0.789774
0.987681 0.78952
0.98767 0.789265
0.987659 0.789009
0.987648 0.788752
0.987637 0.788494
0.987626 0.788235
0.987615 0.787975
0.987604 0.787713
0.987593 0.787451
0.987582 0.787188
0.987571 0.786923
0.987559 0.786657
0.987548 0.78639
0.987537 0.786122
0.987525 0.785853
0.987514 0.785582
0.987502 0.785311
0.987491 0.785038
0.987479 0.784764
0.987468 0.784489
0.987456 0.784213
0.987444 0.783935
0.987432 0.783657
0.98742 0.783377
0.987408 0.783096
0.987396 0.782813
0.987384 0.78253
0.987372 0.782245
0.98736 0.781958
0.987348 0.781671
0.987336 0.781382
0.987323 0.781092
0.987311 0.780801
0.987299 0.780508
0.987286 0.780214
0.987274 0.779919
0.987261 0.779623
0.987248 0.779325
0.987236 0.779025
0.987223 0.778725
0.98721 0.778423
0.987197 0.778119
0.987184 0.777814
0.987171 0.777508
0.987158 0.777201
0.987145 0.776892
0.987132 0.776581
0.987118 0.776269
0.987105 0.775956
0.987092 0.775641
0.987078 0.775325
0.987065 0.775007
0.987051 0.774688
0.987037 0.774367
0.987024 0.774045
0.98701 0.773721
0.986996 0.773395
