0.740499 0.0177722
0.740229 0.0178022
0.739959 0.0178323
0.739688 0.0178626
0.739415 0.0178931
0.739141 0.0179236
0.738867 0.0179544
0.738591 0.0179853
0.738314 0.0180163
0.738036 0.0180475
0.737757 0.0180789
0.737477 0.0181104
0.737196 0.018142
0.736913 0.0181739
0.73663 0.0182058
0.736345 0.018238
0.736059 0.0182703
0.735772 0.0183027
0.735484 0.0183354
0.735194 0.0183681
0.734904 0.0184011
0.734612 0.0184342
0.734319 0.0184675
0.734025 0.018501
0.73373 0.0185346
0.733433 0.0185684
0.733136 0.0186024
0.732837 0.0186366
0.732537 0.0186709
0.732235 0.0187054
0.731932 0.0187401
0.731628 0.018775
0.731323 0.01881
0.731017 0.0188453
0.730709 0.0188807
0.7304 0.0189163
0.73009 0.0189521
0.729778 0.0189881
0.729465 0.0190242
0.729151 0.0190606
0.728835 0.0190972
0.728518 0.0191339
0.7282 0.0191709
0.72788 0.019208
0.727559 0.0192454
0.727237 0.0192829
0.726913 0.0193207
0.726588 0.0193587
0.726261 0.0193968
0.725933 0.0194352
0.725604 0.0194738
0.725273 0.0195126
0.724941 0.0195516
0.724607 0.0195908
0.724272 0.0196302
0.723935 0.0196699
0.723597 0.0197098
0.723257 0.0197499
0.722916 0.0197902
0.722574 0.0198308
0.72223 0.0198715
0.721884 0.0199125
0.721537 0.0199538
0.721188 0.0199952
0.720838 0.020037
0.720486 0.0200789
0.720133 0.0201211
0.719778 0.0201635
0.719422 0.0202062
0.719064 0.0202491
0.718704 0.0202922
0.718343 0.0203356
0.71798 0.0203793
0.717615 0.0204232
0.717249 0.0204674
0.716881 0.0205118
0.716511 0.0205565
0.71614 0.0206014
0.715767 0.0206466
0.715392 0.0206921
0.715016 0.0207378
0.714638 0.0207838
0.714258 0.0208301
0.713876 0.0208767
0.713493 0.0209235
0.713108 0.0209707
0.712721 0.0210181
0.712332 0.0210657
0.711941 0.0211137
0.711549 0.021162
0.711155 0.0212106
0.710759 0.0212594
0.710361 0.0213086
0.709961 0.021358
0.709559 0.0214078
0.709156 0.0214578
0.70875 0.0215082
0.708343 0.0215589
0.707933 0.0216099
0.707522 0.0216612
0.707108 0.0217129
0.706693 0.0217648
0.706276 0.0218171
0.705857 0.0218697
0.705435 0.0219227
0.705012 0.021976
0.704587 0.0220296
0.704159 0.0220836
0.70373 0.0221379
0.703298 0.0221925
0.702864 0.0222475
0.702428 0.0223029
0.70199 0.0223586
0.70155 0.0224147
0.701108 0.0224711
0.700663 0.0225279
0.700217 0.0225851
0.699768 0.0226427
0.699317 0.0227006
0.698863 0.0227589
0.698408 0.0228176
0.69795 0.0228767
0.69749 0.0229362
0.697027 0.0229961
0.696563 0.0230563
0.696095 0.023117
0.695626 0.0231781
0.695154 0.0232396
0.69468 0.0233015
0.694203 0.0233638
0.693724 0.0234266
0.693243 0.0234898
0.692759 0.0235534
0.692272 0.0236174
0.691783 0.0236819
0.691292 0.0237469
0.690798 0.0238123
0.690302 0.0238781
0.689803 0.0239444
0.689301 0.0240111
0.688797 0.0240784
0.68829 0.0241461
0.68778 0.0242142
0.687268 0.0242829
0.686753 0.024352
0.686236 0.0244217
0.685716 0.0244918
0.685193 0.0245624
0.684667 0.0246336
0.684139 0.0247052
0.683607 0.0247774
0.683073 0.0248501
0.682536 0.0249233
0.681997 0.024997
0.681454 0.0250713
0.680908 0.0251461
0.68036 0.0252215
0.679809 0.0252974
0.679254 0.0253739
0.678697 0.025451
0.678137 0.0255286
0.677573 0.0256068
0.677007 0.0256856
0.676437 0.025765
0.675865 0.0258449
0.675289 0.0259255
0.67471 0.0260067
0.674128 0.0260885
0.673543 0.0261709
0.672955 0.026254
0.672363 0.0263377
0.671769 0.026422
0.67117 0.026507
0.670569 0.0265927
0.669964 0.026679
0.669356 0.0267659
0.668745 0.0268536
0.66813 0.0269419
0.667512 0.027031
0.66689 0.0271207
0.666265 0.0272112
0.665636 0.0273023
0.665004 0.0273942
0.664368 0.0274868
0.663728 0.0275802
0.663085 0.0276743
0.662439 0.0277692
0.661789 0.0278648
0.661135 0.0279612
0.660477 0.0280584
0.659815 0.0281564
0.65915 0.0282552
0.658481 0.0283548
0.657808 0.0284552
0.657132 0.0285564
0.656451 0.0286585
0.655767 0.0287615
0.655078 0.0288653
0.654386 0.0289699
0.653689 0.0290755
0.652989 0.0291819
0.652284 0.0292892
0.651576 0.0293974
0.650863 0.0295066
0.650146 0.0296167
0.649425 0.0297277
0.6487 0.0298397
0.64797 0.0299526
0.647236 0.0300666
0.646498 0.0301815
0.645756 0.0302974
0.645009 0.0304143
0.644257 0.0305322
0.643502 0.0306512
0.642742 0.0307712
0.641977 0.0308923
0.641208 0.0310145
0.640434 0.0311377
0.639655 0.0312621
0.638872 0.0313875
0.638085 0.0315141
0.637292 0.0316418
0.636495 0.0317707
0.635693 0.0319008
0.634886 0.032032
0.634074 0.0321644
0.633258 0.0322981
0.632436 0.032433
0.63161 0.0325691
0.630779 0.0327065
0.629942 0.0328451
0.6291 0.0329851
0.628254 0.0331263
0.627402 0.0332689
0.626545 0.0334128
0.625683 0.0335581
0.624815 0.0337048
0.623943 0.0338528
0.623064 0.0340023
0.622181 0.0341532
0.621292 0.0343055
0.620398 0.0344593
0.619498 0.0346146
0.618592 0.0347714
0.617681 0.0349298
0.616765 0.0350896
0.615843 0.0352511
0.614915 0.0354141
0.613981 0.0355787
0.613042 0.035745
0.612096 0.0359129
0.611145 0.0360825
0.610188 0.0362538
0.609225 0.0364268
0.608256 0.0366015
0.607281 0.0367781
0.6063 0.0369563
0.605313 0.0371365
0.60432 0.0373184
0.60332 0.0375022
0.602315 0.0376879
0.601303 0.0378755
0.600285 0.0380651
0.59926 0.0382566
0.598229 0.0384501
0.597191 0.0386456
0.596147 0.0388432
0.595097 0.0390429
0.59404 0.0392447
0.592976 0.0394486
0.591906 0.0396546
0.590828 0.0398629
0.589745 0.0400734
0.588654 0.0402862
0.587557 0.0405012
0.586452 0.0407186
0.585341 0.0409383
0.584223 0.0411604
0.583097 0.0413849
0.581965 0.0416119
0.580826 0.0418414
0.579679 0.0420735
0.578525 0.0423081
0.577364 0.0425452
0.576196 0.0427851
0.57502 0.0430276
0.573838 0.0432728
0.572647 0.0435208
0.571449 0.0437716
0.570244 0.0440253
0.569031 0.0442818
0.567811 0.0445412
0.566583 0.0448036
0.565347 0.045069
0.564104 0.0453375
0.562853 0.0456091
0.561594 0.0458838
0.560328 0.0461618
0.559053 0.0464429
0.557771 0.0467274
0.55648 0.0470152
0.555182 0.0473064
0.553876 0.047601
0.552561 0.0478991
0.551239 0.0482008
0.549908 0.0485061
0.548569 0.048815
0.547222 0.0491277
0.545867 0.0494441
0.544504 0.0497643
0.543132 0.0500885
0.541752 0.0504166
0.540363 0.0507486
0.538966 0.0510848
0.537561 0.0514251
0.536147 0.0517696
0.534725 0.0521183
0.533294 0.0524714
0.531854 0.0528289
0.530406 0.0531908
0.52895 0.0535572
0.527484 0.0539283
0.526011 0.0543041
0.524528 0.0546846
0.523037 0.0550699
0.521536 0.0554601
0.520028 0.0558553
0.51851 0.0562556
0.516984 0.056661
0.515448 0.0570716
0.513904 0.0574875
0.512352 0.0579088
0.51079 0.0583356
0.509219 0.058768
0.50764 0.059206
0.506051 0.0596497
0.504454 0.0600993
0.502848 0.0605548
0.501233 0.0610163
0.499609 0.0614839
0.497976 0.0619578
0.496334 0.062438
0.494684 0.0629246
0.493024 0.0634177
0.491356 0.0639174
0.489679 0.0644239
0.487992 0.0649372
0.486297 0.0654575
0.484593 0.0659849
0.482881 0.0665194
0.481159 0.0670613
0.479429 0.0676106
0.47769 0.0681674
0.475942 0.0687319
0.474186 0.0693041
0.47242 0.0698843
0.470647 0.0704726
0.468864 0.071069
0.467073 0.0716737
0.465274 0.0722869
0.463466 0.0729087
0.461649 0.0735392
0.459824 0.0741785
0.457991 0.0748269
0.45615 0.0754844
0.4543 0.0761513
0.452442 0.0768276
0.450576 0.0775136
0.448702 0.0782093
0.44682 0.0789149
0.44493 0.0796307
0.443032 0.0803567
0.441127 0.0810932
0.439214 0.0818402
0.437293 0.0825981
0.435365 0.0833669
0.433429 0.0841468
0.431486 0.084938
0.429536 0.0857407
0.427579 0.0865551
0.425614 0.0873814
0.423643 0.0882198
0.421665 0.0890703
0.419681 0.0899334
0.41769 0.0908091
0.415692 0.0916977
0.413688 0.0925993
0.411678 0.0935143
0.409662 0.0944427
0.40764 0.0953848
0.405613 0.0963408
0.40358 0.097311
0.401541 0.0982956
0.399497 0.0992947
0.397448 0.100309
0.395393 0.101338
0.393334 0.102382
0.391271 0.103442
0.389203 0.104518
0.38713 0.105609
0.385053 0.106717
0.382973 0.107842
0.380889 0.108983
0.378801 0.110142
0.376709 0.111317
0.374615 0.112511
0.372517 0.113722
0.370417 0.114951
0.368314 0.116198
0.366208 0.117465
0.3641 0.11875
0.361991 0.120054
0.359879 0.121378
0.357767 0.122721
0.355652 0.124085
0.353537 0.125469
0.351421 0.126874
0.349304 0.1283
0.347187 0.129747
0.345069 0.131215
0.342952 0.132706
0.340835 0.134218
0.338718 0.135753
0.336602 0.137311
0.334487 0.138892
0.332374 0.140496
0.330262 0.142124
0.328152 0.143776
0.326043 0.145453
0.323937 0.147154
0.321834 0.14888
0.319733 0.150631
0.317635 0.152408
0.315541 0.154212
0.31345 0.156041
0.311363 0.157897
0.30928 0.15978
0.307201 0.16169
0.305127 0.163628
0.303058 0.165594
0.300993 0.167587
0.298934 0.16961
0.296881 0.171661
0.294834 0.173742
0.292792 0.175852
0.290757 0.177992
0.288728 0.180162
0.286707 0.182363
0.284692 0.184594
0.282685 0.186857
0.280685 0.189151
0.278693 0.191476
0.276709 0.193834
0.274734 0.196224
0.272767 0.198646
0.270809 0.201101
0.26886 0.20359
0.26692 0.206112
0.264989 0.208668
0.263068 0.211257
0.261157 0.213881
0.259256 0.216539
0.257366 0.219232
0.255486 0.22196
0.253617 0.224723
0.251759 0.227522
0.249911 0.230356
0.248076 0.233226
0.246251 0.236132
0.244439 0.239074
0.242638 0.242053
0.24085 0.245068
0.239073 0.248119
0.237309 0.251208
0.235558 0.254333
0.233819 0.257496
0.232094 0.260696
0.230381 0.263933
0.228681 0.267207
0.226995 0.270519
0.225323 0.273868
0.223664 0.277254
0.222018 0.280678
0.220387 0.28414
0.218769 0.287639
0.217166 0.291175
0.215576 0.294749
0.214001 0.29836
0.212441 0.302008
0.210894 0.305693
0.209363 0.309415
0.207846 0.313174
0.206343 0.31697
0.204856 0.320802
0.203383 0.32467
0.201925 0.328574
0.200483 0.332514
0.199055 0.33649
0.197642 0.3405
0.196244 0.344546
0.194862 0.348626
0.193494 0.35274
0.192142 0.356887
0.190805 0.361068
0.189484 0.365282
0.188177 0.369528
0.186886 0.373806
0.18561 0.378116
0.184349 0.382456
0.183104 0.386827
0.181873 0.391227
0.180658 0.395656
0.179459 0.400114
0.178274 0.404599
0.177105 0.409112
0.17595 0.413651
0.174811 0.418215
0.173687 0.422805
0.172578 0.427418
0.171484 0.432055
0.170405 0.436714
0.16934 0.441395
0.168291 0.446097
0.167256 0.450818
0.166236 0.455558
0.165231 0.460317
0.16424 0.465092
0.163263 0.469883
0.162302 0.47469
0.161354 0.47951
0.160421 0.484343
0.159502 0.489189
0.158597 0.494045
0.157706 0.498911
0.156829 0.503785
0.155966 0.508668
0.155116 0.513556
0.15428 0.518451
0.153458 0.523349
0.152649 0.52825
0.151854 0.533154
0.151072 0.538058
0.150302 0.542962
0.149546 0.547864
0.148803 0.552763
0.148073 0.557659
0.147355 0.562549
0.14665 0.567434
0.145958 0.57231
0.145278 0.577179
0.14461 0.582037
0.143954 0.586884
0.14331 0.59172
0.142678 0.596542
0.142058 0.60135
0.141449 0.606143
0.140852 0.610919
0.140267 0.615677
0.139693 0.620416
0.139129 0.625136
0.138577 0.629835
0.138036 0.634512
0.137505 0.639166
0.136986 0.643796
0.136476 0.648401
0.135977 0.65298
0.135489 0.657533
0.13501 0.662058
0.134542 0.666554
0.134083 0.671021
0.133634 0.675457
0.133195 0.679863
0.132766 0.684236
0.132345 0.688577
0.131934 0.692885
0.131533 0.697158
0.13114 0.701397
0.130756 0.705601
0.130381 0.709768
0.130014 0.713899
0.129656 0.717992
0.129307 0.722048
0.128966 0.726066
0.128633 0.730045
0.128308 0.733985
0.12799 0.737885
0.127681 0.741746
0.12738 0.745566
0.127086 0.749346
0.126799 0.753085
0.12652 0.756783
0.126248 0.760439
0.125983 0.764054
0.125725 0.767627
0.125474 0.771158
0.12523 0.774647
0.124993 0.778094
0.124762 0.781498
0.124538 0.784861
0.12432 0.78818
0.124108 0.791458
0.123902 0.794693
0.123703 0.797886
0.123509 0.801037
0.123322 0.804146
0.12314 0.807212
0.122963 0.810237
0.122793 0.81322
0.122627 0.816161
0.122468 0.819061
0.122313 0.82192
0.122164 0.824738
0.122019 0.827515
0.12188 0.830251
0.121746 0.832947
0.121617 0.835603
0.121492 0.838219
0.121372 0.840796
0.121257 0.843334
0.121146 0.845833
0.121039 0.848293
0.120937 0.850715
0.120839 0.8531
0.120746 0.855447
0.120656 0.857757
0.120571 0.86003
0.120489 0.862268
0.120412 0.864469
0.120338 0.866634
0.120268 0.868765
0.120202 0.870861
0.120139 0.872922
0.12008 0.87495
0.120025 0.876944
0.119973 0.878905
0.119924 0.880833
0.119879 0.882729
0.119837 0.884594
0.119798 0.886427
0.119762 0.888229
0.119729 0.89
0.119699 0.891741
0.119673 0.893453
0.119649 0.895136
0.119628 0.896789
0.11961 0.898414
0.119594 0.900011
0.119582 0.901581
0.119572 0.903123
0.119564 0.904639
0.119559 0.906128
0.119557 0.907592
0.119557 0.90903
0.119559 0.910443
0.119564 0.911831
0.119571 0.913195
0.119581 0.914534
0.119593 0.915851
0.119606 0.917144
0.119623 0.918415
0.119641 0.919663
0.119661 0.920889
0.119683 0.922093
0.119708 0.923276
0.119734 0.924439
0.119762 0.925581
0.119792 0.926702
0.119824 0.927804
0.119858 0.928886
0.119894 0.929949
0.119931 0.930994
0.11997 0.932019
0.120011 0.933027
0.120054 0.934017
0.120098 0.934989
0.120144 0.935945
0.120191 0.936883
0.12024 0.937804
0.12029 0.93871
0.120342 0.939599
0.120396 0.940473
0.120451 0.941331
0.120507 0.942174
0.120564 0.943003
0.120624 0.943816
0.120684 0.944616
0.120746 0.945401
0.120809 0.946173
0.120873 0.946931
0.120938 0.947676
0.121005 0.948407
0.121073 0.949126
0.121142 0.949833
0.121213 0.950527
0.121284 0.951208
0.121357 0.951879
0.121431 0.952537
0.121505 0.953184
0.121581 0.95382
0.121658 0.954444
0.121736 0.955058
0.121815 0.955662
0.121895 0.956255
0.121976 0.956837
0.122058 0.95741
0.122141 0.957973
0.122225 0.958526
0.12231 0.95907
0.122396 0.959604
0.122482 0.96013
0.12257 0.960646
0.122658 0.961154
0.122747 0.961653
0.122837 0.962144
0.122928 0.962626
0.12302 0.9631
0.123112 0.963566
0.123206 0.964025
0.1233 0.964476
0.123394 0.964919
0.12349 0.965355
0.123586 0.965783
0.123683 0.966204
0.123781 0.966619
0.123879 0.967026
0.123978 0.967427
0.124078 0.967821
0.124179 0.968209
0.12428 0.96859
0.124381 0.968965
0.124484 0.969334
0.124587 0.969697
0.124691 0.970054
0.124795 0.970406
0.1249 0.970751
0.125005 0.971091
0.125111 0.971426
0.125218 0.971755
0.125325 0.972078
0.125433 0.972397
0.125541 0.972711
0.12565 0.973019
0.125759 0.973323
0.125869 0.973622
0.12598 0.973916
0.126091 0.974205
0.126202 0.97449
0.126314 0.97477
0.126427 0.975046
0.12654 0.975318
0.126653 0.975585
0.126767 0.975849
0.126882 0.976108
0.126997 0.976363
0.127112 0.976614
0.127228 0.976862
0.127344 0.977105
0.127461 0.977345
0.127578 0.977581
0.127695 0.977814
0.127813 0.978043
0.127932 0.978268
0.128051 0.97849
0.12817 0.978709
0.12829 0.978924
0.12841 0.979137
0.12853 0.979346
0.128651 0.979552
0.128772 0.979754
0.128894 0.979954
0.129016 0.980151
0.129138 0.980345
0.129261 0.980536
0.129384 0.980724
0.129507 0.98091
0.129631 0.981093
0.129755 0.981273
0.12988 0.98145
0.130005 0.981625
0.13013 0.981798
0.130256 0.981967
0.130382 0.982135
0.130508 0.9823
0.130634 0.982462
0.130761 0.982623
0.130889 0.982781
0.131016 0.982937
0.131144 0.98309
0.131272 0.983242
0.131401 0.983391
0.131529 0.983538
0.131659 0.983683
0.131788 0.983826
0.131918 0.983967
0.132048 0.984106
0.132178 0.984243
0.132309 0.984378
0.13244 0.984512
0.132571 0.984643
0.132702 0.984773
0.132834 0.984901
0.132966 0.985027
0.133098 0.985152
0.133231 0.985274
0.133364 0.985395
0.133497 0.985515
0.133631 0.985633
0.133764 0.985749
0.133898 0.985863
0.134032 0.985977
0.134167 0.986088
0.134302 0.986198
0.134437 0.986307
0.134572 0.986414
0.134708 0.98652
0.134843 0.986624
0.13498 0.986727
0.135116 0.986829
0.135252 0.986929
0.135389 0.987028
0.135526 0.987126
0.135664 0.987222
0.135801 0.987318
0.135939 0.987411
0.136077 0.987504
0.136215 0.987596
0.136354 0.987686
0.136493 0.987775
0.136632 0.987863
0.136771 0.98795
0.136911 0.988036
0.13705 0.988121
0.13719 0.988204
0.13733 0.988287
0.137471 0.988368
0.137612 0.988449
0.137753 0.988528
0.137894 0.988607
0.138035 0.988684
0.138177 0.988761
0.138318 0.988837
0.138461 0.988911
0.138603 0.988985
0.138745 0.989058
0.138888 0.98913
0.139031 0.989201
0.139174 0.989271
0.139318 0.98934
0.139461 0.989409
0.139605 0.989476
0.139749 0.989543
0.139894 0.989609
0.140038 0.989674
0.140183 0.989739
0.140328 0.989802
0.140473 0.989865
0.140618 0.989927
0.140764 0.989988
0.14091 0.990049
0.141056 0.990109
0.141202 0.990168
0.141349 0.990227
0.141496 0.990284
0.141642 0.990341
0.14179 0.990398
0.141937 0.990454
0.142085 0.990509
0.142232 0.990563
0.14238 0.990617
0.142529 0.99067
0.142677 0.990723
0.142826 0.990775
0.142975 0.990826
0.143124 0.990877
0.143273 0.990927
0.143423 0.990976
0.143572 0.991025
0.143722 0.991074
0.143873 0.991122
0.144023 0.991169
0.144174 0.991216
0.144325 0.991262
0.144476 0.991308
0.144627 0.991353
0.144778 0.991397
0.14493 0.991442
0.145082 0.991485
0.145234 0.991528
0.145387 0.991571
0.145539 0.991613
0.145692 0.991655
0.145845 0.991696
0.145998 0.991737
0.146152 0.991777
0.146305 0.991817
0.146459 0.991857
0.146613 0.991896
0.146768 0.991934
0.146922 0.991972
0.147077 0.99201
0.147232 0.992047
0.147387 0.992084
0.147542 0.992121
0.147698 0.992157
0.147854 0.992192
0.14801 0.992228
0.148166 0.992263
0.148323 0.992297
0.14848 0.992331
0.148637 0.992365
0.148794 0.992398
0.148951 0.992431
0.149109 0.992464
0.149267 0.992496
0.149425 0.992528
0.149583 0.99256
0.149742 0.992591
0.149901 0.992622
0.15006 0.992653
0.150219 0.992683
0.150378 0.992713
0.150538 0.992742
0.150698 0.992772
0.150858 0.992801
0.151019 0.992829
0.151179 0.992858
0.15134 0.992886
0.151501 0.992913
0.151662 0.992941
0.151824 0.992968
0.151986 0.992995
0.152148 0.993021
0.15231 0.993048
0.152473 0.993074
0.152635 0.993099
0.152798 0.993125
0.152962 0.99315
0.153125 0.993175
0.153289 0.993199
0.153453 0.993224
0.153617 0.993248
0.153781 0.993272
0.153946 0.993295
0.154111 0.993319
0.154276 0.993342
0.154442 0.993365
0.154607 0.993387
0.154773 0.99341
0.154939 0.993432
0.155106 0.993454
0.155273 0.993475
0.155439 0.993497
0.155607 0.993518
0.155774 0.993539
0.155942 0.99356
0.15611 0.99358
0.156278 0.9936
0.156446 0.99362
0.156615 0.99364
0.156784 0.99366
0.156953 0.99368
0.157123 0.993699
0.157293 0.993718
0.157463 0.993737
0.157633 0.993755
0.157803 0.993774
0.157974 0.993792
0.158145 0.99381
0.158317 0.993828
0.158488 0.993846
0.15866 0.993863
0.158832 0.99388
0.159005 0.993897
0.159178 0.993914
0.159351 0.993931
0.159524 0.993948
0.159697 0.993964
0.159871 0.99398
0.160045 0.993996
0.16022 0.994012
0.160394 0.994028
0.160569 0.994043
0.160745 0.994059
0.16092 0.994074
0.161096 0.994089
0.161272 0.994104
0.161449 0.994119
0.161625 0.994133
0.161802 0.994148
0.16198 0.994162
0.162157 0.994176
0.162335 0.99419
0.162513 0.994204
0.162692 0.994217
0.16287 0.994231
0.163049 0.994244
0.163229 0.994257
0.163408 0.99427
0.163588 0.994283
0.163769 0.994296
0.163949 0.994308
0.16413 0.994321
0.164311 0.994333
0.164493 0.994345
0.164675 0.994357
0.164857 0.994369
0.165039 0.994381
0.165222 0.994393
0.165405 0.994404
0.165589 0.994416
0.165773 0.994427
0.165957 0.994438
0.166141 0.994449
0.166326 0.99446
0.166511 0.994471
0.166696 0.994481
0.166882 0.994492
0.167068 0.994502
0.167254 0.994512
0.167441 0.994523
0.167628 0.994533
0.167816 0.994542
0.168003 0.994552
0.168192 0.994562
0.16838 0.994571
0.168569 0.994581
0.168758 0.99459
0.168947 0.994599
0.169137 0.994608
0.169327 0.994617
0.169518 0.994626
0.169709 0.994635
0.1699 0.994644
0.170092 0.994652
0.170284 0.994661
0.170476 0.994669
0.170669 0.994677
0.170862 0.994685
0.171055 0.994694
0.171249 0.994701
0.171443 0.994709
0.171638 0.994717
0.171833 0.994725
0.172028 0.994732
0.172224 0.99474
0.17242 0.994747
0.172617 0.994754
0.172813 0.994761
0.173011 0.994768
0.173208 0.994775
0.173406 0.994782
0.173605 0.994789
0.173804 0.994796
0.174003 0.994802
0.174202 0.994809
0.174402 0.994815
0.174603 0.994821
0.174804 0.994827
0.175005 0.994834
0.175207 0.99484
0.175409 0.994846
0.175611 0.994851
0.175814 0.994857
0.176017 0.994863
0.176221 0.994868
0.176425 0.994874
0.17663 0.994879
0.176835 0.994885
0.17704 0.99489
0.177246 0.994895
0.177452 0.9949
0.177659 0.994905
0.177866 0.99491
0.178074 0.994915
0.178282 0.99492
0.178491 0.994924
0.1787 0.994929
0.178909 0.994933
0.179119 0.994938
0.179329 0.994942
0.17954 0.994947
0.179751 0.994951
0.179963 0.994955
0.180175 0.994959
0.180388 0.994963
0.180601 0.994967
0.180814 0.994971
0.181028 0.994974
0.181243 0.994978
0.181458 0.994982
0.181673 0.994985
0.181889 0.994989
0.182106 0.994992
0.182323 0.994995
0.18254 0.994999
0.182758 0.995002
0.182977 0.995005
0.183196 0.995008
0.183415 0.995011
0.183635 0.995014
0.183856 0.995016
0.184076 0.995019
0.184298 0.995022
0.18452 0.995024
0.184743 0.995027
0.184966 0.995029
0.185189 0.995032
0.185413 0.995034
0.185638 0.995036
0.185863 0.995039
0.186089 0.995041
0.186315 0.995043
0.186542 0.995045
0.186769 0.995047
0.186997 0.995049
0.187225 0.99505
0.187454 0.995052
0.187684 0.995054
0.187914 0.995055
0.188145 0.995057
0.188376 0.995058
0.188608 0.99506
0.18884 0.995061
0.189073 0.995062
0.189307 0.995063
0.189541 0.995065
0.189776 0.995066
0.190011 0.995067
0.190247 0.995068
0.190484 0.995068
0.190721 0.995069
0.190958 0.99507
0.191197 0.995071
0.191436 0.995071
0.191675 0.995072
0.191915 0.995073
0.192156 0.995073
0.192398 0.995073
0.19264 0.995074
0.192882 0.995074
0.193126 0.995074
0.19337 0.995074
0.193614 0.995074
0.193859 0.995074
0.194105 0.995074
0.194352 0.995074
0.194599 0.995074
0.194847 0.995074
0.195095 0.995074
0.195345 0.995073
0.195595 0.995073
0.195845 0.995072
0.196096 0.995072
0.196348 0.995071
0.196601 0.995071
0.196854 0.99507
0.197108 0.995069
0.197363 0.995068
0.197618 0.995068
0.197874 0.995067
0.198131 0.995066
0.198389 0.995065
0.198647 0.995064
0.198906 0.995062
0.199166 0.995061
0.199426 0.99506
0.199687 0.995059
0.199949 0.995057
0.200212 0.995056
0.200476 0.995054
0.20074 0.995053
0.201005 0.995051
0.20127 0.995049
0.201537 0.995048
0.201804 0.995046
0.202072 0.995044
0.202341 0.995042
0.202611 0.99504
0.202881 0.995038
0.203152 0.995036
0.203424 0.995034
0.203697 0.995032
0.203971 0.995029
0.204245 0.995027
0.204521 0.995025
0.204797 0.995022
0.205074 0.99502
0.205352 0.995017
0.20563 0.995014
0.20591 0.995012
0.20619 0.995009
0.206471 0.995006
0.206753 0.995003
0.207036 0.995001
0.20732 0.994998
0.207605 0.994995
0.20789 0.994991
0.208177 0.994988
0.208464 0.994985
0.208752 0.994982
0.209041 0.994979
0.209332 0.994975
0.209623 0.994972
0.209914 0.994968
0.210207 0.994965
0.210501 0.994961
0.210796 0.994958
0.211092 0.994954
0.211388 0.99495
0.211686 0.994946
0.211984 0.994942
0.212284 0.994938
0.212584 0.994934
0.212886 0.99493
0.213188 0.994926
0.213492 0.994922
0.213796 0.994918
0.214102 0.994913
0.214408 0.994909
0.214716 0.994905
0.215024 0.9949
0.215334 0.994895
0.215645 0.994891
0.215956 0.994886
0.216269 0.994881
0.216583 0.994877
0.216898 0.994872
0.217214 0.994867
0.217531 0.994862
0.217849 0.994857
0.218168 0.994852
0.218488 0.994847
0.21881 0.994841
0.219132 0.994836
0.219456 0.994831
0.219781 0.994825
0.220107 0.99482
0.220434 0.994814
0.220762 0.994809
0.221091 0.994803
0.221422 0.994797
0.221754 0.994791
0.222087 0.994786
0.222421 0.99478
0.222756 0.994774
0.223093 0.994768
0.223431 0.994761
0.22377 0.994755
0.22411 0.994749
0.224451 0.994743
0.224794 0.994736
0.225138 0.99473
0.225483 0.994723
0.22583 0.994717
0.226178 0.99471
0.226527 0.994703
0.226877 0.994697
0.227229 0.99469
0.227582 0.994683
0.227936 0.994676
0.228292 0.994669
0.228649 0.994662
0.229007 0.994654
0.229367 0.994647
0.229728 0.99464
0.230091 0.994632
0.230455 0.994625
0.23082 0.994617
0.231187 0.99461
0.231555 0.994602
0.231924 0.994594
0.232295 0.994586
0.232668 0.994579
0.233042 0.994571
0.233417 0.994562
0.233794 0.994554
0.234172 0.994546
0.234552 0.994538
0.234934 0.994529
0.235317 0.994521
0.235701 0.994513
0.236087 0.994504
0.236474 0.994495
0.236864 0.994486
0.237254 0.994478
0.237647 0.994469
0.23804 0.99446
0.238436 0.994451
0.238833 0.994442
0.239232 0.994432
0.239632 0.994423
0.240034 0.994414
0.240438 0.994404
0.240843 0.994395
0.24125 0.994385
0.241659 0.994375
0.24207 0.994365
0.242482 0.994356
0.242896 0.994346
0.243312 0.994336
0.243729 0.994325
0.244148 0.994315
0.244569 0.994305
0.244992 0.994294
0.245417 0.994284
0.245843 0.994273
0.246272 0.994263
0.246702 0.994252
0.247134 0.994241
0.247568 0.99423
0.248004 0.994219
0.248442 0.994208
0.248882 0.994197
0.249323 0.994185
0.249767 0.994174
0.250212 0.994163
0.25066 0.994151
0.25111 0.994139
0.251561 0.994127
0.252015 0.994116
0.252471 0.994104
0.252928 0.994091
0.253388 0.994079
0.25385 0.994067
0.254314 0.994055
0.25478 0.994042
0.255248 0.994029
0.255719 0.994017
0.256191 0.994004
0.256666 0.993991
0.257143 0.993978
0.257622 0.993965
0.258104 0.993952
0.258588 0.993938
0.259074 0.993925
0.259562 0.993911
0.260052 0.993897
0.260545 0.993884
0.261041 0.99387
0.261538 0.993856
0.262038 0.993842
0.26254 0.993827
0.263045 0.993813
0.263552 0.993798
0.264062 0.993784
0.264574 0.993769
0.265089 0.993754
0.265606 0.993739
0.266126 0.993724
0.266648 0.993709
0.267173 0.993693
0.2677 0.993678
0.26823 0.993662
0.268763 0.993647
0.269298 0.993631
0.269836 0.993615
0.270377 0.993599
0.27092 0.993582
0.271466 0.993566
0.272015 0.993549
0.272567 0.993533
0.273121 0.993516
0.273679 0.993499
0.274239 0.993482
0.274802 0.993464
0.275368 0.993447
0.275936 0.993429
0.276508 0.993412
0.277083 0.993394
0.277661 0.993376
0.278241 0.993358
0.278825 0.993339
0.279412 0.993321
0.280002 0.993302
0.280595 0.993284
0.281191 0.993265
0.28179 0.993246
0.282393 0.993226
0.282998 0.993207
0.283607 0.993187
0.284219 0.993168
0.284835 0.993148
0.285454 0.993127
0.286076 0.993107
0.286701 0.993087
0.28733 0.993066
0.287963 0.993045
0.288598 0.993024
0.289238 0.993003
0.289881 0.992982
0.290527 0.99296
0.291177 0.992939
0.29183 0.992917
0.292488 0.992895
0.293148 0.992872
0.293813 0.99285
0.294481 0.992827
0.295153 0.992804
0.295829 0.992781
0.296509 0.992758
0.297192 0.992734
0.29788 0.992711
0.298571 0.992687
0.299266 0.992663
0.299965 0.992638
0.300668 0.992614
0.301376 0.992589
0.302087 0.992564
0.302803 0.992538
0.303522 0.992513
0.304246 0.992487
0.304974 0.992461
0.305706 0.992435
0.306443 0.992409
0.307184 0.992382
0.307929 0.992355
0.308679 0.992328
0.309433 0.992301
0.310192 0.992273
0.310955 0.992245
0.311723 0.992217
0.312495 0.992188
0.313272 0.99216
0.314054 0.992131
0.31484 0.992101
0.315631 0.992072
0.316427 0.992042
0.317228 0.992012
0.318034 0.991982
0.318844 0.991951
0.31966 0.99192
0.32048 0.991889
0.321306 0.991857
0.322137 0.991825
0.322973 0.991793
0.323814 0.991761
0.32466 0.991728
0.325512 0.991695
0.326368 0.991661
0.327231 0.991628
0.328098 0.991594
0.328972 0.991559
0.32985 0.991524
0.330734 0.991489
0.331624 0.991454
0.33252 0.991418
0.333421 0.991382
0.334328 0.991345
0.335241 0.991308
0.336159 0.991271
0.337084 0.991233
0.338014 0.991195
0.338951 0.991157
0.339893 0.991118
0.340842 0.991079
0.341797 0.991039
0.342758 0.990999
0.343725 0.990959
0.344699 0.990918
0.345679 0.990876
0.346665 0.990835
0.347658 0.990792
0.348658 0.99075
0.349664 0.990707
0.350677 0.990663
0.351696 0.990619
0.352723 0.990575
0.353756 0.99053
0.354796 0.990484
0.355843 0.990438
0.356897 0.990392
0.357958 0.990345
0.359026 0.990298
0.360101 0.99025
0.361184 0.990201
0.362274 0.990152
0.363371 0.990102
0.364476 0.990052
0.365589 0.990002
0.366709 0.98995
0.367836 0.989899
0.368971 0.989846
0.370114 0.989793
0.371265 0.98974
0.372424 0.989685
0.373591 0.989631
0.374765 0.989575
0.375948 0.989519
0.377139 0.989462
0.378339 0.989405
0.379546 0.989347
0.380762 0.989288
0.381986 0.989229
0.383219 0.989169
0.384461 0.989108
0.385711 0.989046
0.38697 0.988984
0.388237 0.988921
0.389514 0.988857
0.390799 0.988793
0.392093 0.988727
0.393397 0.988661
0.394709 0.988594
0.396031 0.988527
0.397362 0.988458
0.398703 0.988389
0.400053 0.988318
0.401412 0.988247
0.402781 0.988175
0.40416 0.988102
0.405548 0.988029
0.406946 0.987954
0.408354 0.987878
0.409772 0.987801
0.4112 0.987724
0.412638 0.987645
0.414086 0.987566
0.415544 0.987485
0.417013 0.987403
0.418492 0.987321
0.419982 0.987237
0.421482 0.987152
0.422992 0.987066
0.424514 0.986979
0.426046 0.98689
0.427589 0.986801
0.429142 0.98671
0.430707 0.986618
0.432283 0.986525
0.433869 0.986431
0.435467 0.986335
0.437076 0.986238
0.438697 0.98614
0.440329 0.98604
0.441972 0.985939
0.443627 0.985837
0.445293 0.985733
0.446971 0.985628
0.448661 0.985521
0.450362 0.985413
0.452075 0.985304
0.4538 0.985192
0.455537 0.98508
0.457286 0.984965
0.459047 0.984849
0.46082 0.984731
0.462605 0.984612
0.464403 0.984491
0.466212 0.984368
0.468034 0.984243
0.469869 0.984117
0.471715 0.983989
0.473575 0.983859
0.475446 0.983726
0.477331 0.983592
0.479227 0.983456
0.481137 0.983318
0.483059 0.983178
0.484993 0.983036
0.486941 0.982892
0.488901 0.982745
0.490874 0.982596
0.49286 0.982445
0.494858 0.982292
0.496869 0.982136
0.498893 0.981978
0.50093 0.981817
0.50298 0.981654
0.505043 0.981489
0.507118 0.981321
0.509207 0.98115
0.511308 0.980976
0.513422 0.9808
0.515549 0.980621
0.517689 0.980439
0.519841 0.980255
0.522006 0.980067
0.524184 0.979876
0.526375 0.979683
0.528578 0.979486
0.530794 0.979286
0.533023 0.979082
0.535264 0.978876
0.537518 0.978666
0.539784 0.978452
0.542062 0.978235
0.544353 0.978015
0.546655 0.97779
0.54897 0.977563
0.551297 0.977331
0.553636 0.977095
0.555987 0.976856
0.55835 0.976612
0.560724 0.976364
0.56311 0.976113
0.565507 0.975856
0.567916 0.975596
0.570335 0.975331
0.572766 0.975062
0.575208 0.974788
0.57766 0.974509
0.580123 0.974225
0.582596 0.973937
0.58508 0.973643
0.587574 0.973345
0.590077 0.973041
0.59259 0.972732
0.595113 0.972417
0.597645 0.972097
0.600186 0.971772
0.602736 0.97144
0.605295 0.971103
0.607862 0.97076
0.610437 0.970411
0.61302 0.970056
0.615611 0.969694
0.61821 0.969326
0.620815 0.968951
0.623428 0.968569
0.626047 0.968181
0.628672 0.967786
0.631304 0.967383
0.633941 0.966974
0.636584 0.966557
0.639232 0.966132
0.641885 0.9657
0.644542 0.96526
0.647204 0.964812
0.649869 0.964356
0.652538 0.963891
0.65521 0.963418
0.657885 0.962937
0.660563 0.962446
0.663242 0.961947
0.665924 0.961439
0.668606 0.960921
0.67129 0.960394
0.673975 0.959857
0.676659 0.95931
0.679344 0.958753
0.682028 0.958186
0.684711 0.957609
0.687393 0.957021
0.690073 0.956422
0.692752 0.955812
0.695427 0.955191
0.6981 0.954558
0.700769 0.953914
0.703435 0.953258
0.706097 0.95259
0.708754 0.95191
0.711406 0.951217
0.714053 0.950511
0.716694 0.949792
0.71933 0.949061
0.721958 0.948315
0.724579 0.947556
0.727194 0.946784
0.7298 0.945997
0.732398 0.945195
0.734988 0.944379
0.737568 0.943548
0.74014 0.942702
0.742701 0.94184
0.745253 0.940963
0.747794 0.94007
0.750324 0.93916
0.752842 0.938234
0.755349 0.937292
0.757845 0.936332
0.760327 0.935355
0.762797 0.93436
0.765254 0.933347
0.767698 0.932317
0.770128 0.931267
0.772544 0.930199
0.774945 0.929112
0.777332 0.928006
0.779704 0.92688
0.78206 0.925734
0.784401 0.924568
0.786726 0.923381
0.789035 0.922173
0.791328 0.920945
0.793604 0.919694
0.795863 0.918422
0.798105 0.917128
0.800329 0.915812
0.802536 0.914473
0.804726 0.91311
0.806897 0.911725
0.80905 0.910315
0.811185 0.908882
0.813301 0.907424
0.815398 0.905942
0.817477 0.904435
0.819536 0.902903
0.821577 0.901344
0.823598 0.899761
0.8256 0.89815
0.827582 0.896514
0.829545 0.89485
0.831488 0.893159
0.833411 0.891441
0.835314 0.889695
0.837198 0.887921
0.839061 0.886118
0.840905 0.884286
0.842728 0.882426
0.844531 0.880536
0.846315 0.878616
0.848078 0.876667
0.849821 0.874687
0.851544 0.872677
0.853246 0.870635
0.854929 0.868563
0.856591 0.866459
0.858234 0.864323
0.859856 0.862155
0.861459 0.859955
0.863041 0.857722
0.864604 0.855457
0.866147 0.853158
0.86767 0.850826
0.869174 0.848461
0.870658 0.846061
0.872123 0.843628
0.873568 0.84116
0.874994 0.838657
0.8764 0.83612
0.877788 0.833547
0.879156 0.83094
0.880506 0.828297
0.881837 0.825618
0.883149 0.822904
0.884443 0.820154
0.885719 0.817367
0.886976 0.814544
0.888215 0.811685
0.889436 0.808789
0.89064 0.805857
0.891826 0.802887
0.892994 0.799881
0.894145 0.796838
0.895278 0.793757
0.896395 0.79064
0.897494 0.787485
0.898577 0.784293
0.899644 0.781063
0.900693 0.777797
0.901727 0.774492
0.902744 0.771151
0.903746 0.767772
0.904731 0.764356
0.905701 0.760903
0.906656 0.757412
0.907595 0.753884
0.90852 0.750319
0.909429 0.746718
0.910323 0.743079
0.911203 0.739404
0.912068 0.735692
0.912919 0.731944
0.913756 0.72816
0.914579 0.72434
0.915388 0.720484
0.916183 0.716593
0.916965 0.712667
0.917734 0.708705
0.918489 0.704709
0.919232 0.700679
0.919961 0.696615
0.920678 0.692517
0.921383 0.688386
0.922075 0.684222
0.922755 0.680025
0.923423 0.675797
0.924079 0.671537
0.924723 0.667246
0.925355 0.662925
0.925977 0.658573
0.926587 0.654192
0.927185 0.649782
0.927773 0.645344
0.92835 0.640877
0.928916 0.636384
0.929472 0.631864
0.930017 0.627318
0.930553 0.622747
0.931077 0.618152
0.931592 0.613532
0.932097 0.60889
0.932593 0.604225
0.933079 0.599539
0.933555 0.594832
0.934022 0.590105
0.93448 0.585359
0.934928 0.580595
0.935368 0.575813
0.935799 0.571014
0.936221 0.5662
0.936635 0.561371
0.93704 0.556529
0.937437 0.551673
0.937826 0.546806
0.938207 0.541927
0.938579 0.537038
0.938944 0.532141
0.939301 0.527235
0.93965 0.522322
0.939992 0.517403
0.940327 0.512479
0.940654 0.507551
0.940974 0.50262
0.941286 0.497688
0.941592 0.492754
0.941891 0.48782
0.942183 0.482888
0.942468 0.477958
0.942747 0.473032
0.943019 0.468109
0.943285 0.463192
0.943544 0.458282
0.943797 0.453379
0.944044 0.448485
0.944285 0.443601
0.94452 0.438727
0.944749 0.433865
0.944972 0.429016
0.94519 0.42418
0.945402 0.419359
0.945609 0.414554
0.94581 0.409766
0.946005 0.404996
0.946195 0.400244
0.946381 0.395512
0.946561 0.390801
0.946735 0.386111
0.946905 0.381444
0.94707 0.376799
0.947231 0.372179
0.947386 0.367585
0.947537 0.363016
0.947683 0.358473
0.947825 0.353958
0.947962 0.349472
0.948094 0.345014
0.948223 0.340586
0.948347 0.336189
0.948467 0.331823
0.948583 0.327488
0.948694 0.323186
0.948802 0.318917
0.948906 0.314681
0.949005 0.31048
0.949101 0.306314
0.949194 0.302182
0.949282 0.298087
0.949367 0.294027
0.949449 0.290005
0.949526 0.286019
0.949601 0.282071
0.949672 0.27816
0.949739 0.274288
0.949803 0.270454
0.949864 0.266659
0.949922 0.262902
0.949977 0.259185
0.950028 0.255508
0.950077 0.25187
0.950122 0.248272
0.950165 0.244714
0.950205 0.241196
0.950242 0.237718
0.950276 0.234281
0.950307 0.230884
0.950335 0.227527
0.950361 0.224211
0.950385 0.220934
0.950405 0.217699
0.950424 0.214503
0.950439 0.211348
0.950453 0.208233
0.950463 0.205158
0.950472 0.202123
0.950478 0.199128
0.950482 0.196173
0.950484 0.193257
0.950483 0.19038
0.950481 0.187543
0.950476 0.184744
0.950469 0.181984
0.95046 0.179263
0.950449 0.17658
0.950436 0.173935
0.950421 0.171327
0.950405 0.168757
0.950386 0.166225
0.950365 0.163729
0.950343 0.161269
0.950319 0.158846
0.950293 0.156459
0.950266 0.154108
0.950237 0.151791
0.950206 0.14951
0.950173 0.147263
0.950139 0.145051
0.950104 0.142872
0.950067 0.140727
0.950028 0.138615
0.949988 0.136535
0.949946 0.134489
0.949903 0.132474
0.949859 0.130491
0.949813 0.128539
0.949766 0.126618
0.949718 0.124727
0.949668 0.122867
0.949617 0.121036
0.949565 0.119235
0.949512 0.117463
0.949457 0.115719
0.949401 0.114004
0.949345 0.112316
0.949286 0.110656
0.949227 0.109023
0.949167 0.107417
0.949106 0.105836
0.949043 0.104282
0.94898 0.102753
0.948916 0.10125
0.94885 0.0997711
0.948784 0.0983167
0.948717 0.0968864
0.948649 0.0954799
0.948579 0.0940966
0.948509 0.0927363
0.948439 0.0913986
0.948367 0.0900832
0.948294 0.0887897
0.948221 0.0875177
0.948147 0.086267
0.948072 0.0850372
0.947996 0.0838279
0.947919 0.0826388
0.947842 0.0814696
0.947764 0.08032
0.947685 0.0791896
0.947606 0.0780781
0.947526 0.0769853
0.947445 0.0759107
0.947364 0.0748542
0.947282 0.0738153
0.947199 0.0727938
0.947116 0.0717895
0.947032 0.0708019
0.946947 0.0698309
0.946862 0.0688761
0.946777 0.0679373
0.946691 0.0670142
0.946604 0.0661065
0.946517 0.065214
0.946429 0.0643364
0.946341 0.0634734
0.946252 0.0626248
0.946163 0.0617903
0.946073 0.0609697
0.945983 0.0601628
0.945892 0.0593692
0.945801 0.0585889
0.94571 0.0578215
0.945618 0.0570668
0.945525 0.0563246
0.945433 0.0555946
0.945339 0.0548767
0.945246 0.0541707
0.945152 0.0534763
0.945058 0.0527933
0.944963 0.0521215
0.944868 0.0514608
0.944773 0.0508109
0.944677 0.0501716
0.944581 0.0495428
0.944485 0.0489242
0.944388 0.0483157
0.944291 0.0477171
0.944194 0.0471282
0.944097 0.0465489
0.943999 0.045979
0.943901 0.0454183
0.943802 0.0448666
0.943704 0.0443238
0.943605 0.0437898
0.943506 0.0432643
0.943407 0.0427473
0.943307 0.0422385
0.943207 0.0417378
0.943107 0.0412452
0.943007 0.0407603
0.942907 0.0402832
0.942806 0.0398136
0.942705 0.0393515
0.942604 0.0388966
0.942503 0.038449
0.942402 0.0380083
0.9423 0.0375746
0.942198 0.0371477
0.942096 0.0367275
0.941994 0.0363138
0.941892 0.0359065
0.94179 0.0355056
0.941687 0.0351109
0.941585 0.0347223
0.941482 0.0343397
0.941379 0.033963
0.941276 0.033592
0.941173 0.0332268
0.941069 0.0328672
0.940966 0.032513
0.940863 0.0321643
0.940759 0.0318208
0.940655 0.0314826
0.940551 0.0311494
0.940448 0.0308213
0.940344 0.0304982
0.94024 0.0301799
0.940135 0.0298663
0.940031 0.0295575
0.939927 0.0292533
0.939823 0.0289536
0.939718 0.0286583
0.939614 0.0283674
0.939509 0.0280809
0.939404 0.0277985
0.9393 0.0275203
0.939195 0.0272462
0.93909 0.0269761
0.938985 0.02671
0.938881 0.0264477
0.938776 0.0261892
0.938671 0.0259345
0.938566 0.0256835
0.938461 0.0254361
0.938356 0.0251922
0.938251 0.0249519
0.938146 0.024715
0.938041 0.0244814
0.937936 0.0242512
0.93783 0.0240243
0.937725 0.0238006
0.93762 0.0235801
0.937515 0.0233627
0.93741 0.0231483
0.937305 0.0229369
0.9372 0.0227285
0.937094 0.0225231
0.936989 0.0223204
0.936884 0.0221206
0.936779 0.0219236
0.936674 0.0217293
0.936569 0.0215377
0.936464 0.0213487
0.936359 0.0211623
0.936254 0.0209784
0.936149 0.0207971
0.936044 0.0206182
0.935939 0.0204418
0.935834 0.0202677
0.935729 0.020096
0.935624 0.0199267
0.935519 0.0197596
0.935414 0.0195947
0.93531 0.019432
0.935205 0.0192716
0.9351 0.0191132
0.934995 0.018957
0.934891 0.0188028
0.934786 0.0186507
0.934682 0.0185005
0.934577 0.0183524
0.934473 0.0182061
0.934368 0.0180618
0.934264 0.0179194
0.93416 0.0177788
0.934056 0.0176401
0.933951 0.0175031
0.933847 0.017368
0.933743 0.0172345
0.933639 0.0171028
0.933535 0.0169728
0.933431 0.0168444
0.933328 0.0167176
0.933224 0.0165925
0.93312 0.016469
0.933017 0.016347
0.932913 0.0162265
0.93281 0.0161076
0.932706 0.0159902
0.932603 0.0158742
0.932499 0.0157597
0.932396 0.0156466
0.932293 0.015535
0.93219 0.0154247
0.932087 0.0153157
0.931984 0.0152082
0.931881 0.0151019
0.931779 0.0149969
0.931676 0.0148933
0.931573 0.0147909
0.931471 0.0146897
0.931369 0.0145898
0.931266 0.0144911
0.931164 0.0143936
0.931062 0.0142972
0.93096 0.014202
0.930858 0.014108
0.930756 0.0140151
0.930654 0.0139233
0.930552 0.0138326
0.930451 0.0137429
0.930349 0.0136544
0.930248 0.0135668
0.930146 0.0134804
0.930045 0.0133949
0.929944 0.0133104
0.929843 0.013227
0.929742 0.0131445
0.929641 0.0130629
0.92954 0.0129823
0.929439 0.0129027
0.929339 0.012824
0.929238 0.0127461
0.929138 0.0126692
0.929037 0.0125932
0.928937 0.012518
0.928837 0.0124437
0.928737 0.0123703
0.928637 0.0122976
0.928537 0.0122259
0.928437 0.0121549
0.928338 0.0120847
0.928238 0.0120153
0.928139 0.0119467
0.928039 0.0118789
0.92794 0.0118118
0.927841 0.0117455
0.927742 0.0116799
0.927643 0.0116151
0.927544 0.0115509
0.927446 0.0114875
0.927347 0.0114248
0.927249 0.0113628
0.92715 0.0113014
0.927052 0.0112408
0.926954 0.0111808
0.926856 0.0111214
0.926758 0.0110627
0.92666 0.0110047
0.926562 0.0109472
0.926464 0.0108904
0.926367 0.0108342
0.926269 0.0107787
0.926172 0.0107237
0.926075 0.0106693
0.925978 0.0106155
0.925881 0.0105622
0.925784 0.0105096
0.925687 0.0104575
0.92559 0.0104059
0.925494 0.0103549
0.925397 0.0103045
0.925301 0.0102545
0.925205 0.0102051
0.925109 0.0101563
0.925013 0.0101079
0.924917 0.01006
0.924821 0.0100127
0.924726 0.0099658
0.92463 0.00991942
0.924535 0.00987353
0.924439 0.00982811
0.924344 0.00978317
0.924249 0.00973869
0.924154 0.00969466
0.924059 0.00965109
0.923964 0.00960797
0.92387 0.00956529
0.923775 0.00952305
0.923681 0.00948124
0.923586 0.00943986
0.923492 0.0093989
0.923398 0.00935835
0.923304 0.00931822
0.92321 0.00927849
0.923117 0.00923916
0.923023 0.00920023
0.92293 0.0091617
0.922836 0.00912354
0.922743 0.00908578
0.92265 0.00904839
0.922557 0.00901137
0.922464 0.00897473
0.922371 0.00893845
0.922278 0.00890253
0.922186 0.00886696
0.922093 0.00883175
0.922001 0.00879689
0.921909 0.00876237
0.921816 0.00872819
0.921724 0.00869435
0.921633 0.00866084
0.921541 0.00862766
0.921449 0.00859481
0.921358 0.00856227
0.921266 0.00853006
0.921175 0.00849815
0.921084 0.00846656
0.920993 0.00843527
0.920902 0.00840429
0.920811 0.00837361
0.92072 0.00834323
0.920629 0.00831313
0.920539 0.00828333
0.920448 0.00825382
0.920358 0.00822458
0.920268 0.00819563
0.920178 0.00816696
0.920088 0.00813856
0.919998 0.00811043
0.919908 0.00808257
0.919819 0.00805498
0.919729 0.00802764
0.91964 0.00800057
0.919551 0.00797375
0.919462 0.00794719
0.919373 0.00792088
0.919284 0.00789482
0.919195 0.007869
0.919106 0.00784343
0.919018 0.00781809
0.918929 0.007793
0.918841 0.00776814
0.918753 0.00774351
0.918665 0.00771911
0.918577 0.00769494
0.918489 0.007671
0.918401 0.00764728
0.918313 0.00762378
0.918226 0.0076005
0.918139 0.00757743
0.918051 0.00755458
0.917964 0.00753194
0.917877 0.00750951
0.91779 0.00748729
0.917703 0.00746527
0.917616 0.00744346
0.91753 0.00742185
0.917443 0.00740043
0.917357 0.00737921
0.917271 0.00735819
0.917184 0.00733736
0.917098 0.00731672
0.917012 0.00729627
0.916927 0.007276
0.916841 0.00725592
0.916755 0.00723603
0.91667 0.00721631
0.916584 0.00719678
0.916499 0.00717742
0.916414 0.00715824
0.916329 0.00713923
0.916244 0.0071204
0.916159 0.00710173
0.916075 0.00708323
0.91599 0.00706491
0.915906 0.00704674
0.915821 0.00702875
0.915737 0.00701091
0.915653 0.00699323
0.915569 0.00697572
0.915485 0.00695836
0.915401 0.00694116
0.915317 0.00692411
0.915234 0.00690721
0.91515 0.00689047
0.915067 0.00687388
0.914984 0.00685743
0.9149 0.00684113
0.914817 0.00682498
0.914734 0.00680898
0.914652 0.00679311
0.914569 0.00677739
0.914486 0.00676181
0.914404 0.00674636
0.914321 0.00673106
0.914239 0.00671589
0.914157 0.00670086
0.914075 0.00668596
0.913993 0.00667119
0.913911 0.00665655
0.913829 0.00664205
0.913748 0.00662767
0.913666 0.00661342
0.913585 0.0065993
0.913503 0.0065853
0.913422 0.00657142
0.913341 0.00655767
0.91326 0.00654404
0.913179 0.00653054
0.913098 0.00651715
0.913018 0.00650388
0.912937 0.00649072
0.912857 0.00647769
0.912776 0.00646477
0.912696 0.00645196
0.912616 0.00643927
0.912536 0.00642668
0.912456 0.00641421
0.912376 0.00640185
0.912297 0.0063896
0.912217 0.00637746
0.912137 0.00636542
0.912058 0.0063535
0.911979 0.00634167
0.9119 0.00632995
0.91182 0.00631834
0.911741 0.00630682
0.911663 0.00629541
0.911584 0.0062841
0.911505 0.00627289
0.911427 0.00626178
0.911348 0.00625076
0.91127 0.00623985
0.911192 0.00622902
0.911113 0.0062183
0.911035 0.00620767
0.910957 0.00619713
0.910879 0.00618669
0.910802 0.00617634
0.910724 0.00616608
0.910647 0.00615591
0.910569 0.00614583
0.910492 0.00613584
0.910415 0.00612594
0.910337 0.00611613
0.91026 0.0061064
0.910183 0.00609676
0.910107 0.0060872
0.91003 0.00607773
0.909953 0.00606835
0.909877 0.00605904
0.9098 0.00604982
0.909724 0.00604068
0.909648 0.00603163
0.909572 0.00602265
0.909496 0.00601375
0.90942 0.00600493
0.909344 0.00599619
0.909268 0.00598753
0.909192 0.00597895
0.909117 0.00597044
0.909041 0.00596201
0.908966 0.00595365
0.908891 0.00594537
0.908816 0.00593716
0.908741 0.00592902
0.908666 0.00592096
0.908591 0.00591297
0.908516 0.00590506
0.908441 0.00589721
0.908367 0.00588943
0.908292 0.00588173
0.908218 0.00587409
0.908144 0.00586652
0.908069 0.00585902
0.907995 0.00585159
0.907921 0.00584423
0.907847 0.00583693
0.907774 0.00582969
0.9077 0.00582253
0.907626 0.00581543
0.907553 0.00580839
0.907479 0.00580142
0.907406 0.00579451
0.907333 0.00578766
0.90726 0.00578088
0.907187 0.00577416
0.907114 0.0057675
0.907041 0.0057609
0.906968 0.00575436
0.906895 0.00574788
0.906823 0.00574146
0.90675 0.0057351
0.906678 0.0057288
0.906606 0.00572256
0.906533 0.00571637
0.906461 0.00571024
0.906389 0.00570417
0.906317 0.00569816
0.906246 0.0056922
0.906174 0.0056863
0.906102 0.00568045
0.906031 0.00567466
0.905959 0.00566892
0.905888 0.00566324
0.905816 0.00565761
0.905745 0.00565203
0.905674 0.0056465
0.905603 0.00564103
0.905532 0.00563561
0.905461 0.00563024
0.905391 0.00562492
0.90532 0.00561966
0.905249 0.00561444
0.905179 0.00560927
0.905108 0.00560416
0.905038 0.00559909
0.904968 0.00559407
0.904898 0.0055891
0.904828 0.00558418
0.904758 0.0055793
0.904688 0.00557447
0.904618 0.00556969
0.904548 0.00556496
0.904479 0.00556027
0.904409 0.00555563
0.90434 0.00555104
0.904271 0.00554649
0.904201 0.00554198
0.904132 0.00553752
0.904063 0.00553311
0.903994 0.00552874
0.903925 0.00552441
0.903856 0.00552013
0.903788 0.00551588
0.903719 0.00551169
0.90365 0.00550753
0.903582 0.00550342
0.903514 0.00549934
0.903445 0.00549531
0.903377 0.00549133
0.903309 0.00548738
0.903241 0.00548347
0.903173 0.0054796
0.903105 0.00547578
0.903037 0.00547199
0.902969 0.00546824
0.902902 0.00546454
0.902834 0.00546087
0.902767 0.00545724
0.902699 0.00545365
0.902632 0.00545009
0.902565 0.00544658
0.902498 0.0054431
0.902431 0.00543966
0.902364 0.00543626
0.902297 0.00543289
0.90223 0.00542956
0.902163 0.00542627
0.902097 0.00542301
0.90203 0.00541979
0.901963 0.0054166
0.901897 0.00541345
0.901831 0.00541033
0.901764 0.00540725
0.901698 0.00540421
0.901632 0.0054012
0.901566 0.00539822
0.9015 0.00539528
0.901434 0.00539237
0.901369 0.00538949
0.901303 0.00538665
0.901237 0.00538384
0.901172 0.00538106
0.901106 0.00537831
0.901041 0.0053756
0.900976 0.00537292
0.900911 0.00537027
0.900845 0.00536765
0.90078 0.00536507
0.900715 0.00536251
0.90065 0.00535999
0.900586 0.0053575
0.900521 0.00535504
0.900456 0.0053526
0.900392 0.0053502
0.900327 0.00534783
0.900263 0.00534549
0.900198 0.00534318
0.900134 0.0053409
0.90007 0.00533864
0.900006 0.00533642
0.899942 0.00533422
0.899878 0.00533206
0.899814 0.00532992
0.89975 0.00532781
0.899686 0.00532573
0.899623 0.00532367
0.899559 0.00532164
0.899495 0.00531965
0.899432 0.00531767
0.899369 0.00531573
0.899305 0.00531381
0.899242 0.00531192
0.899179 0.00531006
0.899116 0.00530822
0.899053 0.00530641
0.89899 0.00530462
0.898927 0.00530286
0.898864 0.00530113
0.898802 0.00529942
0.898739 0.00529774
0.898676 0.00529608
0.898614 0.00529445
0.898551 0.00529284
0.898489 0.00529126
0.898427 0.0052897
0.898365 0.00528817
0.898303 0.00528666
0.89824 0.00528517
0.898178 0.00528371
0.898117 0.00528227
0.898055 0.00528086
0.897993 0.00527947
0.897931 0.0052781
0.89787 0.00527676
0.897808 0.00527544
0.897747 0.00527414
0.897685 0.00527287
0.897624 0.00527162
0.897563 0.00527039
0.897501 0.00526918
0.89744 0.005268
0.897379 0.00526683
0.897318 0.00526569
0.897257 0.00526457
0.897196 0.00526347
0.897136 0.0052624
0.897075 0.00526134
0.897014 0.00526031
0.896954 0.0052593
0.896893 0.00525831
0.896833 0.00525734
0.896772 0.00525639
0.896712 0.00525546
0.896652 0.00525455
0.896592 0.00525366
0.896532 0.00525279
0.896471 0.00525195
0.896412 0.00525112
0.896352 0.00525031
0.896292 0.00524952
0.896232 0.00524875
0.896172 0.005248
0.896113 0.00524727
0.896053 0.00524656
0.895994 0.00524587
0.895934 0.0052452
0.895875 0.00524454
0.895816 0.00524391
0.895756 0.00524329
0.895697 0.00524269
0.895638 0.00524211
0.895579 0.00524155
0.89552 0.00524101
0.895461 0.00524048
0.895402 0.00523998
0.895343 0.00523949
0.895285 0.00523902
0.895226 0.00523856
0.895168 0.00523813
0.895109 0.00523771
0.895051 0.00523731
0.894992 0.00523692
0.894934 0.00523655
0.894876 0.0052362
0.894817 0.00523587
0.894759 0.00523555
0.894701 0.00523525
0.894643 0.00523497
0.894585 0.0052347
0.894527 0.00523445
0.89447 0.00523422
0.894412 0.005234
0.894354 0.0052338
0.894296 0.00523361
0.894239 0.00523344
0.894181 0.00523329
0.894124 0.00523315
0.894067 0.00523303
0.894009 0.00523292
0.893952 0.00523283
0.893895 0.00523275
0.893838 0.00523269
0.893781 0.00523265
0.893724 0.00523262
0.893667 0.0052326
0.89361 0.0052326
0.893553 0.00523261
0.893496 0.00523264
0.893439 0.00523268
0.893383 0.00523274
0.893326 0.00523281
0.89327 0.0052329
0.893213 0.005233
0.893157 0.00523311
0.8931 0.00523324
0.893044 0.00523339
0.892988 0.00523354
0.892932 0.00523371
0.892876 0.0052339
0.89282 0.0052341
0.892764 0.00523431
0.892708 0.00523453
0.892652 0.00523477
0.892596 0.00523502
0.89254 0.00523529
0.892485 0.00523557
0.892429 0.00523586
0.892373 0.00523617
0.892318 0.00523648
0.892262 0.00523681
0.892207 0.00523716
0.892152 0.00523751
0.892096 0.00523788
0.892041 0.00523826
0.891986 0.00523866
0.891931 0.00523907
0.891876 0.00523948
0.891821 0.00523992
0.891766 0.00524036
0.891711 0.00524082
0.891656 0.00524128
0.891601 0.00524176
0.891546 0.00524225
0.891492 0.00524276
0.891437 0.00524327
0.891383 0.0052438
0.891328 0.00524434
0.891274 0.00524489
0.891219 0.00524545
0.891165 0.00524603
0.891111 0.00524661
0.891056 0.00524721
0.891002 0.00524782
0.890948 0.00524843
0.890894 0.00524906
0.89084 0.00524971
0.890786 0.00525036
0.890732 0.00525102
0.890678 0.0052517
0.890625 0.00525238
0.890571 0.00525308
0.890517 0.00525378
0.890463 0.0052545
0.89041 0.00525523
0.890356 0.00525596
0.890303 0.00525671
0.890249 0.00525747
0.890196 0.00525824
0.890143 0.00525902
0.89009 0.00525981
0.890036 0.00526061
0.889983 0.00526142
0.88993 0.00526224
0.889877 0.00526307
0.889824 0.00526391
0.889771 0.00526476
0.889718 0.00526562
0.889665 0.00526649
0.889613 0.00526737
0.88956 0.00526826
0.889507 0.00526916
0.889455 0.00527006
0.889402 0.00527098
0.889349 0.00527191
0.889297 0.00527284
0.889245 0.00527379
0.889192 0.00527474
0.88914 0.00527571
0.889088 0.00527668
0.889035 0.00527766
0.888983 0.00527866
0.888931 0.00527966
0.888879 0.00528066
0.888827 0.00528168
0.888775 0.00528271
0.888723 0.00528375
0.888671 0.00528479
0.888619 0.00528584
0.888568 0.00528691
0.888516 0.00528798
0.888464 0.00528906
0.888413 0.00529014
0.888361 0.00529124
0.888309 0.00529234
0.888258 0.00529346
0.888207 0.00529458
0.888155 0.00529571
0.888104 0.00529685
0.888053 0.00529799
0.888001 0.00529915
0.88795 0.00530031
0.887899 0.00530148
0.887848 0.00530266
0.887797 0.00530384
0.887746 0.00530504
0.887695 0.00530624
0.887644 0.00530745
0.887593 0.00530866
0.887542 0.00530989
0.887492 0.00531112
0.887441 0.00531236
0.88739 0.00531361
0.88734 0.00531487
0.887289 0.00531613
0.887239 0.0053174
0.887188 0.00531868
0.887138 0.00531996
0.887087 0.00532126
0.887037 0.00532256
0.886987 0.00532386
0.886936 0.00532518
0.886886 0.0053265
0.886836 0.00532783
0.886786 0.00532916
0.886736 0.00533051
0.886686 0.00533186
0.886636 0.00533321
0.886586 0.00533458
0.886536 0.00533595
0.886486 0.00533732
0.886437 0.00533871
0.886387 0.0053401
0.886337 0.0053415
0.886287 0.0053429
0.886238 0.00534431
0.886188 0.00534573
0.886139 0.00534716
0.886089 0.00534859
0.88604 0.00535002
0.88599 0.00535147
0.885941 0.00535292
0.885892 0.00535437
0.885843 0.00535584
0.885793 0.00535731
0.885744 0.00535878
0.885695 0.00536026
0.885646 0.00536175
0.885597 0.00536325
0.885548 0.00536475
0.885499 0.00536625
0.88545 0.00536777
0.885401 0.00536929
0.885353 0.00537081
0.885304 0.00537234
0.885255 0.00537388
0.885206 0.00537542
0.885158 0.00537697
0.885109 0.00537852
0.885061 0.00538008
0.885012 0.00538165
0.884964 0.00538322
0.884915 0.0053848
0.884867 0.00538638
0.884818 0.00538797
0.88477 0.00538957
0.884722 0.00539117
0.884674 0.00539277
0.884625 0.00539438
0.884577 0.005396
0.884529 0.00539762
0.884481 0.00539925
0.884433 0.00540088
0.884385 0.00540252
0.884337 0.00540416
0.884289 0.00540581
0.884241 0.00540747
0.884194 0.00540913
0.884146 0.00541079
0.884098 0.00541246
0.88405 0.00541413
0.884003 0.00541581
0.883955 0.0054175
0.883908 0.00541919
0.88386 0.00542089
0.883813 0.00542259
0.883765 0.00542429
0.883718 0.005426
0.88367 0.00542772
0.883623 0.00542944
0.883576 0.00543116
0.883528 0.00543289
0.883481 0.00543463
0.883434 0.00543637
0.883387 0.00543811
0.88334 0.00543986
0.883293 0.00544161
0.883246 0.00544337
0.883199 0.00544513
0.883152 0.0054469
0.883105 0.00544867
0.883058 0.00545045
0.883011 0.00545223
0.882964 0.00545402
0.882918 0.00545581
0.882871 0.0054576
0.882824 0.0054594
0.882778 0.00546121
0.882731 0.00546302
0.882685 0.00546483
0.882638 0.00546664
0.882592 0.00546847
0.882545 0.00547029
0.882499 0.00547212
0.882452 0.00547396
0.882406 0.00547579
0.88236 0.00547764
0.882313 0.00547948
0.882267 0.00548133
0.882221 0.00548319
0.882175 0.00548505
0.882129 0.00548691
0.882083 0.00548878
0.882037 0.00549065
0.881991 0.00549253
0.881945 0.00549441
0.881899 0.00549629
0.881853 0.00549818
0.881807 0.00550007
0.881761 0.00550196
0.881715 0.00550386
0.88167 0.00550576
0.881624 0.00550767
0.881578 0.00550958
0.881533 0.0055115
0.881487 0.00551341
0.881442 0.00551534
0.881396 0.00551726
0.881351 0.00551919
0.881305 0.00552112
0.88126 0.00552306
0.881214 0.005525
0.881169 0.00552694
0.881124 0.00552889
0.881078 0.00553084
0.881033 0.0055328
0.880988 0.00553476
0.880943 0.00553672
0.880898 0.00553868
0.880852 0.00554065
0.880807 0.00554262
0.880762 0.0055446
0.880717 0.00554658
0.880672 0.00554856
0.880627 0.00555055
0.880582 0.00555254
0.880538 0.00555453
0.880493 0.00555652
0.880448 0.00555852
0.880403 0.00556053
0.880358 0.00556253
0.880314 0.00556454
0.880269 0.00556655
0.880224 0.00556857
0.88018 0.00557059
0.880135 0.00557261
0.880091 0.00557463
0.880046 0.00557666
0.880002 0.00557869
0.879957 0.00558073
0.879913 0.00558277
0.879868 0.00558481
0.879824 0.00558685
0.87978 0.0055889
0.879736 0.00559095
0.879691 0.005593
0.879647 0.00559506
0.879603 0.00559711
0.879559 0.00559918
0.879515 0.00560124
0.879471 0.00560331
0.879427 0.00560538
0.879383 0.00560745
0.879339 0.00560953
0.879295 0.00561161
0.879251 0.00561369
0.879207 0.00561577
0.879163 0.00561786
0.879119 0.00561995
0.879075 0.00562204
0.879032 0.00562414
0.878988 0.00562624
0.878944 0.00562834
0.8789 0.00563044
0.878857 0.00563255
0.878813 0.00563466
0.87877 0.00563677
0.878726 0.00563888
0.878683 0.005641
0.878639 0.00564312
0.878596 0.00564524
0.878552 0.00564737
0.878509 0.0056495
0.878465 0.00565163
0.878422 0.00565376
0.878379 0.00565589
0.878335 0.00565803
0.878292 0.00566017
0.878249 0.00566231
0.878206 0.00566446
0.878163 0.00566661
0.87812 0.00566876
0.878076 0.00567091
0.878033 0.00567306
0.87799 0.00567522
0.877947 0.00567738
0.877904 0.00567954
0.877861 0.00568171
0.877818 0.00568387
0.877776 0.00568604
0.877733 0.00568821
0.87769 0.00569039
0.877647 0.00569256
0.877604 0.00569474
0.877562 0.00569692
0.877519 0.0056991
0.877476 0.00570129
0.877434 0.00570348
0.877391 0.00570567
0.877348 0.00570786
0.877306 0.00571005
0.877263 0.00571225
0.877221 0.00571445
0.877178 0.00571665
0.877136 0.00571885
0.877093 0.00572105
0.877051 0.00572326
0.877008 0.00572547
0.876966 0.00572768
0.876924 0.00572989
0.876882 0.00573211
0.876839 0.00573432
0.876797 0.00573654
0.876755 0.00573876
0.876713 0.00574099
0.87667 0.00574321
0.876628 0.00574544
0.876586 0.00574767
0.876544 0.0057499
0.876502 0.00575213
0.87646 0.00575436
0.876418 0.0057566
0.876376 0.00575884
0.876334 0.00576108
0.876292 0.00576332
0.87625 0.00576557
0.876209 0.00576781
0.876167 0.00577006
0.876125 0.00577231
0.876083 0.00577456
0.876041 0.00577682
0.876 0.00577907
0.875958 0.00578133
0.875916 0.00578359
0.875875 0.00578585
0.875833 0.00578811
0.875791 0.00579038
0.87575 0.00579264
0.875708 0.00579491
0.875667 0.00579718
0.875625 0.00579945
0.875584 0.00580172
0.875542 0.005804
0.875501 0.00580628
0.875459 0.00580855
0.875418 0.00581083
0.875377 0.00581311
0.875335 0.0058154
0.875294 0.00581768
0.875253 0.00581997
0.875212 0.00582226
0.87517 0.00582455
0.875129 0.00582684
0.875088 0.00582913
0.875047 0.00583143
0.875006 0.00583372
0.874965 0.00583602
0.874924 0.00583832
0.874883 0.00584062
0.874842 0.00584292
0.874801 0.00584522
0.87476 0.00584753
0.874719 0.00584984
0.874678 0.00585215
0.874637 0.00585446
0.874596 0.00585677
0.874555 0.00585908
0.874514 0.00586139
0.874474 0.00586371
0.874433 0.00586603
0.874392 0.00586835
0.874351 0.00587067
0.874311 0.00587299
0.87427 0.00587531
0.874229 0.00587763
0.874189 0.00587996
0.874148 0.00588229
0.874107 0.00588462
0.874067 0.00588695
0.874026 0.00588928
0.873986 0.00589161
0.873945 0.00589394
0.873905 0.00589628
0.873864 0.00589862
0.873824 0.00590095
0.873783 0.00590329
0.873743 0.00590563
0.873703 0.00590798
0.873662 0.00591032
0.873622 0.00591266
0.873582 0.00591501
0.873542 0.00591736
0.873501 0.00591971
0.873461 0.00592206
0.873421 0.00592441
0.873381 0.00592676
0.87334 0.00592911
0.8733 0.00593147
0.87326 0.00593382
0.87322 0.00593618
0.87318 0.00593854
0.87314 0.0059409
0.8731 0.00594326
0.87306 0.00594562
0.87302 0.00594799
0.87298 0.00595035
0.87294 0.00595272
0.8729 0.00595508
0.87286 0.00595745
0.87282 0.00595982
0.872781 0.00596219
0.872741 0.00596456
0.872701 0.00596693
0.872661 0.00596931
0.872621 0.00597168
0.872582 0.00597406
0.872542 0.00597643
0.872502 0.00597881
0.872462 0.00598119
0.872423 0.00598357
0.872383 0.00598595
0.872344 0.00598834
0.872304 0.00599072
0.872264 0.0059931
0.872225 0.00599549
0.872185 0.00599788
0.872146 0.00600026
0.872106 0.00600265
0.872067 0.00600504
0.872027 0.00600743
0.871988 0.00600982
0.871948 0.00601222
0.871909 0.00601461
0.87187 0.00601701
0.87183 0.0060194
0.871791 0.0060218
0.871752 0.0060242
0.871712 0.00602659
0.871673 0.00602899
0.871634 0.0060314
0.871595 0.0060338
0.871555 0.0060362
0.871516 0.0060386
0.871477 0.00604101
0.871438 0.00604341
0.871399 0.00604582
0.871359 0.00604823
0.87132 0.00605064
0.871281 0.00605304
0.871242 0.00605545
0.871203 0.00605787
0.871164 0.00606028
0.871125 0.00606269
0.871086 0.0060651
0.871047 0.00606752
0.871008 0.00606993
0.870969 0.00607235
0.87093 0.00607477
0.870891 0.00607719
0.870853 0.00607961
0.870814 0.00608203
0.870775 0.00608445
0.870736 0.00608687
0.870697 0.00608929
0.870658 0.00609171
0.87062 0.00609414
0.870581 0.00609656
0.870542 0.00609899
0.870503 0.00610142
0.870465 0.00610384
0.870426 0.00610627
0.870387 0.0061087
0.870349 0.00611113
0.87031 0.00611356
0.870272 0.00611599
0.870233 0.00611843
0.870194 0.00612086
0.870156 0.00612329
0.870117 0.00612573
0.870079 0.00612816
0.87004 0.0061306
0.870002 0.00613304
0.869963 0.00613547
0.869925 0.00613791
0.869886 0.00614035
0.869848 0.00614279
0.86981 0.00614523
0.869771 0.00614767
0.869733 0.00615012
0.869694 0.00615256
0.869656 0.006155
0.869618 0.00615745
0.86958 0.00615989
0.869541 0.00616234
0.869503 0.00616479
0.869465 0.00616723
0.869427 0.00616968
0.869388 0.00617213
0.86935 0.00617458
0.869312 0.00617703
0.869274 0.00617948
0.869236 0.00618193
0.869197 0.00618438
0.869159 0.00618684
0.869121 0.00618929
0.869083 0.00619175
0.869045 0.0061942
0.869007 0.00619666
0.868969 0.00619911
0.868931 0.00620157
0.868893 0.00620403
0.868855 0.00620649
0.868817 0.00620894
0.868779 0.0062114
0.868741 0.00621386
0.868703 0.00621633
0.868665 0.00621879
0.868627 0.00622125
0.868589 0.00622371
0.868552 0.00622618
0.868514 0.00622864
0.868476 0.00623111
0.868438 0.00623357
0.8684 0.00623604
0.868363 0.0062385
0.868325 0.00624097
0.868287 0.00624344
0.868249 0.00624591
0.868211 0.00624838
0.868174 0.00625085
0.868136 0.00625332
0.868098 0.00625579
0.868061 0.00625826
0.868023 0.00626073
0.867985 0.0062632
0.867948 0.00626568
0.86791 0.00626815
0.867873 0.00627063
0.867835 0.0062731
0.867797 0.00627558
0.86776 0.00627805
0.867722 0.00628053
0.867685 0.00628301
0.867647 0.00628548
0.86761 0.00628796
0.867572 0.00629044
0.867535 0.00629292
0.867497 0.0062954
0.86746 0.00629788
0.867423 0.00630036
0.867385 0.00630285
0.867348 0.00630533
0.86731 0.00630781
0.867273 0.00631029
0.867236 0.00631278
0.867198 0.00631526
0.867161 0.00631775
0.867124 0.00632023
0.867086 0.00632272
0.867049 0.00632521
0.867012 0.00632769
0.866974 0.00633018
0.866937 0.00633267
0.8669 0.00633516
0.866863 0.00633765
0.866825 0.00634014
0.866788 0.00634263
0.866751 0.00634512
0.866714 0.00634761
0.866677 0.0063501
0.86664 0.0063526
0.866602 0.00635509
0.866565 0.00635758
0.866528 0.00636008
0.866491 0.00636257
0.866454 0.00636507
0.866417 0.00636756
0.86638 0.00637006
0.866343 0.00637256
0.866306 0.00637505
0.866269 0.00637755
0.866232 0.00638005
0.866195 0.00638255
0.866158 0.00638505
0.866121 0.00638754
0.866084 0.00639004
0.866047 0.00639255
0.86601 0.00639505
0.865973 0.00639755
0.865936 0.00640005
0.865899 0.00640255
0.865862 0.00640505
0.865825 0.00640756
0.865789 0.00641006
0.865752 0.00641257
0.865715 0.00641507
0.865678 0.00641758
0.865641 0.00642008
0.865604 0.00642259
0.865568 0.00642509
0.865531 0.0064276
0.865494 0.00643011
0.865457 0.00643262
0.865421 0.00643513
0.865384 0.00643764
0.865347 0.00644014
0.86531 0.00644265
0.865274 0.00644516
0.865237 0.00644768
0.8652 0.00645019
0.865164 0.0064527
0.865127 0.00645521
0.86509 0.00645772
0.865054 0.00646024
0.865017 0.00646275
0.86498 0.00646526
0.864944 0.00646778
0.864907 0.00647029
0.864871 0.00647281
0.864834 0.00647532
0.864797 0.00647784
0.864761 0.00648036
0.864724 0.00648287
0.864688 0.00648539
0.864651 0.00648791
0.864615 0.00649043
0.864578 0.00649295
0.864542 0.00649547
0.864505 0.00649799
0.864469 0.00650051
0.864432 0.00650303
0.864396 0.00650555
0.864359 0.00650807
0.864323 0.00651059
0.864287 0.00651311
0.86425 0.00651564
0.864214 0.00651816
0.864177 0.00652068
0.864141 0.00652321
0.864105 0.00652573
0.864068 0.00652826
0.864032 0.00653078
0.863996 0.00653331
0.863959 0.00653583
0.863923 0.00653836
0.863887 0.00654089
0.86385 0.00654341
0.863814 0.00654594
0.863778 0.00654847
0.863741 0.006551
0.863705 0.00655353
0.863669 0.00655606
0.863633 0.00655859
0.863596 0.00656112
0.86356 0.00656365
0.863524 0.00656618
0.863488 0.00656871
0.863451 0.00657124
0.863415 0.00657378
0.863379 0.00657631
0.863343 0.00657884
0.863307 0.00658138
0.86327 0.00658391
0.863234 0.00658645
0.863198 0.00658898
0.863162 0.00659152
0.863126 0.00659405
0.86309 0.00659659
0.863054 0.00659913
0.863017 0.00660166
0.862981 0.0066042
0.862945 0.00660674
0.862909 0.00660928
0.862873 0.00661182
0.862837 0.00661435
0.862801 0.00661689
0.862765 0.00661943
0.862729 0.00662198
0.862693 0.00662452
0.862657 0.00662706
0.862621 0.0066296
0.862585 0.00663214
0.862549 0.00663468
0.862513 0.00663723
0.862477 0.00663977
0.862441 0.00664231
0.862405 0.00664486
0.862369 0.0066474
0.862333 0.00664995
0.862297 0.00665249
0.862261 0.00665504
0.862225 0.00665759
0.862189 0.00666013
0.862153 0.00666268
0.862117 0.00666523
0.862081 0.00666778
0.862045 0.00667032
0.86201 0.00667287
0.861974 0.00667542
0.861938 0.00667797
0.861902 0.00668052
0.861866 0.00668307
0.86183 0.00668562
0.861794 0.00668817
0.861758 0.00669073
0.861723 0.00669328
0.861687 0.00669583
0.861651 0.00669838
0.861615 0.00670094
0.861579 0.00670349
0.861543 0.00670605
0.861508 0.0067086
0.861472 0.00671116
0.861436 0.00671371
0.8614 0.00671627
0.861365 0.00671882
0.861329 0.00672138
0.861293 0.00672394
0.861257 0.0067265
0.861221 0.00672905
0.861186 0.00673161
0.86115 0.00673417
0.861114 0.00673673
0.861079 0.00673929
0.861043 0.00674185
0.861007 0.00674441
0.860971 0.00674697
0.860936 0.00674953
0.8609 0.0067521
0.860864 0.00675466
0.860829 0.00675722
0.860793 0.00675978
0.860757 0.00676235
0.860722 0.00676491
0.860686 0.00676748
0.86065 0.00677004
0.860615 0.00677261
0.860579 0.00677517
0.860543 0.00677774
0.860508 0.00678031
0.860472 0.00678287
0.860436 0.00678544
0.860401 0.00678801
0.860365 0.00679058
0.860329 0.00679315
0.860294 0.00679572
0.860258 0.00679829
0.860223 0.00680086
0.860187 0.00680343
0.860151 0.006806
0.860116 0.00680857
0.86008 0.00681114
0.860045 0.00681372
0.860009 0.00681629
0.859974 0.00681886
0.859938 0.00682144
0.859902 0.00682401
0.859867 0.00682659
0.859831 0.00682916
0.859796 0.00683174
0.85976 0.00683431
0.859725 0.00683689
0.859689 0.00683947
0.859654 0.00684204
0.859618 0.00684462
0.859583 0.0068472
0.859547 0.00684978
0.859512 0.00685236
0.859476 0.00685494
0.859441 0.00685752
0.859405 0.0068601
0.85937 0.00686268
0.859334 0.00686526
0.859299 0.00686784
0.859263 0.00687043
0.859228 0.00687301
0.859192 0.00687559
0.859157 0.00687818
0.859121 0.00688076
0.859086 0.00688335
0.85905 0.00688593
0.859015 0.00688852
0.858979 0.00689111
0.858944 0.00689369
0.858908 0.00689628
0.858873 0.00689887
0.858837 0.00690146
0.858802 0.00690405
0.858767 0.00690663
0.858731 0.00690922
0.858696 0.00691181
0.85866 0.00691441
0.858625 0.006917
0.858589 0.00691959
0.858554 0.00692218
0.858519 0.00692477
0.858483 0.00692737
0.858448 0.00692996
0.858412 0.00693256
0.858377 0.00693515
0.858342 0.00693775
0.858306 0.00694034
0.858271 0.00694294
0.858235 0.00694553
0.8582 0.00694813
0.858165 0.00695073
0.858129 0.00695333
0.858094 0.00695593
0.858058 0.00695853
0.858023 0.00696113
0.857988 0.00696373
0.857952 0.00696633
0.857917 0.00696893
0.857881 0.00697153
0.857846 0.00697413
0.857811 0.00697674
0.857775 0.00697934
0.85774 0.00698194
0.857705 0.00698455
0.857669 0.00698715
0.857634 0.00698976
0.857599 0.00699237
0.857563 0.00699497
0.857528 0.00699758
0.857492 0.00700019
0.857457 0.0070028
0.857422 0.0070054
0.857386 0.00700801
0.857351 0.00701062
0.857316 0.00701323
0.85728 0.00701584
0.857245 0.00701846
0.85721 0.00702107
0.857174 0.00702368
0.857139 0.00702629
0.857104 0.00702891
0.857068 0.00703152
0.857033 0.00703414
0.856998 0.00703675
0.856962 0.00703937
0.856927 0.00704199
0.856892 0.0070446
0.856856 0.00704722
0.856821 0.00704984
0.856786 0.00705246
0.85675 0.00705508
0.856715 0.0070577
0.85668 0.00706032
0.856644 0.00706294
0.856609 0.00706556
0.856574 0.00706818
0.856538 0.0070708
0.856503 0.00707343
0.856468 0.00707605
0.856432 0.00707868
0.856397 0.0070813
0.856362 0.00708393
0.856326 0.00708655
0.856291 0.00708918
0.856256 0.00709181
0.85622 0.00709444
0.856185 0.00709707
0.85615 0.00709969
0.856114 0.00710232
0.856079 0.00710496
0.856044 0.00710759
0.856008 0.00711022
0.855973 0.00711285
0.855938 0.00711548
0.855902 0.00711812
0.855867 0.00712075
0.855832 0.00712339
0.855796 0.00712602
0.855761 0.00712866
0.855726 0.00713129
0.85569 0.00713393
0.855655 0.00713657
0.85562 0.00713921
0.855584 0.00714185
0.855549 0.00714449
0.855514 0.00714713
0.855478 0.00714977
0.855443 0.00715241
0.855408 0.00715505
0.855372 0.0071577
0.855337 0.00716034
0.855302 0.00716298
0.855266 0.00716563
0.855231 0.00716828
0.855196 0.00717092
0.85516 0.00717357
0.855125 0.00717622
0.85509 0.00717886
0.855054 0.00718151
0.855019 0.00718416
0.854984 0.00718681
0.854948 0.00718946
0.854913 0.00719212
0.854877 0.00719477
0.854842 0.00719742
0.854807 0.00720008
0.854771 0.00720273
0.854736 0.00720538
0.854701 0.00720804
0.854665 0.0072107
0.85463 0.00721335
0.854595 0.00721601
0.854559 0.00721867
0.854524 0.00722133
0.854488 0.00722399
0.854453 0.00722665
0.854418 0.00722931
0.854382 0.00723197
0.854347 0.00723464
0.854311 0.0072373
0.854276 0.00723996
0.854241 0.00724263
0.854205 0.00724529
0.85417 0.00724796
0.854134 0.00725063
0.854099 0.00725329
0.854064 0.00725596
0.854028 0.00725863
0.853993 0.0072613
0.853957 0.00726397
0.853922 0.00726664
0.853887 0.00726932
0.853851 0.00727199
0.853816 0.00727466
0.85378 0.00727734
0.853745 0.00728001
0.853709 0.00728269
0.853674 0.00728536
0.853639 0.00728804
0.853603 0.00729072
0.853568 0.0072934
0.853532 0.00729608
0.853497 0.00729876
0.853461 0.00730144
0.853426 0.00730412
0.85339 0.0073068
0.853355 0.00730949
0.853319 0.00731217
0.853284 0.00731486
0.853249 0.00731754
0.853213 0.00732023
0.853178 0.00732292
0.853142 0.00732561
0.853107 0.00732829
0.853071 0.00733098
0.853036 0.00733367
0.853 0.00733637
0.852965 0.00733906
0.852929 0.00734175
0.852894 0.00734444
0.852858 0.00734714
0.852823 0.00734983
0.852787 0.00735253
0.852751 0.00735523
0.852716 0.00735793
0.85268 0.00736062
0.852645 0.00736332
0.852609 0.00736602
0.852574 0.00736873
0.852538 0.00737143
0.852503 0.00737413
0.852467 0.00737683
0.852431 0.00737954
0.852396 0.00738224
0.85236 0.00738495
0.852325 0.00738766
0.852289 0.00739036
0.852254 0.00739307
0.852218 0.00739578
0.852182 0.00739849
0.852147 0.00740121
0.852111 0.00740392
0.852076 0.00740663
0.85204 0.00740934
0.852004 0.00741206
0.851969 0.00741477
0.851933 0.00741749
0.851897 0.00742021
0.851862 0.00742293
0.851826 0.00742565
0.85179 0.00742837
0.851755 0.00743109
0.851719 0.00743381
0.851683 0.00743653
0.851648 0.00743926
0.851612 0.00744198
0.851576 0.00744471
0.851541 0.00744743
0.851505 0.00745016
0.851469 0.00745289
0.851433 0.00745562
0.851398 0.00745835
0.851362 0.00746108
0.851326 0.00746381
0.851291 0.00746654
0.851255 0.00746928
0.851219 0.00747201
0.851183 0.00747475
0.851147 0.00747748
0.851112 0.00748022
0.851076 0.00748296
0.85104 0.0074857
0.851004 0.00748844
0.850969 0.00749118
0.850933 0.00749393
0.850897 0.00749667
0.850861 0.00749941
0.850825 0.00750216
0.850789 0.0075049
0.850754 0.00750765
0.850718 0.0075104
0.850682 0.00751315
0.850646 0.0075159
0.85061 0.00751865
0.850574 0.0075214
0.850538 0.00752416
0.850503 0.00752691
0.850467 0.00752967
0.850431 0.00753242
0.850395 0.00753518
0.850359 0.00753794
0.850323 0.0075407
0.850287 0.00754346
0.850251 0.00754622
0.850215 0.00754898
0.850179 0.00755174
0.850143 0.00755451
0.850107 0.00755727
0.850071 0.00756004
0.850035 0.00756281
0.849999 0.00756558
0.849963 0.00756835
0.849927 0.00757112
0.849891 0.00757389
0.849855 0.00757666
0.849819 0.00757943
0.849783 0.00758221
0.849747 0.00758499
0.849711 0.00758776
0.849675 0.00759054
0.849639 0.00759332
0.849603 0.0075961
0.849567 0.00759888
0.849531 0.00760166
0.849495 0.00760445
0.849459 0.00760723
0.849423 0.00761002
0.849386 0.0076128
0.84935 0.00761559
0.849314 0.00761838
0.849278 0.00762117
0.849242 0.00762396
0.849206 0.00762676
0.84917 0.00762955
0.849133 0.00763234
0.849097 0.00763514
0.849061 0.00763794
0.849025 0.00764073
0.848988 0.00764353
0.848952 0.00764633
0.848916 0.00764913
0.84888 0.00765194
0.848844 0.00765474
0.848807 0.00765755
0.848771 0.00766035
0.848735 0.00766316
0.848698 0.00766597
0.848662 0.00766878
0.848626 0.00767159
0.848589 0.0076744
0.848553 0.00767721
0.848517 0.00768003
0.84848 0.00768284
0.848444 0.00768566
0.848408 0.00768848
0.848371 0.0076913
0.848335 0.00769412
0.848299 0.00769694
0.848262 0.00769976
0.848226 0.00770258
0.848189 0.00770541
0.848153 0.00770824
0.848116 0.00771106
0.84808 0.00771389
0.848043 0.00771672
0.848007 0.00771955
0.84797 0.00772239
0.847934 0.00772522
0.847897 0.00772805
0.847861 0.00773089
0.847824 0.00773373
0.847788 0.00773657
0.847751 0.00773941
0.847715 0.00774225
0.847678 0.00774509
0.847642 0.00774793
0.847605 0.00775078
0.847568 0.00775363
0.847532 0.00775647
0.847495 0.00775932
0.847458 0.00776217
0.847422 0.00776502
0.847385 0.00776788
0.847348 0.00777073
0.847312 0.00777359
0.847275 0.00777644
0.847238 0.0077793
0.847202 0.00778216
0.847165 0.00778502
0.847128 0.00778788
0.847091 0.00779075
0.847055 0.00779361
0.847018 0.00779648
0.846981 0.00779934
0.846944 0.00780221
0.846907 0.00780508
0.846871 0.00780795
0.846834 0.00781083
0.846797 0.0078137
0.84676 0.00781658
0.846723 0.00781945
0.846686 0.00782233
0.846649 0.00782521
0.846612 0.00782809
0.846576 0.00783097
0.846539 0.00783386
0.846502 0.00783674
0.846465 0.00783963
0.846428 0.00784252
0.846391 0.00784541
0.846354 0.0078483
0.846317 0.00785119
0.84628 0.00785408
0.846243 0.00785698
0.846206 0.00785988
0.846169 0.00786277
0.846131 0.00786567
0.846094 0.00786857
0.846057 0.00787148
0.84602 0.00787438
0.845983 0.00787728
0.845946 0.00788019
0.845909 0.0078831
0.845872 0.00788601
0.845834 0.00788892
0.845797 0.00789183
0.84576 0.00789475
0.845723 0.00789766
0.845685 0.00790058
0.845648 0.0079035
0.845611 0.00790642
0.845574 0.00790934
0.845536 0.00791226
0.845499 0.00791518
0.845462 0.00791811
0.845424 0.00792104
0.845387 0.00792397
0.84535 0.0079269
0.845312 0.00792983
0.845275 0.00793276
0.845238 0.0079357
0.8452 0.00793863
0.845163 0.00794157
0.845125 0.00794451
0.845088 0.00794745
0.84505 0.0079504
0.845013 0.00795334
0.844975 0.00795629
0.844938 0.00795923
0.8449 0.00796218
0.844863 0.00796513
0.844825 0.00796809
0.844788 0.00797104
0.84475 0.007974
0.844712 0.00797695
0.844675 0.00797991
0.844637 0.00798287
0.8446 0.00798583
0.844562 0.0079888
0.844524 0.00799176
0.844486 0.00799473
0.844449 0.0079977
0.844411 0.00800067
0.844373 0.00800364
0.844336 0.00800661
0.844298 0.00800959
0.84426 0.00801256
0.844222 0.00801554
0.844184 0.00801852
0.844146 0.0080215
0.844109 0.00802449
0.844071 0.00802747
0.844033 0.00803046
0.843995 0.00803345
0.843957 0.00803644
0.843919 0.00803943
0.843881 0.00804242
0.843843 0.00804542
0.843805 0.00804842
0.843767 0.00805141
0.843729 0.00805441
0.843691 0.00805742
0.843653 0.00806042
0.843615 0.00806343
0.843577 0.00806643
0.843539 0.00806944
0.843501 0.00807245
0.843463 0.00807547
0.843424 0.00807848
0.843386 0.0080815
0.843348 0.00808451
0.84331 0.00808753
0.843272 0.00809056
0.843233 0.00809358
0.843195 0.0080966
0.843157 0.00809963
0.843119 0.00810266
0.84308 0.00810569
0.843042 0.00810872
0.843004 0.00811176
0.842965 0.00811479
0.842927 0.00811783
0.842889 0.00812087
0.84285 0.00812391
0.842812 0.00812695
0.842773 0.00813
0.842735 0.00813305
0.842696 0.00813609
0.842658 0.00813915
0.842619 0.0081422
0.842581 0.00814525
0.842542 0.00814831
0.842504 0.00815137
0.842465 0.00815443
0.842426 0.00815749
0.842388 0.00816055
0.842349 0.00816362
0.84231 0.00816669
0.842272 0.00816976
0.842233 0.00817283
0.842194 0.0081759
0.842156 0.00817898
0.842117 0.00818205
0.842078 0.00818513
0.842039 0.00818821
0.842 0.0081913
0.841962 0.00819438
0.841923 0.00819747
0.841884 0.00820056
0.841845 0.00820365
0.841806 0.00820674
0.841767 0.00820984
0.841728 0.00821294
0.841689 0.00821603
0.84165 0.00821914
0.841611 0.00822224
0.841572 0.00822534
0.841533 0.00822845
0.841494 0.00823156
0.841455 0.00823467
0.841416 0.00823778
0.841377 0.0082409
0.841337 0.00824402
0.841298 0.00824714
0.841259 0.00825026
0.84122 0.00825338
0.841181 0.00825651
0.841141 0.00825963
0.841102 0.00826276
0.841063 0.00826589
0.841023 0.00826903
0.840984 0.00827216
0.840945 0.0082753
0.840905 0.00827844
0.840866 0.00828159
0.840826 0.00828473
0.840787 0.00828788
0.840748 0.00829102
0.840708 0.00829418
0.840669 0.00829733
0.840629 0.00830048
0.840589 0.00830364
0.84055 0.0083068
0.84051 0.00830996
0.840471 0.00831313
0.840431 0.00831629
0.840391 0.00831946
0.840352 0.00832263
0.840312 0.0083258
0.840272 0.00832898
0.840232 0.00833215
0.840193 0.00833533
0.840153 0.00833852
0.840113 0.0083417
0.840073 0.00834488
0.840033 0.00834807
0.839994 0.00835126
0.839954 0.00835446
0.839914 0.00835765
0.839874 0.00836085
0.839834 0.00836405
0.839794 0.00836725
0.839754 0.00837045
0.839714 0.00837366
0.839674 0.00837687
0.839634 0.00838008
0.839593 0.00838329
0.839553 0.00838651
0.839513 0.00838973
0.839473 0.00839295
0.839433 0.00839617
0.839392 0.00839939
0.839352 0.00840262
0.839312 0.00840585
0.839272 0.00840908
0.839231 0.00841232
0.839191 0.00841555
0.839151 0.00841879
0.83911 0.00842203
0.83907 0.00842528
0.839029 0.00842852
0.838989 0.00843177
0.838948 0.00843502
0.838908 0.00843828
0.838867 0.00844153
0.838827 0.00844479
0.838786 0.00844805
0.838745 0.00845131
0.838705 0.00845458
0.838664 0.00845785
0.838623 0.00846112
0.838583 0.00846439
0.838542 0.00846767
0.838501 0.00847095
0.83846 0.00847423
0.83842 0.00847751
0.838379 0.0084808
0.838338 0.00848408
0.838297 0.00848737
0.838256 0.00849067
0.838215 0.00849396
0.838174 0.00849726
0.838133 0.00850056
0.838092 0.00850386
0.838051 0.00850717
0.83801 0.00851048
0.837969 0.00851379
0.837928 0.0085171
0.837886 0.00852042
0.837845 0.00852374
0.837804 0.00852706
0.837763 0.00853038
0.837722 0.00853371
0.83768 0.00853704
0.837639 0.00854037
0.837598 0.00854371
0.837556 0.00854704
0.837515 0.00855038
0.837473 0.00855373
0.837432 0.00855707
0.83739 0.00856042
0.837349 0.00856377
0.837307 0.00856712
0.837266 0.00857048
0.837224 0.00857384
0.837183 0.0085772
0.837141 0.00858056
0.837099 0.00858393
0.837058 0.0085873
0.837016 0.00859067
0.836974 0.00859405
0.836932 0.00859742
0.836891 0.0086008
0.836849 0.00860419
0.836807 0.00860757
0.836765 0.00861096
0.836723 0.00861435
0.836681 0.00861775
0.836639 0.00862115
0.836597 0.00862455
0.836555 0.00862795
0.836513 0.00863135
0.836471 0.00863476
0.836429 0.00863817
0.836386 0.00864159
0.836344 0.00864501
0.836302 0.00864843
0.83626 0.00865185
0.836218 0.00865527
0.836175 0.0086587
0.836133 0.00866213
0.83609 0.00866557
0.836048 0.00866901
0.836006 0.00867245
0.835963 0.00867589
0.835921 0.00867934
0.835878 0.00868278
0.835836 0.00868624
0.835793 0.00868969
0.83575 0.00869315
0.835708 0.00869661
0.835665 0.00870007
0.835622 0.00870354
0.83558 0.00870701
0.835537 0.00871048
0.835494 0.00871396
0.835451 0.00871744
0.835408 0.00872092
0.835366 0.00872441
0.835323 0.0087279
0.83528 0.00873139
0.835237 0.00873488
0.835194 0.00873838
0.835151 0.00874188
0.835108 0.00874538
0.835064 0.00874889
0.835021 0.0087524
0.834978 0.00875591
0.834935 0.00875943
0.834892 0.00876295
0.834848 0.00876647
0.834805 0.00876999
0.834762 0.00877352
0.834718 0.00877706
0.834675 0.00878059
0.834631 0.00878413
0.834588 0.00878767
0.834544 0.00879121
0.834501 0.00879476
0.834457 0.00879831
0.834414 0.00880187
0.83437 0.00880543
0.834326 0.00880899
0.834283 0.00881255
0.834239 0.00881612
0.834195 0.00881969
0.834151 0.00882326
0.834108 0.00882684
0.834064 0.00883042
0.83402 0.008834
0.833976 0.00883759
0.833932 0.00884118
0.833888 0.00884477
0.833844 0.00884837
0.8338 0.00885197
0.833756 0.00885558
0.833711 0.00885918
0.833667 0.00886279
0.833623 0.00886641
0.833579 0.00887003
0.833535 0.00887365
0.83349 0.00887727
0.833446 0.0088809
0.833401 0.00888453
0.833357 0.00888816
0.833313 0.0088918
0.833268 0.00889544
0.833223 0.00889909
0.833179 0.00890274
0.833134 0.00890639
0.83309 0.00891004
0.833045 0.0089137
0.833 0.00891737
0.832955 0.00892103
0.832911 0.0089247
0.832866 0.00892838
0.832821 0.00893205
0.832776 0.00893573
0.832731 0.00893942
0.832686 0.0089431
0.832641 0.0089468
0.832596 0.00895049
0.832551 0.00895419
0.832506 0.00895789
0.832461 0.0089616
0.832415 0.00896531
0.83237 0.00896902
0.832325 0.00897273
0.83228 0.00897646
0.832234 0.00898018
0.832189 0.00898391
0.832143 0.00898764
0.832098 0.00899137
0.832052 0.00899511
0.832007 0.00899885
0.831961 0.0090026
0.831916 0.00900635
0.83187 0.00901011
0.831824 0.00901386
0.831778 0.00901762
0.831733 0.00902139
0.831687 0.00902516
0.831641 0.00902893
0.831595 0.00903271
0.831549 0.00903649
0.831503 0.00904027
0.831457 0.00904406
0.831411 0.00904786
0.831365 0.00905165
0.831319 0.00905545
0.831273 0.00905926
0.831226 0.00906306
0.83118 0.00906688
0.831134 0.00907069
0.831087 0.00907451
0.831041 0.00907833
0.830995 0.00908216
0.830948 0.00908599
0.830902 0.00908983
0.830855 0.00909367
0.830808 0.00909751
0.830762 0.00910136
0.830715 0.00910521
0.830668 0.00910907
0.830622 0.00911293
0.830575 0.00911679
0.830528 0.00912066
0.830481 0.00912453
0.830434 0.00912841
0.830387 0.00913229
0.83034 0.00913617
0.830293 0.00914006
0.830246 0.00914396
0.830199 0.00914785
0.830152 0.00915175
0.830104 0.00915566
0.830057 0.00915957
0.83001 0.00916348
0.829962 0.0091674
0.829915 0.00917132
0.829867 0.00917525
0.82982 0.00917918
0.829772 0.00918312
0.829725 0.00918706
0.829677 0.009191
0.82963 0.00919495
0.829582 0.0091989
0.829534 0.00920286
0.829486 0.00920682
0.829438 0.00921078
0.82939 0.00921475
0.829342 0.00921873
0.829294 0.00922271
0.829246 0.00922669
0.829198 0.00923068
0.82915 0.00923467
0.829102 0.00923866
0.829054 0.00924266
0.829006 0.00924667
0.828957 0.00925068
0.828909 0.00925469
0.82886 0.00925871
0.828812 0.00926274
0.828763 0.00926676
0.828715 0.0092708
0.828666 0.00927483
0.828618 0.00927887
0.828569 0.00928292
0.82852 0.00928697
0.828471 0.00929103
0.828423 0.00929509
0.828374 0.00929915
0.828325 0.00930322
0.828276 0.00930729
0.828227 0.00931137
0.828178 0.00931545
0.828129 0.00931954
0.828079 0.00932364
0.82803 0.00932773
0.827981 0.00933183
0.827932 0.00933594
0.827882 0.00934005
0.827833 0.00934417
0.827783 0.00934829
0.827734 0.00935242
0.827684 0.00935655
0.827635 0.00936068
0.827585 0.00936482
0.827535 0.00936897
0.827485 0.00937312
0.827436 0.00937727
0.827386 0.00938143
0.827336 0.0093856
0.827286 0.00938977
0.827236 0.00939394
0.827186 0.00939812
0.827136 0.00940231
0.827085 0.0094065
0.827035 0.00941069
0.826985 0.00941489
0.826934 0.0094191
0.826884 0.00942331
0.826834 0.00942752
0.826783 0.00943174
0.826733 0.00943597
0.826682 0.0094402
0.826631 0.00944443
0.826581 0.00944867
0.82653 0.00945292
0.826479 0.00945717
0.826428 0.00946143
0.826377 0.00946569
0.826326 0.00946995
0.826275 0.00947422
0.826224 0.0094785
0.826173 0.00948278
0.826122 0.00948707
0.826071 0.00949136
0.826019 0.00949566
0.825968 0.00949996
0.825917 0.00950427
0.825865 0.00950859
0.825814 0.00951291
0.825762 0.00951723
0.82571 0.00952156
0.825659 0.0095259
0.825607 0.00953024
0.825555 0.00953458
0.825503 0.00953893
0.825451 0.00954329
0.825399 0.00954765
0.825347 0.00955202
0.825295 0.0095564
0.825243 0.00956077
0.825191 0.00956516
0.825139 0.00956955
0.825086 0.00957395
0.825034 0.00957835
0.824982 0.00958275
0.824929 0.00958717
0.824877 0.00959159
0.824824 0.00959601
0.824771 0.00960044
0.824719 0.00960487
0.824666 0.00960932
0.824613 0.00961376
0.82456 0.00961822
0.824507 0.00962267
0.824454 0.00962714
0.824401 0.00963161
0.824348 0.00963608
0.824295 0.00964056
0.824241 0.00964505
0.824188 0.00964955
0.824135 0.00965404
0.824081 0.00965855
0.824028 0.00966306
0.823974 0.00966758
0.823921 0.0096721
0.823867 0.00967663
0.823813 0.00968116
0.823759 0.0096857
0.823706 0.00969025
0.823652 0.0096948
0.823598 0.00969936
0.823544 0.00970393
0.823489 0.0097085
0.823435 0.00971308
0.823381 0.00971766
0.823327 0.00972225
0.823272 0.00972684
0.823218 0.00973145
0.823163 0.00973605
0.823109 0.00974067
0.823054 0.00974529
0.823 0.00974992
0.822945 0.00975455
0.82289 0.00975919
0.822835 0.00976383
0.82278 0.00976849
0.822725 0.00977314
0.82267 0.00977781
0.822615 0.00978248
0.82256 0.00978716
0.822504 0.00979184
0.822449 0.00979653
0.822394 0.00980123
0.822338 0.00980593
0.822283 0.00981064
0.822227 0.00981536
0.822171 0.00982008
0.822116 0.00982481
0.82206 0.00982954
0.822004 0.00983429
0.821948 0.00983904
0.821892 0.00984379
0.821836 0.00984855
0.82178 0.00985332
0.821724 0.0098581
0.821667 0.00986288
0.821611 0.00986767
0.821554 0.00987247
0.821498 0.00987727
0.821441 0.00988208
0.821385 0.00988689
0.821328 0.00989172
0.821271 0.00989655
0.821214 0.00990139
0.821158 0.00990623
0.821101 0.00991108
0.821044 0.00991594
0.820986 0.0099208
0.820929 0.00992567
0.820872 0.00993055
0.820815 0.00993544
0.820757 0.00994033
0.8207 0.00994523
0.820642 0.00995014
0.820584 0.00995505
0.820527 0.00995997
0.820469 0.0099649
0.820411 0.00996984
0.820353 0.00997478
0.820295 0.00997973
0.820237 0.00998469
0.820179 0.00998965
0.820121 0.00999462
0.820063 0.0099996
0.820004 0.0100046
0.819946 0.0100096
0.819887 0.0100146
0.819829 0.0100196
0.81977 0.0100246
0.819711 0.0100296
0.819652 0.0100347
0.819593 0.0100397
0.819534 0.0100447
0.819475 0.0100498
0.819416 0.0100549
0.819357 0.0100599
0.819298 0.010065
0.819238 0.0100701
0.819179 0.0100752
0.819119 0.0100803
0.81906 0.0100854
0.819 0.0100905
0.81894 0.0100956
0.818881 0.0101008
0.818821 0.0101059
0.818761 0.010111
0.818701 0.0101162
0.81864 0.0101214
0.81858 0.0101265
0.81852 0.0101317
0.81846 0.0101369
0.818399 0.0101421
0.818338 0.0101473
0.818278 0.0101525
0.818217 0.0101577
0.818156 0.0101629
0.818095 0.0101682
0.818034 0.0101734
0.817973 0.0101787
0.817912 0.0101839
0.817851 0.0101892
0.81779 0.0101945
0.817728 0.0101997
0.817667 0.010205
0.817605 0.0102103
0.817544 0.0102156
0.817482 0.0102209
0.81742 0.0102263
0.817358 0.0102316
0.817296 0.0102369
0.817234 0.0102423
0.817172 0.0102477
0.81711 0.010253
0.817048 0.0102584
0.816985 0.0102638
0.816923 0.0102692
0.81686 0.0102746
0.816797 0.01028
0.816735 0.0102854
0.816672 0.0102908
0.816609 0.0102963
0.816546 0.0103017
0.816483 0.0103072
0.81642 0.0103126
0.816356 0.0103181
0.816293 0.0103236
0.816229 0.0103291
0.816166 0.0103346
0.816102 0.0103401
0.816039 0.0103456
0.815975 0.0103511
0.815911 0.0103566
0.815847 0.0103622
0.815783 0.0103677
0.815718 0.0103733
0.815654 0.0103789
0.81559 0.0103844
0.815525 0.01039
0.815461 0.0103956
0.815396 0.0104012
0.815331 0.0104069
0.815266 0.0104125
0.815202 0.0104181
0.815136 0.0104238
0.815071 0.0104294
0.815006 0.0104351
0.814941 0.0104408
0.814875 0.0104464
0.81481 0.0104521
0.814744 0.0104578
0.814679 0.0104635
0.814613 0.0104693
0.814547 0.010475
0.814481 0.0104807
0.814415 0.0104865
0.814349 0.0104922
0.814282 0.010498
0.814216 0.0105038
0.814149 0.0105096
0.814083 0.0105154
0.814016 0.0105212
0.813949 0.010527
0.813882 0.0105328
0.813815 0.0105387
0.813748 0.0105445
0.813681 0.0105504
0.813614 0.0105563
0.813546 0.0105621
0.813479 0.010568
0.813411 0.0105739
0.813344 0.0105798
0.813276 0.0105858
0.813208 0.0105917
0.81314 0.0105976
0.813072 0.0106036
0.813003 0.0106095
0.812935 0.0106155
0.812867 0.0106215
0.812798 0.0106275
0.81273 0.0106335
0.812661 0.0106395
0.812592 0.0106455
0.812523 0.0106516
0.812454 0.0106576
0.812385 0.0106637
0.812315 0.0106698
0.812246 0.0106758
0.812176 0.0106819
0.812107 0.010688
0.812037 0.0106941
0.811967 0.0107003
0.811897 0.0107064
0.811827 0.0107125
0.811757 0.0107187
0.811687 0.0107249
0.811616 0.010731
0.811546 0.0107372
0.811475 0.0107434
0.811405 0.0107496
0.811334 0.0107559
0.811263 0.0107621
0.811192 0.0107684
0.811121 0.0107746
0.811049 0.0107809
0.810978 0.0107872
0.810906 0.0107935
0.810835 0.0107998
0.810763 0.0108061
0.810691 0.0108124
0.810619 0.0108187
0.810547 0.0108251
0.810475 0.0108315
0.810402 0.0108378
0.81033 0.0108442
0.810257 0.0108506
0.810185 0.010857
0.810112 0.0108635
0.810039 0.0108699
0.809966 0.0108763
0.809893 0.0108828
0.80982 0.0108893
0.809746 0.0108958
0.809673 0.0109023
0.809599 0.0109088
0.809525 0.0109153
0.809451 0.0109218
0.809377 0.0109284
0.809303 0.0109349
0.809229 0.0109415
0.809154 0.0109481
0.80908 0.0109547
0.809005 0.0109613
0.808931 0.0109679
0.808856 0.0109745
0.808781 0.0109812
0.808705 0.0109878
0.80863 0.0109945
0.808555 0.0110012
0.808479 0.0110079
0.808404 0.0110146
0.808328 0.0110213
0.808252 0.0110281
0.808176 0.0110348
0.8081 0.0110416
0.808023 0.0110484
0.807947 0.0110552
0.80787 0.011062
0.807794 0.0110688
0.807717 0.0110756
0.80764 0.0110824
0.807563 0.0110893
0.807486 0.0110962
0.807408 0.0111031
0.807331 0.01111
0.807253 0.0111169
0.807175 0.0111238
0.807097 0.0111307
0.807019 0.0111377
0.806941 0.0111447
0.806863 0.0111516
0.806784 0.0111586
0.806706 0.0111656
0.806627 0.0111727
0.806548 0.0111797
0.806469 0.0111868
0.80639 0.0111938
0.806311 0.0112009
0.806231 0.011208
0.806152 0.0112151
0.806072 0.0112222
0.805992 0.0112294
0.805912 0.0112365
0.805832 0.0112437
0.805752 0.0112509
0.805672 0.0112581
0.805591 0.0112653
0.80551 0.0112725
0.805429 0.0112798
0.805348 0.011287
0.805267 0.0112943
0.805186 0.0113016
0.805105 0.0113089
0.805023 0.0113162
0.804941 0.0113235
0.804859 0.0113309
0.804777 0.0113383
0.804695 0.0113456
0.804613 0.011353
0.80453 0.0113604
0.804448 0.0113679
0.804365 0.0113753
0.804282 0.0113828
0.804199 0.0113902
0.804116 0.0113977
0.804032 0.0114052
0.803949 0.0114128
0.803865 0.0114203
0.803781 0.0114279
0.803697 0.0114354
0.803613 0.011443
0.803528 0.0114506
0.803444 0.0114582
0.803359 0.0114659
0.803274 0.0114735
0.803189 0.0114812
0.803104 0.0114889
0.803019 0.0114966
0.802934 0.0115043
0.802848 0.011512
0.802762 0.0115198
0.802676 0.0115275
0.80259 0.0115353
0.802504 0.0115431
0.802417 0.011551
0.802331 0.0115588
0.802244 0.0115666
0.802157 0.0115745
0.80207 0.0115824
0.801983 0.0115903
0.801895 0.0115982
0.801808 0.0116062
0.80172 0.0116141
0.801632 0.0116221
0.801544 0.0116301
0.801455 0.0116381
0.801367 0.0116462
0.801278 0.0116542
0.80119 0.0116623
0.801101 0.0116704
0.801011 0.0116785
0.800922 0.0116866
0.800833 0.0116947
0.800743 0.0117029
0.800653 0.0117111
0.800563 0.0117192
0.800473 0.0117275
0.800382 0.0117357
0.800292 0.0117439
0.800201 0.0117522
0.80011 0.0117605
0.800019 0.0117688
0.799928 0.0117771
0.799836 0.0117855
0.799745 0.0117938
0.799653 0.0118022
0.799561 0.0118106
0.799468 0.0118191
0.799376 0.0118275
0.799283 0.011836
0.799191 0.0118445
0.799098 0.011853
0.799005 0.0118615
0.798911 0.01187
0.798818 0.0118786
0.798724 0.0118872
0.79863 0.0118958
0.798536 0.0119044
0.798442 0.011913
0.798347 0.0119217
0.798252 0.0119304
0.798158 0.0119391
0.798063 0.0119478
0.797967 0.0119566
0.797872 0.0119653
0.797776 0.0119741
0.79768 0.0119829
0.797584 0.0119917
0.797488 0.0120006
0.797391 0.0120095
0.797295 0.0120184
0.797198 0.0120273
0.797101 0.0120362
0.797004 0.0120452
0.796906 0.0120541
0.796808 0.0120631
0.79671 0.0120722
0.796612 0.0120812
0.796514 0.0120903
0.796416 0.0120994
0.796317 0.0121085
0.796218 0.0121176
0.796119 0.0121268
0.796019 0.012136
0.79592 0.0121452
0.79582 0.0121544
0.79572 0.0121636
0.79562 0.0121729
0.795519 0.0121822
0.795419 0.0121915
0.795318 0.0122009
0.795217 0.0122102
0.795116 0.0122196
0.795014 0.012229
0.794912 0.0122384
0.79481 0.0122479
0.794708 0.0122574
0.794606 0.0122669
0.794503 0.0122764
0.7944 0.012286
0.794297 0.0122955
0.794194 0.0123051
0.79409 0.0123148
0.793987 0.0123244
0.793883 0.0123341
0.793778 0.0123438
0.793674 0.0123535
0.793569 0.0123633
0.793464 0.012373
0.793359 0.0123828
0.793254 0.0123927
0.793148 0.0124025
0.793042 0.0124124
0.792936 0.0124223
0.79283 0.0124322
0.792723 0.0124422
0.792617 0.0124522
0.79251 0.0124622
0.792402 0.0124722
0.792295 0.0124822
0.792187 0.0124923
0.792079 0.0125024
0.791971 0.0125126
0.791862 0.0125227
0.791753 0.0125329
0.791644 0.0125431
0.791535 0.0125534
0.791426 0.0125637
0.791316 0.012574
0.791206 0.0125843
0.791096 0.0125946
0.790985 0.012605
0.790874 0.0126154
0.790763 0.0126259
0.790652 0.0126363
0.79054 0.0126468
0.790429 0.0126573
0.790317 0.0126679
0.790204 0.0126785
0.790092 0.0126891
0.789979 0.0126997
0.789866 0.0127104
0.789752 0.0127211
0.789639 0.0127318
0.789525 0.0127426
0.789411 0.0127533
0.789296 0.0127641
0.789181 0.012775
0.789066 0.0127859
0.788951 0.0127968
0.788836 0.0128077
0.78872 0.0128187
0.788604 0.0128296
0.788487 0.0128407
0.788371 0.0128517
0.788254 0.0128628
0.788136 0.0128739
0.788019 0.0128851
0.787901 0.0128962
0.787783 0.0129074
0.787665 0.0129187
0.787546 0.01293
0.787427 0.0129413
0.787308 0.0129526
0.787188 0.012964
0.787069 0.0129754
0.786949 0.0129868
0.786828 0.0129983
0.786707 0.0130098
0.786586 0.0130213
0.786465 0.0130329
0.786344 0.0130445
0.786222 0.0130561
0.7861 0.0130677
0.785977 0.0130794
0.785854 0.0130912
0.785731 0.0131029
0.785608 0.0131147
0.785484 0.0131266
0.78536 0.0131384
0.785236 0.0131503
0.785111 0.0131623
0.784986 0.0131742
0.784861 0.0131863
0.784735 0.0131983
0.784609 0.0132104
0.784483 0.0132225
0.784357 0.0132346
0.78423 0.0132468
0.784103 0.013259
0.783975 0.0132713
0.783847 0.0132836
0.783719 0.0132959
0.783591 0.0133083
0.783462 0.0133207
0.783333 0.0133331
0.783203 0.0133456
0.783074 0.0133581
0.782943 0.0133707
0.782813 0.0133833
0.782682 0.0133959
0.782551 0.0134086
0.782419 0.0134213
0.782288 0.013434
0.782155 0.0134468
0.782023 0.0134596
0.78189 0.0134725
0.781757 0.0134854
0.781623 0.0134983
0.781489 0.0135113
0.781355 0.0135243
0.78122 0.0135374
0.781085 0.0135505
0.78095 0.0135637
0.780814 0.0135768
0.780678 0.0135901
0.780542 0.0136033
0.780405 0.0136166
0.780268 0.01363
0.78013 0.0136434
0.779993 0.0136568
0.779854 0.0136703
0.779716 0.0136838
0.779577 0.0136974
0.779437 0.013711
0.779298 0.0137246
0.779157 0.0137383
0.779017 0.013752
0.778876 0.0137658
0.778735 0.0137796
0.778593 0.0137935
0.778451 0.0138074
0.778309 0.0138214
0.778166 0.0138354
0.778023 0.0138494
0.777879 0.0138635
0.777735 0.0138776
0.777591 0.0138918
0.777446 0.013906
0.777301 0.0139203
0.777155 0.0139346
0.777009 0.013949
0.776862 0.0139634
0.776716 0.0139779
0.776568 0.0139924
0.776421 0.0140069
0.776273 0.0140215
0.776124 0.0140362
0.775975 0.0140509
0.775826 0.0140656
0.775676 0.0140804
0.775526 0.0140953
0.775376 0.0141102
0.775224 0.0141251
0.775073 0.0141401
0.774921 0.0141552
0.774769 0.0141703
0.774616 0.0141854
0.774463 0.0142006
0.774309 0.0142159
0.774155 0.0142312
0.774001 0.0142465
0.773846 0.0142619
0.77369 0.0142774
0.773535 0.0142929
0.773378 0.0143085
0.773222 0.0143241
0.773064 0.0143398
0.772907 0.0143555
0.772749 0.0143713
0.77259 0.0143871
0.772431 0.014403
0.772271 0.0144189
0.772111 0.0144349
0.771951 0.014451
0.77179 0.0144671
0.771629 0.0144833
0.771467 0.0144995
0.771304 0.0145158
0.771141 0.0145321
0.770978 0.0145485
0.770814 0.014565
0.77065 0.0145815
0.770485 0.0145981
0.77032 0.0146147
0.770154 0.0146314
0.769988 0.0146481
0.769821 0.0146649
0.769654 0.0146818
0.769486 0.0146987
0.769318 0.0147157
0.769149 0.0147328
0.76898 0.0147499
0.76881 0.0147671
0.768639 0.0147843
0.768468 0.0148016
0.768297 0.014819
0.768125 0.0148364
0.767953 0.0148539
0.76778 0.0148714
0.767606 0.0148891
0.767432 0.0149067
0.767257 0.0149245
0.767082 0.0149423
0.766907 0.0149602
0.76673 0.0149781
0.766554 0.0149961
0.766376 0.0150142
0.766198 0.0150324
0.76602 0.0150506
0.765841 0.0150689
0.765661 0.0150872
0.765481 0.0151056
0.7653 0.0151241
0.765119 0.0151427
0.764937 0.0151613
0.764755 0.01518
0.764572 0.0151988
0.764388 0.0152176
0.764204 0.0152366
0.764019 0.0152555
0.763834 0.0152746
0.763648 0.0152937
0.763461 0.0153129
0.763274 0.0153322
0.763086 0.0153516
0.762898 0.015371
0.762709 0.0153905
0.76252 0.0154101
0.762329 0.0154298
0.762139 0.0154495
0.761947 0.0154693
0.761755 0.0154892
0.761562 0.0155092
0.761369 0.0155292
0.761175 0.0155493
0.76098 0.0155695
0.760785 0.0155898
0.760589 0.0156102
0.760393 0.0156306
0.760195 0.0156512
0.759998 0.0156718
0.759799 0.0156925
0.7596 0.0157132
0.7594 0.0157341
0.759199 0.015755
0.758998 0.0157761
0.758796 0.0157972
0.758594 0.0158184
0.758391 0.0158397
0.758187 0.015861
0.757982 0.0158825
0.757777 0.015904
0.757571 0.0159257
0.757364 0.0159474
0.757157 0.0159692
0.756949 0.0159911
0.75674 0.0160131
0.75653 0.0160352
0.75632 0.0160574
0.756109 0.0160796
0.755897 0.016102
0.755685 0.0161244
0.755472 0.016147
0.755258 0.0161696
0.755043 0.0161924
0.754827 0.0162152
0.754611 0.0162381
0.754394 0.0162612
0.754177 0.0162843
0.753958 0.0163075
0.753739 0.0163308
0.753519 0.0163543
0.753298 0.0163778
0.753077 0.0164014
0.752854 0.0164251
0.752631 0.016449
0.752407 0.0164729
0.752183 0.0164969
0.751957 0.0165211
0.751731 0.0165453
0.751504 0.0165697
0.751276 0.0165941
0.751047 0.0166187
0.750817 0.0166433
0.750587 0.0166681
0.750355 0.016693
0.750123 0.016718
0.74989 0.0167431
0.749657 0.0167683
0.749422 0.0167937
0.749186 0.0168191
0.74895 0.0168447
0.748713 0.0168703
0.748475 0.0168961
0.748236 0.016922
0.747996 0.0169481
0.747755 0.0169742
0.747513 0.0170005
0.747271 0.0170268
0.747027 0.0170533
0.746783 0.01708
0.746538 0.0171067
0.746292 0.0171336
0.746044 0.0171605
0.745796 0.0171876
0.745547 0.0172149
0.745298 0.0172422
0.745047 0.0172697
0.744795 0.0172973
0.744542 0.0173251
0.744288 0.017353
0.744034 0.017381
0.743778 0.0174091
0.743521 0.0174374
0.743264 0.0174658
0.743005 0.0174943
0.742746 0.017523
0.742485 0.0175518
0.742223 0.0175807
0.741961 0.0176098
0.741697 0.017639
0.741433 0.0176684
0.741167 0.0176979
0.7409 0.0177275
0.740632 0.0177573
0.740364 0.0177872
0.740094 0.0178173
0.739823 0.0178475
0.739551 0.0178779
0.739278 0.0179084
0.739004 0.0179391
0.738728 0.0179699
0.738452 0.0180008
0.738175 0.018032
0.737896 0.0180632
0.737617 0.0180947
0.737336 0.0181263
0.737054 0.018158
0.736771 0.0181899
0.736487 0.018222
0.736201 0.0182542
0.735915 0.0182866
0.735627 0.0183191
0.735339 0.0183518
0.735049 0.0183847
0.734758 0.0184177
0.734465 0.0184509
0.734172 0.0184843
0.733877 0.0185179
0.733581 0.0185516
0.733284 0.0185855
0.732986 0.0186195
0.732686 0.0186538
0.732385 0.0186882
0.732083 0.0187228
0.73178 0.0187576
0.731475 0.0187926
0.731169 0.0188277
0.730862 0.018863
0.730554 0.0188985
0.730244 0.0189342
0.729933 0.0189701
0.729621 0.0190062
0.729307 0.0190425
0.728992 0.019079
0.728676 0.0191156
0.728358 0.0191525
0.728039 0.0191895
0.727719 0.0192268
0.727397 0.0192642
0.727074 0.0193019
0.72675 0.0193397
0.726424 0.0193778
0.726097 0.0194161
0.725768 0.0194546
0.725438 0.0194932
0.725106 0.0195321
0.724773 0.0195713
0.724439 0.0196106
0.724103 0.0196501
0.723765 0.0196899
0.723427 0.0197299
0.723086 0.0197701
0.722745 0.0198105
0.722401 0.0198512
0.722056 0.0198921
0.72171 0.0199332
0.721362 0.0199746
0.721013 0.0200162
0.720662 0.020058
0.720309 0.0201
0.719955 0.0201423
0.719599 0.0201849
0.719242 0.0202277
0.718883 0.0202707
0.718523 0.020314
0.71816 0.0203575
0.717797 0.0204013
0.717431 0.0204453
0.717064 0.0204896
0.716695 0.0205342
0.716325 0.020579
0.715953 0.0206241
0.715579 0.0206694
0.715203 0.020715
0.714826 0.0207609
0.714447 0.0208071
0.714066 0.0208535
0.713684 0.0209002
0.7133 0.0209472
0.712914 0.0209944
0.712526 0.021042
0.712136 0.0210898
0.711745 0.0211379
0.711351 0.0211863
0.710956 0.0212351
0.710559 0.0212841
0.71016 0.0213334
0.709759 0.021383
0.709357 0.0214329
0.708952 0.0214831
0.708546 0.0215336
0.708137 0.0215845
0.707727 0.0216356
0.707314 0.0216871
0.7069 0.0217389
0.706484 0.0217911
0.706066 0.0218435
0.705645 0.0218963
0.705223 0.0219494
0.704799 0.0220029
0.704372 0.0220567
0.703944 0.0221108
0.703513 0.0221653
0.70308 0.0222201
0.702646 0.0222753
0.702209 0.0223308
0.70177 0.0223867
0.701328 0.022443
0.700885 0.0224996
0.700439 0.0225566
0.699992 0.022614
0.699542 0.0226717
0.699089 0.0227298
0.698635 0.0227883
0.698178 0.0228472
0.697719 0.0229065
0.697258 0.0229662
0.696794 0.0230263
0.696328 0.0230868
0.69586 0.0231476
0.695389 0.0232089
0.694916 0.0232706
0.694441 0.0233328
0.693963 0.0233953
0.693483 0.0234583
0.693 0.0235217
0.692515 0.0235855
0.692027 0.0236498
0.691537 0.0237145
0.691044 0.0237797
0.690549 0.0238453
0.690051 0.0239113
0.689551 0.0239779
0.689048 0.0240449
0.688542 0.0241123
0.688034 0.0241803
0.687523 0.0242487
0.68701 0.0243176
0.686494 0.024387
0.685975 0.0244568
0.685453 0.0245272
0.684929 0.0245981
0.684402 0.0246695
0.683872 0.0247414
0.683339 0.0248138
0.682804 0.0248868
0.682266 0.0249602
0.681724 0.0250342
0.68118 0.0251088
0.680633 0.0251839
0.680083 0.0252595
0.679531 0.0253358
0.678975 0.0254125
0.678416 0.0254899
0.677854 0.0255678
0.677289 0.0256463
0.676721 0.0257254
0.67615 0.025805
0.675576 0.0258853
0.674999 0.0259662
0.674419 0.0260477
0.673835 0.0261298
0.673248 0.0262126
0.672658 0.0262959
0.672065 0.02638
0.671469 0.0264646
0.670869 0.0265499
0.670266 0.0266359
0.669659 0.0267226
0.66905 0.0268099
0.668436 0.0268979
0.66782 0.0269866
0.6672 0.027076
0.666576 0.0271661
0.665949 0.0272569
0.665319 0.0273484
0.664685 0.0274406
0.664047 0.0275336
0.663406 0.0276274
0.662761 0.0277219
0.662113 0.0278171
0.661461 0.0279131
0.660805 0.0280099
0.660145 0.0281075
0.659482 0.0282059
0.658815 0.0283051
0.658144 0.0284051
0.657469 0.0285059
0.65679 0.0286076
0.656108 0.0287101
0.655421 0.0288135
0.654731 0.0289177
0.654036 0.0290228
0.653338 0.0291288
0.652635 0.0292357
0.651929 0.0293435
0.651218 0.0294522
0.650503 0.0295618
0.649784 0.0296723
0.649061 0.0297838
0.648334 0.0298963
0.647602 0.0300097
0.646866 0.0301241
0.646126 0.0302396
0.645381 0.030356
0.644632 0.0304734
0.643878 0.0305919
0.643121 0.0307114
0.642358 0.0308319
0.641591 0.0309535
0.64082 0.0310762
0.640043 0.0312
0.639263 0.0313249
0.638477 0.031451
0.637687 0.0315781
0.636892 0.0317064
0.636093 0.0318359
0.635288 0.0319665
0.634479 0.0320984
0.633665 0.0322314
0.632846 0.0323657
0.632022 0.0325012
0.631193 0.0326379
0.630359 0.0327759
0.62952 0.0329152
0.628676 0.0330558
0.627827 0.0331978
0.626972 0.033341
0.626113 0.0334856
0.625248 0.0336316
0.624378 0.0337789
0.623502 0.0339277
0.622621 0.0340779
0.621735 0.0342295
0.620843 0.0343826
0.619946 0.0345371
0.619044 0.0346932
0.618136 0.0348508
0.617222 0.0350099
0.616302 0.0351705
0.615377 0.0353328
0.614446 0.0354966
0.61351 0.035662
0.612568 0.0358291
0.611619 0.0359979
0.610665 0.0361683
0.609705 0.0363405
0.608739 0.0365143
0.607767 0.03669
0.606789 0.0368674
0.605805 0.0370466
0.604815 0.0372276
0.603819 0.0374105
0.602816 0.0375953
0.601807 0.0377819
0.600792 0.0379705
0.599771 0.038161
0.598743 0.0383535
0.597709 0.0385481
0.596668 0.0387446
0.59562 0.0389433
0.594567 0.039144
0.593506 0.0393468
0.592439 0.0395518
0.591365 0.039759
0.590285 0.0399683
0.589198 0.04018
0.588104 0.0403939
0.587003 0.0406101
0.585895 0.0408286
0.58478 0.0410496
0.583658 0.0412729
0.582529 0.0414987
0.581394 0.0417269
0.580251 0.0419577
0.5791 0.042191
0.577943 0.0424269
0.576778 0.0426654
0.575607 0.0429066
0.574427 0.0431504
0.573241 0.043397
0.572047 0.0436464
0.570845 0.0438987
0.569636 0.0441537
0.568419 0.0444117
0.567195 0.0446726
0.565963 0.0449366
0.564724 0.0452035
0.563477 0.0454735
0.562222 0.0457467
0.560959 0.046023
0.559688 0.0463026
0.55841 0.0465854
0.557124 0.0468715
0.555829 0.047161
0.554527 0.0474539
0.553217 0.0477503
0.551898 0.0480502
0.550572 0.0483537
0.549237 0.0486608
0.547894 0.0489716
0.546543 0.0492861
0.545183 0.0496045
0.543816 0.0499267
0.54244 0.0502528
0.541055 0.0505828
0.539663 0.050917
0.538261 0.0512552
0.536852 0.0515976
0.535434 0.0519442
0.534007 0.0522951
0.532572 0.0526504
0.531128 0.0530101
0.529676 0.0533743
0.528215 0.053743
0.526745 0.0541165
0.525267 0.0544946
0.52378 0.0548775
0.522284 0.0552653
0.52078 0.055658
0.519267 0.0560557
0.517744 0.0564586
0.516214 0.0568666
0.514674 0.0572798
0.513126 0.0576985
0.511568 0.0581225
0.510002 0.0585521
0.508427 0.0589873
0.506843 0.0594281
0.50525 0.0598748
0.503649 0.0603273
0.502038 0.0607858
0.500418 0.0612504
0.49879 0.0617212
0.497153 0.0621982
0.495507 0.0626816
0.493851 0.0631714
0.492187 0.0636679
0.490515 0.064171
0.488833 0.0646809
0.487142 0.0651977
0.485443 0.0657215
0.483734 0.0662525
0.482017 0.0667907
0.480291 0.0673362
0.478557 0.0678893
0.476813 0.0684499
0.475061 0.0690183
0.4733 0.0695946
0.471531 0.0701788
0.469752 0.0707711
0.467966 0.0713717
0.46617 0.0719806
0.464367 0.0725981
0.462554 0.0732242
0.460734 0.0738592
0.458905 0.074503
0.457067 0.075156
0.455222 0.0758182
0.453368 0.0764898
0.451506 0.0771709
0.449636 0.0778618
0.447758 0.0785625
0.445872 0.0792732
0.443978 0.0799941
0.442076 0.0807253
0.440167 0.0814671
0.43825 0.0822195
0.436325 0.0829828
0.434393 0.0837572
0.432454 0.0845428
0.430507 0.0853397
0.428554 0.0861483
0.426593 0.0869687
0.424625 0.087801
0.422651 0.0886454
0.420669 0.0895023
0.418682 0.0903716
0.416687 0.0912538
0.414687 0.0921489
0.41268 0.0930572
0.410667 0.0939789
0.408648 0.0949141
0.406623 0.0958632
0.404592 0.0968263
0.402556 0.0978037
0.400515 0.0987956
0.398468 0.0998022
0.396416 0.100824
0.39436 0.10186
0.392298 0.102913
0.390233 0.10398
0.388162 0.105064
0.386088 0.106164
0.384009 0.10728
0.381926 0.108413
0.37984 0.109563
0.377751 0.11073
0.375657 0.111914
0.373561 0.113117
0.371462 0.114337
0.369361 0.115575
0.367256 0.116832
0.36515 0.118108
0.363041 0.119402
0.360931 0.120716
0.358818 0.12205
0.356705 0.123404
0.35459 0.124778
0.352474 0.126172
0.350358 0.127587
0.34824 0.129024
0.346123 0.130482
0.344006 0.131961
0.341888 0.133462
0.339771 0.134986
0.337655 0.136533
0.33554 0.138102
0.333426 0.139695
0.331313 0.141311
0.329202 0.142951
0.327092 0.144615
0.324985 0.146304
0.32288 0.148018
0.320778 0.149756
0.318679 0.151521
0.316583 0.153311
0.31449 0.155127
0.312401 0.15697
0.310316 0.158839
0.308235 0.160736
0.306159 0.16266
0.304087 0.164612
0.30202 0.166591
0.299959 0.1686
0.297902 0.170637
0.295852 0.172703
0.293807 0.174798
0.291769 0.176923
0.289737 0.179078
0.287712 0.181264
0.285694 0.18348
0.283683 0.185727
0.281679 0.188005
0.279684 0.190315
0.277696 0.192656
0.275716 0.19503
0.273745 0.197436
0.271782 0.199875
0.269829 0.202347
0.267884 0.204852
0.265949 0.207391
0.264023 0.209964
0.262107 0.212571
0.260201 0.215212
0.258306 0.217887
0.25642 0.220598
0.254546 0.223344
0.252682 0.226124
0.250829 0.228941
0.248988 0.231793
0.247158 0.234681
0.245339 0.237605
0.243533 0.240565
0.241738 0.243562
0.239956 0.246596
0.238186 0.249666
0.236428 0.252773
0.234683 0.255917
0.232951 0.259098
0.231232 0.262317
0.229526 0.265573
0.227833 0.268866
0.226154 0.272196
0.224488 0.275564
0.222835 0.278969
0.221197 0.282412
0.219572 0.285893
0.217962 0.28941
0.216366 0.292965
0.214783 0.296558
0.213216 0.300188
0.211662 0.303854
0.210123 0.307558
0.208599 0.311299
0.207089 0.315076
0.205594 0.31889
0.204114 0.32274
0.202649 0.326627
0.201199 0.330549
0.199764 0.334507
0.198343 0.3385
0.196938 0.342528
0.195548 0.346591
0.194173 0.350688
0.192813 0.354819
0.191469 0.358983
0.19014 0.363181
0.188825 0.367411
0.187527 0.371673
0.186243 0.375967
0.184975 0.380292
0.183722 0.384647
0.182484 0.389033
0.181261 0.393448
0.180054 0.397892
0.178862 0.402363
0.177685 0.406862
0.176523 0.411388
0.175376 0.41594
0.174245 0.420517
0.173128 0.425119
0.172026 0.429744
0.17094 0.434393
0.169868 0.439063
0.168811 0.443754
0.167769 0.448466
0.166742 0.453197
0.165729 0.457946
0.164731 0.462713
0.163748 0.467497
0.162779 0.472295
0.161824 0.477109
0.160883 0.481936
0.159957 0.486775
0.159045 0.491626
0.158147 0.496488
0.157263 0.501358
0.156393 0.506237
0.155537 0.511122
0.154695 0.516014
0.153866 0.52091
0.15305 0.52581
0.152248 0.530713
0.151459 0.535617
0.150684 0.540521
0.149921 0.545424
0.149172 0.550325
0.148435 0.555223
0.147711 0.560116
0.147 0.565003
0.146301 0.569884
0.145615 0.574757
0.144941 0.57962
0.144279 0.584473
0.143629 0.589315
0.142991 0.594144
0.142365 0.598959
0.141751 0.603759
0.141148 0.608544
0.140557 0.613311
0.139977 0.61806
0.139408 0.622789
0.138851 0.627499
0.138304 0.632187
0.137768 0.636852
0.137243 0.641494
0.136729 0.646112
0.136224 0.650704
0.135731 0.65527
0.135247 0.659809
0.134774 0.66432
0.13431 0.668801
0.133857 0.673253
0.133413 0.677674
0.132978 0.682064
0.132553 0.686421
0.132138 0.690745
0.131732 0.695036
0.131334 0.699292
0.130946 0.703513
0.130566 0.707698
0.130196 0.711847
0.129834 0.715959
0.12948 0.720034
0.129134 0.724071
0.128797 0.728069
0.128468 0.732029
0.128147 0.735949
0.127834 0.73983
0.127529 0.74367
0.127231 0.74747
0.126941 0.751229
0.126658 0.754947
0.126382 0.758624
0.126114 0.76226
0.125853 0.765854
0.125598 0.769406
0.125351 0.772916
0.12511 0.776383
0.124876 0.779809
0.124648 0.783192
0.124427 0.786533
0.124212 0.789832
0.124004 0.793088
0.123801 0.796302
0.123605 0.799474
0.123414 0.802604
0.123229 0.805691
0.12305 0.808737
0.122877 0.811741
0.122709 0.814703
0.122546 0.817623
0.122389 0.820502
0.122237 0.82334
0.122091 0.826137
0.121949 0.828894
0.121812 0.83161
0.12168 0.834286
0.121553 0.836922
0.121431 0.839518
0.121313 0.842075
0.1212 0.844594
0.121092 0.847073
0.120987 0.849514
0.120887 0.851918
0.120792 0.854283
0.1207 0.856612
0.120613 0.858903
0.120529 0.861159
0.12045 0.863378
0.120374 0.865561
0.120303 0.867709
0.120235 0.869822
0.12017 0.8719
0.120109 0.873945
0.120052 0.875955
0.119998 0.877933
0.119948 0.879877
0.119901 0.88179
0.119857 0.88367
0.119817 0.885518
0.119779 0.887336
0.119745 0.889122
0.119714 0.890878
0.119686 0.892605
0.11966 0.894302
0.119638 0.89597
0.119618 0.897609
0.119602 0.89922
0.119588 0.900803
0.119576 0.902359
0.119567 0.903888
0.119561 0.90539
0.119558 0.906867
0.119556 0.908317
0.119558 0.909743
0.119561 0.911143
0.119567 0.912519
0.119576 0.913871
0.119586 0.915199
0.119599 0.916503
0.119614 0.917785
0.119631 0.919044
0.119651 0.920281
0.119672 0.921496
0.119695 0.92269
0.119721 0.923863
0.119748 0.925015
0.119777 0.926146
0.119808 0.927258
0.119841 0.92835
0.119876 0.929423
0.119912 0.930476
0.119951 0.931511
0.119991 0.932528
0.120032 0.933527
0.120076 0.934508
0.120121 0.935471
0.120167 0.936418
0.120215 0.937348
0.120265 0.938261
0.120316 0.939159
0.120369 0.94004
0.120423 0.940906
0.120479 0.941757
0.120536 0.942592
0.120594 0.943413
0.120654 0.94422
0.120715 0.945012
0.120777 0.94579
0.120841 0.946555
0.120906 0.947307
0.120972 0.948045
0.121039 0.94877
0.121108 0.949483
0.121178 0.950183
0.121249 0.950871
0.121321 0.951546
0.121394 0.952211
0.121468 0.952863
0.121543 0.953505
0.12162 0.954135
0.121697 0.954754
0.121776 0.955363
0.121855 0.955961
0.121936 0.956549
0.122017 0.957126
0.1221 0.957694
0.122183 0.958252
0.122268 0.9588
0.122353 0.95934
0.122439 0.959869
0.122526 0.96039
0.122614 0.960902
0.122703 0.961406
0.122792 0.961901
0.122883 0.962387
0.122974 0.962865
0.123066 0.963335
0.123159 0.963798
0.123253 0.964252
0.123347 0.964699
0.123442 0.965139
0.123538 0.965571
0.123635 0.965996
0.123732 0.966413
0.12383 0.966824
0.123929 0.967229
0.124028 0.967626
0.124128 0.968017
0.124229 0.968401
0.124331 0.96878
0.124433 0.969152
0.124535 0.969517
0.124639 0.969877
0.124743 0.970232
0.124847 0.97058
0.124953 0.970923
0.125058 0.97126
0.125165 0.971592
0.125272 0.971918
0.125379 0.972239
0.125487 0.972555
0.125596 0.972866
0.125705 0.973172
0.125815 0.973473
0.125925 0.97377
0.126036 0.974062
0.126147 0.974349
0.126259 0.974631
0.126371 0.974909
0.126484 0.975183
0.126597 0.975453
0.126711 0.975718
0.126825 0.975979
0.126939 0.976236
0.127055 0.97649
0.12717 0.976739
0.127286 0.976984
0.127403 0.977226
0.12752 0.977464
0.127637 0.977698
0.127755 0.977929
0.127873 0.978156
0.127991 0.97838
0.128111 0.978601
0.12823 0.978818
0.12835 0.979031
0.12847 0.979242
0.128591 0.97945
0.128712 0.979654
0.128833 0.979855
0.128955 0.980054
0.129077 0.980249
0.1292 0.980441
0.129323 0.980631
0.129446 0.980818
0.12957 0.981002
0.129694 0.981183
0.129818 0.981362
0.129943 0.981538
0.130068 0.981712
0.130193 0.981883
0.130319 0.982052
0.130445 0.982218
0.130571 0.982382
0.130698 0.982543
0.130825 0.982702
0.130953 0.982859
0.13108 0.983014
0.131208 0.983166
0.131337 0.983317
0.131465 0.983465
0.131594 0.983611
0.131724 0.983755
0.131853 0.983897
0.131983 0.984037
0.132113 0.984175
0.132244 0.984311
0.132374 0.984446
0.132505 0.984578
0.132637 0.984709
0.132768 0.984838
0.1329 0.984965
0.133033 0.98509
0.133165 0.985213
0.133298 0.985335
0.133431 0.985456
0.133564 0.985574
0.133698 0.985691
0.133831 0.985807
0.133966 0.98592
0.1341 0.986033
0.134235 0.986144
0.13437 0.986253
0.134505 0.986361
0.13464 0.986467
0.134776 0.986573
0.134912 0.986676
0.135048 0.986779
0.135184 0.986879
0.135321 0.986979
0.135458 0.987077
0.135595 0.987175
0.135733 0.98727
0.13587 0.987365
0.136008 0.987458
0.136147 0.98755
0.136285 0.987641
0.136424 0.987731
0.136563 0.98782
0.136702 0.987907
0.136841 0.987993
0.136981 0.988079
0.137121 0.988163
0.137261 0.988246
0.137401 0.988328
0.137542 0.988409
0.137682 0.988489
0.137823 0.988568
0.137965 0.988646
0.138106 0.988723
0.138248 0.988799
0.13839 0.988874
0.138532 0.988948
0.138674 0.989022
0.138817 0.989094
0.13896 0.989166
0.139103 0.989236
0.139246 0.989306
0.13939 0.989375
0.139534 0.989443
0.139678 0.98951
0.139822 0.989576
0.139966 0.989642
0.140111 0.989707
0.140256 0.989771
0.140401 0.989834
0.140546 0.989896
0.140692 0.989958
0.140837 0.990019
0.140983 0.990079
0.141129 0.990139
0.141276 0.990198
0.141422 0.990256
0.141569 0.990313
0.141716 0.99037
0.141864 0.990426
0.142011 0.990481
0.142159 0.990536
0.142307 0.99059
0.142455 0.990644
0.142603 0.990696
0.142752 0.990749
0.142901 0.9908
0.14305 0.990851
0.143199 0.990902
0.143348 0.990952
0.143498 0.991001
0.143648 0.99105
0.143798 0.991098
0.143948 0.991145
0.144099 0.991192
0.144249 0.991239
0.1444 0.991285
0.144552 0.99133
0.144703 0.991375
0.144855 0.99142
0.145006 0.991464
0.145158 0.991507
0.145311 0.99155
0.145463 0.991592
0.145616 0.991634
0.145769 0.991676
0.145922 0.991717
0.146075 0.991757
0.146229 0.991798
0.146382 0.991837
0.146536 0.991876
0.146691 0.991915
0.146845 0.991954
0.147 0.991991
0.147155 0.992029
0.14731 0.992066
0.147465 0.992103
0.147621 0.992139
0.147776 0.992175
0.147932 0.99221
0.148089 0.992245
0.148245 0.99228
0.148402 0.992314
0.148558 0.992348
0.148716 0.992382
0.148873 0.992415
0.14903 0.992448
0.149188 0.99248
0.149346 0.992512
0.149504 0.992544
0.149663 0.992576
0.149822 0.992607
0.14998 0.992637
0.15014 0.992668
0.150299 0.992698
0.150459 0.992728
0.150618 0.992757
0.150778 0.992786
0.150939 0.992815
0.151099 0.992843
0.15126 0.992872
0.151421 0.9929
0.151582 0.992927
0.151744 0.992954
0.151905 0.992981
0.152067 0.993008
0.152229 0.993035
0.152392 0.993061
0.152554 0.993086
0.152717 0.993112
0.15288 0.993137
0.153044 0.993162
0.153207 0.993187
0.153371 0.993212
0.153535 0.993236
0.1537 0.99326
0.153864 0.993284
0.154029 0.993307
0.154194 0.99333
0.154359 0.993353
0.154525 0.993376
0.154691 0.993398
0.154857 0.993421
0.155023 0.993443
0.15519 0.993464
0.155356 0.993486
0.155523 0.993507
0.155691 0.993528
0.155858 0.993549
0.156026 0.99357
0.156194 0.99359
0.156362 0.993611
0.156531 0.993631
0.1567 0.99365
0.156869 0.99367
0.157038 0.993689
0.157208 0.993708
0.157378 0.993727
0.157548 0.993746
0.157719 0.993765
0.157889 0.993783
0.15806 0.993801
0.158231 0.993819
0.158403 0.993837
0.158575 0.993854
0.158747 0.993872
0.158919 0.993889
0.159092 0.993906
0.159264 0.993923
0.159438 0.99394
0.159611 0.993956
0.159785 0.993972
0.159959 0.993988
0.160133 0.994004
0.160307 0.99402
0.160482 0.994036
0.160657 0.994051
0.160833 0.994066
0.161008 0.994082
0.161184 0.994097
0.161361 0.994111
0.161537 0.994126
0.161714 0.99414
0.161891 0.994155
0.162069 0.994169
0.162246 0.994183
0.162424 0.994197
0.162603 0.99421
0.162781 0.994224
0.16296 0.994237
0.163139 0.994251
0.163319 0.994264
0.163499 0.994277
0.163679 0.994289
0.163859 0.994302
0.16404 0.994315
0.164221 0.994327
0.164403 0.994339
0.164584 0.994351
0.164766 0.994363
0.164949 0.994375
0.165131 0.994387
0.165314 0.994399
0.165497 0.99441
0.165681 0.994421
0.165865 0.994433
0.166049 0.994444
0.166234 0.994454
0.166419 0.994465
0.166604 0.994476
0.16679 0.994487
0.166975 0.994497
0.167162 0.994507
0.167348 0.994517
0.167535 0.994528
0.167722 0.994538
0.16791 0.994547
0.168098 0.994557
0.168286 0.994567
0.168475 0.994576
0.168664 0.994586
0.168853 0.994595
0.169043 0.994604
0.169233 0.994613
0.169423 0.994622
0.169614 0.994631
0.169805 0.994639
0.169996 0.994648
0.170188 0.994657
0.17038 0.994665
0.170573 0.994673
0.170766 0.994681
0.170959 0.99469
0.171153 0.994698
0.171347 0.994705
0.171541 0.994713
0.171736 0.994721
0.171931 0.994728
0.172127 0.994736
0.172322 0.994743
0.172519 0.994751
0.172715 0.994758
0.172912 0.994765
0.17311 0.994772
0.173308 0.994779
0.173506 0.994786
0.173705 0.994792
0.173904 0.994799
0.174103 0.994805
0.174303 0.994812
0.174503 0.994818
0.174704 0.994824
0.174905 0.994831
0.175106 0.994837
0.175308 0.994843
0.17551 0.994848
0.175713 0.994854
0.175916 0.99486
0.17612 0.994866
0.176324 0.994871
0.176528 0.994877
0.176733 0.994882
0.176938 0.994887
0.177144 0.994893
0.17735 0.994898
0.177556 0.994903
0.177763 0.994908
0.177971 0.994913
0.178178 0.994917
0.178387 0.994922
0.178596 0.994927
0.178805 0.994931
0.179014 0.994936
0.179224 0.99494
0.179435 0.994944
0.179646 0.994949
0.179857 0.994953
0.180069 0.994957
0.180282 0.994961
0.180495 0.994965
0.180708 0.994969
0.180922 0.994973
0.181136 0.994976
0.181351 0.99498
0.181566 0.994983
0.181782 0.994987
0.181998 0.99499
0.182215 0.994994
0.182432 0.994997
0.18265 0.995
0.182868 0.995003
0.183087 0.995006
0.183306 0.995009
0.183526 0.995012
0.183746 0.995015
0.183966 0.995018
0.184188 0.995021
0.184409 0.995023
0.184632 0.995026
0.184854 0.995028
0.185078 0.995031
0.185302 0.995033
0.185526 0.995035
0.185751 0.995038
0.185976 0.99504
0.186202 0.995042
0.186429 0.995044
0.186656 0.995046
0.186884 0.995048
0.187112 0.995049
0.18734 0.995051
0.18757 0.995053
0.1878 0.995054
0.18803 0.995056
0.188261 0.995058
0.188492 0.995059
0.188725 0.99506
0.188957 0.995062
0.189191 0.995063
0.189424 0.995064
0.189659 0.995065
0.189894 0.995066
0.19013 0.995067
0.190366 0.995068
0.190603 0.995069
0.19084 0.99507
0.191078 0.99507
0.191317 0.995071
0.191556 0.995072
0.191796 0.995072
0.192036 0.995073
0.192277 0.995073
0.192519 0.995074
0.192761 0.995074
0.193004 0.995074
0.193248 0.995074
0.193492 0.995074
0.193737 0.995074
0.193983 0.995074
0.194229 0.995074
0.194476 0.995074
0.194723 0.995074
0.194972 0.995074
0.195221 0.995073
0.19547 0.995073
0.19572 0.995073
0.195971 0.995072
0.196223 0.995072
0.196475 0.995071
0.196728 0.99507
0.196982 0.99507
0.197236 0.995069
0.197491 0.995068
0.197747 0.995067
0.198003 0.995066
0.198261 0.995065
0.198518 0.995064
0.198777 0.995063
0.199036 0.995062
0.199297 0.995061
0.199557 0.995059
0.199819 0.995058
0.200081 0.995056
0.200344 0.995055
0.200608 0.995053
0.200873 0.995052
0.201138 0.99505
0.201404 0.995048
0.201671 0.995047
0.201939 0.995045
0.202207 0.995043
0.202476 0.995041
0.202746 0.995039
0.203017 0.995037
0.203289 0.995035
0.203561 0.995033
0.203835 0.99503
0.204109 0.995028
0.204384 0.995026
0.204659 0.995023
0.204936 0.995021
0.205213 0.995018
0.205491 0.995016
0.20577 0.995013
0.20605 0.99501
0.206331 0.995008
0.206613 0.995005
0.206895 0.995002
0.207179 0.994999
0.207463 0.994996
0.207748 0.994993
0.208034 0.99499
0.208321 0.994987
0.208609 0.994984
0.208897 0.99498
0.209187 0.994977
0.209478 0.994974
0.209769 0.99497
0.210061 0.994967
0.210355 0.994963
0.210649 0.994959
0.210944 0.994956
0.21124 0.994952
0.211538 0.994948
0.211836 0.994944
0.212135 0.99494
0.212435 0.994936
0.212736 0.994932
0.213038 0.994928
0.213341 0.994924
0.213645 0.99492
0.21395 0.994915
0.214256 0.994911
0.214563 0.994907
0.214871 0.994902
0.21518 0.994898
0.21549 0.994893
0.215801 0.994889
0.216113 0.994884
0.216426 0.994879
0.216741 0.994874
0.217056 0.994869
0.217373 0.994864
0.21769 0.994859
0.218009 0.994854
0.218329 0.994849
0.21865 0.994844
0.218972 0.994839
0.219295 0.994833
0.219619 0.994828
0.219944 0.994823
0.220271 0.994817
0.220599 0.994811
0.220927 0.994806
0.221257 0.9948
0.221589 0.994794
0.221921 0.994789
0.222254 0.994783
0.222589 0.994777
0.222925 0.994771
0.223262 0.994765
0.223601 0.994758
0.22394 0.994752
0.224281 0.994746
0.224623 0.99474
0.224967 0.994733
0.225311 0.994727
0.225657 0.99472
0.226004 0.994713
0.226353 0.994707
0.226702 0.9947
0.227054 0.994693
0.227406 0.994686
0.22776 0.994679
0.228115 0.994672
0.228471 0.994665
0.228829 0.994658
0.229188 0.994651
0.229548 0.994644
0.22991 0.994636
0.230273 0.994629
0.230638 0.994621
0.231004 0.994614
0.231371 0.994606
0.23174 0.994598
0.23211 0.99459
0.232482 0.994582
0.232855 0.994575
0.23323 0.994566
0.233606 0.994558
0.233984 0.99455
0.234363 0.994542
0.234744 0.994534
0.235126 0.994525
0.235509 0.994517
0.235895 0.994508
0.236281 0.9945
0.23667 0.994491
0.23706 0.994482
0.237451 0.994473
0.237844 0.994464
0.238239 0.994455
0.238635 0.994446
0.239033 0.994437
0.239433 0.994428
0.239834 0.994418
0.240237 0.994409
0.240641 0.994399
0.241048 0.99439
0.241455 0.99438
0.241865 0.99437
0.242276 0.994361
0.24269 0.994351
0.243104 0.994341
0.243521 0.99433
0.243939 0.99432
0.24436 0.99431
0.244782 0.9943
0.245205 0.994289
0.245631 0.994279
0.246058 0.994268
0.246488 0.994257
0.246919 0.994246
0.247352 0.994236
0.247787 0.994225
0.248224 0.994214
0.248662 0.994202
0.249103 0.994191
0.249546 0.99418
0.24999 0.994168
0.250437 0.994157
0.250886 0.994145
0.251336 0.994133
0.251789 0.994121
0.252243 0.994109
0.2527 0.994097
0.253159 0.994085
0.25362 0.994073
0.254083 0.994061
0.254548 0.994048
0.255015 0.994036
0.255484 0.994023
0.255956 0.99401
0.25643 0.993997
0.256905 0.993984
0.257384 0.993971
0.257864 0.993958
0.258347 0.993945
0.258831 0.993931
0.259318 0.993918
0.259808 0.993904
0.2603 0.993891
0.260794 0.993877
0.26129 0.993863
0.261789 0.993849
0.26229 0.993834
0.262794 0.99382
0.2633 0.993806
0.263808 0.993791
0.264319 0.993776
0.264833 0.993762
0.265348 0.993747
0.265867 0.993732
0.266388 0.993716
0.266911 0.993701
0.267437 0.993686
0.267966 0.99367
0.268497 0.993654
0.269031 0.993639
0.269568 0.993623
0.270107 0.993607
0.270649 0.99359
0.271194 0.993574
0.271742 0.993558
0.272292 0.993541
0.272845 0.993524
0.273401 0.993507
0.27396 0.99349
0.274521 0.993473
0.275086 0.993456
0.275653 0.993438
0.276223 0.993421
0.276796 0.993403
0.277373 0.993385
0.277952 0.993367
0.278534 0.993349
0.279119 0.99333
0.279708 0.993312
0.280299 0.993293
0.280894 0.993274
0.281491 0.993255
0.282092 0.993236
0.282696 0.993217
0.283304 0.993197
0.283914 0.993177
0.284528 0.993158
0.285145 0.993138
0.285766 0.993117
0.28639 0.993097
0.287017 0.993076
0.287647 0.993056
0.288282 0.993035
0.288919 0.993014
0.28956 0.992992
0.290205 0.992971
0.290853 0.992949
0.291505 0.992928
0.29216 0.992906
0.292819 0.992883
0.293482 0.992861
0.294148 0.992838
0.294818 0.992816
0.295492 0.992793
0.29617 0.992769
0.296851 0.992746
0.297537 0.992722
0.298226 0.992699
0.298919 0.992675
0.299617 0.99265
0.300318 0.992626
0.301023 0.992601
0.301732 0.992576
0.302446 0.992551
0.303163 0.992526
0.303885 0.9925
0.304611 0.992474
0.305341 0.992448
0.306076 0.992422
0.306815 0.992395
0.307558 0.992369
0.308305 0.992342
0.309057 0.992314
0.309814 0.992287
0.310575 0.992259
0.31134 0.992231
0.31211 0.992203
0.312885 0.992174
0.313664 0.992145
0.314448 0.992116
0.315237 0.992087
0.31603 0.992057
0.316829 0.992027
0.317632 0.991997
0.31844 0.991966
0.319253 0.991936
0.320071 0.991904
0.320894 0.991873
0.321723 0.991841
0.322556 0.991809
0.323394 0.991777
0.324238 0.991744
0.325087 0.991711
0.325941 0.991678
0.326801 0.991644
0.327666 0.991611
0.328536 0.991576
0.329412 0.991542
0.330294 0.991507
0.331181 0.991471
0.332073 0.991436
0.332972 0.9914
0.333876 0.991363
0.334786 0.991327
0.335701 0.99129
0.336623 0.991252
0.33755 0.991214
0.338484 0.991176
0.339423 0.991137
0.340369 0.991098
0.341321 0.991059
0.342279 0.991019
0.343243 0.990979
0.344213 0.990938
0.34519 0.990897
0.346173 0.990855
0.347163 0.990813
0.348159 0.990771
0.349162 0.990728
0.350172 0.990685
0.351188 0.990641
0.352211 0.990597
0.353241 0.990552
0.354277 0.990507
0.355321 0.990461
0.356371 0.990415
0.357429 0.990368
0.358493 0.990321
0.359565 0.990273
0.360644 0.990225
0.361731 0.990177
0.362824 0.990127
0.363925 0.990077
0.365034 0.990027
0.36615 0.989976
0.367274 0.989925
0.368405 0.989872
0.369544 0.98982
0.370691 0.989766
0.371846 0.989713
0.373009 0.989658
0.37418 0.989603
0.375359 0.989547
0.376545 0.989491
0.377741 0.989434
0.378944 0.989376
0.380156 0.989318
0.381376 0.989258
0.382605 0.989199
0.383842 0.989138
0.385087 0.989077
0.386342 0.989015
0.387605 0.988952
0.388877 0.988889
0.390158 0.988825
0.391448 0.98876
0.392747 0.988694
0.394055 0.988628
0.395372 0.98856
0.396699 0.988492
0.398034 0.988423
0.39938 0.988353
0.400734 0.988283
0.402098 0.988211
0.403472 0.988139
0.404856 0.988065
0.406249 0.987991
0.407652 0.987916
0.409065 0.98784
0.410488 0.987763
0.411921 0.987684
0.413364 0.987605
0.414817 0.987525
0.416281 0.987444
0.417755 0.987362
0.419239 0.987279
0.420734 0.987194
0.422239 0.987109
0.423755 0.987022
0.425282 0.986934
0.426819 0.986845
0.428368 0.986755
0.429927 0.986664
0.431497 0.986572
0.433078 0.986478
0.434671 0.986383
0.436274 0.986287
0.437889 0.986189
0.439515 0.98609
0.441153 0.98599
0.442802 0.985888
0.444462 0.985785
0.446134 0.985681
0.447818 0.985575
0.449514 0.985467
0.451221 0.985358
0.45294 0.985248
0.454671 0.985136
0.456414 0.985022
0.458169 0.984907
0.459936 0.98479
0.461715 0.984672
0.463506 0.984551
0.46531 0.984429
0.467126 0.984306
0.468954 0.98418
0.470795 0.984053
0.472648 0.983924
0.474513 0.983792
0.476391 0.983659
0.478282 0.983524
0.480185 0.983387
0.482101 0.983248
0.484029 0.983107
0.48597 0.982964
0.487924 0.982818
0.48989 0.982671
0.49187 0.982521
0.493862 0.982368
0.495867 0.982214
0.497884 0.982057
0.499915 0.981898
0.501958 0.981736
0.504015 0.981572
0.506084 0.981405
0.508166 0.981235
0.51026 0.981063
0.512368 0.980888
0.514489 0.980711
0.516622 0.98053
0.518768 0.980347
0.520927 0.980161
0.523099 0.979972
0.525283 0.979779
0.52748 0.979584
0.52969 0.979386
0.531912 0.979184
0.534147 0.978979
0.536394 0.978771
0.538654 0.978559
0.540926 0.978344
0.543211 0.978125
0.545508 0.977903
0.547817 0.977676
0.550138 0.977447
0.552471 0.977213
0.554816 0.976975
0.557173 0.976734
0.559541 0.976488
0.561921 0.976238
0.564313 0.975984
0.566716 0.975726
0.56913 0.975463
0.571555 0.975196
0.573991 0.974925
0.576438 0.974648
0.578896 0.974367
0.581364 0.974081
0.583842 0.97379
0.586331 0.973494
0.58883 0.973193
0.591338 0.972886
0.593856 0.972575
0.596384 0.972257
0.59892 0.971935
0.601466 0.971606
0.60402 0.971272
0.606583 0.970932
0.609154 0.970586
0.611734 0.970233
0.614321 0.969875
0.616916 0.96951
0.619518 0.969138
0.622127 0.96876
0.624743 0.968375
0.627365 0.967983
0.629993 0.967585
0.632628 0.967179
0.635268 0.966765
0.637913 0.966345
0.640564 0.965916
0.643219 0.96548
0.645878 0.965036
0.648542 0.964584
0.651209 0.964124
0.65388 0.963655
0.656553 0.963178
0.65923 0.962692
0.661908 0.962197
0.664589 0.961693
0.667271 0.96118
0.669954 0.960657
0.672638 0.960125
0.675323 0.959583
0.678008 0.959032
0.680692 0.95847
0.683376 0.957897
0.686058 0.957315
0.68874 0.956721
0.691419 0.956117
0.694096 0.955501
0.69677 0.954874
0.699441 0.954236
0.702109 0.953586
0.704773 0.952924
0.707432 0.95225
0.710087 0.951563
0.712737 0.950864
0.715381 0.950152
0.718019 0.949426
0.720651 0.948688
0.723276 0.947936
0.725893 0.94717
0.728504 0.94639
0.731106 0.945596
0.7337 0.944787
0.736285 0.943964
0.738861 0.943125
0.741428 0.942271
0.743984 0.941402
0.74653 0.940516
0.749066 0.939615
0.75159 0.938697
0.754103 0.937763
0.756604 0.936812
0.759093 0.935843
0.76157 0.934857
0.764033 0.933854
0.766483 0.932832
0.76892 0.931792
0.771343 0.930733
0.773752 0.929656
0.776146 0.928559
0.778525 0.927443
0.780889 0.926307
0.783238 0.925151
0.785571 0.923974
0.787888 0.922777
0.790189 0.921559
0.792473 0.920319
0.794741 0.919058
0.796991 0.917775
0.799224 0.91647
0.80144 0.915142
0.803638 0.913791
0.805818 0.912417
0.807981 0.91102
0.810124 0.909598
0.81225 0.908153
0.814357 0.906683
0.816445 0.905188
0.818514 0.903668
0.820564 0.902123
0.822594 0.900552
0.824606 0.898955
0.826598 0.897332
0.82857 0.895681
0.830523 0.894004
0.832456 0.8923
0.834369 0.890567
0.836263 0.888807
0.838136 0.887019
0.83999 0.885202
0.841823 0.883356
0.843636 0.88148
0.84543 0.879576
0.847203 0.877641
0.848956 0.875676
0.850689 0.873681
0.852401 0.871655
0.854094 0.869598
0.855766 0.86751
0.857419 0.86539
0.859051 0.863238
0.860664 0.861054
0.862256 0.858838
0.863829 0.856589
0.865382 0.854307
0.866915 0.851991
0.868428 0.849642
0.869922 0.84726
0.871396 0.844843
0.872851 0.842392
0.874286 0.839907
0.875702 0.837387
0.877099 0.834832
0.878478 0.832242
0.879837 0.829617
0.881177 0.826956
0.882499 0.824259
0.883802 0.821527
0.885086 0.818758
0.886353 0.815954
0.887601 0.813113
0.888831 0.810235
0.890043 0.807321
0.891238 0.80437
0.892414 0.801382
0.893574 0.798357
0.894716 0.795295
0.895841 0.792196
0.896949 0.78906
0.89804 0.785886
0.899115 0.782676
0.900173 0.779427
0.901214 0.776142
0.90224 0.772819
0.903249 0.769459
0.904243 0.766061
0.905221 0.762626
0.906183 0.759154
0.90713 0.755645
0.908061 0.752098
0.908978 0.748515
0.90988 0.744895
0.910767 0.741238
0.911639 0.737544
0.912497 0.733814
0.913341 0.730048
0.914171 0.726246
0.914987 0.722408
0.915789 0.718534
0.916578 0.714625
0.917353 0.710681
0.918115 0.706702
0.918864 0.702689
0.9196 0.698642
0.920323 0.694561
0.921034 0.690446
0.921732 0.686298
0.922418 0.682118
0.923092 0.677906
0.923754 0.673661
0.924404 0.669386
0.925042 0.665079
0.925669 0.660743
0.926284 0.656376
0.926889 0.651981
0.927482 0.647556
0.928064 0.643104
0.928636 0.638624
0.929197 0.634117
0.929747 0.629584
0.930287 0.625025
0.930817 0.620442
0.931337 0.615834
0.931847 0.611203
0.932347 0.60655
0.932838 0.601874
0.933319 0.597177
0.933791 0.59246
0.934253 0.587724
0.934706 0.582968
0.93515 0.578195
0.935586 0.573405
0.936012 0.568598
0.93643 0.563777
0.93684 0.558941
0.937241 0.554091
0.937634 0.54923
0.938018 0.544356
0.938395 0.539473
0.938763 0.534579
0.939124 0.529678
0.939477 0.524768
0.939823 0.519852
0.940161 0.514931
0.940492 0.510005
0.940815 0.505075
0.941131 0.500143
0.941441 0.49521
0.941743 0.490276
0.942038 0.485343
0.942327 0.480412
0.942609 0.475483
0.942884 0.470559
0.943153 0.465639
0.943416 0.460725
0.943672 0.455819
0.943922 0.45092
0.944166 0.446031
0.944404 0.441151
0.944636 0.436283
0.944862 0.431428
0.945083 0.426585
0.945297 0.421757
0.945506 0.416944
0.94571 0.412147
0.945908 0.407368
0.946101 0.402607
0.946289 0.397865
0.946472 0.393143
0.946649 0.388443
0.946821 0.383764
0.946989 0.379108
0.947152 0.374476
0.947309 0.369868
0.947462 0.365286
0.947611 0.360731
0.947755 0.356202
0.947894 0.351701
0.948029 0.347229
0.948159 0.342786
0.948286 0.338374
0.948408 0.333992
0.948525 0.329641
0.948639 0.325323
0.948749 0.321038
0.948854 0.316785
0.948956 0.312567
0.949054 0.308383
0.949148 0.304234
0.949239 0.300121
0.949325 0.296043
0.949409 0.292002
0.949488 0.287998
0.949564 0.284031
0.949637 0.280102
0.949706 0.27621
0.949772 0.272357
0.949834 0.268543
0.949894 0.264767
0.94995 0.261031
0.950003 0.257333
0.950053 0.253676
0.9501 0.250058
0.950144 0.24648
0.950185 0.242942
0.950224 0.239444
0.950259 0.235987
0.950292 0.23257
0.950322 0.229193
0.950349 0.225856
0.950373 0.22256
0.950395 0.219304
0.950415 0.216089
0.950432 0.212914
0.950446 0.209779
0.950458 0.206684
0.950468 0.203629
0.950475 0.200614
0.95048 0.197639
0.950483 0.194703
0.950484 0.191807
0.950482 0.18895
0.950478 0.186132
0.950473 0.183353
0.950465 0.180613
0.950455 0.177911
0.950443 0.175247
0.950429 0.17262
0.950413 0.170032
0.950395 0.167481
0.950376 0.164966
0.950355 0.162489
0.950331 0.160048
0.950306 0.157643
0.95028 0.155274
0.950251 0.15294
0.950221 0.150641
0.95019 0.148377
0.950157 0.146148
0.950122 0.143952
0.950085 0.14179
0.950047 0.139662
0.950008 0.137566
0.949967 0.135503
0.949925 0.133473
0.949881 0.131474
0.949836 0.129506
0.94979 0.12757
0.949742 0.125665
0.949693 0.123789
0.949643 0.121944
0.949591 0.120128
0.949539 0.118342
0.949485 0.116584
0.949429 0.114854
0.949373 0.113153
0.949316 0.111479
0.949257 0.109832
0.949197 0.108213
0.949136 0.10662
0.949075 0.105052
0.949012 0.103511
0.948948 0.101995
0.948883 0.100504
0.948817 0.0990376
0.94875 0.0975954
0.948683 0.096177
0.948614 0.0947822
0.948544 0.0934105
0.948474 0.0920616
0.948403 0.0907352
0.94833 0.0894308
0.948257 0.0881481
0.948184 0.0868869
0.948109 0.0856467
0.948034 0.0844272
0.947958 0.0832281
0.947881 0.0820491
0.947803 0.0808898
0.947725 0.0797498
0.947646 0.078629
0.947566 0.0775269
0.947486 0.0764433
0.947404 0.0753778
0.947323 0.0743302
0.94724 0.0733001
0.947157 0.0722873
0.947074 0.0712914
0.94699 0.0703122
0.946905 0.0693493
0.946819 0.0684026
0.946734 0.0674717
0.946647 0.0665564
0.94656 0.0656564
0.946473 0.0647713
0.946385 0.0639011
0.946296 0.0630454
0.946207 0.0622039
0.946118 0.0613764
0.946028 0.0605627
0.945937 0.0597626
0.945846 0.0589757
0.945755 0.0582018
0.945663 0.0574408
0.945571 0.0566924
0.945479 0.0559564
0.945386 0.0552326
0.945292 0.0545206
0.945199 0.0538205
0.945105 0.0531318
0.94501 0.0524545
0.944915 0.0517883
0.94482 0.051133
0.944725 0.0504885
0.944629 0.0498545
0.944533 0.0492308
0.944436 0.0486173
0.94434 0.0480138
0.944242 0.0474201
0.944145 0.0468361
0.944047 0.0462615
0.94395 0.0456962
0.943851 0.0451401
0.943753 0.0445929
0.943654 0.0440545
0.943555 0.0435248
0.943456 0.0430036
0.943357 0.0424907
0.943257 0.041986
0.943157 0.0414894
0.943057 0.0410007
0.942957 0.0405197
0.942856 0.0400464
0.942755 0.0395806
0.942654 0.0391221
0.942553 0.0386709
0.942452 0.0382268
0.942351 0.0377896
0.942249 0.0373594
0.942147 0.0369358
0.942045 0.0365189
0.941943 0.0361084
0.941841 0.0357044
0.941738 0.0353066
0.941636 0.0349149
0.941533 0.0345294
0.94143 0.0341497
0.941327 0.0337759
0.941224 0.0334079
0.941121 0.0330455
0.941018 0.0326886
0.940914 0.0323372
0.940811 0.0319911
0.940707 0.0316503
0.940603 0.0313146
0.940499 0.030984
0.940395 0.0306584
0.940291 0.0303377
0.940187 0.0300218
0.940083 0.0297106
0.939979 0.0294041
0.939874 0.0291022
0.93977 0.0288047
0.939666 0.0285117
0.939561 0.028223
0.939456 0.0279385
0.939352 0.0276583
0.939247 0.0273821
0.939142 0.02711
0.939038 0.0268419
0.938933 0.0265777
0.938828 0.0263174
0.938723 0.0260608
0.938618 0.025808
0.938513 0.0255588
0.938408 0.0253131
0.938303 0.0250711
0.938198 0.0248324
0.938093 0.0245972
0.937988 0.0243654
0.937883 0.0241369
0.937778 0.0239116
0.937672 0.0236895
0.937567 0.0234705
0.937462 0.0232546
0.937357 0.0230418
0.937252 0.0228319
0.937147 0.022625
0.937042 0.0224209
0.936937 0.0222197
0.936831 0.0220213
0.936726 0.0218257
0.936621 0.0216327
0.936516 0.0214424
0.936411 0.0212547
0.936306 0.0210696
0.936201 0.020887
0.936096 0.0207069
0.935991 0.0205293
0.935886 0.0203541
0.935781 0.0201812
0.935676 0.0200107
0.935571 0.0198424
0.935466 0.0196765
0.935362 0.0195127
0.935257 0.0193512
0.935152 0.0191918
0.935048 0.0190345
0.934943 0.0188793
0.934838 0.0187261
0.934734 0.018575
0.934629 0.0184259
0.934525 0.0182787
0.93442 0.0181334
0.934316 0.0179901
0.934212 0.0178486
0.934107 0.0177089
0.934003 0.0175711
0.933899 0.017435
0.933795 0.0173007
0.933691 0.0171681
0.933587 0.0170373
0.933483 0.0169081
0.933379 0.0167805
0.933275 0.0166546
0.933172 0.0165303
0.933068 0.0164075
0.932965 0.0162863
0.932861 0.0161666
0.932758 0.0160485
0.932654 0.0159318
0.932551 0.0158165
0.932448 0.0157028
0.932344 0.0155904
0.932241 0.0154794
0.932138 0.0153698
0.932035 0.0152615
0.931933 0.0151546
0.93183 0.015049
0.931727 0.0149447
0.931625 0.0148417
0.931522 0.0147399
0.93142 0.0146394
0.931317 0.0145401
0.931215 0.0144419
0.931113 0.014345
0.931011 0.0142493
0.930908 0.0141547
0.930807 0.0140612
0.930705 0.0139688
0.930603 0.0138776
0.930501 0.0137874
0.9304 0.0136983
0.930298 0.0136103
0.930197 0.0135233
0.930095 0.0134373
0.929994 0.0133523
0.929893 0.0132684
0.929792 0.0131854
0.929691 0.0131034
0.92959 0.0130223
0.929489 0.0129422
0.929389 0.012863
0.929288 0.0127848
0.929188 0.0127074
0.929087 0.0126309
0.928987 0.0125553
0.928887 0.0124806
0.928787 0.0124067
0.928687 0.0123337
0.928587 0.0122615
0.928487 0.0121901
0.928387 0.0121195
0.928288 0.0120498
0.928188 0.0119808
0.928089 0.0119126
0.92799 0.0118451
0.92789 0.0117784
0.927791 0.0117125
0.927692 0.0116473
0.927593 0.0115828
0.927495 0.011519
0.927396 0.0114559
0.927298 0.0113936
0.927199 0.0113319
0.927101 0.0112709
0.927002 0.0112106
0.926904 0.0111509
0.926806 0.0110919
0.926708 0.0110335
0.926611 0.0109757
0.926513 0.0109186
0.926415 0.0108621
0.926318 0.0108063
0.92622 0.010751
0.926123 0.0106963
0.926026 0.0106422
0.925929 0.0105887
0.925832 0.0105357
0.925735 0.0104833
0.925639 0.0104315
0.925542 0.0103802
0.925445 0.0103295
0.925349 0.0102793
0.925253 0.0102297
0.925157 0.0101805
0.925061 0.0101319
0.924965 0.0100838
0.924869 0.0100362
0.924773 0.00998907
0.924678 0.00994245
0.924582 0.00989631
0.924487 0.00985066
0.924391 0.00980548
0.924296 0.00976077
0.924201 0.00971652
0.924106 0.00967272
0.924011 0.00962938
0.923917 0.00958648
0.923822 0.00954402
0.923728 0.009502
0.923633 0.0094604
0.923539 0.00941923
0.923445 0.00937848
0.923351 0.00933814
0.923257 0.00929821
0.923163 0.00925869
0.92307 0.00921956
0.922976 0.00918083
0.922883 0.00914249
0.922789 0.00910453
0.922696 0.00906695
0.922603 0.00902975
0.92251 0.00899292
0.922417 0.00895646
0.922324 0.00892036
0.922232 0.00888462
0.922139 0.00884923
0.922047 0.0088142
0.921954 0.00877951
0.921862 0.00874516
0.92177 0.00871115
0.921678 0.00867748
0.921586 0.00864414
0.921495 0.00861112
0.921403 0.00857843
0.921312 0.00854605
0.92122 0.00851399
0.921129 0.00848225
0.921038 0.00845081
0.920947 0.00841968
0.920856 0.00838885
0.920765 0.00835831
0.920674 0.00832807
0.920584 0.00829813
0.920493 0.00826847
0.920403 0.0082391
0.920313 0.00821001
0.920223 0.0081812
0.920133 0.00815266
0.920043 0.0081244
0.919953 0.0080964
0.919863 0.00806868
0.919774 0.00804121
0.919685 0.00801401
0.919595 0.00798707
0.919506 0.00796038
0.919417 0.00793395
0.919328 0.00790776
0.919239 0.00788182
0.91915 0.00785613
0.919062 0.00783067
0.918973 0.00780546
0.918885 0.00778048
0.918797 0.00775574
0.918709 0.00773123
0.91862 0.00770695
0.918533 0.00768289
0.918445 0.00765906
0.918357 0.00763545
0.918269 0.00761206
0.918182 0.00758889
0.918095 0.00756593
0.918007 0.00754319
0.91792 0.00752065
0.917833 0.00749833
0.917746 0.00747621
0.91766 0.00745429
0.917573 0.00743258
0.917486 0.00741106
0.9174 0.00738975
0.917314 0.00736863
0.917227 0.0073477
0.917141 0.00732697
0.917055 0.00730642
0.916969 0.00728607
0.916884 0.00726589
0.916798 0.00724591
0.916712 0.0072261
0.916627 0.00720648
0.916542 0.00718703
0.916456 0.00716776
0.916371 0.00714867
0.916286 0.00712975
0.916201 0.007111
0.916117 0.00709242
0.916032 0.00707401
0.915948 0.00705576
0.915863 0.00703768
0.915779 0.00701977
0.915695 0.00700201
0.915611 0.00698442
0.915527 0.00696698
0.915443 0.0069497
0.915359 0.00693257
0.915275 0.0069156
0.915192 0.00689878
0.915108 0.00688212
0.915025 0.0068656
0.914942 0.00684923
0.914859 0.006833
0.914776 0.00681692
0.914693 0.00680099
0.91461 0.0067852
0.914527 0.00676955
0.914445 0.00675403
0.914362 0.00673866
0.91428 0.00672342
0.914198 0.00670832
0.914116 0.00669336
0.914034 0.00667852
0.913952 0.00666382
0.91387 0.00664925
0.913788 0.00663481
0.913707 0.0066205
0.913625 0.00660631
0.913544 0.00659225
0.913463 0.00657831
0.913381 0.0065645
0.9133 0.00655081
0.913219 0.00653724
0.913139 0.0065238
0.913058 0.00651047
0.912977 0.00649726
0.912897 0.00648416
0.912816 0.00647118
0.912736 0.00645832
0.912656 0.00644557
0.912576 0.00643293
0.912496 0.00642041
0.912416 0.00640799
0.912336 0.00639569
0.912257 0.00638349
0.912177 0.0063714
0.912098 0.00635942
0.912018 0.00634754
0.911939 0.00633577
0.91186 0.0063241
0.911781 0.00631254
0.911702 0.00630108
0.911623 0.00628972
0.911544 0.00627846
0.911466 0.00626729
0.911387 0.00625623
0.911309 0.00624527
0.91123 0.0062344
0.911152 0.00622363
0.911074 0.00621295
0.910996 0.00620237
0.910918 0.00619188
0.91084 0.00618148
0.910763 0.00617117
0.910685 0.00616096
0.910608 0.00615084
0.91053 0.0061408
0.910453 0.00613086
0.910376 0.006121
0.910299 0.00611123
0.910222 0.00610155
0.910145 0.00609195
0.910068 0.00608244
0.909991 0.00607301
0.909915 0.00606366
0.909838 0.0060544
0.909762 0.00604522
0.909686 0.00603612
0.909609 0.00602711
0.909533 0.00601817
0.909457 0.00600931
0.909381 0.00600053
0.909306 0.00599183
0.90923 0.00598321
0.909154 0.00597466
0.909079 0.00596619
0.909004 0.0059578
0.908928 0.00594948
0.908853 0.00594124
0.908778 0.00593306
0.908703 0.00592497
0.908628 0.00591694
0.908553 0.00590899
0.908478 0.00590111
0.908404 0.00589329
0.908329 0.00588555
0.908255 0.00587788
0.908181 0.00587028
0.908106 0.00586275
0.908032 0.00585528
0.907958 0.00584788
0.907884 0.00584055
0.90781 0.00583329
0.907737 0.00582609
0.907663 0.00581895
0.907589 0.00581188
0.907516 0.00580488
0.907443 0.00579794
0.907369 0.00579106
0.907296 0.00578425
0.907223 0.00577749
0.90715 0.0057708
0.907077 0.00576417
0.907004 0.0057576
0.906932 0.0057511
0.906859 0.00574465
0.906786 0.00573826
0.906714 0.00573193
0.906642 0.00572566
0.906569 0.00571944
0.906497 0.00571329
0.906425 0.00570719
0.906353 0.00570115
0.906281 0.00569516
0.90621 0.00568923
0.906138 0.00568336
0.906066 0.00567754
0.905995 0.00567177
0.905923 0.00566606
0.905852 0.0056604
0.905781 0.0056548
0.90571 0.00564925
0.905638 0.00564375
0.905567 0.0056383
0.905497 0.00563291
0.905426 0.00562756
0.905355 0.00562227
0.905284 0.00561703
0.905214 0.00561184
0.905144 0.0056067
0.905073 0.0056016
0.905003 0.00559656
0.904933 0.00559157
0.904863 0.00558662
0.904793 0.00558172
0.904723 0.00557687
0.904653 0.00557207
0.904583 0.00556731
0.904514 0.0055626
0.904444 0.00555794
0.904374 0.00555332
0.904305 0.00554875
0.904236 0.00554422
0.904167 0.00553974
0.904097 0.0055353
0.904028 0.00553091
0.903959 0.00552656
0.903891 0.00552225
0.903822 0.00551799
0.903753 0.00551377
0.903685 0.00550959
0.903616 0.00550546
0.903548 0.00550137
0.903479 0.00549732
0.903411 0.00549331
0.903343 0.00548934
0.903275 0.00548541
0.903207 0.00548152
0.903139 0.00547768
0.903071 0.00547387
0.903003 0.0054701
0.902935 0.00546638
0.902868 0.00546269
0.9028 0.00545904
0.902733 0.00545543
0.902666 0.00545186
0.902598 0.00544832
0.902531 0.00544483
0.902464 0.00544137
0.902397 0.00543795
0.90233 0.00543456
0.902263 0.00543121
0.902196 0.0054279
0.90213 0.00542463
0.902063 0.00542139
0.901997 0.00541818
0.90193 0.00541501
0.901864 0.00541188
0.901797 0.00540878
0.901731 0.00540572
0.901665 0.00540269
0.901599 0.0053997
0.901533 0.00539674
0.901467 0.00539381
0.901401 0.00539092
0.901336 0.00538806
0.90127 0.00538523
0.901204 0.00538244
0.901139 0.00537968
0.901074 0.00537695
0.901008 0.00537425
0.900943 0.00537159
0.900878 0.00536895
0.900813 0.00536635
0.900748 0.00536378
0.900683 0.00536124
0.900618 0.00535873
0.900553 0.00535626
0.900488 0.00535381
0.900424 0.00535139
0.900359 0.00534901
0.900295 0.00534665
0.90023 0.00534433
0.900166 0.00534203
0.900102 0.00533976
0.900038 0.00533752
0.899974 0.00533531
0.89991 0.00533313
0.899846 0.00533098
0.899782 0.00532885
0.899718 0.00532676
0.899654 0.00532469
0.899591 0.00532265
0.899527 0.00532064
0.899464 0.00531865
0.8994 0.00531669
0.899337 0.00531476
0.899274 0.00531286
0.89921 0.00531098
0.899147 0.00530913
0.899084 0.00530731
0.899021 0.00530551
0.898958 0.00530374
0.898896 0.00530199
0.898833 0.00530027
0.89877 0.00529857
0.898708 0.0052969
0.898645 0.00529526
0.898583 0.00529364
0.89852 0.00529204
0.898458 0.00529047
0.898396 0.00528893
0.898333 0.00528741
0.898271 0.00528591
0.898209 0.00528444
0.898147 0.00528299
0.898086 0.00528156
0.898024 0.00528016
0.897962 0.00527878
0.8979 0.00527743
0.897839 0.0052761
0.897777 0.00527479
0.897716 0.0052735
0.897654 0.00527224
0.897593 0.005271
0.897532 0.00526978
0.897471 0.00526858
0.89741 0.00526741
0.897349 0.00526626
0.897288 0.00526513
0.897227 0.00526402
0.897166 0.00526293
0.897105 0.00526187
0.897044 0.00526082
0.896984 0.0052598
0.896923 0.0052588
0.896863 0.00525782
0.896802 0.00525686
0.896742 0.00525592
0.896682 0.005255
0.896622 0.0052541
0.896561 0.00525322
0.896501 0.00525236
0.896441 0.00525153
0.896381 0.00525071
0.896322 0.00524991
0.896262 0.00524913
0.896202 0.00524837
0.896142 0.00524763
0.896083 0.00524691
0.896023 0.00524621
0.895964 0.00524553
0.895904 0.00524487
0.895845 0.00524422
0.895786 0.0052436
0.895727 0.00524299
0.895667 0.0052424
0.895608 0.00524183
0.895549 0.00524128
0.89549 0.00524074
0.895432 0.00524023
0.895373 0.00523973
0.895314 0.00523925
0.895255 0.00523879
0.895197 0.00523834
0.895138 0.00523791
0.89508 0.0052375
0.895021 0.00523711
0.894963 0.00523674
0.894905 0.00523638
0.894846 0.00523603
0.894788 0.00523571
0.89473 0.0052354
0.894672 0.00523511
0.894614 0.00523484
0.894556 0.00523458
0.894498 0.00523433
0.894441 0.00523411
0.894383 0.0052339
0.894325 0.0052337
0.894268 0.00523353
0.89421 0.00523337
0.894153 0.00523322
0.894095 0.00523309
0.894038 0.00523297
0.89398 0.00523287
0.893923 0.00523279
0.893866 0.00523272
0.893809 0.00523267
0.893752 0.00523263
0.893695 0.00523261
0.893638 0.0052326
0.893581 0.0052326
0.893524 0.00523262
0.893468 0.00523266
0.893411 0.00523271
0.893354 0.00523278
0.893298 0.00523285
0.893241 0.00523295
0.893185 0.00523306
0.893128 0.00523318
0.893072 0.00523331
0.893016 0.00523346
0.89296 0.00523363
0.892904 0.00523381
0.892847 0.005234
0.892791 0.0052342
0.892736 0.00523442
0.89268 0.00523465
0.892624 0.0052349
0.892568 0.00523516
0.892512 0.00523543
0.892457 0.00523571
0.892401 0.00523601
0.892345 0.00523632
0.89229 0.00523665
0.892234 0.00523699
0.892179 0.00523734
0.892124 0.0052377
0.892068 0.00523807
0.892013 0.00523846
0.891958 0.00523886
0.891903 0.00523927
0.891848 0.0052397
0.891793 0.00524014
0.891738 0.00524059
0.891683 0.00524105
0.891628 0.00524152
0.891574 0.00524201
0.891519 0.00524251
0.891464 0.00524302
0.89141 0.00524354
0.891355 0.00524407
0.891301 0.00524462
0.891246 0.00524517
0.891192 0.00524574
0.891138 0.00524632
0.891083 0.00524691
0.891029 0.00524751
0.890975 0.00524813
0.890921 0.00524875
0.890867 0.00524939
0.890813 0.00525003
0.890759 0.00525069
0.890705 0.00525136
0.890651 0.00525204
0.890598 0.00525273
0.890544 0.00525343
0.89049 0.00525414
0.890437 0.00525486
0.890383 0.0052556
0.890329 0.00525634
0.890276 0.00525709
0.890223 0.00525786
0.890169 0.00525863
0.890116 0.00525942
0.890063 0.00526021
0.89001 0.00526102
0.889956 0.00526183
0.889903 0.00526266
0.88985 0.00526349
0.889797 0.00526434
0.889745 0.00526519
0.889692 0.00526606
0.889639 0.00526693
0.889586 0.00526781
0.889533 0.00526871
0.889481 0.00526961
0.889428 0.00527052
0.889376 0.00527145
0.889323 0.00527238
0.889271 0.00527332
0.889218 0.00527427
0.889166 0.00527523
0.889114 0.0052762
0.889061 0.00527717
0.889009 0.00527816
0.888957 0.00527916
0.888905 0.00528016
0.888853 0.00528118
0.888801 0.0052822
0.888749 0.00528323
0.888697 0.00528427
0.888645 0.00528532
0.888593 0.00528638
0.888542 0.00528744
0.88849 0.00528852
0.888438 0.0052896
0.888387 0.00529069
0.888335 0.00529179
0.888284 0.0052929
0.888232 0.00529402
0.888181 0.00529514
0.888129 0.00529628
0.888078 0.00529742
0.888027 0.00529857
0.887976 0.00529973
0.887924 0.00530089
0.887873 0.00530207
0.887822 0.00530325
0.887771 0.00530444
0.88772 0.00530564
0.887669 0.00530684
0.887618 0.00530806
0.887568 0.00530928
0.887517 0.00531051
0.887466 0.00531174
0.887415 0.00531299
0.887365 0.00531424
0.887314 0.0053155
0.887264 0.00531677
0.887213 0.00531804
0.887163 0.00531932
0.887112 0.00532061
0.887062 0.00532191
0.887012 0.00532321
0.886961 0.00532452
0.886911 0.00532584
0.886861 0.00532716
0.886811 0.0053285
0.886761 0.00532984
0.886711 0.00533118
0.886661 0.00533254
0.886611 0.0053339
0.886561 0.00533526
0.886511 0.00533664
0.886461 0.00533802
0.886412 0.00533941
0.886362 0.0053408
0.886312 0.0053422
0.886263 0.00534361
0.886213 0.00534502
0.886163 0.00534645
0.886114 0.00534787
0.886064 0.00534931
0.886015 0.00535075
0.885966 0.0053522
0.885916 0.00535365
0.885867 0.00535511
0.885818 0.00535657
0.885769 0.00535805
0.88572 0.00535953
0.88567 0.00536101
0.885621 0.0053625
0.885572 0.005364
0.885523 0.0053655
0.885475 0.00536701
0.885426 0.00536853
0.885377 0.00537005
0.885328 0.00537158
0.885279 0.00537311
0.885231 0.00537465
0.885182 0.0053762
0.885133 0.00537775
0.885085 0.00537931
0.885036 0.00538087
0.884988 0.00538244
0.884939 0.00538401
0.884891 0.00538559
0.884842 0.00538718
0.884794 0.00538877
0.884746 0.00539037
0.884698 0.00539197
0.884649 0.00539358
0.884601 0.00539519
0.884553 0.00539681
0.884505 0.00539844
0.884457 0.00540007
0.884409 0.0054017
0.884361 0.00540334
0.884313 0.00540499
0.884265 0.00540664
0.884217 0.0054083
0.88417 0.00540996
0.884122 0.00541163
0.884074 0.0054133
0.884026 0.00541498
0.883979 0.00541666
0.883931 0.00541835
0.883884 0.00542004
0.883836 0.00542174
0.883789 0.00542344
0.883741 0.00542515
0.883694 0.00542686
0.883647 0.00542858
0.883599 0.0054303
0.883552 0.00543203
0.883505 0.00543376
0.883458 0.0054355
0.88341 0.00543724
0.883363 0.00543899
0.883316 0.00544074
0.883269 0.0054425
0.883222 0.00544426
0.883175 0.00544602
0.883128 0.00544779
0.883081 0.00544957
0.883035 0.00545135
0.882988 0.00545313
0.882941 0.00545492
0.882894 0.00545671
0.882848 0.00545851
0.882801 0.00546031
0.882754 0.00546211
0.882708 0.00546393
0.882661 0.00546574
0.882615 0.00546756
0.882568 0.00546938
0.882522 0.00547121
0.882475 0.00547304
0.882429 0.00547488
0.882383 0.00547672
0.882337 0.00547856
0.88229 0.00548041
0.882244 0.00548227
0.882198 0.00548412
0.882152 0.00548598
0.882106 0.00548785
0.88206 0.00548972
0.882014 0.00549159
0.881968 0.00549347
0.881922 0.00549535
0.881876 0.00549724
0.88183 0.00549913
0.881784 0.00550102
0.881738 0.00550292
0.881693 0.00550482
0.881647 0.00550672
0.881601 0.00550863
0.881555 0.00551054
0.88151 0.00551246
0.881464 0.00551438
0.881419 0.0055163
0.881373 0.00551823
0.881328 0.00552016
0.881282 0.0055221
0.881237 0.00552403
0.881191 0.00552598
0.881146 0.00552792
0.881101 0.00552987
0.881056 0.00553182
0.88101 0.00553378
0.880965 0.00553574
0.88092 0.0055377
0.880875 0.00553967
0.88083 0.00554164
0.880785 0.00554362
0.88074 0.00554559
0.880695 0.00554757
0.88065 0.00554956
0.880605 0.00555155
0.88056 0.00555354
0.880515 0.00555553
0.88047 0.00555753
0.880425 0.00555953
0.880381 0.00556153
0.880336 0.00556354
0.880291 0.00556555
0.880247 0.00556757
0.880202 0.00556958
0.880157 0.0055716
0.880113 0.00557363
0.880068 0.00557565
0.880024 0.00557768
0.879979 0.00557972
0.879935 0.00558175
0.879891 0.00558379
0.879846 0.00558583
0.879802 0.00558788
0.879758 0.00558993
0.879713 0.00559198
0.879669 0.00559403
0.879625 0.00559609
0.879581 0.00559815
0.879537 0.00560021
0.879493 0.00560228
0.879448 0.00560435
0.879404 0.00560642
0.87936 0.00560849
0.879316 0.00561057
0.879273 0.00561265
0.879229 0.00561473
0.879185 0.00561682
0.879141 0.00561891
0.879097 0.005621
0.879053 0.0056231
0.87901 0.00562519
0.878966 0.00562729
0.878922 0.00562939
0.878878 0.0056315
0.878835 0.00563361
0.878791 0.00563572
0.878748 0.00563783
0.878704 0.00563995
0.878661 0.00564207
0.878617 0.00564419
0.878574 0.00564631
0.87853 0.00564844
0.878487 0.00565057
0.878444 0.0056527
0.8784 0.00565483
0.878357 0.00565697
0.878314 0.00565911
0.878271 0.00566125
0.878227 0.00566339
0.878184 0.00566554
0.878141 0.00566769
0.878098 0.00566984
0.878055 0.00567199
0.878012 0.00567415
0.877969 0.00567631
0.877926 0.00567847
0.877883 0.00568063
0.87784 0.0056828
0.877797 0.00568496
0.877754 0.00568713
0.877711 0.00568931
0.877668 0.00569148
0.877626 0.00569366
0.877583 0.00569584
0.87754 0.00569802
0.877497 0.0057002
0.877455 0.00570239
0.877412 0.00570458
0.877369 0.00570677
0.877327 0.00570896
0.877284 0.00571115
0.877242 0.00571335
0.877199 0.00571555
0.877157 0.00571775
0.877114 0.00571995
0.877072 0.00572216
0.87703 0.00572437
0.876987 0.00572658
0.876945 0.00572879
0.876903 0.005731
0.87686 0.00573322
0.876818 0.00573544
0.876776 0.00573766
0.876734 0.00573988
0.876691 0.0057421
0.876649 0.00574433
0.876607 0.00574656
0.876565 0.00574879
0.876523 0.00575102
0.876481 0.00575325
0.876439 0.00575549
0.876397 0.00575773
0.876355 0.00575997
0.876313 0.00576221
0.876271 0.00576445
0.876229 0.0057667
0.876187 0.00576894
0.876146 0.00577119
0.876104 0.00577344
0.876062 0.00577569
0.87602 0.00577795
0.875979 0.00578021
0.875937 0.00578246
0.875895 0.00578472
0.875854 0.00578699
0.875812 0.00578925
0.87577 0.00579151
0.875729 0.00579378
0.875687 0.00579605
0.875646 0.00579832
0.875604 0.00580059
0.875563 0.00580287
0.875521 0.00580514
0.87548 0.00580742
0.875439 0.0058097
0.875397 0.00581198
0.875356 0.00581426
0.875315 0.00581655
0.875273 0.00581883
0.875232 0.00582112
0.875191 0.00582341
0.87515 0.0058257
0.875109 0.00582799
0.875067 0.00583028
0.875026 0.00583258
0.874985 0.00583488
0.874944 0.00583717
0.874903 0.00583947
0.874862 0.00584178
0.874821 0.00584408
0.87478 0.00584638
0.874739 0.00584869
0.874698 0.005851
0.874657 0.00585331
0.874616 0.00585562
0.874575 0.00585793
0.874535 0.00586024
0.874494 0.00586256
0.874453 0.00586487
0.874412 0.00586719
0.874372 0.00586951
0.874331 0.00587183
0.87429 0.00587415
0.874249 0.00587648
0.874209 0.0058788
0.874168 0.00588113
0.874128 0.00588346
0.874087 0.00588579
0.874046 0.00588812
0.874006 0.00589045
0.873965 0.00589278
0.873925 0.00589512
0.873884 0.00589745
0.873844 0.00589979
0.873804 0.00590213
0.873763 0.00590447
0.873723 0.00590681
0.873682 0.00590915
0.873642 0.0059115
0.873602 0.00591384
0.873562 0.00591619
0.873521 0.00591854
0.873481 0.00592089
0.873441 0.00592324
0.873401 0.00592559
0.87336 0.00592794
0.87332 0.0059303
0.87328 0.00593265
0.87324 0.00593501
0.8732 0.00593737
0.87316 0.00593972
0.87312 0.00594208
0.87308 0.00594445
0.87304 0.00594681
0.873 0.00594917
0.87296 0.00595154
0.87292 0.0059539
0.87288 0.00595627
0.87284 0.00595864
0.8728 0.00596101
0.872761 0.00596338
0.872721 0.00596575
0.872681 0.00596812
0.872641 0.0059705
0.872601 0.00597287
0.872562 0.00597525
0.872522 0.00597763
0.872482 0.00598001
0.872443 0.00598239
0.872403 0.00598477
0.872363 0.00598715
0.872324 0.00598953
0.872284 0.00599192
0.872244 0.0059943
0.872205 0.00599669
0.872165 0.00599907
0.872126 0.00600146
0.872086 0.00600385
0.872047 0.00600624
0.872007 0.00600863
0.871968 0.00601103
0.871929 0.00601342
0.871889 0.00601581
0.87185 0.00601821
0.871811 0.00602061
0.871771 0.006023
0.871732 0.0060254
0.871693 0.0060278
0.871653 0.0060302
0.871614 0.0060326
0.871575 0.006035
0.871536 0.00603741
0.871496 0.00603981
0.871457 0.00604222
0.871418 0.00604462
0.871379 0.00604703
0.87134 0.00604944
0.871301 0.00605185
0.871262 0.00605426
0.871223 0.00605667
0.871184 0.00605908
0.871145 0.00606149
0.871106 0.0060639
0.871067 0.00606632
0.871028 0.00606873
0.870989 0.00607115
0.87095 0.00607357
0.870911 0.00607598
0.870872 0.0060784
0.870833 0.00608082
0.870794 0.00608324
0.870755 0.00608566
0.870717 0.00608808
0.870678 0.00609051
0.870639 0.00609293
0.8706 0.00609536
0.870561 0.00609778
0.870523 0.00610021
0.870484 0.00610264
0.870445 0.00610506
0.870407 0.00610749
0.870368 0.00610992
0.870329 0.00611235
0.870291 0.00611478
0.870252 0.00611721
0.870214 0.00611965
0.870175 0.00612208
0.870136 0.00612452
0.870098 0.00612695
0.870059 0.00612939
0.870021 0.00613182
0.869982 0.00613426
0.869944 0.0061367
0.869906 0.00613914
0.869867 0.00614158
0.869829 0.00614402
0.86979 0.00614646
0.869752 0.0061489
0.869714 0.00615134
0.869675 0.00615379
0.869637 0.00615623
0.869599 0.00615868
0.86956 0.00616112
0.869522 0.00616357
0.869484 0.00616601
0.869446 0.00616846
0.869407 0.00617091
0.869369 0.00617336
0.869331 0.00617581
0.869293 0.00617826
0.869255 0.00618071
0.869216 0.00618316
0.869178 0.00618562
0.86914 0.00618807
0.869102 0.00619052
0.869064 0.00619298
0.869026 0.00619543
0.868988 0.00619789
0.86895 0.00620035
0.868912 0.0062028
0.868874 0.00620526
0.868836 0.00620772
0.868798 0.00621018
0.86876 0.00621264
0.868722 0.0062151
0.868684 0.00621756
0.868646 0.00622002
0.868608 0.00622249
0.86857 0.00622495
0.868533 0.00622741
0.868495 0.00622988
0.868457 0.00623234
0.868419 0.00623481
0.868381 0.00623728
0.868344 0.00623974
0.868306 0.00624221
0.868268 0.00624468
0.86823 0.00624715
0.868193 0.00624962
0.868155 0.00625209
0.868117 0.00625456
0.868079 0.00625703
0.868042 0.0062595
0.868004 0.00626197
0.867967 0.00626445
0.867929 0.00626692
0.867891 0.00626939
0.867854 0.00627187
0.867816 0.00627434
0.867779 0.00627682
0.867741 0.0062793
0.867703 0.00628177
0.867666 0.00628425
0.867628 0.00628673
0.867591 0.00628921
0.867553 0.00629169
0.867516 0.00629417
0.867479 0.00629665
0.867441 0.00629913
0.867404 0.00630161
0.867366 0.00630409
0.867329 0.00630658
0.867292 0.00630906
0.867254 0.00631154
0.867217 0.00631403
0.867179 0.00631651
0.867142 0.006319
0.867105 0.00632148
0.867068 0.00632397
0.86703 0.00632646
0.866993 0.00632894
0.866956 0.00633143
0.866918 0.00633392
0.866881 0.00633641
0.866844 0.0063389
0.866807 0.00634139
0.86677 0.00634388
0.866732 0.00634637
0.866695 0.00634886
0.866658 0.00635136
0.866621 0.00635385
0.866584 0.00635634
0.866547 0.00635884
0.86651 0.00636133
0.866473 0.00636382
0.866435 0.00636632
0.866398 0.00636882
0.866361 0.00637131
0.866324 0.00637381
0.866287 0.00637631
0.86625 0.0063788
0.866213 0.0063813
0.866176 0.0063838
0.866139 0.0063863
0.866102 0.0063888
0.866065 0.0063913
0.866028 0.0063938
0.865991 0.0063963
0.865955 0.0063988
0.865918 0.00640131
0.865881 0.00640381
0.865844 0.00640631
0.865807 0.00640882
0.86577 0.00641132
0.865733 0.00641382
0.865696 0.00641633
0.86566 0.00641883
0.865623 0.00642134
0.865586 0.00642385
0.865549 0.00642635
0.865512 0.00642886
0.865476 0.00643137
0.865439 0.00643388
0.865402 0.00643639
0.865365 0.0064389
0.865329 0.00644141
0.865292 0.00644392
0.865255 0.00644643
0.865219 0.00644894
0.865182 0.00645145
0.865145 0.00645396
0.865109 0.00645647
0.865072 0.00645899
0.865035 0.0064615
0.864999 0.00646401
0.864962 0.00646653
0.864925 0.00646904
0.864889 0.00647156
0.864852 0.00647407
0.864816 0.00647659
0.864779 0.0064791
0.864743 0.00648162
0.864706 0.00648414
0.864669 0.00648666
0.864633 0.00648917
0.864596 0.00649169
0.86456 0.00649421
0.864523 0.00649673
0.864487 0.00649925
0.86445 0.00650177
0.864414 0.00650429
0.864378 0.00650681
0.864341 0.00650934
0.864305 0.00651186
0.864268 0.00651438
0.864232 0.0065169
0.864195 0.00651943
0.864159 0.00652195
0.864123 0.00652447
0.864086 0.006527
0.86405 0.00652952
0.864014 0.00653205
0.863977 0.00653458
0.863941 0.0065371
0.863905 0.00653963
0.863868 0.00654216
0.863832 0.00654468
0.863796 0.00654721
0.863759 0.00654974
0.863723 0.00655227
0.863687 0.0065548
0.863651 0.00655733
0.863614 0.00655986
0.863578 0.00656239
0.863542 0.00656492
0.863506 0.00656745
0.863469 0.00656998
0.863433 0.00657252
0.863397 0.00657505
0.863361 0.00657758
0.863325 0.00658012
0.863288 0.00658265
0.863252 0.00658518
0.863216 0.00658772
0.86318 0.00659025
0.863144 0.00659279
0.863108 0.00659533
0.863072 0.00659786
0.863035 0.0066004
0.862999 0.00660294
0.862963 0.00660548
0.862927 0.00660801
0.862891 0.00661055
0.862855 0.00661309
0.862819 0.00661563
0.862783 0.00661817
0.862747 0.00662071
0.862711 0.00662325
0.862675 0.00662579
0.862639 0.00662833
0.862603 0.00663088
0.862567 0.00663342
0.862531 0.00663596
0.862495 0.0066385
0.862459 0.00664105
0.862423 0.00664359
0.862387 0.00664614
0.862351 0.00664868
0.862315 0.00665123
0.862279 0.00665377
0.862243 0.00665632
0.862207 0.00665886
0.862171 0.00666141
0.862135 0.00666396
0.862099 0.00666651
0.862063 0.00666906
0.862027 0.0066716
0.861992 0.00667415
0.861956 0.0066767
0.86192 0.00667925
0.861884 0.0066818
0.861848 0.00668435
0.861812 0.0066869
0.861776 0.00668946
0.86174 0.00669201
0.861705 0.00669456
0.861669 0.00669711
0.861633 0.00669967
0.861597 0.00670222
0.861561 0.00670477
0.861526 0.00670733
0.86149 0.00670988
0.861454 0.00671244
0.861418 0.006715
0.861382 0.00671755
0.861347 0.00672011
0.861311 0.00672266
0.861275 0.00672522
0.861239 0.00672778
0.861204 0.00673034
0.861168 0.0067329
0.861132 0.00673546
0.861096 0.00673802
0.861061 0.00674058
0.861025 0.00674314
0.860989 0.0067457
0.860953 0.00674826
0.860918 0.00675082
0.860882 0.00675338
0.860846 0.00675595
0.860811 0.00675851
0.860775 0.00676107
0.860739 0.00676364
0.860704 0.0067662
0.860668 0.00676877
0.860632 0.00677133
0.860597 0.0067739
0.860561 0.00677646
0.860525 0.00677903
0.86049 0.0067816
0.860454 0.00678416
0.860418 0.00678673
0.860383 0.0067893
0.860347 0.00679187
0.860312 0.00679444
0.860276 0.00679701
0.86024 0.00679958
0.860205 0.00680215
0.860169 0.00680472
0.860134 0.00680729
0.860098 0.00680986
0.860062 0.00681244
0.860027 0.00681501
0.859991 0.00681758
0.859956 0.00682015
0.85992 0.00682273
0.859885 0.0068253
0.859849 0.00682788
0.859813 0.00683045
0.859778 0.00683303
0.859742 0.00683561
0.859707 0.00683818
0.859671 0.00684076
0.859636 0.00684334
0.8596 0.00684592
0.859565 0.0068485
0.859529 0.00685107
0.859494 0.00685365
0.859458 0.00685623
0.859423 0.00685881
0.859387 0.0068614
0.859352 0.00686398
0.859316 0.00686656
0.859281 0.00686914
0.859245 0.00687172
0.85921 0.00687431
0.859174 0.00687689
0.859139 0.00687948
0.859103 0.00688206
0.859068 0.00688465
0.859032 0.00688723
0.858997 0.00688982
0.858961 0.00689241
0.858926 0.00689499
0.858891 0.00689758
0.858855 0.00690017
0.85882 0.00690276
0.858784 0.00690535
0.858749 0.00690794
0.858713 0.00691053
0.858678 0.00691312
0.858642 0.00691571
0.858607 0.0069183
0.858572 0.00692089
0.858536 0.00692348
0.858501 0.00692608
0.858465 0.00692867
0.85843 0.00693126
0.858395 0.00693386
0.858359 0.00693645
0.858324 0.00693905
0.858288 0.00694165
0.858253 0.00694424
0.858218 0.00694684
0.858182 0.00694944
0.858147 0.00695203
0.858111 0.00695463
0.858076 0.00695723
0.858041 0.00695983
0.858005 0.00696243
0.85797 0.00696503
0.857934 0.00696763
0.857899 0.00697024
0.857864 0.00697284
0.857828 0.00697544
0.857793 0.00697804
0.857758 0.00698065
0.857722 0.00698325
0.857687 0.00698586
0.857651 0.00698846
0.857616 0.00699107
0.857581 0.00699367
0.857545 0.00699628
0.85751 0.00699889
0.857475 0.0070015
0.857439 0.00700411
0.857404 0.00700671
0.857369 0.00700932
0.857333 0.00701193
0.857298 0.00701455
0.857263 0.00701716
0.857227 0.00701977
0.857192 0.00702238
0.857157 0.00702499
0.857121 0.00702761
0.857086 0.00703022
0.857051 0.00703284
0.857015 0.00703545
0.85698 0.00703807
0.856945 0.00704068
0.856909 0.0070433
0.856874 0.00704592
0.856838 0.00704853
0.856803 0.00705115
0.856768 0.00705377
0.856732 0.00705639
0.856697 0.00705901
0.856662 0.00706163
0.856627 0.00706425
0.856591 0.00706688
0.856556 0.0070695
0.856521 0.00707212
0.856485 0.00707475
0.85645 0.00707737
0.856415 0.00708
0.856379 0.00708262
0.856344 0.00708525
0.856309 0.00708787
0.856273 0.0070905
0.856238 0.00709313
0.856203 0.00709576
0.856167 0.00709839
0.856132 0.00710102
0.856097 0.00710365
0.856061 0.00710628
0.856026 0.00710891
0.855991 0.00711154
0.855955 0.00711417
0.85592 0.00711681
0.855885 0.00711944
0.855849 0.00712208
0.855814 0.00712471
0.855779 0.00712735
0.855743 0.00712998
0.855708 0.00713262
0.855673 0.00713526
0.855637 0.0071379
0.855602 0.00714053
0.855567 0.00714317
0.855531 0.00714581
0.855496 0.00714845
0.855461 0.0071511
0.855425 0.00715374
0.85539 0.00715638
0.855355 0.00715902
0.855319 0.00716167
0.855284 0.00716431
0.855249 0.00716696
0.855213 0.0071696
0.855178 0.00717225
0.855143 0.0071749
0.855107 0.00717755
0.855072 0.0071802
0.855036 0.00718284
0.855001 0.00718549
0.854966 0.00718815
0.85493 0.0071908
0.854895 0.00719345
0.85486 0.0071961
0.854824 0.00719875
0.854789 0.00720141
0.854754 0.00720406
0.854718 0.00720672
0.854683 0.00720937
0.854647 0.00721203
0.854612 0.00721469
0.854577 0.00721735
0.854541 0.00722001
0.854506 0.00722267
0.854471 0.00722533
0.854435 0.00722799
0.8544 0.00723065
0.854364 0.00723331
0.854329 0.00723597
0.854294 0.00723864
0.854258 0.0072413
0.854223 0.00724397
0.854188 0.00724663
0.854152 0.0072493
0.854117 0.00725197
0.854081 0.00725463
0.854046 0.0072573
0.85401 0.00725997
0.853975 0.00726264
0.85394 0.00726531
0.853904 0.00726799
0.853869 0.00727066
0.853833 0.00727333
0.853798 0.00727601
0.853763 0.00727868
0.853727 0.00728136
0.853692 0.00728403
0.853656 0.00728671
0.853621 0.00728939
0.853585 0.00729207
0.85355 0.00729474
0.853514 0.00729742
0.853479 0.00730011
0.853444 0.00730279
0.853408 0.00730547
0.853373 0.00730815
0.853337 0.00731084
0.853302 0.00731352
0.853266 0.00731621
0.853231 0.00731889
0.853195 0.00732158
0.85316 0.00732427
0.853124 0.00732696
0.853089 0.00732965
0.853053 0.00733234
0.853018 0.00733503
0.852982 0.00733772
0.852947 0.00734041
0.852911 0.0073431
0.852876 0.0073458
0.85284 0.00734849
0.852805 0.00735119
0.852769 0.00735389
0.852734 0.00735658
0.852698 0.00735928
0.852663 0.00736198
0.852627 0.00736468
0.852591 0.00736738
0.852556 0.00737008
0.85252 0.00737278
0.852485 0.00737549
0.852449 0.00737819
0.852414 0.0073809
0.852378 0.0073836
0.852342 0.00738631
0.852307 0.00738902
0.852271 0.00739173
0.852236 0.00739443
0.8522 0.00739714
0.852164 0.00739986
0.852129 0.00740257
0.852093 0.00740528
0.852058 0.00740799
0.852022 0.00741071
0.851986 0.00741342
0.851951 0.00741614
0.851915 0.00741886
0.851879 0.00742157
0.851844 0.00742429
0.851808 0.00742701
0.851772 0.00742973
0.851737 0.00743245
0.851701 0.00743518
0.851665 0.0074379
0.85163 0.00744062
0.851594 0.00744335
0.851558 0.00744608
0.851523 0.0074488
0.851487 0.00745153
0.851451 0.00745426
0.851416 0.00745699
0.85138 0.00745972
0.851344 0.00746245
0.851308 0.00746518
0.851273 0.00746792
0.851237 0.00747065
0.851201 0.00747339
0.851165 0.00747612
0.85113 0.00747886
0.851094 0.0074816
0.851058 0.00748434
0.851022 0.00748708
0.850986 0.00748982
0.850951 0.00749256
0.850915 0.0074953
0.850879 0.00749805
0.850843 0.00750079
0.850807 0.00750354
0.850771 0.00750628
0.850736 0.00750903
0.8507 0.00751178
0.850664 0.00751453
0.850628 0.00751728
0.850592 0.00752003
0.850556 0.00752279
0.85052 0.00752554
0.850485 0.00752829
0.850449 0.00753105
0.850413 0.00753381
0.850377 0.00753656
0.850341 0.00753932
0.850305 0.00754208
0.850269 0.00754484
0.850233 0.00754761
0.850197 0.00755037
0.850161 0.00755313
0.850125 0.0075559
0.850089 0.00755866
0.850053 0.00756143
0.850017 0.0075642
0.849981 0.00756697
0.849945 0.00756974
0.849909 0.00757251
0.849873 0.00757528
0.849837 0.00757805
0.849801 0.00758083
0.849765 0.0075836
0.849729 0.00758638
0.849693 0.00758916
0.849657 0.00759194
0.849621 0.00759472
0.849585 0.0075975
0.849549 0.00760028
0.849513 0.00760306
0.849477 0.00760585
0.849441 0.00760863
0.849404 0.00761142
0.849368 0.0076142
0.849332 0.00761699
0.849296 0.00761978
0.84926 0.00762257
0.849224 0.00762537
0.849188 0.00762816
0.849151 0.00763095
0.849115 0.00763375
0.849079 0.00763654
0.849043 0.00763934
0.849007 0.00764214
0.84897 0.00764494
0.848934 0.00764774
0.848898 0.00765054
0.848862 0.00765335
0.848825 0.00765615
0.848789 0.00765896
0.848753 0.00766176
0.848716 0.00766457
0.84868 0.00766738
0.848644 0.00767019
0.848608 0.007673
0.848571 0.00767581
0.848535 0.00767863
0.848499 0.00768144
0.848462 0.00768426
0.848426 0.00768707
0.848389 0.00768989
0.848353 0.00769271
0.848317 0.00769553
0.84828 0.00769836
0.848244 0.00770118
0.848207 0.007704
0.848171 0.00770683
0.848134 0.00770966
0.848098 0.00771248
0.848062 0.00771531
0.848025 0.00771814
0.847989 0.00772098
0.847952 0.00772381
0.847916 0.00772664
0.847879 0.00772948
0.847843 0.00773232
0.847806 0.00773515
0.847769 0.00773799
0.847733 0.00774083
0.847696 0.00774367
0.84766 0.00774652
0.847623 0.00774936
0.847587 0.00775221
0.84755 0.00775506
0.847513 0.0077579
0.847477 0.00776075
0.84744 0.0077636
0.847403 0.00776646
0.847367 0.00776931
0.84733 0.00777216
0.847293 0.00777502
0.847257 0.00777788
0.84722 0.00778074
0.847183 0.0077836
0.847146 0.00778646
0.84711 0.00778932
0.847073 0.00779218
0.847036 0.00779505
0.846999 0.00779792
0.846963 0.00780078
0.846926 0.00780365
0.846889 0.00780652
0.846852 0.0078094
0.846815 0.00781227
0.846778 0.00781514
0.846741 0.00781802
0.846705 0.0078209
0.846668 0.00782378
0.846631 0.00782666
0.846594 0.00782954
0.846557 0.00783242
0.84652 0.00783531
0.846483 0.00783819
0.846446 0.00784108
0.846409 0.00784397
0.846372 0.00784686
0.846335 0.00784975
0.846298 0.00785264
0.846261 0.00785554
0.846224 0.00785843
0.846187 0.00786133
0.84615 0.00786423
0.846113 0.00786713
0.846076 0.00787003
0.846039 0.00787293
0.846001 0.00787584
0.845964 0.00787874
0.845927 0.00788165
0.84589 0.00788456
0.845853 0.00788747
0.845816 0.00789038
0.845778 0.00789329
0.845741 0.00789621
0.845704 0.00789913
0.845667 0.00790204
0.84563 0.00790496
0.845592 0.00790788
0.845555 0.00791081
0.845518 0.00791373
0.84548 0.00791665
0.845443 0.00791958
0.845406 0.00792251
0.845368 0.00792544
0.845331 0.00792837
0.845294 0.0079313
0.845256 0.00793424
0.845219 0.00793717
0.845181 0.00794011
0.845144 0.00794305
0.845106 0.00794599
0.845069 0.00794893
0.845032 0.00795188
0.844994 0.00795482
0.844957 0.00795777
0.844919 0.00796072
0.844881 0.00796367
0.844844 0.00796662
0.844806 0.00796957
0.844769 0.00797252
0.844731 0.00797548
0.844694 0.00797844
0.844656 0.0079814
0.844618 0.00798436
0.844581 0.00798732
0.844543 0.00799029
0.844505 0.00799325
0.844468 0.00799622
0.84443 0.00799919
0.844392 0.00800216
0.844354 0.00800513
0.844317 0.00800811
0.844279 0.00801108
0.844241 0.00801406
0.844203 0.00801704
0.844165 0.00802002
0.844127 0.008023
0.84409 0.00802599
0.844052 0.00802897
0.844014 0.00803196
0.843976 0.00803495
0.843938 0.00803794
0.8439 0.00804093
0.843862 0.00804393
0.843824 0.00804692
0.843786 0.00804992
0.843748 0.00805292
0.84371 0.00805592
0.843672 0.00805893
0.843634 0.00806193
0.843596 0.00806494
0.843558 0.00806794
0.84352 0.00807095
0.843482 0.00807397
0.843443 0.00807698
0.843405 0.00808
0.843367 0.00808301
0.843329 0.00808603
0.843291 0.00808905
0.843252 0.00809207
0.843214 0.0080951
0.843176 0.00809812
0.843138 0.00810115
0.843099 0.00810418
0.843061 0.00810721
0.843023 0.00811025
0.842984 0.00811328
0.842946 0.00811632
0.842908 0.00811936
0.842869 0.0081224
0.842831 0.00812544
0.842792 0.00812848
0.842754 0.00813153
0.842715 0.00813458
0.842677 0.00813763
0.842638 0.00814068
0.8426 0.00814373
0.842561 0.00814679
0.842523 0.00814984
0.842484 0.0081529
0.842446 0.00815596
0.842407 0.00815903
0.842368 0.00816209
0.84233 0.00816516
0.842291 0.00816823
0.842252 0.0081713
0.842214 0.00817437
0.842175 0.00817745
0.842136 0.00818052
0.842097 0.0081836
0.842059 0.00818668
0.84202 0.00818976
0.841981 0.00819285
0.841942 0.00819593
0.841903 0.00819902
0.841864 0.00820211
0.841825 0.0082052
0.841786 0.0082083
0.841747 0.00821139
0.841709 0.00821449
0.84167 0.00821759
0.841631 0.00822069
0.841591 0.0082238
0.841552 0.0082269
0.841513 0.00823001
0.841474 0.00823312
0.841435 0.00823623
0.841396 0.00823935
0.841357 0.00824246
0.841318 0.00824558
0.841279 0.0082487
0.841239 0.00825183
0.8412 0.00825495
0.841161 0.00825808
0.841122 0.00826121
0.841082 0.00826434
0.841043 0.00826747
0.841004 0.0082706
0.840964 0.00827374
0.840925 0.00827688
0.840886 0.00828002
0.840846 0.00828316
0.840807 0.00828631
0.840767 0.00828946
0.840728 0.00829261
0.840688 0.00829576
0.840649 0.00829891
0.840609 0.00830207
0.84057 0.00830523
0.84053 0.00830839
0.84049 0.00831155
0.840451 0.00831472
0.840411 0.00831788
0.840371 0.00832105
0.840332 0.00832422
0.840292 0.0083274
0.840252 0.00833057
0.840213 0.00833375
0.840173 0.00833693
0.840133 0.00834011
0.840093 0.0083433
0.840053 0.00834649
0.840013 0.00834968
0.839973 0.00835287
0.839934 0.00835606
0.839894 0.00835926
0.839854 0.00836245
0.839814 0.00836566
0.839774 0.00836886
0.839734 0.00837206
0.839694 0.00837527
0.839653 0.00837848
0.839613 0.00838169
0.839573 0.00838491
0.839533 0.00838812
0.839493 0.00839134
0.839453 0.00839456
0.839412 0.00839779
0.839372 0.00840101
0.839332 0.00840424
0.839292 0.00840747
0.839251 0.00841071
0.839211 0.00841394
0.839171 0.00841718
0.83913 0.00842042
0.83909 0.00842366
0.839049 0.00842691
0.839009 0.00843015
0.838968 0.0084334
0.838928 0.00843666
0.838887 0.00843991
0.838847 0.00844317
0.838806 0.00844643
0.838766 0.00844969
0.838725 0.00845295
0.838684 0.00845622
0.838644 0.00845949
0.838603 0.00846276
0.838562 0.00846604
0.838521 0.00846931
0.838481 0.00847259
0.83844 0.00847588
0.838399 0.00847916
0.838358 0.00848245
0.838317 0.00848574
0.838276 0.00848903
0.838235 0.00849232
0.838194 0.00849562
0.838153 0.00849892
0.838112 0.00850222
0.838071 0.00850552
0.83803 0.00850883
0.837989 0.00851214
0.837948 0.00851545
0.837907 0.00851877
0.837866 0.00852209
0.837825 0.00852541
0.837783 0.00852873
0.837742 0.00853205
0.837701 0.00853538
0.83766 0.00853871
0.837618 0.00854205
0.837577 0.00854538
0.837535 0.00854872
0.837494 0.00855206
0.837453 0.00855541
0.837411 0.00855875
0.83737 0.0085621
0.837328 0.00856545
0.837287 0.00856881
0.837245 0.00857216
0.837203 0.00857552
0.837162 0.00857889
0.83712 0.00858225
0.837078 0.00858562
0.837037 0.00858899
0.836995 0.00859237
0.836953 0.00859574
0.836911 0.00859912
0.83687 0.0086025
0.836828 0.00860589
0.836786 0.00860927
0.836744 0.00861266
0.836702 0.00861606
0.83666 0.00861945
0.836618 0.00862285
0.836576 0.00862625
0.836534 0.00862966
0.836492 0.00863307
0.83645 0.00863648
0.836407 0.00863989
0.836365 0.0086433
0.836323 0.00864672
0.836281 0.00865014
0.836239 0.00865357
0.836196 0.008657
0.836154 0.00866043
0.836112 0.00866386
0.836069 0.00866729
0.836027 0.00867073
0.835984 0.00867417
0.835942 0.00867762
0.835899 0.00868107
0.835857 0.00868452
0.835814 0.00868797
0.835772 0.00869143
0.835729 0.00869489
0.835686 0.00869835
0.835644 0.00870182
0.835601 0.00870528
0.835558 0.00870876
0.835515 0.00871223
0.835473 0.00871571
0.83543 0.00871919
0.835387 0.00872267
0.835344 0.00872616
0.835301 0.00872965
0.835258 0.00873314
0.835215 0.00873664
0.835172 0.00874014
0.835129 0.00874364
0.835086 0.00874714
0.835043 0.00875065
0.835 0.00875416
0.834956 0.00875768
0.834913 0.00876119
0.83487 0.00876472
0.834827 0.00876824
0.834783 0.00877177
0.83474 0.0087753
0.834697 0.00877883
0.834653 0.00878237
0.83461 0.00878591
0.834566 0.00878945
0.834523 0.008793
0.834479 0.00879655
0.834435 0.0088001
0.834392 0.00880365
0.834348 0.00880721
0.834305 0.00881078
0.834261 0.00881434
0.834217 0.00881791
0.834173 0.00882148
0.834129 0.00882506
0.834086 0.00882864
0.834042 0.00883222
0.833998 0.0088358
0.833954 0.00883939
0.83391 0.00884299
0.833866 0.00884658
0.833822 0.00885018
0.833778 0.00885378
0.833733 0.00885739
0.833689 0.008861
0.833645 0.00886461
0.833601 0.00886822
0.833557 0.00887184
0.833512 0.00887547
0.833468 0.00887909
0.833424 0.00888272
0.833379 0.00888635
0.833335 0.00888999
0.83329 0.00889363
0.833246 0.00889727
0.833201 0.00890092
0.833156 0.00890457
0.833112 0.00890822
0.833067 0.00891188
0.833022 0.00891554
0.832978 0.00891921
0.832933 0.00892288
0.832888 0.00892655
0.832843 0.00893022
0.832798 0.0089339
0.832753 0.00893758
0.832708 0.00894127
0.832663 0.00894496
0.832618 0.00894865
0.832573 0.00895235
0.832528 0.00895605
0.832483 0.00895975
0.832438 0.00896346
0.832393 0.00896717
0.832347 0.00897088
0.832302 0.0089746
0.832257 0.00897833
0.832211 0.00898205
0.832166 0.00898578
0.832121 0.00898951
0.832075 0.00899325
0.832029 0.00899699
0.831984 0.00900074
0.831938 0.00900448
0.831893 0.00900824
0.831847 0.00901199
0.831801 0.00901575
0.831755 0.00901952
0.83171 0.00902328
0.831664 0.00902705
0.831618 0.00903083
0.831572 0.00903461
0.831526 0.00903839
0.83148 0.00904218
0.831434 0.00904597
0.831388 0.00904976
0.831342 0.00905356
0.831296 0.00905736
0.831249 0.00906117
0.831203 0.00906498
0.831157 0.00906879
0.831111 0.00907261
0.831064 0.00907643
0.831018 0.00908026
0.830971 0.00908409
0.830925 0.00908792
0.830878 0.00909176
0.830832 0.0090956
0.830785 0.00909945
0.830738 0.0091033
0.830692 0.00910715
0.830645 0.00911101
0.830598 0.00911487
0.830551 0.00911873
0.830504 0.00912261
0.830457 0.00912648
0.830411 0.00913036
0.830364 0.00913424
0.830316 0.00913813
0.830269 0.00914202
0.830222 0.00914591
0.830175 0.00914981
0.830128 0.00915372
0.830081 0.00915762
0.830033 0.00916153
0.829986 0.00916545
0.829939 0.00916937
0.829891 0.0091733
0.829844 0.00917722
0.829796 0.00918116
0.829749 0.00918509
0.829701 0.00918904
0.829653 0.00919298
0.829606 0.00919693
0.829558 0.00920089
0.82951 0.00920485
0.829462 0.00920881
0.829414 0.00921278
0.829366 0.00921675
0.829318 0.00922072
0.82927 0.00922471
0.829222 0.00922869
0.829174 0.00923268
0.829126 0.00923667
0.829078 0.00924067
0.82903 0.00924468
0.828981 0.00924868
0.828933 0.0092527
0.828885 0.00925671
0.828836 0.00926073
0.828788 0.00926476
0.828739 0.00926879
0.828691 0.00927282
0.828642 0.00927686
0.828593 0.00928091
0.828544 0.00928495
0.828496 0.00928901
0.828447 0.00929306
0.828398 0.00929713
0.828349 0.00930119
0.8283 0.00930527
0.828251 0.00930934
0.828202 0.00931342
0.828153 0.00931751
0.828104 0.0093216
0.828055 0.00932569
0.828005 0.00932979
0.827956 0.0093339
0.827907 0.00933801
0.827857 0.00934212
0.827808 0.00934624
0.827758 0.00935036
0.827709 0.00935449
0.827659 0.00935862
0.82761 0.00936276
0.82756 0.0093669
0.82751 0.00937105
0.82746 0.00937521
0.827411 0.00937936
0.827361 0.00938353
0.827311 0.00938769
0.827261 0.00939187
0.827211 0.00939604
0.82716 0.00940022
0.82711 0.00940441
0.82706 0.0094086
0.82701 0.0094128
0.82696 0.009417
0.826909 0.00942121
0.826859 0.00942542
0.826808 0.00942964
0.826758 0.00943386
0.826707 0.00943809
0.826657 0.00944232
0.826606 0.00944656
0.826555 0.0094508
0.826504 0.00945505
0.826454 0.00945931
0.826403 0.00946356
0.826352 0.00946783
0.826301 0.0094721
0.82625 0.00947637
0.826199 0.00948065
0.826147 0.00948494
0.826096 0.00948923
0.826045 0.00949352
0.825994 0.00949782
0.825942 0.00950213
0.825891 0.00950644
0.825839 0.00951075
0.825788 0.00951508
0.825736 0.0095194
0.825684 0.00952374
0.825633 0.00952807
0.825581 0.00953242
0.825529 0.00953677
0.825477 0.00954112
0.825425 0.00954548
0.825373 0.00954985
0.825321 0.00955422
0.825269 0.00955859
0.825217 0.00956298
0.825165 0.00956736
0.825112 0.00957176
0.82506 0.00957616
0.825008 0.00958056
0.824955 0.00958497
0.824903 0.00958939
0.82485 0.00959381
0.824797 0.00959823
0.824745 0.00960267
0.824692 0.0096071
0.824639 0.00961155
0.824586 0.009616
0.824533 0.00962045
0.82448 0.00962491
0.824427 0.00962938
0.824374 0.00963385
0.824321 0.00963833
0.824268 0.00964282
0.824215 0.00964731
0.824161 0.0096518
0.824108 0.00965631
0.824054 0.00966081
0.824001 0.00966533
0.823947 0.00966985
0.823894 0.00967437
0.82384 0.00967891
0.823786 0.00968344
0.823732 0.00968799
0.823678 0.00969254
0.823624 0.00969709
0.82357 0.00970166
0.823516 0.00970622
0.823462 0.0097108
0.823408 0.00971538
0.823354 0.00971996
0.823299 0.00972456
0.823245 0.00972916
0.823191 0.00973376
0.823136 0.00973837
0.823081 0.00974299
0.823027 0.00974761
0.822972 0.00975224
0.822917 0.00975688
0.822862 0.00976152
0.822807 0.00976617
0.822753 0.00977082
0.822697 0.00977549
0.822642 0.00978015
0.822587 0.00978483
0.822532 0.00978951
0.822477 0.0097942
0.822421 0.00979889
0.822366 0.00980359
0.82231 0.00980829
0.822255 0.00981301
0.822199 0.00981773
0.822143 0.00982245
0.822088 0.00982719
0.822032 0.00983193
0.821976 0.00983667
0.82192 0.00984142
0.821864 0.00984618
0.821808 0.00985095
0.821752 0.00985572
0.821695 0.0098605
0.821639 0.00986529
0.821583 0.00987008
0.821526 0.00987488
0.82147 0.00987968
0.821413 0.0098845
0.821356 0.00988932
0.8213 0.00989414
0.821243 0.00989898
0.821186 0.00990382
0.821129 0.00990866
0.821072 0.00991352
0.821015 0.00991838
0.820958 0.00992325
0.8209 0.00992812
0.820843 0.00993301
0.820786 0.00993789
0.820728 0.00994279
0.820671 0.00994769
0.820613 0.00995261
0.820556 0.00995752
0.820498 0.00996245
0.82044 0.00996738
0.820382 0.00997232
0.820324 0.00997726
0.820266 0.00998222
0.820208 0.00998718
0.82015 0.00999215
0.820092 0.00999712
0.820033 0.0100021
0.819975 0.0100071
0.819916 0.0100121
0.819858 0.0100171
0.819799 0.0100221
0.81974 0.0100271
0.819682 0.0100322
0.819623 0.0100372
0.819564 0.0100422
0.819505 0.0100473
0.819446 0.0100523
0.819387 0.0100574
0.819327 0.0100625
0.819268 0.0100676
0.819209 0.0100726
0.819149 0.0100777
0.81909 0.0100828
0.81903 0.010088
0.81897 0.0100931
0.81891 0.0100982
0.818851 0.0101033
0.818791 0.0101085
0.818731 0.0101136
0.81867 0.0101188
0.81861 0.0101239
0.81855 0.0101291
0.81849 0.0101343
0.818429 0.0101395
0.818369 0.0101447
0.818308 0.0101499
0.818247 0.0101551
0.818187 0.0101603
0.818126 0.0101656
0.818065 0.0101708
0.818004 0.010176
0.817943 0.0101813
0.817882 0.0101866
0.81782 0.0101918
0.817759 0.0101971
0.817698 0.0102024
0.817636 0.0102077
0.817574 0.010213
0.817513 0.0102183
0.817451 0.0102236
0.817389 0.010229
0.817327 0.0102343
0.817265 0.0102396
0.817203 0.010245
0.817141 0.0102503
0.817079 0.0102557
0.817016 0.0102611
0.816954 0.0102665
0.816891 0.0102719
0.816829 0.0102773
0.816766 0.0102827
0.816703 0.0102881
0.81664 0.0102936
0.816577 0.010299
0.816514 0.0103044
0.816451 0.0103099
0.816388 0.0103154
0.816324 0.0103208
0.816261 0.0103263
0.816198 0.0103318
0.816134 0.0103373
0.81607 0.0103428
0.816006 0.0103484
0.815943 0.0103539
0.815879 0.0103594
0.815815 0.010365
0.81575 0.0103705
0.815686 0.0103761
0.815622 0.0103817
0.815557 0.0103873
0.815493 0.0103928
0.815428 0.0103984
0.815364 0.0104041
0.815299 0.0104097
0.815234 0.0104153
0.815169 0.010421
0.815104 0.0104266
0.815039 0.0104323
0.814973 0.0104379
0.814908 0.0104436
0.814842 0.0104493
0.814777 0.010455
0.814711 0.0104607
0.814645 0.0104664
0.81458 0.0104721
0.814514 0.0104779
0.814448 0.0104836
0.814381 0.0104894
0.814315 0.0104951
0.814249 0.0105009
0.814182 0.0105067
0.814116 0.0105125
0.814049 0.0105183
0.813983 0.0105241
0.813916 0.0105299
0.813849 0.0105358
0.813782 0.0105416
0.813715 0.0105475
0.813647 0.0105533
0.81358 0.0105592
0.813512 0.0105651
0.813445 0.010571
0.813377 0.0105769
0.81331 0.0105828
0.813242 0.0105887
0.813174 0.0105947
0.813106 0.0106006
0.813037 0.0106066
0.812969 0.0106125
0.812901 0.0106185
0.812832 0.0106245
0.812764 0.0106305
0.812695 0.0106365
0.812626 0.0106425
0.812557 0.0106486
0.812488 0.0106546
0.812419 0.0106607
0.81235 0.0106667
0.812281 0.0106728
0.812211 0.0106789
0.812142 0.010685
0.812072 0.0106911
0.812002 0.0106972
0.811932 0.0107033
0.811862 0.0107095
0.811792 0.0107156
0.811722 0.0107218
0.811652 0.010728
0.811581 0.0107342
0.811511 0.0107403
0.81144 0.0107466
0.811369 0.0107528
0.811298 0.010759
0.811227 0.0107652
0.811156 0.0107715
0.811085 0.0107778
0.811013 0.010784
0.810942 0.0107903
0.81087 0.0107966
0.810799 0.0108029
0.810727 0.0108093
0.810655 0.0108156
0.810583 0.0108219
0.810511 0.0108283
0.810439 0.0108347
0.810366 0.010841
0.810294 0.0108474
0.810221 0.0108538
0.810148 0.0108603
0.810075 0.0108667
0.810002 0.0108731
0.809929 0.0108796
0.809856 0.0108861
0.809783 0.0108925
0.809709 0.010899
0.809636 0.0109055
0.809562 0.010912
0.809488 0.0109186
0.809414 0.0109251
0.80934 0.0109317
0.809266 0.0109382
0.809191 0.0109448
0.809117 0.0109514
0.809042 0.010958
0.808968 0.0109646
0.808893 0.0109712
0.808818 0.0109779
0.808743 0.0109845
0.808668 0.0109912
0.808592 0.0109979
0.808517 0.0110046
0.808441 0.0110113
0.808366 0.011018
0.80829 0.0110247
0.808214 0.0110315
0.808138 0.0110382
0.808061 0.011045
0.807985 0.0110518
0.807909 0.0110586
0.807832 0.0110654
0.807755 0.0110722
0.807678 0.011079
0.807601 0.0110859
0.807524 0.0110928
0.807447 0.0110996
0.807369 0.0111065
0.807292 0.0111134
0.807214 0.0111204
0.807136 0.0111273
0.807058 0.0111342
0.80698 0.0111412
0.806902 0.0111482
0.806824 0.0111552
0.806745 0.0111622
0.806666 0.0111692
0.806588 0.0111762
0.806509 0.0111833
0.80643 0.0111903
0.80635 0.0111974
0.806271 0.0112045
0.806192 0.0112116
0.806112 0.0112187
0.806032 0.0112258
0.805952 0.011233
0.805872 0.0112401
0.805792 0.0112473
0.805712 0.0112545
0.805631 0.0112617
0.80555 0.0112689
0.80547 0.0112762
0.805389 0.0112834
0.805308 0.0112907
0.805226 0.011298
0.805145 0.0113053
0.805064 0.0113126
0.804982 0.0113199
0.8049 0.0113272
0.804818 0.0113346
0.804736 0.011342
0.804654 0.0113494
0.804571 0.0113568
0.804489 0.0113642
0.804406 0.0113716
0.804323 0.0113791
0.80424 0.0113865
0.804157 0.011394
0.804074 0.0114015
0.80399 0.011409
0.803907 0.0114165
0.803823 0.0114241
0.803739 0.0114317
0.803655 0.0114392
0.80357 0.0114468
0.803486 0.0114544
0.803401 0.0114621
0.803317 0.0114697
0.803232 0.0114774
0.803147 0.011485
0.803061 0.0114927
0.802976 0.0115004
0.802891 0.0115082
0.802805 0.0115159
0.802719 0.0115237
0.802633 0.0115315
0.802547 0.0115393
0.80246 0.0115471
0.802374 0.0115549
0.802287 0.0115627
0.8022 0.0115706
0.802113 0.0115785
0.802026 0.0115864
0.801939 0.0115943
0.801851 0.0116022
0.801764 0.0116102
0.801676 0.0116181
0.801588 0.0116261
0.801499 0.0116341
0.801411 0.0116422
0.801322 0.0116502
0.801234 0.0116583
0.801145 0.0116663
0.801056 0.0116744
0.800967 0.0116825
0.800877 0.0116907
0.800788 0.0116988
0.800698 0.011707
0.800608 0.0117152
0.800518 0.0117234
0.800427 0.0117316
0.800337 0.0117398
0.800246 0.0117481
0.800155 0.0117564
0.800064 0.0117647
0.799973 0.011773
0.799882 0.0117813
0.79979 0.0117897
0.799698 0.0117981
0.799607 0.0118065
0.799514 0.0118149
0.799422 0.0118233
0.79933 0.0118318
0.799237 0.0118402
0.799144 0.0118487
0.799051 0.0118572
0.798958 0.0118658
0.798864 0.0118743
0.798771 0.0118829
0.798677 0.0118915
0.798583 0.0119001
0.798489 0.0119087
0.798394 0.0119174
0.7983 0.0119261
0.798205 0.0119347
0.79811 0.0119435
0.798015 0.0119522
0.797919 0.011961
0.797824 0.0119697
0.797728 0.0119785
0.797632 0.0119873
0.797536 0.0119962
0.797439 0.012005
0.797343 0.0120139
0.797246 0.0120228
0.797149 0.0120318
0.797052 0.0120407
0.796955 0.0120497
0.796857 0.0120587
0.796759 0.0120677
0.796661 0.0120767
0.796563 0.0120858
0.796465 0.0120948
0.796366 0.0121039
0.796267 0.0121131
0.796168 0.0121222
0.796069 0.0121314
0.795969 0.0121406
0.79587 0.0121498
0.79577 0.012159
0.79567 0.0121683
0.795569 0.0121776
0.795469 0.0121869
0.795368 0.0121962
0.795267 0.0122056
0.795166 0.0122149
0.795065 0.0122243
0.794963 0.0122337
0.794861 0.0122432
0.794759 0.0122527
0.794657 0.0122622
0.794554 0.0122717
0.794451 0.0122812
0.794349 0.0122908
0.794245 0.0123004
0.794142 0.01231
0.794038 0.0123196
0.793934 0.0123293
0.79383 0.012339
0.793726 0.0123487
0.793621 0.0123584
0.793517 0.0123682
0.793412 0.012378
0.793306 0.0123878
0.793201 0.0123976
0.793095 0.0124075
0.792989 0.0124174
0.792883 0.0124273
0.792776 0.0124372
0.79267 0.0124472
0.792563 0.0124572
0.792456 0.0124672
0.792348 0.0124772
0.792241 0.0124873
0.792133 0.0124974
0.792025 0.0125075
0.791916 0.0125177
0.791808 0.0125279
0.791699 0.0125381
0.79159 0.0125483
0.79148 0.0125585
0.791371 0.0125688
0.791261 0.0125791
0.791151 0.0125895
0.79104 0.0125999
0.790929 0.0126102
0.790819 0.0126207
0.790707 0.0126311
0.790596 0.0126416
0.790484 0.0126521
0.790372 0.0126626
0.79026 0.0126732
0.790148 0.0126838
0.790035 0.0126944
0.789922 0.0127051
0.789809 0.0127158
0.789695 0.0127265
0.789581 0.0127372
0.789467 0.012748
0.789353 0.0127588
0.789238 0.0127696
0.789124 0.0127804
0.789008 0.0127913
0.788893 0.0128022
0.788777 0.0128132
0.788661 0.0128242
0.788545 0.0128352
0.788429 0.0128462
0.788312 0.0128573
0.788195 0.0128684
0.788077 0.0128795
0.78796 0.0128907
0.787842 0.0129019
0.787724 0.0129131
0.787605 0.0129243
0.787486 0.0129356
0.787367 0.012947
0.787248 0.0129583
0.787128 0.0129697
0.787008 0.0129811
0.786888 0.0129926
0.786768 0.013004
0.786647 0.0130155
0.786526 0.0130271
0.786404 0.0130387
0.786282 0.0130503
0.78616 0.0130619
0.786038 0.0130736
0.785915 0.0130853
0.785793 0.0130971
0.785669 0.0131089
0.785546 0.0131207
0.785422 0.0131325
0.785298 0.0131444
0.785173 0.0131563
0.785048 0.0131683
0.784923 0.0131803
0.784798 0.0131923
0.784672 0.0132044
0.784546 0.0132165
0.78442 0.0132286
0.784293 0.0132408
0.784166 0.013253
0.784039 0.0132652
0.783911 0.0132775
0.783783 0.0132898
0.783655 0.0133021
0.783526 0.0133145
0.783397 0.0133269
0.783268 0.0133394
0.783138 0.0133519
0.783008 0.0133644
0.782878 0.013377
0.782747 0.0133896
0.782616 0.0134023
0.782485 0.013415
0.782353 0.0134277
0.782221 0.0134404
0.782089 0.0134533
0.781956 0.0134661
0.781823 0.013479
0.78169 0.0134919
0.781556 0.0135049
0.781422 0.0135179
0.781287 0.0135309
0.781153 0.013544
0.781017 0.0135571
0.780882 0.0135703
0.780746 0.0135835
0.78061 0.0135967
0.780473 0.01361
0.780336 0.0136233
0.780199 0.0136367
0.780061 0.0136501
0.779923 0.0136636
0.779785 0.0136771
0.779646 0.0136906
0.779507 0.0137042
0.779367 0.0137178
0.779227 0.0137315
0.779087 0.0137452
0.778946 0.0137589
0.778805 0.0137727
0.778664 0.0137866
0.778522 0.0138005
0.77838 0.0138144
0.778237 0.0138284
0.778094 0.0138424
0.77795 0.0138565
0.777807 0.0138706
0.777662 0.0138847
0.777518 0.0138989
0.777373 0.0139132
0.777227 0.0139275
0.777082 0.0139418
0.776935 0.0139562
0.776789 0.0139707
0.776642 0.0139851
0.776494 0.0139997
0.776346 0.0140143
0.776198 0.0140289
0.776049 0.0140436
0.7759 0.0140583
0.775751 0.0140731
0.775601 0.0140879
0.775451 0.0141028
0.7753 0.0141177
0.775148 0.0141326
0.774997 0.0141477
0.774845 0.0141627
0.774692 0.0141779
0.774539 0.014193
0.774386 0.0142083
0.774232 0.0142235
0.774078 0.0142389
0.773923 0.0142543
0.773768 0.0142697
0.773612 0.0142852
0.773456 0.0143007
0.7733 0.0143163
0.773143 0.014332
0.772985 0.0143477
0.772827 0.0143634
0.772669 0.0143792
0.77251 0.0143951
0.772351 0.014411
0.772191 0.014427
0.772031 0.014443
0.77187 0.0144591
0.771709 0.0144752
0.771547 0.0144914
0.771385 0.0145077
0.771223 0.014524
0.77106 0.0145404
0.770896 0.0145568
0.770732 0.0145733
0.770567 0.0145898
0.770402 0.0146064
0.770237 0.0146231
0.770071 0.0146398
0.769904 0.0146566
0.769737 0.0146734
0.76957 0.0146903
0.769402 0.0147073
0.769233 0.0147243
0.769064 0.0147414
0.768894 0.0147585
0.768724 0.0147757
0.768554 0.014793
0.768382 0.0148103
0.768211 0.0148277
0.768039 0.0148452
0.767866 0.0148627
0.767693 0.0148803
0.767519 0.0148979
0.767344 0.0149157
0.76717 0.0149334
0.766994 0.0149513
0.766818 0.0149692
0.766642 0.0149872
0.766465 0.0150052
0.766287 0.0150233
0.766109 0.0150415
0.76593 0.0150598
0.765751 0.0150781
0.765571 0.0150965
0.76539 0.0151149
0.765209 0.0151334
0.765028 0.015152
0.764846 0.0151707
0.764663 0.0151894
0.76448 0.0152083
0.764296 0.0152271
0.764111 0.0152461
0.763926 0.0152651
0.763741 0.0152842
0.763554 0.0153034
0.763367 0.0153226
0.76318 0.0153419
0.762992 0.0153613
0.762803 0.0153808
0.762614 0.0154003
0.762424 0.01542
0.762234 0.0154397
0.762042 0.0154594
0.761851 0.0154793
0.761658 0.0154992
0.761465 0.0155192
0.761272 0.0155393
0.761077 0.0155595
0.760882 0.0155797
0.760687 0.0156
0.760491 0.0156204
0.760294 0.0156409
0.760096 0.0156615
0.759898 0.0156822
0.759699 0.0157029
0.7595 0.0157237
0.759299 0.0157446
0.759098 0.0157656
0.758897 0.0157867
0.758695 0.0158078
0.758492 0.0158291
0.758288 0.0158504
0.758084 0.0158718
0.757879 0.0158933
0.757673 0.0159149
0.757467 0.0159366
0.75726 0.0159583
0.757052 0.0159802
0.756844 0.0160021
0.756635 0.0160242
0.756425 0.0160463
0.756214 0.0160685
0.756003 0.0160908
0.755791 0.0161133
0.755578 0.0161358
0.755364 0.0161584
0.75515 0.016181
0.754935 0.0162038
0.754719 0.0162267
0.754502 0.0162497
0.754285 0.0162728
0.754067 0.0162959
0.753848 0.0163192
0.753629 0.0163426
0.753408 0.0163661
0.753187 0.0163896
0.752965 0.0164133
0.752742 0.0164371
0.752519 0.016461
0.752294 0.016485
0.752069 0.016509
0.751843 0.0165332
0.751617 0.0165575
0.751389 0.0165819
0.751161 0.0166064
0.750932 0.0166311
0.750702 0.0166558
0.750471 0.0166806
0.750239 0.0167056
0.750006 0.0167306
0.749773 0.0167558
0.749539 0.016781
0.749304 0.0168064
0.749068 0.0168319
0.748831 0.0168576
0.748593 0.0168833
0.748355 0.0169091
0.748115 0.0169351
0.747875 0.0169612
0.747634 0.0169874
0.747392 0.0170137
0.747149 0.0170401
0.746905 0.0170667
0.74666 0.0170934
0.746414 0.0171202
0.746168 0.0171471
0.74592 0.0171741
0.745672 0.0172013
0.745422 0.0172286
0.745172 0.017256
0.74492 0.0172836
0.744668 0.0173113
0.744415 0.0173391
0.744161 0.017367
0.743905 0.0173951
0.743649 0.0174233
0.743392 0.0174516
0.743134 0.0174801
0.742875 0.0175087
0.742615 0.0175374
0.742354 0.0175663
0.742092 0.0175953
0.741829 0.0176245
0.741564 0.0176537
0.741299 0.0176832
0.741033 0.0177127
0.740766 0.0177425
0.740498 0.0177723
0.740228 0.0178023
0.739958 0.0178325
0.739686 0.0178628
0.739414 0.0178932
0.73914 0.0179238
0.738866 0.0179545
0.73859 0.0179854
0.738313 0.0180165
0.738035 0.0180477
0.737756 0.018079
0.737476 0.0181105
0.737194 0.0181422
0.736912 0.018174
0.736628 0.018206
0.736344 0.0182381
0.736058 0.0182704
0.735771 0.0183029
0.735483 0.0183355
0.735193 0.0183683
0.734903 0.0184013
0.734611 0.0184344
0.734318 0.0184677
0.734024 0.0185011
0.733729 0.0185348
0.733432 0.0185686
0.733134 0.0186026
0.732835 0.0186367
0.732535 0.0186711
0.732234 0.0187056
0.731931 0.0187403
0.731627 0.0187751
0.731322 0.0188102
0.731015 0.0188454
0.730708 0.0188808
0.730399 0.0189165
0.730088 0.0189522
0.729776 0.0189882
0.729463 0.0190244
0.729149 0.0190608
0.728834 0.0190973
0.728517 0.0191341
0.728198 0.0191711
0.727879 0.0192082
0.727558 0.0192456
0.727235 0.0192831
0.726911 0.0193209
0.726586 0.0193588
0.72626 0.019397
0.725932 0.0194354
0.725602 0.019474
0.725271 0.0195128
0.724939 0.0195518
0.724605 0.019591
0.72427 0.0196304
0.723934 0.0196701
0.723596 0.01971
0.723256 0.0197501
0.722915 0.0197904
0.722572 0.0198309
0.722228 0.0198717
0.721883 0.0199127
0.721536 0.019954
0.721187 0.0199954
0.720837 0.0200371
0.720485 0.0200791
0.720132 0.0201213
0.719777 0.0201637
0.71942 0.0202064
0.719062 0.0202493
0.718702 0.0202924
0.718341 0.0203358
0.717978 0.0203795
0.717613 0.0204234
0.717247 0.0204676
0.716879 0.020512
0.71651 0.0205567
0.716138 0.0206016
0.715765 0.0206468
0.715391 0.0206923
0.715014 0.020738
0.714636 0.020784
0.714256 0.0208303
0.713875 0.0208769
0.713491 0.0209237
0.713106 0.0209709
0.712719 0.0210183
0.71233 0.021066
0.71194 0.0211139
0.711547 0.0211622
0.711153 0.0212108
0.710757 0.0212596
0.710359 0.0213088
0.709959 0.0213582
0.709557 0.021408
0.709154 0.0214581
0.708748 0.0215085
0.708341 0.0215591
0.707931 0.0216101
0.70752 0.0216615
0.707107 0.0217131
0.706691 0.0217651
0.706274 0.0218174
0.705855 0.02187
0.705433 0.0219229
0.70501 0.0219762
0.704585 0.0220298
0.704157 0.0220838
0.703728 0.0221381
0.703296 0.0221928
0.702862 0.0222478
0.702426 0.0223031
0.701988 0.0223589
0.701548 0.0224149
0.701106 0.0224714
0.700661 0.0225282
0.700215 0.0225854
0.699766 0.0226429
0.699315 0.0227009
0.698861 0.0227592
0.698406 0.0228179
0.697948 0.022877
0.697488 0.0229364
0.697025 0.0229963
0.69656 0.0230566
0.696093 0.0231173
0.695624 0.0231784
0.695152 0.0232399
0.694678 0.0233018
0.694201 0.0233641
0.693722 0.0234269
0.693241 0.0234901
0.692757 0.0235537
0.69227 0.0236177
0.691781 0.0236822
0.69129 0.0237472
0.690796 0.0238126
0.690299 0.0238784
0.6898 0.0239447
0.689299 0.0240115
0.688794 0.0240787
0.688288 0.0241464
0.687778 0.0242146
0.687266 0.0242832
0.686751 0.0243524
0.686234 0.024422
0.685713 0.0244921
0.68519 0.0245627
0.684665 0.0246339
0.684136 0.0247055
0.683605 0.0247777
0.683071 0.0248504
0.682534 0.0249236
0.681994 0.0249973
0.681452 0.0250716
0.680906 0.0251464
0.680358 0.0252218
0.679806 0.0252978
0.679252 0.0253742
0.678694 0.0254513
0.678134 0.0255289
0.677571 0.0256071
0.677004 0.0256859
0.676435 0.0257653
0.675862 0.0258453
0.675287 0.0259259
0.674708 0.0260071
0.674126 0.0260889
0.673541 0.0261713
0.672952 0.0262544
0.672361 0.0263381
0.671766 0.0264224
0.671168 0.0265074
0.670566 0.026593
0.669962 0.0266794
0.669353 0.0267663
0.668742 0.026854
0.668127 0.0269423
0.667509 0.0270314
0.666887 0.0271211
0.666262 0.0272116
0.665633 0.0273027
0.665001 0.0273946
0.664365 0.0274873
0.663726 0.0275806
0.663083 0.0276747
0.662436 0.0277696
0.661786 0.0278652
0.661132 0.0279617
0.660474 0.0280589
0.659812 0.0281568
0.659147 0.0282556
0.658478 0.0283552
0.657805 0.0284557
0.657129 0.0285569
0.656448 0.028659
0.655763 0.0287619
0.655075 0.0288657
0.654383 0.0289704
0.653686 0.0290759
0.652986 0.0291824
0.652281 0.0292897
0.651572 0.0293979
0.65086 0.0295071
0.650143 0.0296172
0.649422 0.0297282
0.648696 0.0298402
0.647967 0.0299531
0.647233 0.0300671
0.646495 0.030182
0.645752 0.0302979
0.645005 0.0304148
0.644254 0.0305328
0.643498 0.0306517
0.642738 0.0307718
0.641973 0.0308929
0.641204 0.031015
0.64043 0.0311383
0.639652 0.0312626
0.638869 0.0313881
0.638081 0.0315147
0.637289 0.0316424
0.636491 0.0317713
0.635689 0.0319014
0.634882 0.0320326
0.634071 0.032165
0.633254 0.0322987
0.632433 0.0324336
0.631606 0.0325697
0.630775 0.0327071
0.629938 0.0328457
0.629097 0.0329857
0.62825 0.033127
0.627398 0.0332695
0.626541 0.0334135
0.625679 0.0335588
0.624811 0.0337054
0.623939 0.0338535
0.62306 0.034003
0.622177 0.0341539
0.621288 0.0343062
0.620394 0.03446
0.619494 0.0346153
0.618588 0.0347721
0.617677 0.0349305
0.616761 0.0350904
0.615838 0.0352518
0.61491 0.0354148
0.613977 0.0355795
0.613037 0.0357458
0.612092 0.0359137
0.611141 0.0360833
0.610184 0.0362546
0.609221 0.0364276
0.608252 0.0366023
0.607277 0.0367789
0.606296 0.0369572
0.605309 0.0371373
0.604315 0.0373192
0.603316 0.0375031
0.60231 0.0376888
0.601298 0.0378764
0.60028 0.0380659
0.599255 0.0382575
0.598224 0.038451
0.597187 0.0386465
0.596143 0.0388441
0.595092 0.0390438
0.594035 0.0392456
0.592971 0.0394495
0.591901 0.0396556
0.590824 0.0398639
0.58974 0.0400744
0.588649 0.0402871
0.587552 0.0405022
0.586447 0.0407196
0.585336 0.0409393
0.584218 0.0411614
0.583092 0.041386
0.58196 0.041613
0.58082 0.0418425
0.579674 0.0420745
0.57852 0.0423091
0.577359 0.0425463
0.576191 0.0427862
0.575015 0.0430287
0.573832 0.043274
0.572642 0.043522
0.571444 0.0437728
0.570239 0.0440264
0.569026 0.0442829
0.567806 0.0445424
0.566578 0.0448048
0.565342 0.0450703
0.564099 0.0453387
0.562847 0.0456103
0.561589 0.0458851
0.560322 0.046163
0.559047 0.0464442
0.557765 0.0467287
0.556475 0.0470165
0.555176 0.0473077
0.55387 0.0476023
0.552555 0.0479005
0.551233 0.0482022
0.549902 0.0485075
0.548563 0.0488164
0.547216 0.0491291
0.545861 0.0494455
0.544498 0.0497658
0.543126 0.05009
0.541745 0.0504181
0.540357 0.0507502
0.53896 0.0510863
0.537555 0.0514266
0.536141 0.0517711
0.534718 0.0521199
0.533287 0.052473
0.531848 0.0528305
0.5304 0.0531924
0.528943 0.0535589
0.527478 0.05393
0.526004 0.0543058
0.524521 0.0546863
0.52303 0.0550716
0.52153 0.0554619
0.520021 0.0558571
0.518503 0.0562574
0.516977 0.0566628
0.515441 0.0570735
0.513897 0.0574894
0.512344 0.0579108
0.510783 0.0583376
0.509212 0.0587699
0.507633 0.059208
0.506044 0.0596517
0.504447 0.0601013
0.502841 0.0605569
0.501226 0.0610184
0.499602 0.0614861
0.497969 0.06196
0.496327 0.0624402
0.494676 0.0629268
0.493017 0.0634199
0.491348 0.0639197
0.489671 0.0644262
0.487985 0.0649396
0.48629 0.0654599
0.484586 0.0659873
0.482873 0.0665219
0.481151 0.0670638
0.479421 0.0676131
0.477682 0.0681699
0.475934 0.0687344
0.474178 0.0693068
0.472412 0.069887
0.470639 0.0704753
0.468856 0.0710717
0.467065 0.0716765
0.465265 0.0722897
0.463457 0.0729115
0.461641 0.073542
0.459816 0.0741814
0.457983 0.0748299
0.456141 0.0754874
0.454291 0.0761543
0.452433 0.0768307
0.450567 0.0775167
0.448693 0.0782125
0.446811 0.0789182
0.444921 0.079634
0.443024 0.08036
0.441118 0.0810965
0.439205 0.0818437
0.437284 0.0826015
0.435356 0.0833704
0.43342 0.0841503
0.431477 0.0849416
0.429527 0.0857444
0.42757 0.0865589
0.425606 0.0873852
0.423634 0.0882236
0.421656 0.0890742
0.419672 0.0899373
0.417681 0.0908131
0.415683 0.0917017
0.413679 0.0926034
0.411669 0.0935184
0.409653 0.0944469
0.407631 0.0953891
0.405604 0.0963452
0.40357 0.0973154
0.401532 0.0983001
0.399488 0.0992993
0.397438 0.100313
0.395384 0.101342
0.393325 0.102387
0.391261 0.103447
0.389193 0.104523
0.387121 0.105614
0.385044 0.106722
0.382963 0.107847
0.380879 0.108988
0.378791 0.110147
0.3767 0.111323
0.374605 0.112516
0.372507 0.113727
0.370407 0.114956
0.368304 0.116204
0.366199 0.11747
0.364091 0.118756
0.361981 0.12006
0.35987 0.121384
0.357757 0.122728
0.355643 0.124091
0.353527 0.125476
0.351411 0.12688
0.349294 0.128306
0.347177 0.129753
0.34506 0.131222
0.342942 0.132712
0.340825 0.134225
0.338708 0.13576
0.336593 0.137318
0.334478 0.138899
0.332364 0.140503
0.330252 0.142132
0.328142 0.143784
0.326034 0.14546
0.323928 0.147162
0.321824 0.148888
0.319724 0.150639
0.317626 0.152417
0.315532 0.15422
0.313441 0.156049
0.311354 0.157905
0.309271 0.159788
0.307192 0.161699
0.305118 0.163637
0.303048 0.165602
0.300984 0.167597
0.298925 0.169619
0.296872 0.171671
0.294824 0.173751
0.292783 0.175862
0.290748 0.178002
0.288719 0.180172
0.286698 0.182373
0.284683 0.184604
0.282676 0.186867
0.280676 0.189161
0.278684 0.191487
0.2767 0.193845
0.274725 0.196235
0.272758 0.198657
0.2708 0.201113
0.268851 0.203601
0.266911 0.206123
0.26498 0.208679
0.26306 0.211269
0.261149 0.213893
0.259248 0.216551
0.257357 0.219244
0.255477 0.221973
0.253608 0.224736
0.25175 0.227535
0.249903 0.230369
0.248067 0.233239
0.246243 0.236145
0.244431 0.239087
0.24263 0.242066
0.240841 0.245081
0.239065 0.248133
0.237301 0.251222
0.23555 0.254348
0.233812 0.25751
0.232086 0.26071
0.230373 0.263947
0.228674 0.267222
0.226988 0.270534
0.225315 0.273883
0.223656 0.27727
0.222011 0.280694
0.220379 0.284156
0.218762 0.287655
0.217158 0.291191
0.215569 0.294765
0.213994 0.298376
0.212434 0.302025
0.210887 0.30571
0.209356 0.309432
0.207839 0.313192
0.206337 0.316987
0.204849 0.320819
0.203377 0.324688
0.201919 0.328592
0.200476 0.332532
0.199048 0.336508
0.197636 0.340519
0.196238 0.344564
0.194856 0.348644
0.193488 0.352758
0.192136 0.356906
0.190799 0.361087
0.189478 0.365301
0.188171 0.369547
0.18688 0.373826
0.185604 0.378135
0.184343 0.382476
0.183098 0.386846
0.181868 0.391247
0.180653 0.395676
0.179453 0.400134
0.178269 0.40462
0.177099 0.409132
0.175945 0.413671
0.174806 0.418236
0.173682 0.422826
0.172573 0.427439
0.171479 0.432076
0.1704 0.436736
0.169335 0.441416
0.168286 0.446118
0.167251 0.45084
0.166231 0.45558
0.165226 0.460338
0.164235 0.465114
0.163259 0.469905
0.162297 0.474711
0.16135 0.479532
0.160417 0.484365
0.159498 0.489211
0.158593 0.494067
0.157702 0.498933
0.156825 0.503807
0.155962 0.50869
0.155112 0.513579
0.154277 0.518473
0.153454 0.523371
0.152646 0.528273
0.15185 0.533176
0.151068 0.53808
0.150299 0.542984
0.149543 0.547886
0.1488 0.552785
0.14807 0.557681
0.147352 0.562571
0.146647 0.567456
0.145955 0.572332
0.145275 0.577201
0.144607 0.582059
0.143951 0.586906
0.143307 0.591742
0.142675 0.596564
0.142055 0.601372
0.141447 0.606164
0.14085 0.61094
0.140264 0.615698
0.13969 0.620438
0.139127 0.625157
0.138575 0.629856
0.138034 0.634533
0.137503 0.639187
0.136983 0.643817
0.136474 0.648422
0.135975 0.653001
0.135487 0.657553
0.135008 0.662078
0.13454 0.666574
0.134081 0.671041
0.133632 0.675477
0.133193 0.679883
0.132764 0.684256
0.132344 0.688597
0.131933 0.692904
0.131531 0.697178
0.131138 0.701416
0.130754 0.70562
0.130379 0.709787
0.130013 0.713917
0.129655 0.718011
0.129305 0.722067
0.128964 0.726084
0.128631 0.730063
0.128306 0.734003
0.127989 0.737903
0.12768 0.741763
0.127378 0.745584
0.127084 0.749363
0.126798 0.753102
0.126519 0.756799
0.126247 0.760456
0.125982 0.76407
0.125724 0.767643
0.125473 0.771174
0.125229 0.774663
0.124992 0.778109
0.124761 0.781514
0.124537 0.784876
0.124319 0.788195
0.124107 0.791473
0.123901 0.794708
0.123702 0.797901
0.123508 0.801051
0.123321 0.80416
0.123139 0.807226
0.122963 0.810251
0.122792 0.813234
0.122627 0.816175
0.122467 0.819074
0.122312 0.821933
0.122163 0.82475
0.122019 0.827527
0.12188 0.830263
0.121745 0.832959
0.121616 0.835615
0.121491 0.838231
0.121371 0.840808
0.121256 0.843345
0.121145 0.845844
0.121039 0.848304
0.120937 0.850726
0.120839 0.853111
0.120745 0.855458
0.120656 0.857767
0.12057 0.860041
0.120489 0.862278
0.120412 0.864479
0.120338 0.866644
0.120268 0.868774
0.120202 0.87087
0.120139 0.872931
0.12008 0.874959
0.120025 0.876953
0.119973 0.878914
0.119924 0.880842
0.119879 0.882738
0.119836 0.884602
0.119798 0.886435
0.119762 0.888237
0.119729 0.890008
0.119699 0.891749
0.119673 0.893461
0.119649 0.895143
0.119628 0.896797
0.11961 0.898422
0.119594 0.900019
0.119582 0.901588
0.119571 0.90313
0.119564 0.904646
0.119559 0.906135
0.119557 0.907598
0.119557 0.909036
0.119559 0.910449
0.119564 0.911837
0.119571 0.913201
0.119581 0.91454
0.119593 0.915857
0.119607 0.91715
0.119623 0.91842
0.119641 0.919668
0.119661 0.920894
0.119683 0.922099
0.119708 0.923282
0.119734 0.924444
0.119762 0.925586
0.119793 0.926707
0.119825 0.927809
0.119858 0.928891
0.119894 0.929954
0.119931 0.930998
0.119971 0.932024
0.120011 0.933032
0.120054 0.934021
0.120098 0.934994
0.120144 0.935949
0.120191 0.936887
0.12024 0.937809
0.120291 0.938714
0.120343 0.939603
0.120396 0.940477
0.120451 0.941335
0.120507 0.942178
0.120565 0.943006
0.120624 0.94382
0.120684 0.944619
0.120746 0.945405
0.120809 0.946176
0.120873 0.946934
0.120939 0.947679
0.121006 0.948411
0.121074 0.949129
0.121143 0.949836
0.121213 0.95053
0.121285 0.951212
0.121357 0.951882
0.121431 0.95254
0.121506 0.953187
0.121582 0.953822
0.121659 0.954447
0.121737 0.955061
0.121816 0.955664
0.121896 0.956257
0.121977 0.95684
0.122059 0.957413
0.122142 0.957975
0.122226 0.958529
0.12231 0.959072
0.122396 0.959607
0.122483 0.960132
0.12257 0.960649
0.122659 0.961156
0.122748 0.961655
0.122838 0.962146
0.122929 0.962628
0.12302 0.963102
0.123113 0.963569
0.123206 0.964027
0.1233 0.964478
0.123395 0.964921
0.12349 0.965356
0.123587 0.965785
0.123684 0.966206
0.123781 0.966621
0.12388 0.967028
0.123979 0.967429
0.124079 0.967823
0.124179 0.968211
0.12428 0.968592
0.124382 0.968967
0.124484 0.969336
0.124587 0.969699
0.124691 0.970056
0.124795 0.970407
0.1249 0.970753
0.125006 0.971093
0.125112 0.971427
0.125218 0.971756
0.125326 0.97208
0.125433 0.972399
0.125542 0.972712
0.125651 0.973021
0.12576 0.973324
0.12587 0.973623
0.12598 0.973917
0.126091 0.974206
0.126203 0.974491
0.126315 0.974772
0.126427 0.975048
0.12654 0.975319
0.126654 0.975587
0.126768 0.97585
0.126882 0.976109
0.126997 0.976364
0.127112 0.976615
0.127228 0.976863
0.127345 0.977106
0.127461 0.977346
0.127578 0.977582
0.127696 0.977815
0.127814 0.978044
0.127932 0.978269
0.128051 0.978491
0.12817 0.97871
0.12829 0.978925
0.12841 0.979138
0.128531 0.979347
0.128651 0.979553
0.128773 0.979755
0.128894 0.979955
0.129016 0.980152
0.129139 0.980346
0.129261 0.980537
0.129385 0.980725
0.129508 0.980911
0.129632 0.981094
0.129756 0.981274
0.129881 0.981451
0.130005 0.981626
0.130131 0.981798
0.130256 0.981968
0.130382 0.982136
0.130508 0.982301
0.130635 0.982463
0.130762 0.982624
0.130889 0.982782
0.131017 0.982937
0.131145 0.983091
0.131273 0.983242
0.131401 0.983391
0.13153 0.983539
0.131659 0.983684
0.131789 0.983827
0.131918 0.983968
0.132048 0.984107
0.132179 0.984244
0.132309 0.984379
0.13244 0.984512
0.132571 0.984644
0.132703 0.984774
0.132835 0.984902
0.132967 0.985028
0.133099 0.985152
0.133232 0.985275
0.133365 0.985396
0.133498 0.985515
0.133631 0.985633
0.133765 0.985749
0.133899 0.985864
0.134033 0.985977
0.134168 0.986089
0.134302 0.986199
0.134437 0.986307
0.134573 0.986415
0.134708 0.98652
0.134844 0.986625
0.13498 0.986728
0.135116 0.986829
0.135253 0.98693
0.13539 0.987029
0.135527 0.987126
0.135664 0.987223
0.135802 0.987318
0.13594 0.987412
0.136078 0.987505
0.136216 0.987596
0.136355 0.987686
0.136493 0.987776
0.136632 0.987864
0.136772 0.987951
0.136911 0.988036
0.137051 0.988121
0.137191 0.988205
0.137331 0.988287
0.137472 0.988369
0.137612 0.988449
0.137753 0.988529
0.137894 0.988607
0.138036 0.988685
0.138177 0.988761
0.138319 0.988837
0.138461 0.988912
0.138603 0.988985
0.138746 0.989058
0.138889 0.98913
0.139032 0.989201
0.139175 0.989271
0.139318 0.989341
0.139462 0.989409
0.139606 0.989477
0.13975 0.989543
0.139894 0.989609
0.140039 0.989674
0.140184 0.989739
0.140329 0.989802
0.140474 0.989865
0.140619 0.989927
0.140765 0.989989
0.140911 0.990049
0.141057 0.990109
0.141203 0.990168
0.141349 0.990227
0.141496 0.990285
0.141643 0.990342
0.14179 0.990398
0.141938 0.990454
0.142085 0.990509
0.142233 0.990563
0.142381 0.990617
0.142529 0.99067
0.142678 0.990723
0.142827 0.990775
0.142975 0.990826
0.143125 0.990877
0.143274 0.990927
0.143423 0.990976
0.143573 0.991025
0.143723 0.991074
0.143873 0.991122
0.144024 0.991169
0.144174 0.991216
0.144325 0.991262
0.144476 0.991308
0.144628 0.991353
0.144779 0.991398
0.144931 0.991442
0.145083 0.991485
0.145235 0.991529
0.145387 0.991571
0.14554 0.991614
0.145693 0.991655
0.145846 0.991697
0.145999 0.991737
0.146152 0.991778
0.146306 0.991817
0.14646 0.991857
0.146614 0.991896
0.146768 0.991934
0.146923 0.991973
0.147078 0.99201
0.147233 0.992048
0.147388 0.992084
0.147543 0.992121
0.147699 0.992157
0.147855 0.992193
0.148011 0.992228
0.148167 0.992263
0.148324 0.992297
0.14848 0.992331
0.148637 0.992365
0.148795 0.992399
0.148952 0.992432
0.14911 0.992464
0.149268 0.992496
0.149426 0.992528
0.149584 0.99256
0.149743 0.992591
0.149901 0.992622
0.15006 0.992653
0.15022 0.992683
0.150379 0.992713
0.150539 0.992742
0.150699 0.992772
0.150859 0.992801
0.151019 0.992829
0.15118 0.992858
0.151341 0.992886
0.151502 0.992913
0.151663 0.992941
0.151825 0.992968
0.151987 0.992995
0.152149 0.993021
0.152311 0.993048
0.152473 0.993074
0.152636 0.993099
0.152799 0.993125
0.152962 0.99315
0.153126 0.993175
0.15329 0.993199
0.153454 0.993224
0.153618 0.993248
0.153782 0.993272
0.153947 0.993295
0.154112 0.993319
0.154277 0.993342
0.154442 0.993365
0.154608 0.993387
0.154774 0.99341
0.15494 0.993432
0.155107 0.993454
0.155273 0.993475
0.15544 0.993497
0.155607 0.993518
0.155775 0.993539
0.155943 0.99356
0.15611 0.99358
0.156279 0.9936
0.156447 0.993621
0.156616 0.99364
0.156785 0.99366
0.156954 0.99368
0.157124 0.993699
0.157293 0.993718
0.157463 0.993737
0.157634 0.993755
0.157804 0.993774
0.157975 0.993792
0.158146 0.99381
0.158317 0.993828
0.158489 0.993846
0.158661 0.993863
0.158833 0.99388
0.159006 0.993898
0.159178 0.993914
0.159351 0.993931
0.159525 0.993948
0.159698 0.993964
0.159872 0.99398
0.160046 0.993996
0.160221 0.994012
0.160395 0.994028
0.16057 0.994044
0.160745 0.994059
0.160921 0.994074
0.161097 0.994089
0.161273 0.994104
0.161449 0.994119
0.161626 0.994133
0.161803 0.994148
0.16198 0.994162
0.162158 0.994176
0.162336 0.99419
0.162514 0.994204
0.162692 0.994217
0.162871 0.994231
0.16305 0.994244
0.16323 0.994257
0.163409 0.99427
0.163589 0.994283
0.16377 0.994296
0.16395 0.994308
0.164131 0.994321
0.164312 0.994333
0.164494 0.994345
0.164676 0.994357
0.164858 0.994369
0.16504 0.994381
0.165223 0.994393
0.165406 0.994404
0.16559 0.994416
0.165773 0.994427
0.165957 0.994438
0.166142 0.994449
0.166327 0.99446
0.166512 0.994471
0.166697 0.994481
0.166883 0.994492
0.167069 0.994502
0.167255 0.994512
0.167442 0.994523
0.167629 0.994533
0.167817 0.994542
0.168004 0.994552
0.168192 0.994562
0.168381 0.994571
0.16857 0.994581
0.168759 0.99459
0.168948 0.994599
0.169138 0.994609
0.169328 0.994618
0.169519 0.994626
0.16971 0.994635
0.169901 0.994644
0.170093 0.994652
0.170285 0.994661
0.170477 0.994669
0.17067 0.994677
0.170863 0.994686
0.171056 0.994694
0.17125 0.994701
0.171444 0.994709
0.171639 0.994717
0.171834 0.994725
0.172029 0.994732
0.172225 0.99474
0.172421 0.994747
0.172617 0.994754
0.172814 0.994761
0.173012 0.994768
0.173209 0.994775
0.173407 0.994782
0.173606 0.994789
0.173804 0.994796
0.174004 0.994802
0.174203 0.994809
0.174403 0.994815
0.174604 0.994821
0.174805 0.994827
0.175006 0.994834
0.175208 0.99484
0.17541 0.994846
0.175612 0.994851
0.175815 0.994857
0.176018 0.994863
0.176222 0.994868
0.176426 0.994874
0.176631 0.994879
0.176836 0.994885
0.177041 0.99489
0.177247 0.994895
0.177453 0.9949
0.17766 0.994905
0.177867 0.99491
0.178075 0.994915
0.178283 0.99492
0.178492 0.994924
0.178701 0.994929
0.17891 0.994934
0.17912 0.994938
0.17933 0.994942
0.179541 0.994947
0.179752 0.994951
0.179964 0.994955
0.180176 0.994959
0.180389 0.994963
0.180602 0.994967
0.180815 0.994971
0.181029 0.994974
0.181244 0.994978
0.181459 0.994982
0.181674 0.994985
0.18189 0.994989
0.182107 0.994992
0.182324 0.994995
0.182541 0.994999
0.182759 0.995002
0.182978 0.995005
0.183197 0.995008
0.183416 0.995011
0.183636 0.995014
0.183857 0.995016
0.184077 0.995019
0.184299 0.995022
0.184521 0.995024
0.184744 0.995027
0.184967 0.995029
0.18519 0.995032
0.185414 0.995034
0.185639 0.995036
0.185864 0.995039
0.18609 0.995041
0.186316 0.995043
0.186543 0.995045
0.18677 0.995047
0.186998 0.995049
0.187227 0.99505
0.187456 0.995052
0.187685 0.995054
0.187915 0.995055
0.188146 0.995057
0.188377 0.995058
0.188609 0.99506
0.188841 0.995061
0.189074 0.995062
0.189308 0.995063
0.189542 0.995065
0.189777 0.995066
0.190012 0.995067
0.190248 0.995068
0.190485 0.995069
0.190722 0.995069
0.190959 0.99507
0.191198 0.995071
0.191437 0.995071
0.191676 0.995072
0.191916 0.995073
0.192157 0.995073
0.192399 0.995073
0.192641 0.995074
0.192883 0.995074
0.193127 0.995074
0.193371 0.995074
0.193615 0.995074
0.193861 0.995074
0.194106 0.995074
0.194353 0.995074
0.1946 0.995074
0.194848 0.995074
0.195097 0.995074
0.195346 0.995073
0.195596 0.995073
0.195846 0.995072
0.196097 0.995072
0.196349 0.995071
0.196602 0.995071
0.196855 0.99507
0.197109 0.995069
0.197364 0.995068
0.197619 0.995068
0.197876 0.995067
0.198132 0.995066
0.19839 0.995065
0.198648 0.995064
0.198907 0.995062
0.199167 0.995061
0.199427 0.99506
0.199689 0.995059
0.199951 0.995057
0.200213 0.995056
0.200477 0.995054
0.200741 0.995053
0.201006 0.995051
0.201272 0.995049
0.201538 0.995048
0.201805 0.995046
0.202074 0.995044
0.202342 0.995042
0.202612 0.99504
0.202882 0.995038
0.203154 0.995036
0.203426 0.995034
0.203699 0.995031
0.203972 0.995029
0.204247 0.995027
0.204522 0.995025
0.204798 0.995022
0.205075 0.99502
0.205353 0.995017
0.205631 0.995014
0.205911 0.995012
0.206191 0.995009
0.206472 0.995006
0.206755 0.995003
0.207037 0.995001
0.207321 0.994998
0.207606 0.994995
0.207892 0.994991
0.208178 0.994988
0.208465 0.994985
0.208754 0.994982
0.209043 0.994979
0.209333 0.994975
0.209624 0.994972
0.209916 0.994968
0.210209 0.994965
0.210502 0.994961
0.210797 0.994957
0.211093 0.994954
0.211389 0.99495
0.211687 0.994946
0.211986 0.994942
0.212285 0.994938
0.212586 0.994934
0.212887 0.99493
0.21319 0.994926
0.213493 0.994922
0.213798 0.994918
0.214103 0.994913
0.21441 0.994909
0.214717 0.994905
0.215026 0.9949
0.215335 0.994895
0.215646 0.994891
0.215958 0.994886
0.21627 0.994881
0.216584 0.994877
0.216899 0.994872
0.217215 0.994867
0.217532 0.994862
0.21785 0.994857
0.218169 0.994852
0.21849 0.994847
0.218811 0.994841
0.219134 0.994836
0.219457 0.994831
0.219782 0.994825
0.220108 0.99482
0.220435 0.994814
0.220764 0.994809
0.221093 0.994803
0.221424 0.994797
0.221755 0.994791
0.222088 0.994786
0.222422 0.99478
0.222758 0.994774
0.223094 0.994768
0.223432 0.994761
0.223771 0.994755
0.224111 0.994749
0.224453 0.994743
0.224796 0.994736
0.22514 0.99473
0.225485 0.994723
0.225831 0.994717
0.226179 0.99471
0.226528 0.994703
0.226879 0.994697
0.22723 0.99469
0.227583 0.994683
0.227938 0.994676
0.228293 0.994669
0.22865 0.994662
0.229009 0.994654
0.229369 0.994647
0.22973 0.99464
0.230092 0.994632
0.230456 0.994625
0.230822 0.994617
0.231188 0.99461
0.231556 0.994602
0.231926 0.994594
0.232297 0.994586
0.232669 0.994578
0.233043 0.99457
0.233419 0.994562
0.233796 0.994554
0.234174 0.994546
0.234554 0.994538
0.234935 0.994529
0.235318 0.994521
0.235703 0.994512
0.236089 0.994504
0.236476 0.994495
0.236865 0.994486
0.237256 0.994478
0.237648 0.994469
0.238042 0.99446
0.238438 0.994451
0.238835 0.994442
0.239234 0.994432
0.239634 0.994423
0.240036 0.994414
0.24044 0.994404
0.240845 0.994395
0.241252 0.994385
0.241661 0.994375
0.242071 0.994365
0.242484 0.994356
0.242898 0.994346
0.243313 0.994336
0.243731 0.994325
0.24415 0.994315
0.244571 0.994305
0.244994 0.994294
0.245419 0.994284
0.245845 0.994273
0.246274 0.994263
0.246704 0.994252
0.247136 0.994241
0.24757 0.99423
0.248006 0.994219
0.248444 0.994208
0.248884 0.994197
0.249325 0.994185
0.249769 0.994174
0.250214 0.994162
0.250662 0.994151
0.251112 0.994139
0.251563 0.994127
0.252017 0.994115
0.252473 0.994103
0.25293 0.994091
0.25339 0.994079
0.253852 0.994067
0.254316 0.994054
0.254782 0.994042
0.255251 0.994029
0.255721 0.994017
0.256194 0.994004
0.256668 0.993991
0.257145 0.993978
0.257625 0.993965
0.258106 0.993951
0.25859 0.993938
0.259076 0.993925
0.259564 0.993911
0.260055 0.993897
0.260548 0.993884
0.261043 0.99387
0.26154 0.993856
0.26204 0.993841
0.262543 0.993827
0.263048 0.993813
0.263555 0.993798
0.264064 0.993784
0.264577 0.993769
0.265091 0.993754
0.265608 0.993739
0.266128 0.993724
0.26665 0.993709
0.267175 0.993693
0.267703 0.993678
0.268233 0.993662
0.268765 0.993647
0.269301 0.993631
0.269839 0.993615
0.270379 0.993598
0.270923 0.993582
0.271469 0.993566
0.272018 0.993549
0.272569 0.993532
0.273124 0.993516
0.273681 0.993499
0.274241 0.993482
0.274804 0.993464
0.27537 0.993447
0.275939 0.993429
0.276511 0.993412
0.277085 0.993394
0.277663 0.993376
0.278244 0.993358
0.278828 0.993339
0.279414 0.993321
0.280004 0.993302
0.280597 0.993283
0.281194 0.993265
0.281793 0.993245
0.282395 0.993226
0.283001 0.993207
0.28361 0.993187
0.284222 0.993167
0.284838 0.993147
0.285457 0.993127
0.286079 0.993107
0.286704 0.993087
0.287333 0.993066
0.287966 0.993045
0.288601 0.993024
0.289241 0.993003
0.289884 0.992982
0.29053 0.99296
0.29118 0.992938
0.291833 0.992917
0.292491 0.992894
0.293151 0.992872
0.293816 0.99285
0.294484 0.992827
0.295156 0.992804
0.295832 0.992781
0.296512 0.992758
0.297195 0.992734
0.297883 0.99271
0.298574 0.992687
0.299269 0.992662
0.299968 0.992638
0.300672 0.992613
0.301379 0.992589
0.30209 0.992564
0.302806 0.992538
0.303525 0.992513
0.304249 0.992487
0.304977 0.992461
0.30571 0.992435
0.306446 0.992409
0.307187 0.992382
0.307933 0.992355
0.308682 0.992328
0.309437 0.9923
0.310195 0.992273
0.310958 0.992245
0.311726 0.992217
0.312499 0.992188
0.313276 0.99216
0.314057 0.992131
0.314844 0.992101
0.315635 0.992072
0.316431 0.992042
0.317232 0.992012
0.318037 0.991982
0.318848 0.991951
0.319663 0.99192
0.320484 0.991889
0.32131 0.991857
0.32214 0.991825
0.322976 0.991793
0.323817 0.991761
0.324664 0.991728
0.325515 0.991695
0.326372 0.991661
0.327235 0.991627
0.328102 0.991593
0.328976 0.991559
0.329854 0.991524
0.330738 0.991489
0.331628 0.991454
0.332524 0.991418
0.333425 0.991382
0.334332 0.991345
0.335245 0.991308
0.336163 0.991271
0.337088 0.991233
0.338019 0.991195
0.338955 0.991157
0.339898 0.991118
0.340846 0.991078
0.341801 0.991039
0.342762 0.990999
0.34373 0.990958
0.344703 0.990917
0.345683 0.990876
0.34667 0.990834
0.347663 0.990792
0.348662 0.99075
0.349668 0.990706
0.350681 0.990663
0.351701 0.990619
0.352727 0.990574
0.35376 0.990529
0.3548 0.990484
0.355847 0.990438
0.356901 0.990392
0.357963 0.990345
0.359031 0.990297
0.360106 0.990249
0.361189 0.990201
0.362279 0.990152
0.363376 0.990102
0.364481 0.990052
0.365594 0.990001
0.366714 0.98995
0.367841 0.989898
0.368977 0.989846
0.37012 0.989793
0.37127 0.989739
0.372429 0.989685
0.373596 0.98963
0.374771 0.989575
0.375954 0.989519
0.377145 0.989462
0.378344 0.989405
0.379552 0.989347
0.380768 0.989288
0.381992 0.989229
0.383225 0.989168
0.384466 0.989108
0.385716 0.989046
0.386975 0.988984
0.388243 0.988921
0.389519 0.988857
0.390805 0.988792
0.392099 0.988727
0.393403 0.988661
0.394715 0.988594
0.396037 0.988526
0.397368 0.988458
0.398709 0.988388
0.400059 0.988318
0.401418 0.988247
0.402787 0.988175
0.404166 0.988102
0.405554 0.988028
0.406952 0.987953
0.40836 0.987878
0.409778 0.987801
0.411206 0.987723
0.412644 0.987645
0.414093 0.987565
0.415551 0.987485
0.41702 0.987403
0.418499 0.98732
0.419988 0.987236
0.421489 0.987151
0.422999 0.987065
0.424521 0.986978
0.426053 0.98689
0.427596 0.9868
0.429149 0.98671
0.430714 0.986618
0.43229 0.986525
0.433877 0.98643
0.435475 0.986335
0.437084 0.986238
0.438704 0.98614
0.440336 0.98604
0.441979 0.985939
0.443634 0.985837
0.445301 0.985733
0.446979 0.985628
0.448668 0.985521
0.45037 0.985413
0.452083 0.985303
0.453808 0.985192
0.455545 0.985079
0.457294 0.984965
0.459055 0.984849
0.460828 0.984731
0.462613 0.984611
0.464411 0.98449
0.466221 0.984368
0.468043 0.984243
0.469877 0.984116
0.471724 0.983988
0.473583 0.983858
0.475455 0.983726
0.477339 0.983592
0.479236 0.983456
0.481145 0.983318
0.483068 0.983177
0.485002 0.983035
0.48695 0.982891
0.48891 0.982744
0.490883 0.982596
0.492869 0.982444
0.494867 0.982291
0.496878 0.982135
0.498903 0.981977
0.50094 0.981817
0.50299 0.981654
0.505052 0.981488
0.507128 0.98132
0.509216 0.981149
0.511317 0.980976
0.513432 0.980799
0.515559 0.98062
0.517698 0.980439
0.519851 0.980254
0.522016 0.980066
0.524194 0.979875
0.526385 0.979682
0.528588 0.979485
0.530804 0.979285
0.533033 0.979081
0.535274 0.978875
0.537528 0.978665
0.539794 0.978451
0.542072 0.978234
0.544363 0.978014
0.546666 0.977789
0.548981 0.977562
0.551308 0.97733
0.553647 0.977094
0.555998 0.976855
0.558361 0.976611
0.560735 0.976363
0.563121 0.976111
0.565518 0.975855
0.567927 0.975595
0.570346 0.97533
0.572777 0.97506
0.575219 0.974786
0.577671 0.974507
0.580134 0.974224
0.582608 0.973935
0.585091 0.973642
0.587585 0.973343
0.590088 0.97304
0.592602 0.97273
0.595124 0.972416
0.597657 0.972096
0.600198 0.97177
0.602748 0.971439
0.605306 0.971102
0.607874 0.970759
0.610449 0.970409
0.613032 0.970054
0.615623 0.969692
0.618222 0.969324
0.620827 0.968949
0.62344 0.968568
0.626059 0.968179
0.628684 0.967784
0.631316 0.967382
0.633953 0.966972
0.636596 0.966555
0.639244 0.96613
0.641897 0.965698
0.644554 0.965258
0.647216 0.96481
0.649881 0.964354
0.65255 0.963889
0.655222 0.963416
0.657897 0.962935
0.660575 0.962444
0.663254 0.961945
0.665936 0.961436
0.668619 0.960918
0.671302 0.960391
0.673987 0.959854
0.676671 0.959307
0.679356 0.958751
0.68204 0.958184
0.684723 0.957606
0.687405 0.957018
0.690086 0.956419
0.692764 0.955809
0.695439 0.955188
0.698112 0.954555
0.700782 0.953911
0.703447 0.953255
0.706109 0.952587
0.708766 0.951906
0.711418 0.951213
0.714065 0.950508
0.716706 0.949789
0.719341 0.949057
0.72197 0.948312
0.724591 0.947553
0.727205 0.94678
0.729812 0.945993
0.73241 0.945191
0.735 0.944375
0.73758 0.943544
0.740151 0.942698
0.742713 0.941836
0.745264 0.940959
0.747805 0.940066
0.750335 0.939156
0.752854 0.93823
0.755361 0.937287
0.757856 0.936327
0.760339 0.93535
0.762808 0.934356
0.765265 0.933343
0.767709 0.932312
0.770139 0.931263
0.772555 0.930195
0.774956 0.929107
0.777343 0.928001
0.779714 0.926875
0.782071 0.925729
0.784412 0.924563
0.786737 0.923376
0.789046 0.922168
0.791338 0.920939
0.793614 0.919689
0.795873 0.918417
0.798115 0.917122
0.800339 0.915806
0.802546 0.914466
0.804735 0.913104
0.806907 0.911718
0.80906 0.910309
0.811194 0.908875
0.81331 0.907418
0.815408 0.905935
0.817486 0.904428
0.819546 0.902896
0.821586 0.901337
0.823607 0.899753
0.825609 0.898143
0.827591 0.896506
0.829554 0.894842
0.831496 0.893152
0.83342 0.891433
0.835323 0.889687
0.837206 0.887913
0.83907 0.88611
0.840913 0.884278
0.842736 0.882417
0.84454 0.880527
0.846323 0.878608
0.848086 0.876658
0.849829 0.874678
0.851551 0.872667
0.853254 0.870626
0.854936 0.868553
0.856599 0.866449
0.858241 0.864313
0.859864 0.862145
0.861466 0.859945
0.863049 0.857712
0.864611 0.855447
0.866154 0.853148
0.867677 0.850816
0.869181 0.84845
0.870665 0.84605
0.872129 0.843616
0.873574 0.841148
0.875 0.838646
0.876407 0.836108
0.877794 0.833536
0.879162 0.830928
0.880512 0.828285
0.881843 0.825606
0.883155 0.822891
0.884449 0.820141
0.885725 0.817354
0.886982 0.814531
0.888221 0.811672
0.889442 0.808776
0.890645 0.805843
0.891831 0.802874
0.892999 0.799867
0.89415 0.796824
0.895283 0.793743
0.8964 0.790626
0.897499 0.787471
0.898582 0.784278
0.899648 0.781049
0.900698 0.777782
0.901732 0.774477
0.902749 0.771136
0.90375 0.767757
0.904736 0.76434
0.905706 0.760887
0.90666 0.757396
0.9076 0.753868
0.908524 0.750303
0.909433 0.746701
0.910327 0.743063
0.911207 0.739387
0.912072 0.735675
0.912923 0.731927
0.91376 0.728143
0.914582 0.724323
0.915391 0.720467
0.916187 0.716575
0.916969 0.712649
0.917737 0.708687
0.918493 0.704691
0.919235 0.700661
0.919965 0.696596
0.920682 0.692498
0.921386 0.688367
0.922078 0.684203
0.922758 0.680006
0.923426 0.675778
0.924082 0.671518
0.924726 0.667227
0.925358 0.662905
0.925979 0.658553
0.926589 0.654172
0.927188 0.649762
0.927776 0.645323
0.928353 0.640857
0.928919 0.636364
0.929475 0.631843
0.93002 0.627298
0.930555 0.622726
0.93108 0.618131
0.931595 0.613511
0.9321 0.608869
0.932595 0.604204
0.933081 0.599518
0.933557 0.594811
0.934024 0.590084
0.934482 0.585337
0.93493 0.580573
0.93537 0.575791
0.935801 0.570993
0.936223 0.566178
0.936637 0.561349
0.937042 0.556507
0.937439 0.551651
0.937828 0.546783
0.938208 0.541905
0.938581 0.537016
0.938946 0.532118
0.939303 0.527213
0.939652 0.5223
0.939994 0.517381
0.940328 0.512457
0.940655 0.507529
0.940975 0.502598
0.941288 0.497665
0.941593 0.492732
0.941892 0.487798
0.942184 0.482866
0.942469 0.477936
0.942748 0.473009
0.94302 0.468087
0.943286 0.46317
0.943545 0.45826
0.943798 0.453357
0.944045 0.448463
0.944286 0.443579
0.944521 0.438705
0.94475 0.433843
0.944973 0.428994
0.945191 0.424158
0.945403 0.419338
0.945609 0.414533
0.94581 0.409745
0.946006 0.404974
0.946196 0.400223
0.946381 0.395491
0.946561 0.39078
0.946736 0.38609
0.946906 0.381422
0.947071 0.376778
0.947231 0.372159
0.947387 0.367564
0.947538 0.362995
0.947684 0.358453
0.947825 0.353938
0.947962 0.349451
0.948095 0.344994
0.948223 0.340566
0.948347 0.336169
0.948467 0.331803
0.948583 0.327468
0.948695 0.323167
0.948802 0.318898
0.948906 0.314662
0.949006 0.310461
0.949102 0.306295
0.949194 0.302164
0.949283 0.298068
0.949368 0.294009
0.949449 0.289986
0.949527 0.286001
0.949601 0.282053
0.949672 0.278142
0.949739 0.27427
0.949804 0.270436
0.949865 0.266641
0.949922 0.262885
0.949977 0.259169
0.950029 0.255491
0.950077 0.251854
0.950123 0.248256
0.950165 0.244698
0.950205 0.24118
0.950242 0.237703
0.950276 0.234265
0.950307 0.230868
0.950336 0.227512
0.950361 0.224196
0.950385 0.22092
0.950405 0.217684
0.950424 0.214489
0.950439 0.211334
0.950453 0.208219
0.950463 0.205145
0.950472 0.20211
0.950478 0.199115
0.950482 0.196159
0.950484 0.193244
0.950483 0.190367
0.950481 0.18753
0.950476 0.184732
0.950469 0.181972
0.95046 0.179251
0.950449 0.176568
0.950436 0.173923
0.950421 0.171316
0.950404 0.168746
0.950386 0.166213
0.950365 0.163718
0.950343 0.161258
0.950319 0.158835
0.950293 0.156448
0.950266 0.154097
0.950237 0.151781
0.950206 0.1495
0.950173 0.147253
0.950139 0.145041
0.950104 0.142862
0.950067 0.140717
0.950028 0.138605
0.949988 0.136526
0.949946 0.134479
0.949903 0.132465
0.949859 0.130482
0.949813 0.12853
0.949766 0.126609
0.949718 0.124719
0.949668 0.122859
0.949617 0.121028
0.949565 0.119227
0.949512 0.117455
0.949457 0.115712
0.949401 0.113996
0.949344 0.112309
0.949286 0.110649
0.949227 0.109016
0.949167 0.107409
0.949105 0.105829
0.949043 0.104275
0.94898 0.102747
0.948915 0.101243
0.94885 0.0997644
0.948784 0.0983102
0.948716 0.09688
0.948648 0.0954735
0.948579 0.0940904
0.948509 0.0927302
0.948438 0.0913926
0.948366 0.0900773
0.948294 0.0887839
0.948221 0.087512
0.948146 0.0862614
0.948071 0.0850316
0.947996 0.0838224
0.947919 0.0826334
0.947842 0.0814643
0.947764 0.0803148
0.947685 0.0791845
0.947606 0.0780731
0.947526 0.0769804
0.947445 0.0759059
0.947363 0.0748494
0.947281 0.0738106
0.947199 0.0727892
0.947115 0.071785
0.947032 0.0707975
0.946947 0.0698265
0.946862 0.0688718
0.946776 0.0679331
0.94669 0.0670101
0.946604 0.0661024
0.946516 0.06521
0.946429 0.0643324
0.94634 0.0634695
0.946251 0.062621
0.946162 0.0617865
0.946073 0.060966
0.945982 0.0601592
0.945892 0.0593657
0.945801 0.0585854
0.945709 0.057818
0.945617 0.0570634
0.945525 0.0563212
0.945432 0.0555913
0.945339 0.0548735
0.945245 0.0541675
0.945152 0.0534732
0.945057 0.0527902
0.944963 0.0521185
0.944868 0.0514578
0.944772 0.0508079
0.944677 0.0501687
0.944581 0.0495399
0.944484 0.0489214
0.944388 0.048313
0.944291 0.0477144
0.944194 0.0471256
0.944096 0.0465463
0.943998 0.0459764
0.9439 0.0454158
0.943802 0.0448641
0.943703 0.0443214
0.943605 0.0437874
0.943505 0.0432619
0.943406 0.0427449
0.943307 0.0422362
0.943207 0.0417356
0.943107 0.0412429
0.943007 0.0407581
0.942906 0.0402811
0.942806 0.0398115
0.942705 0.0393494
0.942604 0.0388946
0.942502 0.038447
0.942401 0.0380064
0.9423 0.0375727
0.942198 0.0371458
0.942096 0.0367256
0.941994 0.0363119
0.941892 0.0359047
0.941789 0.0355038
0.941687 0.0351091
0.941584 0.0347205
0.941481 0.034338
0.941378 0.0339613
0.941275 0.0335904
0.941172 0.0332252
0.941069 0.0328655
0.940966 0.0325114
0.940862 0.0321627
0.940759 0.0318193
0.940655 0.031481
0.940551 0.0311479
0.940447 0.0308198
0.940343 0.0304967
0.940239 0.0301784
0.940135 0.0298649
0.940031 0.0295561
0.939926 0.0292519
0.939822 0.0289522
0.939718 0.028657
0.939613 0.0283661
0.939509 0.0280796
0.939404 0.0277972
0.939299 0.0275191
0.939195 0.027245
0.93909 0.0269749
0.938985 0.0267088
0.93888 0.0264465
0.938775 0.0261881
0.93867 0.0259334
0.938565 0.0256823
0.93846 0.0254349
0.938355 0.0251911
0.93825 0.0249508
0.938145 0.0247139
0.93804 0.0244804
0.937935 0.0242502
0.93783 0.0240233
0.937725 0.0237996
0.93762 0.0235791
0.937515 0.0233617
0.937409 0.0231473
0.937304 0.022936
0.937199 0.0227276
0.937094 0.0225221
0.936989 0.0223195
0.936884 0.0221197
0.936779 0.0219227
0.936673 0.0217284
0.936568 0.0215368
0.936463 0.0213478
0.936358 0.0211614
0.936253 0.0209776
0.936148 0.0207963
0.936043 0.0206174
0.935938 0.020441
0.935833 0.0202669
0.935728 0.0200953
0.935624 0.0199259
0.935519 0.0197588
0.935414 0.019594
0.935309 0.0194313
0.935204 0.0192708
0.9351 0.0191125
0.934995 0.0189563
0.93489 0.0188021
0.934786 0.01865
0.934681 0.0184998
0.934577 0.0183517
0.934472 0.0182055
0.934368 0.0180612
0.934264 0.0179188
0.934159 0.0177782
0.934055 0.0176395
0.933951 0.0175025
0.933847 0.0173674
0.933743 0.0172339
0.933639 0.0171022
0.933535 0.0169722
0.933431 0.0168438
0.933327 0.0167171
0.933223 0.0165919
0.93312 0.0164684
0.933016 0.0163464
0.932913 0.016226
0.932809 0.0161071
0.932706 0.0159897
0.932602 0.0158737
0.932499 0.0157592
0.932396 0.0156461
0.932293 0.0155345
0.93219 0.0154242
0.932087 0.0153153
0.931984 0.0152077
0.931881 0.0151014
0.931778 0.0149965
0.931676 0.0148928
0.931573 0.0147904
0.93147 0.0146893
0.931368 0.0145893
0.931266 0.0144906
0.931163 0.0143931
0.931061 0.0142968
0.930959 0.0142016
0.930857 0.0141076
0.930755 0.0140147
0.930654 0.0139229
0.930552 0.0138322
0.93045 0.0137425
0.930349 0.013654
0.930247 0.0135665
0.930146 0.01348
0.930044 0.0133945
0.929943 0.0133101
0.929842 0.0132266
0.929741 0.0131441
0.92964 0.0130626
0.929539 0.012982
0.929439 0.0129023
0.929338 0.0128236
0.929238 0.0127458
0.929137 0.0126689
0.929037 0.0125928
0.928937 0.0125177
0.928836 0.0124434
0.928736 0.0123699
0.928636 0.0122973
0.928537 0.0122255
0.928437 0.0121546
0.928337 0.0120844
0.928238 0.012015
0.928138 0.0119464
0.928039 0.0118786
0.92794 0.0118115
0.927841 0.0117452
0.927742 0.0116796
0.927643 0.0116148
0.927544 0.0115507
0.927445 0.0114872
0.927347 0.0114245
0.927248 0.0113625
0.92715 0.0113012
0.927051 0.0112405
0.926953 0.0111805
0.926855 0.0111212
0.926757 0.0110625
0.926659 0.0110044
0.926562 0.010947
0.926464 0.0108902
0.926366 0.010834
0.926269 0.0107784
0.926172 0.0107234
0.926074 0.010669
0.925977 0.0106152
0.92588 0.010562
0.925783 0.0105093
0.925687 0.0104572
0.92559 0.0104057
0.925493 0.0103547
0.925397 0.0103042
0.925301 0.0102543
0.925204 0.0102049
0.925108 0.010156
0.925012 0.0101077
0.924917 0.0100598
0.924821 0.0100125
0.924725 0.00996559
0.92463 0.00991922
0.924534 0.00987332
0.924439 0.00982791
0.924344 0.00978296
0.924248 0.00973848
0.924153 0.00969446
0.924059 0.0096509
0.923964 0.00960778
0.923869 0.0095651
0.923775 0.00952286
0.92368 0.00948105
0.923586 0.00943967
0.923492 0.00939871
0.923398 0.00935817
0.923304 0.00931804
0.92321 0.00927831
0.923116 0.00923898
0.923023 0.00920006
0.922929 0.00916152
0.922836 0.00912337
0.922742 0.00908561
0.922649 0.00904822
0.922556 0.00901121
0.922463 0.00897456
0.92237 0.00893828
0.922278 0.00890236
0.922185 0.0088668
0.922093 0.00883159
0.922 0.00879673
0.921908 0.00876222
0.921816 0.00872804
0.921724 0.0086942
0.921632 0.00866069
0.92154 0.00862751
0.921449 0.00859466
0.921357 0.00856213
0.921266 0.00852991
0.921174 0.00849801
0.921083 0.00846642
0.920992 0.00843513
0.920901 0.00840415
0.92081 0.00837347
0.92072 0.00834309
0.920629 0.008313
0.920538 0.0082832
0.920448 0.00825368
0.920358 0.00822445
0.920268 0.0081955
0.920178 0.00816683
0.920088 0.00813843
0.919998 0.0081103
0.919908 0.00808245
0.919818 0.00805485
0.919729 0.00802752
0.91964 0.00800045
0.91955 0.00797363
0.919461 0.00794707
0.919372 0.00792076
0.919283 0.0078947
0.919195 0.00786888
0.919106 0.00784331
0.919017 0.00781798
0.918929 0.00779288
0.918841 0.00776803
0.918752 0.0077434
0.918664 0.007719
0.918576 0.00769484
0.918488 0.00767089
0.918401 0.00764717
0.918313 0.00762367
0.918226 0.00760039
0.918138 0.00757733
0.918051 0.00755448
0.917964 0.00753184
0.917877 0.00750941
0.91779 0.00748719
0.917703 0.00746517
0.917616 0.00744336
0.917529 0.00742175
0.917443 0.00740033
0.917357 0.00737912
0.91727 0.00735809
0.917184 0.00733726
0.917098 0.00731662
0.917012 0.00729617
0.916926 0.00727591
0.916841 0.00725583
0.916755 0.00723594
0.916669 0.00721622
0.916584 0.00719669
0.916499 0.00717733
0.916414 0.00715815
0.916329 0.00713914
0.916244 0.00712031
0.916159 0.00710165
0.916074 0.00708315
0.91599 0.00706482
0.915905 0.00704666
0.915821 0.00702866
0.915736 0.00701083
0.915652 0.00699315
0.915568 0.00697564
0.915484 0.00695828
0.915401 0.00694108
0.915317 0.00692403
0.915233 0.00690714
0.91515 0.00689039
0.915066 0.0068738
0.914983 0.00685736
0.9149 0.00684106
0.914817 0.00682491
0.914734 0.0068089
0.914651 0.00679304
0.914568 0.00677732
0.914486 0.00676174
0.914403 0.00674629
0.914321 0.00673099
0.914239 0.00671582
0.914157 0.00670079
0.914074 0.00668589
0.913992 0.00667112
0.913911 0.00665649
0.913829 0.00664198
0.913747 0.0066276
0.913666 0.00661335
0.913584 0.00659923
0.913503 0.00658523
0.913422 0.00657136
0.913341 0.00655761
0.91326 0.00654398
0.913179 0.00653047
0.913098 0.00651709
0.913017 0.00650382
0.912937 0.00649066
0.912856 0.00647763
0.912776 0.00646471
0.912696 0.0064519
0.912616 0.00643921
0.912536 0.00642663
0.912456 0.00641416
0.912376 0.0064018
0.912296 0.00638955
0.912217 0.00637741
0.912137 0.00636537
0.912058 0.00635344
0.911978 0.00634162
0.911899 0.0063299
0.91182 0.00631828
0.911741 0.00630677
0.911662 0.00629536
0.911583 0.00628405
0.911505 0.00627284
0.911426 0.00626173
0.911348 0.00625071
0.911269 0.0062398
0.911191 0.00622898
0.911113 0.00621825
0.911035 0.00620762
0.910957 0.00619709
0.910879 0.00618664
0.910801 0.00617629
0.910724 0.00616603
0.910646 0.00615586
0.910569 0.00614579
0.910491 0.0061358
0.910414 0.0061259
0.910337 0.00611608
0.91026 0.00610636
0.910183 0.00609672
0.910106 0.00608716
0.91003 0.00607769
0.909953 0.0060683
0.909876 0.006059
0.9098 0.00604978
0.909724 0.00604064
0.909647 0.00603159
0.909571 0.00602261
0.909495 0.00601371
0.909419 0.00600489
0.909343 0.00599615
0.909268 0.00598749
0.909192 0.00597891
0.909116 0.0059704
0.909041 0.00596197
0.908966 0.00595361
0.90889 0.00594533
0.908815 0.00593712
0.90874 0.00592899
0.908665 0.00592093
0.90859 0.00591294
0.908516 0.00590502
0.908441 0.00589717
0.908366 0.0058894
0.908292 0.00588169
0.908218 0.00587406
0.908143 0.00586649
0.908069 0.00585899
0.907995 0.00585156
0.907921 0.00584419
0.907847 0.00583689
0.907773 0.00582966
0.9077 0.0058225
0.907626 0.00581539
0.907553 0.00580836
0.907479 0.00580139
0.907406 0.00579448
0.907333 0.00578763
0.907259 0.00578085
0.907186 0.00577413
0.907113 0.00576747
0.907041 0.00576087
0.906968 0.00575433
0.906895 0.00574785
0.906823 0.00574143
0.90675 0.00573507
0.906678 0.00572877
0.906605 0.00572253
0.906533 0.00571634
0.906461 0.00571022
0.906389 0.00570415
0.906317 0.00569813
0.906245 0.00569217
0.906173 0.00568627
0.906102 0.00568043
0.90603 0.00567463
0.905959 0.0056689
0.905887 0.00566321
0.905816 0.00565758
0.905745 0.005652
0.905674 0.00564648
0.905603 0.00564101
0.905532 0.00563559
0.905461 0.00563022
0.90539 0.0056249
0.90532 0.00561963
0.905249 0.00561442
0.905179 0.00560925
0.905108 0.00560413
0.905038 0.00559906
0.904968 0.00559405
0.904898 0.00558908
0.904827 0.00558415
0.904758 0.00557928
0.904688 0.00557445
0.904618 0.00556967
0.904548 0.00556494
0.904479 0.00556025
0.904409 0.00555561
0.90434 0.00555102
0.90427 0.00554647
0.904201 0.00554196
0.904132 0.0055375
0.904063 0.00553309
0.903994 0.00552872
0.903925 0.00552439
0.903856 0.00552011
0.903787 0.00551586
0.903719 0.00551167
0.90365 0.00550751
0.903582 0.0055034
0.903513 0.00549933
0.903445 0.0054953
0.903377 0.00549131
0.903309 0.00548736
0.90324 0.00548345
0.903173 0.00547959
0.903105 0.00547576
0.903037 0.00547197
0.902969 0.00546823
0.902901 0.00546452
0.902834 0.00546085
0.902766 0.00545722
0.902699 0.00545363
0.902632 0.00545008
0.902564 0.00544656
0.902497 0.00544308
0.90243 0.00543964
0.902363 0.00543624
0.902296 0.00543287
0.90223 0.00542954
0.902163 0.00542625
0.902096 0.00542299
0.90203 0.00541977
0.901963 0.00541659
0.901897 0.00541344
0.90183 0.00541032
0.901764 0.00540724
0.901698 0.00540419
0.901632 0.00540118
0.901566 0.00539821
0.9015 0.00539526
0.901434 0.00539235
0.901368 0.00538948
0.901303 0.00538663
0.901237 0.00538382
0.901172 0.00538105
0.901106 0.0053783
0.901041 0.00537559
0.900975 0.00537291
0.90091 0.00537026
0.900845 0.00536764
0.90078 0.00536506
0.900715 0.0053625
0.90065 0.00535998
0.900585 0.00535749
0.900521 0.00535503
0.900456 0.00535259
0.900391 0.00535019
0.900327 0.00534782
0.900262 0.00534548
0.900198 0.00534317
0.900134 0.00534089
0.90007 0.00533863
0.900005 0.00533641
0.899941 0.00533421
0.899877 0.00533205
0.899814 0.00532991
0.89975 0.0053278
0.899686 0.00532572
0.899622 0.00532366
0.899559 0.00532164
0.899495 0.00531964
0.899432 0.00531767
0.899368 0.00531572
0.899305 0.0053138
0.899242 0.00531191
0.899179 0.00531005
0.899116 0.00530821
0.899053 0.0053064
0.89899 0.00530461
0.898927 0.00530286
0.898864 0.00530112
0.898801 0.00529941
0.898739 0.00529773
0.898676 0.00529607
0.898614 0.00529444
0.898551 0.00529283
0.898489 0.00529125
0.898427 0.00528969
0.898364 0.00528816
0.898302 0.00528665
0.89824 0.00528517
0.898178 0.00528371
0.898116 0.00528227
0.898054 0.00528085
0.897993 0.00527947
0.897931 0.0052781
0.897869 0.00527676
0.897808 0.00527543
0.897746 0.00527414
0.897685 0.00527286
0.897624 0.00527161
0.897562 0.00527038
0.897501 0.00526917
0.89744 0.00526799
0.897379 0.00526683
0.897318 0.00526569
0.897257 0.00526457
0.897196 0.00526347
0.897135 0.00526239
0.897075 0.00526134
0.897014 0.00526031
0.896953 0.00525929
0.896893 0.0052583
0.896832 0.00525733
0.896772 0.00525638
0.896712 0.00525545
0.896652 0.00525455
0.896591 0.00525366
0.896531 0.00525279
0.896471 0.00525194
0.896411 0.00525111
0.896351 0.00525031
0.896292 0.00524952
0.896232 0.00524875
0.896172 0.005248
0.896112 0.00524727
0.896053 0.00524656
0.895993 0.00524587
0.895934 0.00524519
0.895875 0.00524454
0.895815 0.0052439
0.895756 0.00524329
0.895697 0.00524269
0.895638 0.00524211
0.895579 0.00524155
0.89552 0.00524101
0.895461 0.00524048
0.895402 0.00523997
0.895343 0.00523949
0.895285 0.00523901
0.895226 0.00523856
0.895167 0.00523812
0.895109 0.00523771
0.89505 0.0052373
0.894992 0.00523692
0.894934 0.00523655
0.894875 0.0052362
0.894817 0.00523587
0.894759 0.00523555
0.894701 0.00523525
0.894643 0.00523497
0.894585 0.0052347
0.894527 0.00523445
0.894469 0.00523422
0.894412 0.005234
0.894354 0.0052338
0.894296 0.00523361
0.894239 0.00523344
0.894181 0.00523329
0.894124 0.00523315
0.894066 0.00523303
0.894009 0.00523292
0.893952 0.00523283
0.893895 0.00523275
0.893837 0.00523269
0.89378 0.00523265
0.893723 0.00523262
0.893666 0.0052326
0.893609 0.0052326
0.893553 0.00523261
0.893496 0.00523264
0.893439 0.00523268
0.893383 0.00523274
0.893326 0.00523281
0.893269 0.0052329
0.893213 0.005233
0.893157 0.00523312
0.8931 0.00523324
0.893044 0.00523339
0.892988 0.00523354
0.892932 0.00523371
0.892875 0.0052339
0.892819 0.0052341
0.892763 0.00523431
0.892707 0.00523454
0.892652 0.00523477
0.892596 0.00523503
0.89254 0.00523529
0.892484 0.00523557
0.892429 0.00523586
0.892373 0.00523617
0.892318 0.00523649
0.892262 0.00523682
0.892207 0.00523716
0.892151 0.00523752
0.892096 0.00523789
0.892041 0.00523827
0.891986 0.00523866
0.89193 0.00523907
0.891875 0.00523949
0.89182 0.00523992
0.891765 0.00524036
0.891711 0.00524082
0.891656 0.00524129
0.891601 0.00524177
0.891546 0.00524226
0.891491 0.00524276
0.891437 0.00524328
0.891382 0.0052438
0.891328 0.00524434
0.891273 0.00524489
0.891219 0.00524546
0.891165 0.00524603
0.89111 0.00524661
0.891056 0.00524721
0.891002 0.00524782
0.890948 0.00524844
0.890894 0.00524907
0.89084 0.00524971
0.890786 0.00525036
0.890732 0.00525102
0.890678 0.0052517
0.890624 0.00525238
0.890571 0.00525308
0.890517 0.00525379
0.890463 0.0052545
0.89041 0.00525523
0.890356 0.00525597
0.890303 0.00525672
0.890249 0.00525748
0.890196 0.00525824
0.890143 0.00525902
0.890089 0.00525981
0.890036 0.00526061
0.889983 0.00526142
0.88993 0.00526224
0.889877 0.00526307
0.889824 0.00526391
0.889771 0.00526476
0.889718 0.00526562
0.889665 0.00526649
0.889612 0.00526737
0.88956 0.00526826
0.889507 0.00526916
0.889454 0.00527007
0.889402 0.00527099
0.889349 0.00527191
0.889297 0.00527285
0.889244 0.00527379
0.889192 0.00527475
0.88914 0.00527571
0.889087 0.00527669
0.889035 0.00527767
0.888983 0.00527866
0.888931 0.00527966
0.888879 0.00528067
0.888827 0.00528169
0.888775 0.00528271
0.888723 0.00528375
0.888671 0.0052848
0.888619 0.00528585
0.888567 0.00528691
0.888516 0.00528798
0.888464 0.00528906
0.888412 0.00529015
0.888361 0.00529124
0.888309 0.00529235
0.888258 0.00529346
0.888206 0.00529458
0.888155 0.00529571
0.888104 0.00529685
0.888052 0.005298
0.888001 0.00529915
0.88795 0.00530031
0.887899 0.00530148
0.887848 0.00530266
0.887797 0.00530385
0.887746 0.00530504
0.887695 0.00530624
0.887644 0.00530745
0.887593 0.00530867
0.887542 0.00530989
0.887491 0.00531113
0.887441 0.00531237
0.88739 0.00531362
0.887339 0.00531487
0.887289 0.00531613
0.887238 0.00531741
0.887188 0.00531868
0.887137 0.00531997
0.887087 0.00532126
0.887037 0.00532256
0.886986 0.00532387
0.886936 0.00532518
0.886886 0.0053265
0.886836 0.00532783
0.886786 0.00532917
0.886736 0.00533051
0.886686 0.00533186
0.886636 0.00533322
0.886586 0.00533458
0.886536 0.00533595
0.886486 0.00533733
0.886436 0.00533871
0.886387 0.00534011
0.886337 0.0053415
0.886287 0.00534291
0.886238 0.00534432
0.886188 0.00534574
0.886139 0.00534716
0.886089 0.00534859
0.88604 0.00535003
0.88599 0.00535147
0.885941 0.00535292
0.885892 0.00535438
0.885842 0.00535584
0.885793 0.00535731
0.885744 0.00535879
0.885695 0.00536027
0.885646 0.00536176
0.885597 0.00536325
0.885548 0.00536475
0.885499 0.00536626
0.88545 0.00536777
0.885401 0.00536929
0.885352 0.00537082
0.885304 0.00537235
0.885255 0.00537389
0.885206 0.00537543
0.885157 0.00537698
0.885109 0.00537853
0.88506 0.00538009
0.885012 0.00538166
0.884963 0.00538323
0.884915 0.00538481
0.884866 0.00538639
0.884818 0.00538798
0.88477 0.00538957
0.884722 0.00539117
0.884673 0.00539278
0.884625 0.00539439
0.884577 0.00539601
0.884529 0.00539763
0.884481 0.00539926
0.884433 0.00540089
0.884385 0.00540253
0.884337 0.00540417
0.884289 0.00540582
0.884241 0.00540747
0.884193 0.00540913
0.884146 0.0054108
0.884098 0.00541247
0.88405 0.00541414
0.884003 0.00541582
0.883955 0.00541751
0.883907 0.0054192
0.88386 0.00542089
0.883812 0.00542259
0.883765 0.0054243
0.883717 0.00542601
0.88367 0.00542772
0.883623 0.00542944
0.883575 0.00543117
0.883528 0.0054329
0.883481 0.00543463
0.883434 0.00543637
0.883387 0.00543812
0.88334 0.00543987
0.883293 0.00544162
0.883246 0.00544338
0.883199 0.00544514
0.883152 0.00544691
0.883105 0.00544868
0.883058 0.00545046
0.883011 0.00545224
0.882964 0.00545403
0.882918 0.00545582
0.882871 0.00545761
0.882824 0.00545941
0.882778 0.00546122
0.882731 0.00546302
0.882684 0.00546484
0.882638 0.00546665
0.882591 0.00546847
0.882545 0.0054703
0.882499 0.00547213
0.882452 0.00547396
0.882406 0.0054758
0.88236 0.00547764
0.882313 0.00547949
0.882267 0.00548134
0.882221 0.0054832
0.882175 0.00548506
0.882129 0.00548692
0.882083 0.00548879
0.882037 0.00549066
0.881991 0.00549253
0.881945 0.00549441
0.881899 0.0054963
0.881853 0.00549818
0.881807 0.00550008
0.881761 0.00550197
0.881715 0.00550387
0.88167 0.00550577
0.881624 0.00550768
0.881578 0.00550959
0.881533 0.0055115
0.881487 0.00551342
0.881441 0.00551534
0.881396 0.00551727
0.88135 0.0055192
0.881305 0.00552113
0.881259 0.00552307
0.881214 0.00552501
0.881169 0.00552695
0.881123 0.0055289
0.881078 0.00553085
0.881033 0.00553281
0.880988 0.00553476
0.880942 0.00553673
0.880897 0.00553869
0.880852 0.00554066
0.880807 0.00554263
0.880762 0.00554461
0.880717 0.00554659
0.880672 0.00554857
0.880627 0.00555056
0.880582 0.00555255
0.880537 0.00555454
0.880493 0.00555653
0.880448 0.00555853
0.880403 0.00556054
0.880358 0.00556254
0.880314 0.00556455
0.880269 0.00556656
0.880224 0.00556858
0.88018 0.0055706
0.880135 0.00557262
0.88009 0.00557464
0.880046 0.00557667
0.880002 0.0055787
0.879957 0.00558074
0.879913 0.00558278
0.879868 0.00558482
0.879824 0.00558686
0.87978 0.00558891
0.879735 0.00559096
0.879691 0.00559301
0.879647 0.00559506
0.879603 0.00559712
0.879559 0.00559918
0.879514 0.00560125
0.87947 0.00560332
0.879426 0.00560539
0.879382 0.00560746
0.879338 0.00560954
0.879294 0.00561162
0.87925 0.0056137
0.879207 0.00561578
0.879163 0.00561787
0.879119 0.00561996
0.879075 0.00562205
0.879031 0.00562415
0.878988 0.00562625
0.878944 0.00562835
0.8789 0.00563045
0.878857 0.00563256
0.878813 0.00563467
0.878769 0.00563678
0.878726 0.00563889
0.878682 0.00564101
0.878639 0.00564313
0.878595 0.00564525
0.878552 0.00564738
0.878509 0.00564951
0.878465 0.00565164
0.878422 0.00565377
0.878379 0.0056559
0.878335 0.00565804
0.878292 0.00566018
0.878249 0.00566232
0.878206 0.00566447
0.878162 0.00566662
0.878119 0.00566877
0.878076 0.00567092
0.878033 0.00567307
0.87799 0.00567523
0.877947 0.00567739
0.877904 0.00567955
0.877861 0.00568172
0.877818 0.00568388
0.877775 0.00568605
0.877733 0.00568822
0.87769 0.0056904
0.877647 0.00569257
0.877604 0.00569475
0.877561 0.00569693
0.877519 0.00569911
0.877476 0.0057013
0.877433 0.00570349
0.877391 0.00570568
0.877348 0.00570787
0.877306 0.00571006
0.877263 0.00571226
0.87722 0.00571446
0.877178 0.00571666
0.877135 0.00571886
0.877093 0.00572106
0.877051 0.00572327
0.877008 0.00572548
0.876966 0.00572769
0.876924 0.0057299
0.876881 0.00573212
0.876839 0.00573433
0.876797 0.00573655
0.876755 0.00573877
0.876712 0.005741
0.87667 0.00574322
0.876628 0.00574545
0.876586 0.00574768
0.876544 0.00574991
0.876502 0.00575214
0.87646 0.00575437
0.876418 0.00575661
0.876376 0.00575885
0.876334 0.00576109
0.876292 0.00576333
0.87625 0.00576558
0.876208 0.00576782
0.876166 0.00577007
0.876125 0.00577232
0.876083 0.00577457
0.876041 0.00577683
0.875999 0.00577908
0.875958 0.00578134
0.875916 0.0057836
0.875874 0.00578586
0.875833 0.00578812
0.875791 0.00579039
0.87575 0.00579265
0.875708 0.00579492
0.875667 0.00579719
0.875625 0.00579946
0.875584 0.00580173
0.875542 0.00580401
0.875501 0.00580629
0.875459 0.00580856
0.875418 0.00581084
0.875377 0.00581313
0.875335 0.00581541
0.875294 0.00581769
0.875253 0.00581998
0.875211 0.00582227
0.87517 0.00582456
0.875129 0.00582685
0.875088 0.00582914
0.875047 0.00583144
0.875006 0.00583373
0.874965 0.00583603
0.874923 0.00583833
0.874882 0.00584063
0.874841 0.00584293
0.8748 0.00584524
0.874759 0.00584754
0.874719 0.00584985
0.874678 0.00585216
0.874637 0.00585447
0.874596 0.00585678
0.874555 0.00585909
0.874514 0.0058614
0.874473 0.00586372
0.874433 0.00586604
0.874392 0.00586836
0.874351 0.00587068
0.87431 0.005873
0.87427 0.00587532
0.874229 0.00587765
0.874188 0.00587997
0.874148 0.0058823
0.874107 0.00588463
0.874067 0.00588696
0.874026 0.00588929
0.873986 0.00589162
0.873945 0.00589395
0.873905 0.00589629
0.873864 0.00589863
0.873824 0.00590097
0.873783 0.0059033
0.873743 0.00590565
0.873703 0.00590799
0.873662 0.00591033
0.873622 0.00591268
0.873582 0.00591502
0.873541 0.00591737
0.873501 0.00591972
0.873461 0.00592207
0.873421 0.00592442
0.87338 0.00592677
0.87334 0.00592912
0.8733 0.00593148
0.87326 0.00593383
0.87322 0.00593619
0.87318 0.00593855
0.87314 0.00594091
0.8731 0.00594327
0.87306 0.00594563
0.87302 0.005948
0.87298 0.00595036
0.87294 0.00595273
0.8729 0.00595509
0.87286 0.00595746
0.87282 0.00595983
0.87278 0.0059622
0.872741 0.00596457
0.872701 0.00596694
0.872661 0.00596932
0.872621 0.00597169
0.872581 0.00597407
0.872542 0.00597644
0.872502 0.00597882
0.872462 0.0059812
0.872423 0.00598358
0.872383 0.00598596
0.872343 0.00598835
0.872304 0.00599073
0.872264 0.00599311
0.872225 0.0059955
0.872185 0.00599789
0.872146 0.00600027
0.872106 0.00600266
0.872067 0.00600505
0.872027 0.00600744
0.871988 0.00600983
0.871948 0.00601223
0.871909 0.00601462
0.871869 0.00601702
0.87183 0.00601941
0.871791 0.00602181
0.871751 0.00602421
0.871712 0.00602661
0.871673 0.00602901
0.871634 0.00603141
0.871594 0.00603381
0.871555 0.00603621
0.871516 0.00603861
0.871477 0.00604102
0.871438 0.00604342
0.871398 0.00604583
0.871359 0.00604824
0.87132 0.00605065
0.871281 0.00605306
0.871242 0.00605547
0.871203 0.00605788
0.871164 0.00606029
0.871125 0.0060627
0.871086 0.00606512
0.871047 0.00606753
0.871008 0.00606995
0.870969 0.00607236
0.87093 0.00607478
0.870891 0.0060772
0.870852 0.00607962
0.870814 0.00608204
0.870775 0.00608446
0.870736 0.00608688
0.870697 0.0060893
0.870658 0.00609173
0.870619 0.00609415
0.870581 0.00609657
0.870542 0.006099
0.870503 0.00610143
0.870465 0.00610385
0.870426 0.00610628
0.870387 0.00610871
0.870349 0.00611114
0.87031 0.00611357
0.870271 0.006116
0.870233 0.00611844
0.870194 0.00612087
0.870156 0.0061233
0.870117 0.00612574
0.870079 0.00612817
0.87004 0.00613061
0.870002 0.00613305
0.869963 0.00613548
0.869925 0.00613792
0.869886 0.00614036
0.869848 0.0061428
0.869809 0.00614524
0.869771 0.00614768
0.869733 0.00615013
0.869694 0.00615257
0.869656 0.00615501
0.869618 0.00615746
0.869579 0.0061599
0.869541 0.00616235
0.869503 0.0061648
0.869465 0.00616724
0.869426 0.00616969
0.869388 0.00617214
0.86935 0.00617459
0.869312 0.00617704
0.869274 0.00617949
0.869235 0.00618194
0.869197 0.0061844
0.869159 0.00618685
0.869121 0.0061893
0.869083 0.00619176
0.869045 0.00619421
0.869007 0.00619667
0.868969 0.00619912
0.868931 0.00620158
0.868893 0.00620404
0.868855 0.0062065
0.868817 0.00620896
0.868779 0.00621142
0.868741 0.00621388
0.868703 0.00621634
0.868665 0.0062188
0.868627 0.00622126
0.868589 0.00622372
0.868551 0.00622619
0.868514 0.00622865
0.868476 0.00623112
0.868438 0.00623358
0.8684 0.00623605
0.868362 0.00623851
0.868325 0.00624098
0.868287 0.00624345
0.868249 0.00624592
0.868211 0.00624839
0.868174 0.00625086
0.868136 0.00625333
0.868098 0.0062558
0.868061 0.00625827
0.868023 0.00626074
0.867985 0.00626321
0.867948 0.00626569
0.86791 0.00626816
0.867872 0.00627064
0.867835 0.00627311
0.867797 0.00627559
0.86776 0.00627806
0.867722 0.00628054
0.867685 0.00628302
0.867647 0.0062855
0.86761 0.00628797
0.867572 0.00629045
0.867535 0.00629293
0.867497 0.00629541
0.86746 0.00629789
0.867422 0.00630038
0.867385 0.00630286
0.867348 0.00630534
0.86731 0.00630782
0.867273 0.00631031
0.867235 0.00631279
0.867198 0.00631527
0.867161 0.00631776
0.867123 0.00632025
0.867086 0.00632273
0.867049 0.00632522
0.867012 0.00632771
0.866974 0.00633019
0.866937 0.00633268
0.8669 0.00633517
0.866863 0.00633766
0.866825 0.00634015
0.866788 0.00634264
0.866751 0.00634513
0.866714 0.00634762
0.866677 0.00635012
0.866639 0.00635261
0.866602 0.0063551
0.866565 0.00635759
0.866528 0.00636009
0.866491 0.00636258
0.866454 0.00636508
0.866417 0.00636757
0.86638 0.00637007
0.866343 0.00637257
0.866306 0.00637506
0.866269 0.00637756
0.866232 0.00638006
0.866195 0.00638256
0.866158 0.00638506
0.866121 0.00638756
0.866084 0.00639006
0.866047 0.00639256
0.86601 0.00639506
0.865973 0.00639756
0.865936 0.00640006
0.865899 0.00640256
0.865862 0.00640507
0.865825 0.00640757
0.865788 0.00641007
0.865752 0.00641258
0.865715 0.00641508
0.865678 0.00641759
0.865641 0.00642009
0.865604 0.0064226
0.865567 0.00642511
0.865531 0.00642761
0.865494 0.00643012
0.865457 0.00643263
0.86542 0.00643514
0.865384 0.00643765
0.865347 0.00644016
0.86531 0.00644267
0.865274 0.00644518
0.865237 0.00644769
0.8652 0.0064502
0.865163 0.00645271
0.865127 0.00645522
0.86509 0.00645773
0.865053 0.00646025
0.865017 0.00646276
0.86498 0.00646528
0.864944 0.00646779
0.864907 0.0064703
0.86487 0.00647282
0.864834 0.00647534
0.864797 0.00647785
0.864761 0.00648037
0.864724 0.00648289
0.864688 0.0064854
0.864651 0.00648792
0.864615 0.00649044
0.864578 0.00649296
0.864542 0.00649548
0.864505 0.006498
0.864469 0.00650052
0.864432 0.00650304
0.864396 0.00650556
0.864359 0.00650808
0.864323 0.0065106
0.864286 0.00651312
0.86425 0.00651565
0.864214 0.00651817
0.864177 0.00652069
0.864141 0.00652322
0.864104 0.00652574
0.864068 0.00652827
0.864032 0.00653079
0.863995 0.00653332
0.863959 0.00653584
0.863923 0.00653837
0.863886 0.0065409
0.86385 0.00654343
0.863814 0.00654595
0.863777 0.00654848
0.863741 0.00655101
0.863705 0.00655354
0.863669 0.00655607
0.863632 0.0065586
0.863596 0.00656113
0.86356 0.00656366
0.863524 0.00656619
0.863487 0.00656872
0.863451 0.00657126
0.863415 0.00657379
0.863379 0.00657632
0.863343 0.00657885
0.863306 0.00658139
0.86327 0.00658392
0.863234 0.00658646
0.863198 0.00658899
0.863162 0.00659153
0.863126 0.00659406
0.86309 0.0065966
0.863053 0.00659914
0.863017 0.00660167
0.862981 0.00660421
0.862945 0.00660675
0.862909 0.00660929
0.862873 0.00661183
0.862837 0.00661437
0.862801 0.00661691
0.862765 0.00661945
0.862729 0.00662199
0.862693 0.00662453
0.862657 0.00662707
0.862621 0.00662961
0.862585 0.00663215
0.862549 0.0066347
0.862513 0.00663724
0.862477 0.00663978
0.862441 0.00664233
0.862405 0.00664487
0.862369 0.00664741
0.862333 0.00664996
0.862297 0.00665251
0.862261 0.00665505
0.862225 0.0066576
0.862189 0.00666014
0.862153 0.00666269
0.862117 0.00666524
0.862081 0.00666779
0.862045 0.00667034
0.862009 0.00667288
0.861973 0.00667543
0.861938 0.00667798
0.861902 0.00668053
0.861866 0.00668308
0.86183 0.00668563
0.861794 0.00668819
0.861758 0.00669074
0.861722 0.00669329
0.861687 0.00669584
0.861651 0.0066984
0.861615 0.00670095
0.861579 0.0067035
0.861543 0.00670606
0.861508 0.00670861
0.861472 0.00671117
0.861436 0.00671372
0.8614 0.00671628
0.861364 0.00671884
0.861329 0.00672139
0.861293 0.00672395
0.861257 0.00672651
0.861221 0.00672907
0.861186 0.00673162
0.86115 0.00673418
0.861114 0.00673674
0.861078 0.0067393
0.861043 0.00674186
0.861007 0.00674442
0.860971 0.00674698
0.860935 0.00674955
0.8609 0.00675211
0.860864 0.00675467
0.860828 0.00675723
0.860793 0.0067598
0.860757 0.00676236
0.860721 0.00676492
0.860686 0.00676749
0.86065 0.00677005
0.860614 0.00677262
0.860579 0.00677519
0.860543 0.00677775
0.860507 0.00678032
0.860472 0.00678289
0.860436 0.00678545
0.860401 0.00678802
0.860365 0.00679059
0.860329 0.00679316
0.860294 0.00679573
0.860258 0.0067983
0.860222 0.00680087
0.860187 0.00680344
0.860151 0.00680601
0.860116 0.00680858
0.86008 0.00681115
0.860045 0.00681373
0.860009 0.0068163
0.859973 0.00681887
0.859938 0.00682145
0.859902 0.00682402
0.859867 0.0068266
0.859831 0.00682917
0.859796 0.00683175
0.85976 0.00683432
0.859725 0.0068369
0.859689 0.00683948
0.859653 0.00684206
0.859618 0.00684463
0.859582 0.00684721
0.859547 0.00684979
0.859511 0.00685237
0.859476 0.00685495
0.85944 0.00685753
0.859405 0.00686011
0.859369 0.00686269
0.859334 0.00686527
0.859298 0.00686786
0.859263 0.00687044
0.859227 0.00687302
0.859192 0.00687561
0.859156 0.00687819
0.859121 0.00688077
0.859086 0.00688336
0.85905 0.00688594
0.859015 0.00688853
0.858979 0.00689112
0.858944 0.0068937
0.858908 0.00689629
0.858873 0.00689888
0.858837 0.00690147
0.858802 0.00690406
0.858766 0.00690665
0.858731 0.00690924
0.858696 0.00691183
0.85866 0.00691442
0.858625 0.00691701
0.858589 0.0069196
0.858554 0.00692219
0.858518 0.00692479
0.858483 0.00692738
0.858448 0.00692997
0.858412 0.00693257
0.858377 0.00693516
0.858341 0.00693776
0.858306 0.00694035
0.858271 0.00694295
0.858235 0.00694555
0.8582 0.00694814
0.858164 0.00695074
0.858129 0.00695334
0.858094 0.00695594
0.858058 0.00695854
0.858023 0.00696114
0.857987 0.00696374
0.857952 0.00696634
0.857917 0.00696894
0.857881 0.00697154
0.857846 0.00697414
0.857811 0.00697675
0.857775 0.00697935
0.85774 0.00698196
0.857704 0.00698456
0.857669 0.00698717
0.857634 0.00698977
0.857598 0.00699238
0.857563 0.00699498
0.857528 0.00699759
0.857492 0.0070002
0.857457 0.00700281
0.857422 0.00700542
0.857386 0.00700803
0.857351 0.00701064
0.857316 0.00701325
0.85728 0.00701586
0.857245 0.00701847
0.857209 0.00702108
0.857174 0.00702369
0.857139 0.00702631
0.857103 0.00702892
0.857068 0.00703153
0.857033 0.00703415
0.856997 0.00703676
0.856962 0.00703938
0.856927 0.007042
0.856891 0.00704461
0.856856 0.00704723
0.856821 0.00704985
0.856785 0.00705247
0.85675 0.00705509
0.856715 0.00705771
0.856679 0.00706033
0.856644 0.00706295
0.856609 0.00706557
0.856573 0.00706819
0.856538 0.00707082
0.856503 0.00707344
0.856467 0.00707606
0.856432 0.00707869
0.856397 0.00708131
0.856361 0.00708394
0.856326 0.00708657
0.856291 0.00708919
0.856255 0.00709182
0.85622 0.00709445
0.856185 0.00709708
0.856149 0.00709971
0.856114 0.00710234
0.856079 0.00710497
0.856043 0.0071076
0.856008 0.00711023
0.855973 0.00711286
0.855938 0.0071155
0.855902 0.00711813
0.855867 0.00712076
0.855832 0.0071234
0.855796 0.00712603
0.855761 0.00712867
0.855726 0.00713131
0.85569 0.00713394
0.855655 0.00713658
0.85562 0.00713922
0.855584 0.00714186
0.855549 0.0071445
0.855514 0.00714714
0.855478 0.00714978
0.855443 0.00715242
0.855408 0.00715507
0.855372 0.00715771
0.855337 0.00716035
0.855301 0.007163
0.855266 0.00716564
0.855231 0.00716829
0.855195 0.00717093
0.85516 0.00717358
0.855125 0.00717623
0.855089 0.00717888
0.855054 0.00718153
0.855019 0.00718418
0.854983 0.00718683
0.854948 0.00718948
0.854913 0.00719213
0.854877 0.00719478
0.854842 0.00719743
0.854807 0.00720009
0.854771 0.00720274
0.854736 0.0072054
0.8547 0.00720805
0.854665 0.00721071
0.85463 0.00721337
0.854594 0.00721602
0.854559 0.00721868
0.854524 0.00722134
0.854488 0.007224
0.854453 0.00722666
0.854417 0.00722932
0.854382 0.00723199
0.854347 0.00723465
0.854311 0.00723731
0.854276 0.00723998
0.854241 0.00724264
0.854205 0.00724531
0.85417 0.00724797
0.854134 0.00725064
0.854099 0.00725331
0.854064 0.00725598
0.854028 0.00725864
0.853993 0.00726131
0.853957 0.00726399
0.853922 0.00726666
0.853886 0.00726933
0.853851 0.007272
0.853816 0.00727467
0.85378 0.00727735
0.853745 0.00728002
0.853709 0.0072827
0.853674 0.00728538
0.853638 0.00728805
0.853603 0.00729073
0.853568 0.00729341
0.853532 0.00729609
0.853497 0.00729877
0.853461 0.00730145
0.853426 0.00730413
0.85339 0.00730682
0.853355 0.0073095
0.853319 0.00731218
0.853284 0.00731487
0.853248 0.00731756
0.853213 0.00732024
0.853177 0.00732293
0.853142 0.00732562
0.853106 0.00732831
0.853071 0.007331
0.853035 0.00733369
0.853 0.00733638
0.852964 0.00733907
0.852929 0.00734176
0.852893 0.00734446
0.852858 0.00734715
0.852822 0.00734985
0.852787 0.00735254
0.852751 0.00735524
0.852716 0.00735794
0.85268 0.00736064
0.852645 0.00736334
0.852609 0.00736604
0.852574 0.00736874
0.852538 0.00737144
0.852502 0.00737414
0.852467 0.00737685
0.852431 0.00737955
0.852396 0.00738226
0.85236 0.00738496
0.852325 0.00738767
0.852289 0.00739038
0.852253 0.00739309
0.852218 0.0073958
0.852182 0.00739851
0.852147 0.00740122
0.852111 0.00740393
0.852075 0.00740664
0.85204 0.00740936
0.852004 0.00741207
0.851968 0.00741479
0.851933 0.0074175
0.851897 0.00742022
0.851862 0.00742294
0.851826 0.00742566
0.85179 0.00742838
0.851755 0.0074311
0.851719 0.00743382
0.851683 0.00743654
0.851648 0.00743927
0.851612 0.00744199
0.851576 0.00744472
0.85154 0.00744745
0.851505 0.00745017
0.851469 0.0074529
0.851433 0.00745563
0.851398 0.00745836
0.851362 0.00746109
0.851326 0.00746382
0.85129 0.00746656
0.851255 0.00746929
0.851219 0.00747202
0.851183 0.00747476
0.851147 0.0074775
0.851112 0.00748023
0.851076 0.00748297
0.85104 0.00748571
0.851004 0.00748845
0.850968 0.0074912
0.850933 0.00749394
0.850897 0.00749668
0.850861 0.00749943
0.850825 0.00750217
0.850789 0.00750492
0.850753 0.00750766
0.850718 0.00751041
0.850682 0.00751316
0.850646 0.00751591
0.85061 0.00751866
0.850574 0.00752142
0.850538 0.00752417
0.850502 0.00752692
0.850467 0.00752968
0.850431 0.00753243
0.850395 0.00753519
0.850359 0.00753795
0.850323 0.00754071
0.850287 0.00754347
0.850251 0.00754623
0.850215 0.00754899
0.850179 0.00755176
0.850143 0.00755452
0.850107 0.00755729
0.850071 0.00756005
0.850035 0.00756282
0.849999 0.00756559
0.849963 0.00756836
0.849927 0.00757113
0.849891 0.0075739
0.849855 0.00757667
0.849819 0.00757945
0.849783 0.00758222
0.849747 0.007585
0.849711 0.00758778
0.849675 0.00759055
0.849639 0.00759333
0.849603 0.00759611
0.849567 0.00759889
0.849531 0.00760168
0.849495 0.00760446
0.849459 0.00760724
0.849422 0.00761003
0.849386 0.00761282
0.84935 0.0076156
0.849314 0.00761839
0.849278 0.00762118
0.849242 0.00762398
0.849206 0.00762677
0.849169 0.00762956
0.849133 0.00763236
0.849097 0.00763515
0.849061 0.00763795
0.849025 0.00764075
0.848988 0.00764355
0.848952 0.00764635
0.848916 0.00764915
0.84888 0.00765195
0.848843 0.00765475
0.848807 0.00765756
0.848771 0.00766036
0.848735 0.00766317
0.848698 0.00766598
0.848662 0.00766879
0.848626 0.0076716
0.848589 0.00767441
0.848553 0.00767723
0.848517 0.00768004
0.84848 0.00768286
0.848444 0.00768567
0.848408 0.00768849
0.848371 0.00769131
0.848335 0.00769413
0.848298 0.00769695
0.848262 0.00769977
0.848226 0.0077026
0.848189 0.00770542
0.848153 0.00770825
0.848116 0.00771108
0.84808 0.0077139
0.848043 0.00771673
0.848007 0.00771957
0.84797 0.0077224
0.847934 0.00772523
0.847897 0.00772807
0.847861 0.0077309
0.847824 0.00773374
0.847788 0.00773658
0.847751 0.00773942
0.847715 0.00774226
0.847678 0.0077451
0.847641 0.00774795
0.847605 0.00775079
0.847568 0.00775364
0.847532 0.00775649
0.847495 0.00775933
0.847458 0.00776218
0.847422 0.00776504
0.847385 0.00776789
0.847348 0.00777074
0.847312 0.0077736
0.847275 0.00777646
0.847238 0.00777931
0.847201 0.00778217
0.847165 0.00778503
0.847128 0.0077879
0.847091 0.00779076
0.847054 0.00779362
0.847018 0.00779649
0.846981 0.00779936
0.846944 0.00780223
0.846907 0.0078051
0.84687 0.00780797
0.846834 0.00781084
0.846797 0.00781371
0.84676 0.00781659
0.846723 0.00781947
0.846686 0.00782234
0.846649 0.00782522
0.846612 0.0078281
0.846575 0.00783099
0.846538 0.00783387
0.846501 0.00783676
0.846464 0.00783964
0.846428 0.00784253
0.846391 0.00784542
0.846354 0.00784831
0.846317 0.0078512
0.846279 0.0078541
0.846242 0.00785699
0.846205 0.00785989
0.846168 0.00786279
0.846131 0.00786569
0.846094 0.00786859
0.846057 0.00787149
0.84602 0.00787439
0.845983 0.0078773
0.845946 0.0078802
0.845909 0.00788311
0.845871 0.00788602
0.845834 0.00788893
0.845797 0.00789184
0.84576 0.00789476
0.845723 0.00789767
0.845685 0.00790059
0.845648 0.00790351
0.845611 0.00790643
0.845574 0.00790935
0.845536 0.00791227
0.845499 0.0079152
0.845462 0.00791812
0.845424 0.00792105
0.845387 0.00792398
0.84535 0.00792691
0.845312 0.00792984
0.845275 0.00793278
0.845237 0.00793571
0.8452 0.00793865
0.845163 0.00794159
0.845125 0.00794453
0.845088 0.00794747
0.84505 0.00795041
0.845013 0.00795335
0.844975 0.0079563
0.844938 0.00795925
0.8449 0.0079622
0.844863 0.00796515
0.844825 0.0079681
0.844787 0.00797105
0.84475 0.00797401
0.844712 0.00797697
0.844675 0.00797993
0.844637 0.00798289
0.844599 0.00798585
0.844562 0.00798881
0.844524 0.00799178
0.844486 0.00799474
0.844449 0.00799771
0.844411 0.00800068
0.844373 0.00800365
0.844335 0.00800663
0.844298 0.0080096
0.84426 0.00801258
0.844222 0.00801556
0.844184 0.00801854
0.844146 0.00802152
0.844108 0.0080245
0.844071 0.00802749
0.844033 0.00803047
0.843995 0.00803346
0.843957 0.00803645
0.843919 0.00803944
0.843881 0.00804244
0.843843 0.00804543
0.843805 0.00804843
0.843767 0.00805143
0.843729 0.00805443
0.843691 0.00805743
0.843653 0.00806043
0.843615 0.00806344
0.843577 0.00806645
0.843539 0.00806946
0.843501 0.00807247
0.843462 0.00807548
0.843424 0.00807849
0.843386 0.00808151
0.843348 0.00808453
0.84331 0.00808755
0.843271 0.00809057
0.843233 0.00809359
0.843195 0.00809662
0.843157 0.00809964
0.843118 0.00810267
0.84308 0.0081057
0.843042 0.00810874
0.843003 0.00811177
0.842965 0.00811481
0.842927 0.00811784
0.842888 0.00812088
0.84285 0.00812392
0.842811 0.00812697
0.842773 0.00813001
0.842735 0.00813306
0.842696 0.00813611
0.842658 0.00813916
0.842619 0.00814221
0.842581 0.00814527
0.842542 0.00814832
0.842503 0.00815138
0.842465 0.00815444
0.842426 0.0081575
0.842388 0.00816057
0.842349 0.00816363
0.84231 0.0081667
0.842272 0.00816977
0.842233 0.00817284
0.842194 0.00817591
0.842155 0.00817899
0.842117 0.00818207
0.842078 0.00818515
0.842039 0.00818823
0.842 0.00819131
0.841961 0.0081944
0.841922 0.00819748
0.841884 0.00820057
0.841845 0.00820366
0.841806 0.00820676
0.841767 0.00820985
0.841728 0.00821295
0.841689 0.00821605
0.84165 0.00821915
0.841611 0.00822225
0.841572 0.00822536
0.841533 0.00822846
0.841494 0.00823157
0.841455 0.00823468
0.841416 0.0082378
0.841376 0.00824091
0.841337 0.00824403
0.841298 0.00824715
0.841259 0.00825027
0.84122 0.00825339
0.84118 0.00825652
0.841141 0.00825965
0.841102 0.00826278
0.841063 0.00826591
0.841023 0.00826904
0.840984 0.00827218
0.840945 0.00827532
0.840905 0.00827846
0.840866 0.0082816
0.840826 0.00828474
0.840787 0.00828789
0.840747 0.00829104
0.840708 0.00829419
0.840668 0.00829734
0.840629 0.0083005
0.840589 0.00830366
0.84055 0.00830681
0.84051 0.00830998
0.840471 0.00831314
0.840431 0.00831631
0.840391 0.00831947
0.840352 0.00832264
0.840312 0.00832582
0.840272 0.00832899
0.840232 0.00833217
0.840193 0.00833535
0.840153 0.00833853
0.840113 0.00834171
0.840073 0.0083449
0.840033 0.00834809
0.839993 0.00835128
0.839953 0.00835447
0.839913 0.00835767
0.839874 0.00836086
0.839834 0.00836406
0.839794 0.00836726
0.839754 0.00837047
0.839713 0.00837367
0.839673 0.00837688
0.839633 0.00838009
0.839593 0.00838331
0.839553 0.00838652
0.839513 0.00838974
0.839473 0.00839296
0.839433 0.00839618
0.839392 0.00839941
0.839352 0.00840264
0.839312 0.00840586
0.839271 0.0084091
0.839231 0.00841233
0.839191 0.00841557
0.83915 0.00841881
0.83911 0.00842205
0.83907 0.00842529
0.839029 0.00842854
0.838989 0.00843179
0.838948 0.00843504
0.838908 0.00843829
0.838867 0.00844155
0.838826 0.00844481
0.838786 0.00844807
0.838745 0.00845133
0.838705 0.0084546
0.838664 0.00845786
0.838623 0.00846113
0.838583 0.00846441
0.838542 0.00846768
0.838501 0.00847096
0.83846 0.00847424
0.838419 0.00847752
0.838379 0.00848081
0.838338 0.0084841
0.838297 0.00848739
0.838256 0.00849068
0.838215 0.00849398
0.838174 0.00849728
0.838133 0.00850058
0.838092 0.00850388
0.838051 0.00850719
0.83801 0.00851049
0.837969 0.00851381
0.837927 0.00851712
0.837886 0.00852043
0.837845 0.00852375
0.837804 0.00852708
0.837763 0.0085304
0.837721 0.00853373
0.83768 0.00853705
0.837639 0.00854039
0.837597 0.00854372
0.837556 0.00854706
0.837515 0.0085504
0.837473 0.00855374
0.837432 0.00855709
0.83739 0.00856043
0.837349 0.00856378
0.837307 0.00856714
0.837266 0.00857049
0.837224 0.00857385
0.837182 0.00857721
0.837141 0.00858058
0.837099 0.00858394
0.837057 0.00858731
0.837016 0.00859069
0.836974 0.00859406
0.836932 0.00859744
0.83689 0.00860082
0.836848 0.0086042
0.836807 0.00860759
0.836765 0.00861098
0.836723 0.00861437
0.836681 0.00861776
0.836639 0.00862116
0.836597 0.00862456
0.836555 0.00862796
0.836513 0.00863137
0.836471 0.00863478
0.836428 0.00863819
0.836386 0.0086416
0.836344 0.00864502
0.836302 0.00864844
0.83626 0.00865186
0.836217 0.00865529
0.836175 0.00865872
0.836133 0.00866215
0.83609 0.00866558
0.836048 0.00866902
0.836005 0.00867246
0.835963 0.0086759
0.835921 0.00867935
0.835878 0.0086828
0.835835 0.00868625
0.835793 0.00868971
0.83575 0.00869317
0.835708 0.00869663
0.835665 0.00870009
0.835622 0.00870356
0.835579 0.00870703
0.835537 0.0087105
0.835494 0.00871398
0.835451 0.00871746
0.835408 0.00872094
0.835365 0.00872442
0.835322 0.00872791
0.835279 0.0087314
0.835236 0.0087349
0.835193 0.00873839
0.83515 0.00874189
0.835107 0.0087454
0.835064 0.0087489
0.835021 0.00875241
0.834978 0.00875593
0.834935 0.00875944
0.834891 0.00876296
0.834848 0.00876649
0.834805 0.00877001
0.834761 0.00877354
0.834718 0.00877707
0.834675 0.00878061
0.834631 0.00878414
0.834588 0.00878769
0.834544 0.00879123
0.834501 0.00879478
0.834457 0.00879833
0.834414 0.00880188
0.83437 0.00880544
0.834326 0.008809
0.834283 0.00881257
0.834239 0.00881613
0.834195 0.0088197
0.834151 0.00882328
0.834107 0.00882686
0.834064 0.00883044
0.83402 0.00883402
0.833976 0.00883761
0.833932 0.0088412
0.833888 0.00884479
0.833844 0.00884839
0.8338 0.00885199
0.833755 0.00885559
0.833711 0.0088592
0.833667 0.00886281
0.833623 0.00886642
0.833579 0.00887004
0.833534 0.00887366
0.83349 0.00887729
0.833446 0.00888091
0.833401 0.00888455
0.833357 0.00888818
0.833312 0.00889182
0.833268 0.00889546
0.833223 0.00889911
0.833179 0.00890275
0.833134 0.00890641
0.833089 0.00891006
0.833045 0.00891372
0.833 0.00891738
0.832955 0.00892105
0.83291 0.00892472
0.832866 0.00892839
0.832821 0.00893207
0.832776 0.00893575
0.832731 0.00893943
0.832686 0.00894312
0.832641 0.00894681
0.832596 0.00895051
0.832551 0.0089542
0.832506 0.00895791
0.83246 0.00896161
0.832415 0.00896532
0.83237 0.00896903
0.832325 0.00897275
0.832279 0.00897647
0.832234 0.0089802
0.832189 0.00898392
0.832143 0.00898766
0.832098 0.00899139
0.832052 0.00899513
0.832007 0.00899887
0.831961 0.00900262
0.831915 0.00900637
0.83187 0.00901012
0.831824 0.00901388
0.831778 0.00901764
0.831732 0.00902141
0.831687 0.00902518
0.831641 0.00902895
0.831595 0.00903273
0.831549 0.00903651
0.831503 0.00904029
0.831457 0.00904408
0.831411 0.00904787
0.831365 0.00905167
0.831319 0.00905547
0.831272 0.00905927
0.831226 0.00906308
0.83118 0.00906689
0.831134 0.00907071
0.831087 0.00907453
0.831041 0.00907835
0.830994 0.00908218
0.830948 0.00908601
0.830901 0.00908985
0.830855 0.00909369
0.830808 0.00909753
0.830762 0.00910138
0.830715 0.00910523
0.830668 0.00910909
0.830621 0.00911295
0.830575 0.00911681
0.830528 0.00912068
0.830481 0.00912455
0.830434 0.00912843
0.830387 0.00913231
0.83034 0.00913619
0.830293 0.00914008
0.830246 0.00914397
0.830199 0.00914787
0.830151 0.00915177
0.830104 0.00915568
0.830057 0.00915959
0.83001 0.0091635
0.829962 0.00916742
0.829915 0.00917134
0.829867 0.00917527
0.82982 0.0091792
0.829772 0.00918313
0.829725 0.00918707
0.829677 0.00919102
0.829629 0.00919497
0.829582 0.00919892
0.829534 0.00920287
0.829486 0.00920684
0.829438 0.0092108
0.82939 0.00921477
0.829342 0.00921875
0.829294 0.00922272
0.829246 0.00922671
0.829198 0.00923069
0.82915 0.00923469
0.829102 0.00923868
0.829054 0.00924268
0.829005 0.00924669
0.828957 0.0092507
0.828909 0.00925471
0.82886 0.00925873
0.828812 0.00926275
0.828763 0.00926678
0.828715 0.00927081
0.828666 0.00927485
0.828617 0.00927889
0.828569 0.00928294
0.82852 0.00928699
0.828471 0.00929104
0.828422 0.0092951
0.828373 0.00929917
0.828325 0.00930324
0.828276 0.00930731
0.828227 0.00931139
0.828177 0.00931547
0.828128 0.00931956
0.828079 0.00932365
0.82803 0.00932775
0.827981 0.00933185
0.827931 0.00933596
0.827882 0.00934007
0.827833 0.00934419
0.827783 0.00934831
0.827734 0.00935244
0.827684 0.00935657
0.827634 0.0093607
0.827585 0.00936484
0.827535 0.00936899
0.827485 0.00937314
0.827435 0.00937729
0.827385 0.00938145
0.827336 0.00938562
0.827286 0.00938979
0.827236 0.00939396
0.827185 0.00939814
0.827135 0.00940233
0.827085 0.00940652
0.827035 0.00941071
0.826985 0.00941491
0.826934 0.00941912
0.826884 0.00942333
0.826833 0.00942754
0.826783 0.00943176
0.826732 0.00943599
0.826682 0.00944022
0.826631 0.00944445
0.82658 0.00944869
0.82653 0.00945294
0.826479 0.00945719
0.826428 0.00946144
0.826377 0.00946571
0.826326 0.00946997
0.826275 0.00947424
0.826224 0.00947852
0.826173 0.0094828
0.826122 0.00948709
0.82607 0.00949138
0.826019 0.00949568
0.825968 0.00949998
0.825916 0.00950429
0.825865 0.00950861
0.825813 0.00951292
0.825762 0.00951725
0.82571 0.00952158
0.825658 0.00952591
0.825607 0.00953026
0.825555 0.0095346
0.825503 0.00953895
0.825451 0.00954331
0.825399 0.00954767
0.825347 0.00955204
0.825295 0.00955642
0.825243 0.00956079
0.825191 0.00956518
0.825138 0.00956957
0.825086 0.00957397
0.825034 0.00957837
0.824981 0.00958277
0.824929 0.00958719
0.824876 0.00959161
0.824824 0.00959603
0.824771 0.00960046
0.824718 0.00960489
0.824666 0.00960934
0.824613 0.00961378
0.82456 0.00961824
0.824507 0.00962269
0.824454 0.00962716
0.824401 0.00963163
0.824348 0.0096361
0.824294 0.00964059
0.824241 0.00964507
0.824188 0.00964957
0.824134 0.00965406
0.824081 0.00965857
0.824028 0.00966308
0.823974 0.0096676
0.82392 0.00967212
0.823867 0.00967665
0.823813 0.00968118
0.823759 0.00968573
0.823705 0.00969027
0.823651 0.00969482
0.823597 0.00969938
0.823543 0.00970395
0.823489 0.00970852
0.823435 0.0097131
0.823381 0.00971768
0.823326 0.00972227
0.823272 0.00972687
0.823218 0.00973147
0.823163 0.00973608
0.823109 0.00974069
0.823054 0.00974531
0.822999 0.00974994
0.822945 0.00975457
0.82289 0.00975921
0.822835 0.00976385
0.82278 0.00976851
0.822725 0.00977316
0.82267 0.00977783
0.822615 0.0097825
0.822559 0.00978718
0.822504 0.00979186
0.822449 0.00979655
0.822393 0.00980125
0.822338 0.00980595
0.822282 0.00981066
0.822227 0.00981538
0.822171 0.0098201
0.822115 0.00982483
0.82206 0.00982957
0.822004 0.00983431
0.821948 0.00983906
0.821892 0.00984381
0.821836 0.00984858
0.82178 0.00985334
0.821723 0.00985812
0.821667 0.0098629
0.821611 0.00986769
0.821554 0.00987249
0.821498 0.00987729
0.821441 0.0098821
0.821385 0.00988692
0.821328 0.00989174
0.821271 0.00989657
0.821214 0.00990141
0.821157 0.00990625
0.8211 0.0099111
0.821043 0.00991596
0.820986 0.00992082
0.820929 0.0099257
0.820872 0.00993057
0.820814 0.00993546
0.820757 0.00994035
0.820699 0.00994525
0.820642 0.00995016
0.820584 0.00995507
0.820527 0.00996
0.820469 0.00996492
0.820411 0.00996986
0.820353 0.0099748
0.820295 0.00997975
0.820237 0.00998471
0.820179 0.00998967
0.820121 0.00999465
0.820062 0.00999962
0.820004 0.0100046
0.819945 0.0100096
0.819887 0.0100146
0.819828 0.0100196
0.81977 0.0100246
0.819711 0.0100297
0.819652 0.0100347
0.819593 0.0100397
0.819534 0.0100448
0.819475 0.0100498
0.819416 0.0100549
0.819357 0.01006
0.819298 0.010065
0.819238 0.0100701
0.819179 0.0100752
0.819119 0.0100803
0.81906 0.0100854
0.819 0.0100905
0.81894 0.0100956
0.81888 0.0101008
0.81882 0.0101059
0.81876 0.0101111
0.8187 0.0101162
0.81864 0.0101214
0.81858 0.0101265
0.81852 0.0101317
0.818459 0.0101369
0.818399 0.0101421
0.818338 0.0101473
0.818278 0.0101525
0.818217 0.0101577
0.818156 0.010163
0.818095 0.0101682
0.818034 0.0101734
0.817973 0.0101787
0.817912 0.0101839
0.817851 0.0101892
0.81779 0.0101945
0.817728 0.0101998
0.817667 0.0102051
0.817605 0.0102104
0.817543 0.0102157
0.817482 0.010221
0.81742 0.0102263
0.817358 0.0102316
0.817296 0.010237
0.817234 0.0102423
0.817172 0.0102477
0.81711 0.010253
0.817047 0.0102584
0.816985 0.0102638
0.816922 0.0102692
0.81686 0.0102746
0.816797 0.01028
0.816734 0.0102854
0.816672 0.0102909
0.816609 0.0102963
0.816546 0.0103017
0.816483 0.0103072
0.816419 0.0103126
0.816356 0.0103181
0.816293 0.0103236
0.816229 0.0103291
0.816166 0.0103346
0.816102 0.0103401
0.816038 0.0103456
0.815974 0.0103511
0.81591 0.0103567
0.815846 0.0103622
0.815782 0.0103678
0.815718 0.0103733
0.815654 0.0103789
0.815589 0.0103845
0.815525 0.0103901
0.81546 0.0103957
0.815396 0.0104013
0.815331 0.0104069
0.815266 0.0104125
0.815201 0.0104181
0.815136 0.0104238
0.815071 0.0104294
0.815006 0.0104351
0.814941 0.0104408
0.814875 0.0104465
0.81481 0.0104522
0.814744 0.0104579
0.814678 0.0104636
0.814612 0.0104693
0.814547 0.010475
0.814481 0.0104808
0.814414 0.0104865
0.814348 0.0104923
0.814282 0.010498
0.814216 0.0105038
0.814149 0.0105096
0.814082 0.0105154
0.814016 0.0105212
0.813949 0.010527
0.813882 0.0105329
0.813815 0.0105387
0.813748 0.0105446
0.813681 0.0105504
0.813613 0.0105563
0.813546 0.0105622
0.813479 0.0105681
0.813411 0.010574
0.813343 0.0105799
0.813275 0.0105858
0.813208 0.0105917
0.81314 0.0105977
0.813071 0.0106036
0.813003 0.0106096
0.812935 0.0106155
0.812866 0.0106215
0.812798 0.0106275
0.812729 0.0106335
0.81266 0.0106395
0.812592 0.0106456
0.812523 0.0106516
0.812454 0.0106577
0.812384 0.0106637
0.812315 0.0106698
0.812246 0.0106759
0.812176 0.010682
0.812107 0.0106881
0.812037 0.0106942
0.811967 0.0107003
0.811897 0.0107064
0.811827 0.0107126
0.811757 0.0107187
0.811687 0.0107249
0.811616 0.0107311
0.811546 0.0107373
0.811475 0.0107435
0.811404 0.0107497
0.811333 0.0107559
0.811263 0.0107621
0.811191 0.0107684
0.81112 0.0107746
0.811049 0.0107809
0.810978 0.0107872
0.810906 0.0107935
0.810834 0.0107998
0.810763 0.0108061
0.810691 0.0108124
0.810619 0.0108188
0.810547 0.0108251
0.810474 0.0108315
0.810402 0.0108379
0.81033 0.0108443
0.810257 0.0108507
0.810184 0.0108571
0.810112 0.0108635
0.810039 0.0108699
0.809966 0.0108764
0.809892 0.0108828
0.809819 0.0108893
0.809746 0.0108958
0.809672 0.0109023
0.809599 0.0109088
0.809525 0.0109153
0.809451 0.0109218
0.809377 0.0109284
0.809303 0.0109349
0.809229 0.0109415
0.809154 0.0109481
0.80908 0.0109547
0.809005 0.0109613
0.80893 0.0109679
0.808855 0.0109746
0.80878 0.0109812
0.808705 0.0109879
0.80863 0.0109945
0.808554 0.0110012
0.808479 0.0110079
0.808403 0.0110146
0.808327 0.0110214
0.808252 0.0110281
0.808176 0.0110348
0.808099 0.0110416
0.808023 0.0110484
0.807947 0.0110552
0.80787 0.011062
0.807793 0.0110688
0.807717 0.0110756
0.80764 0.0110825
0.807562 0.0110893
0.807485 0.0110962
0.807408 0.0111031
0.80733 0.01111
0.807253 0.0111169
0.807175 0.0111238
0.807097 0.0111308
0.807019 0.0111377
0.806941 0.0111447
0.806863 0.0111517
0.806784 0.0111587
0.806706 0.0111657
0.806627 0.0111727
0.806548 0.0111797
0.806469 0.0111868
0.80639 0.0111939
0.806311 0.0112009
0.806231 0.011208
0.806152 0.0112152
0.806072 0.0112223
0.805992 0.0112294
0.805912 0.0112366
0.805832 0.0112437
0.805752 0.0112509
0.805671 0.0112581
0.805591 0.0112653
0.80551 0.0112726
0.805429 0.0112798
0.805348 0.0112871
0.805267 0.0112943
0.805186 0.0113016
0.805104 0.0113089
0.805023 0.0113162
0.804941 0.0113236
0.804859 0.0113309
0.804777 0.0113383
0.804695 0.0113457
0.804612 0.0113531
0.80453 0.0113605
0.804447 0.0113679
0.804364 0.0113753
0.804281 0.0113828
0.804198 0.0113903
0.804115 0.0113978
0.804032 0.0114053
0.803948 0.0114128
0.803864 0.0114203
0.803781 0.0114279
0.803697 0.0114355
0.803612 0.011443
0.803528 0.0114506
0.803444 0.0114583
0.803359 0.0114659
0.803274 0.0114736
0.803189 0.0114812
0.803104 0.0114889
0.803019 0.0114966
0.802933 0.0115043
0.802848 0.0115121
0.802762 0.0115198
0.802676 0.0115276
0.80259 0.0115354
0.802503 0.0115432
0.802417 0.011551
0.80233 0.0115588
0.802244 0.0115667
0.802157 0.0115746
0.80207 0.0115824
0.801982 0.0115904
0.801895 0.0115983
0.801807 0.0116062
0.801719 0.0116142
0.801631 0.0116222
0.801543 0.0116301
0.801455 0.0116382
0.801367 0.0116462
0.801278 0.0116542
0.801189 0.0116623
0.8011 0.0116704
0.801011 0.0116785
0.800922 0.0116866
0.800832 0.0116948
0.800742 0.0117029
0.800653 0.0117111
0.800563 0.0117193
0.800472 0.0117275
0.800382 0.0117357
0.800291 0.011744
0.800201 0.0117523
0.80011 0.0117605
0.800019 0.0117688
0.799927 0.0117772
0.799836 0.0117855
0.799744 0.0117939
0.799652 0.0118023
0.79956 0.0118107
0.799468 0.0118191
0.799376 0.0118275
0.799283 0.011836
0.79919 0.0118445
0.799097 0.011853
0.799004 0.0118615
0.798911 0.0118701
0.798817 0.0118786
0.798724 0.0118872
0.79863 0.0118958
0.798536 0.0119044
0.798441 0.0119131
0.798347 0.0119217
0.798252 0.0119304
0.798157 0.0119391
0.798062 0.0119478
0.797967 0.0119566
0.797871 0.0119654
0.797776 0.0119741
0.79768 0.011983
0.797584 0.0119918
0.797487 0.0120006
0.797391 0.0120095
0.797294 0.0120184
0.797197 0.0120273
0.7971 0.0120363
0.797003 0.0120452
0.796906 0.0120542
0.796808 0.0120632
0.79671 0.0120722
0.796612 0.0120813
0.796514 0.0120903
0.796415 0.0120994
0.796316 0.0121085
0.796217 0.0121177
0.796118 0.0121268
0.796019 0.012136
0.795919 0.0121452
0.79582 0.0121544
0.79572 0.0121637
0.795619 0.0121729
0.795519 0.0121822
0.795418 0.0121916
0.795317 0.0122009
0.795216 0.0122103
0.795115 0.0122196
0.795014 0.0122291
0.794912 0.0122385
0.79481 0.0122479
0.794708 0.0122574
0.794605 0.0122669
0.794503 0.0122765
0.7944 0.012286
0.794297 0.0122956
0.794193 0.0123052
0.79409 0.0123148
0.793986 0.0123245
0.793882 0.0123341
0.793778 0.0123438
0.793673 0.0123536
0.793569 0.0123633
0.793464 0.0123731
0.793359 0.0123829
0.793253 0.0123927
0.793148 0.0124026
0.793042 0.0124124
0.792936 0.0124223
0.792829 0.0124323
0.792723 0.0124422
0.792616 0.0124522
0.792509 0.0124622
0.792402 0.0124722
0.792294 0.0124823
0.792186 0.0124924
0.792078 0.0125025
0.79197 0.0125126
0.791862 0.0125228
0.791753 0.012533
0.791644 0.0125432
0.791535 0.0125534
0.791425 0.0125637
0.791315 0.012574
0.791205 0.0125843
0.791095 0.0125947
0.790985 0.0126051
0.790874 0.0126155
0.790763 0.0126259
0.790651 0.0126364
0.79054 0.0126469
0.790428 0.0126574
0.790316 0.0126679
0.790204 0.0126785
0.790091 0.0126891
0.789978 0.0126998
0.789865 0.0127104
0.789752 0.0127211
0.789638 0.0127318
0.789524 0.0127426
0.78941 0.0127534
0.789296 0.0127642
0.789181 0.012775
0.789066 0.0127859
0.788951 0.0127968
0.788835 0.0128077
0.788719 0.0128187
0.788603 0.0128297
0.788487 0.0128407
0.78837 0.0128518
0.788253 0.0128629
0.788136 0.012874
0.788018 0.0128851
0.787901 0.0128963
0.787783 0.0129075
0.787664 0.0129187
0.787546 0.01293
0.787427 0.0129413
0.787307 0.0129526
0.787188 0.012964
0.787068 0.0129754
0.786948 0.0129868
0.786828 0.0129983
0.786707 0.0130098
0.786586 0.0130213
0.786465 0.0130329
0.786343 0.0130445
0.786221 0.0130561
0.786099 0.0130678
0.785977 0.0130795
0.785854 0.0130912
0.785731 0.013103
0.785607 0.0131148
0.785484 0.0131266
0.78536 0.0131385
0.785235 0.0131504
0.785111 0.0131623
0.784986 0.0131743
0.78486 0.0131863
0.784735 0.0131984
0.784609 0.0132104
0.784483 0.0132225
0.784356 0.0132347
0.784229 0.0132469
0.784102 0.0132591
0.783975 0.0132714
0.783847 0.0132837
0.783719 0.013296
0.78359 0.0133083
0.783461 0.0133208
0.783332 0.0133332
0.783203 0.0133457
0.783073 0.0133582
0.782943 0.0133707
0.782812 0.0133833
0.782681 0.013396
0.78255 0.0134086
0.782419 0.0134213
0.782287 0.0134341
0.782155 0.0134469
0.782022 0.0134597
0.781889 0.0134726
0.781756 0.0134855
0.781623 0.0134984
0.781489 0.0135114
0.781354 0.0135244
0.78122 0.0135375
0.781085 0.0135506
0.780949 0.0135637
0.780814 0.0135769
0.780678 0.0135901
0.780541 0.0136034
0.780405 0.0136167
0.780267 0.01363
0.78013 0.0136434
0.779992 0.0136569
0.779854 0.0136703
0.779715 0.0136839
0.779576 0.0136974
0.779437 0.013711
0.779297 0.0137247
0.779157 0.0137384
0.779016 0.0137521
0.778875 0.0137659
0.778734 0.0137797
0.778592 0.0137936
0.77845 0.0138075
0.778308 0.0138214
0.778165 0.0138354
0.778022 0.0138495
0.777878 0.0138636
0.777734 0.0138777
0.77759 0.0138919
0.777445 0.0139061
0.7773 0.0139204
0.777154 0.0139347
0.777008 0.0139491
0.776862 0.0139635
0.776715 0.0139779
0.776568 0.0139924
0.77642 0.014007
0.776272 0.0140216
0.776124 0.0140362
0.775975 0.014051
0.775825 0.0140657
0.775676 0.0140805
0.775525 0.0140953
0.775375 0.0141102
0.775224 0.0141252
0.775072 0.0141402
0.77492 0.0141552
0.774768 0.0141703
0.774615 0.0141855
0.774462 0.0142007
0.774309 0.0142159
0.774155 0.0142312
0.774 0.0142466
0.773845 0.014262
0.77369 0.0142775
0.773534 0.014293
0.773378 0.0143085
0.773221 0.0143242
0.773064 0.0143398
0.772906 0.0143556
0.772748 0.0143713
0.772589 0.0143872
0.77243 0.0144031
0.772271 0.014419
0.772111 0.014435
0.77195 0.0144511
0.771789 0.0144672
0.771628 0.0144833
0.771466 0.0144996
0.771304 0.0145159
0.771141 0.0145322
0.770977 0.0145486
0.770814 0.014565
0.770649 0.0145816
0.770484 0.0145981
0.770319 0.0146148
0.770153 0.0146315
0.769987 0.0146482
0.76982 0.014665
0.769653 0.0146819
0.769485 0.0146988
0.769317 0.0147158
0.769148 0.0147329
0.768979 0.01475
0.768809 0.0147671
0.768639 0.0147844
0.768468 0.0148017
0.768296 0.014819
0.768124 0.0148365
0.767952 0.014854
0.767779 0.0148715
0.767605 0.0148891
0.767431 0.0149068
0.767257 0.0149246
0.767081 0.0149424
0.766906 0.0149603
0.76673 0.0149782
0.766553 0.0149962
0.766375 0.0150143
0.766198 0.0150325
0.766019 0.0150507
0.76584 0.015069
0.76566 0.0150873
0.76548 0.0151057
0.7653 0.0151242
0.765118 0.0151428
0.764936 0.0151614
0.764754 0.0151801
0.764571 0.0151989
0.764387 0.0152177
0.764203 0.0152366
0.764018 0.0152556
0.763833 0.0152747
0.763647 0.0152938
0.763461 0.015313
0.763273 0.0153323
0.763086 0.0153517
0.762897 0.0153711
0.762708 0.0153906
0.762519 0.0154102
0.762328 0.0154298
0.762138 0.0154496
0.761946 0.0154694
0.761754 0.0154893
0.761561 0.0155093
0.761368 0.0155293
0.761174 0.0155494
0.760979 0.0155696
0.760784 0.0155899
0.760588 0.0156103
0.760392 0.0156307
0.760194 0.0156513
0.759997 0.0156719
0.759798 0.0156926
0.759599 0.0157133
0.759399 0.0157342
0.759199 0.0157551
0.758997 0.0157762
0.758795 0.0157973
0.758593 0.0158185
0.75839 0.0158398
0.758186 0.0158611
0.757981 0.0158826
0.757776 0.0159041
0.75757 0.0159258
0.757363 0.0159475
0.757156 0.0159693
0.756948 0.0159912
0.756739 0.0160132
0.756529 0.0160353
0.756319 0.0160575
0.756108 0.0160797
0.755896 0.0161021
0.755684 0.0161245
0.755471 0.0161471
0.755257 0.0161697
0.755042 0.0161925
0.754826 0.0162153
0.75461 0.0162382
0.754393 0.0162613
0.754176 0.0162844
0.753957 0.0163076
0.753738 0.0163309
0.753518 0.0163544
0.753297 0.0163779
0.753076 0.0164015
0.752853 0.0164252
0.75263 0.0164491
0.752406 0.016473
0.752181 0.016497
0.751956 0.0165212
0.75173 0.0165454
0.751502 0.0165698
0.751275 0.0165942
0.751046 0.0166188
0.750816 0.0166435
0.750586 0.0166682
0.750354 0.0166931
0.750122 0.0167181
0.749889 0.0167432
0.749656 0.0167685
0.749421 0.0167938
0.749185 0.0168192
0.748949 0.0168448
0.748712 0.0168705
0.748474 0.0168963
0.748235 0.0169222
0.747995 0.0169482
0.747754 0.0169743
0.747512 0.0170006
0.74727 0.017027
0.747026 0.0170535
0.746782 0.0170801
0.746537 0.0171068
0.74629 0.0171337
0.746043 0.0171607
0.745795 0.0171878
0.745546 0.017215
0.745296 0.0172424
0.745046 0.0172699
0.744794 0.0172975
0.744541 0.0173252
0.744287 0.0173531
0.744033 0.0173811
0.743777 0.0174092
0.74352 0.0174375
0.743263 0.0174659
0.743004 0.0174944
0.742744 0.0175231
0.742484 0.0175519
0.742222 0.0175808
0.74196 0.0176099
0.741696 0.0176391
0.741431 0.0176685
0.741166 0.017698
0.740899 0.0177276
0.740631 0.0177574
0.740362 0.0177874
0.740093 0.0178174
0.739822 0.0178477
0.73955 0.017878
0.739277 0.0179085
0.739002 0.0179392
0.738727 0.01797
0.738451 0.018001
0.738173 0.0180321
0.737895 0.0180634
0.737615 0.0180948
0.737334 0.0181264
0.737053 0.0181581
0.73677 0.01819
0.736485 0.0182221
0.7362 0.0182543
0.735914 0.0182867
0.735626 0.0183192
0.735337 0.018352
0.735047 0.0183848
0.734756 0.0184179
0.734464 0.0184511
0.73417 0.0184845
0.733876 0.018518
0.73358 0.0185517
0.733283 0.0185856
0.732984 0.0186197
0.732685 0.0186539
0.732384 0.0186884
0.732082 0.018723
0.731779 0.0187578
0.731474 0.0187927
0.731168 0.0188279
0.730861 0.0188632
0.730553 0.0188987
0.730243 0.0189344
0.729932 0.0189703
0.729619 0.0190064
0.729306 0.0190427
0.728991 0.0190791
0.728675 0.0191158
0.728357 0.0191526
0.728038 0.0191897
0.727718 0.0192269
0.727396 0.0192644
0.727073 0.019302
0.726748 0.0193399
0.726422 0.019378
0.726095 0.0194162
0.725766 0.0194547
0.725436 0.0194934
0.725105 0.0195323
0.724772 0.0195714
0.724437 0.0196108
0.724101 0.0196503
0.723764 0.0196901
0.723425 0.0197301
0.723085 0.0197703
0.722743 0.0198107
0.7224 0.0198514
0.722055 0.0198923
0.721708 0.0199334
0.721361 0.0199748
0.721011 0.0200164
0.72066 0.0200582
0.720308 0.0201002
0.719953 0.0201425
0.719598 0.0201851
0.71924 0.0202279
0.718882 0.0202709
0.718521 0.0203142
0.718159 0.0203577
0.717795 0.0204015
0.71743 0.0204455
0.717063 0.0204898
0.716694 0.0205344
0.716323 0.0205792
0.715951 0.0206243
0.715577 0.0206696
0.715202 0.0207152
0.714824 0.0207611
0.714445 0.0208073
0.714065 0.0208537
0.713682 0.0209004
0.713298 0.0209474
0.712912 0.0209946
0.712524 0.0210422
0.712134 0.02109
0.711743 0.0211381
0.711349 0.0211866
0.710954 0.0212353
0.710557 0.0212843
0.710158 0.0213336
0.709758 0.0213832
0.709355 0.0214331
0.70895 0.0214833
0.708544 0.0215339
0.708135 0.0215847
0.707725 0.0216359
0.707313 0.0216874
0.706898 0.0217392
0.706482 0.0217913
0.706064 0.0218437
0.705643 0.0218965
0.705221 0.0219497
0.704797 0.0220031
0.70437 0.0220569
0.703942 0.022111
0.703511 0.0221655
0.703078 0.0222204
0.702644 0.0222755
0.702207 0.0223311
0.701768 0.022387
0.701326 0.0224432
0.700883 0.0224999
0.700437 0.0225569
0.69999 0.0226142
0.69954 0.022672
0.699087 0.0227301
0.698633 0.0227886
0.698176 0.0228475
0.697717 0.0229068
0.697256 0.0229665
0.696792 0.0230266
0.696326 0.023087
0.695858 0.0231479
0.695387 0.0232092
0.694914 0.0232709
0.694439 0.023333
0.693961 0.0233956
0.69348 0.0234586
0.692998 0.023522
0.692513 0.0235858
0.692025 0.0236501
0.691535 0.0237148
0.691042 0.02378
0.690547 0.0238456
0.690049 0.0239116
0.689549 0.0239782
0.689046 0.0240452
0.68854 0.0241126
0.688032 0.0241806
0.687521 0.024249
0.687008 0.0243179
0.686492 0.0243873
0.685973 0.0244571
0.685451 0.0245275
0.684927 0.0245984
0.6844 0.0246698
0.68387 0.0247417
0.683337 0.0248141
0.682802 0.0248871
0.682263 0.0249606
0.681722 0.0250346
0.681178 0.0251091
0.680631 0.0251842
0.680081 0.0252599
0.679528 0.0253361
0.678972 0.0254129
0.678413 0.0254902
0.677852 0.0255681
0.677287 0.0256466
0.676719 0.0257257
0.676148 0.0258054
0.675574 0.0258857
0.674996 0.0259666
0.674416 0.0260481
0.673832 0.0261302
0.673246 0.0262129
0.672656 0.0262963
0.672062 0.0263803
0.671466 0.026465
0.670866 0.0265503
0.670263 0.0266363
0.669657 0.026723
0.669047 0.0268103
0.668434 0.0268983
0.667817 0.026987
0.667197 0.0270764
0.666573 0.0271665
0.665946 0.0272573
0.665316 0.0273488
0.664682 0.0274411
0.664044 0.0275341
0.663403 0.0276278
0.662758 0.0277223
0.66211 0.0278175
0.661458 0.0279136
0.660802 0.0280104
0.660142 0.028108
0.659479 0.0282064
0.658812 0.0283056
0.658141 0.0284056
0.657466 0.0285064
0.656787 0.0286081
0.656105 0.0287106
0.655418 0.028814
0.654728 0.0289182
0.654033 0.0290233
0.653335 0.0291293
0.652632 0.0292362
0.651926 0.0293439
0.651215 0.0294526
0.6505 0.0295623
0.649781 0.0296728
0.649058 0.0297843
0.64833 0.0298968
0.647599 0.0300102
0.646863 0.0301247
0.646122 0.0302401
0.645378 0.0303565
0.644629 0.0304739
0.643875 0.0305924
0.643117 0.0307119
0.642355 0.0308325
0.641588 0.0309541
0.640816 0.0310768
0.64004 0.0312006
0.639259 0.0313255
0.638474 0.0314515
0.637684 0.0315787
0.636889 0.031707
0.636089 0.0318365
0.635285 0.0319671
0.634475 0.032099
0.633661 0.032232
0.632842 0.0323663
0.632018 0.0325018
0.631189 0.0326385
0.630355 0.0327766
0.629516 0.0329159
0.628672 0.0330565
0.627823 0.0331984
0.626968 0.0333417
0.626109 0.0334863
0.625244 0.0336323
0.624374 0.0337796
0.623498 0.0339284
0.622617 0.0340786
0.621731 0.0342302
0.620839 0.0343833
0.619942 0.0345378
0.61904 0.0346939
0.618131 0.0348515
0.617218 0.0350106
0.616298 0.0351712
0.615373 0.0353335
0.614442 0.0354973
0.613506 0.0356628
0.612563 0.0358299
0.611615 0.0359987
0.610661 0.0361691
0.609701 0.0363413
0.608735 0.0365151
0.607763 0.0366908
0.606785 0.0368682
0.605801 0.0370474
0.604811 0.0372284
0.603814 0.0374113
0.602812 0.0375961
0.601803 0.0377828
0.600788 0.0379713
0.599766 0.0381619
0.598738 0.0383544
0.597704 0.038549
0.596663 0.0387455
0.595616 0.0389442
0.594562 0.0391449
0.593501 0.0393477
0.592434 0.0395527
0.591361 0.0397599
0.59028 0.0399693
0.589193 0.0401809
0.588099 0.0403948
0.586998 0.0406111
0.58589 0.0408296
0.584775 0.0410506
0.583653 0.0412739
0.582524 0.0414997
0.581388 0.0417279
0.580245 0.0419587
0.579095 0.042192
0.577938 0.0424279
0.576773 0.0426665
0.575601 0.0429077
0.574422 0.0431515
0.573235 0.0433982
0.572041 0.0436476
0.57084 0.0438998
0.569631 0.0441549
0.568414 0.0444129
0.56719 0.0446738
0.565958 0.0449378
0.564718 0.0452047
0.563471 0.0454748
0.562216 0.0457479
0.560953 0.0460243
0.559683 0.0463038
0.558404 0.0465867
0.557118 0.0468728
0.555823 0.0471623
0.554521 0.0474553
0.553211 0.0477517
0.551892 0.0480516
0.550565 0.0483551
0.549231 0.0486622
0.547888 0.048973
0.546537 0.0492876
0.545177 0.0496059
0.54381 0.0499281
0.542433 0.0502542
0.541049 0.0505844
0.539656 0.0509185
0.538255 0.0512567
0.536845 0.0515991
0.535427 0.0519458
0.534001 0.0522967
0.532565 0.052652
0.531122 0.0530117
0.529669 0.0533759
0.528208 0.0537447
0.526739 0.0541182
0.52526 0.0544963
0.523773 0.0548792
0.522277 0.055267
0.520773 0.0556598
0.51926 0.0560575
0.517738 0.0564604
0.516207 0.0568684
0.514667 0.0572817
0.513119 0.0577004
0.511561 0.0581244
0.509995 0.058554
0.50842 0.0589892
0.506836 0.0594301
0.505243 0.0598768
0.503641 0.0603294
0.502031 0.0607879
0.500411 0.0612525
0.498783 0.0617233
0.497145 0.0622003
0.495499 0.0626838
0.493844 0.0631737
0.49218 0.0636701
0.490507 0.0641733
0.488825 0.0646832
0.487134 0.0652001
0.485435 0.0657239
0.483727 0.0662549
0.482009 0.0667931
0.480283 0.0673387
0.478549 0.0678918
0.476805 0.0684525
0.475053 0.0690209
0.473292 0.0695972
0.471523 0.0701814
0.469744 0.0707738
0.467958 0.0713744
0.466162 0.0719834
0.464358 0.0726009
0.462546 0.0732271
0.460725 0.0738621
0.458896 0.074506
0.457059 0.075159
0.455213 0.0758212
0.453359 0.0764929
0.451497 0.077174
0.449627 0.0778649
0.447749 0.0785657
0.445863 0.0792764
0.443969 0.0799974
0.442067 0.0807286
0.440158 0.0814705
0.438241 0.082223
0.436317 0.0829863
0.434385 0.0837607
0.432445 0.0845463
0.430499 0.0853434
0.428545 0.086152
0.426584 0.0869724
0.424616 0.0878048
0.422642 0.0886493
0.42066 0.0895062
0.418673 0.0903756
0.416678 0.0912578
0.414677 0.092153
0.41267 0.0930613
0.410657 0.0939831
0.408638 0.0949184
0.406614 0.0958675
0.404583 0.0968307
0.402547 0.0978082
0.400506 0.0988001
0.398459 0.0998068
0.396407 0.100828
0.394351 0.101865
0.392289 0.102917
0.390223 0.103985
0.388153 0.105069
0.386078 0.106169
0.384 0.107285
0.381917 0.108418
0.379831 0.109568
0.377741 0.110735
0.375648 0.11192
0.373552 0.113122
0.371453 0.114342
0.369351 0.115581
0.367247 0.116838
0.36514 0.118113
0.363032 0.119408
0.360921 0.120722
0.358809 0.122056
0.356695 0.12341
0.35458 0.124784
0.352465 0.126179
0.350348 0.127594
0.348231 0.12903
0.346113 0.130488
0.343996 0.131968
0.341879 0.133469
0.339762 0.134993
0.337646 0.13654
0.33553 0.138109
0.333416 0.139702
0.331303 0.141318
0.329192 0.142958
0.327083 0.144623
0.324976 0.146312
0.322871 0.148025
0.320769 0.149764
0.31867 0.151529
0.316574 0.153319
0.314481 0.155135
0.312392 0.156978
0.310307 0.158848
0.308226 0.160744
0.30615 0.162669
0.304078 0.164621
0.302011 0.1666
0.299949 0.168609
0.297893 0.170646
0.295843 0.172712
0.293798 0.174808
0.29176 0.176933
0.289728 0.179088
0.287703 0.181274
0.285685 0.18349
0.283674 0.185737
0.28167 0.188015
0.279675 0.190325
0.277687 0.192667
0.275707 0.195041
0.273736 0.197447
0.271773 0.199886
0.26982 0.202358
0.267875 0.204864
0.26594 0.207403
0.264014 0.209976
0.262098 0.212583
0.260193 0.215224
0.258297 0.2179
0.256412 0.22061
0.254537 0.223356
0.252674 0.226137
0.250821 0.228954
0.24898 0.231806
0.24715 0.234694
0.245331 0.237618
0.243525 0.240579
0.24173 0.243576
0.239948 0.24661
0.238178 0.24968
0.23642 0.252787
0.234675 0.255932
0.232943 0.259113
0.231224 0.262332
0.229518 0.265587
0.227825 0.268881
0.226146 0.272211
0.22448 0.275579
0.222828 0.278985
0.22119 0.282428
0.219565 0.285908
0.217955 0.289426
0.216358 0.292982
0.214776 0.296574
0.213209 0.300204
0.211655 0.303871
0.210116 0.307575
0.208592 0.311316
0.207083 0.315093
0.205588 0.318908
0.204108 0.322758
0.202643 0.326644
0.201192 0.330567
0.199757 0.334525
0.198337 0.338518
0.196932 0.342546
0.195542 0.346609
0.194167 0.350706
0.192807 0.354837
0.191463 0.359002
0.190134 0.3632
0.18882 0.36743
0.187521 0.371692
0.186237 0.375986
0.184969 0.380311
0.183716 0.384667
0.182478 0.389053
0.181256 0.393468
0.180049 0.397912
0.178856 0.402384
0.17768 0.406883
0.176518 0.411409
0.175371 0.415961
0.17424 0.420538
0.173123 0.42514
0.172022 0.429765
0.170935 0.434414
0.169863 0.439084
0.168807 0.443775
0.167765 0.448487
0.166737 0.453218
0.165725 0.457968
0.164727 0.462735
0.163743 0.467518
0.162774 0.472317
0.16182 0.477131
0.160879 0.481958
0.159953 0.486797
0.159041 0.491648
0.158143 0.49651
0.15726 0.50138
0.15639 0.506259
0.155533 0.511145
0.154691 0.516036
0.153862 0.520933
0.153046 0.525833
0.152244 0.530735
0.151456 0.535639
0.15068 0.540543
0.149918 0.545446
0.149168 0.550347
0.148432 0.555245
0.147708 0.560138
0.146997 0.565025
0.146298 0.569906
0.145612 0.574779
0.144938 0.579642
0.144276 0.584495
0.143626 0.589337
0.142988 0.594166
0.142362 0.598981
0.141748 0.603781
0.141145 0.608565
0.140554 0.613332
0.139974 0.618081
0.139406 0.622811
0.138848 0.62752
0.138302 0.632208
0.137766 0.636873
0.137241 0.641515
0.136726 0.646133
0.136222 0.650725
0.135728 0.655291
0.135245 0.65983
0.134772 0.66434
0.134308 0.668822
0.133855 0.673273
0.133411 0.677694
0.132976 0.682083
0.132552 0.686441
0.132136 0.690765
0.13173 0.695055
0.131332 0.699311
0.130944 0.703532
0.130565 0.707717
0.130194 0.711866
0.129832 0.715978
0.129478 0.720053
0.129133 0.724089
0.128796 0.728087
0.128467 0.732047
0.128146 0.735967
0.127833 0.739847
0.127527 0.743687
0.12723 0.747487
0.126939 0.751246
0.126657 0.754964
0.126381 0.758641
0.126113 0.762276
0.125852 0.76587
0.125597 0.769422
0.12535 0.772931
0.125109 0.776399
0.124875 0.779824
0.124647 0.783208
0.124426 0.786548
0.124211 0.789847
0.124003 0.793103
0.1238 0.796317
0.123604 0.799488
0.123413 0.802618
0.123229 0.805705
0.12305 0.808751
0.122876 0.811754
0.122708 0.814716
0.122546 0.817636
0.122389 0.820515
0.122237 0.823353
0.12209 0.82615
0.121948 0.828906
0.121812 0.831622
0.12168 0.834298
0.121553 0.836934
0.121431 0.83953
0.121313 0.842087
0.1212 0.844605
0.121091 0.847084
0.120987 0.849525
0.120887 0.851929
0.120791 0.854294
0.1207 0.856622
0.120612 0.858914
0.120529 0.861169
0.12045 0.863388
0.120374 0.865571
0.120302 0.867718
0.120234 0.869831
0.12017 0.87191
0.120109 0.873954
0.120052 0.875964
0.119998 0.877942
0.119948 0.879886
0.119901 0.881798
0.119857 0.883678
0.119817 0.885527
0.119779 0.887344
0.119745 0.88913
0.119714 0.890886
0.119686 0.892613
0.11966 0.894309
0.119638 0.895977
0.119618 0.897616
0.119602 0.899227
0.119588 0.90081
0.119576 0.902366
0.119567 0.903895
0.119561 0.905397
0.119558 0.906873
0.119556 0.908324
0.119558 0.909749
0.119561 0.911149
0.119568 0.912525
0.119576 0.913877
0.119586 0.915205
0.119599 0.916509
0.119614 0.917791
0.119631 0.91905
0.119651 0.920287
0.119672 0.921502
0.119695 0.922696
0.119721 0.923868
0.119748 0.92502
0.119777 0.926151
0.119808 0.927263
0.119841 0.928355
0.119876 0.929427
0.119913 0.930481
0.119951 0.931516
0.119991 0.932532
0.120033 0.933531
0.120076 0.934512
0.120121 0.935476
0.120167 0.936422
0.120216 0.937352
0.120265 0.938265
0.120316 0.939163
0.120369 0.940044
0.120423 0.94091
0.120479 0.94176
0.120536 0.942596
0.120594 0.943417
0.120654 0.944223
0.120715 0.945016
0.120777 0.945794
0.120841 0.946559
0.120906 0.94731
0.120972 0.948048
0.12104 0.948773
0.121108 0.949486
0.121178 0.950186
0.121249 0.950874
0.121321 0.95155
0.121394 0.952214
0.121468 0.952866
0.121544 0.953507
0.12162 0.954138
0.121698 0.954757
0.121776 0.955365
0.121856 0.955963
0.121936 0.956551
0.122018 0.957129
0.1221 0.957697
0.122184 0.958255
0.122268 0.958803
0.122353 0.959342
0.122439 0.959872
0.122527 0.960393
0.122614 0.960905
0.122703 0.961408
0.122793 0.961903
0.122883 0.962389
0.122975 0.962867
0.123067 0.963338
0.123159 0.9638
0.123253 0.964254
0.123348 0.964701
0.123443 0.965141
0.123539 0.965573
0.123635 0.965997
0.123733 0.966415
0.123831 0.966826
0.123929 0.96723
0.124029 0.967628
0.124129 0.968019
0.12423 0.968403
0.124331 0.968781
0.124433 0.969153
0.124536 0.969519
0.124639 0.969879
0.124743 0.970233
0.124848 0.970581
0.124953 0.970924
0.125059 0.971261
0.125165 0.971593
0.125272 0.971919
0.12538 0.972241
0.125488 0.972557
0.125596 0.972868
0.125705 0.973174
0.125815 0.973475
0.125925 0.973771
0.126036 0.974063
0.126147 0.97435
0.126259 0.974633
0.126371 0.974911
0.126484 0.975184
0.126597 0.975454
0.126711 0.975719
0.126825 0.975981
0.12694 0.976238
0.127055 0.976491
0.127171 0.97674
0.127287 0.976985
0.127403 0.977227
0.12752 0.977465
0.127637 0.977699
0.127755 0.97793
0.127873 0.978157
0.127992 0.978381
0.128111 0.978602
0.128231 0.978819
0.12835 0.979032
0.128471 0.979243
0.128591 0.97945
0.128712 0.979655
0.128834 0.979856
0.128956 0.980054
0.129078 0.98025
0.1292 0.980442
0.129323 0.980632
0.129447 0.980819
0.12957 0.981003
0.129694 0.981184
0.129819 0.981363
0.129943 0.981539
0.130068 0.981713
0.130194 0.981884
0.130319 0.982053
0.130446 0.982219
0.130572 0.982383
0.130699 0.982544
0.130826 0.982703
0.130953 0.98286
0.131081 0.983015
0.131209 0.983167
0.131337 0.983317
0.131466 0.983466
0.131595 0.983612
0.131724 0.983756
0.131854 0.983898
0.131984 0.984038
0.132114 0.984176
0.132244 0.984312
0.132375 0.984446
0.132506 0.984579
0.132637 0.984709
0.132769 0.984838
0.132901 0.984965
0.133033 0.98509
0.133166 0.985214
0.133298 0.985336
0.133431 0.985456
0.133565 0.985575
0.133698 0.985692
0.133832 0.985807
0.133966 0.985921
0.134101 0.986033
0.134235 0.986144
0.13437 0.986254
0.134505 0.986361
0.134641 0.986468
0.134776 0.986573
0.134912 0.986677
0.135049 0.986779
0.135185 0.98688
0.135322 0.98698
0.135459 0.987078
0.135596 0.987175
0.135733 0.987271
0.135871 0.987365
0.136009 0.987459
0.136147 0.987551
0.136286 0.987642
0.136424 0.987731
0.136563 0.98782
0.136702 0.987907
0.136842 0.987994
0.136981 0.988079
0.137121 0.988163
0.137261 0.988246
0.137402 0.988328
0.137542 0.988409
0.137683 0.988489
0.137824 0.988568
0.137965 0.988646
0.138107 0.988723
0.138249 0.988799
0.13839 0.988875
0.138533 0.988949
0.138675 0.989022
0.138818 0.989094
0.138961 0.989166
0.139104 0.989236
0.139247 0.989306
0.13939 0.989375
0.139534 0.989443
0.139678 0.98951
0.139822 0.989577
0.139967 0.989642
0.140111 0.989707
0.140256 0.989771
0.140401 0.989834
0.140547 0.989897
0.140692 0.989958
0.140838 0.990019
0.140984 0.990079
0.14113 0.990139
0.141277 0.990198
0.141423 0.990256
0.14157 0.990313
0.141717 0.99037
0.141864 0.990426
0.142012 0.990482
0.14216 0.990536
0.142307 0.99059
0.142456 0.990644
0.142604 0.990697
0.142753 0.990749
0.142901 0.990801
0.14305 0.990852
0.1432 0.990902
0.143349 0.990952
0.143499 0.991001
0.143648 0.99105
0.143799 0.991098
0.143949 0.991146
0.144099 0.991193
0.14425 0.991239
0.144401 0.991285
0.144552 0.991331
0.144704 0.991375
0.144855 0.99142
0.145007 0.991464
0.145159 0.991507
0.145311 0.99155
0.145464 0.991593
0.145616 0.991635
0.145769 0.991676
0.145923 0.991717
0.146076 0.991758
0.146229 0.991798
0.146383 0.991837
0.146537 0.991877
0.146691 0.991915
0.146846 0.991954
0.147 0.991992
0.147155 0.992029
0.14731 0.992066
0.147466 0.992103
0.147621 0.992139
0.147777 0.992175
0.147933 0.99221
0.148089 0.992245
0.148246 0.99228
0.148402 0.992314
0.148559 0.992348
0.148716 0.992382
0.148874 0.992415
0.149031 0.992448
0.149189 0.99248
0.149347 0.992513
0.149505 0.992544
0.149664 0.992576
0.149822 0.992607
0.149981 0.992638
0.15014 0.992668
0.1503 0.992698
0.150459 0.992728
0.150619 0.992757
0.150779 0.992786
0.150939 0.992815
0.1511 0.992844
0.151261 0.992872
0.151422 0.9929
0.151583 0.992927
0.151744 0.992955
0.151906 0.992982
0.152068 0.993008
0.15223 0.993035
0.152392 0.993061
0.152555 0.993087
0.152718 0.993112
0.152881 0.993137
0.153044 0.993162
0.153208 0.993187
0.153372 0.993212
0.153536 0.993236
0.1537 0.99326
0.153865 0.993284
0.15403 0.993307
0.154195 0.99333
0.15436 0.993353
0.154526 0.993376
0.154691 0.993399
0.154857 0.993421
0.155024 0.993443
0.15519 0.993465
0.155357 0.993486
0.155524 0.993507
0.155691 0.993528
0.155859 0.993549
0.156027 0.99357
0.156195 0.99359
0.156363 0.993611
0.156532 0.993631
0.156701 0.99365
0.15687 0.99367
0.157039 0.993689
0.157209 0.993708
0.157379 0.993727
0.157549 0.993746
0.157719 0.993765
0.15789 0.993783
0.158061 0.993801
0.158232 0.993819
0.158404 0.993837
0.158575 0.993854
0.158747 0.993872
0.15892 0.993889
0.159092 0.993906
0.159265 0.993923
0.159438 0.99394
0.159612 0.993956
0.159786 0.993972
0.159959 0.993988
0.160134 0.994004
0.160308 0.99402
0.160483 0.994036
0.160658 0.994051
0.160834 0.994067
0.161009 0.994082
0.161185 0.994097
0.161362 0.994111
0.161538 0.994126
0.161715 0.99414
0.161892 0.994155
0.162069 0.994169
0.162247 0.994183
0.162425 0.994197
0.162604 0.99421
0.162782 0.994224
0.162961 0.994237
0.16314 0.994251
0.16332 0.994264
0.1635 0.994277
0.16368 0.99429
0.16386 0.994302
0.164041 0.994315
0.164222 0.994327
0.164403 0.994339
0.164585 0.994351
0.164767 0.994363
0.164949 0.994375
0.165132 0.994387
0.165315 0.994399
0.165498 0.99441
0.165682 0.994421
0.165866 0.994433
0.16605 0.994444
0.166235 0.994455
0.16642 0.994465
0.166605 0.994476
0.16679 0.994487
0.166976 0.994497
0.167162 0.994507
0.167349 0.994518
0.167536 0.994528
0.167723 0.994538
0.167911 0.994547
0.168099 0.994557
0.168287 0.994567
0.168476 0.994576
0.168665 0.994586
0.168854 0.994595
0.169044 0.994604
0.169234 0.994613
0.169424 0.994622
0.169615 0.994631
0.169806 0.99464
0.169997 0.994648
0.170189 0.994657
0.170381 0.994665
0.170574 0.994673
0.170767 0.994681
0.17096 0.99469
0.171154 0.994698
0.171348 0.994705
0.171542 0.994713
0.171737 0.994721
0.171932 0.994728
0.172127 0.994736
0.172323 0.994743
0.17252 0.994751
0.172716 0.994758
0.172913 0.994765
0.173111 0.994772
0.173309 0.994779
0.173507 0.994786
0.173705 0.994792
0.173904 0.994799
0.174104 0.994805
0.174304 0.994812
0.174504 0.994818
0.174705 0.994824
0.174906 0.994831
0.175107 0.994837
0.175309 0.994843
0.175511 0.994848
0.175714 0.994854
0.175917 0.99486
0.176121 0.994866
0.176325 0.994871
0.176529 0.994877
0.176734 0.994882
0.176939 0.994887
0.177145 0.994893
0.177351 0.994898
0.177557 0.994903
0.177764 0.994908
0.177972 0.994913
0.178179 0.994917
0.178388 0.994922
0.178596 0.994927
0.178806 0.994931
0.179015 0.994936
0.179225 0.99494
0.179436 0.994944
0.179647 0.994949
0.179858 0.994953
0.18007 0.994957
0.180283 0.994961
0.180496 0.994965
0.180709 0.994969
0.180923 0.994973
0.181137 0.994976
0.181352 0.99498
0.181567 0.994983
0.181783 0.994987
0.181999 0.99499
0.182216 0.994994
0.182433 0.994997
0.182651 0.995
0.182869 0.995003
0.183088 0.995006
0.183307 0.995009
0.183526 0.995012
0.183747 0.995015
0.183967 0.995018
0.184189 0.995021
0.18441 0.995023
0.184633 0.995026
0.184855 0.995028
0.185079 0.995031
0.185303 0.995033
0.185527 0.995035
0.185752 0.995038
0.185977 0.99504
0.186203 0.995042
0.18643 0.995044
0.186657 0.995046
0.186885 0.995048
0.187113 0.995049
0.187341 0.995051
0.187571 0.995053
0.187801 0.995054
0.188031 0.995056
0.188262 0.995058
0.188494 0.995059
0.188726 0.99506
0.188958 0.995062
0.189192 0.995063
0.189425 0.995064
0.18966 0.995065
0.189895 0.995066
0.190131 0.995067
0.190367 0.995068
0.190604 0.995069
0.190841 0.99507
0.191079 0.99507
0.191318 0.995071
0.191557 0.995072
0.191797 0.995072
0.192037 0.995073
0.192278 0.995073
0.19252 0.995074
0.192763 0.995074
0.193006 0.995074
0.193249 0.995074
0.193493 0.995074
0.193738 0.995074
0.193984 0.995074
0.19423 0.995074
0.194477 0.995074
0.194725 0.995074
0.194973 0.995074
0.195222 0.995073
0.195471 0.995073
0.195721 0.995073
0.195972 0.995072
0.196224 0.995072
0.196476 0.995071
0.196729 0.99507
0.196983 0.99507
0.197237 0.995069
0.197492 0.995068
0.197748 0.995067
0.198004 0.995066
0.198262 0.995065
0.19852 0.995064
0.198778 0.995063
0.199038 0.995062
0.199298 0.99506
0.199559 0.995059
0.19982 0.995058
0.200082 0.995056
0.200346 0.995055
0.200609 0.995053
0.200874 0.995052
0.201139 0.99505
0.201405 0.995048
0.201672 0.995047
0.20194 0.995045
0.202208 0.995043
0.202478 0.995041
0.202748 0.995039
0.203019 0.995037
0.20329 0.995035
0.203563 0.995033
0.203836 0.99503
0.20411 0.995028
0.204385 0.995026
0.204661 0.995023
0.204937 0.995021
0.205214 0.995018
0.205493 0.995016
0.205772 0.995013
0.206052 0.99501
0.206332 0.995008
0.206614 0.995005
0.206897 0.995002
0.20718 0.994999
0.207464 0.994996
0.207749 0.994993
0.208035 0.99499
0.208322 0.994987
0.20861 0.994984
0.208899 0.99498
0.209188 0.994977
0.209479 0.994973
0.20977 0.99497
0.210063 0.994967
0.210356 0.994963
0.21065 0.994959
0.210946 0.994956
0.211242 0.994952
0.211539 0.994948
0.211837 0.994944
0.212136 0.99494
0.212436 0.994936
0.212737 0.994932
0.213039 0.994928
0.213342 0.994924
0.213646 0.99492
0.213951 0.994915
0.214257 0.994911
0.214564 0.994907
0.214872 0.994902
0.215181 0.994898
0.215491 0.994893
0.215802 0.994889
0.216115 0.994884
0.216428 0.994879
0.216742 0.994874
0.217058 0.994869
0.217374 0.994864
0.217692 0.994859
0.21801 0.994854
0.21833 0.994849
0.218651 0.994844
0.218973 0.994839
0.219296 0.994833
0.21962 0.994828
0.219946 0.994823
0.220272 0.994817
0.2206 0.994811
0.220929 0.994806
0.221259 0.9948
0.22159 0.994794
0.221922 0.994788
0.222256 0.994783
0.222591 0.994777
0.222927 0.994771
0.223264 0.994765
0.223602 0.994758
0.223942 0.994752
0.224283 0.994746
0.224625 0.99474
0.224968 0.994733
0.225313 0.994727
0.225659 0.99472
0.226006 0.994713
0.226354 0.994707
0.226704 0.9947
0.227055 0.994693
0.227407 0.994686
0.227761 0.994679
0.228116 0.994672
0.228473 0.994665
0.22883 0.994658
0.229189 0.994651
0.22955 0.994643
0.229912 0.994636
0.230275 0.994629
0.23064 0.994621
0.231006 0.994614
0.231373 0.994606
0.231742 0.994598
0.232112 0.99459
0.232484 0.994582
0.232857 0.994574
0.233232 0.994566
0.233608 0.994558
0.233986 0.99455
0.234365 0.994542
0.234745 0.994534
0.235127 0.994525
0.235511 0.994517
0.235896 0.994508
0.236283 0.9945
0.236671 0.994491
0.237061 0.994482
0.237453 0.994473
0.237846 0.994464
0.238241 0.994455
0.238637 0.994446
0.239035 0.994437
0.239434 0.994428
0.239836 0.994418
0.240239 0.994409
0.240643 0.994399
0.241049 0.99439
0.241457 0.99438
0.241867 0.99437
0.242278 0.99436
0.242691 0.994351
0.243106 0.994341
0.243523 0.99433
0.243941 0.99432
0.244361 0.99431
0.244783 0.9943
0.245207 0.994289
0.245633 0.994279
0.24606 0.994268
0.24649 0.994257
0.246921 0.994246
0.247354 0.994236
0.247789 0.994225
0.248226 0.994213
0.248664 0.994202
0.249105 0.994191
0.249548 0.99418
0.249992 0.994168
0.250439 0.994157
0.250888 0.994145
0.251338 0.994133
0.251791 0.994121
0.252246 0.994109
0.252702 0.994097
0.253161 0.994085
0.253622 0.994073
0.254085 0.994061
0.25455 0.994048
0.255017 0.994036
0.255487 0.994023
0.255958 0.99401
0.256432 0.993997
0.256908 0.993984
0.257386 0.993971
0.257866 0.993958
0.258349 0.993945
0.258834 0.993931
0.259321 0.993918
0.25981 0.993904
0.260302 0.99389
0.260796 0.993877
0.261292 0.993863
0.261791 0.993849
0.262292 0.993834
0.262796 0.99382
0.263302 0.993806
0.26381 0.993791
0.264321 0.993776
0.264835 0.993761
0.265351 0.993747
0.265869 0.993732
0.26639 0.993716
0.266914 0.993701
0.26744 0.993686
0.267969 0.99367
0.2685 0.993654
0.269034 0.993639
0.269571 0.993623
0.27011 0.993607
0.270652 0.99359
0.271197 0.993574
0.271744 0.993557
0.272294 0.993541
0.272847 0.993524
0.273403 0.993507
0.273962 0.99349
0.274524 0.993473
0.275088 0.993456
0.275655 0.993438
0.276226 0.99342
0.276799 0.993403
0.277375 0.993385
0.277954 0.993367
0.278537 0.993348
0.279122 0.99333
0.27971 0.993312
0.280302 0.993293
0.280896 0.993274
0.281494 0.993255
0.282095 0.993236
0.282699 0.993216
0.283306 0.993197
0.283917 0.993177
0.284531 0.993157
0.285148 0.993137
0.285769 0.993117
0.286392 0.993097
0.28702 0.993076
0.28765 0.993056
0.288284 0.993035
0.288922 0.993014
0.289563 0.992992
0.290208 0.992971
0.290856 0.992949
0.291508 0.992928
0.292163 0.992905
0.292822 0.992883
0.293485 0.992861
0.294151 0.992838
0.294821 0.992816
0.295495 0.992793
0.296173 0.992769
0.296855 0.992746
0.29754 0.992722
0.298229 0.992698
0.298923 0.992674
0.29962 0.99265
0.300321 0.992626
0.301026 0.992601
0.301736 0.992576
0.302449 0.992551
0.303167 0.992526
0.303889 0.9925
0.304614 0.992474
0.305345 0.992448
0.306079 0.992422
0.306818 0.992395
0.307561 0.992368
0.308309 0.992341
0.309061 0.992314
0.309817 0.992287
0.310578 0.992259
0.311343 0.992231
0.312114 0.992202
0.312888 0.992174
0.313668 0.992145
0.314452 0.992116
0.31524 0.992087
0.316034 0.992057
0.316832 0.992027
0.317636 0.991997
0.318444 0.991966
0.319257 0.991935
0.320075 0.991904
0.320898 0.991873
0.321726 0.991841
0.32256 0.991809
0.323398 0.991777
0.324242 0.991744
0.325091 0.991711
0.325945 0.991678
0.326805 0.991644
0.32767 0.99161
0.32854 0.991576
0.329416 0.991541
0.330298 0.991507
0.331185 0.991471
0.332077 0.991436
0.332976 0.9914
0.33388 0.991363
0.33479 0.991326
0.335705 0.991289
0.336627 0.991252
0.337555 0.991214
0.338488 0.991176
0.339428 0.991137
0.340373 0.991098
0.341325 0.991059
0.342283 0.991019
0.343247 0.990979
0.344218 0.990938
0.345195 0.990897
0.346178 0.990855
0.347168 0.990813
0.348164 0.990771
0.349167 0.990728
0.350176 0.990685
0.351193 0.990641
0.352215 0.990597
0.353245 0.990552
0.354282 0.990507
0.355325 0.990461
0.356376 0.990415
0.357434 0.990368
0.358498 0.990321
0.35957 0.990273
0.360649 0.990225
0.361736 0.990176
0.362829 0.990127
0.36393 0.990077
0.365039 0.990027
0.366155 0.989976
0.367279 0.989924
0.36841 0.989872
0.36955 0.989819
0.370697 0.989766
0.371851 0.989712
0.373014 0.989658
0.374185 0.989603
0.375364 0.989547
0.376551 0.98949
0.377746 0.989433
0.37895 0.989376
0.380161 0.989317
0.381381 0.989258
0.38261 0.989198
0.383847 0.989138
0.385093 0.989077
0.386348 0.989015
0.387611 0.988952
0.388883 0.988889
0.390164 0.988825
0.391454 0.98876
0.392753 0.988694
0.394061 0.988627
0.395378 0.98856
0.396705 0.988492
0.39804 0.988423
0.399386 0.988353
0.40074 0.988282
0.402105 0.988211
0.403478 0.988138
0.404862 0.988065
0.406255 0.987991
0.407658 0.987916
0.409071 0.987839
0.410494 0.987762
0.411927 0.987684
0.41337 0.987605
0.414824 0.987525
0.416287 0.987444
0.417761 0.987361
0.419246 0.987278
0.420741 0.987194
0.422246 0.987108
0.423762 0.987022
0.425289 0.986934
0.426826 0.986845
0.428375 0.986755
0.429934 0.986664
0.431504 0.986571
0.433085 0.986477
0.434678 0.986382
0.436281 0.986286
0.437896 0.986189
0.439523 0.98609
0.44116 0.985989
0.442809 0.985888
0.44447 0.985785
0.446142 0.98568
0.447826 0.985574
0.449521 0.985467
0.451229 0.985358
0.452948 0.985247
0.454679 0.985135
0.456422 0.985022
0.458177 0.984907
0.459944 0.98479
0.461723 0.984671
0.463515 0.984551
0.465318 0.984429
0.467134 0.984305
0.468962 0.98418
0.470803 0.984052
0.472656 0.983923
0.474522 0.983792
0.4764 0.983659
0.47829 0.983524
0.480193 0.983387
0.482109 0.983248
0.484038 0.983106
0.485979 0.982963
0.487933 0.982818
0.489899 0.98267
0.491879 0.98252
0.493871 0.982368
0.495876 0.982213
0.497894 0.982056
0.499924 0.981897
0.501968 0.981735
0.504024 0.981571
0.506093 0.981404
0.508175 0.981234
0.51027 0.981062
0.512378 0.980887
0.514498 0.98071
0.516632 0.980529
0.518778 0.980346
0.520937 0.98016
0.523108 0.979971
0.525293 0.979779
0.52749 0.979583
0.5297 0.979385
0.531922 0.979183
0.534157 0.978978
0.536405 0.97877
0.538664 0.978558
0.540937 0.978343
0.543221 0.978124
0.545518 0.977902
0.547827 0.977675
0.550148 0.977446
0.552481 0.977212
0.554826 0.976974
0.557183 0.976733
0.559552 0.976487
0.561932 0.976237
0.564323 0.975983
0.566726 0.975725
0.569141 0.975462
0.571566 0.975195
0.574002 0.974923
0.576449 0.974647
0.578907 0.974366
0.581375 0.97408
0.583854 0.973789
0.586342 0.973493
0.588841 0.973191
0.59135 0.972885
0.593868 0.972573
0.596395 0.972256
0.598932 0.971933
0.601477 0.971605
0.604032 0.97127
0.606595 0.97093
0.609166 0.970584
0.611745 0.970232
0.614333 0.969873
0.616927 0.969508
0.619529 0.969137
0.622139 0.968758
0.624754 0.968374
0.627377 0.967982
0.630005 0.967583
0.63264 0.967177
0.63528 0.966763
0.637925 0.966343
0.640576 0.965914
0.643231 0.965478
0.645891 0.965034
0.648554 0.964582
0.651221 0.964121
0.653892 0.963653
0.656566 0.963175
0.659242 0.962689
0.66192 0.962194
0.664601 0.961691
0.667283 0.961177
0.669966 0.960655
0.672651 0.960123
0.675335 0.959581
0.67802 0.959029
0.680704 0.958467
0.683388 0.957895
0.686071 0.957312
0.688752 0.956718
0.691431 0.956114
0.694108 0.955499
0.696782 0.954872
0.699453 0.954233
0.702121 0.953583
0.704785 0.952921
0.707444 0.952247
0.710099 0.95156
0.712749 0.950861
0.715393 0.950148
0.718031 0.949423
0.720662 0.948685
0.723287 0.947932
0.725905 0.947166
0.728516 0.946386
0.731118 0.945592
0.733712 0.944783
0.736297 0.94396
0.738873 0.943121
0.741439 0.942267
0.743996 0.941398
0.746542 0.940512
0.749077 0.939611
0.751602 0.938693
0.754114 0.937759
0.756615 0.936807
0.759104 0.935839
0.761581 0.934853
0.764044 0.933849
0.766494 0.932827
0.768931 0.931787
0.771354 0.930729
0.773762 0.929651
0.776157 0.928554
0.778536 0.927438
0.7809 0.926302
0.783249 0.925146
0.785581 0.923969
0.787898 0.922772
0.790199 0.921553
0.792483 0.920314
0.794751 0.919053
0.797001 0.917769
0.799234 0.916464
0.80145 0.915136
0.803648 0.913785
0.805828 0.912411
0.80799 0.911013
0.810134 0.909592
0.812259 0.908146
0.814366 0.906676
0.816454 0.905181
0.818523 0.903662
0.820573 0.902116
0.822604 0.900545
0.824615 0.898948
0.826607 0.897324
0.828579 0.895674
0.830532 0.893997
0.832465 0.892292
0.834378 0.89056
0.836271 0.888799
0.838145 0.887011
0.839998 0.885193
0.841831 0.883347
0.843644 0.881472
0.845438 0.879567
0.847211 0.877632
0.848964 0.875667
0.850696 0.873672
0.852409 0.871646
0.854101 0.869589
0.855774 0.8675
0.857426 0.86538
0.859059 0.863228
0.860671 0.861044
0.862263 0.858828
0.863836 0.856578
0.865389 0.854296
0.866922 0.851981
0.868435 0.849632
0.869929 0.847249
0.871403 0.844832
0.872857 0.842381
0.874293 0.839896
0.875709 0.837376
0.877106 0.83482
0.878484 0.83223
0.879843 0.829605
0.881183 0.826944
0.882504 0.824247
0.883807 0.821515
0.885092 0.818746
0.886358 0.815941
0.887606 0.8131
0.888836 0.810222
0.890049 0.807308
0.891243 0.804356
0.89242 0.801368
0.893579 0.798343
0.894721 0.795281
0.895846 0.792182
0.896954 0.789046
0.898045 0.785872
0.89912 0.782661
0.900178 0.779413
0.901219 0.776127
0.902245 0.772804
0.903254 0.769443
0.904247 0.766045
0.905225 0.76261
0.906187 0.759138
0.907134 0.755629
0.908066 0.752082
0.908982 0.748499
0.909884 0.744878
0.910771 0.741221
0.911643 0.737527
0.912501 0.733797
0.913345 0.730031
0.914175 0.726229
0.914991 0.72239
0.915793 0.718517
0.916581 0.714607
0.917356 0.710663
0.918118 0.706684
0.918867 0.702671
0.919603 0.698623
0.920326 0.694542
0.921037 0.690427
0.921735 0.686279
0.922421 0.682099
0.923095 0.677886
0.923757 0.673642
0.924407 0.669366
0.925045 0.66506
0.925672 0.660723
0.926287 0.656356
0.926891 0.651961
0.927485 0.647536
0.928067 0.643084
0.928638 0.638603
0.929199 0.634097
0.92975 0.629563
0.93029 0.625005
0.93082 0.620421
0.93134 0.615814
0.93185 0.611182
0.93235 0.606529
0.93284 0.601853
0.933321 0.597156
0.933793 0.592439
0.934255 0.587702
0.934708 0.582947
0.935152 0.578173
0.935588 0.573383
0.936014 0.568576
0.936432 0.563755
0.936842 0.558919
0.937243 0.554069
0.937635 0.549208
0.93802 0.544334
0.938397 0.539451
0.938765 0.534557
0.939126 0.529655
0.939479 0.524746
0.939825 0.51983
0.940163 0.514908
0.940493 0.509982
0.940817 0.505053
0.941133 0.500121
0.941442 0.495187
0.941744 0.490254
0.94204 0.485321
0.942328 0.480389
0.94261 0.475461
0.942885 0.470536
0.943154 0.465617
0.943417 0.460703
0.943673 0.455796
0.943923 0.450898
0.944167 0.446008
0.944405 0.441129
0.944637 0.436261
0.944863 0.431406
0.945083 0.426563
0.945298 0.421735
0.945507 0.416922
0.945711 0.412126
0.945909 0.407346
0.946102 0.402585
0.94629 0.397844
0.946472 0.393122
0.94665 0.388421
0.946822 0.383743
0.94699 0.379087
0.947152 0.374455
0.94731 0.369848
0.947463 0.365266
0.947611 0.36071
0.947755 0.356182
0.947895 0.351681
0.948029 0.347209
0.94816 0.342766
0.948286 0.338354
0.948408 0.333972
0.948526 0.329622
0.94864 0.325304
0.948749 0.321018
0.948855 0.316766
0.948957 0.312548
0.949055 0.308364
0.949149 0.304215
0.949239 0.300102
0.949326 0.296025
0.949409 0.291984
0.949488 0.28798
0.949564 0.284013
0.949637 0.280084
0.949706 0.276193
0.949772 0.27234
0.949835 0.268526
0.949894 0.26475
0.94995 0.261014
0.950003 0.257317
0.950053 0.253659
0.9501 0.250042
0.950144 0.246464
0.950185 0.242926
0.950224 0.239429
0.950259 0.235971
0.950292 0.232554
0.950322 0.229178
0.950349 0.225841
0.950373 0.222545
0.950395 0.21929
0.950415 0.216074
0.950432 0.212899
0.950446 0.209765
0.950458 0.20667
0.950468 0.203615
0.950475 0.200601
0.95048 0.197625
0.950483 0.19469
0.950484 0.191794
0.950482 0.188937
0.950478 0.18612
0.950473 0.183341
0.950465 0.1806
0.950455 0.177898
0.950443 0.175235
0.950429 0.172609
0.950413 0.17002
0.950395 0.167469
0.950376 0.164955
0.950354 0.162478
0.950331 0.160037
0.950306 0.157632
0.95028 0.155263
0.950251 0.152929
0.950221 0.150631
0.95019 0.148367
0.950156 0.146137
0.950122 0.143942
0.950085 0.14178
0.950047 0.139652
0.950008 0.137557
0.949967 0.135494
0.949925 0.133464
0.949881 0.131465
0.949836 0.129498
0.94979 0.127561
0.949742 0.125656
0.949693 0.123781
0.949643 0.121936
0.949591 0.12012
0.949538 0.118334
0.949484 0.116576
0.949429 0.114846
0.949373 0.113145
0.949315 0.111472
0.949257 0.109825
0.949197 0.108206
0.949136 0.106612
0.949074 0.105045
0.949011 0.103504
0.948948 0.101988
0.948883 0.100497
0.948817 0.099031
0.94875 0.0975889
0.948682 0.0961707
0.948614 0.0947759
0.948544 0.0934043
0.948474 0.0920556
0.948402 0.0907292
0.94833 0.0894249
0.948257 0.0881424
0.948183 0.0868812
0.948109 0.0856411
0.948033 0.0844217
0.947957 0.0832227
0.94788 0.0820438
0.947803 0.0808845
0.947724 0.0797447
0.947645 0.0786239
0.947566 0.077522
0.947485 0.0764384
0.947404 0.075373
0.947322 0.0743255
0.94724 0.0732955
0.947157 0.0722827
0.947073 0.0712869
0.946989 0.0703078
0.946904 0.069345
0.946819 0.0683984
0.946733 0.0674675
0.946647 0.0665523
0.94656 0.0656523
0.946472 0.0647674
0.946384 0.0638972
0.946296 0.0630415
0.946207 0.0622001
0.946117 0.0613727
0.946027 0.0605591
0.945937 0.059759
0.945846 0.0589721
0.945755 0.0581984
0.945663 0.0574374
0.945571 0.0566891
0.945478 0.0559531
0.945385 0.0552293
0.945292 0.0545174
0.945198 0.0538173
0.945104 0.0531287
0.94501 0.0524514
0.944915 0.0517853
0.94482 0.0511301
0.944724 0.0504856
0.944628 0.0498516
0.944532 0.049228
0.944436 0.0486146
0.944339 0.0480111
0.944242 0.0474175
0.944145 0.0468335
0.944047 0.0462589
0.943949 0.0456937
0.943851 0.0451376
0.943752 0.0445904
0.943654 0.0440521
0.943555 0.0435224
0.943456 0.0430012
0.943356 0.0424884
0.943256 0.0419837
0.943157 0.0414872
0.943056 0.0409985
0.942956 0.0405176
0.942856 0.0400443
0.942755 0.0395785
0.942654 0.0391201
0.942553 0.0386689
0.942452 0.0382248
0.94235 0.0377877
0.942248 0.0373574
0.942147 0.0369339
0.942045 0.036517
0.941943 0.0361066
0.94184 0.0357025
0.941738 0.0353048
0.941635 0.0349132
0.941533 0.0345276
0.94143 0.034148
0.941327 0.0337743
0.941224 0.0334062
0.94112 0.0330439
0.941017 0.032687
0.940914 0.0323356
0.94081 0.0319895
0.940706 0.0316487
0.940603 0.0313131
0.940499 0.0309825
0.940395 0.0306569
0.940291 0.0303363
0.940187 0.0300204
0.940083 0.0297092
0.939978 0.0294027
0.939874 0.0291008
0.93977 0.0288034
0.939665 0.0285104
0.939561 0.0282217
0.939456 0.0279372
0.939351 0.027657
0.939247 0.0273809
0.939142 0.0271088
0.939037 0.0268407
0.938932 0.0265766
0.938827 0.0263162
0.938723 0.0260597
0.938618 0.0258068
0.938513 0.0255576
0.938408 0.025312
0.938303 0.02507
0.938198 0.0248314
0.938092 0.0245962
0.937987 0.0243644
0.937882 0.0241358
0.937777 0.0239106
0.937672 0.0236885
0.937567 0.0234695
0.937462 0.0232536
0.937357 0.0230408
0.937251 0.022831
0.937146 0.022624
0.937041 0.02242
0.936936 0.0222188
0.936831 0.0220204
0.936726 0.0218248
0.936621 0.0216318
0.936516 0.0214416
0.936411 0.0212539
0.936305 0.0210688
0.9362 0.0208862
0.936095 0.0207061
0.93599 0.0205285
0.935886 0.0203533
0.935781 0.0201804
0.935676 0.0200099
0.935571 0.0198417
0.935466 0.0196757
0.935361 0.019512
0.935256 0.0193504
0.935152 0.019191
0.935047 0.0190338
0.934942 0.0188786
0.934838 0.0187254
0.934733 0.0185743
0.934629 0.0184252
0.934524 0.018278
0.93442 0.0181328
0.934316 0.0179894
0.934211 0.0178479
0.934107 0.0177083
0.934003 0.0175705
0.933899 0.0174344
0.933795 0.0173001
0.933691 0.0171676
0.933587 0.0170367
0.933483 0.0169075
0.933379 0.0167799
0.933275 0.016654
0.933171 0.0165297
0.933068 0.016407
0.932964 0.0162858
0.932861 0.0161661
0.932757 0.0160479
0.932654 0.0159312
0.93255 0.015816
0.932447 0.0157022
0.932344 0.0155899
0.932241 0.0154789
0.932138 0.0153693
0.932035 0.0152611
0.931932 0.0151541
0.931829 0.0150485
0.931727 0.0149442
0.931624 0.0148412
0.931522 0.0147395
0.931419 0.0146389
0.931317 0.0145396
0.931214 0.0144415
0.931112 0.0143446
0.93101 0.0142488
0.930908 0.0141542
0.930806 0.0140608
0.930704 0.0139684
0.930602 0.0138772
0.930501 0.013787
0.930399 0.0136979
0.930298 0.0136099
0.930196 0.0135229
0.930095 0.0134369
0.929994 0.013352
0.929892 0.013268
0.929791 0.013185
0.92969 0.013103
0.92959 0.013022
0.929489 0.0129419
0.929388 0.0128627
0.929288 0.0127844
0.929187 0.0127071
0.929087 0.0126306
0.928986 0.012555
0.928886 0.0124803
0.928786 0.0124064
0.928686 0.0123334
0.928586 0.0122612
0.928487 0.0121898
0.928387 0.0121192
0.928287 0.0120494
0.928188 0.0119805
0.928088 0.0119122
0.927989 0.0118448
0.92789 0.0117781
0.927791 0.0117122
0.927692 0.011647
0.927593 0.0115825
0.927494 0.0115187
0.927396 0.0114557
0.927297 0.0113933
0.927199 0.0113316
0.9271 0.0112706
0.927002 0.0112103
0.926904 0.0111506
0.926806 0.0110916
0.926708 0.0110332
0.92661 0.0109755
0.926512 0.0109184
0.926415 0.0108619
0.926317 0.010806
0.92622 0.0107507
0.926123 0.010696
0.926026 0.0106419
0.925929 0.0105884
0.925832 0.0105355
0.925735 0.0104831
0.925638 0.0104313
0.925542 0.01038
0.925445 0.0103293
0.925349 0.0102791
0.925252 0.0102294
0.925156 0.0101803
0.92506 0.0101317
0.924964 0.0100836
0.924868 0.010036
0.924773 0.00998885
0.924677 0.00994224
0.924582 0.00989611
0.924486 0.00985045
0.924391 0.00980528
0.924296 0.00976057
0.924201 0.00971632
0.924106 0.00967253
0.924011 0.00962918
0.923916 0.00958629
0.923822 0.00954383
0.923727 0.00950181
0.923633 0.00946022
0.923539 0.00941905
0.923445 0.0093783
0.923351 0.00933796
0.923257 0.00929803
0.923163 0.00925851
0.923069 0.00921938
0.922976 0.00918065
0.922882 0.00914231
0.922789 0.00910436
0.922696 0.00906678
0.922603 0.00902958
0.92251 0.00899276
0.922417 0.00895629
0.922324 0.0089202
0.922231 0.00888446
0.922139 0.00884907
0.922046 0.00881404
0.921954 0.00877935
0.921862 0.00874501
0.92177 0.008711
0.921678 0.00867733
0.921586 0.00864399
0.921494 0.00861097
0.921403 0.00857828
0.921311 0.00854591
0.92122 0.00851385
0.921129 0.0084821
0.921037 0.00845067
0.920946 0.00841954
0.920855 0.00838871
0.920765 0.00835817
0.920674 0.00832794
0.920583 0.00829799
0.920493 0.00826834
0.920403 0.00823897
0.920312 0.00820988
0.920222 0.00818107
0.920132 0.00815253
0.920042 0.00812427
0.919953 0.00809628
0.919863 0.00806855
0.919774 0.00804109
0.919684 0.00801389
0.919595 0.00798695
0.919506 0.00796026
0.919417 0.00793383
0.919328 0.00790764
0.919239 0.0078817
0.91915 0.00785601
0.919061 0.00783056
0.918973 0.00780535
0.918885 0.00778037
0.918796 0.00775563
0.918708 0.00773112
0.91862 0.00770684
0.918532 0.00768278
0.918444 0.00765895
0.918357 0.00763534
0.918269 0.00761195
0.918182 0.00758878
0.918094 0.00756583
0.918007 0.00754308
0.91792 0.00752055
0.917833 0.00749823
0.917746 0.00747611
0.917659 0.00745419
0.917573 0.00743248
0.917486 0.00741097
0.9174 0.00738965
0.917313 0.00736853
0.917227 0.00734761
0.917141 0.00732687
0.917055 0.00730633
0.916969 0.00728597
0.916883 0.0072658
0.916798 0.00724582
0.916712 0.00722601
0.916627 0.00720639
0.916541 0.00718694
0.916456 0.00716768
0.916371 0.00714858
0.916286 0.00712966
0.916201 0.00711091
0.916116 0.00709234
0.916032 0.00707393
0.915947 0.00705568
0.915863 0.0070376
0.915778 0.00701969
0.915694 0.00700193
0.91561 0.00698434
0.915526 0.0069669
0.915442 0.00694962
0.915359 0.0069325
0.915275 0.00691553
0.915191 0.00689871
0.915108 0.00688204
0.915025 0.00686552
0.914941 0.00684915
0.914858 0.00683293
0.914775 0.00681685
0.914692 0.00680092
0.91461 0.00678513
0.914527 0.00676947
0.914444 0.00675396
0.914362 0.00673859
0.91428 0.00672335
0.914197 0.00670825
0.914115 0.00669329
0.914033 0.00667845
0.913951 0.00666375
0.91387 0.00664918
0.913788 0.00663474
0.913706 0.00662043
0.913625 0.00660624
0.913543 0.00659219
0.913462 0.00657825
0.913381 0.00656444
0.9133 0.00655075
0.913219 0.00653718
0.913138 0.00652373
0.913058 0.00651041
0.912977 0.0064972
0.912896 0.0064841
0.912816 0.00647112
0.912736 0.00645826
0.912656 0.00644551
0.912575 0.00643288
0.912496 0.00642035
0.912416 0.00640794
0.912336 0.00639563
0.912256 0.00638344
0.912177 0.00637135
0.912097 0.00635937
0.912018 0.00634749
0.911939 0.00633572
0.911859 0.00632405
0.91178 0.00631249
0.911701 0.00630103
0.911623 0.00628967
0.911544 0.00627841
0.911465 0.00626724
0.911387 0.00625618
0.911308 0.00624522
0.91123 0.00623435
0.911152 0.00622358
0.911074 0.0062129
0.910996 0.00620232
0.910918 0.00619183
0.91084 0.00618143
0.910762 0.00617113
0.910685 0.00616091
0.910607 0.00615079
0.91053 0.00614076
0.910453 0.00613081
0.910375 0.00612096
0.910298 0.00611119
0.910221 0.0061015
0.910144 0.00609191
0.910068 0.00608239
0.909991 0.00607297
0.909914 0.00606362
0.909838 0.00605436
0.909762 0.00604518
0.909685 0.00603608
0.909609 0.00602707
0.909533 0.00601813
0.909457 0.00600927
0.909381 0.00600049
0.909305 0.00599179
0.90923 0.00598317
0.909154 0.00597463
0.909079 0.00596616
0.909003 0.00595776
0.908928 0.00594944
0.908853 0.0059412
0.908778 0.00593303
0.908703 0.00592493
0.908628 0.0059169
0.908553 0.00590895
0.908478 0.00590107
0.908404 0.00589326
0.908329 0.00588552
0.908255 0.00587785
0.90818 0.00587025
0.908106 0.00586271
0.908032 0.00585525
0.907958 0.00584785
0.907884 0.00584052
0.90781 0.00583325
0.907736 0.00582605
0.907663 0.00581892
0.907589 0.00581185
0.907516 0.00580485
0.907442 0.00579791
0.907369 0.00579103
0.907296 0.00578422
0.907223 0.00577746
0.90715 0.00577077
0.907077 0.00576414
0.907004 0.00575757
0.906931 0.00575107
0.906859 0.00574462
0.906786 0.00573823
0.906714 0.0057319
0.906641 0.00572563
0.906569 0.00571942
0.906497 0.00571326
0.906425 0.00570716
0.906353 0.00570112
0.906281 0.00569513
0.906209 0.0056892
0.906137 0.00568333
0.906066 0.00567751
0.905994 0.00567174
0.905923 0.00566603
0.905852 0.00566038
0.90578 0.00565477
0.905709 0.00564922
0.905638 0.00564372
0.905567 0.00563828
0.905496 0.00563288
0.905425 0.00562754
0.905355 0.00562225
0.905284 0.00561701
0.905214 0.00561181
0.905143 0.00560667
0.905073 0.00560158
0.905003 0.00559654
0.904932 0.00559154
0.904862 0.0055866
0.904792 0.0055817
0.904722 0.00557685
0.904653 0.00557205
0.904583 0.00556729
0.904513 0.00556258
0.904444 0.00555792
0.904374 0.0055533
0.904305 0.00554873
0.904235 0.0055442
0.904166 0.00553972
0.904097 0.00553528
0.904028 0.00553089
0.903959 0.00552654
0.90389 0.00552223
0.903822 0.00551797
0.903753 0.00551375
0.903684 0.00550957
0.903616 0.00550544
0.903547 0.00550135
0.903479 0.0054973
0.903411 0.00549329
0.903342 0.00548932
0.903274 0.00548539
0.903206 0.00548151
0.903138 0.00547766
0.903071 0.00547385
0.903003 0.00547009
0.902935 0.00546636
0.902868 0.00546267
0.9028 0.00545902
0.902733 0.00545541
0.902665 0.00545184
0.902598 0.00544831
0.902531 0.00544481
0.902464 0.00544135
0.902397 0.00543793
0.90233 0.00543455
0.902263 0.0054312
0.902196 0.00542789
0.902129 0.00542461
0.902063 0.00542137
0.901996 0.00541817
0.90193 0.005415
0.901863 0.00541187
0.901797 0.00540877
0.901731 0.00540571
0.901665 0.00540268
0.901599 0.00539968
0.901533 0.00539672
0.901467 0.0053938
0.901401 0.0053909
0.901335 0.00538804
0.90127 0.00538522
0.901204 0.00538242
0.901139 0.00537966
0.901073 0.00537693
0.901008 0.00537424
0.900943 0.00537157
0.900878 0.00536894
0.900812 0.00536634
0.900747 0.00536377
0.900682 0.00536123
0.900618 0.00535872
0.900553 0.00535625
0.900488 0.0053538
0.900424 0.00535138
0.900359 0.005349
0.900294 0.00534664
0.90023 0.00534432
0.900166 0.00534202
0.900102 0.00533975
0.900037 0.00533751
0.899973 0.0053353
0.899909 0.00533312
0.899845 0.00533097
0.899781 0.00532885
0.899718 0.00532675
0.899654 0.00532468
0.89959 0.00532264
0.899527 0.00532063
0.899463 0.00531864
0.8994 0.00531669
0.899337 0.00531475
0.899273 0.00531285
0.89921 0.00531097
0.899147 0.00530912
0.899084 0.0053073
0.899021 0.0053055
0.898958 0.00530373
0.898895 0.00530198
0.898832 0.00530026
0.89877 0.00529857
0.898707 0.0052969
0.898645 0.00529525
0.898582 0.00529363
0.89852 0.00529204
0.898458 0.00529047
0.898395 0.00528892
0.898333 0.0052874
0.898271 0.0052859
0.898209 0.00528443
0.898147 0.00528298
0.898085 0.00528156
0.898023 0.00528015
0.897962 0.00527878
0.8979 0.00527742
0.897838 0.00527609
0.897777 0.00527478
0.897715 0.00527349
0.897654 0.00527223
0.897593 0.00527099
0.897532 0.00526977
0.89747 0.00526858
0.897409 0.0052674
0.897348 0.00526625
0.897287 0.00526512
0.897226 0.00526401
0.897166 0.00526293
0.897105 0.00526186
0.897044 0.00526082
0.896984 0.00525979
0.896923 0.00525879
0.896862 0.00525781
0.896802 0.00525685
0.896742 0.00525591
0.896681 0.00525499
0.896621 0.0052541
0.896561 0.00525322
0.896501 0.00525236
0.896441 0.00525152
0.896381 0.0052507
0.896321 0.00524991
0.896261 0.00524913
0.896202 0.00524837
0.896142 0.00524763
0.896082 0.00524691
0.896023 0.00524621
0.895963 0.00524553
0.895904 0.00524486
0.895845 0.00524422
0.895785 0.00524359
0.895726 0.00524299
0.895667 0.0052424
0.895608 0.00524183
0.895549 0.00524127
0.89549 0.00524074
0.895431 0.00524022
0.895372 0.00523973
0.895314 0.00523925
0.895255 0.00523878
0.895196 0.00523834
0.895138 0.00523791
0.895079 0.0052375
0.895021 0.00523711
0.894963 0.00523673
0.894904 0.00523637
0.894846 0.00523603
0.894788 0.00523571
0.89473 0.0052354
0.894672 0.00523511
0.894614 0.00523483
0.894556 0.00523458
0.894498 0.00523433
0.89444 0.00523411
0.894383 0.0052339
0.894325 0.0052337
0.894267 0.00523353
0.89421 0.00523336
0.894152 0.00523322
0.894095 0.00523309
0.894038 0.00523297
0.89398 0.00523287
0.893923 0.00523279
0.893866 0.00523272
0.893809 0.00523267
0.893752 0.00523263
0.893695 0.00523261
0.893638 0.0052326
0.893581 0.0052326
0.893524 0.00523262
0.893467 0.00523266
0.893411 0.00523271
0.893354 0.00523278
0.893298 0.00523285
0.893241 0.00523295
0.893185 0.00523306
0.893128 0.00523318
0.893072 0.00523331
0.893016 0.00523346
0.892959 0.00523363
0.892903 0.00523381
0.892847 0.005234
0.892791 0.0052342
0.892735 0.00523442
0.892679 0.00523465
0.892623 0.0052349
0.892568 0.00523516
0.892512 0.00523543
0.892456 0.00523572
0.892401 0.00523601
0.892345 0.00523633
0.89229 0.00523665
0.892234 0.00523699
0.892179 0.00523734
0.892124 0.0052377
0.892068 0.00523808
0.892013 0.00523846
0.891958 0.00523886
0.891903 0.00523928
0.891848 0.0052397
0.891793 0.00524014
0.891738 0.00524059
0.891683 0.00524105
0.891628 0.00524152
0.891573 0.00524201
0.891519 0.00524251
0.891464 0.00524302
0.891409 0.00524354
0.891355 0.00524407
0.8913 0.00524462
0.891246 0.00524517
0.891192 0.00524574
0.891137 0.00524632
0.891083 0.00524691
0.891029 0.00524751
0.890975 0.00524813
0.890921 0.00524875
0.890867 0.00524939
0.890813 0.00525004
0.890759 0.00525069
0.890705 0.00525136
0.890651 0.00525204
0.890597 0.00525273
0.890544 0.00525343
0.89049 0.00525414
0.890436 0.00525487
0.890383 0.0052556
0.890329 0.00525634
0.890276 0.0052571
0.890222 0.00525786
0.890169 0.00525863
0.890116 0.00525942
0.890063 0.00526021
0.890009 0.00526102
0.889956 0.00526183
0.889903 0.00526266
0.88985 0.00526349
0.889797 0.00526434
0.889744 0.00526519
0.889691 0.00526606
0.889639 0.00526693
0.889586 0.00526782
0.889533 0.00526871
0.88948 0.00526961
0.889428 0.00527053
0.889375 0.00527145
0.889323 0.00527238
0.88927 0.00527332
0.889218 0.00527427
0.889166 0.00527523
0.889113 0.0052762
0.889061 0.00527718
0.889009 0.00527817
0.888957 0.00527916
0.888905 0.00528017
0.888853 0.00528118
0.888801 0.0052822
0.888749 0.00528323
0.888697 0.00528427
0.888645 0.00528532
0.888593 0.00528638
0.888541 0.00528745
0.88849 0.00528852
0.888438 0.00528961
0.888386 0.0052907
0.888335 0.0052918
0.888283 0.00529291
0.888232 0.00529402
0.88818 0.00529515
0.888129 0.00529628
0.888078 0.00529743
0.888027 0.00529857
0.887975 0.00529973
0.887924 0.0053009
0.887873 0.00530207
0.887822 0.00530326
0.887771 0.00530445
0.88772 0.00530564
0.887669 0.00530685
0.887618 0.00530806
0.887567 0.00530928
0.887517 0.00531051
0.887466 0.00531175
0.887415 0.00531299
0.887365 0.00531425
0.887314 0.00531551
0.887263 0.00531677
0.887213 0.00531805
0.887163 0.00531933
0.887112 0.00532062
0.887062 0.00532191
0.887011 0.00532322
0.886961 0.00532453
0.886911 0.00532585
0.886861 0.00532717
0.886811 0.0053285
0.886761 0.00532984
0.886711 0.00533119
0.886661 0.00533254
0.886611 0.0053339
0.886561 0.00533527
0.886511 0.00533664
0.886461 0.00533802
0.886411 0.00533941
0.886362 0.00534081
0.886312 0.00534221
0.886262 0.00534362
0.886213 0.00534503
0.886163 0.00534645
0.886114 0.00534788
0.886064 0.00534931
0.886015 0.00535075
0.885965 0.0053522
0.885916 0.00535366
0.885867 0.00535512
0.885818 0.00535658
0.885768 0.00535805
0.885719 0.00535953
0.88567 0.00536102
0.885621 0.00536251
0.885572 0.00536401
0.885523 0.00536551
0.885474 0.00536702
0.885425 0.00536854
0.885377 0.00537006
0.885328 0.00537159
0.885279 0.00537312
0.88523 0.00537466
0.885182 0.00537621
0.885133 0.00537776
0.885084 0.00537931
0.885036 0.00538088
0.884987 0.00538245
0.884939 0.00538402
0.884891 0.0053856
0.884842 0.00538719
0.884794 0.00538878
0.884746 0.00539038
0.884697 0.00539198
0.884649 0.00539359
0.884601 0.0053952
0.884553 0.00539682
0.884505 0.00539844
0.884457 0.00540008
0.884409 0.00540171
0.884361 0.00540335
0.884313 0.005405
0.884265 0.00540665
0.884217 0.00540831
0.884169 0.00540997
0.884122 0.00541164
0.884074 0.00541331
0.884026 0.00541499
0.883979 0.00541667
0.883931 0.00541836
0.883883 0.00542005
0.883836 0.00542175
0.883789 0.00542345
0.883741 0.00542516
0.883694 0.00542687
0.883646 0.00542859
0.883599 0.00543031
0.883552 0.00543204
0.883505 0.00543377
0.883457 0.00543551
0.88341 0.00543725
0.883363 0.005439
0.883316 0.00544075
0.883269 0.0054425
0.883222 0.00544426
0.883175 0.00544603
0.883128 0.0054478
0.883081 0.00544957
0.883034 0.00545135
0.882988 0.00545314
0.882941 0.00545493
0.882894 0.00545672
0.882847 0.00545852
0.882801 0.00546032
0.882754 0.00546212
0.882708 0.00546393
0.882661 0.00546575
0.882615 0.00546757
0.882568 0.00546939
0.882522 0.00547122
0.882475 0.00547305
0.882429 0.00547489
0.882383 0.00547673
0.882336 0.00547857
0.88229 0.00548042
0.882244 0.00548227
0.882198 0.00548413
0.882152 0.00548599
0.882105 0.00548786
0.882059 0.00548973
0.882013 0.0054916
0.881967 0.00549348
0.881921 0.00549536
0.881876 0.00549724
0.88183 0.00549913
0.881784 0.00550103
0.881738 0.00550292
0.881692 0.00550482
0.881647 0.00550673
0.881601 0.00550864
0.881555 0.00551055
0.88151 0.00551247
0.881464 0.00551439
0.881418 0.00551631
0.881373 0.00551824
0.881327 0.00552017
0.881282 0.0055221
0.881237 0.00552404
0.881191 0.00552599
0.881146 0.00552793
0.881101 0.00552988
0.881055 0.00553183
0.88101 0.00553379
0.880965 0.00553575
0.88092 0.00553771
0.880875 0.00553968
0.88083 0.00554165
0.880784 0.00554362
0.880739 0.0055456
0.880694 0.00554758
0.88065 0.00554957
0.880605 0.00555155
0.88056 0.00555355
0.880515 0.00555554
0.88047 0.00555754
0.880425 0.00555954
0.88038 0.00556154
0.880336 0.00556355
0.880291 0.00556556
0.880246 0.00556757
0.880202 0.00556959
0.880157 0.00557161
0.880113 0.00557364
0.880068 0.00557566
0.880024 0.00557769
0.879979 0.00557972
0.879935 0.00558176
0.87989 0.0055838
0.879846 0.00558584
0.879802 0.00558789
0.879757 0.00558994
0.879713 0.00559199
0.879669 0.00559404
0.879625 0.0055961
0.879581 0.00559816
0.879536 0.00560022
0.879492 0.00560229
0.879448 0.00560436
0.879404 0.00560643
0.87936 0.0056085
0.879316 0.00561058
0.879272 0.00561266
0.879228 0.00561474
0.879185 0.00561683
0.879141 0.00561892
0.879097 0.00562101
0.879053 0.0056231
0.879009 0.0056252
0.878966 0.0056273
0.878922 0.0056294
0.878878 0.00563151
0.878835 0.00563362
0.878791 0.00563573
0.878748 0.00563784
0.878704 0.00563996
0.87866 0.00564208
0.878617 0.0056442
0.878574 0.00564632
0.87853 0.00564845
0.878487 0.00565058
0.878443 0.00565271
0.8784 0.00565484
0.878357 0.00565698
0.878314 0.00565912
0.87827 0.00566126
0.878227 0.0056634
0.878184 0.00566555
0.878141 0.0056677
0.878098 0.00566985
0.878055 0.005672
0.878012 0.00567416
0.877969 0.00567632
0.877926 0.00567848
0.877883 0.00568064
0.87784 0.00568281
0.877797 0.00568497
0.877754 0.00568714
0.877711 0.00568932
0.877668 0.00569149
0.877625 0.00569367
0.877583 0.00569585
0.87754 0.00569803
0.877497 0.00570021
0.877455 0.0057024
0.877412 0.00570459
0.877369 0.00570678
0.877327 0.00570897
0.877284 0.00571116
0.877242 0.00571336
0.877199 0.00571556
0.877157 0.00571776
0.877114 0.00571996
0.877072 0.00572217
0.877029 0.00572438
0.876987 0.00572659
0.876945 0.0057288
0.876902 0.00573101
0.87686 0.00573323
0.876818 0.00573545
0.876776 0.00573767
0.876733 0.00573989
0.876691 0.00574211
0.876649 0.00574434
0.876607 0.00574657
0.876565 0.0057488
0.876523 0.00575103
0.876481 0.00575326
0.876439 0.0057555
0.876397 0.00575774
0.876355 0.00575998
0.876313 0.00576222
0.876271 0.00576446
0.876229 0.00576671
0.876187 0.00576895
0.876145 0.0057712
0.876104 0.00577345
0.876062 0.00577571
0.87602 0.00577796
0.875978 0.00578022
0.875937 0.00578247
0.875895 0.00578473
0.875853 0.005787
0.875812 0.00578926
0.87577 0.00579152
0.875729 0.00579379
0.875687 0.00579606
0.875646 0.00579833
0.875604 0.0058006
0.875563 0.00580288
0.875521 0.00580515
0.87548 0.00580743
0.875439 0.00580971
0.875397 0.00581199
0.875356 0.00581427
0.875315 0.00581656
0.875273 0.00581884
0.875232 0.00582113
0.875191 0.00582342
0.87515 0.00582571
0.875108 0.005828
0.875067 0.00583029
0.875026 0.00583259
0.874985 0.00583489
0.874944 0.00583718
0.874903 0.00583948
0.874862 0.00584179
0.874821 0.00584409
0.87478 0.00584639
0.874739 0.0058487
0.874698 0.00585101
0.874657 0.00585332
0.874616 0.00585563
0.874575 0.00585794
0.874534 0.00586025
0.874494 0.00586257
0.874453 0.00586488
0.874412 0.0058672
0.874371 0.00586952
0.874331 0.00587184
0.87429 0.00587416
0.874249 0.00587649
0.874209 0.00587881
0.874168 0.00588114
0.874127 0.00588347
0.874087 0.0058858
0.874046 0.00588813
0.874006 0.00589046
0.873965 0.00589279
0.873925 0.00589513
0.873884 0.00589746
0.873844 0.0058998
0.873803 0.00590214
0.873763 0.00590448
0.873723 0.00590682
0.873682 0.00590916
0.873642 0.00591151
0.873602 0.00591385
0.873561 0.0059162
0.873521 0.00591855
0.873481 0.0059209
0.873441 0.00592325
0.8734 0.0059256
0.87336 0.00592795
0.87332 0.00593031
0.87328 0.00593266
0.87324 0.00593502
0.8732 0.00593738
0.87316 0.00593974
0.87312 0.0059421
0.87308 0.00594446
0.87304 0.00594682
0.873 0.00594918
0.87296 0.00595155
0.87292 0.00595391
0.87288 0.00595628
0.87284 0.00595865
0.8728 0.00596102
0.87276 0.00596339
0.872721 0.00596576
0.872681 0.00596814
0.872641 0.00597051
0.872601 0.00597289
0.872561 0.00597526
0.872522 0.00597764
0.872482 0.00598002
0.872442 0.0059824
0.872403 0.00598478
0.872363 0.00598716
0.872323 0.00598954
0.872284 0.00599193
0.872244 0.00599431
0.872205 0.0059967
0.872165 0.00599909
0.872126 0.00600147
0.872086 0.00600386
0.872047 0.00600625
0.872007 0.00600864
0.871968 0.00601104
0.871928 0.00601343
0.871889 0.00601582
0.87185 0.00601822
0.87181 0.00602062
0.871771 0.00602301
0.871732 0.00602541
0.871692 0.00602781
0.871653 0.00603021
0.871614 0.00603261
0.871575 0.00603501
0.871535 0.00603742
0.871496 0.00603982
0.871457 0.00604223
0.871418 0.00604463
0.871379 0.00604704
0.87134 0.00604945
0.871301 0.00605186
0.871261 0.00605427
0.871222 0.00605668
0.871183 0.00605909
0.871144 0.0060615
0.871105 0.00606391
0.871066 0.00606633
0.871027 0.00606874
0.870988 0.00607116
0.87095 0.00607358
0.870911 0.00607599
0.870872 0.00607841
0.870833 0.00608083
0.870794 0.00608325
0.870755 0.00608567
0.870716 0.0060881
0.870678 0.00609052
0.870639 0.00609294
0.8706 0.00609537
0.870561 0.00609779
0.870523 0.00610022
0.870484 0.00610265
0.870445 0.00610507
0.870406 0.0061075
0.870368 0.00610993
0.870329 0.00611236
0.870291 0.00611479
0.870252 0.00611723
0.870213 0.00611966
0.870175 0.00612209
0.870136 0.00612453
0.870098 0.00612696
0.870059 0.0061294
0.870021 0.00613183
0.869982 0.00613427
0.869944 0.00613671
0.869905 0.00613915
0.869867 0.00614159
0.869829 0.00614403
0.86979 0.00614647
0.869752 0.00614891
0.869713 0.00615135
0.869675 0.0061538
0.869637 0.00615624
0.869598 0.00615869
0.86956 0.00616113
0.869522 0.00616358
0.869484 0.00616603
0.869445 0.00616847
0.869407 0.00617092
0.869369 0.00617337
0.869331 0.00617582
0.869293 0.00617827
0.869254 0.00618072
0.869216 0.00618317
0.869178 0.00618563
0.86914 0.00618808
0.869102 0.00619053
0.869064 0.00619299
0.869026 0.00619544
0.868988 0.0061979
0.86895 0.00620036
0.868912 0.00620282
0.868874 0.00620527
0.868836 0.00620773
0.868798 0.00621019
0.86876 0.00621265
0.868722 0.00621511
0.868684 0.00621757
0.868646 0.00622004
0.868608 0.0062225
0.86857 0.00622496
0.868532 0.00622742
0.868495 0.00622989
0.868457 0.00623235
0.868419 0.00623482
0.868381 0.00623729
0.868343 0.00623975
0.868306 0.00624222
0.868268 0.00624469
0.86823 0.00624716
0.868192 0.00624963
0.868155 0.0062521
0.868117 0.00625457
0.868079 0.00625704
0.868042 0.00625951
0.868004 0.00626198
0.867966 0.00626446
0.867929 0.00626693
0.867891 0.0062694
0.867854 0.00627188
0.867816 0.00627436
0.867778 0.00627683
0.867741 0.00627931
0.867703 0.00628178
0.867666 0.00628426
0.867628 0.00628674
0.867591 0.00628922
0.867553 0.0062917
0.867516 0.00629418
0.867478 0.00629666
0.867441 0.00629914
0.867404 0.00630162
0.867366 0.0063041
0.867329 0.00630659
0.867291 0.00630907
0.867254 0.00631155
0.867217 0.00631404
0.867179 0.00631652
0.867142 0.00631901
0.867105 0.00632149
0.867067 0.00632398
0.86703 0.00632647
0.866993 0.00632896
0.866956 0.00633144
0.866918 0.00633393
0.866881 0.00633642
0.866844 0.00633891
0.866807 0.0063414
0.866769 0.00634389
0.866732 0.00634638
0.866695 0.00634888
0.866658 0.00635137
0.866621 0.00635386
0.866584 0.00635635
0.866547 0.00635885
0.866509 0.00636134
0.866472 0.00636384
0.866435 0.00636633
0.866398 0.00636883
0.866361 0.00637132
0.866324 0.00637382
0.866287 0.00637632
0.86625 0.00637882
0.866213 0.00638131
0.866176 0.00638381
0.866139 0.00638631
0.866102 0.00638881
0.866065 0.00639131
0.866028 0.00639381
0.865991 0.00639631
0.865954 0.00639882
0.865917 0.00640132
0.865881 0.00640382
0.865844 0.00640632
0.865807 0.00640883
0.86577 0.00641133
0.865733 0.00641384
0.865696 0.00641634
0.865659 0.00641885
0.865623 0.00642135
0.865586 0.00642386
0.865549 0.00642637
0.865512 0.00642887
0.865475 0.00643138
0.865439 0.00643389
0.865402 0.0064364
0.865365 0.00643891
0.865328 0.00644142
0.865292 0.00644393
0.865255 0.00644644
0.865218 0.00644895
0.865182 0.00645146
0.865145 0.00645397
0.865108 0.00645648
0.865072 0.006459
0.865035 0.00646151
0.864998 0.00646402
0.864962 0.00646654
0.864925 0.00646905
0.864889 0.00647157
0.864852 0.00647408
0.864815 0.0064766
0.864779 0.00647912
0.864742 0.00648163
0.864706 0.00648415
0.864669 0.00648667
0.864633 0.00648919
0.864596 0.0064917
0.86456 0.00649422
0.864523 0.00649674
0.864487 0.00649926
0.86445 0.00650178
0.864414 0.0065043
0.864377 0.00650683
0.864341 0.00650935
0.864305 0.00651187
0.864268 0.00651439
0.864232 0.00651691
0.864195 0.00651944
0.864159 0.00652196
0.864123 0.00652449
0.864086 0.00652701
0.86405 0.00652954
0.864013 0.00653206
0.863977 0.00653459
0.863941 0.00653711
0.863904 0.00653964
0.863868 0.00654217
0.863832 0.0065447
0.863796 0.00654722
0.863759 0.00654975
0.863723 0.00655228
0.863687 0.00655481
0.86365 0.00655734
0.863614 0.00655987
0.863578 0.0065624
0.863542 0.00656493
0.863505 0.00656746
0.863469 0.00657
0.863433 0.00657253
0.863397 0.00657506
0.863361 0.00657759
0.863324 0.00658013
0.863288 0.00658266
0.863252 0.0065852
0.863216 0.00658773
0.86318 0.00659027
0.863144 0.0065928
0.863108 0.00659534
0.863071 0.00659787
0.863035 0.00660041
0.862999 0.00660295
0.862963 0.00660549
0.862927 0.00660802
0.862891 0.00661056
0.862855 0.0066131
0.862819 0.00661564
0.862783 0.00661818
0.862747 0.00662072
0.862711 0.00662326
0.862675 0.0066258
0.862639 0.00662835
0.862603 0.00663089
0.862567 0.00663343
0.862531 0.00663597
0.862495 0.00663852
0.862459 0.00664106
0.862423 0.0066436
0.862387 0.00664615
0.862351 0.00664869
0.862315 0.00665124
0.862279 0.00665378
0.862243 0.00665633
0.862207 0.00665888
0.862171 0.00666142
0.862135 0.00666397
0.862099 0.00666652
0.862063 0.00666907
0.862027 0.00667162
0.861991 0.00667416
0.861955 0.00667671
0.86192 0.00667926
0.861884 0.00668181
0.861848 0.00668436
0.861812 0.00668692
0.861776 0.00668947
0.86174 0.00669202
0.861704 0.00669457
0.861669 0.00669712
0.861633 0.00669968
0.861597 0.00670223
0.861561 0.00670479
0.861525 0.00670734
0.86149 0.0067099
0.861454 0.00671245
0.861418 0.00671501
0.861382 0.00671756
0.861346 0.00672012
0.861311 0.00672268
0.861275 0.00672523
0.861239 0.00672779
0.861203 0.00673035
0.861168 0.00673291
0.861132 0.00673547
0.861096 0.00673803
0.86106 0.00674059
0.861025 0.00674315
0.860989 0.00674571
0.860953 0.00674827
0.860918 0.00675083
0.860882 0.00675339
0.860846 0.00675596
0.86081 0.00675852
0.860775 0.00676108
0.860739 0.00676365
0.860703 0.00676621
0.860668 0.00676878
0.860632 0.00677134
0.860596 0.00677391
0.860561 0.00677647
0.860525 0.00677904
0.86049 0.00678161
0.860454 0.00678418
0.860418 0.00678674
0.860383 0.00678931
0.860347 0.00679188
0.860311 0.00679445
0.860276 0.00679702
0.86024 0.00679959
0.860205 0.00680216
0.860169 0.00680473
0.860133 0.0068073
0.860098 0.00680987
0.860062 0.00681245
0.860027 0.00681502
0.859991 0.00681759
0.859956 0.00682017
0.85992 0.00682274
0.859884 0.00682532
0.859849 0.00682789
0.859813 0.00683047
0.859778 0.00683304
0.859742 0.00683562
0.859707 0.00683819
0.859671 0.00684077
0.859636 0.00684335
0.8596 0.00684593
0.859565 0.00684851
0.859529 0.00685109
0.859494 0.00685367
0.859458 0.00685625
0.859423 0.00685883
0.859387 0.00686141
0.859352 0.00686399
0.859316 0.00686657
0.859281 0.00686915
0.859245 0.00687174
0.85921 0.00687432
0.859174 0.0068769
0.859139 0.00687949
0.859103 0.00688207
0.859068 0.00688466
0.859032 0.00688724
0.858997 0.00688983
0.858961 0.00689242
0.858926 0.006895
0.85889 0.00689759
0.858855 0.00690018
0.85882 0.00690277
0.858784 0.00690536
0.858749 0.00690795
0.858713 0.00691054
0.858678 0.00691313
0.858642 0.00691572
0.858607 0.00691831
0.858571 0.0069209
0.858536 0.0069235
0.858501 0.00692609
0.858465 0.00692868
0.85843 0.00693128
0.858394 0.00693387
0.858359 0.00693647
0.858324 0.00693906
0.858288 0.00694166
0.858253 0.00694425
0.858217 0.00694685
0.858182 0.00694945
0.858147 0.00695205
0.858111 0.00695464
0.858076 0.00695724
0.85804 0.00695984
0.858005 0.00696244
0.85797 0.00696504
0.857934 0.00696765
0.857899 0.00697025
0.857864 0.00697285
0.857828 0.00697545
0.857793 0.00697806
0.857757 0.00698066
0.857722 0.00698326
0.857687 0.00698587
0.857651 0.00698847
0.857616 0.00699108
0.857581 0.00699369
0.857545 0.00699629
0.85751 0.0069989
0.857475 0.00700151
0.857439 0.00700412
0.857404 0.00700673
0.857368 0.00700934
0.857333 0.00701195
0.857298 0.00701456
0.857262 0.00701717
0.857227 0.00701978
0.857192 0.00702239
0.857156 0.00702501
0.857121 0.00702762
0.857086 0.00703023
0.85705 0.00703285
0.857015 0.00703546
0.85698 0.00703808
0.856944 0.00704069
0.856909 0.00704331
0.856874 0.00704593
0.856838 0.00704855
0.856803 0.00705117
0.856768 0.00705378
0.856732 0.0070564
0.856697 0.00705902
0.856662 0.00706165
0.856626 0.00706427
0.856591 0.00706689
0.856556 0.00706951
0.85652 0.00707213
0.856485 0.00707476
0.85645 0.00707738
0.856414 0.00708001
0.856379 0.00708263
0.856344 0.00708526
0.856308 0.00708789
0.856273 0.00709051
0.856238 0.00709314
0.856202 0.00709577
0.856167 0.0070984
0.856132 0.00710103
0.856096 0.00710366
0.856061 0.00710629
0.856026 0.00710892
0.85599 0.00711155
0.855955 0.00711419
0.85592 0.00711682
0.855884 0.00711945
0.855849 0.00712209
0.855814 0.00712472
0.855778 0.00712736
0.855743 0.00712999
0.855708 0.00713263
0.855672 0.00713527
0.855637 0.00713791
0.855602 0.00714055
0.855566 0.00714319
0.855531 0.00714583
0.855496 0.00714847
0.85546 0.00715111
0.855425 0.00715375
0.85539 0.00715639
0.855354 0.00715904
0.855319 0.00716168
0.855284 0.00716433
0.855248 0.00716697
0.855213 0.00716962
0.855178 0.00717226
0.855142 0.00717491
0.855107 0.00717756
0.855072 0.00718021
0.855036 0.00718286
0.855001 0.00718551
0.854966 0.00718816
0.85493 0.00719081
0.854895 0.00719346
0.85486 0.00719611
0.854824 0.00719877
0.854789 0.00720142
0.854753 0.00720408
0.854718 0.00720673
0.854683 0.00720939
0.854647 0.00721204
0.854612 0.0072147
0.854577 0.00721736
0.854541 0.00722002
0.854506 0.00722268
0.85447 0.00722534
0.854435 0.007228
0.8544 0.00723066
0.854364 0.00723332
0.854329 0.00723599
0.854294 0.00723865
0.854258 0.00724131
0.854223 0.00724398
0.854187 0.00724664
0.854152 0.00724931
0.854117 0.00725198
0.854081 0.00725465
0.854046 0.00725732
0.85401 0.00725999
0.853975 0.00726266
0.853939 0.00726533
0.853904 0.007268
0.853869 0.00727067
0.853833 0.00727334
0.853798 0.00727602
0.853762 0.00727869
0.853727 0.00728137
0.853692 0.00728404
0.853656 0.00728672
0.853621 0.0072894
0.853585 0.00729208
0.85355 0.00729476
0.853514 0.00729744
0.853479 0.00730012
0.853443 0.0073028
0.853408 0.00730548
0.853372 0.00730816
0.853337 0.00731085
0.853302 0.00731353
0.853266 0.00731622
0.853231 0.0073189
0.853195 0.00732159
0.85316 0.00732428
0.853124 0.00732697
0.853089 0.00732966
0.853053 0.00733235
0.853018 0.00733504
0.852982 0.00733773
0.852947 0.00734042
0.852911 0.00734312
0.852876 0.00734581
0.85284 0.00734851
0.852805 0.0073512
0.852769 0.0073539
0.852733 0.0073566
0.852698 0.00735929
0.852662 0.00736199
0.852627 0.00736469
0.852591 0.00736739
0.852556 0.00737009
0.85252 0.0073728
0.852485 0.0073755
0.852449 0.0073782
0.852413 0.00738091
0.852378 0.00738362
0.852342 0.00738632
0.852307 0.00738903
0.852271 0.00739174
0.852236 0.00739445
0.8522 0.00739716
0.852164 0.00739987
0.852129 0.00740258
0.852093 0.00740529
0.852057 0.00740801
0.852022 0.00741072
0.851986 0.00741344
0.851951 0.00741615
0.851915 0.00741887
0.851879 0.00742159
0.851844 0.00742431
0.851808 0.00742702
0.851772 0.00742975
0.851737 0.00743247
0.851701 0.00743519
0.851665 0.00743791
0.85163 0.00744064
0.851594 0.00744336
0.851558 0.00744609
0.851522 0.00744881
0.851487 0.00745154
0.851451 0.00745427
0.851415 0.007457
0.85138 0.00745973
0.851344 0.00746246
0.851308 0.0074652
0.851272 0.00746793
0.851237 0.00747066
0.851201 0.0074734
0.851165 0.00747614
0.851129 0.00747887
0.851094 0.00748161
0.851058 0.00748435
0.851022 0.00748709
0.850986 0.00748983
0.85095 0.00749257
0.850915 0.00749532
0.850879 0.00749806
0.850843 0.0075008
0.850807 0.00750355
0.850771 0.0075063
0.850735 0.00750904
0.8507 0.00751179
0.850664 0.00751454
0.850628 0.00751729
0.850592 0.00752005
0.850556 0.0075228
0.85052 0.00752555
0.850484 0.00752831
0.850449 0.00753106
0.850413 0.00753382
0.850377 0.00753658
0.850341 0.00753934
0.850305 0.0075421
0.850269 0.00754486
0.850233 0.00754762
0.850197 0.00755038
0.850161 0.00755314
0.850125 0.00755591
0.850089 0.00755868
0.850053 0.00756144
0.850017 0.00756421
0.849981 0.00756698
0.849945 0.00756975
0.849909 0.00757252
0.849873 0.00757529
0.849837 0.00757807
0.849801 0.00758084
0.849765 0.00758362
0.849729 0.00758639
0.849693 0.00758917
0.849657 0.00759195
0.849621 0.00759473
0.849585 0.00759751
0.849549 0.00760029
0.849513 0.00760307
0.849477 0.00760586
0.84944 0.00760864
0.849404 0.00761143
0.849368 0.00761422
0.849332 0.00761701
0.849296 0.0076198
0.84926 0.00762259
0.849224 0.00762538
0.849187 0.00762817
0.849151 0.00763096
0.849115 0.00763376
0.849079 0.00763656
0.849043 0.00763935
0.849006 0.00764215
0.84897 0.00764495
0.848934 0.00764775
0.848898 0.00765055
0.848861 0.00765336
0.848825 0.00765616
0.848789 0.00765897
0.848753 0.00766177
0.848716 0.00766458
0.84868 0.00766739
0.848644 0.0076702
0.848607 0.00767301
0.848571 0.00767583
0.848535 0.00767864
0.848498 0.00768145
0.848462 0.00768427
0.848426 0.00768709
0.848389 0.00768991
0.848353 0.00769272
0.848316 0.00769555
0.84828 0.00769837
0.848244 0.00770119
0.848207 0.00770402
0.848171 0.00770684
0.848134 0.00770967
0.848098 0.0077125
0.848061 0.00771533
0.848025 0.00771816
0.847988 0.00772099
0.847952 0.00772382
0.847915 0.00772666
0.847879 0.00772949
0.847842 0.00773233
0.847806 0.00773517
0.847769 0.00773801
0.847733 0.00774085
0.847696 0.00774369
0.84766 0.00774653
0.847623 0.00774938
0.847586 0.00775222
0.84755 0.00775507
0.847513 0.00775792
0.847476 0.00776077
0.84744 0.00776362
0.847403 0.00776647
0.847367 0.00776932
0.84733 0.00777218
0.847293 0.00777503
0.847256 0.00777789
0.84722 0.00778075
0.847183 0.00778361
0.847146 0.00778647
0.847109 0.00778933
0.847073 0.0077922
0.847036 0.00779506
0.846999 0.00779793
0.846962 0.0078008
0.846926 0.00780367
0.846889 0.00780654
0.846852 0.00780941
0.846815 0.00781228
0.846778 0.00781516
0.846741 0.00781803
0.846704 0.00782091
0.846668 0.00782379
0.846631 0.00782667
0.846594 0.00782955
0.846557 0.00783244
0.84652 0.00783532
0.846483 0.00783821
0.846446 0.00784109
0.846409 0.00784398
0.846372 0.00784687
0.846335 0.00784976
0.846298 0.00785266
0.846261 0.00785555
0.846224 0.00785845
0.846187 0.00786134
0.84615 0.00786424
0.846113 0.00786714
0.846076 0.00787004
0.846038 0.00787295
0.846001 0.00787585
0.845964 0.00787876
0.845927 0.00788166
0.84589 0.00788457
0.845853 0.00788748
0.845816 0.00789039
0.845778 0.00789331
0.845741 0.00789622
0.845704 0.00789914
0.845667 0.00790206
0.845629 0.00790498
0.845592 0.0079079
0.845555 0.00791082
0.845518 0.00791374
0.84548 0.00791667
0.845443 0.00791959
0.845406 0.00792252
0.845368 0.00792545
0.845331 0.00792838
0.845293 0.00793132
0.845256 0.00793425
0.845219 0.00793719
0.845181 0.00794012
0.845144 0.00794306
0.845106 0.007946
0.845069 0.00794894
0.845031 0.00795189
0.844994 0.00795483
0.844956 0.00795778
0.844919 0.00796073
0.844881 0.00796368
0.844844 0.00796663
0.844806 0.00796958
0.844769 0.00797254
0.844731 0.00797549
0.844693 0.00797845
0.844656 0.00798141
0.844618 0.00798437
0.84458 0.00798734
0.844543 0.0079903
0.844505 0.00799327
0.844467 0.00799623
0.84443 0.0079992
0.844392 0.00800217
0.844354 0.00800515
0.844316 0.00800812
0.844279 0.0080111
0.844241 0.00801407
0.844203 0.00801705
0.844165 0.00802003
0.844127 0.00802302
0.844089 0.008026
0.844052 0.00802899
0.844014 0.00803197
0.843976 0.00803496
0.843938 0.00803795
0.8439 0.00804095
0.843862 0.00804394
0.843824 0.00804694
0.843786 0.00804994
0.843748 0.00805293
0.84371 0.00805594
0.843672 0.00805894
0.843634 0.00806194
0.843596 0.00806495
0.843558 0.00806796
0.84352 0.00807097
0.843481 0.00807398
0.843443 0.00807699
0.843405 0.00808001
0.843367 0.00808303
0.843329 0.00808604
0.843291 0.00808907
0.843252 0.00809209
0.843214 0.00809511
0.843176 0.00809814
0.843137 0.00810117
0.843099 0.00810419
0.843061 0.00810723
0.843023 0.00811026
0.842984 0.00811329
0.842946 0.00811633
0.842907 0.00811937
0.842869 0.00812241
0.842831 0.00812545
0.842792 0.0081285
0.842754 0.00813154
0.842715 0.00813459
0.842677 0.00813764
0.842638 0.00814069
0.8426 0.00814375
0.842561 0.0081468
0.842523 0.00814986
0.842484 0.00815292
0.842445 0.00815598
0.842407 0.00815904
0.842368 0.00816211
0.842329 0.00816517
0.842291 0.00816824
0.842252 0.00817131
0.842213 0.00817438
0.842175 0.00817746
0.842136 0.00818054
0.842097 0.00818361
0.842058 0.00818669
0.84202 0.00818978
0.841981 0.00819286
0.841942 0.00819595
0.841903 0.00819904
0.841864 0.00820213
0.841825 0.00820522
0.841786 0.00820831
0.841747 0.00821141
0.841708 0.00821451
0.841669 0.00821761
0.84163 0.00822071
0.841591 0.00822381
0.841552 0.00822692
0.841513 0.00823003
0.841474 0.00823314
0.841435 0.00823625
0.841396 0.00823936
0.841357 0.00824248
0.841318 0.0082456
0.841278 0.00824872
0.841239 0.00825184
0.8412 0.00825496
0.841161 0.00825809
0.841121 0.00826122
0.841082 0.00826435
0.841043 0.00826748
0.841003 0.00827062
0.840964 0.00827375
0.840925 0.00827689
0.840885 0.00828004
0.840846 0.00828318
0.840806 0.00828632
0.840767 0.00828947
0.840728 0.00829262
0.840688 0.00829577
0.840649 0.00829893
0.840609 0.00830208
0.840569 0.00830524
0.84053 0.0083084
0.84049 0.00831157
0.840451 0.00831473
0.840411 0.0083179
0.840371 0.00832107
0.840332 0.00832424
0.840292 0.00832741
0.840252 0.00833059
0.840212 0.00833377
0.840173 0.00833695
0.840133 0.00834013
0.840093 0.00834331
0.840053 0.0083465
0.840013 0.00834969
0.839973 0.00835288
0.839933 0.00835607
0.839893 0.00835927
0.839853 0.00836247
0.839813 0.00836567
0.839773 0.00836887
0.839733 0.00837208
0.839693 0.00837529
0.839653 0.0083785
0.839613 0.00838171
0.839573 0.00838492
0.839533 0.00838814
0.839493 0.00839136
0.839453 0.00839458
0.839412 0.0083978
0.839372 0.00840103
0.839332 0.00840426
0.839291 0.00840749
0.839251 0.00841072
0.839211 0.00841396
0.83917 0.00841719
0.83913 0.00842043
0.83909 0.00842368
0.839049 0.00842692
0.839009 0.00843017
0.838968 0.00843342
0.838928 0.00843667
0.838887 0.00843993
0.838847 0.00844318
0.838806 0.00844644
0.838765 0.00844971
0.838725 0.00845297
0.838684 0.00845624
0.838643 0.00845951
0.838603 0.00846278
0.838562 0.00846605
0.838521 0.00846933
0.83848 0.00847261
0.83844 0.00847589
0.838399 0.00847917
0.838358 0.00848246
0.838317 0.00848575
0.838276 0.00848904
0.838235 0.00849234
0.838194 0.00849563
0.838153 0.00849893
0.838112 0.00850224
0.838071 0.00850554
0.83803 0.00850885
0.837989 0.00851216
0.837948 0.00851547
0.837907 0.00851878
0.837866 0.0085221
0.837824 0.00852542
0.837783 0.00852874
0.837742 0.00853207
0.837701 0.0085354
0.837659 0.00853873
0.837618 0.00854206
0.837577 0.0085454
0.837535 0.00854874
0.837494 0.00855208
0.837452 0.00855542
0.837411 0.00855877
0.837369 0.00856212
0.837328 0.00856547
0.837286 0.00856882
0.837245 0.00857218
0.837203 0.00857554
0.837162 0.0085789
0.83712 0.00858227
0.837078 0.00858564
0.837036 0.00858901
0.836995 0.00859238
0.836953 0.00859576
0.836911 0.00859914
0.836869 0.00860252
0.836827 0.0086059
0.836786 0.00860929
0.836744 0.00861268
0.836702 0.00861607
0.83666 0.00861947
0.836618 0.00862287
0.836576 0.00862627
0.836534 0.00862967
0.836492 0.00863308
0.836449 0.00863649
0.836407 0.0086399
0.836365 0.00864332
0.836323 0.00864674
0.836281 0.00865016
0.836238 0.00865358
0.836196 0.00865701
0.836154 0.00866044
0.836111 0.00866387
0.836069 0.00866731
0.836027 0.00867075
0.835984 0.00867419
0.835942 0.00867764
0.835899 0.00868108
0.835857 0.00868453
0.835814 0.00868799
0.835771 0.00869144
0.835729 0.0086949
0.835686 0.00869837
0.835643 0.00870183
0.835601 0.0087053
0.835558 0.00870877
0.835515 0.00871225
0.835472 0.00871572
0.83543 0.0087192
0.835387 0.00872269
0.835344 0.00872617
0.835301 0.00872966
0.835258 0.00873316
0.835215 0.00873665
0.835172 0.00874015
0.835129 0.00874365
0.835086 0.00874716
0.835043 0.00875067
0.834999 0.00875418
0.834956 0.00875769
0.834913 0.00876121
0.83487 0.00876473
0.834826 0.00876826
0.834783 0.00877178
0.83474 0.00877531
0.834696 0.00877885
0.834653 0.00878238
0.834609 0.00878592
0.834566 0.00878947
0.834522 0.00879301
0.834479 0.00879656
0.834435 0.00880011
0.834392 0.00880367
0.834348 0.00880723
0.834304 0.00881079
0.834261 0.00881436
0.834217 0.00881793
0.834173 0.0088215
0.834129 0.00882507
0.834085 0.00882865
0.834041 0.00883224
0.833998 0.00883582
0.833954 0.00883941
0.83391 0.008843
0.833866 0.0088466
0.833821 0.0088502
0.833777 0.0088538
0.833733 0.0088574
0.833689 0.00886101
0.833645 0.00886463
0.833601 0.00886824
0.833556 0.00887186
0.833512 0.00887548
0.833468 0.00887911
0.833423 0.00888274
0.833379 0.00888637
0.833334 0.00889001
0.83329 0.00889365
0.833245 0.00889729
0.833201 0.00890094
0.833156 0.00890459
0.833112 0.00890824
0.833067 0.0089119
0.833022 0.00891556
0.832978 0.00891922
0.832933 0.00892289
0.832888 0.00892656
0.832843 0.00893024
0.832798 0.00893392
0.832753 0.0089376
0.832708 0.00894128
0.832663 0.00894497
0.832618 0.00894867
0.832573 0.00895236
0.832528 0.00895606
0.832483 0.00895977
0.832438 0.00896348
0.832392 0.00896719
0.832347 0.0089709
0.832302 0.00897462
0.832257 0.00897834
0.832211 0.00898207
0.832166 0.0089858
0.83212 0.00898953
0.832075 0.00899327
0.832029 0.00899701
0.831984 0.00900075
0.831938 0.0090045
0.831892 0.00900825
0.831847 0.00901201
0.831801 0.00901577
0.831755 0.00901953
0.831709 0.0090233
0.831664 0.00902707
0.831618 0.00903085
0.831572 0.00903462
0.831526 0.00903841
0.83148 0.00904219
0.831434 0.00904598
0.831388 0.00904978
0.831342 0.00905358
0.831295 0.00905738
0.831249 0.00906118
0.831203 0.00906499
0.831157 0.00906881
0.83111 0.00907263
0.831064 0.00907645
0.831018 0.00908027
0.830971 0.0090841
0.830925 0.00908794
0.830878 0.00909178
0.830831 0.00909562
0.830785 0.00909946
0.830738 0.00910331
0.830691 0.00910717
0.830645 0.00911102
0.830598 0.00911489
0.830551 0.00911875
0.830504 0.00912262
0.830457 0.0091265
0.83041 0.00913038
0.830363 0.00913426
0.830316 0.00913814
0.830269 0.00914204
0.830222 0.00914593
0.830175 0.00914983
0.830128 0.00915373
0.83008 0.00915764
0.830033 0.00916155
0.829986 0.00916547
0.829938 0.00916939
0.829891 0.00917331
0.829843 0.00917724
0.829796 0.00918118
0.829748 0.00918511
0.829701 0.00918905
0.829653 0.009193
0.829605 0.00919695
0.829558 0.0092009
0.82951 0.00920486
0.829462 0.00920883
0.829414 0.00921279
0.829366 0.00921677
0.829318 0.00922074
0.82927 0.00922472
0.829222 0.00922871
0.829174 0.0092327
0.829126 0.00923669
0.829078 0.00924069
0.829029 0.00924469
0.828981 0.0092487
0.828933 0.00925271
0.828884 0.00925673
0.828836 0.00926075
0.828787 0.00926478
0.828739 0.00926881
0.82869 0.00927284
0.828642 0.00927688
0.828593 0.00928092
0.828544 0.00928497
0.828496 0.00928903
0.828447 0.00929308
0.828398 0.00929715
0.828349 0.00930121
0.8283 0.00930528
0.828251 0.00930936
0.828202 0.00931344
0.828153 0.00931753
0.828104 0.00932162
0.828054 0.00932571
0.828005 0.00932981
0.827956 0.00933392
0.827907 0.00933802
0.827857 0.00934214
0.827808 0.00934626
0.827758 0.00935038
0.827709 0.00935451
0.827659 0.00935864
0.827609 0.00936278
0.82756 0.00936692
0.82751 0.00937107
0.82746 0.00937522
0.82741 0.00937938
0.82736 0.00938354
0.82731 0.00938771
0.82726 0.00939188
0.82721 0.00939606
0.82716 0.00940024
0.82711 0.00940443
0.82706 0.00940862
0.82701 0.00941282
0.826959 0.00941702
0.826909 0.00942123
0.826859 0.00942544
0.826808 0.00942966
0.826758 0.00943388
0.826707 0.00943811
0.826656 0.00944234
0.826606 0.00944658
0.826555 0.00945082
0.826504 0.00945507
0.826453 0.00945933
0.826402 0.00946358
0.826351 0.00946785
0.8263 0.00947212
0.826249 0.00947639
0.826198 0.00948067
0.826147 0.00948495
0.826096 0.00948924
0.826045 0.00949354
0.825993 0.00949784
0.825942 0.00950215
0.82589 0.00950646
0.825839 0.00951077
0.825787 0.0095151
0.825736 0.00951942
0.825684 0.00952376
0.825632 0.00952809
0.825581 0.00953244
0.825529 0.00953679
0.825477 0.00954114
0.825425 0.0095455
0.825373 0.00954987
0.825321 0.00955424
0.825269 0.00955861
0.825217 0.009563
0.825164 0.00956738
0.825112 0.00957178
0.82506 0.00957618
0.825007 0.00958058
0.824955 0.00958499
0.824902 0.00958941
0.82485 0.00959383
0.824797 0.00959825
0.824745 0.00960269
0.824692 0.00960712
0.824639 0.00961157
0.824586 0.00961602
0.824533 0.00962047
0.82448 0.00962494
0.824427 0.0096294
0.824374 0.00963387
0.824321 0.00963835
0.824268 0.00964284
0.824214 0.00964733
0.824161 0.00965182
0.824108 0.00965633
0.824054 0.00966083
0.824001 0.00966535
0.823947 0.00966987
0.823893 0.00967439
0.82384 0.00967893
0.823786 0.00968346
0.823732 0.00968801
0.823678 0.00969256
0.823624 0.00969711
0.82357 0.00970168
0.823516 0.00970624
0.823462 0.00971082
0.823408 0.0097154
0.823353 0.00971998
0.823299 0.00972458
0.823245 0.00972918
0.82319 0.00973378
0.823136 0.00973839
0.823081 0.00974301
0.823026 0.00974763
0.822972 0.00975226
0.822917 0.0097569
0.822862 0.00976154
0.822807 0.00976619
0.822752 0.00977085
0.822697 0.00977551
0.822642 0.00978017
0.822587 0.00978485
0.822532 0.00978953
0.822476 0.00979422
0.822421 0.00979891
0.822366 0.00980361
0.82231 0.00980832
0.822254 0.00981303
0.822199 0.00981775
0.822143 0.00982247
0.822087 0.00982721
0.822032 0.00983195
0.821976 0.00983669
0.82192 0.00984145
0.821864 0.0098462
0.821807 0.00985097
0.821751 0.00985574
0.821695 0.00986052
0.821639 0.00986531
0.821582 0.0098701
0.821526 0.0098749
0.821469 0.00987971
0.821413 0.00988452
0.821356 0.00988934
0.821299 0.00989417
0.821243 0.009899
0.821186 0.00990384
0.821129 0.00990869
0.821072 0.00991354
0.821015 0.0099184
0.820957 0.00992327
0.8209 0.00992815
0.820843 0.00993303
0.820785 0.00993792
0.820728 0.00994281
0.820671 0.00994772
0.820613 0.00995263
0.820555 0.00995755
0.820498 0.00996247
0.82044 0.0099674
0.820382 0.00997234
0.820324 0.00997729
0.820266 0.00998224
0.820208 0.0099872
0.82015 0.00999217
0.820091 0.00999715
0.820033 0.0100021
0.819975 0.0100071
0.819916 0.0100121
0.819857 0.0100171
0.819799 0.0100221
0.81974 0.0100272
0.819681 0.0100322
0.819622 0.0100372
0.819564 0.0100423
0.819505 0.0100473
0.819445 0.0100524
0.819386 0.0100574
0.819327 0.0100625
0.819268 0.0100676
0.819208 0.0100727
0.819149 0.0100778
0.819089 0.0100829
0.81903 0.010088
0.81897 0.0100931
0.81891 0.0100982
0.81885 0.0101034
0.81879 0.0101085
0.81873 0.0101136
0.81867 0.0101188
0.81861 0.010124
0.81855 0.0101291
0.818489 0.0101343
0.818429 0.0101395
0.818368 0.0101447
0.818308 0.0101499
0.818247 0.0101551
0.818186 0.0101604
0.818125 0.0101656
0.818065 0.0101708
0.818004 0.0101761
0.817942 0.0101813
0.817881 0.0101866
0.81782 0.0101919
0.817759 0.0101971
0.817697 0.0102024
0.817636 0.0102077
0.817574 0.010213
0.817512 0.0102183
0.817451 0.0102236
0.817389 0.010229
0.817327 0.0102343
0.817265 0.0102397
0.817203 0.010245
0.817141 0.0102504
0.817078 0.0102557
0.817016 0.0102611
0.816954 0.0102665
0.816891 0.0102719
0.816828 0.0102773
0.816766 0.0102827
0.816703 0.0102882
0.81664 0.0102936
0.816577 0.010299
0.816514 0.0103045
0.816451 0.0103099
0.816388 0.0103154
0.816324 0.0103209
0.816261 0.0103264
0.816197 0.0103318
0.816134 0.0103374
0.81607 0.0103429
0.816006 0.0103484
0.815942 0.0103539
0.815878 0.0103594
0.815814 0.010365
0.81575 0.0103706
0.815686 0.0103761
0.815622 0.0103817
0.815557 0.0103873
0.815493 0.0103929
0.815428 0.0103985
0.815363 0.0104041
0.815298 0.0104097
0.815234 0.0104153
0.815169 0.010421
0.815103 0.0104266
0.815038 0.0104323
0.814973 0.010438
0.814908 0.0104436
0.814842 0.0104493
0.814777 0.010455
0.814711 0.0104607
0.814645 0.0104664
0.814579 0.0104722
0.814513 0.0104779
0.814447 0.0104836
0.814381 0.0104894
0.814315 0.0104952
0.814249 0.0105009
0.814182 0.0105067
0.814116 0.0105125
0.814049 0.0105183
0.813982 0.0105241
0.813915 0.01053
0.813848 0.0105358
0.813781 0.0105416
0.813714 0.0105475
0.813647 0.0105534
0.81358 0.0105592
0.813512 0.0105651
0.813445 0.010571
0.813377 0.0105769
0.813309 0.0105828
0.813241 0.0105888
0.813173 0.0105947
0.813105 0.0106006
0.813037 0.0106066
0.812969 0.0106126
0.8129 0.0106185
0.812832 0.0106245
0.812763 0.0106305
0.812695 0.0106365
0.812626 0.0106426
0.812557 0.0106486
0.812488 0.0106546
0.812419 0.0106607
0.81235 0.0106668
0.81228 0.0106728
0.812211 0.0106789
0.812141 0.010685
0.812072 0.0106911
0.812002 0.0106972
0.811932 0.0107034
0.811862 0.0107095
0.811792 0.0107157
0.811722 0.0107218
0.811651 0.010728
0.811581 0.0107342
0.81151 0.0107404
0.81144 0.0107466
0.811369 0.0107528
0.811298 0.010759
0.811227 0.0107653
0.811156 0.0107715
0.811084 0.0107778
0.811013 0.0107841
0.810942 0.0107904
0.81087 0.0107967
0.810798 0.010803
0.810727 0.0108093
0.810655 0.0108156
0.810583 0.010822
0.81051 0.0108283
0.810438 0.0108347
0.810366 0.0108411
0.810293 0.0108475
0.810221 0.0108539
0.810148 0.0108603
0.810075 0.0108667
0.810002 0.0108732
0.809929 0.0108796
0.809856 0.0108861
0.809782 0.0108926
0.809709 0.010899
0.809635 0.0109055
0.809562 0.0109121
0.809488 0.0109186
0.809414 0.0109251
0.80934 0.0109317
0.809265 0.0109382
0.809191 0.0109448
0.809117 0.0109514
0.809042 0.010958
0.808967 0.0109646
0.808893 0.0109713
0.808818 0.0109779
0.808743 0.0109846
0.808667 0.0109912
0.808592 0.0109979
0.808517 0.0110046
0.808441 0.0110113
0.808365 0.011018
0.808289 0.0110247
0.808213 0.0110315
0.808137 0.0110382
0.808061 0.011045
0.807985 0.0110518
0.807908 0.0110586
0.807832 0.0110654
0.807755 0.0110722
0.807678 0.0110791
0.807601 0.0110859
0.807524 0.0110928
0.807446 0.0110997
0.807369 0.0111066
0.807291 0.0111135
0.807214 0.0111204
0.807136 0.0111273
0.807058 0.0111343
0.80698 0.0111412
0.806902 0.0111482
0.806823 0.0111552
0.806745 0.0111622
0.806666 0.0111692
0.806587 0.0111762
0.806508 0.0111833
0.806429 0.0111903
0.80635 0.0111974
0.806271 0.0112045
0.806191 0.0112116
0.806112 0.0112187
0.806032 0.0112259
0.805952 0.011233
0.805872 0.0112402
0.805792 0.0112473
0.805711 0.0112545
0.805631 0.0112617
0.80555 0.011269
0.805469 0.0112762
0.805388 0.0112834
0.805307 0.0112907
0.805226 0.011298
0.805145 0.0113053
0.805063 0.0113126
0.804982 0.0113199
0.8049 0.0113273
0.804818 0.0113346
0.804736 0.011342
0.804653 0.0113494
0.804571 0.0113568
0.804488 0.0113642
0.804406 0.0113716
0.804323 0.0113791
0.80424 0.0113866
0.804157 0.011394
0.804073 0.0114015
0.80399 0.0114091
0.803906 0.0114166
0.803822 0.0114241
0.803738 0.0114317
0.803654 0.0114393
0.80357 0.0114469
0.803486 0.0114545
0.803401 0.0114621
0.803316 0.0114697
0.803231 0.0114774
0.803146 0.0114851
0.803061 0.0114928
0.802976 0.0115005
0.80289 0.0115082
0.802804 0.011516
0.802719 0.0115237
0.802633 0.0115315
0.802546 0.0115393
0.80246 0.0115471
0.802373 0.0115549
0.802287 0.0115628
0.8022 0.0115706
0.802113 0.0115785
0.802026 0.0115864
0.801938 0.0115943
0.801851 0.0116023
0.801763 0.0116102
0.801675 0.0116182
0.801587 0.0116262
0.801499 0.0116342
0.801411 0.0116422
0.801322 0.0116502
0.801233 0.0116583
0.801144 0.0116664
0.801055 0.0116745
0.800966 0.0116826
0.800877 0.0116907
0.800787 0.0116989
0.800697 0.011707
0.800607 0.0117152
0.800517 0.0117234
0.800427 0.0117316
0.800336 0.0117399
0.800246 0.0117481
0.800155 0.0117564
0.800064 0.0117647
0.799973 0.011773
0.799881 0.0117814
0.79979 0.0117897
0.799698 0.0117981
0.799606 0.0118065
0.799514 0.0118149
0.799422 0.0118233
0.799329 0.0118318
0.799236 0.0118403
0.799144 0.0118488
0.799051 0.0118573
0.798957 0.0118658
0.798864 0.0118744
0.79877 0.0118829
0.798676 0.0118915
0.798582 0.0119001
0.798488 0.0119088
0.798394 0.0119174
0.798299 0.0119261
0.798204 0.0119348
0.798109 0.0119435
0.798014 0.0119522
0.797919 0.011961
0.797823 0.0119698
0.797728 0.0119786
0.797632 0.0119874
0.797535 0.0119962
0.797439 0.0120051
0.797342 0.012014
0.797246 0.0120229
0.797149 0.0120318
0.797052 0.0120407
0.796954 0.0120497
0.796857 0.0120587
0.796759 0.0120677
0.796661 0.0120768
0.796563 0.0120858
0.796464 0.0120949
0.796366 0.012104
0.796267 0.0121131
0.796168 0.0121223
0.796068 0.0121314
0.795969 0.0121406
0.795869 0.0121498
0.795769 0.0121591
0.795669 0.0121683
0.795569 0.0121776
0.795468 0.0121869
0.795368 0.0121962
0.795267 0.0122056
0.795166 0.012215
0.795064 0.0122244
0.794962 0.0122338
0.794861 0.0122432
0.794759 0.0122527
0.794656 0.0122622
0.794554 0.0122717
0.794451 0.0122813
0.794348 0.0122908
0.794245 0.0123004
0.794141 0.01231
0.794038 0.0123197
0.793934 0.0123293
0.79383 0.012339
0.793725 0.0123487
0.793621 0.0123585
0.793516 0.0123682
0.793411 0.012378
0.793306 0.0123878
0.7932 0.0123977
0.793095 0.0124075
0.792989 0.0124174
0.792882 0.0124273
0.792776 0.0124373
0.792669 0.0124472
0.792562 0.0124572
0.792455 0.0124672
0.792348 0.0124773
0.79224 0.0124874
0.792132 0.0124975
0.792024 0.0125076
0.791916 0.0125177
0.791807 0.0125279
0.791698 0.0125381
0.791589 0.0125483
0.79148 0.0125586
0.79137 0.0125689
0.79126 0.0125792
0.79115 0.0125895
0.79104 0.0125999
0.790929 0.0126103
0.790818 0.0126207
0.790707 0.0126312
0.790595 0.0126416
0.790484 0.0126522
0.790372 0.0126627
0.79026 0.0126733
0.790147 0.0126838
0.790034 0.0126945
0.789922 0.0127051
0.789808 0.0127158
0.789695 0.0127265
0.789581 0.0127372
0.789467 0.012748
0.789353 0.0127588
0.789238 0.0127696
0.789123 0.0127805
0.789008 0.0127914
0.788893 0.0128023
0.788777 0.0128132
0.788661 0.0128242
0.788545 0.0128352
0.788428 0.0128463
0.788311 0.0128573
0.788194 0.0128684
0.788077 0.0128796
0.787959 0.0128907
0.787841 0.0129019
0.787723 0.0129131
0.787605 0.0129244
0.787486 0.0129357
0.787367 0.012947
0.787247 0.0129584
0.787128 0.0129697
0.787008 0.0129812
0.786888 0.0129926
0.786767 0.0130041
0.786646 0.0130156
0.786525 0.0130271
0.786404 0.0130387
0.786282 0.0130503
0.78616 0.013062
0.786038 0.0130737
0.785915 0.0130854
0.785792 0.0130971
0.785669 0.0131089
0.785545 0.0131207
0.785421 0.0131326
0.785297 0.0131445
0.785173 0.0131564
0.785048 0.0131683
0.784923 0.0131803
0.784797 0.0131924
0.784672 0.0132044
0.784546 0.0132165
0.784419 0.0132286
0.784292 0.0132408
0.784165 0.013253
0.784038 0.0132653
0.78391 0.0132775
0.783782 0.0132898
0.783654 0.0133022
0.783526 0.0133146
0.783397 0.013327
0.783267 0.0133395
0.783138 0.013352
0.783008 0.0133645
0.782877 0.0133771
0.782747 0.0133897
0.782616 0.0134023
0.782484 0.013415
0.782353 0.0134277
0.782221 0.0134405
0.782088 0.0134533
0.781956 0.0134662
0.781823 0.013479
0.781689 0.013492
0.781555 0.0135049
0.781421 0.0135179
0.781287 0.013531
0.781152 0.013544
0.781017 0.0135572
0.780881 0.0135703
0.780745 0.0135835
0.780609 0.0135968
0.780473 0.0136101
0.780336 0.0136234
0.780198 0.0136368
0.780061 0.0136502
0.779923 0.0136636
0.779784 0.0136771
0.779645 0.0136907
0.779506 0.0137042
0.779367 0.0137179
0.779227 0.0137315
0.779086 0.0137453
0.778946 0.013759
0.778804 0.0137728
0.778663 0.0137867
0.778521 0.0138005
0.778379 0.0138145
0.778236 0.0138284
0.778093 0.0138425
0.77795 0.0138565
0.777806 0.0138706
0.777662 0.0138848
0.777517 0.013899
0.777372 0.0139133
0.777227 0.0139276
0.777081 0.0139419
0.776935 0.0139563
0.776788 0.0139707
0.776641 0.0139852
0.776494 0.0139997
0.776346 0.0140143
0.776197 0.014029
0.776049 0.0140436
0.7759 0.0140584
0.77575 0.0140731
0.7756 0.0140879
0.77545 0.0141028
0.775299 0.0141177
0.775148 0.0141327
0.774996 0.0141477
0.774844 0.0141628
0.774692 0.0141779
0.774539 0.0141931
0.774385 0.0142083
0.774231 0.0142236
0.774077 0.0142389
0.773922 0.0142543
0.773767 0.0142698
0.773611 0.0142852
0.773455 0.0143008
0.773299 0.0143164
0.773142 0.014332
0.772984 0.0143477
0.772827 0.0143635
0.772668 0.0143793
0.772509 0.0143951
0.77235 0.0144111
0.77219 0.014427
0.77203 0.0144431
0.771869 0.0144592
0.771708 0.0144753
0.771547 0.0144915
0.771384 0.0145077
0.771222 0.0145241
0.771059 0.0145404
0.770895 0.0145569
0.770731 0.0145733
0.770567 0.0145899
0.770402 0.0146065
0.770236 0.0146231
0.77007 0.0146399
0.769903 0.0146566
0.769736 0.0146735
0.769569 0.0146904
0.769401 0.0147073
0.769232 0.0147244
0.769063 0.0147414
0.768894 0.0147586
0.768723 0.0147758
0.768553 0.0147931
0.768382 0.0148104
0.76821 0.0148278
0.768038 0.0148453
0.767865 0.0148628
0.767692 0.0148804
0.767518 0.014898
0.767344 0.0149157
0.767169 0.0149335
0.766993 0.0149514
0.766817 0.0149693
0.766641 0.0149873
0.766464 0.0150053
0.766286 0.0150234
0.766108 0.0150416
0.765929 0.0150598
0.76575 0.0150782
0.76557 0.0150966
0.76539 0.015115
0.765209 0.0151335
0.765027 0.0151521
0.764845 0.0151708
0.764662 0.0151895
0.764479 0.0152083
0.764295 0.0152272
0.764111 0.0152462
0.763925 0.0152652
0.76374 0.0152843
0.763554 0.0153035
0.763367 0.0153227
0.763179 0.015342
0.762991 0.0153614
0.762802 0.0153809
0.762613 0.0154004
0.762423 0.0154201
0.762233 0.0154397
0.762042 0.0154595
0.76185 0.0154794
0.761657 0.0154993
0.761464 0.0155193
0.761271 0.0155394
0.761076 0.0155596
0.760881 0.0155798
0.760686 0.0156001
0.76049 0.0156205
0.760293 0.015641
0.760095 0.0156616
0.759897 0.0156822
0.759698 0.015703
0.759499 0.0157238
0.759298 0.0157447
0.759098 0.0157657
0.758896 0.0157868
0.758694 0.0158079
0.758491 0.0158292
0.758287 0.0158505
0.758083 0.0158719
0.757878 0.0158934
0.757672 0.015915
0.757466 0.0159367
0.757259 0.0159584
0.757051 0.0159803
0.756843 0.0160022
0.756634 0.0160243
0.756424 0.0160464
0.756213 0.0160686
0.756002 0.016091
0.75579 0.0161134
0.755577 0.0161359
0.755363 0.0161585
0.755149 0.0161811
0.754934 0.0162039
0.754718 0.0162268
0.754501 0.0162498
0.754284 0.0162729
0.754066 0.0162961
0.753847 0.0163193
0.753628 0.0163427
0.753407 0.0163662
0.753186 0.0163897
0.752964 0.0164134
0.752741 0.0164372
0.752518 0.0164611
0.752293 0.0164851
0.752068 0.0165091
0.751842 0.0165333
0.751616 0.0165576
0.751388 0.016582
0.75116 0.0166065
0.750931 0.0166312
0.7507 0.0166559
0.75047 0.0166807
0.750238 0.0167057
0.750005 0.0167307
0.749772 0.0167559
0.749538 0.0167812
0.749303 0.0168066
0.749067 0.0168321
0.74883 0.0168577
0.748592 0.0168834
0.748354 0.0169093
0.748114 0.0169352
0.747874 0.0169613
0.747633 0.0169875
0.747391 0.0170138
0.747148 0.0170403
0.746904 0.0170668
0.746659 0.0170935
0.746413 0.0171203
0.746166 0.0171472
0.745919 0.0171743
0.74567 0.0172014
0.745421 0.0172287
0.745171 0.0172562
0.744919 0.0172837
0.744667 0.0173114
0.744414 0.0173392
0.744159 0.0173671
0.743904 0.0173952
0.743648 0.0174234
0.743391 0.0174517
0.743133 0.0174802
0.742874 0.0175088
0.742614 0.0175375
0.742353 0.0175664
0.74209 0.0175954
0.741827 0.0176246
0.741563 0.0176539
0.741298 0.0176833
0.741032 0.0177129
0.740765 0.0177426
0.740496 0.0177724
0.740227 0.0178024
0.739957 0.0178326
0.739685 0.0178629
0.739413 0.0178933
0.739139 0.0179239
0.738864 0.0179547
0.738588 0.0179856
0.738312 0.0180166
0.738034 0.0180478
0.737755 0.0180791
0.737474 0.0181107
0.737193 0.0181423
0.736911 0.0181741
0.736627 0.0182061
0.736342 0.0182383
0.736056 0.0182706
0.735769 0.018303
0.735481 0.0183357
0.735192 0.0183684
0.734901 0.0184014
0.73461 0.0184345
0.734317 0.0184678
0.734023 0.0185013
0.733727 0.0185349
0.733431 0.0185687
0.733133 0.0186027
0.732834 0.0186369
0.732534 0.0186712
0.732232 0.0187057
0.73193 0.0187404
0.731626 0.0187753
0.73132 0.0188103
0.731014 0.0188456
0.730706 0.018881
0.730397 0.0189166
0.730087 0.0189524
0.729775 0.0189884
0.729462 0.0190246
0.729148 0.0190609
0.728832 0.0190975
0.728515 0.0191343
0.728197 0.0191712
0.727877 0.0192084
0.727556 0.0192457
0.727234 0.0192833
0.72691 0.019321
0.726585 0.019359
0.726258 0.0193972
0.72593 0.0194355
0.725601 0.0194741
0.72527 0.0195129
0.724938 0.0195519
0.724604 0.0195912
0.724269 0.0196306
0.723932 0.0196703
0.723594 0.0197101
0.723254 0.0197502
0.722913 0.0197906
0.722571 0.0198311
0.722227 0.0198719
0.721881 0.0199129
0.721534 0.0199542
0.721185 0.0199956
0.720835 0.0200373
0.720483 0.0200793
0.72013 0.0201215
0.719775 0.0201639
0.719418 0.0202065
0.71906 0.0202495
0.718701 0.0202926
0.718339 0.020336
0.717976 0.0203797
0.717612 0.0204236
0.717245 0.0204678
0.716877 0.0205122
0.716508 0.0205569
0.716137 0.0206018
0.715764 0.020647
0.715389 0.0206925
0.715012 0.0207382
0.714634 0.0207843
0.714254 0.0208305
0.713873 0.0208771
0.713489 0.020924
0.713104 0.0209711
0.712717 0.0210185
0.712328 0.0210662
0.711938 0.0211142
0.711545 0.0211624
0.711151 0.021211
0.710755 0.0212599
0.710357 0.021309
0.709957 0.0213585
0.709555 0.0214082
0.709152 0.0214583
0.708746 0.0215087
0.708339 0.0215594
0.707929 0.0216104
0.707518 0.0216617
0.707105 0.0217133
0.706689 0.0217653
0.706272 0.0218176
0.705853 0.0218702
0.705431 0.0219232
0.705008 0.0219765
0.704583 0.0220301
0.704155 0.022084
0.703726 0.0221384
0.703294 0.022193
0.70286 0.022248
0.702424 0.0223034
0.701986 0.0223591
0.701546 0.0224152
0.701104 0.0224716
0.700659 0.0225285
0.700213 0.0225856
0.699764 0.0226432
0.699313 0.0227011
0.698859 0.0227594
0.698404 0.0228181
0.697946 0.0228772
0.697486 0.0229367
0.697023 0.0229966
0.696558 0.0230569
0.696091 0.0231176
0.695622 0.0231786
0.69515 0.0232402
0.694676 0.0233021
0.694199 0.0233644
0.69372 0.0234272
0.693238 0.0234904
0.692754 0.023554
0.692268 0.023618
0.691779 0.0236825
0.691288 0.0237475
0.690794 0.0238128
0.690297 0.0238787
0.689798 0.023945
0.689296 0.0240118
0.688792 0.024079
0.688285 0.0241467
0.687776 0.0242149
0.687264 0.0242835
0.686749 0.0243527
0.686231 0.0244223
0.685711 0.0244924
0.685188 0.0245631
0.684662 0.0246342
0.684134 0.0247059
0.683603 0.024778
0.683068 0.0248507
0.682531 0.0249239
0.681992 0.0249977
0.681449 0.025072
0.680903 0.0251468
0.680355 0.0252222
0.679804 0.0252981
0.679249 0.0253746
0.678692 0.0254517
0.678132 0.0255293
0.677568 0.0256075
0.677002 0.0256863
0.676432 0.0257657
0.67586 0.0258457
0.675284 0.0259262
0.674705 0.0260074
0.674123 0.0260893
0.673538 0.0261717
0.67295 0.0262547
0.672358 0.0263384
0.671763 0.0264228
0.671165 0.0265078
0.670564 0.0265934
0.669959 0.0266797
0.669351 0.0267667
0.668739 0.0268544
0.668124 0.0269427
0.667506 0.0270318
0.666884 0.0271215
0.666259 0.027212
0.66563 0.0273032
0.664998 0.027395
0.664362 0.0274877
0.663723 0.027581
0.66308 0.0276752
0.662433 0.02777
0.661783 0.0278657
0.661129 0.0279621
0.660471 0.0280593
0.659809 0.0281573
0.659144 0.0282561
0.658475 0.0283557
0.657802 0.0284561
0.657125 0.0285574
0.656445 0.0286595
0.65576 0.0287624
0.655072 0.0288662
0.654379 0.0289709
0.653683 0.0290764
0.652982 0.0291829
0.652278 0.0292902
0.651569 0.0293984
0.650856 0.0295076
0.650139 0.0296177
0.649418 0.0297287
0.648693 0.0298407
0.647963 0.0299537
0.64723 0.0300676
0.646491 0.0301825
0.645749 0.0302984
0.645002 0.0304153
0.644251 0.0305333
0.643495 0.0306523
0.642735 0.0307723
0.64197 0.0308934
0.641201 0.0310156
0.640427 0.0311388
0.639648 0.0312632
0.638865 0.0313887
0.638077 0.0315153
0.637285 0.031643
0.636488 0.0317719
0.635686 0.0319019
0.634879 0.0320332
0.634067 0.0321656
0.63325 0.0322993
0.632429 0.0324342
0.631602 0.0325703
0.630771 0.0327077
0.629934 0.0328464
0.629093 0.0329863
0.628246 0.0331276
0.627394 0.0332702
0.626537 0.0334141
0.625675 0.0335594
0.624807 0.0337061
0.623935 0.0338542
0.623056 0.0340036
0.622173 0.0341545
0.621284 0.0343069
0.620389 0.0344607
0.61949 0.034616
0.618584 0.0347729
0.617673 0.0349312
0.616756 0.0350911
0.615834 0.0352525
0.614906 0.0354156
0.613972 0.0355802
0.613033 0.0357465
0.612088 0.0359144
0.611137 0.0360841
0.610179 0.0362554
0.609216 0.0364284
0.608247 0.0366031
0.607272 0.0367797
0.606291 0.036958
0.605304 0.0371381
0.604311 0.0373201
0.603311 0.0375039
0.602306 0.0376896
0.601294 0.0378772
0.600275 0.0380668
0.599251 0.0382583
0.598219 0.0384519
0.597182 0.0386474
0.596138 0.038845
0.595087 0.0390447
0.59403 0.0392465
0.592966 0.0394504
0.591896 0.0396565
0.590819 0.0398648
0.589735 0.0400753
0.588644 0.0402881
0.587547 0.0405032
0.586442 0.0407205
0.585331 0.0409403
0.584212 0.0411624
0.583087 0.041387
0.581955 0.041614
0.580815 0.0418435
0.579669 0.0420756
0.578515 0.0423102
0.577354 0.0425474
0.576185 0.0427873
0.57501 0.0430298
0.573827 0.0432751
0.572636 0.0435231
0.571439 0.0437739
0.570233 0.0440276
0.56902 0.0442841
0.5678 0.0445436
0.566572 0.044806
0.565336 0.0450715
0.564093 0.04534
0.562842 0.0456116
0.561583 0.0458863
0.560316 0.0461643
0.559042 0.0464455
0.557759 0.04673
0.556469 0.0470178
0.55517 0.047309
0.553864 0.0476037
0.552549 0.0479018
0.551227 0.0482036
0.549896 0.0485089
0.548557 0.0488178
0.54721 0.0491305
0.545855 0.049447
0.544491 0.0497673
0.543119 0.0500914
0.541739 0.0504195
0.540351 0.0507517
0.538954 0.0510879
0.537548 0.0514282
0.536134 0.0517727
0.534712 0.0521215
0.533281 0.0524746
0.531841 0.0528321
0.530393 0.0531941
0.528937 0.0535606
0.527471 0.0539317
0.525997 0.0543075
0.524514 0.054688
0.523023 0.0550734
0.521523 0.0554637
0.520014 0.0558589
0.518496 0.0562592
0.51697 0.0566647
0.515434 0.0570753
0.51389 0.0574913
0.512337 0.0579127
0.510776 0.0583395
0.509205 0.0587719
0.507625 0.05921
0.506037 0.0596538
0.50444 0.0601034
0.502833 0.0605589
0.501218 0.0610205
0.499594 0.0614882
0.497961 0.0619621
0.49632 0.0624423
0.494669 0.062929
0.493009 0.0634222
0.491341 0.063922
0.489663 0.0644285
0.487977 0.0649419
0.486282 0.0654623
0.484578 0.0659897
0.482865 0.0665243
0.481144 0.0670662
0.479413 0.0676156
0.477674 0.0681725
0.475926 0.068737
0.47417 0.0693094
0.472404 0.0698896
0.47063 0.0704779
0.468848 0.0710744
0.467057 0.0716792
0.465257 0.0722925
0.463449 0.0729143
0.461633 0.0735449
0.459808 0.0741844
0.457974 0.0748328
0.456133 0.0754904
0.454283 0.0761574
0.452425 0.0768338
0.450559 0.0775198
0.448685 0.0782156
0.446803 0.0789214
0.444913 0.0796372
0.443015 0.0803634
0.441109 0.0810999
0.439196 0.0818471
0.437275 0.082605
0.435347 0.0833739
0.433411 0.0841539
0.431468 0.0849452
0.429518 0.0857481
0.427561 0.0865626
0.425597 0.087389
0.423625 0.0882274
0.421647 0.0890781
0.419663 0.0899413
0.417672 0.0908171
0.415674 0.0917058
0.41367 0.0926076
0.41166 0.0935226
0.409644 0.0944511
0.407622 0.0953934
0.405594 0.0963496
0.403561 0.0973199
0.401522 0.0983046
0.399478 0.0993039
0.397429 0.100318
0.395375 0.101347
0.393316 0.102392
0.391252 0.103452
0.389184 0.104528
0.387111 0.105619
0.385035 0.106728
0.382954 0.107852
0.38087 0.108994
0.378782 0.110152
0.37669 0.111328
0.374596 0.112521
0.372498 0.113733
0.370397 0.114962
0.368294 0.11621
0.366189 0.117476
0.364081 0.118761
0.361972 0.120066
0.35986 0.12139
0.357747 0.122734
0.355633 0.124098
0.353518 0.125482
0.351402 0.126887
0.349285 0.128313
0.347167 0.12976
0.34505 0.131229
0.342933 0.132719
0.340815 0.134232
0.338699 0.135767
0.336583 0.137325
0.334468 0.138906
0.332355 0.140511
0.330243 0.142139
0.328132 0.143791
0.326024 0.145468
0.323918 0.147169
0.321815 0.148896
0.319714 0.150647
0.317616 0.152425
0.315522 0.154228
0.313431 0.156058
0.311344 0.157914
0.309261 0.159797
0.307183 0.161707
0.305108 0.163645
0.303039 0.165611
0.300975 0.167606
0.298916 0.169628
0.296863 0.17168
0.294815 0.173761
0.292774 0.175871
0.290739 0.178012
0.28871 0.180182
0.286688 0.182383
0.284674 0.184615
0.282667 0.186877
0.280667 0.189172
0.278675 0.191497
0.276691 0.193855
0.274716 0.196245
0.272749 0.198668
0.270791 0.201124
0.268842 0.203613
0.266902 0.206135
0.264972 0.208691
0.263051 0.211281
0.26114 0.213905
0.259239 0.216563
0.257349 0.219257
0.255469 0.221985
0.2536 0.224748
0.251742 0.227547
0.249895 0.230382
0.248059 0.233252
0.246235 0.236158
0.244422 0.239101
0.242622 0.24208
0.240833 0.245095
0.239057 0.248147
0.237293 0.251236
0.235542 0.254362
0.233804 0.257525
0.232078 0.260725
0.230366 0.263962
0.228666 0.267237
0.22698 0.270549
0.225308 0.273898
0.223649 0.277285
0.222003 0.28071
0.220372 0.284171
0.218755 0.287671
0.217151 0.291207
0.215562 0.294781
0.213987 0.298393
0.212427 0.302041
0.21088 0.305727
0.209349 0.309449
0.207832 0.313209
0.20633 0.317005
0.204842 0.320837
0.20337 0.324705
0.201912 0.32861
0.20047 0.33255
0.199042 0.336526
0.197629 0.340537
0.196232 0.344583
0.194849 0.348663
0.193482 0.352777
0.19213 0.356925
0.190793 0.361106
0.189472 0.36532
0.188165 0.369567
0.186874 0.373845
0.185598 0.378155
0.184338 0.382495
0.183092 0.386866
0.181862 0.391267
0.180648 0.395696
0.179448 0.400154
0.178263 0.40464
0.177094 0.409153
0.17594 0.413692
0.174801 0.418257
0.173677 0.422847
0.172568 0.42746
0.171474 0.432097
0.170395 0.436757
0.169331 0.441438
0.168281 0.446139
0.167247 0.450861
0.166227 0.455601
0.165222 0.46036
0.164231 0.465135
0.163255 0.469927
0.162293 0.474733
0.161345 0.479554
0.160412 0.484387
0.159493 0.489233
0.158589 0.494089
0.157698 0.498955
0.156821 0.50383
0.155958 0.508712
0.155108 0.513601
0.154273 0.518495
0.153451 0.523393
0.152642 0.528295
0.151847 0.533198
0.151065 0.538102
0.150296 0.543006
0.14954 0.547908
0.148797 0.552808
0.148066 0.557703
0.147349 0.562594
0.146644 0.567478
0.145952 0.572354
0.145272 0.577223
0.144604 0.582081
0.143948 0.586928
0.143304 0.591764
0.142672 0.596586
0.142052 0.601394
0.141444 0.606186
0.140847 0.610962
0.140262 0.61572
0.139687 0.620459
0.139124 0.625179
0.138572 0.629877
0.138031 0.634554
0.137501 0.639208
0.136981 0.643838
0.136472 0.648443
0.135973 0.653022
0.135484 0.657574
0.135006 0.662099
0.134538 0.666595
0.134079 0.671061
0.13363 0.675497
0.133191 0.679903
0.132762 0.684276
0.132342 0.688617
0.131931 0.692924
0.131529 0.697197
0.131136 0.701435
0.130753 0.705639
0.130377 0.709806
0.130011 0.713936
0.129653 0.718029
0.129304 0.722085
0.128963 0.726102
0.12863 0.730081
0.128305 0.734021
0.127988 0.737921
0.127678 0.741781
0.127377 0.745601
0.127083 0.74938
0.126796 0.753119
0.126517 0.756816
0.126245 0.760472
0.125981 0.764086
0.125723 0.767659
0.125472 0.77119
0.125228 0.774678
0.124991 0.778125
0.12476 0.781529
0.124536 0.784891
0.124318 0.78821
0.124106 0.791488
0.1239 0.794723
0.123701 0.797915
0.123507 0.801066
0.12332 0.804174
0.123138 0.80724
0.122962 0.810264
0.122791 0.813247
0.122626 0.816188
0.122466 0.819087
0.122312 0.821946
0.122162 0.824763
0.122018 0.827539
0.121879 0.830275
0.121745 0.832971
0.121615 0.835627
0.121491 0.838243
0.121371 0.840819
0.121256 0.843357
0.121145 0.845855
0.121038 0.848315
0.120936 0.850737
0.120838 0.853121
0.120745 0.855468
0.120655 0.857778
0.12057 0.860051
0.120489 0.862288
0.120411 0.864488
0.120338 0.866654
0.120268 0.868784
0.120201 0.870879
0.120139 0.872941
0.12008 0.874968
0.120024 0.876962
0.119972 0.878922
0.119924 0.880851
0.119878 0.882746
0.119836 0.88461
0.119797 0.886443
0.119762 0.888245
0.119729 0.890016
0.119699 0.891757
0.119672 0.893468
0.119649 0.895151
0.119628 0.896804
0.11961 0.898429
0.119594 0.900026
0.119581 0.901595
0.119571 0.903137
0.119564 0.904653
0.119559 0.906142
0.119557 0.907605
0.119557 0.909043
0.119559 0.910455
0.119564 0.911843
0.119571 0.913207
0.119581 0.914547
0.119593 0.915863
0.119607 0.917156
0.119623 0.918426
0.119641 0.919674
0.119661 0.9209
0.119684 0.922104
0.119708 0.923287
0.119734 0.924449
0.119762 0.925591
0.119793 0.926712
0.119825 0.927814
0.119859 0.928896
0.119894 0.929959
0.119932 0.931003
0.119971 0.932029
0.120012 0.933036
0.120054 0.934026
0.120098 0.934998
0.120144 0.935953
0.120191 0.936891
0.12024 0.937813
0.120291 0.938718
0.120343 0.939607
0.120396 0.940481
0.120451 0.941339
0.120507 0.942182
0.120565 0.94301
0.120624 0.943824
0.120684 0.944623
0.120746 0.945408
0.120809 0.94618
0.120874 0.946938
0.120939 0.947682
0.121006 0.948414
0.121074 0.949133
0.121143 0.949839
0.121213 0.950533
0.121285 0.951215
0.121358 0.951885
0.121431 0.952543
0.121506 0.95319
0.121582 0.953825
0.121659 0.95445
0.121737 0.955064
0.121816 0.955667
0.121896 0.95626
0.121977 0.956843
0.122059 0.957415
0.122142 0.957978
0.122226 0.958531
0.122311 0.959075
0.122396 0.959609
0.122483 0.960135
0.122571 0.960651
0.122659 0.961159
0.122748 0.961658
0.122838 0.962148
0.122929 0.96263
0.123021 0.963105
0.123113 0.963571
0.123206 0.964029
0.1233 0.96448
0.123395 0.964923
0.123491 0.965358
0.123587 0.965787
0.123684 0.966208
0.123782 0.966623
0.12388 0.96703
0.123979 0.967431
0.124079 0.967825
0.124179 0.968213
0.124281 0.968594
0.124382 0.968969
0.124485 0.969338
0.124588 0.969701
0.124691 0.970058
0.124796 0.970409
0.124901 0.970754
0.125006 0.971094
0.125112 0.971429
0.125219 0.971758
0.125326 0.972081
0.125434 0.9724
0.125542 0.972713
0.125651 0.973022
0.12576 0.973325
0.12587 0.973624
0.125981 0.973918
0.126092 0.974208
0.126203 0.974492
0.126315 0.974773
0.126428 0.975049
0.126541 0.97532
0.126654 0.975588
0.126768 0.975851
0.126883 0.97611
0.126998 0.976365
0.127113 0.976616
0.127229 0.976864
0.127345 0.977107
0.127462 0.977347
0.127579 0.977583
0.127697 0.977816
0.127815 0.978045
0.127933 0.97827
0.128052 0.978492
0.128171 0.978711
0.128291 0.978926
0.128411 0.979139
0.128531 0.979348
0.128652 0.979553
0.128773 0.979756
0.128895 0.979956
0.129017 0.980153
0.129139 0.980347
0.129262 0.980538
0.129385 0.980726
0.129509 0.980912
0.129632 0.981094
0.129757 0.981274
0.129881 0.981452
0.130006 0.981627
0.130131 0.981799
0.130257 0.981969
0.130383 0.982136
0.130509 0.982301
0.130636 0.982464
0.130762 0.982624
0.13089 0.982782
0.131017 0.982938
0.131145 0.983092
0.131273 0.983243
0.131402 0.983392
0.131531 0.983539
0.13166 0.983684
0.131789 0.983827
0.131919 0.983968
0.132049 0.984107
0.132179 0.984244
0.13231 0.98438
0.132441 0.984513
0.132572 0.984645
0.132703 0.984774
0.132835 0.984902
0.132967 0.985028
0.1331 0.985153
0.133232 0.985275
0.133365 0.985396
0.133498 0.985516
0.133632 0.985634
0.133765 0.98575
0.133899 0.985865
0.134034 0.985978
0.134168 0.986089
0.134303 0.986199
0.134438 0.986308
0.134573 0.986415
0.134709 0.986521
0.134845 0.986625
0.134981 0.986728
0.135117 0.98683
0.135254 0.98693
0.13539 0.987029
0.135528 0.987127
0.135665 0.987223
0.135802 0.987318
0.13594 0.987412
0.136078 0.987505
0.136217 0.987597
0.136355 0.987687
0.136494 0.987776
0.136633 0.987864
0.136772 0.987951
0.136912 0.988037
0.137052 0.988121
0.137192 0.988205
0.137332 0.988288
0.137472 0.988369
0.137613 0.98845
0.137754 0.988529
0.137895 0.988608
0.138036 0.988685
0.138178 0.988762
0.13832 0.988837
0.138462 0.988912
0.138604 0.988986
0.138747 0.989058
0.138889 0.98913
0.139032 0.989201
0.139176 0.989272
0.139319 0.989341
0.139463 0.989409
0.139607 0.989477
0.139751 0.989544
0.139895 0.98961
0.140039 0.989675
0.140184 0.989739
0.140329 0.989803
0.140474 0.989866
0.14062 0.989928
0.140765 0.989989
0.140911 0.99005
0.141057 0.990109
0.141204 0.990169
0.14135 0.990227
0.141497 0.990285
0.141644 0.990342
0.141791 0.990398
0.141938 0.990454
0.142086 0.990509
0.142234 0.990564
0.142382 0.990617
0.14253 0.990671
0.142679 0.990723
0.142827 0.990775
0.142976 0.990826
0.143125 0.990877
0.143275 0.990927
0.143424 0.990977
0.143574 0.991026
0.143724 0.991074
0.143874 0.991122
0.144024 0.991169
0.144175 0.991216
0.144326 0.991262
0.144477 0.991308
0.144628 0.991353
0.14478 0.991398
0.144931 0.991442
0.145083 0.991486
0.145236 0.991529
0.145388 0.991572
0.14554 0.991614
0.145693 0.991655
0.145846 0.991697
0.146 0.991737
0.146153 0.991778
0.146307 0.991818
0.146461 0.991857
0.146615 0.991896
0.146769 0.991935
0.146923 0.991973
0.147078 0.99201
0.147233 0.992048
0.147388 0.992085
0.147544 0.992121
0.1477 0.992157
0.147855 0.992193
0.148011 0.992228
0.148168 0.992263
0.148324 0.992297
0.148481 0.992332
0.148638 0.992365
0.148795 0.992399
0.148953 0.992432
0.14911 0.992464
0.149268 0.992497
0.149426 0.992529
0.149585 0.99256
0.149743 0.992591
0.149902 0.992622
0.150061 0.992653
0.15022 0.992683
0.15038 0.992713
0.150539 0.992743
0.150699 0.992772
0.15086 0.992801
0.15102 0.992829
0.151181 0.992858
0.151341 0.992886
0.151503 0.992914
0.151664 0.992941
0.151825 0.992968
0.151987 0.992995
0.152149 0.993022
0.152312 0.993048
0.152474 0.993074
0.152637 0.993099
0.1528 0.993125
0.152963 0.99315
0.153127 0.993175
0.15329 0.9932
0.153454 0.993224
0.153618 0.993248
0.153783 0.993272
0.153948 0.993295
0.154113 0.993319
0.154278 0.993342
0.154443 0.993365
0.154609 0.993387
0.154775 0.99341
0.154941 0.993432
0.155107 0.993454
0.155274 0.993475
0.155441 0.993497
0.155608 0.993518
0.155776 0.993539
0.155943 0.99356
0.156111 0.99358
0.156279 0.993601
0.156448 0.993621
0.156617 0.993641
0.156786 0.99366
0.156955 0.99368
0.157124 0.993699
0.157294 0.993718
0.157464 0.993737
0.157634 0.993755
0.157805 0.993774
0.157976 0.993792
0.158147 0.99381
0.158318 0.993828
0.15849 0.993846
0.158662 0.993863
0.158834 0.993881
0.159006 0.993898
0.159179 0.993915
0.159352 0.993931
0.159525 0.993948
0.159699 0.993964
0.159873 0.99398
0.160047 0.993997
0.160221 0.994012
0.160396 0.994028
0.160571 0.994044
0.160746 0.994059
0.160922 0.994074
0.161098 0.994089
0.161274 0.994104
0.16145 0.994119
0.161627 0.994133
0.161804 0.994148
0.161981 0.994162
0.162159 0.994176
0.162337 0.99419
0.162515 0.994204
0.162693 0.994217
0.162872 0.994231
0.163051 0.994244
0.16323 0.994257
0.16341 0.99427
0.16359 0.994283
0.16377 0.994296
0.163951 0.994309
0.164132 0.994321
0.164313 0.994333
0.164495 0.994345
0.164676 0.994358
0.164859 0.994369
0.165041 0.994381
0.165224 0.994393
0.165407 0.994404
0.16559 0.994416
0.165774 0.994427
0.165958 0.994438
0.166143 0.994449
0.166327 0.99446
0.166513 0.994471
0.166698 0.994481
0.166884 0.994492
0.16707 0.994502
0.167256 0.994512
0.167443 0.994523
0.16763 0.994533
0.167817 0.994543
0.168005 0.994552
0.168193 0.994562
0.168382 0.994572
0.16857 0.994581
0.16876 0.99459
0.168949 0.994599
0.169139 0.994609
0.169329 0.994618
0.16952 0.994626
0.169711 0.994635
0.169902 0.994644
0.170094 0.994652
0.170286 0.994661
0.170478 0.994669
0.170671 0.994677
0.170864 0.994686
0.171057 0.994694
0.171251 0.994702
0.171445 0.994709
0.17164 0.994717
0.171835 0.994725
0.17203 0.994732
0.172226 0.99474
0.172422 0.994747
0.172618 0.994754
0.172815 0.994761
0.173012 0.994768
0.17321 0.994775
0.173408 0.994782
0.173607 0.994789
0.173805 0.994796
0.174005 0.994802
0.174204 0.994809
0.174404 0.994815
0.174605 0.994821
0.174806 0.994828
0.175007 0.994834
0.175208 0.99484
0.17541 0.994846
0.175613 0.994851
0.175816 0.994857
0.176019 0.994863
0.176223 0.994868
0.176427 0.994874
0.176632 0.994879
0.176837 0.994885
0.177042 0.99489
0.177248 0.994895
0.177454 0.9949
0.177661 0.994905
0.177868 0.99491
0.178076 0.994915
0.178284 0.99492
0.178493 0.994924
0.178701 0.994929
0.178911 0.994934
0.179121 0.994938
0.179331 0.994942
0.179542 0.994947
0.179753 0.994951
0.179965 0.994955
0.180177 0.994959
0.18039 0.994963
0.180603 0.994967
0.180816 0.994971
0.18103 0.994974
0.181245 0.994978
0.18146 0.994982
0.181675 0.994985
0.181891 0.994989
0.182108 0.994992
0.182325 0.994995
0.182542 0.994999
0.18276 0.995002
0.182979 0.995005
0.183198 0.995008
0.183417 0.995011
0.183637 0.995014
0.183858 0.995016
0.184078 0.995019
0.1843 0.995022
0.184522 0.995024
0.184745 0.995027
0.184968 0.995029
0.185191 0.995032
0.185415 0.995034
0.18564 0.995036
0.185865 0.995039
0.186091 0.995041
0.186317 0.995043
0.186544 0.995045
0.186771 0.995047
0.186999 0.995049
0.187228 0.99505
0.187457 0.995052
0.187686 0.995054
0.187916 0.995055
0.188147 0.995057
0.188378 0.995058
0.18861 0.99506
0.188842 0.995061
0.189075 0.995062
0.189309 0.995063
0.189543 0.995065
0.189778 0.995066
0.190013 0.995067
0.190249 0.995068
0.190486 0.995069
0.190723 0.995069
0.190961 0.99507
0.191199 0.995071
0.191438 0.995071
0.191677 0.995072
0.191918 0.995073
0.192158 0.995073
0.1924 0.995073
0.192642 0.995074
0.192884 0.995074
0.193128 0.995074
0.193372 0.995074
0.193616 0.995074
0.193862 0.995074
0.194108 0.995074
0.194354 0.995074
0.194601 0.995074
0.194849 0.995074
0.195098 0.995074
0.195347 0.995073
0.195597 0.995073
0.195847 0.995072
0.196099 0.995072
0.196351 0.995071
0.196603 0.995071
0.196856 0.99507
0.19711 0.995069
0.197365 0.995068
0.197621 0.995068
0.197877 0.995067
0.198134 0.995066
0.198391 0.995065
0.198649 0.995064
0.198908 0.995062
0.199168 0.995061
0.199429 0.99506
0.19969 0.995059
0.199952 0.995057
0.200214 0.995056
0.200478 0.995054
0.200742 0.995053
0.201007 0.995051
0.201273 0.995049
0.201539 0.995048
0.201807 0.995046
0.202075 0.995044
0.202344 0.995042
0.202613 0.99504
0.202884 0.995038
0.203155 0.995036
0.203427 0.995034
0.2037 0.995031
0.203973 0.995029
0.204248 0.995027
0.204523 0.995025
0.204799 0.995022
0.205076 0.99502
0.205354 0.995017
0.205633 0.995014
0.205912 0.995012
0.206193 0.995009
0.206474 0.995006
0.206756 0.995003
0.207039 0.995
0.207323 0.994998
0.207607 0.994995
0.207893 0.994991
0.208179 0.994988
0.208467 0.994985
0.208755 0.994982
0.209044 0.994979
0.209334 0.994975
0.209625 0.994972
0.209917 0.994968
0.21021 0.994965
0.210504 0.994961
0.210799 0.994957
0.211094 0.994954
0.211391 0.99495
0.211688 0.994946
0.211987 0.994942
0.212287 0.994938
0.212587 0.994934
0.212889 0.99493
0.213191 0.994926
0.213495 0.994922
0.213799 0.994918
0.214105 0.994913
0.214411 0.994909
0.214719 0.994904
0.215027 0.9949
0.215337 0.994895
0.215647 0.994891
0.215959 0.994886
0.216272 0.994881
0.216586 0.994877
0.216901 0.994872
0.217216 0.994867
0.217534 0.994862
0.217852 0.994857
0.218171 0.994852
0.218491 0.994847
0.218813 0.994841
0.219135 0.994836
0.219459 0.994831
0.219784 0.994825
0.22011 0.99482
0.220437 0.994814
0.220765 0.994809
0.221094 0.994803
0.221425 0.994797
0.221757 0.994791
0.22209 0.994786
0.222424 0.99478
0.222759 0.994774
0.223096 0.994768
0.223434 0.994761
0.223773 0.994755
0.224113 0.994749
0.224454 0.994743
0.224797 0.994736
0.225141 0.99473
0.225486 0.994723
0.225833 0.994717
0.226181 0.99471
0.22653 0.994703
0.22688 0.994697
0.227232 0.99469
0.227585 0.994683
0.227939 0.994676
0.228295 0.994669
0.228652 0.994662
0.22901 0.994654
0.22937 0.994647
0.229731 0.99464
0.230094 0.994632
0.230458 0.994625
0.230823 0.994617
0.23119 0.99461
0.231558 0.994602
0.231928 0.994594
0.232299 0.994586
0.232671 0.994578
0.233045 0.99457
0.233421 0.994562
0.233797 0.994554
0.234176 0.994546
0.234556 0.994538
0.234937 0.994529
0.23532 0.994521
0.235704 0.994512
0.23609 0.994504
0.236478 0.994495
0.236867 0.994486
0.237258 0.994478
0.23765 0.994469
0.238044 0.99446
0.238439 0.994451
0.238837 0.994441
0.239235 0.994432
0.239636 0.994423
0.240038 0.994414
0.240442 0.994404
0.240847 0.994395
0.241254 0.994385
0.241663 0.994375
0.242073 0.994365
0.242486 0.994355
0.2429 0.994346
0.243315 0.994335
0.243733 0.994325
0.244152 0.994315
0.244573 0.994305
0.244996 0.994294
0.245421 0.994284
0.245847 0.994273
0.246276 0.994263
0.246706 0.994252
0.247138 0.994241
0.247572 0.99423
0.248008 0.994219
0.248446 0.994208
0.248886 0.994197
0.249327 0.994185
0.249771 0.994174
0.250217 0.994162
0.250664 0.994151
0.251114 0.994139
0.251565 0.994127
0.252019 0.994115
0.252475 0.994103
0.252932 0.994091
0.253392 0.994079
0.253854 0.994067
0.254318 0.994054
0.254784 0.994042
0.255253 0.994029
0.255723 0.994017
0.256196 0.994004
0.256671 0.993991
0.257148 0.993978
0.257627 0.993965
0.258108 0.993951
0.258592 0.993938
0.259078 0.993925
0.259566 0.993911
0.260057 0.993897
0.26055 0.993884
0.261045 0.99387
0.261543 0.993856
0.262043 0.993841
0.262545 0.993827
0.26305 0.993813
0.263557 0.993798
0.264067 0.993784
0.264579 0.993769
0.265094 0.993754
0.265611 0.993739
0.266131 0.993724
0.266653 0.993709
0.267178 0.993693
0.267705 0.993678
0.268235 0.993662
0.268768 0.993646
0.269303 0.993631
0.269841 0.993615
0.270382 0.993598
0.270925 0.993582
0.271471 0.993566
0.27202 0.993549
0.272572 0.993532
0.273126 0.993516
0.273684 0.993499
0.274244 0.993481
0.274807 0.993464
0.275373 0.993447
0.275942 0.993429
0.276513 0.993412
0.277088 0.993394
0.277666 0.993376
0.278247 0.993358
0.27883 0.993339
0.279417 0.993321
0.280007 0.993302
0.2806 0.993283
0.281196 0.993264
0.281796 0.993245
0.282398 0.993226
0.283004 0.993207
0.283613 0.993187
0.284225 0.993167
0.28484 0.993147
0.285459 0.993127
0.286082 0.993107
0.286707 0.993087
0.287336 0.993066
0.287968 0.993045
0.288604 0.993024
0.289244 0.993003
0.289886 0.992982
0.290533 0.99296
0.291183 0.992938
0.291836 0.992916
0.292494 0.992894
0.293154 0.992872
0.293819 0.99285
0.294487 0.992827
0.295159 0.992804
0.295835 0.992781
0.296515 0.992758
0.297198 0.992734
0.297886 0.99271
0.298577 0.992686
0.299272 0.992662
0.299972 0.992638
0.300675 0.992613
0.301382 0.992589
0.302094 0.992564
0.302809 0.992538
0.303529 0.992513
0.304253 0.992487
0.304981 0.992461
0.305713 0.992435
0.30645 0.992409
0.307191 0.992382
0.307936 0.992355
0.308686 0.992328
0.30944 0.9923
0.310199 0.992273
0.310962 0.992245
0.31173 0.992217
0.312502 0.992188
0.313279 0.992159
0.314061 0.99213
0.314847 0.992101
0.315638 0.992072
0.316434 0.992042
0.317235 0.992012
0.318041 0.991981
0.318852 0.991951
0.319667 0.99192
0.320488 0.991889
0.321313 0.991857
0.322144 0.991825
0.32298 0.991793
0.323821 0.99176
0.324668 0.991728
0.325519 0.991695
0.326376 0.991661
0.327239 0.991627
0.328106 0.991593
0.328979 0.991559
0.329858 0.991524
0.330742 0.991489
0.331632 0.991453
0.332528 0.991418
0.333429 0.991381
0.334336 0.991345
0.335249 0.991308
0.336168 0.991271
0.337092 0.991233
0.338023 0.991195
0.338959 0.991156
0.339902 0.991118
0.340851 0.991078
0.341805 0.991039
0.342767 0.990999
0.343734 0.990958
0.344708 0.990917
0.345688 0.990876
0.346674 0.990834
0.347667 0.990792
0.348667 0.990749
0.349673 0.990706
0.350686 0.990663
0.351705 0.990619
0.352732 0.990574
0.353765 0.990529
0.354805 0.990484
0.355852 0.990438
0.356906 0.990391
0.357967 0.990345
0.359036 0.990297
0.360111 0.990249
0.361194 0.990201
0.362284 0.990152
0.363381 0.990102
0.364486 0.990052
0.365599 0.990001
0.366719 0.98995
0.367846 0.989898
0.368982 0.989846
0.370125 0.989793
0.371276 0.989739
0.372435 0.989685
0.373601 0.98963
0.374776 0.989575
0.375959 0.989519
0.37715 0.989462
0.378349 0.989404
0.379557 0.989346
0.380773 0.989288
0.381998 0.989228
0.38323 0.989168
0.384472 0.989107
0.385722 0.989046
0.386981 0.988983
0.388249 0.98892
0.389525 0.988857
0.390811 0.988792
0.392105 0.988727
0.393409 0.988661
0.394721 0.988594
0.396043 0.988526
0.397374 0.988457
0.398715 0.988388
0.400065 0.988318
0.401424 0.988247
0.402793 0.988175
0.404172 0.988102
0.40556 0.988028
0.406959 0.987953
0.408367 0.987877
0.409785 0.987801
0.411213 0.987723
0.412651 0.987644
0.414099 0.987565
0.415558 0.987484
0.417026 0.987403
0.418506 0.98732
0.419995 0.987236
0.421495 0.987151
0.423006 0.987065
0.424527 0.986978
0.42606 0.986889
0.427603 0.9868
0.429156 0.986709
0.430721 0.986617
0.432297 0.986524
0.433884 0.98643
0.435482 0.986334
0.437091 0.986237
0.438712 0.986139
0.440344 0.986039
0.441987 0.985938
0.443642 0.985836
0.445308 0.985732
0.446986 0.985627
0.448676 0.98552
0.450377 0.985412
0.452091 0.985303
0.453816 0.985191
0.455553 0.985078
0.457302 0.984964
0.459063 0.984848
0.460836 0.98473
0.462621 0.984611
0.464419 0.98449
0.466229 0.984367
0.468051 0.984242
0.469885 0.984116
0.471732 0.983988
0.473592 0.983857
0.475463 0.983725
0.477348 0.983591
0.479245 0.983455
0.481154 0.983317
0.483076 0.983177
0.485011 0.983035
0.486959 0.98289
0.488919 0.982744
0.490892 0.982595
0.492878 0.982444
0.494876 0.98229
0.496888 0.982135
0.498912 0.981977
0.500949 0.981816
0.502999 0.981653
0.505062 0.981487
0.507137 0.981319
0.509226 0.981148
0.511327 0.980975
0.513441 0.980799
0.515568 0.98062
0.517708 0.980438
0.519861 0.980253
0.522026 0.980065
0.524204 0.979875
0.526395 0.979681
0.528598 0.979484
0.530814 0.979284
0.533043 0.97908
0.535284 0.978874
0.537538 0.978664
0.539804 0.97845
0.542083 0.978233
0.544373 0.978013
0.546676 0.977788
0.548991 0.97756
0.551319 0.977329
0.553658 0.977093
0.556009 0.976853
0.558371 0.97661
0.560746 0.976362
0.563132 0.97611
0.565529 0.975854
0.567938 0.975594
0.570357 0.975329
0.572788 0.975059
0.57523 0.974785
0.577682 0.974506
0.580145 0.974223
0.582619 0.973934
0.585102 0.973641
0.587596 0.973342
0.5901 0.973038
0.592613 0.972729
0.595136 0.972414
0.597668 0.972094
0.600209 0.971769
0.602759 0.971437
0.605318 0.9711
0.607885 0.970757
0.610461 0.970408
0.613044 0.970052
0.615635 0.969691
0.618233 0.969322
0.620839 0.968947
0.623452 0.968566
0.626071 0.968178
0.628696 0.967782
0.631328 0.96738
0.633965 0.96697
0.636608 0.966553
0.639256 0.966128
0.641909 0.965696
0.644566 0.965256
0.647228 0.964808
0.649893 0.964352
0.652562 0.963887
0.655234 0.963414
0.657909 0.962932
0.660587 0.962442
0.663267 0.961943
0.665948 0.961434
0.668631 0.960916
0.671314 0.960389
0.673999 0.959852
0.676684 0.959305
0.679368 0.958748
0.682052 0.958181
0.684736 0.957603
0.687417 0.957015
0.690098 0.956416
0.692776 0.955806
0.695451 0.955185
0.698124 0.954552
0.700794 0.953908
0.703459 0.953252
0.706121 0.952584
0.708778 0.951903
0.71143 0.95121
0.714077 0.950505
0.716718 0.949786
0.719353 0.949054
0.721982 0.948309
0.724603 0.947549
0.727217 0.946776
0.729824 0.945989
0.732422 0.945188
0.735011 0.944372
0.737592 0.94354
0.740163 0.942694
0.742724 0.941832
0.745276 0.940955
0.747817 0.940062
0.750346 0.939152
0.752865 0.938226
0.755372 0.937283
0.757867 0.936323
0.76035 0.935346
0.76282 0.934351
0.765277 0.933338
0.76772 0.932307
0.77015 0.931258
0.772565 0.93019
0.774967 0.929103
0.777353 0.927996
0.779725 0.92687
0.782081 0.925724
0.784422 0.924557
0.786747 0.92337
0.789056 0.922162
0.791348 0.920933
0.793624 0.919683
0.795883 0.918411
0.798125 0.917116
0.800349 0.9158
0.802556 0.91446
0.804745 0.913098
0.806916 0.911712
0.809069 0.910302
0.811204 0.908869
0.81332 0.907411
0.815417 0.905929
0.817496 0.904421
0.819555 0.902889
0.821595 0.90133
0.823616 0.899746
0.825618 0.898136
0.8276 0.896499
0.829562 0.894835
0.831505 0.893144
0.833428 0.891425
0.835331 0.889679
0.837215 0.887904
0.839078 0.886101
0.840921 0.88427
0.842744 0.882409
0.844548 0.880519
0.846331 0.878599
0.848094 0.876649
0.849836 0.874669
0.851559 0.872658
0.853262 0.870617
0.854944 0.868544
0.856606 0.86644
0.858249 0.864303
0.859871 0.862135
0.861473 0.859935
0.863056 0.857702
0.864618 0.855436
0.866161 0.853137
0.867684 0.850805
0.869188 0.848439
0.870671 0.846039
0.872136 0.843605
0.873581 0.841137
0.875006 0.838634
0.876413 0.836097
0.8778 0.833524
0.879169 0.830916
0.880518 0.828273
0.881849 0.825594
0.883161 0.822879
0.884455 0.820128
0.88573 0.817342
0.886987 0.814518
0.888226 0.811659
0.889447 0.808763
0.890651 0.80583
0.891836 0.80286
0.893004 0.799854
0.894155 0.79681
0.895288 0.793729
0.896405 0.790611
0.897504 0.787456
0.898587 0.784264
0.899653 0.781034
0.900703 0.777767
0.901736 0.774462
0.902753 0.771121
0.903755 0.767741
0.90474 0.764325
0.90571 0.760871
0.906665 0.75738
0.907604 0.753852
0.908528 0.750287
0.909437 0.746685
0.910331 0.743046
0.911211 0.73937
0.912076 0.735658
0.912927 0.73191
0.913763 0.728126
0.914586 0.724305
0.915395 0.720449
0.91619 0.716558
0.916972 0.712631
0.917741 0.708669
0.918496 0.704673
0.919238 0.700642
0.919968 0.696578
0.920685 0.692479
0.921389 0.688348
0.922081 0.684184
0.922761 0.679987
0.923429 0.675759
0.924084 0.671498
0.924729 0.667207
0.925361 0.662885
0.925982 0.658533
0.926592 0.654152
0.927191 0.649742
0.927778 0.645303
0.928355 0.640837
0.928922 0.636343
0.929477 0.631823
0.930022 0.627277
0.930557 0.622706
0.931082 0.61811
0.931597 0.61349
0.932102 0.608848
0.932597 0.604183
0.933083 0.599496
0.933559 0.594789
0.934026 0.590062
0.934484 0.585316
0.934932 0.580551
0.935372 0.575769
0.935803 0.570971
0.936225 0.566157
0.936639 0.561328
0.937044 0.556485
0.937441 0.551629
0.93783 0.546761
0.93821 0.541883
0.938583 0.536994
0.938947 0.532096
0.939304 0.52719
0.939654 0.522277
0.939995 0.517359
0.94033 0.512435
0.940657 0.507507
0.940976 0.502576
0.941289 0.497643
0.941595 0.492709
0.941893 0.487776
0.942185 0.482843
0.942471 0.477914
0.942749 0.472987
0.943021 0.468065
0.943287 0.463148
0.943546 0.458238
0.943799 0.453335
0.944046 0.448441
0.944287 0.443557
0.944522 0.438683
0.944751 0.433821
0.944974 0.428972
0.945192 0.424136
0.945404 0.419316
0.94561 0.414511
0.945811 0.409723
0.946007 0.404953
0.946197 0.400201
0.946382 0.395469
0.946562 0.390758
0.946737 0.386069
0.946907 0.381401
0.947072 0.376757
0.947232 0.372138
0.947387 0.367543
0.947538 0.362974
0.947684 0.358432
0.947826 0.353918
0.947963 0.349431
0.948096 0.344974
0.948224 0.340546
0.948348 0.336149
0.948468 0.331783
0.948584 0.327449
0.948695 0.323147
0.948803 0.318878
0.948907 0.314643
0.949006 0.310442
0.949102 0.306276
0.949195 0.302145
0.949283 0.29805
0.949368 0.293991
0.949449 0.289968
0.949527 0.285983
0.949601 0.282035
0.949672 0.278125
0.94974 0.274253
0.949804 0.270419
0.949865 0.266624
0.949923 0.262869
0.949977 0.259152
0.950029 0.255475
0.950077 0.251837
0.950123 0.24824
0.950165 0.244682
0.950205 0.241164
0.950242 0.237687
0.950276 0.23425
0.950307 0.230853
0.950336 0.227497
0.950362 0.224181
0.950385 0.220905
0.950406 0.21767
0.950424 0.214475
0.950439 0.21132
0.950453 0.208205
0.950464 0.205131
0.950472 0.202096
0.950478 0.199101
0.950482 0.196146
0.950484 0.193231
0.950483 0.190354
0.950481 0.187517
0.950476 0.184719
0.950469 0.181959
0.95046 0.179238
0.950449 0.176556
0.950436 0.173911
0.950421 0.171304
0.950404 0.168734
0.950386 0.166202
0.950365 0.163706
0.950343 0.161247
0.950319 0.158824
0.950293 0.156438
0.950266 0.154086
0.950236 0.15177
0.950206 0.149489
0.950173 0.147243
0.950139 0.145031
0.950103 0.142852
0.950066 0.140707
0.950028 0.138596
0.949988 0.136517
0.949946 0.13447
0.949903 0.132456
0.949859 0.130473
0.949813 0.128521
0.949766 0.126601
0.949718 0.12471
0.949668 0.12285
0.949617 0.12102
0.949565 0.119219
0.949511 0.117447
0.949457 0.115704
0.949401 0.113989
0.949344 0.112301
0.949286 0.110641
0.949227 0.109008
0.949167 0.107402
0.949105 0.105822
0.949043 0.104268
0.948979 0.10274
0.948915 0.101236
0.94885 0.0997578
0.948783 0.0983037
0.948716 0.0968736
0.948648 0.0954672
0.948579 0.0940842
0.948509 0.0927241
0.948438 0.0913866
0.948366 0.0900714
0.948294 0.088778
0.94822 0.0875063
0.948146 0.0862558
0.948071 0.0850261
0.947995 0.083817
0.947919 0.0826281
0.947841 0.0814591
0.947763 0.0803096
0.947685 0.0791794
0.947605 0.0780681
0.947525 0.0769754
0.947445 0.0759011
0.947363 0.0748447
0.947281 0.073806
0.947198 0.0727847
0.947115 0.0717804
0.947031 0.070793
0.946947 0.0698222
0.946862 0.0688675
0.946776 0.0679289
0.94669 0.0670059
0.946603 0.0660984
0.946516 0.065206
0.946428 0.0643285
0.94634 0.0634656
0.946251 0.0626171
0.946162 0.0617828
0.946072 0.0609623
0.945982 0.0601555
0.945891 0.0593621
0.9458 0.0585819
0.945709 0.0578146
0.945617 0.05706
0.945524 0.0563179
0.945432 0.0555881
0.945339 0.0548703
0.945245 0.0541643
0.945151 0.05347
0.945057 0.0527871
0.944962 0.0521155
0.944867 0.0514548
0.944772 0.050805
0.944676 0.0501658
0.94458 0.0495371
0.944484 0.0489186
0.944387 0.0483102
0.94429 0.0477117
0.944193 0.047123
0.944096 0.0465437
0.943998 0.0459739
0.9439 0.0454132
0.943802 0.0448617
0.943703 0.044319
0.943604 0.043785
0.943505 0.0432596
0.943406 0.0427426
0.943306 0.0422339
0.943206 0.0417333
0.943106 0.0412407
0.943006 0.040756
0.942906 0.0402789
0.942805 0.0398094
0.942704 0.0393473
0.942603 0.0388926
0.942502 0.0384449
0.942401 0.0380044
0.942299 0.0375707
0.942197 0.0371439
0.942095 0.0367237
0.941993 0.03631
0.941891 0.0359029
0.941789 0.035502
0.941686 0.0351073
0.941584 0.0347188
0.941481 0.0343362
0.941378 0.0339596
0.941275 0.0335887
0.941172 0.0332235
0.941069 0.0328639
0.940965 0.0325098
0.940862 0.0321611
0.940758 0.0318177
0.940654 0.0314795
0.940551 0.0311464
0.940447 0.0308184
0.940343 0.0304953
0.940239 0.030177
0.940134 0.0298635
0.94003 0.0295547
0.939926 0.0292505
0.939822 0.0289509
0.939717 0.0286557
0.939613 0.0283648
0.939508 0.0280783
0.939403 0.027796
0.939299 0.0275178
0.939194 0.0272437
0.939089 0.0269737
0.938984 0.0267076
0.93888 0.0264453
0.938775 0.0261869
0.93867 0.0259322
0.938565 0.0256812
0.93846 0.0254338
0.938355 0.02519
0.93825 0.0249497
0.938145 0.0247128
0.93804 0.0244793
0.937935 0.0242492
0.937829 0.0240223
0.937724 0.0237986
0.937619 0.0235781
0.937514 0.0233607
0.937409 0.0231464
0.937304 0.022935
0.937199 0.0227267
0.937093 0.0225212
0.936988 0.0223186
0.936883 0.0221188
0.936778 0.0219218
0.936673 0.0217275
0.936568 0.0215359
0.936463 0.021347
0.936358 0.0211606
0.936253 0.0209768
0.936148 0.0207955
0.936043 0.0206166
0.935938 0.0204402
0.935833 0.0202662
0.935728 0.0200945
0.935623 0.0199251
0.935518 0.0197581
0.935413 0.0195932
0.935309 0.0194306
0.935204 0.0192701
0.935099 0.0191118
0.934994 0.0189556
0.93489 0.0188014
0.934785 0.0186493
0.934681 0.0184992
0.934576 0.018351
0.934472 0.0182048
0.934367 0.0180605
0.934263 0.0179181
0.934159 0.0177776
0.934055 0.0176388
0.93395 0.0175019
0.933846 0.0173667
0.933742 0.0172333
0.933638 0.0171016
0.933534 0.0169716
0.93343 0.0168432
0.933327 0.0167165
0.933223 0.0165914
0.933119 0.0164679
0.933016 0.0163459
0.932912 0.0162255
0.932809 0.0161066
0.932705 0.0159891
0.932602 0.0158732
0.932499 0.0157587
0.932395 0.0156456
0.932292 0.015534
0.932189 0.0154237
0.932086 0.0153148
0.931983 0.0152072
0.931881 0.0151009
0.931778 0.014996
0.931675 0.0148923
0.931573 0.0147899
0.93147 0.0146888
0.931368 0.0145889
0.931265 0.0144902
0.931163 0.0143927
0.931061 0.0142963
0.930959 0.0142012
0.930857 0.0141071
0.930755 0.0140142
0.930653 0.0139224
0.930551 0.0138317
0.93045 0.0137421
0.930348 0.0136536
0.930247 0.0135661
0.930145 0.0134796
0.930044 0.0133941
0.929943 0.0133097
0.929842 0.0132262
0.929741 0.0131437
0.92964 0.0130622
0.929539 0.0129816
0.929438 0.012902
0.929338 0.0128233
0.929237 0.0127454
0.929137 0.0126685
0.929036 0.0125925
0.928936 0.0125173
0.928836 0.0124431
0.928736 0.0123696
0.928636 0.012297
0.928536 0.0122252
0.928436 0.0121542
0.928337 0.0120841
0.928237 0.0120147
0.928138 0.0119461
0.928039 0.0118783
0.927939 0.0118112
0.92784 0.0117449
0.927741 0.0116793
0.927642 0.0116145
0.927543 0.0115504
0.927445 0.011487
0.927346 0.0114242
0.927248 0.0113622
0.927149 0.0113009
0.927051 0.0112402
0.926953 0.0111802
0.926855 0.0111209
0.926757 0.0110622
0.926659 0.0110041
0.926561 0.0109467
0.926463 0.0108899
0.926366 0.0108337
0.926268 0.0107782
0.926171 0.0107232
0.926074 0.0106688
0.925977 0.010615
0.92588 0.0105618
0.925783 0.0105091
0.925686 0.010457
0.92559 0.0104055
0.925493 0.0103545
0.925397 0.010304
0.9253 0.0102541
0.925204 0.0102047
0.925108 0.0101558
0.925012 0.0101074
0.924916 0.0100596
0.92482 0.0100122
0.924725 0.00996538
0.924629 0.00991901
0.924534 0.00987312
0.924438 0.0098277
0.924343 0.00978276
0.924248 0.00973828
0.924153 0.00969427
0.924058 0.0096507
0.923963 0.00960758
0.923869 0.00956491
0.923774 0.00952267
0.92368 0.00948086
0.923586 0.00943949
0.923491 0.00939853
0.923397 0.00935799
0.923303 0.00931785
0.92321 0.00927813
0.923116 0.00923881
0.923022 0.00919988
0.922929 0.00916135
0.922835 0.0091232
0.922742 0.00908544
0.922649 0.00904805
0.922556 0.00901104
0.922463 0.0089744
0.92237 0.00893812
0.922277 0.0089022
0.922185 0.00886664
0.922092 0.00883143
0.922 0.00879657
0.921908 0.00876206
0.921816 0.00872788
0.921724 0.00869405
0.921632 0.00866054
0.92154 0.00862736
0.921448 0.00859451
0.921357 0.00856198
0.921265 0.00852976
0.921174 0.00849786
0.921083 0.00846628
0.920992 0.00843499
0.920901 0.00840401
0.92081 0.00837333
0.920719 0.00834295
0.920629 0.00831286
0.920538 0.00828306
0.920448 0.00825355
0.920357 0.00822432
0.920267 0.00819537
0.920177 0.0081667
0.920087 0.0081383
0.919997 0.00811018
0.919908 0.00808232
0.919818 0.00805473
0.919729 0.0080274
0.919639 0.00800033
0.91955 0.00797351
0.919461 0.00794695
0.919372 0.00792064
0.919283 0.00789458
0.919194 0.00786877
0.919106 0.0078432
0.919017 0.00781786
0.918929 0.00779277
0.91884 0.00776791
0.918752 0.00774329
0.918664 0.00771889
0.918576 0.00769473
0.918488 0.00767078
0.9184 0.00764707
0.918313 0.00762357
0.918225 0.00760029
0.918138 0.00757723
0.91805 0.00755438
0.917963 0.00753174
0.917876 0.00750931
0.917789 0.00748709
0.917702 0.00746508
0.917616 0.00744326
0.917529 0.00742165
0.917443 0.00740024
0.917356 0.00737902
0.91727 0.007358
0.917184 0.00733717
0.917098 0.00731653
0.917012 0.00729608
0.916926 0.00727582
0.91684 0.00725574
0.916755 0.00723585
0.916669 0.00721613
0.916584 0.0071966
0.916498 0.00717724
0.916413 0.00715806
0.916328 0.00713906
0.916243 0.00712023
0.916159 0.00710156
0.916074 0.00708307
0.915989 0.00706474
0.915905 0.00704658
0.91582 0.00702858
0.915736 0.00701075
0.915652 0.00699307
0.915568 0.00697556
0.915484 0.0069582
0.9154 0.006941
0.915316 0.00692395
0.915233 0.00690706
0.915149 0.00689032
0.915066 0.00687373
0.914983 0.00685728
0.9149 0.00684099
0.914817 0.00682484
0.914734 0.00680883
0.914651 0.00679297
0.914568 0.00677725
0.914485 0.00676167
0.914403 0.00674622
0.914321 0.00673092
0.914238 0.00671575
0.914156 0.00670072
0.914074 0.00668582
0.913992 0.00667105
0.91391 0.00665642
0.913829 0.00664191
0.913747 0.00662754
0.913665 0.00661329
0.913584 0.00659917
0.913503 0.00658517
0.913421 0.0065713
0.91334 0.00655755
0.913259 0.00654392
0.913179 0.00653041
0.913098 0.00651703
0.913017 0.00650376
0.912937 0.0064906
0.912856 0.00647757
0.912776 0.00646465
0.912695 0.00645184
0.912615 0.00643915
0.912535 0.00642657
0.912455 0.0064141
0.912376 0.00640174
0.912296 0.00638949
0.912216 0.00637735
0.912137 0.00636532
0.912057 0.00635339
0.911978 0.00634156
0.911899 0.00632985
0.91182 0.00631823
0.911741 0.00630672
0.911662 0.00629531
0.911583 0.006284
0.911504 0.00627279
0.911426 0.00626168
0.911347 0.00625066
0.911269 0.00623975
0.911191 0.00622893
0.911113 0.0062182
0.911035 0.00620757
0.910957 0.00619704
0.910879 0.0061866
0.910801 0.00617625
0.910723 0.00616599
0.910646 0.00615582
0.910568 0.00614574
0.910491 0.00613575
0.910414 0.00612585
0.910337 0.00611604
0.91026 0.00610631
0.910183 0.00609667
0.910106 0.00608712
0.910029 0.00607765
0.909953 0.00606826
0.909876 0.00605896
0.9098 0.00604974
0.909723 0.0060406
0.909647 0.00603154
0.909571 0.00602257
0.909495 0.00601367
0.909419 0.00600485
0.909343 0.00599611
0.909267 0.00598745
0.909192 0.00597887
0.909116 0.00597036
0.909041 0.00596193
0.908965 0.00595357
0.90889 0.00594529
0.908815 0.00593709
0.90874 0.00592895
0.908665 0.00592089
0.90859 0.0059129
0.908515 0.00590498
0.908441 0.00589714
0.908366 0.00588936
0.908292 0.00588166
0.908217 0.00587402
0.908143 0.00586645
0.908069 0.00585895
0.907995 0.00585152
0.907921 0.00584416
0.907847 0.00583686
0.907773 0.00582963
0.907699 0.00582246
0.907626 0.00581536
0.907552 0.00580833
0.907479 0.00580135
0.907405 0.00579445
0.907332 0.0057876
0.907259 0.00578082
0.907186 0.0057741
0.907113 0.00576744
0.90704 0.00576084
0.906967 0.0057543
0.906895 0.00574782
0.906822 0.0057414
0.90675 0.00573504
0.906677 0.00572874
0.906605 0.0057225
0.906533 0.00571632
0.906461 0.00571019
0.906389 0.00570412
0.906317 0.00569811
0.906245 0.00569215
0.906173 0.00568625
0.906102 0.0056804
0.90603 0.00567461
0.905958 0.00566887
0.905887 0.00566319
0.905816 0.00565756
0.905745 0.00565198
0.905673 0.00564645
0.905602 0.00564098
0.905532 0.00563556
0.905461 0.00563019
0.90539 0.00562488
0.905319 0.00561961
0.905249 0.00561439
0.905178 0.00560923
0.905108 0.00560411
0.905038 0.00559904
0.904967 0.00559402
0.904897 0.00558905
0.904827 0.00558413
0.904757 0.00557926
0.904687 0.00557443
0.904618 0.00556965
0.904548 0.00556492
0.904478 0.00556023
0.904409 0.00555559
0.904339 0.005551
0.90427 0.00554645
0.904201 0.00554194
0.904132 0.00553748
0.904062 0.00553307
0.903993 0.0055287
0.903925 0.00552437
0.903856 0.00552009
0.903787 0.00551585
0.903718 0.00551165
0.90365 0.00550749
0.903581 0.00550338
0.903513 0.00549931
0.903445 0.00549528
0.903376 0.00549129
0.903308 0.00548734
0.90324 0.00548344
0.903172 0.00547957
0.903104 0.00547574
0.903037 0.00547196
0.902969 0.00546821
0.902901 0.0054645
0.902834 0.00546084
0.902766 0.00545721
0.902699 0.00545361
0.902631 0.00545006
0.902564 0.00544655
0.902497 0.00544307
0.90243 0.00543963
0.902363 0.00543623
0.902296 0.00543286
0.902229 0.00542953
0.902163 0.00542624
0.902096 0.00542298
0.902029 0.00541976
0.901963 0.00541657
0.901896 0.00541342
0.90183 0.00541031
0.901764 0.00540723
0.901698 0.00540418
0.901632 0.00540117
0.901566 0.00539819
0.9015 0.00539525
0.901434 0.00539234
0.901368 0.00538946
0.901302 0.00538662
0.901237 0.00538381
0.901171 0.00538103
0.901106 0.00537829
0.90104 0.00537558
0.900975 0.0053729
0.90091 0.00537025
0.900845 0.00536763
0.90078 0.00536504
0.900715 0.00536249
0.90065 0.00535997
0.900585 0.00535748
0.90052 0.00535501
0.900456 0.00535258
0.900391 0.00535018
0.900327 0.00534781
0.900262 0.00534547
0.900198 0.00534316
0.900133 0.00534088
0.900069 0.00533862
0.900005 0.0053364
0.899941 0.0053342
0.899877 0.00533204
0.899813 0.0053299
0.899749 0.00532779
0.899686 0.00532571
0.899622 0.00532365
0.899558 0.00532163
0.899495 0.00531963
0.899431 0.00531766
0.899368 0.00531571
0.899305 0.00531379
0.899242 0.0053119
0.899178 0.00531004
0.899115 0.0053082
0.899052 0.00530639
0.898989 0.00530461
0.898927 0.00530285
0.898864 0.00530111
0.898801 0.00529941
0.898738 0.00529772
0.898676 0.00529607
0.898613 0.00529443
0.898551 0.00529283
0.898489 0.00529124
0.898426 0.00528969
0.898364 0.00528815
0.898302 0.00528664
0.89824 0.00528516
0.898178 0.0052837
0.898116 0.00528226
0.898054 0.00528085
0.897992 0.00527946
0.897931 0.00527809
0.897869 0.00527675
0.897808 0.00527543
0.897746 0.00527413
0.897685 0.00527286
0.897623 0.00527161
0.897562 0.00527038
0.897501 0.00526917
0.89744 0.00526798
0.897379 0.00526682
0.897318 0.00526568
0.897257 0.00526456
0.897196 0.00526346
0.897135 0.00526239
0.897074 0.00526133
0.897014 0.0052603
0.896953 0.00525929
0.896893 0.0052583
0.896832 0.00525733
0.896772 0.00525638
0.896711 0.00525545
0.896651 0.00525454
0.896591 0.00525365
0.896531 0.00525279
0.896471 0.00525194
0.896411 0.00525111
0.896351 0.0052503
0.896291 0.00524951
0.896231 0.00524874
0.896172 0.005248
0.896112 0.00524727
0.896053 0.00524655
0.895993 0.00524586
0.895934 0.00524519
0.895874 0.00524454
0.895815 0.0052439
0.895756 0.00524329
0.895697 0.00524269
0.895637 0.00524211
0.895578 0.00524155
0.895519 0.005241
0.895461 0.00524048
0.895402 0.00523997
0.895343 0.00523948
0.895284 0.00523901
0.895226 0.00523856
0.895167 0.00523812
0.895109 0.0052377
0.89505 0.0052373
0.894992 0.00523692
0.894933 0.00523655
0.894875 0.0052362
0.894817 0.00523587
0.894759 0.00523555
0.894701 0.00523525
0.894643 0.00523497
0.894585 0.0052347
0.894527 0.00523445
0.894469 0.00523422
0.894411 0.005234
0.894354 0.0052338
0.894296 0.00523361
0.894238 0.00523344
0.894181 0.00523329
0.894123 0.00523315
0.894066 0.00523303
0.894009 0.00523292
0.893951 0.00523283
0.893894 0.00523275
0.893837 0.00523269
0.89378 0.00523265
0.893723 0.00523262
0.893666 0.0052326
0.893609 0.0052326
0.893552 0.00523261
0.893496 0.00523264
0.893439 0.00523268
0.893382 0.00523274
0.893326 0.00523281
0.893269 0.0052329
0.893213 0.005233
0.893156 0.00523312
0.8931 0.00523324
0.893044 0.00523339
0.892987 0.00523354
0.892931 0.00523372
0.892875 0.0052339
0.892819 0.0052341
0.892763 0.00523431
0.892707 0.00523454
0.892651 0.00523478
0.892595 0.00523503
0.89254 0.00523529
0.892484 0.00523557
0.892428 0.00523586
0.892373 0.00523617
0.892317 0.00523649
0.892262 0.00523682
0.892206 0.00523716
0.892151 0.00523752
0.892096 0.00523789
0.89204 0.00523827
0.891985 0.00523866
0.89193 0.00523907
0.891875 0.00523949
0.89182 0.00523992
0.891765 0.00524036
0.89171 0.00524082
0.891655 0.00524129
0.891601 0.00524177
0.891546 0.00524226
0.891491 0.00524276
0.891437 0.00524328
0.891382 0.00524381
0.891328 0.00524435
0.891273 0.0052449
0.891219 0.00524546
0.891164 0.00524603
0.89111 0.00524662
0.891056 0.00524721
0.891002 0.00524782
0.890948 0.00524844
0.890894 0.00524907
0.89084 0.00524971
0.890786 0.00525036
0.890732 0.00525103
0.890678 0.0052517
0.890624 0.00525239
0.89057 0.00525308
0.890517 0.00525379
0.890463 0.00525451
0.890409 0.00525523
0.890356 0.00525597
0.890302 0.00525672
0.890249 0.00525748
0.890196 0.00525825
0.890142 0.00525903
0.890089 0.00525982
0.890036 0.00526062
0.889983 0.00526143
0.88993 0.00526225
0.889877 0.00526308
0.889824 0.00526392
0.889771 0.00526477
0.889718 0.00526563
0.889665 0.0052665
0.889612 0.00526738
0.889559 0.00526827
0.889507 0.00526916
0.889454 0.00527007
0.889401 0.00527099
0.889349 0.00527192
0.889296 0.00527285
0.889244 0.0052738
0.889192 0.00527475
0.889139 0.00527572
0.889087 0.00527669
0.889035 0.00527767
0.888983 0.00527866
0.888931 0.00527966
0.888878 0.00528067
0.888826 0.00528169
0.888774 0.00528272
0.888723 0.00528376
0.888671 0.0052848
0.888619 0.00528585
0.888567 0.00528692
0.888515 0.00528799
0.888464 0.00528907
0.888412 0.00529015
0.888361 0.00529125
0.888309 0.00529235
0.888258 0.00529347
0.888206 0.00529459
0.888155 0.00529572
0.888103 0.00529686
0.888052 0.005298
0.888001 0.00529916
0.88795 0.00530032
0.887899 0.00530149
0.887847 0.00530267
0.887796 0.00530385
0.887745 0.00530505
0.887694 0.00530625
0.887644 0.00530746
0.887593 0.00530868
0.887542 0.0053099
0.887491 0.00531113
0.88744 0.00531237
0.88739 0.00531362
0.887339 0.00531488
0.887289 0.00531614
0.887238 0.00531741
0.887188 0.00531869
0.887137 0.00531997
0.887087 0.00532127
0.887036 0.00532257
0.886986 0.00532387
0.886936 0.00532519
0.886886 0.00532651
0.886836 0.00532784
0.886786 0.00532917
0.886735 0.00533052
0.886685 0.00533187
0.886635 0.00533322
0.886586 0.00533459
0.886536 0.00533596
0.886486 0.00533734
0.886436 0.00533872
0.886386 0.00534011
0.886337 0.00534151
0.886287 0.00534291
0.886237 0.00534433
0.886188 0.00534574
0.886138 0.00534717
0.886089 0.0053486
0.886039 0.00535004
0.88599 0.00535148
0.885941 0.00535293
0.885891 0.00535439
0.885842 0.00535585
0.885793 0.00535732
0.885744 0.0053588
0.885695 0.00536028
0.885646 0.00536177
0.885597 0.00536326
0.885548 0.00536476
0.885499 0.00536627
0.88545 0.00536778
0.885401 0.0053693
0.885352 0.00537082
0.885303 0.00537236
0.885255 0.00537389
0.885206 0.00537544
0.885157 0.00537698
0.885109 0.00537854
0.88506 0.0053801
0.885012 0.00538166
0.884963 0.00538324
0.884915 0.00538481
0.884866 0.0053864
0.884818 0.00538799
0.88477 0.00538958
0.884721 0.00539118
0.884673 0.00539279
0.884625 0.0053944
0.884577 0.00539601
0.884529 0.00539764
0.884481 0.00539926
0.884433 0.0054009
0.884385 0.00540253
0.884337 0.00540418
0.884289 0.00540583
0.884241 0.00540748
0.884193 0.00540914
0.884145 0.00541081
0.884098 0.00541247
0.88405 0.00541415
0.884002 0.00541583
0.883955 0.00541752
0.883907 0.00541921
0.88386 0.0054209
0.883812 0.0054226
0.883765 0.00542431
0.883717 0.00542602
0.88367 0.00542773
0.883623 0.00542945
0.883575 0.00543118
0.883528 0.00543291
0.883481 0.00543464
0.883434 0.00543638
0.883387 0.00543813
0.883339 0.00543988
0.883292 0.00544163
0.883245 0.00544339
0.883198 0.00544515
0.883151 0.00544692
0.883105 0.00544869
0.883058 0.00545047
0.883011 0.00545225
0.882964 0.00545403
0.882917 0.00545583
0.882871 0.00545762
0.882824 0.00545942
0.882777 0.00546122
0.882731 0.00546303
0.882684 0.00546484
0.882638 0.00546666
0.882591 0.00546848
0.882545 0.00547031
0.882498 0.00547214
0.882452 0.00547397
0.882406 0.00547581
0.882359 0.00547765
0.882313 0.0054795
0.882267 0.00548135
0.882221 0.00548321
0.882175 0.00548507
0.882128 0.00548693
0.882082 0.0054888
0.882036 0.00549067
0.88199 0.00549254
0.881944 0.00549442
0.881898 0.00549631
0.881853 0.00549819
0.881807 0.00550008
0.881761 0.00550198
0.881715 0.00550388
0.881669 0.00550578
0.881624 0.00550769
0.881578 0.0055096
0.881532 0.00551151
0.881487 0.00551343
0.881441 0.00551535
0.881396 0.00551728
0.88135 0.00551921
0.881305 0.00552114
0.881259 0.00552308
0.881214 0.00552502
0.881168 0.00552696
0.881123 0.00552891
0.881078 0.00553086
0.881033 0.00553282
0.880987 0.00553477
0.880942 0.00553674
0.880897 0.0055387
0.880852 0.00554067
0.880807 0.00554264
0.880762 0.00554462
0.880717 0.0055466
0.880672 0.00554858
0.880627 0.00555056
0.880582 0.00555255
0.880537 0.00555455
0.880492 0.00555654
0.880448 0.00555854
0.880403 0.00556054
0.880358 0.00556255
0.880313 0.00556456
0.880269 0.00556657
0.880224 0.00556859
0.880179 0.00557061
0.880135 0.00557263
0.88009 0.00557465
0.880046 0.00557668
0.880001 0.00557871
0.879957 0.00558075
0.879912 0.00558278
0.879868 0.00558483
0.879824 0.00558687
0.879779 0.00558892
0.879735 0.00559097
0.879691 0.00559302
0.879647 0.00559507
0.879603 0.00559713
0.879558 0.00559919
0.879514 0.00560126
0.87947 0.00560333
0.879426 0.0056054
0.879382 0.00560747
0.879338 0.00560955
0.879294 0.00561162
0.87925 0.00561371
0.879206 0.00561579
0.879163 0.00561788
0.879119 0.00561997
0.879075 0.00562206
0.879031 0.00562416
0.878987 0.00562626
0.878944 0.00562836
0.8789 0.00563046
0.878856 0.00563257
0.878813 0.00563468
0.878769 0.00563679
0.878726 0.0056389
0.878682 0.00564102
0.878639 0.00564314
0.878595 0.00564526
0.878552 0.00564739
0.878508 0.00564952
0.878465 0.00565165
0.878422 0.00565378
0.878378 0.00565591
0.878335 0.00565805
0.878292 0.00566019
0.878249 0.00566233
0.878205 0.00566448
0.878162 0.00566663
0.878119 0.00566878
0.878076 0.00567093
0.878033 0.00567308
0.87799 0.00567524
0.877947 0.0056774
0.877904 0.00567956
0.877861 0.00568173
0.877818 0.00568389
0.877775 0.00568606
0.877732 0.00568823
0.87769 0.00569041
0.877647 0.00569258
0.877604 0.00569476
0.877561 0.00569694
0.877518 0.00569912
0.877476 0.00570131
0.877433 0.0057035
0.87739 0.00570569
0.877348 0.00570788
0.877305 0.00571007
0.877263 0.00571227
0.87722 0.00571447
0.877178 0.00571667
0.877135 0.00571887
0.877093 0.00572107
0.87705 0.00572328
0.877008 0.00572549
0.876966 0.0057277
0.876923 0.00572991
0.876881 0.00573213
0.876839 0.00573434
0.876797 0.00573656
0.876754 0.00573878
0.876712 0.00574101
0.87667 0.00574323
0.876628 0.00574546
0.876586 0.00574769
0.876544 0.00574992
0.876502 0.00575215
0.87646 0.00575438
0.876418 0.00575662
0.876376 0.00575886
0.876334 0.0057611
0.876292 0.00576334
0.87625 0.00576559
0.876208 0.00576783
0.876166 0.00577008
0.876124 0.00577233
0.876083 0.00577458
0.876041 0.00577684
0.875999 0.00577909
0.875958 0.00578135
0.875916 0.00578361
0.875874 0.00578587
0.875833 0.00578813
0.875791 0.0057904
0.875749 0.00579266
0.875708 0.00579493
0.875666 0.0057972
0.875625 0.00579947
0.875583 0.00580174
0.875542 0.00580402
0.875501 0.0058063
0.875459 0.00580857
0.875418 0.00581085
0.875376 0.00581314
0.875335 0.00581542
0.875294 0.0058177
0.875253 0.00581999
0.875211 0.00582228
0.87517 0.00582457
0.875129 0.00582686
0.875088 0.00582915
0.875047 0.00583145
0.875005 0.00583374
0.874964 0.00583604
0.874923 0.00583834
0.874882 0.00584064
0.874841 0.00584294
0.8748 0.00584525
0.874759 0.00584755
0.874718 0.00584986
0.874677 0.00585217
0.874636 0.00585448
0.874596 0.00585679
0.874555 0.0058591
0.874514 0.00586141
0.874473 0.00586373
0.874432 0.00586605
0.874392 0.00586837
0.874351 0.00587069
0.87431 0.00587301
0.874269 0.00587533
0.874229 0.00587766
0.874188 0.00587998
0.874148 0.00588231
0.874107 0.00588464
0.874066 0.00588697
0.874026 0.0058893
0.873985 0.00589163
0.873945 0.00589397
0.873904 0.0058963
0.873864 0.00589864
0.873824 0.00590098
0.873783 0.00590332
0.873743 0.00590566
0.873702 0.005908
0.873662 0.00591034
0.873622 0.00591269
0.873581 0.00591503
0.873541 0.00591738
0.873501 0.00591973
0.873461 0.00592208
0.87342 0.00592443
0.87338 0.00592678
0.87334 0.00592913
0.8733 0.00593149
0.87326 0.00593385
0.87322 0.0059362
0.87318 0.00593856
0.87314 0.00594092
0.8731 0.00594328
0.87306 0.00594564
0.87302 0.00594801
0.87298 0.00595037
0.87294 0.00595274
0.8729 0.0059551
0.87286 0.00595747
0.87282 0.00595984
0.87278 0.00596221
0.87274 0.00596458
0.872701 0.00596695
0.872661 0.00596933
0.872621 0.0059717
0.872581 0.00597408
0.872542 0.00597646
0.872502 0.00597883
0.872462 0.00598121
0.872422 0.00598359
0.872383 0.00598597
0.872343 0.00598836
0.872304 0.00599074
0.872264 0.00599312
0.872224 0.00599551
0.872185 0.0059979
0.872145 0.00600028
0.872106 0.00600267
0.872066 0.00600506
0.872027 0.00600745
0.871987 0.00600985
0.871948 0.00601224
0.871909 0.00601463
0.871869 0.00601703
0.87183 0.00601942
0.871791 0.00602182
0.871751 0.00602422
0.871712 0.00602662
0.871673 0.00602902
0.871633 0.00603142
0.871594 0.00603382
0.871555 0.00603622
0.871516 0.00603863
0.871477 0.00604103
0.871437 0.00604344
0.871398 0.00604584
0.871359 0.00604825
0.87132 0.00605066
0.871281 0.00605307
0.871242 0.00605548
0.871203 0.00605789
0.871164 0.0060603
0.871125 0.00606271
0.871086 0.00606513
0.871047 0.00606754
0.871008 0.00606996
0.870969 0.00607237
0.87093 0.00607479
0.870891 0.00607721
0.870852 0.00607963
0.870813 0.00608205
0.870775 0.00608447
0.870736 0.00608689
0.870697 0.00608931
0.870658 0.00609174
0.870619 0.00609416
0.870581 0.00609659
0.870542 0.00609901
0.870503 0.00610144
0.870464 0.00610387
0.870426 0.00610629
0.870387 0.00610872
0.870348 0.00611115
0.87031 0.00611358
0.870271 0.00611602
0.870233 0.00611845
0.870194 0.00612088
0.870155 0.00612331
0.870117 0.00612575
0.870078 0.00612818
0.87004 0.00613062
0.870001 0.00613306
0.869963 0.0061355
0.869925 0.00613793
0.869886 0.00614037
0.869848 0.00614281
0.869809 0.00614525
0.869771 0.0061477
0.869732 0.00615014
0.869694 0.00615258
0.869656 0.00615503
0.869618 0.00615747
0.869579 0.00615991
0.869541 0.00616236
0.869503 0.00616481
0.869464 0.00616725
0.869426 0.0061697
0.869388 0.00617215
0.86935 0.0061746
0.869312 0.00617705
0.869273 0.0061795
0.869235 0.00618195
0.869197 0.00618441
0.869159 0.00618686
0.869121 0.00618931
0.869083 0.00619177
0.869045 0.00619422
0.869007 0.00619668
0.868969 0.00619913
0.868931 0.00620159
0.868893 0.00620405
0.868855 0.00620651
0.868817 0.00620897
0.868779 0.00621143
0.868741 0.00621389
0.868703 0.00621635
0.868665 0.00621881
0.868627 0.00622127
0.868589 0.00622373
0.868551 0.0062262
0.868513 0.00622866
0.868476 0.00623113
0.868438 0.00623359
0.8684 0.00623606
0.868362 0.00623853
0.868324 0.00624099
0.868287 0.00624346
0.868249 0.00624593
0.868211 0.0062484
0.868173 0.00625087
0.868136 0.00625334
0.868098 0.00625581
0.86806 0.00625828
0.868023 0.00626075
0.867985 0.00626323
0.867947 0.0062657
0.86791 0.00626817
0.867872 0.00627065
0.867835 0.00627312
0.867797 0.0062756
0.86776 0.00627807
0.867722 0.00628055
0.867684 0.00628303
0.867647 0.00628551
0.867609 0.00628799
0.867572 0.00629046
0.867534 0.00629294
0.867497 0.00629542
0.86746 0.00629791
0.867422 0.00630039
0.867385 0.00630287
0.867347 0.00630535
0.86731 0.00630783
0.867273 0.00631032
0.867235 0.0063128
0.867198 0.00631529
0.867161 0.00631777
0.867123 0.00632026
0.867086 0.00632274
0.867049 0.00632523
0.867011 0.00632772
0.866974 0.00633021
0.866937 0.00633269
0.8669 0.00633518
0.866862 0.00633767
0.866825 0.00634016
0.866788 0.00634265
0.866751 0.00634514
0.866714 0.00634763
0.866676 0.00635013
0.866639 0.00635262
0.866602 0.00635511
0.866565 0.00635761
0.866528 0.0063601
0.866491 0.00636259
0.866454 0.00636509
0.866417 0.00636759
0.86638 0.00637008
0.866343 0.00637258
0.866306 0.00637507
0.866268 0.00637757
0.866231 0.00638007
0.866194 0.00638257
0.866157 0.00638507
0.866121 0.00638757
0.866084 0.00639007
0.866047 0.00639257
0.86601 0.00639507
0.865973 0.00639757
0.865936 0.00640007
0.865899 0.00640257
0.865862 0.00640508
0.865825 0.00640758
0.865788 0.00641008
0.865751 0.00641259
0.865715 0.00641509
0.865678 0.0064176
0.865641 0.0064201
0.865604 0.00642261
0.865567 0.00642512
0.865531 0.00642762
0.865494 0.00643013
0.865457 0.00643264
0.86542 0.00643515
0.865383 0.00643766
0.865347 0.00644017
0.86531 0.00644268
0.865273 0.00644519
0.865237 0.0064477
0.8652 0.00645021
0.865163 0.00645272
0.865127 0.00645523
0.86509 0.00645775
0.865053 0.00646026
0.865017 0.00646277
0.86498 0.00646529
0.864943 0.0064678
0.864907 0.00647032
0.86487 0.00647283
0.864834 0.00647535
0.864797 0.00647786
0.864761 0.00648038
0.864724 0.0064829
0.864687 0.00648541
0.864651 0.00648793
0.864614 0.00649045
0.864578 0.00649297
0.864541 0.00649549
0.864505 0.00649801
0.864468 0.00650053
0.864432 0.00650305
0.864396 0.00650557
0.864359 0.00650809
0.864323 0.00651061
0.864286 0.00651314
0.86425 0.00651566
0.864213 0.00651818
0.864177 0.00652071
0.864141 0.00652323
0.864104 0.00652575
0.864068 0.00652828
0.864032 0.0065308
0.863995 0.00653333
0.863959 0.00653586
0.863923 0.00653838
0.863886 0.00654091
0.86385 0.00654344
0.863814 0.00654597
0.863777 0.00654849
0.863741 0.00655102
0.863705 0.00655355
0.863668 0.00655608
0.863632 0.00655861
0.863596 0.00656114
0.86356 0.00656367
0.863523 0.0065662
0.863487 0.00656874
0.863451 0.00657127
0.863415 0.0065738
0.863379 0.00657633
0.863342 0.00657887
0.863306 0.0065814
0.86327 0.00658393
0.863234 0.00658647
0.863198 0.006589
0.863162 0.00659154
0.863126 0.00659408
0.863089 0.00659661
0.863053 0.00659915
0.863017 0.00660169
0.862981 0.00660422
0.862945 0.00660676
0.862909 0.0066093
0.862873 0.00661184
0.862837 0.00661438
0.862801 0.00661692
0.862765 0.00661946
0.862729 0.006622
0.862693 0.00662454
0.862656 0.00662708
0.86262 0.00662962
0.862584 0.00663216
0.862548 0.00663471
0.862512 0.00663725
0.862476 0.00663979
0.86244 0.00664234
0.862404 0.00664488
0.862369 0.00664743
0.862333 0.00664997
0.862297 0.00665252
0.862261 0.00665506
0.862225 0.00665761
0.862189 0.00666016
0.862153 0.0066627
0.862117 0.00666525
0.862081 0.0066678
0.862045 0.00667035
0.862009 0.0066729
0.861973 0.00667544
0.861937 0.00667799
0.861902 0.00668054
0.861866 0.0066831
0.86183 0.00668565
0.861794 0.0066882
0.861758 0.00669075
0.861722 0.0066933
0.861686 0.00669585
0.861651 0.00669841
0.861615 0.00670096
0.861579 0.00670351
0.861543 0.00670607
0.861507 0.00670862
0.861472 0.00671118
0.861436 0.00671373
0.8614 0.00671629
0.861364 0.00671885
0.861328 0.0067214
0.861293 0.00672396
0.861257 0.00672652
0.861221 0.00672908
0.861185 0.00673164
0.86115 0.00673419
0.861114 0.00673675
0.861078 0.00673931
0.861042 0.00674187
0.861007 0.00674443
0.860971 0.006747
0.860935 0.00674956
0.8609 0.00675212
0.860864 0.00675468
0.860828 0.00675724
0.860793 0.00675981
0.860757 0.00676237
0.860721 0.00676494
0.860686 0.0067675
0.86065 0.00677007
0.860614 0.00677263
0.860579 0.0067752
0.860543 0.00677776
0.860507 0.00678033
0.860472 0.0067829
0.860436 0.00678547
0.8604 0.00678803
0.860365 0.0067906
0.860329 0.00679317
0.860294 0.00679574
0.860258 0.00679831
0.860222 0.00680088
0.860187 0.00680345
0.860151 0.00680602
0.860116 0.00680859
0.86008 0.00681117
0.860044 0.00681374
0.860009 0.00681631
0.859973 0.00681889
0.859938 0.00682146
0.859902 0.00682403
0.859867 0.00682661
0.859831 0.00682918
0.859795 0.00683176
0.85976 0.00683434
0.859724 0.00683691
0.859689 0.00683949
0.859653 0.00684207
0.859618 0.00684464
0.859582 0.00684722
0.859547 0.0068498
0.859511 0.00685238
0.859476 0.00685496
0.85944 0.00685754
0.859405 0.00686012
0.859369 0.0068627
0.859334 0.00686529
0.859298 0.00686787
0.859263 0.00687045
0.859227 0.00687303
0.859192 0.00687562
0.859156 0.0068782
0.859121 0.00688079
0.859085 0.00688337
0.85905 0.00688596
0.859014 0.00688854
0.858979 0.00689113
0.858944 0.00689372
0.858908 0.0068963
0.858873 0.00689889
0.858837 0.00690148
0.858802 0.00690407
0.858766 0.00690666
0.858731 0.00690925
0.858695 0.00691184
0.85866 0.00691443
0.858625 0.00691702
0.858589 0.00691961
0.858554 0.0069222
0.858518 0.0069248
0.858483 0.00692739
0.858447 0.00692998
0.858412 0.00693258
0.858377 0.00693517
0.858341 0.00693777
0.858306 0.00694036
0.85827 0.00694296
0.858235 0.00694556
0.8582 0.00694816
0.858164 0.00695075
0.858129 0.00695335
0.858093 0.00695595
0.858058 0.00695855
0.858023 0.00696115
0.857987 0.00696375
0.857952 0.00696635
0.857917 0.00696895
0.857881 0.00697155
0.857846 0.00697416
0.85781 0.00697676
0.857775 0.00697936
0.85774 0.00698197
0.857704 0.00698457
0.857669 0.00698718
0.857634 0.00698978
0.857598 0.00699239
0.857563 0.006995
0.857527 0.0069976
0.857492 0.00700021
0.857457 0.00700282
0.857421 0.00700543
0.857386 0.00700804
0.857351 0.00701065
0.857315 0.00701326
0.85728 0.00701587
0.857245 0.00701848
0.857209 0.00702109
0.857174 0.0070237
0.857139 0.00702632
0.857103 0.00702893
0.857068 0.00703155
0.857033 0.00703416
0.856997 0.00703678
0.856962 0.00703939
0.856927 0.00704201
0.856891 0.00704463
0.856856 0.00704724
0.856821 0.00704986
0.856785 0.00705248
0.85675 0.0070551
0.856715 0.00705772
0.856679 0.00706034
0.856644 0.00706296
0.856609 0.00706558
0.856573 0.00706821
0.856538 0.00707083
0.856503 0.00707345
0.856467 0.00707608
0.856432 0.0070787
0.856397 0.00708133
0.856361 0.00708395
0.856326 0.00708658
0.856291 0.0070892
0.856255 0.00709183
0.85622 0.00709446
0.856185 0.00709709
0.856149 0.00709972
0.856114 0.00710235
0.856079 0.00710498
0.856043 0.00710761
0.856008 0.00711024
0.855973 0.00711287
0.855937 0.00711551
0.855902 0.00711814
0.855867 0.00712078
0.855831 0.00712341
0.855796 0.00712605
0.855761 0.00712868
0.855725 0.00713132
0.85569 0.00713396
0.855655 0.00713659
0.855619 0.00713923
0.855584 0.00714187
0.855549 0.00714451
0.855513 0.00714715
0.855478 0.00714979
0.855443 0.00715244
0.855407 0.00715508
0.855372 0.00715772
0.855337 0.00716036
0.855301 0.00716301
0.855266 0.00716565
0.855231 0.0071683
0.855195 0.00717095
0.85516 0.00717359
0.855125 0.00717624
0.855089 0.00717889
0.855054 0.00718154
0.855019 0.00718419
0.854983 0.00718684
0.854948 0.00718949
0.854912 0.00719214
0.854877 0.00719479
0.854842 0.00719745
0.854806 0.0072001
0.854771 0.00720275
0.854736 0.00720541
0.8547 0.00720806
0.854665 0.00721072
0.85463 0.00721338
0.854594 0.00721604
0.854559 0.00721869
0.854523 0.00722135
0.854488 0.00722401
0.854453 0.00722667
0.854417 0.00722934
0.854382 0.007232
0.854347 0.00723466
0.854311 0.00723732
0.854276 0.00723999
0.85424 0.00724265
0.854205 0.00724532
0.85417 0.00724798
0.854134 0.00725065
0.854099 0.00725332
0.854063 0.00725599
0.854028 0.00725866
0.853993 0.00726133
0.853957 0.007264
0.853922 0.00726667
0.853886 0.00726934
0.853851 0.00727201
0.853815 0.00727469
0.85378 0.00727736
0.853745 0.00728004
0.853709 0.00728271
0.853674 0.00728539
0.853638 0.00728807
0.853603 0.00729074
0.853567 0.00729342
0.853532 0.0072961
0.853496 0.00729878
0.853461 0.00730146
0.853426 0.00730415
0.85339 0.00730683
0.853355 0.00730951
0.853319 0.0073122
0.853284 0.00731488
0.853248 0.00731757
0.853213 0.00732025
0.853177 0.00732294
0.853142 0.00732563
0.853106 0.00732832
0.853071 0.00733101
0.853035 0.0073337
0.853 0.00733639
0.852964 0.00733908
0.852929 0.00734178
0.852893 0.00734447
0.852858 0.00734716
0.852822 0.00734986
0.852787 0.00735256
0.852751 0.00735525
0.852716 0.00735795
0.85268 0.00736065
0.852645 0.00736335
0.852609 0.00736605
0.852573 0.00736875
0.852538 0.00737145
0.852502 0.00737415
0.852467 0.00737686
0.852431 0.00737956
0.852396 0.00738227
0.85236 0.00738497
0.852324 0.00738768
0.852289 0.00739039
0.852253 0.0073931
0.852218 0.00739581
0.852182 0.00739852
0.852146 0.00740123
0.852111 0.00740394
0.852075 0.00740665
0.85204 0.00740937
0.852004 0.00741208
0.851968 0.0074148
0.851933 0.00741752
0.851897 0.00742023
0.851861 0.00742295
0.851826 0.00742567
0.85179 0.00742839
0.851754 0.00743111
0.851719 0.00743383
0.851683 0.00743656
0.851647 0.00743928
0.851612 0.00744201
0.851576 0.00744473
0.85154 0.00744746
0.851505 0.00745018
0.851469 0.00745291
0.851433 0.00745564
0.851397 0.00745837
0.851362 0.0074611
0.851326 0.00746384
0.85129 0.00746657
0.851254 0.0074693
0.851219 0.00747204
0.851183 0.00747477
0.851147 0.00747751
0.851111 0.00748025
0.851076 0.00748299
0.85104 0.00748573
0.851004 0.00748847
0.850968 0.00749121
0.850932 0.00749395
0.850897 0.00749669
0.850861 0.00749944
0.850825 0.00750218
0.850789 0.00750493
0.850753 0.00750768
0.850717 0.00751042
0.850682 0.00751317
0.850646 0.00751592
0.85061 0.00751868
0.850574 0.00752143
0.850538 0.00752418
0.850502 0.00752694
0.850466 0.00752969
0.85043 0.00753245
0.850395 0.0075352
0.850359 0.00753796
0.850323 0.00754072
0.850287 0.00754348
0.850251 0.00754624
0.850215 0.00754901
0.850179 0.00755177
0.850143 0.00755453
0.850107 0.0075573
0.850071 0.00756007
0.850035 0.00756283
0.849999 0.0075656
0.849963 0.00756837
0.849927 0.00757114
0.849891 0.00757391
0.849855 0.00757669
0.849819 0.00757946
0.849783 0.00758223
0.849747 0.00758501
0.849711 0.00758779
0.849675 0.00759057
0.849639 0.00759335
0.849603 0.00759613
0.849567 0.00759891
0.849531 0.00760169
0.849494 0.00760447
0.849458 0.00760726
0.849422 0.00761004
0.849386 0.00761283
0.84935 0.00761562
0.849314 0.00761841
0.849278 0.0076212
0.849242 0.00762399
0.849205 0.00762678
0.849169 0.00762957
0.849133 0.00763237
0.849097 0.00763516
0.849061 0.00763796
0.849024 0.00764076
0.848988 0.00764356
0.848952 0.00764636
0.848916 0.00764916
0.848879 0.00765196
0.848843 0.00765477
0.848807 0.00765757
0.848771 0.00766038
0.848734 0.00766318
0.848698 0.00766599
0.848662 0.0076688
0.848625 0.00767161
0.848589 0.00767443
0.848553 0.00767724
0.848516 0.00768005
0.84848 0.00768287
0.848444 0.00768568
0.848407 0.0076885
0.848371 0.00769132
0.848335 0.00769414
0.848298 0.00769696
0.848262 0.00769979
0.848225 0.00770261
0.848189 0.00770543
0.848152 0.00770826
0.848116 0.00771109
0.84808 0.00771392
0.848043 0.00771675
0.848007 0.00771958
0.84797 0.00772241
0.847934 0.00772524
0.847897 0.00772808
0.847861 0.00773092
0.847824 0.00773375
0.847787 0.00773659
0.847751 0.00773943
0.847714 0.00774227
0.847678 0.00774512
0.847641 0.00774796
0.847605 0.0077508
0.847568 0.00775365
0.847531 0.0077565
0.847495 0.00775935
0.847458 0.0077622
0.847421 0.00776505
0.847385 0.0077679
0.847348 0.00777076
0.847311 0.00777361
0.847275 0.00777647
0.847238 0.00777933
0.847201 0.00778219
0.847165 0.00778505
0.847128 0.00778791
0.847091 0.00779077
0.847054 0.00779364
0.847017 0.0077965
0.846981 0.00779937
0.846944 0.00780224
0.846907 0.00780511
0.84687 0.00780798
0.846833 0.00781085
0.846797 0.00781373
0.84676 0.0078166
0.846723 0.00781948
0.846686 0.00782236
0.846649 0.00782524
0.846612 0.00782812
0.846575 0.007831
0.846538 0.00783388
0.846501 0.00783677
0.846464 0.00783966
0.846427 0.00784254
0.84639 0.00784543
0.846353 0.00784832
0.846316 0.00785122
0.846279 0.00785411
0.846242 0.007857
0.846205 0.0078599
0.846168 0.0078628
0.846131 0.0078657
0.846094 0.0078686
0.846057 0.0078715
0.84602 0.00787441
0.845983 0.00787731
0.845946 0.00788022
0.845908 0.00788312
0.845871 0.00788603
0.845834 0.00788895
0.845797 0.00789186
0.84576 0.00789477
0.845722 0.00789769
0.845685 0.0079006
0.845648 0.00790352
0.845611 0.00790644
0.845573 0.00790936
0.845536 0.00791229
0.845499 0.00791521
0.845461 0.00791814
0.845424 0.00792106
0.845387 0.00792399
0.845349 0.00792692
0.845312 0.00792986
0.845275 0.00793279
0.845237 0.00793572
0.8452 0.00793866
0.845162 0.0079416
0.845125 0.00794454
0.845087 0.00794748
0.84505 0.00795042
0.845013 0.00795337
0.844975 0.00795631
0.844938 0.00795926
0.8449 0.00796221
0.844862 0.00796516
0.844825 0.00796811
0.844787 0.00797107
0.84475 0.00797402
0.844712 0.00797698
0.844674 0.00797994
0.844637 0.0079829
0.844599 0.00798586
0.844561 0.00798882
0.844524 0.00799179
0.844486 0.00799476
0.844448 0.00799772
0.844411 0.00800069
0.844373 0.00800367
0.844335 0.00800664
0.844297 0.00800962
0.84426 0.00801259
0.844222 0.00801557
0.844184 0.00801855
0.844146 0.00802153
0.844108 0.00802452
0.84407 0.0080275
0.844033 0.00803049
0.843995 0.00803348
0.843957 0.00803647
0.843919 0.00803946
0.843881 0.00804245
0.843843 0.00804545
0.843805 0.00804844
0.843767 0.00805144
0.843729 0.00805444
0.843691 0.00805744
0.843653 0.00806045
0.843615 0.00806345
0.843577 0.00806646
0.843538 0.00806947
0.8435 0.00807248
0.843462 0.00807549
0.843424 0.00807851
0.843386 0.00808152
0.843348 0.00808454
0.84331 0.00808756
0.843271 0.00809058
0.843233 0.00809361
0.843195 0.00809663
0.843157 0.00809966
0.843118 0.00810269
0.84308 0.00810572
0.843042 0.00810875
0.843003 0.00811178
0.842965 0.00811482
0.842927 0.00811786
0.842888 0.0081209
0.84285 0.00812394
0.842811 0.00812698
0.842773 0.00813003
0.842734 0.00813307
0.842696 0.00813612
0.842657 0.00813917
0.842619 0.00814223
0.84258 0.00814528
0.842542 0.00814834
0.842503 0.00815139
0.842465 0.00815445
0.842426 0.00815752
0.842387 0.00816058
0.842349 0.00816365
0.84231 0.00816671
0.842271 0.00816978
0.842233 0.00817286
0.842194 0.00817593
0.842155 0.008179
0.842116 0.00818208
0.842078 0.00818516
0.842039 0.00818824
0.842 0.00819133
0.841961 0.00819441
0.841922 0.0081975
0.841883 0.00820059
0.841845 0.00820368
0.841806 0.00820677
0.841767 0.00820987
0.841728 0.00821296
0.841689 0.00821606
0.84165 0.00821916
0.841611 0.00822227
0.841572 0.00822537
0.841533 0.00822848
0.841494 0.00823159
0.841454 0.0082347
0.841415 0.00823781
0.841376 0.00824093
0.841337 0.00824404
0.841298 0.00824716
0.841259 0.00825029
0.841219 0.00825341
0.84118 0.00825653
0.841141 0.00825966
0.841102 0.00826279
0.841062 0.00826592
0.841023 0.00826906
0.840984 0.00827219
0.840944 0.00827533
0.840905 0.00827847
0.840866 0.00828161
0.840826 0.00828476
0.840787 0.0082879
0.840747 0.00829105
0.840708 0.0082942
0.840668 0.00829736
0.840629 0.00830051
0.840589 0.00830367
0.84055 0.00830683
0.84051 0.00830999
0.84047 0.00831315
0.840431 0.00831632
0.840391 0.00831949
0.840351 0.00832266
0.840312 0.00832583
0.840272 0.00832901
0.840232 0.00833218
0.840192 0.00833536
0.840153 0.00833854
0.840113 0.00834173
0.840073 0.00834491
0.840033 0.0083481
0.839993 0.00835129
0.839953 0.00835449
0.839913 0.00835768
0.839873 0.00836088
0.839833 0.00836408
0.839793 0.00836728
0.839753 0.00837048
0.839713 0.00837369
0.839673 0.0083769
0.839633 0.00838011
0.839593 0.00838332
0.839553 0.00838654
0.839513 0.00838975
0.839473 0.00839298
0.839432 0.0083962
0.839392 0.00839942
0.839352 0.00840265
0.839312 0.00840588
0.839271 0.00840911
0.839231 0.00841235
0.839191 0.00841558
0.83915 0.00841882
0.83911 0.00842206
0.839069 0.00842531
0.839029 0.00842855
0.838988 0.0084318
0.838948 0.00843505
0.838907 0.00843831
0.838867 0.00844156
0.838826 0.00844482
0.838786 0.00844808
0.838745 0.00845134
0.838704 0.00845461
0.838664 0.00845788
0.838623 0.00846115
0.838582 0.00846442
0.838542 0.0084677
0.838501 0.00847098
0.83846 0.00847426
0.838419 0.00847754
0.838378 0.00848082
0.838337 0.00848411
0.838297 0.0084874
0.838256 0.0084907
0.838215 0.00849399
0.838174 0.00849729
0.838133 0.00850059
0.838092 0.00850389
0.838051 0.0085072
0.83801 0.00851051
0.837968 0.00851382
0.837927 0.00851713
0.837886 0.00852045
0.837845 0.00852377
0.837804 0.00852709
0.837762 0.00853041
0.837721 0.00853374
0.83768 0.00853707
0.837639 0.0085404
0.837597 0.00854374
0.837556 0.00854707
0.837514 0.00855041
0.837473 0.00855376
0.837432 0.0085571
0.83739 0.00856045
0.837349 0.0085638
0.837307 0.00856715
0.837265 0.00857051
0.837224 0.00857387
0.837182 0.00857723
0.837141 0.00858059
0.837099 0.00858396
0.837057 0.00858733
0.837016 0.0085907
0.836974 0.00859408
0.836932 0.00859745
0.83689 0.00860083
0.836848 0.00860422
0.836806 0.0086076
0.836765 0.00861099
0.836723 0.00861438
0.836681 0.00861778
0.836639 0.00862118
0.836597 0.00862458
0.836555 0.00862798
0.836512 0.00863138
0.83647 0.00863479
0.836428 0.0086382
0.836386 0.00864162
0.836344 0.00864504
0.836302 0.00864846
0.836259 0.00865188
0.836217 0.0086553
0.836175 0.00865873
0.836132 0.00866216
0.83609 0.0086656
0.836048 0.00866904
0.836005 0.00867248
0.835963 0.00867592
0.83592 0.00867937
0.835878 0.00868282
0.835835 0.00868627
0.835793 0.00868972
0.83575 0.00869318
0.835707 0.00869664
0.835665 0.00870011
0.835622 0.00870357
0.835579 0.00870704
0.835537 0.00871052
0.835494 0.00871399
0.835451 0.00871747
0.835408 0.00872095
0.835365 0.00872444
0.835322 0.00872793
0.835279 0.00873142
0.835236 0.00873491
0.835193 0.00873841
0.83515 0.00874191
0.835107 0.00874541
0.835064 0.00874892
0.835021 0.00875243
0.834978 0.00875594
0.834934 0.00875946
0.834891 0.00876298
0.834848 0.0087665
0.834805 0.00877003
0.834761 0.00877356
0.834718 0.00877709
0.834675 0.00878062
0.834631 0.00878416
0.834588 0.0087877
0.834544 0.00879125
0.834501 0.00879479
0.834457 0.00879835
0.834413 0.0088019
0.83437 0.00880546
0.834326 0.00880902
0.834282 0.00881258
0.834239 0.00881615
0.834195 0.00881972
0.834151 0.00882329
0.834107 0.00882687
0.834063 0.00883045
0.834019 0.00883404
0.833975 0.00883762
0.833931 0.00884121
0.833887 0.00884481
0.833843 0.0088484
0.833799 0.00885201
0.833755 0.00885561
0.833711 0.00885922
0.833667 0.00886283
0.833623 0.00886644
0.833578 0.00887006
0.833534 0.00887368
0.83349 0.0088773
0.833445 0.00888093
0.833401 0.00888456
0.833357 0.0088882
0.833312 0.00889184
0.833268 0.00889548
0.833223 0.00889912
0.833178 0.00890277
0.833134 0.00890642
0.833089 0.00891008
0.833045 0.00891374
0.833 0.0089174
0.832955 0.00892107
0.83291 0.00892474
0.832865 0.00892841
0.832821 0.00893209
0.832776 0.00893577
0.832731 0.00893945
0.832686 0.00894314
0.832641 0.00894683
0.832596 0.00895052
0.832551 0.00895422
0.832505 0.00895792
0.83246 0.00896163
0.832415 0.00896534
0.83237 0.00896905
0.832324 0.00897277
0.832279 0.00897649
0.832234 0.00898021
0.832188 0.00898394
0.832143 0.00898767
0.832097 0.00899141
0.832052 0.00899515
0.832006 0.00899889
0.831961 0.00900264
0.831915 0.00900639
0.83187 0.00901014
0.831824 0.0090139
0.831778 0.00901766
0.831732 0.00902142
0.831686 0.00902519
0.831641 0.00902897
0.831595 0.00903274
0.831549 0.00903652
0.831503 0.00904031
0.831457 0.0090441
0.831411 0.00904789
0.831365 0.00905169
0.831318 0.00905549
0.831272 0.00905929
0.831226 0.0090631
0.83118 0.00906691
0.831133 0.00907073
0.831087 0.00907455
0.831041 0.00907837
0.830994 0.0090822
0.830948 0.00908603
0.830901 0.00908986
0.830855 0.0090937
0.830808 0.00909755
0.830761 0.0091014
0.830715 0.00910525
0.830668 0.0091091
0.830621 0.00911296
0.830574 0.00911683
0.830528 0.0091207
0.830481 0.00912457
0.830434 0.00912844
0.830387 0.00913232
0.83034 0.00913621
0.830293 0.0091401
0.830246 0.00914399
0.830198 0.00914789
0.830151 0.00915179
0.830104 0.0091557
0.830057 0.0091596
0.830009 0.00916352
0.829962 0.00916744
0.829915 0.00917136
0.829867 0.00917529
0.82982 0.00917922
0.829772 0.00918315
0.829724 0.00918709
0.829677 0.00919104
0.829629 0.00919498
0.829581 0.00919894
0.829534 0.00920289
0.829486 0.00920685
0.829438 0.00921082
0.82939 0.00921479
0.829342 0.00921876
0.829294 0.00922274
0.829246 0.00922672
0.829198 0.00923071
0.82915 0.0092347
0.829102 0.0092387
0.829053 0.0092427
0.829005 0.00924671
0.828957 0.00925072
0.828908 0.00925473
0.82886 0.00925875
0.828812 0.00926277
0.828763 0.0092668
0.828714 0.00927083
0.828666 0.00927487
0.828617 0.00927891
0.828569 0.00928296
0.82852 0.00928701
0.828471 0.00929106
0.828422 0.00929512
0.828373 0.00929919
0.828324 0.00930326
0.828275 0.00930733
0.828226 0.00931141
0.828177 0.00931549
0.828128 0.00931958
0.828079 0.00932367
0.82803 0.00932777
0.82798 0.00933187
0.827931 0.00933598
0.827882 0.00934009
0.827832 0.00934421
0.827783 0.00934833
0.827733 0.00935245
0.827684 0.00935658
0.827634 0.00936072
0.827584 0.00936486
0.827535 0.00936901
0.827485 0.00937316
0.827435 0.00937731
0.827385 0.00938147
0.827335 0.00938564
0.827285 0.00938981
0.827235 0.00939398
0.827185 0.00939816
0.827135 0.00940235
0.827085 0.00940654
0.827035 0.00941073
0.826984 0.00941493
0.826934 0.00941914
0.826884 0.00942335
0.826833 0.00942756
0.826783 0.00943178
0.826732 0.00943601
0.826682 0.00944024
0.826631 0.00944447
0.82658 0.00944871
0.826529 0.00945296
0.826479 0.00945721
0.826428 0.00946146
0.826377 0.00946572
0.826326 0.00946999
0.826275 0.00947426
0.826224 0.00947854
0.826173 0.00948282
0.826121 0.00948711
0.82607 0.0094914
0.826019 0.0094957
0.825967 0.0095
0.825916 0.00950431
0.825865 0.00950863
0.825813 0.00951294
0.825762 0.00951727
0.82571 0.0095216
0.825658 0.00952593
0.825606 0.00953028
0.825555 0.00953462
0.825503 0.00953897
0.825451 0.00954333
0.825399 0.00954769
0.825347 0.00955206
0.825295 0.00955644
0.825243 0.00956081
0.82519 0.0095652
0.825138 0.00956959
0.825086 0.00957399
0.825034 0.00957839
0.824981 0.00958279
0.824929 0.00958721
0.824876 0.00959163
0.824823 0.00959605
0.824771 0.00960048
0.824718 0.00960491
0.824665 0.00960936
0.824612 0.0096138
0.82456 0.00961826
0.824507 0.00962271
0.824454 0.00962718
0.824401 0.00963165
0.824347 0.00963612
0.824294 0.00964061
0.824241 0.00964509
0.824188 0.00964959
0.824134 0.00965409
0.824081 0.00965859
0.824027 0.0096631
0.823974 0.00966762
0.82392 0.00967214
0.823866 0.00967667
0.823813 0.0096812
0.823759 0.00968575
0.823705 0.00969029
0.823651 0.00969485
0.823597 0.0096994
0.823543 0.00970397
0.823489 0.00970854
0.823435 0.00971312
0.82338 0.0097177
0.823326 0.00972229
0.823272 0.00972689
0.823217 0.00973149
0.823163 0.0097361
0.823108 0.00974071
0.823054 0.00974533
0.822999 0.00974996
0.822944 0.00975459
0.822889 0.00975923
0.822835 0.00976388
0.82278 0.00976853
0.822725 0.00977319
0.82267 0.00977785
0.822614 0.00978252
0.822559 0.0097872
0.822504 0.00979188
0.822449 0.00979657
0.822393 0.00980127
0.822338 0.00980597
0.822282 0.00981068
0.822227 0.0098154
0.822171 0.00982012
0.822115 0.00982485
0.822059 0.00982959
0.822003 0.00983433
0.821947 0.00983908
0.821891 0.00984383
0.821835 0.0098486
0.821779 0.00985337
0.821723 0.00985814
0.821667 0.00986292
0.82161 0.00986771
0.821554 0.00987251
0.821497 0.00987731
0.821441 0.00988212
0.821384 0.00988694
0.821328 0.00989176
0.821271 0.00989659
0.821214 0.00990143
0.821157 0.00990627
0.8211 0.00991112
0.821043 0.00991598
0.820986 0.00992085
0.820929 0.00992572
0.820871 0.0099306
0.820814 0.00993548
0.820757 0.00994038
0.820699 0.00994528
0.820642 0.00995018
0.820584 0.0099551
0.820526 0.00996002
0.820468 0.00996495
0.820411 0.00996988
0.820353 0.00997482
0.820295 0.00997977
0.820237 0.00998473
0.820178 0.0099897
0.82012 0.00999467
0.820062 0.00999965
0.820004 0.0100046
0.819945 0.0100096
0.819887 0.0100146
0.819828 0.0100196
0.819769 0.0100247
0.819711 0.0100297
0.819652 0.0100347
0.819593 0.0100397
0.819534 0.0100448
0.819475 0.0100498
0.819416 0.0100549
0.819357 0.01006
0.819297 0.0100651
0.819238 0.0100701
0.819178 0.0100752
0.819119 0.0100803
0.819059 0.0100854
0.819 0.0100905
0.81894 0.0100957
0.81888 0.0101008
0.81882 0.0101059
0.81876 0.0101111
0.8187 0.0101162
0.81864 0.0101214
0.81858 0.0101266
0.818519 0.0101317
0.818459 0.0101369
0.818398 0.0101421
0.818338 0.0101473
0.818277 0.0101525
0.818217 0.0101578
0.818156 0.010163
0.818095 0.0101682
0.818034 0.0101735
0.817973 0.0101787
0.817912 0.010184
0.817851 0.0101892
0.817789 0.0101945
0.817728 0.0101998
0.817666 0.0102051
0.817605 0.0102104
0.817543 0.0102157
0.817481 0.010221
0.81742 0.0102263
0.817358 0.0102317
0.817296 0.010237
0.817234 0.0102423
0.817172 0.0102477
0.817109 0.0102531
0.817047 0.0102584
0.816985 0.0102638
0.816922 0.0102692
0.81686 0.0102746
0.816797 0.01028
0.816734 0.0102855
0.816671 0.0102909
0.816608 0.0102963
0.816545 0.0103018
0.816482 0.0103072
0.816419 0.0103127
0.816356 0.0103181
0.816292 0.0103236
0.816229 0.0103291
0.816165 0.0103346
0.816102 0.0103401
0.816038 0.0103456
0.815974 0.0103512
0.81591 0.0103567
0.815846 0.0103622
0.815782 0.0103678
0.815718 0.0103733
0.815654 0.0103789
0.815589 0.0103845
0.815525 0.0103901
0.81546 0.0103957
0.815395 0.0104013
0.815331 0.0104069
0.815266 0.0104125
0.815201 0.0104182
0.815136 0.0104238
0.815071 0.0104295
0.815006 0.0104351
0.81494 0.0104408
0.814875 0.0104465
0.814809 0.0104522
0.814744 0.0104579
0.814678 0.0104636
0.814612 0.0104693
0.814546 0.010475
0.81448 0.0104808
0.814414 0.0104865
0.814348 0.0104923
0.814282 0.0104981
0.814215 0.0105038
0.814149 0.0105096
0.814082 0.0105154
0.814015 0.0105212
0.813949 0.0105271
0.813882 0.0105329
0.813815 0.0105387
0.813748 0.0105446
0.81368 0.0105504
0.813613 0.0105563
0.813546 0.0105622
0.813478 0.0105681
0.813411 0.010574
0.813343 0.0105799
0.813275 0.0105858
0.813207 0.0105917
0.813139 0.0105977
0.813071 0.0106036
0.813003 0.0106096
0.812935 0.0106156
0.812866 0.0106216
0.812798 0.0106275
0.812729 0.0106336
0.81266 0.0106396
0.812591 0.0106456
0.812522 0.0106516
0.812453 0.0106577
0.812384 0.0106637
0.812315 0.0106698
0.812245 0.0106759
0.812176 0.010682
0.812106 0.0106881
0.812036 0.0106942
0.811967 0.0107003
0.811897 0.0107065
0.811827 0.0107126
0.811756 0.0107188
0.811686 0.0107249
0.811616 0.0107311
0.811545 0.0107373
0.811475 0.0107435
0.811404 0.0107497
0.811333 0.0107559
0.811262 0.0107622
0.811191 0.0107684
0.81112 0.0107747
0.811049 0.0107809
0.810977 0.0107872
0.810906 0.0107935
0.810834 0.0107998
0.810762 0.0108061
0.81069 0.0108125
0.810618 0.0108188
0.810546 0.0108252
0.810474 0.0108315
0.810402 0.0108379
0.810329 0.0108443
0.810257 0.0108507
0.810184 0.0108571
0.810111 0.0108635
0.810038 0.01087
0.809965 0.0108764
0.809892 0.0108829
0.809819 0.0108893
0.809745 0.0108958
0.809672 0.0109023
0.809598 0.0109088
0.809525 0.0109153
0.809451 0.0109219
0.809377 0.0109284
0.809302 0.010935
0.809228 0.0109415
0.809154 0.0109481
0.809079 0.0109547
0.809005 0.0109613
0.80893 0.010968
0.808855 0.0109746
0.80878 0.0109812
0.808705 0.0109879
0.80863 0.0109946
0.808554 0.0110013
0.808479 0.011008
0.808403 0.0110147
0.808327 0.0110214
0.808251 0.0110281
0.808175 0.0110349
0.808099 0.0110416
0.808023 0.0110484
0.807946 0.0110552
0.80787 0.011062
0.807793 0.0110688
0.807716 0.0110757
0.807639 0.0110825
0.807562 0.0110894
0.807485 0.0110962
0.807408 0.0111031
0.80733 0.01111
0.807252 0.0111169
0.807175 0.0111239
0.807097 0.0111308
0.807019 0.0111378
0.806941 0.0111447
0.806862 0.0111517
0.806784 0.0111587
0.806705 0.0111657
0.806626 0.0111727
0.806548 0.0111798
0.806469 0.0111868
0.806389 0.0111939
0.80631 0.011201
0.806231 0.0112081
0.806151 0.0112152
0.806071 0.0112223
0.805992 0.0112294
0.805912 0.0112366
0.805832 0.0112438
0.805751 0.011251
0.805671 0.0112582
0.80559 0.0112654
0.80551 0.0112726
0.805429 0.0112798
0.805348 0.0112871
0.805267 0.0112944
0.805185 0.0113017
0.805104 0.011309
0.805022 0.0113163
0.80494 0.0113236
0.804859 0.011331
0.804777 0.0113383
0.804694 0.0113457
0.804612 0.0113531
0.804529 0.0113605
0.804447 0.0113679
0.804364 0.0113754
0.804281 0.0113828
0.804198 0.0113903
0.804115 0.0113978
0.804031 0.0114053
0.803948 0.0114128
0.803864 0.0114204
0.80378 0.0114279
0.803696 0.0114355
0.803612 0.0114431
0.803528 0.0114507
0.803443 0.0114583
0.803358 0.0114659
0.803274 0.0114736
0.803189 0.0114813
0.803104 0.0114889
0.803018 0.0114966
0.802933 0.0115044
0.802847 0.0115121
0.802761 0.0115199
0.802675 0.0115276
0.802589 0.0115354
0.802503 0.0115432
0.802417 0.011551
0.80233 0.0115589
0.802243 0.0115667
0.802156 0.0115746
0.802069 0.0115825
0.801982 0.0115904
0.801894 0.0115983
0.801807 0.0116063
0.801719 0.0116142
0.801631 0.0116222
0.801543 0.0116302
0.801455 0.0116382
0.801366 0.0116462
0.801278 0.0116543
0.801189 0.0116623
0.8011 0.0116704
0.801011 0.0116785
0.800921 0.0116867
0.800832 0.0116948
0.800742 0.011703
0.800652 0.0117111
0.800562 0.0117193
0.800472 0.0117275
0.800382 0.0117358
0.800291 0.011744
0.8002 0.0117523
0.800109 0.0117606
0.800018 0.0117689
0.799927 0.0117772
0.799835 0.0117856
0.799744 0.0117939
0.799652 0.0118023
0.79956 0.0118107
0.799468 0.0118191
0.799375 0.0118276
0.799283 0.011836
0.79919 0.0118445
0.799097 0.011853
0.799004 0.0118616
0.79891 0.0118701
0.798817 0.0118787
0.798723 0.0118872
0.798629 0.0118958
0.798535 0.0119045
0.798441 0.0119131
0.798346 0.0119218
0.798252 0.0119305
0.798157 0.0119392
0.798062 0.0119479
0.797966 0.0119566
0.797871 0.0119654
0.797775 0.0119742
0.797679 0.011983
0.797583 0.0119918
0.797487 0.0120007
0.797391 0.0120095
0.797294 0.0120184
0.797197 0.0120274
0.7971 0.0120363
0.797003 0.0120452
0.796905 0.0120542
0.796807 0.0120632
0.79671 0.0120723
0.796611 0.0120813
0.796513 0.0120904
0.796415 0.0120995
0.796316 0.0121086
0.796217 0.0121177
0.796118 0.0121269
0.796018 0.012136
0.795919 0.0121452
0.795819 0.0121545
0.795719 0.0121637
0.795619 0.012173
0.795519 0.0121823
0.795418 0.0121916
0.795317 0.0122009
0.795216 0.0122103
0.795115 0.0122197
0.795013 0.0122291
0.794911 0.0122385
0.794809 0.012248
0.794707 0.0122575
0.794605 0.012267
0.794502 0.0122765
0.794399 0.0122861
0.794296 0.0122956
0.794193 0.0123052
0.794089 0.0123149
0.793986 0.0123245
0.793882 0.0123342
0.793777 0.0123439
0.793673 0.0123536
0.793568 0.0123634
0.793463 0.0123731
0.793358 0.0123829
0.793253 0.0123928
0.793147 0.0124026
0.793041 0.0124125
0.792935 0.0124224
0.792829 0.0124323
0.792722 0.0124423
0.792616 0.0124522
0.792509 0.0124623
0.792401 0.0124723
0.792294 0.0124823
0.792186 0.0124924
0.792078 0.0125025
0.79197 0.0125127
0.791861 0.0125228
0.791752 0.012533
0.791643 0.0125432
0.791534 0.0125535
0.791425 0.0125638
0.791315 0.0125741
0.791205 0.0125844
0.791095 0.0125947
0.790984 0.0126051
0.790873 0.0126155
0.790762 0.012626
0.790651 0.0126364
0.790539 0.0126469
0.790428 0.0126574
0.790316 0.012668
0.790203 0.0126786
0.790091 0.0126892
0.789978 0.0126998
0.789865 0.0127105
0.789751 0.0127212
0.789638 0.0127319
0.789524 0.0127426
0.78941 0.0127534
0.789295 0.0127642
0.78918 0.0127751
0.789065 0.012786
0.78895 0.0127969
0.788834 0.0128078
0.788719 0.0128188
0.788603 0.0128297
0.788486 0.0128408
0.78837 0.0128518
0.788253 0.0128629
0.788135 0.012874
0.788018 0.0128852
0.7879 0.0128963
0.787782 0.0129075
0.787664 0.0129188
0.787545 0.0129301
0.787426 0.0129414
0.787307 0.0129527
0.787187 0.0129641
0.787068 0.0129755
0.786947 0.0129869
0.786827 0.0129984
0.786706 0.0130099
0.786585 0.0130214
0.786464 0.013033
0.786343 0.0130446
0.786221 0.0130562
0.786098 0.0130678
0.785976 0.0130795
0.785853 0.0130913
0.78573 0.013103
0.785607 0.0131148
0.785483 0.0131267
0.785359 0.0131385
0.785235 0.0131504
0.78511 0.0131624
0.784985 0.0131744
0.78486 0.0131864
0.784734 0.0131984
0.784608 0.0132105
0.784482 0.0132226
0.784356 0.0132347
0.784229 0.0132469
0.784102 0.0132592
0.783974 0.0132714
0.783846 0.0132837
0.783718 0.013296
0.78359 0.0133084
0.783461 0.0133208
0.783332 0.0133333
0.783202 0.0133457
0.783072 0.0133582
0.782942 0.0133708
0.782812 0.0133834
0.782681 0.013396
0.78255 0.0134087
0.782418 0.0134214
0.782286 0.0134341
0.782154 0.0134469
0.782022 0.0134598
0.781889 0.0134726
0.781756 0.0134855
0.781622 0.0134985
0.781488 0.0135114
0.781354 0.0135245
0.781219 0.0135375
0.781084 0.0135506
0.780949 0.0135638
0.780813 0.013577
0.780677 0.0135902
0.780541 0.0136035
0.780404 0.0136168
0.780267 0.0136301
0.780129 0.0136435
0.779991 0.0136569
0.779853 0.0136704
0.779714 0.0136839
0.779575 0.0136975
0.779436 0.0137111
0.779296 0.0137247
0.779156 0.0137384
0.779016 0.0137522
0.778875 0.0137659
0.778733 0.0137798
0.778592 0.0137936
0.77845 0.0138075
0.778307 0.0138215
0.778164 0.0138355
0.778021 0.0138495
0.777878 0.0138636
0.777734 0.0138778
0.777589 0.0138919
0.777444 0.0139062
0.777299 0.0139204
0.777154 0.0139348
0.777008 0.0139491
0.776861 0.0139635
0.776714 0.013978
0.776567 0.0139925
0.776419 0.0140071
0.776271 0.0140217
0.776123 0.0140363
0.775974 0.014051
0.775825 0.0140658
0.775675 0.0140806
0.775525 0.0140954
0.775374 0.0141103
0.775223 0.0141253
0.775072 0.0141403
0.77492 0.0141553
0.774767 0.0141704
0.774615 0.0141856
0.774462 0.0142008
0.774308 0.014216
0.774154 0.0142313
0.773999 0.0142467
0.773844 0.0142621
0.773689 0.0142775
0.773533 0.014293
0.773377 0.0143086
0.77322 0.0143242
0.773063 0.0143399
0.772905 0.0143556
0.772747 0.0143714
0.772589 0.0143872
0.772429 0.0144031
0.77227 0.0144191
0.77211 0.0144351
0.771949 0.0144511
0.771789 0.0144673
0.771627 0.0144834
0.771465 0.0144996
0.771303 0.0145159
0.77114 0.0145323
0.770977 0.0145487
0.770813 0.0145651
0.770649 0.0145816
0.770484 0.0145982
0.770318 0.0146148
0.770153 0.0146315
0.769986 0.0146483
0.76982 0.0146651
0.769652 0.014682
0.769484 0.0146989
0.769316 0.0147159
0.769147 0.0147329
0.768978 0.01475
0.768808 0.0147672
0.768638 0.0147845
0.768467 0.0148018
0.768295 0.0148191
0.768124 0.0148366
0.767951 0.014854
0.767778 0.0148716
0.767605 0.0148892
0.76743 0.0149069
0.767256 0.0149247
0.767081 0.0149425
0.766905 0.0149603
0.766729 0.0149783
0.766552 0.0149963
0.766375 0.0150144
0.766197 0.0150325
0.766018 0.0150508
0.765839 0.015069
0.76566 0.0150874
0.76548 0.0151058
0.765299 0.0151243
0.765118 0.0151429
0.764936 0.0151615
0.764753 0.0151802
0.76457 0.015199
0.764387 0.0152178
0.764202 0.0152367
0.764018 0.0152557
0.763832 0.0152748
0.763646 0.0152939
0.76346 0.0153131
0.763273 0.0153324
0.763085 0.0153518
0.762896 0.0153712
0.762707 0.0153907
0.762518 0.0154103
0.762328 0.0154299
0.762137 0.0154497
0.761945 0.0154695
0.761753 0.0154894
0.761561 0.0155093
0.761367 0.0155294
0.761173 0.0155495
0.760979 0.0155697
0.760783 0.01559
0.760587 0.0156104
0.760391 0.0156308
0.760194 0.0156513
0.759996 0.015672
0.759797 0.0156927
0.759598 0.0157134
0.759398 0.0157343
0.759198 0.0157552
0.758996 0.0157763
0.758795 0.0157974
0.758592 0.0158186
0.758389 0.0158399
0.758185 0.0158612
0.75798 0.0158827
0.757775 0.0159042
0.757569 0.0159259
0.757362 0.0159476
0.757155 0.0159694
0.756947 0.0159913
0.756738 0.0160133
0.756528 0.0160354
0.756318 0.0160576
0.756107 0.0160798
0.755895 0.0161022
0.755683 0.0161246
0.75547 0.0161472
0.755256 0.0161698
0.755041 0.0161926
0.754826 0.0162154
0.754609 0.0162383
0.754392 0.0162614
0.754175 0.0162845
0.753956 0.0163077
0.753737 0.0163311
0.753517 0.0163545
0.753296 0.016378
0.753075 0.0164016
0.752852 0.0164254
0.752629 0.0164492
0.752405 0.0164731
0.75218 0.0164971
0.751955 0.0165213
0.751729 0.0165455
0.751501 0.0165699
0.751273 0.0165943
0.751045 0.0166189
0.750815 0.0166436
0.750585 0.0166684
0.750353 0.0166932
0.750121 0.0167182
0.749888 0.0167433
0.749654 0.0167686
0.74942 0.0167939
0.749184 0.0168193
0.748948 0.0168449
0.748711 0.0168706
0.748473 0.0168964
0.748234 0.0169223
0.747994 0.0169483
0.747753 0.0169744
0.747511 0.0170007
0.747269 0.0170271
0.747025 0.0170536
0.746781 0.0170802
0.746536 0.0171069
0.746289 0.0171338
0.746042 0.0171608
0.745794 0.0171879
0.745545 0.0172151
0.745295 0.0172425
0.745044 0.01727
0.744793 0.0172976
0.74454 0.0173253
0.744286 0.0173532
0.744031 0.0173812
0.743776 0.0174094
0.743519 0.0174376
0.743262 0.017466
0.743003 0.0174946
0.742743 0.0175232
0.742483 0.017552
0.742221 0.017581
0.741958 0.0176101
0.741695 0.0176393
0.74143 0.0176686
0.741164 0.0176981
0.740898 0.0177278
0.74063 0.0177576
0.740361 0.0177875
0.740091 0.0178176
0.73982 0.0178478
0.739548 0.0178782
0.739275 0.0179087
0.739001 0.0179393
0.738726 0.0179702
0.73845 0.0180011
0.738172 0.0180323
0.737894 0.0180635
0.737614 0.018095
0.737333 0.0181265
0.737051 0.0181583
0.736768 0.0181902
0.736484 0.0182222
0.736199 0.0182545
0.735912 0.0182868
0.735625 0.0183194
0.735336 0.0183521
0.735046 0.018385
0.734755 0.018418
0.734463 0.0184512
0.734169 0.0184846
0.733874 0.0185182
0.733578 0.0185519
0.733281 0.0185858
0.732983 0.0186199
0.732683 0.0186541
0.732383 0.0186885
0.73208 0.0187231
0.731777 0.0187579
0.731473 0.0187929
0.731167 0.018828
0.73086 0.0188634
0.730551 0.0188989
0.730241 0.0189346
0.72993 0.0189705
0.729618 0.0190065
0.729304 0.0190428
0.728989 0.0190793
0.728673 0.0191159
0.728355 0.0191528
0.728036 0.0191899
0.727716 0.0192271
0.727394 0.0192646
0.727071 0.0193022
0.726747 0.0193401
0.726421 0.0193781
0.726094 0.0194164
0.725765 0.0194549
0.725435 0.0194936
0.725103 0.0195325
0.72477 0.0195716
0.724436 0.0196109
0.7241 0.0196505
0.723762 0.0196903
0.723424 0.0197303
0.723083 0.0197705
0.722741 0.0198109
0.722398 0.0198516
0.722053 0.0198925
0.721707 0.0199336
0.721359 0.019975
0.72101 0.0200165
0.720659 0.0200584
0.720306 0.0201004
0.719952 0.0201427
0.719596 0.0201853
0.719239 0.0202281
0.71888 0.0202711
0.718519 0.0203144
0.718157 0.0203579
0.717793 0.0204017
0.717428 0.0204457
0.717061 0.02049
0.716692 0.0205346
0.716322 0.0205794
0.715949 0.0206245
0.715576 0.0206698
0.7152 0.0207154
0.714823 0.0207613
0.714444 0.0208075
0.714063 0.0208539
0.71368 0.0209006
0.713296 0.0209476
0.71291 0.0209949
0.712522 0.0210424
0.712132 0.0210902
0.711741 0.0211384
0.711348 0.0211868
0.710952 0.0212355
0.710555 0.0212845
0.710156 0.0213338
0.709756 0.0213834
0.709353 0.0214333
0.708948 0.0214836
0.708542 0.0215341
0.708133 0.021585
0.707723 0.0216361
0.707311 0.0216876
0.706896 0.0217394
0.70648 0.0217915
0.706062 0.021844
0.705641 0.0218968
0.705219 0.0219499
0.704795 0.0220033
0.704368 0.0220571
0.70394 0.0221113
0.703509 0.0221658
0.703076 0.0222206
0.702642 0.0222758
0.702205 0.0223313
0.701766 0.0223872
0.701324 0.0224435
0.700881 0.0225001
0.700435 0.0225571
0.699988 0.0226145
0.699538 0.0226722
0.699085 0.0227304
0.698631 0.0227889
0.698174 0.0228478
0.697715 0.0229071
0.697254 0.0229667
0.69679 0.0230268
0.696324 0.0230873
0.695856 0.0231482
0.695385 0.0232095
0.694912 0.0232712
0.694436 0.0233333
0.693959 0.0233959
0.693478 0.0234588
0.692996 0.0235223
0.69251 0.0235861
0.692023 0.0236504
0.691532 0.0237151
0.69104 0.0237802
0.690545 0.0238459
0.690047 0.0239119
0.689546 0.0239785
0.689043 0.0240455
0.688538 0.0241129
0.68803 0.0241809
0.687519 0.0242493
0.687005 0.0243182
0.686489 0.0243876
0.68597 0.0244575
0.685449 0.0245279
0.684924 0.0245987
0.684397 0.0246701
0.683867 0.024742
0.683335 0.0248145
0.682799 0.0248874
0.682261 0.0249609
0.68172 0.0250349
0.681175 0.0251095
0.680628 0.0251846
0.680078 0.0252602
0.679526 0.0253365
0.67897 0.0254132
0.678411 0.0254906
0.677849 0.0255685
0.677284 0.025647
0.676716 0.0257261
0.676145 0.0258058
0.675571 0.0258861
0.674994 0.0259669
0.674413 0.0260485
0.67383 0.0261306
0.673243 0.0262133
0.672653 0.0262967
0.67206 0.0263807
0.671463 0.0264654
0.670863 0.0265507
0.67026 0.0266367
0.669654 0.0267233
0.669044 0.0268107
0.668431 0.0268987
0.667814 0.0269874
0.667194 0.0270768
0.666571 0.0271669
0.665944 0.0272577
0.665313 0.0273492
0.664679 0.0274415
0.664041 0.0275345
0.6634 0.0276282
0.662755 0.0277227
0.662107 0.027818
0.661455 0.027914
0.660799 0.0280108
0.660139 0.0281084
0.659476 0.0282068
0.658809 0.028306
0.658138 0.028406
0.657463 0.0285069
0.656784 0.0286085
0.656102 0.0287111
0.655415 0.0288144
0.654725 0.0289187
0.65403 0.0290238
0.653332 0.0291298
0.652629 0.0292366
0.651922 0.0293444
0.651212 0.0294531
0.650497 0.0295628
0.649778 0.0296733
0.649055 0.0297849
0.648327 0.0298973
0.647595 0.0300108
0.646859 0.0301252
0.646119 0.0302406
0.645374 0.030357
0.644625 0.0304745
0.643872 0.0305929
0.643114 0.0307124
0.642351 0.030833
0.641584 0.0309546
0.640813 0.0310774
0.640036 0.0312012
0.639256 0.0313261
0.63847 0.0314521
0.63768 0.0315793
0.636885 0.0317076
0.636085 0.0318371
0.635281 0.0319677
0.634472 0.0320996
0.633658 0.0322326
0.632838 0.0323669
0.632014 0.0325024
0.631185 0.0326392
0.630351 0.0327772
0.629512 0.0329165
0.628668 0.0330571
0.627819 0.0331991
0.626964 0.0333423
0.626105 0.0334869
0.62524 0.0336329
0.62437 0.0337803
0.623494 0.0339291
0.622613 0.0340793
0.621727 0.0342309
0.620835 0.034384
0.619938 0.0345385
0.619035 0.0346946
0.618127 0.0348522
0.617213 0.0350113
0.616294 0.035172
0.615369 0.0353342
0.614438 0.0354981
0.613501 0.0356635
0.612559 0.0358307
0.611611 0.0359994
0.610657 0.0361699
0.609697 0.036342
0.608731 0.0365159
0.607759 0.0366916
0.60678 0.036869
0.605796 0.0370482
0.604806 0.0372293
0.60381 0.0374122
0.602807 0.0375969
0.601798 0.0377836
0.600783 0.0379722
0.599761 0.0381628
0.598733 0.0383553
0.597699 0.0385498
0.596658 0.0387464
0.595611 0.0389451
0.594557 0.0391458
0.593497 0.0393487
0.592429 0.0395537
0.591356 0.0397609
0.590275 0.0399703
0.589188 0.0401819
0.588094 0.0403958
0.586993 0.0406121
0.585885 0.0408306
0.58477 0.0410516
0.583648 0.0412749
0.582519 0.0415007
0.581383 0.041729
0.58024 0.0419598
0.57909 0.0421931
0.577933 0.042429
0.576768 0.0426676
0.575596 0.0429088
0.574417 0.0431527
0.57323 0.0433993
0.572036 0.0436487
0.570834 0.043901
0.569625 0.0441561
0.568408 0.0444141
0.567184 0.044675
0.565952 0.044939
0.564713 0.0452059
0.563465 0.045476
0.56221 0.0457492
0.560948 0.0460255
0.559677 0.0463051
0.558398 0.046588
0.557112 0.0468741
0.555817 0.0471636
0.554515 0.0474566
0.553205 0.047753
0.551886 0.0480529
0.550559 0.0483565
0.549225 0.0486636
0.547882 0.0489744
0.54653 0.049289
0.545171 0.0496074
0.543803 0.0499296
0.542427 0.0502557
0.541043 0.0505859
0.53965 0.05092
0.538249 0.0512583
0.536839 0.0516007
0.535421 0.0519474
0.533994 0.0522983
0.532559 0.0526536
0.531115 0.0530134
0.529663 0.0533776
0.528202 0.0537464
0.526732 0.0541199
0.525254 0.054498
0.523766 0.054881
0.522271 0.0552688
0.520766 0.0556616
0.519253 0.0560593
0.517731 0.0564622
0.5162 0.0568703
0.51466 0.0572836
0.513111 0.0577023
0.511554 0.0581264
0.509988 0.058556
0.508413 0.0589912
0.506829 0.0594321
0.505236 0.0598789
0.503634 0.0603314
0.502023 0.06079
0.500404 0.0612546
0.498775 0.0617254
0.497138 0.0622025
0.495492 0.062686
0.493836 0.0631759
0.492172 0.0636724
0.490499 0.0641756
0.488817 0.0646855
0.487127 0.0652024
0.485427 0.0657263
0.483719 0.0662573
0.482002 0.0667956
0.480276 0.0673412
0.478541 0.0678943
0.476797 0.0684551
0.475045 0.0690235
0.473284 0.0695998
0.471514 0.0701841
0.469736 0.0707765
0.467949 0.0713772
0.466154 0.0719862
0.46435 0.0726037
0.462538 0.07323
0.460717 0.073865
0.458888 0.0745089
0.45705 0.075162
0.455205 0.0758243
0.453351 0.0764959
0.451489 0.0771772
0.449619 0.0778681
0.447741 0.0785689
0.445854 0.0792797
0.443961 0.0800006
0.442059 0.080732
0.440149 0.0814738
0.438232 0.0822264
0.436308 0.0829898
0.434376 0.0837643
0.432436 0.0845499
0.43049 0.085347
0.428536 0.0861557
0.426575 0.0869761
0.424607 0.0878086
0.422633 0.0886531
0.420651 0.0895101
0.418664 0.0903796
0.416669 0.0912618
0.414668 0.0921571
0.412661 0.0930655
0.410648 0.0939873
0.408629 0.0949227
0.406604 0.0958719
0.404574 0.0968351
0.402538 0.0978126
0.400496 0.0988046
0.39845 0.0998114
0.396398 0.100833
0.394341 0.10187
0.39228 0.102922
0.390214 0.10399
0.388143 0.105074
0.386069 0.106174
0.38399 0.10729
0.381908 0.108423
0.379821 0.109573
0.377732 0.110741
0.375639 0.111925
0.373542 0.113128
0.371443 0.114348
0.369342 0.115586
0.367237 0.116843
0.365131 0.118119
0.363022 0.119414
0.360911 0.120728
0.358799 0.122062
0.356686 0.123416
0.354571 0.12479
0.352455 0.126185
0.350338 0.1276
0.348221 0.129037
0.346104 0.130495
0.343986 0.131974
0.341869 0.133476
0.339752 0.135
0.337636 0.136547
0.335521 0.138116
0.333407 0.139709
0.331294 0.141326
0.329183 0.142966
0.327073 0.14463
0.324966 0.146319
0.322861 0.148033
0.320759 0.149772
0.31866 0.151537
0.316564 0.153327
0.314471 0.155144
0.312383 0.156987
0.310297 0.158856
0.308217 0.160753
0.30614 0.162677
0.304068 0.164629
0.302002 0.16661
0.29994 0.168618
0.297884 0.170655
0.295833 0.172722
0.293789 0.174817
0.291751 0.176943
0.289719 0.179098
0.287694 0.181284
0.285676 0.1835
0.283665 0.185747
0.281661 0.188026
0.279666 0.190336
0.277678 0.192678
0.275698 0.195052
0.273727 0.197458
0.271765 0.199898
0.269811 0.20237
0.267866 0.204875
0.265931 0.207414
0.264006 0.209987
0.26209 0.212594
0.260184 0.215236
0.258288 0.217912
0.256403 0.220623
0.254529 0.223369
0.252665 0.22615
0.250813 0.228966
0.248971 0.231819
0.247141 0.234707
0.245323 0.237632
0.243517 0.240592
0.241722 0.24359
0.23994 0.246623
0.23817 0.249694
0.236412 0.252801
0.234667 0.255946
0.232935 0.259127
0.231216 0.262346
0.22951 0.265602
0.227818 0.268896
0.226138 0.272226
0.224473 0.275595
0.222821 0.279
0.221182 0.282444
0.219558 0.285924
0.217947 0.289442
0.216351 0.292998
0.214769 0.296591
0.213201 0.300221
0.211648 0.303888
0.210109 0.307592
0.208585 0.311333
0.207076 0.315111
0.205581 0.318925
0.204101 0.322775
0.202636 0.326662
0.201186 0.330585
0.199751 0.334543
0.19833 0.338536
0.196925 0.342565
0.195535 0.346628
0.194161 0.350725
0.192801 0.354856
0.191457 0.359021
0.190128 0.363219
0.188814 0.367449
0.187515 0.371712
0.186231 0.376006
0.184963 0.380331
0.18371 0.384687
0.182473 0.389073
0.18125 0.393488
0.180043 0.397932
0.178851 0.402404
0.177674 0.406903
0.176513 0.41143
0.175366 0.415982
0.174234 0.420559
0.173118 0.425161
0.172017 0.429786
0.17093 0.434435
0.169859 0.439105
0.168802 0.443797
0.16776 0.448509
0.166733 0.45324
0.16572 0.457989
0.164722 0.462756
0.163739 0.46754
0.16277 0.472339
0.161815 0.477153
0.160875 0.48198
0.159949 0.486819
0.159037 0.49167
0.158139 0.496532
0.157256 0.501402
0.156386 0.506281
0.155529 0.511167
0.154687 0.516058
0.153858 0.520955
0.153043 0.525855
0.152241 0.530757
0.151452 0.535661
0.150677 0.540565
0.149914 0.545469
0.149165 0.550369
0.148428 0.555267
0.147705 0.56016
0.146993 0.565048
0.146295 0.569928
0.145609 0.574801
0.144935 0.579664
0.144273 0.584517
0.143623 0.589359
0.142985 0.594187
0.14236 0.599003
0.141745 0.603803
0.141143 0.608587
0.140552 0.613354
0.139972 0.618103
0.139403 0.622832
0.138846 0.627541
0.138299 0.632229
0.137763 0.636894
0.137238 0.641536
0.136724 0.646154
0.13622 0.650746
0.135726 0.655312
0.135243 0.65985
0.13477 0.66436
0.134306 0.668842
0.133853 0.673293
0.133409 0.677714
0.132974 0.682103
0.13255 0.68646
0.132134 0.690784
0.131728 0.695074
0.131331 0.69933
0.130942 0.703551
0.130563 0.707736
0.130192 0.711885
0.12983 0.715997
0.129477 0.720071
0.129131 0.724107
0.128794 0.728105
0.128465 0.732065
0.128144 0.735984
0.127831 0.739865
0.127526 0.743705
0.127228 0.747504
0.126938 0.751263
0.126655 0.754981
0.12638 0.758657
0.126112 0.762293
0.12585 0.765886
0.125596 0.769438
0.125349 0.772947
0.125108 0.776415
0.124874 0.77984
0.124646 0.783223
0.124425 0.786563
0.124211 0.789862
0.124002 0.793118
0.123799 0.796331
0.123603 0.799503
0.123413 0.802632
0.123228 0.805719
0.123049 0.808764
0.122875 0.811768
0.122707 0.814729
0.122545 0.817649
0.122388 0.820528
0.122236 0.823366
0.122089 0.826163
0.121948 0.828919
0.121811 0.831634
0.121679 0.83431
0.121552 0.836946
0.12143 0.839542
0.121312 0.842098
0.121199 0.844616
0.121091 0.847095
0.120986 0.849536
0.120887 0.851939
0.120791 0.854305
0.120699 0.856633
0.120612 0.858924
0.120529 0.861179
0.120449 0.863397
0.120374 0.86558
0.120302 0.867728
0.120234 0.869841
0.12017 0.871919
0.120109 0.873963
0.120052 0.875973
0.119998 0.877951
0.119948 0.879895
0.119901 0.881807
0.119857 0.883687
0.119816 0.885535
0.119779 0.887352
0.119745 0.889138
0.119714 0.890894
0.119685 0.89262
0.11966 0.894317
0.119638 0.895985
0.119618 0.897624
0.119602 0.899234
0.119587 0.900817
0.119576 0.902373
0.119567 0.903902
0.119561 0.905404
0.119558 0.90688
0.119556 0.90833
0.119558 0.909755
0.119562 0.911156
0.119568 0.912531
0.119576 0.913883
0.119587 0.91521
0.119599 0.916515
0.119614 0.917797
0.119632 0.919056
0.119651 0.920292
0.119672 0.921507
0.119696 0.922701
0.119721 0.923873
0.119748 0.925025
0.119777 0.926157
0.119809 0.927268
0.119841 0.92836
0.119876 0.929432
0.119913 0.930486
0.119951 0.93152
0.119991 0.932537
0.120033 0.933536
0.120076 0.934516
0.120121 0.93548
0.120168 0.936426
0.120216 0.937356
0.120266 0.938269
0.120317 0.939167
0.120369 0.940048
0.120424 0.940914
0.120479 0.941764
0.120536 0.9426
0.120595 0.943421
0.120654 0.944227
0.120715 0.945019
0.120778 0.945797
0.120841 0.946562
0.120906 0.947313
0.120972 0.948051
0.12104 0.948776
0.121108 0.949489
0.121178 0.950189
0.121249 0.950877
0.121321 0.951553
0.121394 0.952217
0.121469 0.952869
0.121544 0.95351
0.121621 0.95414
0.121698 0.95476
0.121777 0.955368
0.121856 0.955966
0.121937 0.956554
0.122018 0.957131
0.122101 0.957699
0.122184 0.958257
0.122268 0.958805
0.122354 0.959344
0.12244 0.959874
0.122527 0.960395
0.122615 0.960907
0.122704 0.96141
0.122793 0.961905
0.122884 0.962391
0.122975 0.96287
0.123067 0.96334
0.12316 0.963802
0.123254 0.964256
0.123348 0.964703
0.123443 0.965143
0.123539 0.965575
0.123636 0.965999
0.123733 0.966417
0.123831 0.966828
0.12393 0.967232
0.124029 0.96763
0.124129 0.96802
0.12423 0.968405
0.124332 0.968783
0.124434 0.969155
0.124536 0.969521
0.12464 0.969881
0.124744 0.970235
0.124848 0.970583
0.124954 0.970926
0.125059 0.971263
0.125166 0.971595
0.125273 0.971921
0.12538 0.972242
0.125488 0.972558
0.125597 0.972869
0.125706 0.973175
0.125816 0.973476
0.125926 0.973772
0.126037 0.974064
0.126148 0.974351
0.12626 0.974634
0.126372 0.974912
0.126485 0.975186
0.126598 0.975455
0.126712 0.975721
0.126826 0.975982
0.12694 0.976239
0.127056 0.976492
0.127171 0.976741
0.127287 0.976987
0.127404 0.977228
0.127521 0.977466
0.127638 0.9777
0.127756 0.977931
0.127874 0.978158
0.127993 0.978382
0.128112 0.978603
0.128231 0.97882
0.128351 0.979033
0.128471 0.979244
0.128592 0.979451
0.128713 0.979656
0.128834 0.979857
0.128956 0.980055
0.129078 0.980251
0.129201 0.980443
0.129324 0.980633
0.129447 0.98082
0.129571 0.981004
0.129695 0.981185
0.129819 0.981364
0.129944 0.98154
0.130069 0.981714
0.130194 0.981885
0.13032 0.982053
0.130446 0.98222
0.130573 0.982383
0.130699 0.982545
0.130826 0.982704
0.130954 0.982861
0.131081 0.983015
0.131209 0.983168
0.131338 0.983318
0.131466 0.983466
0.131595 0.983612
0.131725 0.983756
0.131854 0.983898
0.131984 0.984038
0.132114 0.984176
0.132245 0.984313
0.132376 0.984447
0.132507 0.984579
0.132638 0.98471
0.13277 0.984839
0.132902 0.984966
0.133034 0.985091
0.133166 0.985215
0.133299 0.985336
0.133432 0.985457
0.133565 0.985575
0.133699 0.985692
0.133833 0.985808
0.133967 0.985922
0.134101 0.986034
0.134236 0.986145
0.134371 0.986254
0.134506 0.986362
0.134641 0.986468
0.134777 0.986573
0.134913 0.986677
0.135049 0.986779
0.135186 0.98688
0.135322 0.98698
0.135459 0.987078
0.135597 0.987175
0.135734 0.987271
0.135872 0.987366
0.13601 0.987459
0.136148 0.987551
0.136286 0.987642
0.136425 0.987732
0.136564 0.98782
0.136703 0.987908
0.136842 0.987994
0.136982 0.988079
0.137122 0.988164
0.137262 0.988247
0.137402 0.988329
0.137543 0.98841
0.137684 0.98849
0.137825 0.988569
0.137966 0.988647
0.138107 0.988724
0.138249 0.9888
0.138391 0.988875
0.138533 0.988949
0.138676 0.989022
0.138818 0.989095
0.138961 0.989166
0.139104 0.989237
0.139248 0.989306
0.139391 0.989375
0.139535 0.989443
0.139679 0.98951
0.139823 0.989577
0.139967 0.989642
0.140112 0.989707
0.140257 0.989771
0.140402 0.989834
0.140547 0.989897
0.140693 0.989959
0.140839 0.99002
0.140985 0.99008
0.141131 0.990139
0.141277 0.990198
0.141424 0.990256
0.141571 0.990314
0.141718 0.99037
0.141865 0.990426
0.142012 0.990482
0.14216 0.990537
0.142308 0.990591
0.142456 0.990644
0.142605 0.990697
0.142753 0.990749
0.142902 0.990801
0.143051 0.990852
0.1432 0.990902
0.14335 0.990952
0.143499 0.991001
0.143649 0.99105
0.143799 0.991098
0.14395 0.991146
0.1441 0.991193
0.144251 0.991239
0.144402 0.991285
0.144553 0.991331
0.144704 0.991376
0.144856 0.99142
0.145008 0.991464
0.14516 0.991507
0.145312 0.99155
0.145464 0.991593
0.145617 0.991635
0.14577 0.991676
0.145923 0.991717
0.146077 0.991758
0.14623 0.991798
0.146384 0.991838
0.146538 0.991877
0.146692 0.991916
0.146847 0.991954
0.147001 0.991992
0.147156 0.992029
0.147311 0.992066
0.147466 0.992103
0.147622 0.992139
0.147778 0.992175
0.147934 0.992211
0.14809 0.992246
0.148246 0.99228
0.148403 0.992315
0.14856 0.992349
0.148717 0.992382
0.148874 0.992415
0.149032 0.992448
0.14919 0.992481
0.149348 0.992513
0.149506 0.992544
0.149664 0.992576
0.149823 0.992607
0.149982 0.992638
0.150141 0.992668
0.1503 0.992698
0.15046 0.992728
0.15062 0.992757
0.15078 0.992786
0.15094 0.992815
0.151101 0.992844
0.151261 0.992872
0.151422 0.9929
0.151584 0.992927
0.151745 0.992955
0.151907 0.992982
0.152069 0.993008
0.152231 0.993035
0.152393 0.993061
0.152556 0.993087
0.152719 0.993112
0.152882 0.993138
0.153045 0.993163
0.153209 0.993187
0.153373 0.993212
0.153537 0.993236
0.153701 0.99326
0.153866 0.993284
0.15403 0.993307
0.154195 0.99333
0.154361 0.993353
0.154526 0.993376
0.154692 0.993399
0.154858 0.993421
0.155024 0.993443
0.155191 0.993465
0.155358 0.993486
0.155525 0.993508
0.155692 0.993529
0.15586 0.993549
0.156028 0.99357
0.156196 0.993591
0.156364 0.993611
0.156533 0.993631
0.156701 0.99365
0.156871 0.99367
0.15704 0.993689
0.15721 0.993709
0.157379 0.993727
0.15755 0.993746
0.15772 0.993765
0.157891 0.993783
0.158062 0.993801
0.158233 0.993819
0.158404 0.993837
0.158576 0.993855
0.158748 0.993872
0.158921 0.993889
0.159093 0.993906
0.159266 0.993923
0.159439 0.99394
0.159613 0.993956
0.159786 0.993972
0.15996 0.993989
0.160135 0.994005
0.160309 0.99402
0.160484 0.994036
0.160659 0.994051
0.160834 0.994067
0.16101 0.994082
0.161186 0.994097
0.161362 0.994111
0.161539 0.994126
0.161716 0.994141
0.161893 0.994155
0.16207 0.994169
0.162248 0.994183
0.162426 0.994197
0.162604 0.994211
0.162783 0.994224
0.162962 0.994237
0.163141 0.994251
0.163321 0.994264
0.1635 0.994277
0.163681 0.99429
0.163861 0.994302
0.164042 0.994315
0.164223 0.994327
0.164404 0.994339
0.164586 0.994352
0.164768 0.994364
0.16495 0.994375
0.165133 0.994387
0.165316 0.994399
0.165499 0.99441
0.165683 0.994421
0.165867 0.994433
0.166051 0.994444
0.166235 0.994455
0.16642 0.994465
0.166606 0.994476
0.166791 0.994487
0.166977 0.994497
0.167163 0.994507
0.16735 0.994518
0.167537 0.994528
0.167724 0.994538
0.167912 0.994547
0.1681 0.994557
0.168288 0.994567
0.168476 0.994576
0.168665 0.994586
0.168855 0.994595
0.169044 0.994604
0.169234 0.994613
0.169425 0.994622
0.169616 0.994631
0.169807 0.99464
0.169998 0.994648
0.17019 0.994657
0.170382 0.994665
0.170575 0.994673
0.170768 0.994682
0.170961 0.99469
0.171154 0.994698
0.171348 0.994705
0.171543 0.994713
0.171738 0.994721
0.171933 0.994728
0.172128 0.994736
0.172324 0.994743
0.17252 0.994751
0.172717 0.994758
0.172914 0.994765
0.173112 0.994772
0.17331 0.994779
0.173508 0.994786
0.173706 0.994792
0.173905 0.994799
0.174105 0.994805
0.174305 0.994812
0.174505 0.994818
0.174706 0.994824
0.174907 0.994831
0.175108 0.994837
0.17531 0.994843
0.175512 0.994849
0.175715 0.994854
0.175918 0.99486
0.176121 0.994866
0.176325 0.994871
0.17653 0.994877
0.176735 0.994882
0.17694 0.994887
0.177146 0.994893
0.177352 0.994898
0.177558 0.994903
0.177765 0.994908
0.177973 0.994913
0.17818 0.994917
0.178389 0.994922
0.178597 0.994927
0.178807 0.994931
0.179016 0.994936
0.179226 0.99494
0.179437 0.994944
0.179648 0.994949
0.179859 0.994953
0.180071 0.994957
0.180284 0.994961
0.180497 0.994965
0.18071 0.994969
0.180924 0.994973
0.181138 0.994976
0.181353 0.99498
0.181568 0.994983
0.181784 0.994987
0.182 0.99499
0.182217 0.994994
0.182434 0.994997
0.182652 0.995
0.18287 0.995003
0.183089 0.995006
0.183308 0.995009
0.183527 0.995012
0.183748 0.995015
0.183968 0.995018
0.18419 0.995021
0.184411 0.995023
0.184634 0.995026
0.184856 0.995028
0.18508 0.995031
0.185304 0.995033
0.185528 0.995035
0.185753 0.995038
0.185978 0.99504
0.186204 0.995042
0.186431 0.995044
0.186658 0.995046
0.186886 0.995048
0.187114 0.995049
0.187343 0.995051
0.187572 0.995053
0.187802 0.995054
0.188032 0.995056
0.188263 0.995058
0.188495 0.995059
0.188727 0.99506
0.188959 0.995062
0.189193 0.995063
0.189427 0.995064
0.189661 0.995065
0.189896 0.995066
0.190132 0.995067
0.190368 0.995068
0.190605 0.995069
0.190842 0.99507
0.19108 0.99507
0.191319 0.995071
0.191558 0.995072
0.191798 0.995072
0.192038 0.995073
0.19228 0.995073
0.192521 0.995074
0.192764 0.995074
0.193007 0.995074
0.19325 0.995074
0.193495 0.995074
0.193739 0.995074
0.193985 0.995074
0.194231 0.995074
0.194478 0.995074
0.194726 0.995074
0.194974 0.995074
0.195223 0.995073
0.195472 0.995073
0.195723 0.995073
0.195973 0.995072
0.196225 0.995072
0.196477 0.995071
0.19673 0.99507
0.196984 0.99507
0.197238 0.995069
0.197493 0.995068
0.197749 0.995067
0.198006 0.995066
0.198263 0.995065
0.198521 0.995064
0.198779 0.995063
0.199039 0.995062
0.199299 0.99506
0.19956 0.995059
0.199821 0.995058
0.200084 0.995056
0.200347 0.995055
0.200611 0.995053
0.200875 0.995052
0.201141 0.99505
0.201407 0.995048
0.201674 0.995047
0.201941 0.995045
0.20221 0.995043
0.202479 0.995041
0.202749 0.995039
0.20302 0.995037
0.203291 0.995035
0.203564 0.995033
0.203837 0.99503
0.204111 0.995028
0.204386 0.995026
0.204662 0.995023
0.204938 0.995021
0.205216 0.995018
0.205494 0.995016
0.205773 0.995013
0.206053 0.99501
0.206334 0.995008
0.206615 0.995005
0.206898 0.995002
0.207181 0.994999
0.207465 0.994996
0.207751 0.994993
0.208037 0.99499
0.208324 0.994987
0.208611 0.994983
0.2089 0.99498
0.20919 0.994977
0.20948 0.994973
0.209772 0.99497
0.210064 0.994967
0.210357 0.994963
0.210652 0.994959
0.210947 0.994956
0.211243 0.994952
0.21154 0.994948
0.211838 0.994944
0.212137 0.99494
0.212437 0.994936
0.212738 0.994932
0.21304 0.994928
0.213343 0.994924
0.213647 0.99492
0.213952 0.994915
0.214258 0.994911
0.214565 0.994907
0.214873 0.994902
0.215183 0.994898
0.215493 0.994893
0.215804 0.994888
0.216116 0.994884
0.216429 0.994879
0.216744 0.994874
0.217059 0.994869
0.217376 0.994864
0.217693 0.994859
0.218012 0.994854
0.218332 0.994849
0.218653 0.994844
0.218975 0.994839
0.219298 0.994833
0.219622 0.994828
0.219947 0.994822
0.220274 0.994817
0.220601 0.994811
0.22093 0.994806
0.22126 0.9948
0.221592 0.994794
0.221924 0.994788
0.222257 0.994783
0.222592 0.994777
0.222928 0.994771
0.223265 0.994764
0.223604 0.994758
0.223943 0.994752
0.224284 0.994746
0.224626 0.994739
0.22497 0.994733
0.225314 0.994727
0.22566 0.99472
0.226007 0.994713
0.226356 0.994707
0.226706 0.9947
0.227057 0.994693
0.227409 0.994686
0.227763 0.994679
0.228118 0.994672
0.228474 0.994665
0.228832 0.994658
0.229191 0.994651
0.229551 0.994643
0.229913 0.994636
0.230277 0.994629
0.230641 0.994621
0.231007 0.994613
0.231375 0.994606
0.231744 0.994598
0.232114 0.99459
0.232486 0.994582
0.232859 0.994574
0.233233 0.994566
0.23361 0.994558
0.233987 0.99455
0.234366 0.994542
0.234747 0.994534
0.235129 0.994525
0.235513 0.994517
0.235898 0.994508
0.236285 0.994499
0.236673 0.994491
0.237063 0.994482
0.237455 0.994473
0.237848 0.994464
0.238242 0.994455
0.238639 0.994446
0.239037 0.994437
0.239436 0.994428
0.239837 0.994418
0.24024 0.994409
0.240645 0.994399
0.241051 0.99439
0.241459 0.99438
0.241869 0.99437
0.24228 0.99436
0.242693 0.99435
0.243108 0.99434
0.243525 0.99433
0.243943 0.99432
0.244363 0.99431
0.244785 0.9943
0.245209 0.994289
0.245635 0.994279
0.246062 0.994268
0.246492 0.994257
0.246923 0.994246
0.247356 0.994235
0.247791 0.994225
0.248228 0.994213
0.248666 0.994202
0.249107 0.994191
0.24955 0.99418
0.249994 0.994168
0.250441 0.994157
0.25089 0.994145
0.25134 0.994133
0.251793 0.994121
0.252248 0.994109
0.252704 0.994097
0.253163 0.994085
0.253624 0.994073
0.254087 0.994061
0.254552 0.994048
0.255019 0.994036
0.255489 0.994023
0.25596 0.99401
0.256434 0.993997
0.25691 0.993984
0.257388 0.993971
0.257868 0.993958
0.258351 0.993945
0.258836 0.993931
0.259323 0.993918
0.259812 0.993904
0.260304 0.99389
0.260798 0.993877
0.261295 0.993863
0.261793 0.993848
0.262295 0.993834
0.262798 0.99382
0.263304 0.993805
0.263813 0.993791
0.264324 0.993776
0.264837 0.993761
0.265353 0.993746
0.265872 0.993731
0.266393 0.993716
0.266916 0.993701
0.267442 0.993686
0.267971 0.99367
0.268502 0.993654
0.269036 0.993638
0.269573 0.993623
0.270112 0.993606
0.270654 0.99359
0.271199 0.993574
0.271747 0.993557
0.272297 0.993541
0.27285 0.993524
0.273406 0.993507
0.273965 0.99349
0.274526 0.993473
0.275091 0.993456
0.275658 0.993438
0.276228 0.99342
0.276802 0.993403
0.277378 0.993385
0.277957 0.993367
0.278539 0.993348
0.279125 0.99333
0.279713 0.993311
0.280305 0.993293
0.280899 0.993274
0.281497 0.993255
0.282098 0.993236
0.282702 0.993216
0.283309 0.993197
0.28392 0.993177
0.284534 0.993157
0.285151 0.993137
0.285771 0.993117
0.286395 0.993097
0.287023 0.993076
0.287653 0.993056
0.288287 0.993035
0.288925 0.993014
0.289566 0.992992
0.290211 0.992971
0.290859 0.992949
0.291511 0.992927
0.292166 0.992905
0.292825 0.992883
0.293488 0.992861
0.294154 0.992838
0.294824 0.992815
0.295498 0.992792
0.296176 0.992769
0.296858 0.992746
0.297543 0.992722
0.298232 0.992698
0.298926 0.992674
0.299623 0.99265
0.300324 0.992626
0.30103 0.992601
0.301739 0.992576
0.302452 0.992551
0.30317 0.992525
0.303892 0.9925
0.304618 0.992474
0.305348 0.992448
0.306082 0.992422
0.306821 0.992395
0.307564 0.992368
0.308312 0.992341
0.309064 0.992314
0.309821 0.992287
0.310581 0.992259
0.311347 0.992231
0.312117 0.992202
0.312892 0.992174
0.313671 0.992145
0.314455 0.992116
0.315244 0.992086
0.316038 0.992057
0.316836 0.992027
0.317639 0.991997
0.318447 0.991966
0.319261 0.991935
0.320079 0.991904
0.320902 0.991873
0.32173 0.991841
0.322563 0.991809
0.323402 0.991777
0.324246 0.991744
0.325095 0.991711
0.325949 0.991678
0.326809 0.991644
0.327674 0.99161
0.328544 0.991576
0.32942 0.991541
0.330302 0.991506
0.331189 0.991471
0.332081 0.991435
0.33298 0.991399
0.333884 0.991363
0.334794 0.991326
0.33571 0.991289
0.336631 0.991252
0.337559 0.991214
0.338492 0.991176
0.339432 0.991137
0.340378 0.991098
0.341329 0.991058
0.342287 0.991019
0.343252 0.990978
0.344222 0.990938
0.345199 0.990897
0.346182 0.990855
0.347172 0.990813
0.348169 0.990771
0.349171 0.990728
0.350181 0.990684
0.351197 0.990641
0.35222 0.990596
0.35325 0.990552
0.354287 0.990506
0.35533 0.990461
0.356381 0.990415
0.357438 0.990368
0.358503 0.990321
0.359575 0.990273
0.360654 0.990225
0.36174 0.990176
0.362834 0.990127
0.363935 0.990077
0.365044 0.990027
0.36616 0.989976
0.367284 0.989924
0.368416 0.989872
0.369555 0.989819
0.370702 0.989766
0.371857 0.989712
0.37302 0.989658
0.37419 0.989602
0.375369 0.989547
0.376556 0.98949
0.377751 0.989433
0.378955 0.989375
0.380167 0.989317
0.381387 0.989258
0.382616 0.989198
0.383853 0.989138
0.385099 0.989076
0.386353 0.989015
0.387617 0.988952
0.388889 0.988889
0.39017 0.988824
0.39146 0.988759
0.392759 0.988694
0.394067 0.988627
0.395384 0.98856
0.396711 0.988492
0.398047 0.988423
0.399392 0.988353
0.400747 0.988282
0.402111 0.988211
0.403485 0.988138
0.404868 0.988065
0.406262 0.98799
0.407665 0.987915
0.409078 0.987839
0.410501 0.987762
0.411934 0.987684
0.413377 0.987605
0.41483 0.987524
0.416294 0.987443
0.417768 0.987361
0.419252 0.987278
0.420747 0.987193
0.422253 0.987108
0.423769 0.987021
0.425296 0.986934
0.426833 0.986845
0.428382 0.986755
0.429941 0.986663
0.431511 0.986571
0.433093 0.986477
0.434685 0.986382
0.436289 0.986286
0.437904 0.986188
0.43953 0.986089
0.441168 0.985989
0.442817 0.985887
0.444477 0.985784
0.44615 0.98568
0.447833 0.985574
0.449529 0.985466
0.451236 0.985357
0.452956 0.985247
0.454687 0.985135
0.45643 0.985021
0.458185 0.984906
0.459952 0.984789
0.461731 0.984671
0.463523 0.98455
0.465326 0.984428
0.467142 0.984305
0.468971 0.984179
0.470811 0.984052
0.472665 0.983922
0.47453 0.983791
0.476408 0.983658
0.478299 0.983523
0.480202 0.983386
0.482118 0.983247
0.484046 0.983106
0.485988 0.982962
0.487942 0.982817
0.489908 0.982669
0.491888 0.982519
0.49388 0.982367
0.495885 0.982212
0.497903 0.982056
0.499933 0.981896
0.501977 0.981734
0.504033 0.98157
0.506103 0.981403
0.508185 0.981234
0.51028 0.981062
0.512387 0.980887
0.514508 0.980709
0.516641 0.980529
0.518788 0.980345
0.520947 0.980159
0.523118 0.97997
0.525303 0.979778
0.5275 0.979582
0.52971 0.979384
0.531932 0.979182
0.534167 0.978977
0.536415 0.978769
0.538675 0.978557
0.540947 0.978342
0.543232 0.978123
0.545529 0.9779
0.547838 0.977674
0.550159 0.977445
0.552492 0.977211
0.554837 0.976973
0.557194 0.976732
0.559563 0.976486
0.561943 0.976236
0.564334 0.975982
0.566737 0.975724
0.569152 0.975461
0.571577 0.975194
0.574013 0.974922
0.57646 0.974646
0.578918 0.974364
0.581386 0.974078
0.583865 0.973787
0.586354 0.973491
0.588852 0.97319
0.591361 0.972884
0.593879 0.972572
0.596407 0.972254
0.598943 0.971932
0.601489 0.971603
0.604043 0.971269
0.606606 0.970929
0.609178 0.970582
0.611757 0.97023
0.614344 0.969871
0.616939 0.969506
0.619541 0.969135
0.62215 0.968757
0.624766 0.968372
0.627389 0.96798
0.630017 0.967581
0.632652 0.967175
0.635292 0.966762
0.637937 0.966341
0.640588 0.965912
0.643243 0.965476
0.645903 0.965032
0.648566 0.96458
0.651233 0.964119
0.653904 0.963651
0.656578 0.963173
0.659254 0.962687
0.661933 0.962192
0.664613 0.961688
0.667295 0.961175
0.669979 0.960652
0.672663 0.96012
0.675347 0.959578
0.678032 0.959026
0.680716 0.958464
0.6834 0.957892
0.686083 0.957309
0.688764 0.956716
0.691443 0.956111
0.69412 0.955496
0.696794 0.954869
0.699465 0.95423
0.702133 0.95358
0.704797 0.952918
0.707456 0.952244
0.710111 0.951557
0.712761 0.950857
0.715405 0.950145
0.718043 0.94942
0.720674 0.948681
0.723299 0.947929
0.725917 0.947163
0.728527 0.946383
0.73113 0.945589
0.733723 0.94478
0.736309 0.943956
0.738884 0.943117
0.741451 0.942263
0.744007 0.941394
0.746553 0.940508
0.749089 0.939607
0.751613 0.938689
0.754126 0.937754
0.756627 0.936803
0.759116 0.935834
0.761592 0.934848
0.764055 0.933845
0.766505 0.932823
0.768942 0.931783
0.771365 0.930724
0.773773 0.929646
0.776167 0.928549
0.778547 0.927433
0.780911 0.926297
0.783259 0.92514
0.785592 0.923964
0.787909 0.922766
0.79021 0.921548
0.792494 0.920308
0.794761 0.919047
0.797011 0.917763
0.799244 0.916458
0.80146 0.91513
0.803658 0.913779
0.805838 0.912405
0.808 0.911007
0.810144 0.909585
0.812269 0.90814
0.814376 0.90667
0.816463 0.905175
0.818532 0.903655
0.820582 0.902109
0.822613 0.900538
0.824624 0.89894
0.826616 0.897317
0.828588 0.895666
0.830541 0.893989
0.832474 0.892284
0.834387 0.890552
0.83628 0.888791
0.838153 0.887002
0.840006 0.885185
0.84184 0.883339
0.843653 0.881463
0.845446 0.879558
0.847219 0.877623
0.848971 0.875658
0.850704 0.873663
0.852417 0.871637
0.854109 0.869579
0.855781 0.867491
0.857434 0.865371
0.859066 0.863219
0.860678 0.861034
0.862271 0.858818
0.863843 0.856568
0.865396 0.854286
0.866929 0.85197
0.868442 0.849621
0.869935 0.847238
0.871409 0.844821
0.872864 0.84237
0.874299 0.839884
0.875715 0.837364
0.877112 0.834809
0.87849 0.832218
0.879849 0.829593
0.881189 0.826932
0.88251 0.824235
0.883813 0.821502
0.885098 0.818733
0.886364 0.815928
0.887612 0.813087
0.888842 0.810209
0.890054 0.807294
0.891248 0.804343
0.892425 0.801355
0.893584 0.79833
0.894726 0.795267
0.895851 0.792168
0.896959 0.789031
0.89805 0.785857
0.899125 0.782646
0.900182 0.779398
0.901224 0.776112
0.902249 0.772789
0.903258 0.769428
0.904252 0.76603
0.905229 0.762595
0.906192 0.759122
0.907138 0.755613
0.90807 0.752066
0.908986 0.748482
0.909888 0.744862
0.910775 0.741204
0.911647 0.737511
0.912505 0.73378
0.913349 0.730014
0.914178 0.726211
0.914994 0.722373
0.915796 0.718499
0.916585 0.71459
0.91736 0.710645
0.918122 0.706666
0.918871 0.702653
0.919606 0.698605
0.92033 0.694523
0.92104 0.690409
0.921738 0.686261
0.922424 0.68208
0.923098 0.677867
0.923759 0.673623
0.924409 0.669347
0.925048 0.66504
0.925674 0.660703
0.92629 0.656337
0.926894 0.651941
0.927487 0.647516
0.92807 0.643063
0.928641 0.638583
0.929202 0.634076
0.929752 0.629543
0.930292 0.624984
0.930822 0.6204
0.931342 0.615793
0.931852 0.611161
0.932352 0.606508
0.932842 0.601832
0.933323 0.597135
0.933795 0.592417
0.934257 0.587681
0.93471 0.582925
0.935154 0.578152
0.93559 0.573361
0.936016 0.568555
0.936434 0.563733
0.936843 0.558897
0.937244 0.554047
0.937637 0.549186
0.938022 0.544312
0.938398 0.539428
0.938767 0.534535
0.939128 0.529633
0.939481 0.524724
0.939826 0.519808
0.940164 0.514886
0.940495 0.50996
0.940818 0.50503
0.941134 0.500098
0.941443 0.495165
0.941746 0.490231
0.942041 0.485298
0.942329 0.480367
0.942611 0.475439
0.942887 0.470514
0.943156 0.465594
0.943418 0.460681
0.943674 0.455774
0.943924 0.450876
0.944168 0.445986
0.944406 0.441107
0.944638 0.436239
0.944864 0.431384
0.945084 0.426541
0.945299 0.421713
0.945508 0.4169
0.945712 0.412104
0.94591 0.407325
0.946103 0.402564
0.946291 0.397822
0.946473 0.393101
0.946651 0.3884
0.946823 0.383721
0.94699 0.379066
0.947153 0.374434
0.947311 0.369827
0.947464 0.365245
0.947612 0.36069
0.947756 0.356161
0.947895 0.351661
0.94803 0.347189
0.948161 0.342746
0.948287 0.338334
0.948409 0.333952
0.948526 0.329602
0.94864 0.325284
0.94875 0.320999
0.948855 0.316747
0.948957 0.312529
0.949055 0.308345
0.949149 0.304197
0.949239 0.300084
0.949326 0.296006
0.949409 0.291966
0.949489 0.287962
0.949565 0.283995
0.949637 0.280066
0.949707 0.276175
0.949772 0.272322
0.949835 0.268508
0.949894 0.264733
0.949951 0.260997
0.950004 0.2573
0.950054 0.253643
0.950101 0.250025
0.950145 0.246448
0.950186 0.24291
0.950224 0.239413
0.950259 0.235956
0.950292 0.232539
0.950322 0.229162
0.950349 0.225826
0.950374 0.22253
0.950396 0.219275
0.950415 0.21606
0.950432 0.212885
0.950446 0.20975
0.950458 0.206656
0.950468 0.203602
0.950475 0.200587
0.95048 0.197612
0.950483 0.194677
0.950484 0.191781
0.950482 0.188924
0.950478 0.186107
0.950473 0.183328
0.950465 0.180588
0.950455 0.177886
0.950443 0.175223
0.950429 0.172597
0.950413 0.170009
0.950395 0.167458
0.950376 0.164944
0.950354 0.162467
0.950331 0.160026
0.950306 0.157621
0.95028 0.155252
0.950251 0.152919
0.950221 0.15062
0.950189 0.148357
0.950156 0.146127
0.950121 0.143932
0.950085 0.141771
0.950047 0.139643
0.950008 0.137547
0.949967 0.135485
0.949925 0.133454
0.949881 0.131456
0.949836 0.129489
0.94979 0.127553
0.949742 0.125647
0.949693 0.123772
0.949642 0.121927
0.949591 0.120112
0.949538 0.118325
0.949484 0.116568
0.949429 0.114839
0.949372 0.113138
0.949315 0.111464
0.949256 0.109818
0.949197 0.108198
0.949136 0.106605
0.949074 0.105038
0.949011 0.103497
0.948947 0.101981
0.948882 0.100491
0.948817 0.0990244
0.94875 0.0975824
0.948682 0.0961643
0.948613 0.0947697
0.948544 0.0933982
0.948473 0.0920495
0.948402 0.0907232
0.94833 0.0894191
0.948257 0.0881366
0.948183 0.0868756
0.948108 0.0856356
0.948033 0.0844163
0.947957 0.0832174
0.94788 0.0820385
0.947802 0.0808793
0.947724 0.0797396
0.947645 0.0786189
0.947565 0.077517
0.947485 0.0764335
0.947404 0.0753682
0.947322 0.0743208
0.94724 0.0732908
0.947157 0.0722782
0.947073 0.0712824
0.946989 0.0703034
0.946904 0.0693407
0.946819 0.0683941
0.946733 0.0674634
0.946646 0.0665482
0.946559 0.0656483
0.946472 0.0647634
0.946384 0.0638933
0.946295 0.0630377
0.946206 0.0621963
0.946117 0.061369
0.946027 0.0605554
0.945936 0.0597554
0.945846 0.0589686
0.945754 0.0581949
0.945663 0.057434
0.94557 0.0566857
0.945478 0.0559498
0.945385 0.0552261
0.945292 0.0545142
0.945198 0.0538142
0.945104 0.0531256
0.945009 0.0524484
0.944915 0.0517823
0.944819 0.0511271
0.944724 0.0504827
0.944628 0.0498488
0.944532 0.0492252
0.944435 0.0486118
0.944339 0.0480084
0.944242 0.0474148
0.944144 0.0468308
0.944047 0.0462563
0.943949 0.0456911
0.94385 0.0451351
0.943752 0.044588
0.943653 0.0440497
0.943554 0.04352
0.943455 0.0429989
0.943356 0.0424861
0.943256 0.0419815
0.943156 0.0414849
0.943056 0.0409963
0.942956 0.0405154
0.942855 0.0400422
0.942754 0.0395764
0.942654 0.039118
0.942552 0.0386669
0.942451 0.0382228
0.94235 0.0377857
0.942248 0.0373555
0.942146 0.036932
0.942044 0.0365151
0.941942 0.0361047
0.94184 0.0357007
0.941737 0.035303
0.941635 0.0349114
0.941532 0.0345259
0.941429 0.0341463
0.941326 0.0337726
0.941223 0.0334046
0.94112 0.0330422
0.941017 0.0326854
0.940913 0.032334
0.94081 0.031988
0.940706 0.0316472
0.940602 0.0313116
0.940498 0.030981
0.940394 0.0306555
0.94029 0.0303348
0.940186 0.030019
0.940082 0.0297078
0.939978 0.0294014
0.939874 0.0290995
0.939769 0.028802
0.939665 0.028509
0.93956 0.0282204
0.939456 0.027936
0.939351 0.0276557
0.939246 0.0273797
0.939141 0.0271076
0.939037 0.0268395
0.938932 0.0265754
0.938827 0.026315
0.938722 0.0260585
0.938617 0.0258057
0.938512 0.0255565
0.938407 0.0253109
0.938302 0.0250689
0.938197 0.0248303
0.938092 0.0245951
0.937987 0.0243633
0.937882 0.0241348
0.937777 0.0239095
0.937672 0.0236875
0.937566 0.0234685
0.937461 0.0232527
0.937356 0.0230399
0.937251 0.02283
0.937146 0.0226231
0.937041 0.0224191
0.936936 0.0222179
0.93683 0.0220195
0.936725 0.0218239
0.93662 0.021631
0.936515 0.0214407
0.93641 0.021253
0.936305 0.0210679
0.9362 0.0208854
0.936095 0.0207053
0.93599 0.0205277
0.935885 0.0203525
0.93578 0.0201796
0.935675 0.0200091
0.93557 0.0198409
0.935466 0.019675
0.935361 0.0195113
0.935256 0.0193497
0.935151 0.0191903
0.935047 0.0190331
0.934942 0.0188779
0.934837 0.0187248
0.934733 0.0185736
0.934628 0.0184245
0.934524 0.0182774
0.934419 0.0181321
0.934315 0.0179888
0.934211 0.0178473
0.934106 0.0177077
0.934002 0.0175698
0.933898 0.0174338
0.933794 0.0172995
0.93369 0.017167
0.933586 0.0170361
0.933482 0.0169069
0.933378 0.0167794
0.933275 0.0166535
0.933171 0.0165291
0.933067 0.0164064
0.932964 0.0162852
0.93286 0.0161656
0.932757 0.0160474
0.932653 0.0159307
0.93255 0.0158155
0.932447 0.0157017
0.932344 0.0155894
0.93224 0.0154784
0.932137 0.0153688
0.932035 0.0152606
0.931932 0.0151537
0.931829 0.0150481
0.931726 0.0149438
0.931624 0.0148408
0.931521 0.014739
0.931419 0.0146385
0.931316 0.0145392
0.931214 0.0144411
0.931112 0.0143441
0.93101 0.0142484
0.930908 0.0141538
0.930806 0.0140603
0.930704 0.013968
0.930602 0.0138768
0.9305 0.0137866
0.930399 0.0136975
0.930297 0.0136095
0.930196 0.0135225
0.930094 0.0134365
0.929993 0.0133516
0.929892 0.0132676
0.929791 0.0131847
0.92969 0.0131027
0.929589 0.0130216
0.929488 0.0129415
0.929388 0.0128623
0.929287 0.0127841
0.929187 0.0127067
0.929086 0.0126302
0.928986 0.0125546
0.928886 0.0124799
0.928786 0.0124061
0.928686 0.012333
0.928586 0.0122608
0.928486 0.0121895
0.928386 0.0121189
0.928287 0.0120491
0.928187 0.0119801
0.928088 0.0119119
0.927989 0.0118445
0.927889 0.0117778
0.92779 0.0117119
0.927691 0.0116467
0.927593 0.0115822
0.927494 0.0115184
0.927395 0.0114554
0.927297 0.011393
0.927198 0.0113313
0.9271 0.0112703
0.927002 0.01121
0.926903 0.0111503
0.926805 0.0110913
0.926708 0.011033
0.92661 0.0109752
0.926512 0.0109181
0.926414 0.0108616
0.926317 0.0108058
0.92622 0.0107505
0.926122 0.0106958
0.926025 0.0106417
0.925928 0.0105882
0.925831 0.0105352
0.925734 0.0104829
0.925638 0.010431
0.925541 0.0103798
0.925445 0.0103291
0.925348 0.0102789
0.925252 0.0102292
0.925156 0.0101801
0.92506 0.0101315
0.924964 0.0100833
0.924868 0.0100357
0.924772 0.00998864
0.924677 0.00994203
0.924581 0.0098959
0.924486 0.00985025
0.924391 0.00980507
0.924295 0.00976036
0.9242 0.00971612
0.924105 0.00967233
0.924011 0.00962899
0.923916 0.00958609
0.923821 0.00954364
0.923727 0.00950162
0.923632 0.00946003
0.923538 0.00941886
0.923444 0.00937811
0.92335 0.00933778
0.923256 0.00929785
0.923162 0.00925833
0.923069 0.00921921
0.922975 0.00918048
0.922882 0.00914214
0.922788 0.00910419
0.922695 0.00906661
0.922602 0.00902941
0.922509 0.00899259
0.922416 0.00895613
0.922323 0.00892003
0.922231 0.0088843
0.922138 0.00884891
0.922046 0.00881388
0.921954 0.0087792
0.921861 0.00874485
0.921769 0.00871085
0.921677 0.00867718
0.921586 0.00864384
0.921494 0.00861082
0.921402 0.00857813
0.921311 0.00854576
0.921219 0.0085137
0.921128 0.00848196
0.921037 0.00845053
0.920946 0.0084194
0.920855 0.00838857
0.920764 0.00835804
0.920674 0.0083278
0.920583 0.00829786
0.920493 0.0082682
0.920402 0.00823883
0.920312 0.00820975
0.920222 0.00818094
0.920132 0.0081524
0.920042 0.00812414
0.919952 0.00809615
0.919863 0.00806843
0.919773 0.00804097
0.919684 0.00801377
0.919594 0.00798683
0.919505 0.00796014
0.919416 0.00793371
0.919327 0.00790752
0.919238 0.00788159
0.91915 0.00785589
0.919061 0.00783044
0.918973 0.00780523
0.918884 0.00778026
0.918796 0.00775552
0.918708 0.00773101
0.91862 0.00770673
0.918532 0.00768267
0.918444 0.00765884
0.918356 0.00763524
0.918269 0.00761185
0.918181 0.00758868
0.918094 0.00756572
0.918007 0.00754298
0.917919 0.00752045
0.917832 0.00749813
0.917746 0.00747601
0.917659 0.00745409
0.917572 0.00743238
0.917486 0.00741087
0.917399 0.00738956
0.917313 0.00736844
0.917227 0.00734751
0.91714 0.00732678
0.917054 0.00730624
0.916969 0.00728588
0.916883 0.00726571
0.916797 0.00724573
0.916712 0.00722592
0.916626 0.0072063
0.916541 0.00718686
0.916456 0.00716759
0.916371 0.0071485
0.916286 0.00712958
0.916201 0.00711083
0.916116 0.00709225
0.916031 0.00707384
0.915947 0.0070556
0.915862 0.00703752
0.915778 0.0070196
0.915694 0.00700185
0.91561 0.00698426
0.915526 0.00696682
0.915442 0.00694954
0.915358 0.00693242
0.915274 0.00691545
0.915191 0.00689863
0.915108 0.00688197
0.915024 0.00686545
0.914941 0.00684908
0.914858 0.00683286
0.914775 0.00681678
0.914692 0.00680085
0.914609 0.00678505
0.914527 0.0067694
0.914444 0.00675389
0.914362 0.00673852
0.914279 0.00672329
0.914197 0.00670819
0.914115 0.00669322
0.914033 0.00667839
0.913951 0.00666369
0.913869 0.00664912
0.913788 0.00663468
0.913706 0.00662037
0.913624 0.00660618
0.913543 0.00659212
0.913462 0.00657819
0.913381 0.00656438
0.9133 0.00655069
0.913219 0.00653712
0.913138 0.00652367
0.913057 0.00651035
0.912977 0.00649714
0.912896 0.00648404
0.912816 0.00647107
0.912735 0.0064582
0.912655 0.00644545
0.912575 0.00643282
0.912495 0.00642029
0.912415 0.00640788
0.912336 0.00639558
0.912256 0.00638338
0.912176 0.00637129
0.912097 0.00635931
0.912017 0.00634744
0.911938 0.00633567
0.911859 0.006324
0.91178 0.00631244
0.911701 0.00630097
0.911622 0.00628961
0.911544 0.00627835
0.911465 0.00626719
0.911386 0.00625613
0.911308 0.00624517
0.91123 0.0062343
0.911152 0.00622353
0.911073 0.00621285
0.910995 0.00620227
0.910918 0.00619178
0.91084 0.00618139
0.910762 0.00617108
0.910684 0.00616087
0.910607 0.00615075
0.91053 0.00614071
0.910452 0.00613077
0.910375 0.00612091
0.910298 0.00611114
0.910221 0.00610146
0.910144 0.00609186
0.910067 0.00608235
0.909991 0.00607292
0.909914 0.00606358
0.909838 0.00605432
0.909761 0.00604514
0.909685 0.00603604
0.909609 0.00602703
0.909533 0.00601809
0.909457 0.00600923
0.909381 0.00600045
0.909305 0.00599175
0.909229 0.00598313
0.909154 0.00597459
0.909078 0.00596612
0.909003 0.00595772
0.908928 0.00594941
0.908852 0.00594116
0.908777 0.00593299
0.908702 0.00592489
0.908627 0.00591687
0.908553 0.00590892
0.908478 0.00590103
0.908403 0.00589322
0.908329 0.00588548
0.908254 0.00587781
0.90818 0.00587021
0.908106 0.00586268
0.908032 0.00585521
0.907958 0.00584782
0.907884 0.00584048
0.90781 0.00583322
0.907736 0.00582602
0.907662 0.00581889
0.907589 0.00581182
0.907515 0.00580482
0.907442 0.00579788
0.907369 0.005791
0.907295 0.00578418
0.907222 0.00577743
0.907149 0.00577074
0.907076 0.00576411
0.907004 0.00575755
0.906931 0.00575104
0.906858 0.00574459
0.906786 0.0057382
0.906713 0.00573187
0.906641 0.0057256
0.906569 0.00571939
0.906497 0.00571323
0.906425 0.00570713
0.906353 0.00570109
0.906281 0.00569511
0.906209 0.00568918
0.906137 0.0056833
0.906066 0.00567748
0.905994 0.00567172
0.905923 0.00566601
0.905851 0.00566035
0.90578 0.00565475
0.905709 0.0056492
0.905638 0.0056437
0.905567 0.00563825
0.905496 0.00563286
0.905425 0.00562752
0.905354 0.00562222
0.905284 0.00561698
0.905213 0.00561179
0.905143 0.00560665
0.905073 0.00560156
0.905002 0.00559652
0.904932 0.00559152
0.904862 0.00558658
0.904792 0.00558168
0.904722 0.00557683
0.904652 0.00557202
0.904583 0.00556727
0.904513 0.00556256
0.904443 0.0055579
0.904374 0.00555328
0.904304 0.00554871
0.904235 0.00554418
0.904166 0.0055397
0.904097 0.00553526
0.904028 0.00553087
0.903959 0.00552652
0.90389 0.00552221
0.903821 0.00551795
0.903753 0.00551373
0.903684 0.00550956
0.903615 0.00550542
0.903547 0.00550133
0.903479 0.00549728
0.90341 0.00549327
0.903342 0.0054893
0.903274 0.00548538
0.903206 0.00548149
0.903138 0.00547764
0.90307 0.00547384
0.903002 0.00547007
0.902935 0.00546634
0.902867 0.00546266
0.9028 0.00545901
0.902732 0.0054554
0.902665 0.00545182
0.902598 0.00544829
0.90253 0.00544479
0.902463 0.00544134
0.902396 0.00543791
0.902329 0.00543453
0.902263 0.00543118
0.902196 0.00542787
0.902129 0.0054246
0.902062 0.00542136
0.901996 0.00541815
0.90193 0.00541499
0.901863 0.00541185
0.901797 0.00540876
0.901731 0.00540569
0.901665 0.00540266
0.901598 0.00539967
0.901533 0.00539671
0.901467 0.00539378
0.901401 0.00539089
0.901335 0.00538803
0.901269 0.0053852
0.901204 0.00538241
0.901138 0.00537965
0.901073 0.00537692
0.901008 0.00537423
0.900942 0.00537156
0.900877 0.00536893
0.900812 0.00536633
0.900747 0.00536376
0.900682 0.00536122
0.900617 0.00535871
0.900553 0.00535624
0.900488 0.00535379
0.900423 0.00535137
0.900359 0.00534899
0.900294 0.00534663
0.90023 0.0053443
0.900165 0.00534201
0.900101 0.00533974
0.900037 0.0053375
0.899973 0.00533529
0.899909 0.00533311
0.899845 0.00533096
0.899781 0.00532884
0.899717 0.00532674
0.899654 0.00532467
0.89959 0.00532263
0.899526 0.00532062
0.899463 0.00531863
0.8994 0.00531668
0.899336 0.00531475
0.899273 0.00531284
0.89921 0.00531096
0.899147 0.00530911
0.899084 0.00530729
0.899021 0.00530549
0.898958 0.00530372
0.898895 0.00530197
0.898832 0.00530025
0.89877 0.00529856
0.898707 0.00529689
0.898644 0.00529524
0.898582 0.00529362
0.89852 0.00529203
0.898457 0.00529046
0.898395 0.00528891
0.898333 0.00528739
0.898271 0.0052859
0.898209 0.00528442
0.898147 0.00528297
0.898085 0.00528155
0.898023 0.00528015
0.897961 0.00527877
0.8979 0.00527741
0.897838 0.00527608
0.897777 0.00527477
0.897715 0.00527349
0.897654 0.00527223
0.897592 0.00527099
0.897531 0.00526977
0.89747 0.00526857
0.897409 0.0052674
0.897348 0.00526625
0.897287 0.00526512
0.897226 0.00526401
0.897165 0.00526292
0.897105 0.00526186
0.897044 0.00526081
0.896983 0.00525979
0.896923 0.00525879
0.896862 0.00525781
0.896802 0.00525685
0.896741 0.00525591
0.896681 0.00525499
0.896621 0.00525409
0.896561 0.00525321
0.896501 0.00525236
0.896441 0.00525152
0.896381 0.0052507
0.896321 0.0052499
0.896261 0.00524912
0.896201 0.00524837
0.896142 0.00524763
0.896082 0.00524691
0.896023 0.0052462
0.895963 0.00524552
0.895904 0.00524486
0.895844 0.00524422
0.895785 0.00524359
0.895726 0.00524298
0.895667 0.00524239
0.895608 0.00524182
0.895549 0.00524127
0.89549 0.00524074
0.895431 0.00524022
0.895372 0.00523972
0.895313 0.00523924
0.895255 0.00523878
0.895196 0.00523834
0.895138 0.00523791
0.895079 0.0052375
0.895021 0.00523711
0.894962 0.00523673
0.894904 0.00523637
0.894846 0.00523603
0.894788 0.00523571
0.89473 0.0052354
0.894672 0.00523511
0.894614 0.00523483
0.894556 0.00523457
0.894498 0.00523433
0.89444 0.00523411
0.894382 0.0052339
0.894325 0.0052337
0.894267 0.00523353
0.894209 0.00523336
0.894152 0.00523322
0.894095 0.00523309
0.894037 0.00523297
0.89398 0.00523287
0.893923 0.00523279
0.893866 0.00523272
0.893808 0.00523267
0.893751 0.00523263
0.893694 0.00523261
0.893638 0.0052326
0.893581 0.0052326
0.893524 0.00523262
0.893467 0.00523266
0.89341 0.00523271
0.893354 0.00523278
0.893297 0.00523286
0.893241 0.00523295
0.893184 0.00523306
0.893128 0.00523318
0.893072 0.00523331
0.893015 0.00523347
0.892959 0.00523363
0.892903 0.00523381
0.892847 0.005234
0.892791 0.0052342
0.892735 0.00523442
0.892679 0.00523465
0.892623 0.0052349
0.892567 0.00523516
0.892512 0.00523543
0.892456 0.00523572
0.8924 0.00523602
0.892345 0.00523633
0.892289 0.00523665
0.892234 0.00523699
0.892179 0.00523734
0.892123 0.0052377
0.892068 0.00523808
0.892013 0.00523846
0.891958 0.00523887
0.891903 0.00523928
0.891847 0.0052397
0.891793 0.00524014
0.891738 0.00524059
0.891683 0.00524105
0.891628 0.00524153
0.891573 0.00524201
0.891518 0.00524251
0.891464 0.00524302
0.891409 0.00524354
0.891355 0.00524408
0.8913 0.00524462
0.891246 0.00524518
0.891191 0.00524575
0.891137 0.00524632
0.891083 0.00524692
0.891029 0.00524752
0.890975 0.00524813
0.89092 0.00524876
0.890866 0.00524939
0.890812 0.00525004
0.890758 0.0052507
0.890705 0.00525136
0.890651 0.00525204
0.890597 0.00525273
0.890543 0.00525344
0.89049 0.00525415
0.890436 0.00525487
0.890382 0.0052556
0.890329 0.00525635
0.890276 0.0052571
0.890222 0.00525786
0.890169 0.00525864
0.890116 0.00525942
0.890062 0.00526022
0.890009 0.00526102
0.889956 0.00526184
0.889903 0.00526266
0.88985 0.0052635
0.889797 0.00526434
0.889744 0.0052652
0.889691 0.00526606
0.889638 0.00526694
0.889586 0.00526782
0.889533 0.00526872
0.88948 0.00526962
0.889428 0.00527053
0.889375 0.00527145
0.889323 0.00527239
0.88927 0.00527333
0.889218 0.00527428
0.889165 0.00527524
0.889113 0.0052762
0.889061 0.00527718
0.889009 0.00527817
0.888956 0.00527917
0.888904 0.00528017
0.888852 0.00528118
0.8888 0.00528221
0.888748 0.00528324
0.888697 0.00528428
0.888645 0.00528533
0.888593 0.00528639
0.888541 0.00528745
0.888489 0.00528853
0.888438 0.00528961
0.888386 0.0052907
0.888335 0.0052918
0.888283 0.00529291
0.888232 0.00529403
0.88818 0.00529515
0.888129 0.00529629
0.888078 0.00529743
0.888026 0.00529858
0.887975 0.00529974
0.887924 0.0053009
0.887873 0.00530208
0.887822 0.00530326
0.887771 0.00530445
0.88772 0.00530565
0.887669 0.00530685
0.887618 0.00530807
0.887567 0.00530929
0.887516 0.00531052
0.887466 0.00531176
0.887415 0.005313
0.887364 0.00531425
0.887314 0.00531551
0.887263 0.00531678
0.887213 0.00531805
0.887162 0.00531933
0.887112 0.00532062
0.887062 0.00532192
0.887011 0.00532322
0.886961 0.00532453
0.886911 0.00532585
0.886861 0.00532718
0.88681 0.00532851
0.88676 0.00532985
0.88671 0.00533119
0.88666 0.00533255
0.88661 0.00533391
0.886561 0.00533528
0.886511 0.00533665
0.886461 0.00533803
0.886411 0.00533942
0.886361 0.00534081
0.886312 0.00534221
0.886262 0.00534362
0.886212 0.00534504
0.886163 0.00534646
0.886113 0.00534789
0.886064 0.00534932
0.886015 0.00535076
0.885965 0.00535221
0.885916 0.00535366
0.885867 0.00535512
0.885817 0.00535659
0.885768 0.00535806
0.885719 0.00535954
0.88567 0.00536102
0.885621 0.00536252
0.885572 0.00536401
0.885523 0.00536552
0.885474 0.00536703
0.885425 0.00536854
0.885376 0.00537007
0.885328 0.00537159
0.885279 0.00537313
0.88523 0.00537467
0.885181 0.00537621
0.885133 0.00537776
0.885084 0.00537932
0.885036 0.00538088
0.884987 0.00538245
0.884939 0.00538403
0.88489 0.00538561
0.884842 0.00538719
0.884794 0.00538879
0.884745 0.00539038
0.884697 0.00539199
0.884649 0.00539359
0.884601 0.00539521
0.884553 0.00539683
0.884505 0.00539845
0.884457 0.00540008
0.884409 0.00540172
0.884361 0.00540336
0.884313 0.00540501
0.884265 0.00540666
0.884217 0.00540831
0.884169 0.00540998
0.884121 0.00541164
0.884074 0.00541332
0.884026 0.00541499
0.883978 0.00541668
0.883931 0.00541836
0.883883 0.00542006
0.883836 0.00542175
0.883788 0.00542346
0.883741 0.00542517
0.883693 0.00542688
0.883646 0.0054286
0.883599 0.00543032
0.883552 0.00543205
0.883504 0.00543378
0.883457 0.00543552
0.88341 0.00543726
0.883363 0.005439
0.883316 0.00544076
0.883269 0.00544251
0.883222 0.00544427
0.883175 0.00544604
0.883128 0.00544781
0.883081 0.00544958
0.883034 0.00545136
0.882987 0.00545315
0.882941 0.00545493
0.882894 0.00545673
0.882847 0.00545852
0.882801 0.00546033
0.882754 0.00546213
0.882707 0.00546394
0.882661 0.00546576
0.882614 0.00546758
0.882568 0.0054694
0.882521 0.00547123
0.882475 0.00547306
0.882429 0.0054749
0.882382 0.00547674
0.882336 0.00547858
0.88229 0.00548043
0.882244 0.00548228
0.882197 0.00548414
0.882151 0.005486
0.882105 0.00548787
0.882059 0.00548974
0.882013 0.00549161
0.881967 0.00549349
0.881921 0.00549537
0.881875 0.00549725
0.881829 0.00549914
0.881784 0.00550104
0.881738 0.00550293
0.881692 0.00550483
0.881646 0.00550674
0.881601 0.00550865
0.881555 0.00551056
0.881509 0.00551248
0.881464 0.0055144
0.881418 0.00551632
0.881373 0.00551825
0.881327 0.00552018
0.881282 0.00552211
0.881236 0.00552405
0.881191 0.00552599
0.881146 0.00552794
0.8811 0.00552989
0.881055 0.00553184
0.88101 0.0055338
0.880965 0.00553576
0.88092 0.00553772
0.880874 0.00553969
0.880829 0.00554166
0.880784 0.00554363
0.880739 0.00554561
0.880694 0.00554759
0.880649 0.00554958
0.880604 0.00555156
0.880559 0.00555355
0.880515 0.00555555
0.88047 0.00555755
0.880425 0.00555955
0.88038 0.00556155
0.880336 0.00556356
0.880291 0.00556557
0.880246 0.00556758
0.880202 0.0055696
0.880157 0.00557162
0.880112 0.00557364
0.880068 0.00557567
0.880023 0.0055777
0.879979 0.00557973
0.879935 0.00558177
0.87989 0.00558381
0.879846 0.00558585
0.879801 0.0055879
0.879757 0.00558994
0.879713 0.005592
0.879669 0.00559405
0.879625 0.00559611
0.87958 0.00559817
0.879536 0.00560023
0.879492 0.0056023
0.879448 0.00560437
0.879404 0.00560644
0.87936 0.00560851
0.879316 0.00561059
0.879272 0.00561267
0.879228 0.00561475
0.879184 0.00561684
0.879141 0.00561893
0.879097 0.00562102
0.879053 0.00562311
0.879009 0.00562521
0.878965 0.00562731
0.878922 0.00562941
0.878878 0.00563152
0.878834 0.00563363
0.878791 0.00563574
0.878747 0.00563785
0.878704 0.00563997
0.87866 0.00564209
0.878617 0.00564421
0.878573 0.00564633
0.87853 0.00564846
0.878487 0.00565058
0.878443 0.00565272
0.8784 0.00565485
0.878357 0.00565699
0.878313 0.00565913
0.87827 0.00566127
0.878227 0.00566341
0.878184 0.00566556
0.878141 0.00566771
0.878098 0.00566986
0.878054 0.00567201
0.878011 0.00567417
0.877968 0.00567633
0.877925 0.00567849
0.877882 0.00568065
0.877839 0.00568281
0.877797 0.00568498
0.877754 0.00568715
0.877711 0.00568933
0.877668 0.0056915
0.877625 0.00569368
0.877582 0.00569586
0.87754 0.00569804
0.877497 0.00570022
0.877454 0.00570241
0.877412 0.0057046
0.877369 0.00570679
0.877327 0.00570898
0.877284 0.00571117
0.877241 0.00571337
0.877199 0.00571557
0.877156 0.00571777
0.877114 0.00571997
0.877072 0.00572218
0.877029 0.00572439
0.876987 0.0057266
0.876944 0.00572881
0.876902 0.00573102
0.87686 0.00573324
0.876818 0.00573546
0.876775 0.00573768
0.876733 0.0057399
0.876691 0.00574212
0.876649 0.00574435
0.876607 0.00574658
0.876565 0.00574881
0.876523 0.00575104
0.876481 0.00575327
0.876439 0.00575551
0.876397 0.00575775
0.876355 0.00575999
0.876313 0.00576223
0.876271 0.00576447
0.876229 0.00576672
0.876187 0.00576896
0.876145 0.00577121
0.876104 0.00577346
0.876062 0.00577572
0.87602 0.00577797
0.875978 0.00578023
0.875937 0.00578248
0.875895 0.00578474
0.875853 0.00578701
0.875812 0.00578927
0.87577 0.00579153
0.875729 0.0057938
0.875687 0.00579607
0.875645 0.00579834
0.875604 0.00580061
0.875563 0.00580289
0.875521 0.00580516
0.87548 0.00580744
0.875438 0.00580972
0.875397 0.005812
0.875356 0.00581428
0.875314 0.00581657
0.875273 0.00581885
0.875232 0.00582114
0.875191 0.00582343
0.875149 0.00582572
0.875108 0.00582801
0.875067 0.0058303
0.875026 0.0058326
0.874985 0.0058349
0.874944 0.00583719
0.874903 0.00583949
0.874862 0.0058418
0.874821 0.0058441
0.87478 0.0058464
0.874739 0.00584871
0.874698 0.00585102
0.874657 0.00585333
0.874616 0.00585564
0.874575 0.00585795
0.874534 0.00586026
0.874493 0.00586258
0.874453 0.00586489
0.874412 0.00586721
0.874371 0.00586953
0.87433 0.00587185
0.87429 0.00587417
0.874249 0.0058765
0.874208 0.00587882
0.874168 0.00588115
0.874127 0.00588348
0.874087 0.00588581
0.874046 0.00588814
0.874006 0.00589047
0.873965 0.0058928
0.873925 0.00589514
0.873884 0.00589747
0.873844 0.00589981
0.873803 0.00590215
0.873763 0.00590449
0.873722 0.00590683
0.873682 0.00590917
0.873642 0.00591152
0.873601 0.00591386
0.873561 0.00591621
0.873521 0.00591856
0.873481 0.00592091
0.87344 0.00592326
0.8734 0.00592561
0.87336 0.00592796
0.87332 0.00593032
0.87328 0.00593267
0.87324 0.00593503
0.8732 0.00593739
0.87316 0.00593975
0.87312 0.00594211
0.87308 0.00594447
0.87304 0.00594683
0.873 0.00594919
0.87296 0.00595156
0.87292 0.00595393
0.87288 0.00595629
0.87284 0.00595866
0.8728 0.00596103
0.87276 0.0059634
0.87272 0.00596577
0.872681 0.00596815
0.872641 0.00597052
0.872601 0.0059729
0.872561 0.00597527
0.872522 0.00597765
0.872482 0.00598003
0.872442 0.00598241
0.872403 0.00598479
0.872363 0.00598717
0.872323 0.00598955
0.872284 0.00599194
0.872244 0.00599432
0.872205 0.00599671
0.872165 0.0059991
0.872126 0.00600148
0.872086 0.00600387
0.872047 0.00600626
0.872007 0.00600866
0.871968 0.00601105
0.871928 0.00601344
0.871889 0.00601584
0.87185 0.00601823
0.87181 0.00602063
0.871771 0.00602302
0.871732 0.00602542
0.871692 0.00602782
0.871653 0.00603022
0.871614 0.00603262
0.871574 0.00603503
0.871535 0.00603743
0.871496 0.00603983
0.871457 0.00604224
0.871418 0.00604464
0.871379 0.00604705
0.871339 0.00604946
0.8713 0.00605187
0.871261 0.00605428
0.871222 0.00605669
0.871183 0.0060591
0.871144 0.00606151
0.871105 0.00606393
0.871066 0.00606634
0.871027 0.00606875
0.870988 0.00607117
0.870949 0.00607359
0.87091 0.00607601
0.870872 0.00607842
0.870833 0.00608084
0.870794 0.00608326
0.870755 0.00608568
0.870716 0.00608811
0.870677 0.00609053
0.870639 0.00609295
0.8706 0.00609538
0.870561 0.0060978
0.870522 0.00610023
0.870484 0.00610266
0.870445 0.00610508
0.870406 0.00610751
0.870368 0.00610994
0.870329 0.00611237
0.87029 0.0061148
0.870252 0.00611724
0.870213 0.00611967
0.870175 0.0061221
0.870136 0.00612454
0.870098 0.00612697
0.870059 0.00612941
0.870021 0.00613184
0.869982 0.00613428
0.869944 0.00613672
0.869905 0.00613916
0.869867 0.0061416
0.869828 0.00614404
0.86979 0.00614648
0.869752 0.00614892
0.869713 0.00615137
0.869675 0.00615381
0.869637 0.00615625
0.869598 0.0061587
0.86956 0.00616114
0.869522 0.00616359
0.869483 0.00616604
0.869445 0.00616848
0.869407 0.00617093
0.869369 0.00617338
0.869331 0.00617583
0.869292 0.00617828
0.869254 0.00618073
0.869216 0.00618319
0.869178 0.00618564
0.86914 0.00618809
0.869102 0.00619055
0.869064 0.006193
0.869026 0.00619546
0.868988 0.00619791
0.86895 0.00620037
0.868912 0.00620283
0.868874 0.00620528
0.868836 0.00620774
0.868798 0.0062102
0.86876 0.00621266
0.868722 0.00621512
0.868684 0.00621758
0.868646 0.00622005
0.868608 0.00622251
0.86857 0.00622497
0.868532 0.00622744
0.868494 0.0062299
0.868457 0.00623237
0.868419 0.00623483
0.868381 0.0062373
0.868343 0.00623976
0.868305 0.00624223
0.868268 0.0062447
0.86823 0.00624717
0.868192 0.00624964
0.868155 0.00625211
0.868117 0.00625458
0.868079 0.00625705
0.868041 0.00625952
0.868004 0.006262
0.867966 0.00626447
0.867929 0.00626694
0.867891 0.00626942
0.867853 0.00627189
0.867816 0.00627437
0.867778 0.00627684
0.867741 0.00627932
0.867703 0.0062818
0.867666 0.00628427
0.867628 0.00628675
0.867591 0.00628923
0.867553 0.00629171
0.867516 0.00629419
0.867478 0.00629667
0.867441 0.00629915
0.867403 0.00630163
0.867366 0.00630412
0.867329 0.0063066
0.867291 0.00630908
0.867254 0.00631157
0.867216 0.00631405
0.867179 0.00631653
0.867142 0.00631902
0.867104 0.00632151
0.867067 0.00632399
0.86703 0.00632648
0.866993 0.00632897
0.866955 0.00633145
0.866918 0.00633394
0.866881 0.00633643
0.866844 0.00633892
0.866806 0.00634141
0.866769 0.0063439
0.866732 0.00634639
0.866695 0.00634889
0.866658 0.00635138
0.866621 0.00635387
0.866583 0.00635636
0.866546 0.00635886
0.866509 0.00636135
0.866472 0.00636385
0.866435 0.00636634
0.866398 0.00636884
0.866361 0.00637133
0.866324 0.00637383
0.866287 0.00637633
0.86625 0.00637883
0.866213 0.00638133
0.866176 0.00638382
0.866139 0.00638632
0.866102 0.00638882
0.866065 0.00639132
0.866028 0.00639382
0.865991 0.00639633
0.865954 0.00639883
0.865917 0.00640133
0.86588 0.00640383
0.865843 0.00640633
0.865807 0.00640884
0.86577 0.00641134
0.865733 0.00641385
0.865696 0.00641635
0.865659 0.00641886
0.865622 0.00642136
0.865586 0.00642387
0.865549 0.00642638
0.865512 0.00642888
0.865475 0.00643139
0.865439 0.0064339
0.865402 0.00643641
0.865365 0.00643892
0.865328 0.00644143
0.865292 0.00644394
0.865255 0.00644645
0.865218 0.00644896
0.865182 0.00645147
0.865145 0.00645398
0.865108 0.0064565
0.865072 0.00645901
0.865035 0.00646152
0.864998 0.00646404
0.864962 0.00646655
0.864925 0.00646906
0.864888 0.00647158
0.864852 0.00647409
0.864815 0.00647661
0.864779 0.00647913
0.864742 0.00648164
0.864706 0.00648416
0.864669 0.00648668
0.864633 0.0064892
0.864596 0.00649172
0.86456 0.00649423
0.864523 0.00649675
0.864487 0.00649927
0.86445 0.00650179
0.864414 0.00650432
0.864377 0.00650684
0.864341 0.00650936
0.864304 0.00651188
0.864268 0.0065144
0.864232 0.00651693
0.864195 0.00651945
0.864159 0.00652197
0.864122 0.0065245
0.864086 0.00652702
0.86405 0.00652955
0.864013 0.00653207
0.863977 0.0065346
0.863941 0.00653713
0.863904 0.00653965
0.863868 0.00654218
0.863832 0.00654471
0.863795 0.00654724
0.863759 0.00654976
0.863723 0.00655229
0.863686 0.00655482
0.86365 0.00655735
0.863614 0.00655988
0.863578 0.00656241
0.863542 0.00656494
0.863505 0.00656748
0.863469 0.00657001
0.863433 0.00657254
0.863397 0.00657507
0.86336 0.00657761
0.863324 0.00658014
0.863288 0.00658267
0.863252 0.00658521
0.863216 0.00658774
0.86318 0.00659028
0.863143 0.00659281
0.863107 0.00659535
0.863071 0.00659789
0.863035 0.00660042
0.862999 0.00660296
0.862963 0.0066055
0.862927 0.00660804
0.862891 0.00661057
0.862855 0.00661311
0.862819 0.00661565
0.862783 0.00661819
0.862746 0.00662073
0.86271 0.00662327
0.862674 0.00662582
0.862638 0.00662836
0.862602 0.0066309
0.862566 0.00663344
0.86253 0.00663598
0.862494 0.00663853
0.862458 0.00664107
0.862422 0.00664361
0.862386 0.00664616
0.86235 0.0066487
0.862314 0.00665125
0.862279 0.0066538
0.862243 0.00665634
0.862207 0.00665889
0.862171 0.00666143
0.862135 0.00666398
0.862099 0.00666653
0.862063 0.00666908
0.862027 0.00667163
0.861991 0.00667418
0.861955 0.00667673
0.861919 0.00667928
0.861884 0.00668183
0.861848 0.00668438
0.861812 0.00668693
0.861776 0.00668948
0.86174 0.00669203
0.861704 0.00669458
0.861668 0.00669714
0.861633 0.00669969
0.861597 0.00670224
0.861561 0.0067048
0.861525 0.00670735
0.861489 0.00670991
0.861454 0.00671246
0.861418 0.00671502
0.861382 0.00671757
0.861346 0.00672013
0.86131 0.00672269
0.861275 0.00672525
0.861239 0.0067278
0.861203 0.00673036
0.861167 0.00673292
0.861132 0.00673548
0.861096 0.00673804
0.86106 0.0067406
0.861025 0.00674316
0.860989 0.00674572
0.860953 0.00674828
0.860917 0.00675084
0.860882 0.00675341
0.860846 0.00675597
0.86081 0.00675853
0.860775 0.0067611
0.860739 0.00676366
0.860703 0.00676622
0.860668 0.00676879
0.860632 0.00677135
0.860596 0.00677392
0.860561 0.00677649
0.860525 0.00677905
0.860489 0.00678162
0.860454 0.00678419
0.860418 0.00678675
0.860382 0.00678932
0.860347 0.00679189
0.860311 0.00679446
0.860276 0.00679703
0.86024 0.0067996
0.860204 0.00680217
0.860169 0.00680474
0.860133 0.00680731
0.860098 0.00680989
0.860062 0.00681246
0.860027 0.00681503
0.859991 0.0068176
0.859955 0.00682018
0.85992 0.00682275
0.859884 0.00682533
0.859849 0.0068279
0.859813 0.00683048
0.859778 0.00683305
0.859742 0.00683563
0.859707 0.00683821
0.859671 0.00684078
0.859635 0.00684336
0.8596 0.00684594
0.859564 0.00684852
0.859529 0.0068511
0.859493 0.00685368
0.859458 0.00685626
0.859422 0.00685884
0.859387 0.00686142
0.859351 0.006864
0.859316 0.00686658
0.85928 0.00686917
0.859245 0.00687175
0.859209 0.00687433
0.859174 0.00687692
0.859138 0.0068795
0.859103 0.00688208
0.859068 0.00688467
0.859032 0.00688726
0.858997 0.00688984
0.858961 0.00689243
0.858926 0.00689502
0.85889 0.0068976
0.858855 0.00690019
0.858819 0.00690278
0.858784 0.00690537
0.858748 0.00690796
0.858713 0.00691055
0.858678 0.00691314
0.858642 0.00691573
0.858607 0.00691832
0.858571 0.00692091
0.858536 0.00692351
0.8585 0.0069261
0.858465 0.00692869
0.85843 0.00693129
0.858394 0.00693388
0.858359 0.00693648
0.858323 0.00693907
0.858288 0.00694167
0.858253 0.00694427
0.858217 0.00694686
0.858182 0.00694946
0.858146 0.00695206
0.858111 0.00695466
0.858076 0.00695726
0.85804 0.00695986
0.858005 0.00696246
0.85797 0.00696506
0.857934 0.00696766
0.857899 0.00697026
0.857863 0.00697286
0.857828 0.00697546
0.857793 0.00697807
0.857757 0.00698067
0.857722 0.00698328
0.857687 0.00698588
0.857651 0.00698849
0.857616 0.00699109
0.85758 0.0069937
0.857545 0.0069963
0.85751 0.00699891
0.857474 0.00700152
0.857439 0.00700413
0.857404 0.00700674
0.857368 0.00700935
0.857333 0.00701196
0.857298 0.00701457
0.857262 0.00701718
0.857227 0.00701979
0.857192 0.0070224
0.857156 0.00702502
0.857121 0.00702763
0.857086 0.00703024
0.85705 0.00703286
0.857015 0.00703547
0.85698 0.00703809
0.856944 0.00704071
0.856909 0.00704332
0.856874 0.00704594
0.856838 0.00704856
0.856803 0.00705118
0.856768 0.0070538
0.856732 0.00705642
0.856697 0.00705904
0.856662 0.00706166
0.856626 0.00706428
0.856591 0.0070669
0.856556 0.00706952
0.85652 0.00707215
0.856485 0.00707477
0.85645 0.00707739
0.856414 0.00708002
0.856379 0.00708264
0.856344 0.00708527
0.856308 0.0070879
0.856273 0.00709052
0.856238 0.00709315
0.856202 0.00709578
0.856167 0.00709841
0.856132 0.00710104
0.856096 0.00710367
0.856061 0.0071063
0.856026 0.00710893
0.85599 0.00711156
0.855955 0.0071142
0.85592 0.00711683
0.855884 0.00711946
0.855849 0.0071221
0.855814 0.00712473
0.855778 0.00712737
0.855743 0.00713001
0.855708 0.00713264
0.855672 0.00713528
0.855637 0.00713792
0.855602 0.00714056
0.855566 0.0071432
0.855531 0.00714584
0.855496 0.00714848
0.85546 0.00715112
0.855425 0.00715376
0.85539 0.00715641
0.855354 0.00715905
0.855319 0.00716169
0.855284 0.00716434
0.855248 0.00716698
0.855213 0.00716963
0.855178 0.00717228
0.855142 0.00717492
0.855107 0.00717757
0.855071 0.00718022
0.855036 0.00718287
0.855001 0.00718552
0.854965 0.00718817
0.85493 0.00719082
0.854895 0.00719347
0.854859 0.00719613
0.854824 0.00719878
0.854789 0.00720143
0.854753 0.00720409
0.854718 0.00720674
0.854683 0.0072094
0.854647 0.00721206
0.854612 0.00721471
0.854576 0.00721737
0.854541 0.00722003
0.854506 0.00722269
0.85447 0.00722535
0.854435 0.00722801
0.8544 0.00723067
0.854364 0.00723333
0.854329 0.007236
0.854293 0.00723866
0.854258 0.00724133
0.854223 0.00724399
0.854187 0.00724666
0.854152 0.00724932
0.854116 0.00725199
0.854081 0.00725466
0.854046 0.00725733
0.85401 0.00726
0.853975 0.00726267
0.853939 0.00726534
0.853904 0.00726801
0.853868 0.00727068
0.853833 0.00727336
0.853798 0.00727603
0.853762 0.0072787
0.853727 0.00728138
0.853691 0.00728406
0.853656 0.00728673
0.85362 0.00728941
0.853585 0.00729209
0.85355 0.00729477
0.853514 0.00729745
0.853479 0.00730013
0.853443 0.00730281
0.853408 0.00730549
0.853372 0.00730818
0.853337 0.00731086
0.853301 0.00731355
0.853266 0.00731623
0.85323 0.00731892
0.853195 0.0073216
0.853159 0.00732429
0.853124 0.00732698
0.853088 0.00732967
0.853053 0.00733236
0.853017 0.00733505
0.852982 0.00733774
0.852946 0.00734043
0.852911 0.00734313
0.852875 0.00734582
0.85284 0.00734852
0.852804 0.00735121
0.852769 0.00735391
0.852733 0.00735661
0.852698 0.00735931
0.852662 0.007362
0.852627 0.0073647
0.852591 0.00736741
0.852556 0.00737011
0.85252 0.00737281
0.852484 0.00737551
0.852449 0.00737822
0.852413 0.00738092
0.852378 0.00738363
0.852342 0.00738633
0.852307 0.00738904
0.852271 0.00739175
0.852235 0.00739446
0.8522 0.00739717
0.852164 0.00739988
0.852129 0.00740259
0.852093 0.0074053
0.852057 0.00740802
0.852022 0.00741073
0.851986 0.00741345
0.85195 0.00741616
0.851915 0.00741888
0.851879 0.0074216
0.851843 0.00742432
0.851808 0.00742704
0.851772 0.00742976
0.851736 0.00743248
0.851701 0.0074352
0.851665 0.00743793
0.851629 0.00744065
0.851594 0.00744337
0.851558 0.0074461
0.851522 0.00744883
0.851487 0.00745156
0.851451 0.00745428
0.851415 0.00745701
0.851379 0.00745974
0.851344 0.00746248
0.851308 0.00746521
0.851272 0.00746794
0.851236 0.00747068
0.851201 0.00747341
0.851165 0.00747615
0.851129 0.00747888
0.851093 0.00748162
0.851058 0.00748436
0.851022 0.0074871
0.850986 0.00748984
0.85095 0.00749258
0.850914 0.00749533
0.850879 0.00749807
0.850843 0.00750082
0.850807 0.00750356
0.850771 0.00750631
0.850735 0.00750906
0.850699 0.00751181
0.850664 0.00751456
0.850628 0.00751731
0.850592 0.00752006
0.850556 0.00752281
0.85052 0.00752556
0.850484 0.00752832
0.850448 0.00753107
0.850412 0.00753383
0.850377 0.00753659
0.850341 0.00753935
0.850305 0.00754211
0.850269 0.00754487
0.850233 0.00754763
0.850197 0.00755039
0.850161 0.00755316
0.850125 0.00755592
0.850089 0.00755869
0.850053 0.00756146
0.850017 0.00756422
0.849981 0.00756699
0.849945 0.00756976
0.849909 0.00757253
0.849873 0.00757531
0.849837 0.00757808
0.849801 0.00758085
0.849765 0.00758363
0.849729 0.00758641
0.849693 0.00758918
0.849657 0.00759196
0.849621 0.00759474
0.849585 0.00759752
0.849549 0.0076003
0.849512 0.00760309
0.849476 0.00760587
0.84944 0.00760866
0.849404 0.00761144
0.849368 0.00761423
0.849332 0.00761702
0.849296 0.00761981
0.84926 0.0076226
0.849223 0.00762539
0.849187 0.00762818
0.849151 0.00763098
0.849115 0.00763377
0.849079 0.00763657
0.849042 0.00763937
0.849006 0.00764216
0.84897 0.00764496
0.848934 0.00764777
0.848897 0.00765057
0.848861 0.00765337
0.848825 0.00765617
0.848789 0.00765898
0.848752 0.00766179
0.848716 0.00766459
0.84868 0.0076674
0.848644 0.00767021
0.848607 0.00767303
0.848571 0.00767584
0.848535 0.00767865
0.848498 0.00768147
0.848462 0.00768428
0.848425 0.0076871
0.848389 0.00768992
0.848353 0.00769274
0.848316 0.00769556
0.84828 0.00769838
0.848243 0.0077012
0.848207 0.00770403
0.848171 0.00770685
0.848134 0.00770968
0.848098 0.00771251
0.848061 0.00771534
0.848025 0.00771817
0.847988 0.007721
0.847952 0.00772383
0.847915 0.00772667
0.847879 0.0077295
0.847842 0.00773234
0.847806 0.00773518
0.847769 0.00773802
0.847733 0.00774086
0.847696 0.0077437
0.847659 0.00774654
0.847623 0.00774939
0.847586 0.00775223
0.84755 0.00775508
0.847513 0.00775793
0.847476 0.00776078
0.84744 0.00776363
0.847403 0.00776648
0.847366 0.00776934
0.84733 0.00777219
0.847293 0.00777505
0.847256 0.0077779
0.84722 0.00778076
0.847183 0.00778362
0.847146 0.00778648
0.847109 0.00778935
0.847073 0.00779221
0.847036 0.00779508
0.846999 0.00779794
0.846962 0.00780081
0.846925 0.00780368
0.846889 0.00780655
0.846852 0.00780942
0.846815 0.0078123
0.846778 0.00781517
0.846741 0.00781805
0.846704 0.00782092
0.846667 0.0078238
0.84663 0.00782668
0.846594 0.00782957
0.846557 0.00783245
0.84652 0.00783533
0.846483 0.00783822
0.846446 0.00784111
0.846409 0.00784399
0.846372 0.00784688
0.846335 0.00784978
0.846298 0.00785267
0.846261 0.00785556
0.846224 0.00785846
0.846187 0.00786136
0.84615 0.00786426
0.846112 0.00786716
0.846075 0.00787006
0.846038 0.00787296
0.846001 0.00787586
0.845964 0.00787877
0.845927 0.00788168
0.84589 0.00788459
0.845853 0.0078875
0.845815 0.00789041
0.845778 0.00789332
0.845741 0.00789624
0.845704 0.00789915
0.845666 0.00790207
0.845629 0.00790499
0.845592 0.00790791
0.845555 0.00791083
0.845517 0.00791376
0.84548 0.00791668
0.845443 0.00791961
0.845405 0.00792254
0.845368 0.00792547
0.845331 0.0079284
0.845293 0.00793133
0.845256 0.00793426
0.845218 0.0079372
0.845181 0.00794014
0.845144 0.00794308
0.845106 0.00794602
0.845069 0.00794896
0.845031 0.0079519
0.844994 0.00795485
0.844956 0.00795779
0.844919 0.00796074
0.844881 0.00796369
0.844844 0.00796664
0.844806 0.0079696
0.844768 0.00797255
0.844731 0.00797551
0.844693 0.00797847
0.844656 0.00798143
0.844618 0.00798439
0.84458 0.00798735
0.844543 0.00799031
0.844505 0.00799328
0.844467 0.00799625
0.844429 0.00799922
0.844392 0.00800219
0.844354 0.00800516
0.844316 0.00800813
0.844278 0.00801111
0.844241 0.00801409
0.844203 0.00801707
0.844165 0.00802005
0.844127 0.00802303
0.844089 0.00802601
0.844051 0.008029
0.844013 0.00803199
0.843976 0.00803498
0.843938 0.00803797
0.8439 0.00804096
0.843862 0.00804395
0.843824 0.00804695
0.843786 0.00804995
0.843748 0.00805295
0.84371 0.00805595
0.843672 0.00805895
0.843634 0.00806196
0.843596 0.00806496
0.843557 0.00806797
0.843519 0.00807098
0.843481 0.00807399
0.843443 0.00807701
0.843405 0.00808002
0.843367 0.00808304
0.843329 0.00808606
0.84329 0.00808908
0.843252 0.0080921
0.843214 0.00809513
0.843176 0.00809815
0.843137 0.00810118
0.843099 0.00810421
0.843061 0.00810724
0.843022 0.00811027
0.842984 0.00811331
0.842946 0.00811635
0.842907 0.00811938
0.842869 0.00812242
0.84283 0.00812547
0.842792 0.00812851
0.842754 0.00813156
0.842715 0.0081346
0.842677 0.00813765
0.842638 0.00814071
0.8426 0.00814376
0.842561 0.00814682
0.842522 0.00814987
0.842484 0.00815293
0.842445 0.00815599
0.842407 0.00815906
0.842368 0.00816212
0.842329 0.00816519
0.842291 0.00816826
0.842252 0.00817133
0.842213 0.0081744
0.842174 0.00817747
0.842136 0.00818055
0.842097 0.00818363
0.842058 0.00818671
0.842019 0.00818979
0.841981 0.00819287
0.841942 0.00819596
0.841903 0.00819905
0.841864 0.00820214
0.841825 0.00820523
0.841786 0.00820833
0.841747 0.00821142
0.841708 0.00821452
0.841669 0.00821762
0.84163 0.00822072
0.841591 0.00822383
0.841552 0.00822693
0.841513 0.00823004
0.841474 0.00823315
0.841435 0.00823626
0.841396 0.00823938
0.841357 0.00824249
0.841317 0.00824561
0.841278 0.00824873
0.841239 0.00825185
0.8412 0.00825498
0.841161 0.0082581
0.841121 0.00826123
0.841082 0.00826436
0.841043 0.0082675
0.841003 0.00827063
0.840964 0.00827377
0.840925 0.00827691
0.840885 0.00828005
0.840846 0.00828319
0.840806 0.00828634
0.840767 0.00828949
0.840727 0.00829264
0.840688 0.00829579
0.840648 0.00829894
0.840609 0.0083021
0.840569 0.00830526
0.84053 0.00830842
0.84049 0.00831158
0.84045 0.00831474
0.840411 0.00831791
0.840371 0.00832108
0.840331 0.00832425
0.840292 0.00832743
0.840252 0.0083306
0.840212 0.00833378
0.840172 0.00833696
0.840133 0.00834014
0.840093 0.00834333
0.840053 0.00834651
0.840013 0.0083497
0.839973 0.0083529
0.839933 0.00835609
0.839893 0.00835929
0.839853 0.00836248
0.839813 0.00836568
0.839773 0.00836889
0.839733 0.00837209
0.839693 0.0083753
0.839653 0.00837851
0.839613 0.00838172
0.839573 0.00838494
0.839533 0.00838815
0.839493 0.00839137
0.839452 0.00839459
0.839412 0.00839782
0.839372 0.00840104
0.839332 0.00840427
0.839291 0.0084075
0.839251 0.00841074
0.839211 0.00841397
0.83917 0.00841721
0.83913 0.00842045
0.839089 0.00842369
0.839049 0.00842694
0.839009 0.00843018
0.838968 0.00843343
0.838928 0.00843669
0.838887 0.00843994
0.838846 0.0084432
0.838806 0.00844646
0.838765 0.00844972
0.838725 0.00845298
0.838684 0.00845625
0.838643 0.00845952
0.838603 0.00846279
0.838562 0.00846607
0.838521 0.00846934
0.83848 0.00847262
0.83844 0.00847591
0.838399 0.00847919
0.838358 0.00848248
0.838317 0.00848577
0.838276 0.00848906
0.838235 0.00849235
0.838194 0.00849565
0.838153 0.00849895
0.838112 0.00850225
0.838071 0.00850555
0.83803 0.00850886
0.837989 0.00851217
0.837948 0.00851548
0.837907 0.0085188
0.837865 0.00852212
0.837824 0.00852544
0.837783 0.00852876
0.837742 0.00853208
0.8377 0.00853541
0.837659 0.00853874
0.837618 0.00854208
0.837576 0.00854541
0.837535 0.00854875
0.837494 0.00855209
0.837452 0.00855544
0.837411 0.00855878
0.837369 0.00856213
0.837328 0.00856548
0.837286 0.00856884
0.837245 0.0085722
0.837203 0.00857556
0.837161 0.00857892
0.83712 0.00858228
0.837078 0.00858565
0.837036 0.00858902
0.836995 0.0085924
0.836953 0.00859577
0.836911 0.00859915
0.836869 0.00860253
0.836827 0.00860592
0.836785 0.00860931
0.836743 0.0086127
0.836702 0.00861609
0.83666 0.00861948
0.836618 0.00862288
0.836576 0.00862628
0.836533 0.00862969
0.836491 0.0086331
0.836449 0.00863651
0.836407 0.00863992
0.836365 0.00864333
0.836323 0.00864675
0.83628 0.00865017
0.836238 0.0086536
0.836196 0.00865703
0.836154 0.00866046
0.836111 0.00866389
0.836069 0.00866733
0.836026 0.00867076
0.835984 0.00867421
0.835941 0.00867765
0.835899 0.0086811
0.835856 0.00868455
0.835814 0.008688
0.835771 0.00869146
0.835729 0.00869492
0.835686 0.00869838
0.835643 0.00870185
0.835601 0.00870532
0.835558 0.00870879
0.835515 0.00871226
0.835472 0.00871574
0.835429 0.00871922
0.835386 0.0087227
0.835344 0.00872619
0.835301 0.00872968
0.835258 0.00873317
0.835215 0.00873667
0.835172 0.00874017
0.835129 0.00874367
0.835085 0.00874717
0.835042 0.00875068
0.834999 0.00875419
0.834956 0.00875771
0.834913 0.00876123
0.834869 0.00876475
0.834826 0.00876827
0.834783 0.0087718
0.83474 0.00877533
0.834696 0.00877886
0.834653 0.0087824
0.834609 0.00878594
0.834566 0.00878948
0.834522 0.00879303
0.834479 0.00879658
0.834435 0.00880013
0.834391 0.00880369
0.834348 0.00880725
0.834304 0.00881081
0.83426 0.00881437
0.834217 0.00881794
0.834173 0.00882152
0.834129 0.00882509
0.834085 0.00882867
0.834041 0.00883225
0.833997 0.00883584
0.833953 0.00883943
0.833909 0.00884302
0.833865 0.00884661
0.833821 0.00885021
0.833777 0.00885381
0.833733 0.00885742
0.833689 0.00886103
0.833645 0.00886464
0.8336 0.00886826
0.833556 0.00887188
0.833512 0.0088755
0.833467 0.00887913
0.833423 0.00888275
0.833379 0.00888639
0.833334 0.00889002
0.83329 0.00889366
0.833245 0.00889731
0.833201 0.00890095
0.833156 0.0089046
0.833111 0.00890826
0.833067 0.00891192
0.833022 0.00891558
0.832977 0.00891924
0.832933 0.00892291
0.832888 0.00892658
0.832843 0.00893025
0.832798 0.00893393
0.832753 0.00893762
0.832708 0.0089413
0.832663 0.00894499
0.832618 0.00894868
0.832573 0.00895238
0.832528 0.00895608
0.832483 0.00895978
0.832438 0.00896349
0.832392 0.0089672
0.832347 0.00897092
0.832302 0.00897464
0.832256 0.00897836
0.832211 0.00898208
0.832166 0.00898581
0.83212 0.00898955
0.832075 0.00899328
0.832029 0.00899703
0.831984 0.00900077
0.831938 0.00900452
0.831892 0.00900827
0.831847 0.00901203
0.831801 0.00901579
0.831755 0.00901955
0.831709 0.00902332
0.831663 0.00902709
0.831618 0.00903086
0.831572 0.00903464
0.831526 0.00903842
0.83148 0.00904221
0.831434 0.009046
0.831387 0.0090498
0.831341 0.00905359
0.831295 0.0090574
0.831249 0.0090612
0.831203 0.00906501
0.831156 0.00906883
0.83111 0.00907264
0.831064 0.00907647
0.831017 0.00908029
0.830971 0.00908412
0.830924 0.00908795
0.830878 0.00909179
0.830831 0.00909563
0.830785 0.00909948
0.830738 0.00910333
0.830691 0.00910718
0.830644 0.00911104
0.830598 0.0091149
0.830551 0.00911877
0.830504 0.00912264
0.830457 0.00912651
0.83041 0.00913039
0.830363 0.00913428
0.830316 0.00913816
0.830269 0.00914205
0.830222 0.00914595
0.830175 0.00914985
0.830127 0.00915375
0.83008 0.00915766
0.830033 0.00916157
0.829986 0.00916549
0.829938 0.00916941
0.829891 0.00917333
0.829843 0.00917726
0.829796 0.00918119
0.829748 0.00918513
0.8297 0.00918907
0.829653 0.00919302
0.829605 0.00919697
0.829557 0.00920092
0.82951 0.00920488
0.829462 0.00920884
0.829414 0.00921281
0.829366 0.00921678
0.829318 0.00922076
0.82927 0.00922474
0.829222 0.00922873
0.829174 0.00923272
0.829126 0.00923671
0.829077 0.00924071
0.829029 0.00924471
0.828981 0.00924872
0.828932 0.00925273
0.828884 0.00925675
0.828836 0.00926077
0.828787 0.00926479
0.828739 0.00926882
0.82869 0.00927286
0.828641 0.0092769
0.828593 0.00928094
0.828544 0.00928499
0.828495 0.00928904
0.828446 0.0092931
0.828398 0.00929716
0.828349 0.00930123
0.8283 0.0093053
0.828251 0.00930938
0.828202 0.00931346
0.828153 0.00931754
0.828103 0.00932163
0.828054 0.00932573
0.828005 0.00932983
0.827956 0.00933393
0.827906 0.00933804
0.827857 0.00934216
0.827807 0.00934628
0.827758 0.0093504
0.827708 0.00935453
0.827659 0.00935866
0.827609 0.0093628
0.827559 0.00936694
0.82751 0.00937109
0.82746 0.00937524
0.82741 0.0093794
0.82736 0.00938356
0.82731 0.00938773
0.82726 0.0093919
0.82721 0.00939608
0.82716 0.00940026
0.82711 0.00940445
0.82706 0.00940864
0.827009 0.00941284
0.826959 0.00941704
0.826909 0.00942125
0.826858 0.00942546
0.826808 0.00942968
0.826757 0.0094339
0.826707 0.00943813
0.826656 0.00944236
0.826605 0.0094466
0.826555 0.00945084
0.826504 0.00945509
0.826453 0.00945934
0.826402 0.0094636
0.826351 0.00946787
0.8263 0.00947214
0.826249 0.00947641
0.826198 0.00948069
0.826147 0.00948497
0.826096 0.00948926
0.826044 0.00949356
0.825993 0.00949786
0.825942 0.00950217
0.82589 0.00950648
0.825839 0.00951079
0.825787 0.00951512
0.825736 0.00951944
0.825684 0.00952378
0.825632 0.00952811
0.82558 0.00953246
0.825529 0.00953681
0.825477 0.00954116
0.825425 0.00954552
0.825373 0.00954989
0.825321 0.00955426
0.825269 0.00955863
0.825216 0.00956302
0.825164 0.0095674
0.825112 0.0095718
0.82506 0.0095762
0.825007 0.0095806
0.824955 0.00958501
0.824902 0.00958943
0.82485 0.00959385
0.824797 0.00959827
0.824744 0.00960271
0.824692 0.00960714
0.824639 0.00961159
0.824586 0.00961604
0.824533 0.00962049
0.82448 0.00962496
0.824427 0.00962942
0.824374 0.0096339
0.824321 0.00963837
0.824267 0.00964286
0.824214 0.00964735
0.824161 0.00965185
0.824107 0.00965635
0.824054 0.00966086
0.824 0.00966537
0.823947 0.00966989
0.823893 0.00967442
0.823839 0.00967895
0.823786 0.00968348
0.823732 0.00968803
0.823678 0.00969258
0.823624 0.00969713
0.82357 0.0097017
0.823516 0.00970626
0.823462 0.00971084
0.823408 0.00971542
0.823353 0.00972001
0.823299 0.0097246
0.823244 0.0097292
0.82319 0.0097338
0.823136 0.00973841
0.823081 0.00974303
0.823026 0.00974765
0.822972 0.00975228
0.822917 0.00975692
0.822862 0.00976156
0.822807 0.00976621
0.822752 0.00977087
0.822697 0.00977553
0.822642 0.0097802
0.822587 0.00978487
0.822531 0.00978955
0.822476 0.00979424
0.822421 0.00979893
0.822365 0.00980363
0.82231 0.00980834
0.822254 0.00981305
0.822199 0.00981777
0.822143 0.0098225
0.822087 0.00982723
0.822031 0.00983197
0.821975 0.00983671
0.821919 0.00984147
0.821863 0.00984623
0.821807 0.00985099
0.821751 0.00985576
0.821695 0.00986054
0.821638 0.00986533
0.821582 0.00987012
0.821526 0.00987492
0.821469 0.00987973
0.821412 0.00988454
0.821356 0.00988936
0.821299 0.00989419
0.821242 0.00989902
0.821185 0.00990386
0.821128 0.00990871
0.821071 0.00991356
0.821014 0.00991842
0.820957 0.00992329
0.8209 0.00992817
0.820843 0.00993305
0.820785 0.00993794
0.820728 0.00994284
0.82067 0.00994774
0.820613 0.00995265
0.820555 0.00995757
0.820497 0.00996249
0.820439 0.00996742
0.820382 0.00997236
0.820324 0.00997731
0.820266 0.00998226
0.820207 0.00998722
0.820149 0.00999219
0.820091 0.00999717
0.820033 0.0100022
0.819974 0.0100071
0.819916 0.0100121
0.819857 0.0100171
0.819799 0.0100222
0.81974 0.0100272
0.819681 0.0100322
0.819622 0.0100372
0.819563 0.0100423
0.819504 0.0100473
0.819445 0.0100524
0.819386 0.0100575
0.819327 0.0100625
0.819267 0.0100676
0.819208 0.0100727
0.819149 0.0100778
0.819089 0.0100829
0.819029 0.010088
0.81897 0.0100931
0.81891 0.0100982
0.81885 0.0101034
0.81879 0.0101085
0.81873 0.0101137
0.81867 0.0101188
0.81861 0.010124
0.818549 0.0101292
0.818489 0.0101343
0.818429 0.0101395
0.818368 0.0101447
0.818307 0.0101499
0.818247 0.0101552
0.818186 0.0101604
0.818125 0.0101656
0.818064 0.0101708
0.818003 0.0101761
0.817942 0.0101813
0.817881 0.0101866
0.81782 0.0101919
0.817758 0.0101972
0.817697 0.0102024
0.817635 0.0102077
0.817574 0.010213
0.817512 0.0102184
0.81745 0.0102237
0.817389 0.010229
0.817327 0.0102343
0.817265 0.0102397
0.817203 0.010245
0.81714 0.0102504
0.817078 0.0102558
0.817016 0.0102611
0.816953 0.0102665
0.816891 0.0102719
0.816828 0.0102773
0.816765 0.0102828
0.816703 0.0102882
0.81664 0.0102936
0.816577 0.010299
0.816514 0.0103045
0.81645 0.01031
0.816387 0.0103154
0.816324 0.0103209
0.81626 0.0103264
0.816197 0.0103319
0.816133 0.0103374
0.81607 0.0103429
0.816006 0.0103484
0.815942 0.0103539
0.815878 0.0103595
0.815814 0.010365
0.81575 0.0103706
0.815686 0.0103761
0.815621 0.0103817
0.815557 0.0103873
0.815492 0.0103929
0.815428 0.0103985
0.815363 0.0104041
0.815298 0.0104097
0.815233 0.0104154
0.815168 0.010421
0.815103 0.0104267
0.815038 0.0104323
0.814973 0.010438
0.814907 0.0104437
0.814842 0.0104493
0.814776 0.010455
0.814711 0.0104607
0.814645 0.0104665
0.814579 0.0104722
0.814513 0.0104779
0.814447 0.0104837
0.814381 0.0104894
0.814315 0.0104952
0.814248 0.010501
0.814182 0.0105067
0.814115 0.0105125
0.814049 0.0105183
0.813982 0.0105242
0.813915 0.01053
0.813848 0.0105358
0.813781 0.0105417
0.813714 0.0105475
0.813647 0.0105534
0.813579 0.0105593
0.813512 0.0105651
0.813444 0.010571
0.813377 0.0105769
0.813309 0.0105829
0.813241 0.0105888
0.813173 0.0105947
0.813105 0.0106007
0.813037 0.0106066
0.812969 0.0106126
0.8129 0.0106186
0.812832 0.0106246
0.812763 0.0106306
0.812694 0.0106366
0.812626 0.0106426
0.812557 0.0106486
0.812488 0.0106547
0.812418 0.0106607
0.812349 0.0106668
0.81228 0.0106729
0.81221 0.0106789
0.812141 0.010685
0.812071 0.0106911
0.812001 0.0106973
0.811932 0.0107034
0.811862 0.0107095
0.811791 0.0107157
0.811721 0.0107219
0.811651 0.010728
0.81158 0.0107342
0.81151 0.0107404
0.811439 0.0107466
0.811368 0.0107528
0.811298 0.0107591
0.811227 0.0107653
0.811155 0.0107716
0.811084 0.0107778
0.811013 0.0107841
0.810941 0.0107904
0.81087 0.0107967
0.810798 0.010803
0.810726 0.0108093
0.810654 0.0108156
0.810582 0.010822
0.81051 0.0108284
0.810438 0.0108347
0.810365 0.0108411
0.810293 0.0108475
0.81022 0.0108539
0.810148 0.0108603
0.810075 0.0108667
0.810002 0.0108732
0.809929 0.0108796
0.809855 0.0108861
0.809782 0.0108926
0.809709 0.0108991
0.809635 0.0109056
0.809561 0.0109121
0.809487 0.0109186
0.809413 0.0109252
0.809339 0.0109317
0.809265 0.0109383
0.809191 0.0109449
0.809116 0.0109514
0.809042 0.010958
0.808967 0.0109647
0.808892 0.0109713
0.808817 0.0109779
0.808742 0.0109846
0.808667 0.0109912
0.808592 0.0109979
0.808516 0.0110046
0.808441 0.0110113
0.808365 0.011018
0.808289 0.0110248
0.808213 0.0110315
0.808137 0.0110383
0.808061 0.011045
0.807984 0.0110518
0.807908 0.0110586
0.807831 0.0110654
0.807754 0.0110723
0.807678 0.0110791
0.807601 0.011086
0.807523 0.0110928
0.807446 0.0110997
0.807369 0.0111066
0.807291 0.0111135
0.807213 0.0111204
0.807136 0.0111273
0.807058 0.0111343
0.806979 0.0111413
0.806901 0.0111482
0.806823 0.0111552
0.806744 0.0111622
0.806666 0.0111692
0.806587 0.0111763
0.806508 0.0111833
0.806429 0.0111904
0.80635 0.0111975
0.80627 0.0112045
0.806191 0.0112116
0.806111 0.0112188
0.806031 0.0112259
0.805951 0.011233
0.805871 0.0112402
0.805791 0.0112474
0.805711 0.0112546
0.80563 0.0112618
0.80555 0.011269
0.805469 0.0112762
0.805388 0.0112835
0.805307 0.0112907
0.805226 0.011298
0.805144 0.0113053
0.805063 0.0113126
0.804981 0.01132
0.804899 0.0113273
0.804817 0.0113347
0.804735 0.011342
0.804653 0.0113494
0.804571 0.0113568
0.804488 0.0113642
0.804405 0.0113717
0.804322 0.0113791
0.804239 0.0113866
0.804156 0.0113941
0.804073 0.0114016
0.803989 0.0114091
0.803906 0.0114166
0.803822 0.0114242
0.803738 0.0114317
0.803654 0.0114393
0.80357 0.0114469
0.803485 0.0114545
0.803401 0.0114621
0.803316 0.0114698
0.803231 0.0114774
0.803146 0.0114851
0.803061 0.0114928
0.802975 0.0115005
0.80289 0.0115082
0.802804 0.011516
0.802718 0.0115238
0.802632 0.0115315
0.802546 0.0115393
0.80246 0.0115471
0.802373 0.011555
0.802286 0.0115628
0.8022 0.0115707
0.802113 0.0115786
0.802025 0.0115865
0.801938 0.0115944
0.80185 0.0116023
0.801763 0.0116102
0.801675 0.0116182
0.801587 0.0116262
0.801499 0.0116342
0.80141 0.0116422
0.801322 0.0116503
0.801233 0.0116583
0.801144 0.0116664
0.801055 0.0116745
0.800966 0.0116826
0.800876 0.0116907
0.800787 0.0116989
0.800697 0.0117071
0.800607 0.0117152
0.800517 0.0117234
0.800427 0.0117317
0.800336 0.0117399
0.800245 0.0117482
0.800155 0.0117565
0.800064 0.0117647
0.799972 0.0117731
0.799881 0.0117814
0.799789 0.0117898
0.799698 0.0117981
0.799606 0.0118065
0.799514 0.0118149
0.799421 0.0118234
0.799329 0.0118318
0.799236 0.0118403
0.799143 0.0118488
0.79905 0.0118573
0.798957 0.0118658
0.798863 0.0118744
0.79877 0.011883
0.798676 0.0118916
0.798582 0.0119002
0.798488 0.0119088
0.798393 0.0119175
0.798299 0.0119261
0.798204 0.0119348
0.798109 0.0119435
0.798014 0.0119523
0.797918 0.011961
0.797823 0.0119698
0.797727 0.0119786
0.797631 0.0119874
0.797535 0.0119963
0.797439 0.0120051
0.797342 0.012014
0.797245 0.0120229
0.797148 0.0120318
0.797051 0.0120408
0.796954 0.0120498
0.796856 0.0120587
0.796758 0.0120678
0.79666 0.0120768
0.796562 0.0120859
0.796464 0.0120949
0.796365 0.012104
0.796266 0.0121132
0.796167 0.0121223
0.796068 0.0121315
0.795969 0.0121407
0.795869 0.0121499
0.795769 0.0121591
0.795669 0.0121684
0.795569 0.0121777
0.795468 0.012187
0.795367 0.0121963
0.795266 0.0122056
0.795165 0.012215
0.795064 0.0122244
0.794962 0.0122338
0.79486 0.0122433
0.794758 0.0122527
0.794656 0.0122622
0.794553 0.0122718
0.794451 0.0122813
0.794348 0.0122909
0.794244 0.0123005
0.794141 0.0123101
0.794037 0.0123197
0.793933 0.0123294
0.793829 0.0123391
0.793725 0.0123488
0.79362 0.0123585
0.793516 0.0123683
0.793411 0.0123781
0.793305 0.0123879
0.7932 0.0123977
0.793094 0.0124076
0.792988 0.0124175
0.792882 0.0124274
0.792775 0.0124373
0.792669 0.0124473
0.792562 0.0124573
0.792455 0.0124673
0.792347 0.0124773
0.79224 0.0124874
0.792132 0.0124975
0.792024 0.0125076
0.791915 0.0125178
0.791807 0.0125279
0.791698 0.0125382
0.791589 0.0125484
0.791479 0.0125586
0.79137 0.0125689
0.79126 0.0125792
0.79115 0.0125896
0.791039 0.0125999
0.790928 0.0126103
0.790818 0.0126208
0.790706 0.0126312
0.790595 0.0126417
0.790483 0.0126522
0.790371 0.0126627
0.790259 0.0126733
0.790147 0.0126839
0.790034 0.0126945
0.789921 0.0127052
0.789808 0.0127158
0.789694 0.0127266
0.78958 0.0127373
0.789466 0.0127481
0.789352 0.0127589
0.789237 0.0127697
0.789123 0.0127805
0.789007 0.0127914
0.788892 0.0128023
0.788776 0.0128133
0.78866 0.0128243
0.788544 0.0128353
0.788428 0.0128463
0.788311 0.0128574
0.788194 0.0128685
0.788076 0.0128796
0.787959 0.0128908
0.787841 0.012902
0.787723 0.0129132
0.787604 0.0129244
0.787485 0.0129357
0.787366 0.0129471
0.787247 0.0129584
0.787127 0.0129698
0.787007 0.0129812
0.786887 0.0129927
0.786766 0.0130041
0.786646 0.0130157
0.786525 0.0130272
0.786403 0.0130388
0.786281 0.0130504
0.786159 0.013062
0.786037 0.0130737
0.785914 0.0130854
0.785791 0.0130972
0.785668 0.013109
0.785545 0.0131208
0.785421 0.0131326
0.785297 0.0131445
0.785172 0.0131564
0.785047 0.0131684
0.784922 0.0131804
0.784797 0.0131924
0.784671 0.0132045
0.784545 0.0132166
0.784419 0.0132287
0.784292 0.0132409
0.784165 0.0132531
0.784038 0.0132653
0.78391 0.0132776
0.783782 0.0132899
0.783654 0.0133022
0.783525 0.0133146
0.783396 0.0133271
0.783267 0.0133395
0.783137 0.013352
0.783007 0.0133645
0.782877 0.0133771
0.782746 0.0133897
0.782615 0.0134024
0.782484 0.0134151
0.782352 0.0134278
0.78222 0.0134406
0.782088 0.0134534
0.781955 0.0134662
0.781822 0.0134791
0.781689 0.013492
0.781555 0.013505
0.781421 0.013518
0.781286 0.013531
0.781151 0.0135441
0.781016 0.0135572
0.780881 0.0135704
0.780745 0.0135836
0.780609 0.0135968
0.780472 0.0136101
0.780335 0.0136235
0.780198 0.0136368
0.78006 0.0136502
0.779922 0.0136637
0.779783 0.0136772
0.779645 0.0136907
0.779505 0.0137043
0.779366 0.0137179
0.779226 0.0137316
0.779086 0.0137453
0.778945 0.0137591
0.778804 0.0137729
0.778662 0.0137867
0.77852 0.0138006
0.778378 0.0138145
0.778236 0.0138285
0.778093 0.0138425
0.777949 0.0138566
0.777805 0.0138707
0.777661 0.0138849
0.777517 0.0138991
0.777372 0.0139133
0.777226 0.0139276
0.77708 0.013942
0.776934 0.0139564
0.776787 0.0139708
0.77664 0.0139853
0.776493 0.0139998
0.776345 0.0140144
0.776197 0.014029
0.776048 0.0140437
0.775899 0.0140584
0.775749 0.0140732
0.7756 0.014088
0.775449 0.0141029
0.775298 0.0141178
0.775147 0.0141328
0.774995 0.0141478
0.774843 0.0141629
0.774691 0.014178
0.774538 0.0141932
0.774384 0.0142084
0.774231 0.0142237
0.774076 0.014239
0.773922 0.0142544
0.773766 0.0142698
0.773611 0.0142853
0.773455 0.0143009
0.773298 0.0143164
0.773141 0.0143321
0.772984 0.0143478
0.772826 0.0143635
0.772668 0.0143794
0.772509 0.0143952
0.772349 0.0144111
0.77219 0.0144271
0.772029 0.0144431
0.771869 0.0144592
0.771708 0.0144754
0.771546 0.0144916
0.771384 0.0145078
0.771221 0.0145241
0.771058 0.0145405
0.770894 0.0145569
0.77073 0.0145734
0.770566 0.01459
0.770401 0.0146066
0.770235 0.0146232
0.770069 0.0146399
0.769903 0.0146567
0.769736 0.0146736
0.769568 0.0146905
0.7694 0.0147074
0.769231 0.0147244
0.769062 0.0147415
0.768893 0.0147587
0.768723 0.0147759
0.768552 0.0147931
0.768381 0.0148105
0.768209 0.0148279
0.768037 0.0148453
0.767864 0.0148629
0.767691 0.0148804
0.767517 0.0148981
0.767343 0.0149158
0.767168 0.0149336
0.766993 0.0149514
0.766817 0.0149694
0.76664 0.0149873
0.766463 0.0150054
0.766285 0.0150235
0.766107 0.0150417
0.765928 0.0150599
0.765749 0.0150782
0.765569 0.0150966
0.765389 0.0151151
0.765208 0.0151336
0.765026 0.0151522
0.764844 0.0151709
0.764661 0.0151896
0.764478 0.0152084
0.764294 0.0152273
0.76411 0.0152463
0.763925 0.0152653
0.763739 0.0152844
0.763553 0.0153036
0.763366 0.0153228
0.763178 0.0153421
0.76299 0.0153615
0.762802 0.015381
0.762612 0.0154005
0.762422 0.0154201
0.762232 0.0154398
0.762041 0.0154596
0.761849 0.0154795
0.761657 0.0154994
0.761463 0.0155194
0.76127 0.0155395
0.761076 0.0155597
0.760881 0.0155799
0.760685 0.0156002
0.760489 0.0156206
0.760292 0.0156411
0.760094 0.0156617
0.759896 0.0156823
0.759697 0.0157031
0.759498 0.0157239
0.759298 0.0157448
0.759097 0.0157658
0.758895 0.0157869
0.758693 0.015808
0.75849 0.0158293
0.758286 0.0158506
0.758082 0.015872
0.757877 0.0158935
0.757672 0.0159151
0.757465 0.0159368
0.757258 0.0159585
0.75705 0.0159804
0.756842 0.0160023
0.756633 0.0160244
0.756423 0.0160465
0.756212 0.0160687
0.756001 0.0160911
0.755789 0.0161135
0.755576 0.016136
0.755362 0.0161586
0.755148 0.0161813
0.754933 0.016204
0.754717 0.0162269
0.7545 0.0162499
0.754283 0.016273
0.754065 0.0162962
0.753846 0.0163194
0.753627 0.0163428
0.753406 0.0163663
0.753185 0.0163899
0.752963 0.0164135
0.75274 0.0164373
0.752517 0.0164612
0.752292 0.0164852
0.752067 0.0165093
0.751841 0.0165334
0.751615 0.0165577
0.751387 0.0165821
0.751159 0.0166067
0.750929 0.0166313
0.750699 0.016656
0.750469 0.0166808
0.750237 0.0167058
0.750004 0.0167308
0.749771 0.016756
0.749537 0.0167813
0.749302 0.0168067
0.749066 0.0168322
0.748829 0.0168578
0.748591 0.0168835
0.748353 0.0169094
0.748113 0.0169353
0.747873 0.0169614
0.747632 0.0169876
0.74739 0.0170139
0.747146 0.0170404
0.746903 0.0170669
0.746658 0.0170936
0.746412 0.0171204
0.746165 0.0171473
0.745918 0.0171744
0.745669 0.0172016
0.74542 0.0172289
0.745169 0.0172563
0.744918 0.0172838
0.744666 0.0173115
0.744413 0.0173393
0.744158 0.0173673
0.743903 0.0173953
0.743647 0.0174235
0.74339 0.0174519
0.743132 0.0174803
0.742873 0.0175089
0.742613 0.0175377
0.742351 0.0175666
0.742089 0.0175956
0.741826 0.0176247
0.741562 0.017654
0.741297 0.0176834
0.741031 0.017713
0.740763 0.0177427
0.740495 0.0177726
0.740226 0.0178026
0.739955 0.0178327
0.739684 0.017863
0.739411 0.0178935
0.739138 0.0179241
0.738863 0.0179548
0.738587 0.0179857
0.73831 0.0180167
0.738032 0.0180479
0.737753 0.0180793
0.737473 0.0181108
0.737192 0.0181425
0.736909 0.0181743
0.736626 0.0182063
0.736341 0.0182384
0.736055 0.0182707
0.735768 0.0183032
0.73548 0.0183358
0.735191 0.0183686
0.7349 0.0184016
0.734608 0.0184347
0.734315 0.018468
0.734021 0.0185014
0.733726 0.0185351
0.733429 0.0185689
0.733132 0.0186029
0.732833 0.018637
0.732532 0.0186714
0.732231 0.0187059
0.731928 0.0187406
0.731624 0.0187754
0.731319 0.0188105
0.731013 0.0188457
0.730705 0.0188812
0.730396 0.0189168
0.730085 0.0189526
0.729774 0.0189886
0.729461 0.0190247
0.729146 0.0190611
0.728831 0.0190977
0.728514 0.0191344
0.728195 0.0191714
0.727876 0.0192085
0.727555 0.0192459
0.727232 0.0192835
0.726908 0.0193212
0.726583 0.0193592
0.726257 0.0193973
0.725929 0.0194357
0.725599 0.0194743
0.725268 0.0195131
0.724936 0.0195521
0.724602 0.0195913
0.724267 0.0196308
0.723931 0.0196704
0.723592 0.0197103
0.723253 0.0197504
0.722912 0.0197908
0.722569 0.0198313
0.722225 0.0198721
0.721879 0.0199131
0.721532 0.0199543
0.721184 0.0199958
0.720833 0.0200375
0.720482 0.0200795
0.720128 0.0201216
0.719773 0.0201641
0.719417 0.0202067
0.719059 0.0202496
0.718699 0.0202928
0.718338 0.0203362
0.717975 0.0203799
0.71761 0.0204238
0.717244 0.020468
0.716876 0.0205124
0.716506 0.0205571
0.716135 0.020602
0.715762 0.0206472
0.715387 0.0206927
0.715011 0.0207384
0.714633 0.0207845
0.714253 0.0208308
0.713871 0.0208773
0.713488 0.0209242
0.713102 0.0209713
0.712715 0.0210187
0.712327 0.0210664
0.711936 0.0211144
0.711544 0.0211627
0.711149 0.0212112
0.710753 0.0212601
0.710355 0.0213092
0.709955 0.0213587
0.709554 0.0214085
0.70915 0.0214585
0.708744 0.0215089
0.708337 0.0215596
0.707928 0.0216106
0.707516 0.0216619
0.707103 0.0217136
0.706688 0.0217655
0.70627 0.0218178
0.705851 0.0218705
0.70543 0.0219234
0.705006 0.0219767
0.704581 0.0220303
0.704153 0.0220843
0.703724 0.0221386
0.703292 0.0221933
0.702858 0.0222483
0.702422 0.0223036
0.701984 0.0223594
0.701544 0.0224154
0.701102 0.0224719
0.700657 0.0225287
0.700211 0.0225859
0.699762 0.0226435
0.699311 0.0227014
0.698857 0.0227597
0.698402 0.0228184
0.697944 0.0228775
0.697484 0.022937
0.697021 0.0229969
0.696556 0.0230572
0.696089 0.0231178
0.69562 0.0231789
0.695148 0.0232404
0.694673 0.0233023
0.694197 0.0233647
0.693718 0.0234274
0.693236 0.0234906
0.692752 0.0235543
0.692266 0.0236183
0.691777 0.0236828
0.691285 0.0237478
0.690791 0.0238131
0.690295 0.023879
0.689796 0.0239453
0.689294 0.0240121
0.68879 0.0240793
0.688283 0.024147
0.687773 0.0242152
0.687261 0.0242838
0.686746 0.024353
0.686229 0.0244226
0.685709 0.0244928
0.685186 0.0245634
0.68466 0.0246345
0.684131 0.0247062
0.6836 0.0247784
0.683066 0.024851
0.682529 0.0249243
0.681989 0.024998
0.681447 0.0250723
0.680901 0.0251471
0.680353 0.0252225
0.679801 0.0252984
0.679247 0.0253749
0.678689 0.025452
0.678129 0.0255296
0.677566 0.0256079
0.676999 0.0256866
0.67643 0.025766
0.675857 0.025846
0.675281 0.0259266
0.674703 0.0260078
0.674121 0.0260896
0.673535 0.0261721
0.672947 0.0262551
0.672355 0.0263388
0.67176 0.0264232
0.671162 0.0265082
0.670561 0.0265938
0.669956 0.0266801
0.669348 0.0267671
0.668736 0.0268548
0.668121 0.0269431
0.667503 0.0270322
0.666881 0.0271219
0.666256 0.0272124
0.665627 0.0273036
0.664995 0.0273955
0.664359 0.0274881
0.66372 0.0275815
0.663077 0.0276756
0.66243 0.0277705
0.66178 0.0278661
0.661126 0.0279625
0.660468 0.0280597
0.659806 0.0281577
0.659141 0.0282565
0.658472 0.0283561
0.657799 0.0284566
0.657122 0.0285578
0.656442 0.0286599
0.655757 0.0287629
0.655069 0.0288667
0.654376 0.0289713
0.65368 0.0290769
0.652979 0.0291833
0.652275 0.0292907
0.651566 0.0293989
0.650853 0.0295081
0.650136 0.0296182
0.649415 0.0297292
0.64869 0.0298412
0.64796 0.0299542
0.647226 0.0300681
0.646488 0.030183
0.645745 0.030299
0.644999 0.0304159
0.644247 0.0305338
0.643491 0.0306528
0.642731 0.0307729
0.641966 0.030894
0.641197 0.0310161
0.640423 0.0311394
0.639645 0.0312638
0.638862 0.0313892
0.638074 0.0315158
0.637281 0.0316436
0.636484 0.0317725
0.635682 0.0319025
0.634875 0.0320338
0.634063 0.0321662
0.633247 0.0322999
0.632425 0.0324348
0.631599 0.0325709
0.630767 0.0327083
0.629931 0.032847
0.629089 0.032987
0.628242 0.0331282
0.62739 0.0332708
0.626533 0.0334148
0.625671 0.0335601
0.624803 0.0337068
0.623931 0.0338548
0.623052 0.0340043
0.622169 0.0341552
0.62128 0.0343076
0.620385 0.0344614
0.619485 0.0346167
0.61858 0.0347736
0.617669 0.0349319
0.616752 0.0350918
0.61583 0.0352533
0.614902 0.0354163
0.613968 0.035581
0.613029 0.0357473
0.612083 0.0359152
0.611132 0.0360848
0.610175 0.0362561
0.609212 0.0364292
0.608243 0.0366039
0.607268 0.0367805
0.606287 0.0369588
0.6053 0.0371389
0.604306 0.0373209
0.603307 0.0375047
0.602301 0.0376905
0.601289 0.0378781
0.600271 0.0380677
0.599246 0.0382592
0.598215 0.0384528
0.597177 0.0386483
0.596133 0.0388459
0.595082 0.0390456
0.594025 0.0392474
0.592961 0.0394514
0.591891 0.0396575
0.590814 0.0398657
0.58973 0.0400763
0.588639 0.0402891
0.587542 0.0405041
0.586437 0.0407215
0.585326 0.0409413
0.584207 0.0411634
0.583082 0.041388
0.58195 0.041615
0.58081 0.0418446
0.579663 0.0420766
0.57851 0.0423113
0.577348 0.0425485
0.57618 0.0427884
0.575004 0.0430309
0.573821 0.0432762
0.572631 0.0435242
0.571433 0.0437751
0.570228 0.0440287
0.569015 0.0442853
0.567794 0.0445448
0.566566 0.0448072
0.565331 0.0450727
0.564087 0.0453412
0.562836 0.0456128
0.561577 0.0458876
0.56031 0.0461656
0.559036 0.0464468
0.557753 0.0467313
0.556463 0.0470191
0.555164 0.0473104
0.553858 0.047605
0.552543 0.0479032
0.551221 0.0482049
0.54989 0.0485103
0.548551 0.0488193
0.547204 0.049132
0.545849 0.0494484
0.544485 0.0497687
0.543113 0.0500929
0.541733 0.050421
0.540344 0.0507532
0.538947 0.0510894
0.537542 0.0514297
0.536128 0.0517743
0.534705 0.0521231
0.533274 0.0524762
0.531835 0.0528337
0.530387 0.0531957
0.52893 0.0535623
0.527464 0.0539334
0.52599 0.0543092
0.524508 0.0546898
0.523016 0.0550752
0.521516 0.0554655
0.520007 0.0558607
0.518489 0.0562611
0.516963 0.0566665
0.515428 0.0570772
0.513883 0.0574932
0.51233 0.0579146
0.510769 0.0583415
0.509198 0.0587739
0.507618 0.059212
0.50603 0.0596558
0.504432 0.0601054
0.502826 0.060561
0.501211 0.0610226
0.499587 0.0614903
0.497954 0.0619643
0.496312 0.0624445
0.494661 0.0629312
0.493002 0.0634244
0.491333 0.0639243
0.489656 0.0644308
0.487969 0.0649443
0.486274 0.0654647
0.48457 0.0659921
0.482857 0.0665268
0.481136 0.0670687
0.479405 0.0676181
0.477666 0.068175
0.475918 0.0687396
0.474162 0.069312
0.472396 0.0698923
0.470622 0.0704806
0.46884 0.0710772
0.467049 0.071682
0.465249 0.0722953
0.463441 0.0729172
0.461624 0.0735478
0.459799 0.0741873
0.457966 0.0748358
0.456124 0.0754934
0.454275 0.0761604
0.452417 0.0768369
0.45055 0.077523
0.448676 0.0782188
0.446794 0.0789246
0.444904 0.0796405
0.443006 0.0803667
0.441101 0.0811033
0.439187 0.0818505
0.437267 0.0826085
0.435338 0.0833774
0.433403 0.0841575
0.43146 0.0849488
0.429509 0.0857517
0.427552 0.0865663
0.425588 0.0873927
0.423616 0.0882312
0.421638 0.089082
0.419654 0.0899452
0.417663 0.0908211
0.415665 0.0917099
0.413661 0.0926117
0.411651 0.0935268
0.409635 0.0944554
0.407613 0.0953977
0.405585 0.0963539
0.403552 0.0973243
0.401513 0.0983091
0.399469 0.0993084
0.39742 0.100323
0.395365 0.101352
0.393306 0.102396
0.391243 0.103457
0.389174 0.104532
0.387102 0.105624
0.385025 0.106733
0.382945 0.107857
0.38086 0.108999
0.378772 0.110157
0.376681 0.111333
0.374586 0.112527
0.372488 0.113738
0.370388 0.114968
0.368285 0.116215
0.366179 0.117482
0.364072 0.118767
0.361962 0.120072
0.359851 0.121396
0.357738 0.12274
0.355624 0.124104
0.353508 0.125488
0.351392 0.126893
0.349275 0.128319
0.347158 0.129766
0.34504 0.131235
0.342923 0.132726
0.340806 0.134239
0.338689 0.135774
0.336573 0.137332
0.334459 0.138913
0.332345 0.140518
0.330233 0.142146
0.328123 0.143799
0.326015 0.145476
0.323909 0.147177
0.321805 0.148904
0.319705 0.150655
0.317607 0.152433
0.315513 0.154236
0.313422 0.156066
0.311335 0.157922
0.309252 0.159806
0.307173 0.161716
0.305099 0.163654
0.30303 0.16562
0.300965 0.167615
0.298907 0.169638
0.296853 0.171689
0.294806 0.17377
0.292764 0.175881
0.290729 0.178021
0.288701 0.180192
0.286679 0.182393
0.284665 0.184625
0.282658 0.186888
0.280658 0.189182
0.278666 0.191508
0.276682 0.193866
0.274707 0.196256
0.27274 0.198679
0.270782 0.201135
0.268833 0.203624
0.266893 0.206146
0.264963 0.208703
0.263042 0.211293
0.261131 0.213917
0.259231 0.216576
0.25734 0.219269
0.255461 0.221997
0.253591 0.224761
0.251733 0.22756
0.249886 0.230395
0.248051 0.233265
0.246227 0.236172
0.244414 0.239114
0.242614 0.242093
0.240825 0.245109
0.239049 0.248161
0.237285 0.25125
0.235534 0.254376
0.233796 0.257539
0.23207 0.260739
0.230358 0.263977
0.228658 0.267252
0.226973 0.270564
0.2253 0.273914
0.223641 0.277301
0.221996 0.280725
0.220365 0.284187
0.218747 0.287687
0.217144 0.291223
0.215555 0.294798
0.21398 0.298409
0.212419 0.302058
0.210873 0.305744
0.209342 0.309466
0.207825 0.313226
0.206323 0.317022
0.204836 0.320854
0.203363 0.324723
0.201906 0.328628
0.200463 0.332568
0.199035 0.336544
0.197623 0.340555
0.196225 0.344601
0.194843 0.348681
0.193476 0.352796
0.192124 0.356944
0.190787 0.361125
0.189466 0.365339
0.188159 0.369586
0.186868 0.373865
0.185593 0.378174
0.184332 0.382515
0.183087 0.386886
0.181857 0.391287
0.180642 0.395716
0.179442 0.400175
0.178258 0.40466
0.177089 0.409173
0.175935 0.413713
0.174796 0.418278
0.173672 0.422867
0.172563 0.427481
0.171469 0.432118
0.17039 0.436778
0.169326 0.441459
0.168277 0.446161
0.167242 0.450882
0.166222 0.455623
0.165217 0.460381
0.164226 0.465157
0.16325 0.469948
0.162289 0.474755
0.161341 0.479576
0.160408 0.484409
0.159489 0.489255
0.158584 0.494111
0.157694 0.498977
0.156817 0.503852
0.155954 0.508734
0.155105 0.513623
0.154269 0.518517
0.153447 0.523416
0.152638 0.528317
0.151843 0.53322
0.151061 0.538125
0.150292 0.543028
0.149536 0.54793
0.148793 0.55283
0.148063 0.557725
0.147346 0.562616
0.146641 0.5675
0.145949 0.572377
0.145269 0.577245
0.144601 0.582103
0.143945 0.58695
0.143301 0.591786
0.14267 0.596608
0.14205 0.601415
0.141441 0.606208
0.140844 0.610983
0.140259 0.615741
0.139685 0.620481
0.139122 0.6252
0.13857 0.629899
0.138029 0.634575
0.137498 0.639229
0.136979 0.643859
0.136469 0.648463
0.135971 0.653042
0.135482 0.657595
0.135004 0.662119
0.134536 0.666615
0.134077 0.671081
0.133628 0.675517
0.133189 0.679923
0.13276 0.684296
0.13234 0.688636
0.131929 0.692943
0.131527 0.697216
0.131135 0.701455
0.130751 0.705658
0.130376 0.709824
0.130009 0.713955
0.129652 0.718048
0.129302 0.722103
0.128961 0.72612
0.128628 0.730099
0.128303 0.734038
0.127986 0.737938
0.127677 0.741798
0.127375 0.745618
0.127082 0.749397
0.126795 0.753136
0.126516 0.756833
0.126244 0.760488
0.125979 0.764103
0.125722 0.767675
0.125471 0.771206
0.125227 0.774694
0.12499 0.77814
0.124759 0.781544
0.124535 0.784906
0.124317 0.788225
0.124105 0.791502
0.1239 0.794737
0.1237 0.79793
0.123507 0.80108
0.123319 0.804188
0.123137 0.807254
0.122961 0.810278
0.12279 0.81326
0.122625 0.816201
0.122465 0.8191
0.122311 0.821959
0.122162 0.824776
0.122018 0.827552
0.121878 0.830288
0.121744 0.832983
0.121615 0.835639
0.12149 0.838254
0.12137 0.840831
0.121255 0.843368
0.121144 0.845866
0.121038 0.848326
0.120936 0.850748
0.120838 0.853132
0.120745 0.855479
0.120655 0.857788
0.12057 0.860061
0.120488 0.862298
0.120411 0.864498
0.120337 0.866664
0.120267 0.868794
0.120201 0.870889
0.120139 0.87295
0.12008 0.874977
0.120024 0.876971
0.119972 0.878931
0.119924 0.880859
0.119878 0.882755
0.119836 0.884619
0.119797 0.886451
0.119761 0.888253
0.119729 0.890024
0.119699 0.891765
0.119672 0.893476
0.119649 0.895158
0.119628 0.896811
0.11961 0.898436
0.119594 0.900033
0.119581 0.901602
0.119571 0.903144
0.119564 0.90466
0.119559 0.906149
0.119557 0.907612
0.119557 0.909049
0.119559 0.910462
0.119564 0.911849
0.119571 0.913213
0.119581 0.914553
0.119593 0.915869
0.119607 0.917161
0.119623 0.918432
0.119641 0.919679
0.119661 0.920905
0.119684 0.922109
0.119708 0.923292
0.119734 0.924454
0.119763 0.925596
0.119793 0.926717
0.119825 0.927819
0.119859 0.928901
0.119894 0.929964
0.119932 0.931008
0.119971 0.932033
0.120012 0.933041
0.120054 0.93403
0.120099 0.935002
0.120144 0.935957
0.120192 0.936895
0.120241 0.937817
0.120291 0.938722
0.120343 0.939611
0.120396 0.940485
0.120451 0.941343
0.120508 0.942186
0.120565 0.943014
0.120624 0.943827
0.120685 0.944627
0.120746 0.945412
0.120809 0.946183
0.120874 0.946941
0.120939 0.947686
0.121006 0.948417
0.121074 0.949136
0.121143 0.949842
0.121214 0.950536
0.121285 0.951218
0.121358 0.951888
0.121432 0.952546
0.121506 0.953193
0.121582 0.953828
0.121659 0.954453
0.121737 0.955067
0.121816 0.95567
0.121896 0.956263
0.121978 0.956845
0.12206 0.957418
0.122142 0.957981
0.122226 0.958534
0.122311 0.959077
0.122397 0.959612
0.122483 0.960137
0.122571 0.960653
0.122659 0.961161
0.122749 0.96166
0.122839 0.96215
0.122929 0.962633
0.123021 0.963107
0.123114 0.963573
0.123207 0.964031
0.123301 0.964482
0.123396 0.964925
0.123491 0.96536
0.123587 0.965789
0.123684 0.96621
0.123782 0.966624
0.123881 0.967032
0.12398 0.967433
0.124079 0.967827
0.12418 0.968214
0.124281 0.968596
0.124383 0.968971
0.124485 0.969339
0.124588 0.969702
0.124692 0.970059
0.124796 0.97041
0.124901 0.970756
0.125007 0.971096
0.125113 0.97143
0.125219 0.971759
0.125327 0.972083
0.125434 0.972401
0.125543 0.972715
0.125652 0.973023
0.125761 0.973327
0.125871 0.973626
0.125981 0.97392
0.126092 0.974209
0.126204 0.974494
0.126316 0.974774
0.126428 0.97505
0.126541 0.975322
0.126655 0.975589
0.126769 0.975852
0.126883 0.976111
0.126998 0.976366
0.127114 0.976618
0.127229 0.976865
0.127346 0.977108
0.127462 0.977348
0.127579 0.977584
0.127697 0.977817
0.127815 0.978046
0.127933 0.978271
0.128052 0.978493
0.128172 0.978712
0.128291 0.978927
0.128411 0.97914
0.128532 0.979349
0.128653 0.979554
0.128774 0.979757
0.128895 0.979957
0.129017 0.980154
0.12914 0.980348
0.129263 0.980539
0.129386 0.980727
0.129509 0.980912
0.129633 0.981095
0.129757 0.981275
0.129882 0.981453
0.130007 0.981628
0.130132 0.9818
0.130257 0.98197
0.130383 0.982137
0.13051 0.982302
0.130636 0.982465
0.130763 0.982625
0.13089 0.982783
0.131018 0.982939
0.131146 0.983092
0.131274 0.983244
0.131402 0.983393
0.131531 0.98354
0.13166 0.983685
0.13179 0.983828
0.131919 0.983969
0.13205 0.984108
0.13218 0.984245
0.13231 0.98438
0.132441 0.984514
0.132573 0.984645
0.132704 0.984775
0.132836 0.984903
0.132968 0.985029
0.1331 0.985153
0.133233 0.985276
0.133366 0.985397
0.133499 0.985516
0.133632 0.985634
0.133766 0.98575
0.1339 0.985865
0.134034 0.985978
0.134169 0.98609
0.134304 0.9862
0.134439 0.986308
0.134574 0.986416
0.134709 0.986521
0.134845 0.986626
0.134981 0.986729
0.135118 0.98683
0.135254 0.986931
0.135391 0.98703
0.135528 0.987127
0.135666 0.987224
0.135803 0.987319
0.135941 0.987413
0.136079 0.987505
0.136217 0.987597
0.136356 0.987687
0.136495 0.987776
0.136634 0.987864
0.136773 0.987951
0.136912 0.988037
0.137052 0.988122
0.137192 0.988205
0.137332 0.988288
0.137473 0.98837
0.137614 0.98845
0.137754 0.98853
0.137896 0.988608
0.138037 0.988686
0.138179 0.988762
0.13832 0.988838
0.138462 0.988912
0.138605 0.988986
0.138747 0.989059
0.13889 0.989131
0.139033 0.989202
0.139176 0.989272
0.13932 0.989341
0.139463 0.98941
0.139607 0.989477
0.139751 0.989544
0.139896 0.98961
0.14004 0.989675
0.140185 0.989739
0.14033 0.989803
0.140475 0.989866
0.14062 0.989928
0.140766 0.989989
0.140912 0.99005
0.141058 0.99011
0.141204 0.990169
0.141351 0.990227
0.141498 0.990285
0.141644 0.990342
0.141792 0.990399
0.141939 0.990454
0.142087 0.990509
0.142234 0.990564
0.142382 0.990618
0.142531 0.990671
0.142679 0.990723
0.142828 0.990775
0.142977 0.990827
0.143126 0.990877
0.143275 0.990927
0.143425 0.990977
0.143575 0.991026
0.143725 0.991074
0.143875 0.991122
0.144025 0.99117
0.144176 0.991216
0.144327 0.991263
0.144478 0.991308
0.144629 0.991353
0.14478 0.991398
0.144932 0.991442
0.145084 0.991486
0.145236 0.991529
0.145389 0.991572
0.145541 0.991614
0.145694 0.991656
0.145847 0.991697
0.146 0.991738
0.146154 0.991778
0.146307 0.991818
0.146461 0.991857
0.146615 0.991896
0.14677 0.991935
0.146924 0.991973
0.147079 0.992011
0.147234 0.992048
0.147389 0.992085
0.147545 0.992121
0.1477 0.992157
0.147856 0.992193
0.148012 0.992228
0.148168 0.992263
0.148325 0.992298
0.148482 0.992332
0.148639 0.992365
0.148796 0.992399
0.148953 0.992432
0.149111 0.992464
0.149269 0.992497
0.149427 0.992529
0.149585 0.99256
0.149744 0.992592
0.149903 0.992622
0.150062 0.992653
0.150221 0.992683
0.150381 0.992713
0.15054 0.992743
0.1507 0.992772
0.15086 0.992801
0.151021 0.99283
0.151181 0.992858
0.151342 0.992886
0.151503 0.992914
0.151665 0.992941
0.151826 0.992968
0.151988 0.992995
0.15215 0.993022
0.152312 0.993048
0.152475 0.993074
0.152638 0.9931
0.152801 0.993125
0.152964 0.99315
0.153127 0.993175
0.153291 0.9932
0.153455 0.993224
0.153619 0.993248
0.153784 0.993272
0.153948 0.993296
0.154113 0.993319
0.154278 0.993342
0.154444 0.993365
0.15461 0.993387
0.154775 0.99341
0.154942 0.993432
0.155108 0.993454
0.155275 0.993475
0.155442 0.993497
0.155609 0.993518
0.155776 0.993539
0.155944 0.99356
0.156112 0.99358
0.15628 0.993601
0.156449 0.993621
0.156617 0.993641
0.156786 0.99366
0.156956 0.99368
0.157125 0.993699
0.157295 0.993718
0.157465 0.993737
0.157635 0.993756
0.157806 0.993774
0.157977 0.993792
0.158148 0.99381
0.158319 0.993828
0.158491 0.993846
0.158663 0.993863
0.158835 0.993881
0.159007 0.993898
0.15918 0.993915
0.159353 0.993931
0.159526 0.993948
0.1597 0.993964
0.159874 0.993981
0.160048 0.993997
0.160222 0.994012
0.160397 0.994028
0.160572 0.994044
0.160747 0.994059
0.160923 0.994074
0.161098 0.994089
0.161275 0.994104
0.161451 0.994119
0.161628 0.994133
0.161805 0.994148
0.161982 0.994162
0.162159 0.994176
0.162337 0.99419
0.162516 0.994204
0.162694 0.994217
0.162873 0.994231
0.163052 0.994244
0.163231 0.994257
0.163411 0.99427
0.163591 0.994283
0.163771 0.994296
0.163952 0.994309
0.164133 0.994321
0.164314 0.994333
0.164495 0.994346
0.164677 0.994358
0.164859 0.994369
0.165042 0.994381
0.165225 0.994393
0.165408 0.994404
0.165591 0.994416
0.165775 0.994427
0.165959 0.994438
0.166144 0.994449
0.166328 0.99446
0.166513 0.994471
0.166699 0.994481
0.166885 0.994492
0.167071 0.994502
0.167257 0.994513
0.167444 0.994523
0.167631 0.994533
0.167818 0.994543
0.168006 0.994552
0.168194 0.994562
0.168383 0.994572
0.168571 0.994581
0.16876 0.99459
0.16895 0.9946
0.16914 0.994609
0.16933 0.994618
0.169521 0.994626
0.169712 0.994635
0.169903 0.994644
0.170094 0.994652
0.170286 0.994661
0.170479 0.994669
0.170671 0.994677
0.170865 0.994686
0.171058 0.994694
0.171252 0.994702
0.171446 0.994709
0.171641 0.994717
0.171836 0.994725
0.172031 0.994732
0.172227 0.99474
0.172423 0.994747
0.172619 0.994754
0.172816 0.994761
0.173013 0.994768
0.173211 0.994775
0.173409 0.994782
0.173607 0.994789
0.173806 0.994796
0.174006 0.994802
0.174205 0.994809
0.174405 0.994815
0.174606 0.994821
0.174806 0.994828
0.175008 0.994834
0.175209 0.99484
0.175411 0.994846
0.175614 0.994851
0.175817 0.994857
0.17602 0.994863
0.176224 0.994868
0.176428 0.994874
0.176633 0.994879
0.176838 0.994885
0.177043 0.99489
0.177249 0.994895
0.177455 0.9949
0.177662 0.994905
0.177869 0.99491
0.178077 0.994915
0.178285 0.99492
0.178493 0.994924
0.178702 0.994929
0.178912 0.994934
0.179122 0.994938
0.179332 0.994942
0.179543 0.994947
0.179754 0.994951
0.179966 0.994955
0.180178 0.994959
0.180391 0.994963
0.180604 0.994967
0.180817 0.994971
0.181031 0.994974
0.181246 0.994978
0.181461 0.994982
0.181676 0.994985
0.181892 0.994989
0.182109 0.994992
0.182326 0.994995
0.182543 0.994999
0.182761 0.995002
0.18298 0.995005
0.183199 0.995008
0.183418 0.995011
0.183638 0.995014
0.183859 0.995016
0.184079 0.995019
0.184301 0.995022
0.184523 0.995024
0.184746 0.995027
0.184969 0.995029
0.185192 0.995032
0.185416 0.995034
0.185641 0.995036
0.185866 0.995039
0.186092 0.995041
0.186318 0.995043
0.186545 0.995045
0.186772 0.995047
0.187 0.995049
0.187229 0.99505
0.187458 0.995052
0.187687 0.995054
0.187917 0.995055
0.188148 0.995057
0.188379 0.995058
0.188611 0.99506
0.188844 0.995061
0.189077 0.995062
0.18931 0.995063
0.189544 0.995065
0.189779 0.995066
0.190014 0.995067
0.19025 0.995068
0.190487 0.995069
0.190724 0.995069
0.190962 0.99507
0.1912 0.995071
0.191439 0.995071
0.191678 0.995072
0.191919 0.995073
0.192159 0.995073
0.192401 0.995073
0.192643 0.995074
0.192886 0.995074
0.193129 0.995074
0.193373 0.995074
0.193617 0.995074
0.193863 0.995074
0.194109 0.995074
0.194355 0.995074
0.194602 0.995074
0.19485 0.995074
0.195099 0.995074
0.195348 0.995073
0.195598 0.995073
0.195849 0.995072
0.1961 0.995072
0.196352 0.995071
0.196604 0.995071
0.196858 0.99507
0.197112 0.995069
0.197366 0.995068
0.197622 0.995068
0.197878 0.995067
0.198135 0.995066
0.198392 0.995065
0.198651 0.995064
0.19891 0.995062
0.199169 0.995061
0.19943 0.99506
0.199691 0.995059
0.199953 0.995057
0.200216 0.995056
0.200479 0.995054
0.200743 0.995053
0.201008 0.995051
0.201274 0.995049
0.201541 0.995048
0.201808 0.995046
0.202076 0.995044
0.202345 0.995042
0.202614 0.99504
0.202885 0.995038
0.203156 0.995036
0.203428 0.995034
0.203701 0.995031
0.203975 0.995029
0.204249 0.995027
0.204524 0.995025
0.204801 0.995022
0.205078 0.99502
0.205355 0.995017
0.205634 0.995014
0.205913 0.995012
0.206194 0.995009
0.206475 0.995006
0.206757 0.995003
0.20704 0.995
0.207324 0.994998
0.207609 0.994995
0.207894 0.994991
0.208181 0.994988
0.208468 0.994985
0.208756 0.994982
0.209045 0.994979
0.209336 0.994975
0.209627 0.994972
0.209918 0.994968
0.210211 0.994965
0.210505 0.994961
0.2108 0.994957
0.211096 0.994954
0.211392 0.99495
0.21169 0.994946
0.211988 0.994942
0.212288 0.994938
0.212588 0.994934
0.21289 0.99493
0.213192 0.994926
0.213496 0.994922
0.2138 0.994918
0.214106 0.994913
0.214412 0.994909
0.21472 0.994904
0.215029 0.9949
0.215338 0.994895
0.215649 0.994891
0.215961 0.994886
0.216273 0.994881
0.216587 0.994877
0.216902 0.994872
0.217218 0.994867
0.217535 0.994862
0.217853 0.994857
0.218172 0.994852
0.218493 0.994847
0.218814 0.994841
0.219137 0.994836
0.21946 0.994831
0.219785 0.994825
0.220111 0.99482
0.220438 0.994814
0.220767 0.994809
0.221096 0.994803
0.221427 0.994797
0.221758 0.994791
0.222091 0.994786
0.222425 0.99478
0.222761 0.994774
0.223097 0.994768
0.223435 0.994761
0.223774 0.994755
0.224114 0.994749
0.224456 0.994743
0.224799 0.994736
0.225143 0.99473
0.225488 0.994723
0.225834 0.994717
0.226182 0.99471
0.226531 0.994703
0.226882 0.994697
0.227234 0.99469
0.227587 0.994683
0.227941 0.994676
0.228297 0.994669
0.228654 0.994662
0.229012 0.994654
0.229372 0.994647
0.229733 0.99464
0.230096 0.994632
0.23046 0.994625
0.230825 0.994617
0.231192 0.99461
0.23156 0.994602
0.231929 0.994594
0.2323 0.994586
0.232673 0.994578
0.233047 0.99457
0.233422 0.994562
0.233799 0.994554
0.234178 0.994546
0.234557 0.994538
0.234939 0.994529
0.235322 0.994521
0.235706 0.994512
0.236092 0.994504
0.23648 0.994495
0.236869 0.994486
0.23726 0.994478
0.237652 0.994469
0.238046 0.99446
0.238441 0.994451
0.238838 0.994441
0.239237 0.994432
0.239638 0.994423
0.24004 0.994414
0.240443 0.994404
0.240849 0.994394
0.241256 0.994385
0.241665 0.994375
0.242075 0.994365
0.242487 0.994355
0.242901 0.994345
0.243317 0.994335
0.243735 0.994325
0.244154 0.994315
0.244575 0.994305
0.244998 0.994294
0.245423 0.994284
0.245849 0.994273
0.246278 0.994263
0.246708 0.994252
0.24714 0.994241
0.247574 0.99423
0.24801 0.994219
0.248448 0.994208
0.248888 0.994197
0.249329 0.994185
0.249773 0.994174
0.250219 0.994162
0.250666 0.994151
0.251116 0.994139
0.251567 0.994127
0.252021 0.994115
0.252477 0.994103
0.252935 0.994091
0.253394 0.994079
0.253856 0.994067
0.25432 0.994054
0.254786 0.994042
0.255255 0.994029
0.255725 0.994017
0.256198 0.994004
0.256673 0.993991
0.25715 0.993978
0.257629 0.993965
0.25811 0.993951
0.258594 0.993938
0.25908 0.993925
0.259568 0.993911
0.260059 0.993897
0.260552 0.993883
0.261047 0.99387
0.261545 0.993855
0.262045 0.993841
0.262547 0.993827
0.263052 0.993813
0.263559 0.993798
0.264069 0.993784
0.264581 0.993769
0.265096 0.993754
0.265613 0.993739
0.266133 0.993724
0.266655 0.993709
0.26718 0.993693
0.267707 0.993678
0.268238 0.993662
0.26877 0.993646
0.269306 0.99363
0.269844 0.993614
0.270384 0.993598
0.270928 0.993582
0.271474 0.993566
0.272023 0.993549
0.272574 0.993532
0.273129 0.993516
0.273686 0.993499
0.274246 0.993481
0.274809 0.993464
0.275375 0.993447
0.275944 0.993429
0.276516 0.993411
0.277091 0.993394
0.277668 0.993376
0.278249 0.993357
0.278833 0.993339
0.27942 0.993321
0.28001 0.993302
0.280603 0.993283
0.281199 0.993264
0.281798 0.993245
0.282401 0.993226
0.283007 0.993207
0.283616 0.993187
0.284228 0.993167
0.284843 0.993147
0.285462 0.993127
0.286084 0.993107
0.28671 0.993086
0.287339 0.993066
0.287971 0.993045
0.288607 0.993024
0.289246 0.993003
0.289889 0.992982
0.290536 0.99296
0.291186 0.992938
0.291839 0.992916
0.292497 0.992894
0.293157 0.992872
0.293822 0.992849
0.29449 0.992827
0.295162 0.992804
0.295838 0.992781
0.296518 0.992757
0.297201 0.992734
0.297889 0.99271
0.29858 0.992686
0.299275 0.992662
0.299975 0.992638
0.300678 0.992613
0.301385 0.992588
0.302097 0.992563
0.302812 0.992538
0.303532 0.992513
0.304256 0.992487
0.304984 0.992461
0.305716 0.992435
0.306453 0.992408
0.307194 0.992382
0.307939 0.992355
0.308689 0.992328
0.309443 0.9923
0.310202 0.992273
0.310965 0.992245
0.311733 0.992216
0.312506 0.992188
0.313283 0.992159
0.314064 0.99213
0.314851 0.992101
0.315642 0.992072
0.316438 0.992042
0.317239 0.992012
0.318045 0.991981
0.318855 0.991951
0.319671 0.99192
0.320492 0.991888
0.321317 0.991857
0.322148 0.991825
0.322984 0.991793
0.323825 0.99176
0.324672 0.991727
0.325523 0.991694
0.32638 0.991661
0.327242 0.991627
0.32811 0.991593
0.328983 0.991559
0.329862 0.991524
0.330747 0.991489
0.331636 0.991453
0.332532 0.991417
0.333433 0.991381
0.33434 0.991345
0.335253 0.991308
0.336172 0.99127
0.337096 0.991233
0.338027 0.991195
0.338964 0.991156
0.339906 0.991117
0.340855 0.991078
0.34181 0.991038
0.342771 0.990998
0.343738 0.990958
0.344712 0.990917
0.345692 0.990876
0.346679 0.990834
0.347672 0.990792
0.348671 0.990749
0.349678 0.990706
0.350691 0.990663
0.35171 0.990618
0.352737 0.990574
0.35377 0.990529
0.35481 0.990484
0.355857 0.990438
0.356911 0.990391
0.357972 0.990344
0.359041 0.990297
0.360116 0.990249
0.361199 0.9902
0.362289 0.990151
0.363386 0.990102
0.364491 0.990052
0.365604 0.990001
0.366724 0.98995
0.367851 0.989898
0.368987 0.989846
0.37013 0.989793
0.371281 0.989739
0.37244 0.989685
0.373607 0.98963
0.374781 0.989574
0.375964 0.989518
0.377156 0.989462
0.378355 0.989404
0.379563 0.989346
0.380779 0.989287
0.382003 0.989228
0.383236 0.989168
0.384478 0.989107
0.385728 0.989045
0.386987 0.988983
0.388254 0.98892
0.389531 0.988856
0.390817 0.988792
0.392111 0.988726
0.393415 0.98866
0.394727 0.988593
0.396049 0.988526
0.39738 0.988457
0.398721 0.988388
0.400071 0.988317
0.401431 0.988246
0.4028 0.988174
0.404178 0.988101
0.405567 0.988028
0.406965 0.987953
0.408373 0.987877
0.409791 0.9878
0.411219 0.987723
0.412657 0.987644
0.414106 0.987564
0.415564 0.987484
0.417033 0.987402
0.418512 0.987319
0.420002 0.987236
0.421502 0.987151
0.423013 0.987065
0.424534 0.986977
0.426067 0.986889
0.42761 0.9868
0.429163 0.986709
0.430728 0.986617
0.432304 0.986524
0.433891 0.986429
0.435489 0.986334
0.437098 0.986237
0.438719 0.986139
0.440351 0.986039
0.441994 0.985938
0.443649 0.985836
0.445316 0.985732
0.446994 0.985627
0.448684 0.98552
0.450385 0.985412
0.452098 0.985302
0.453824 0.985191
0.455561 0.985078
0.45731 0.984964
0.459071 0.984847
0.460844 0.98473
0.46263 0.98461
0.464427 0.984489
0.466237 0.984366
0.468059 0.984242
0.469894 0.984115
0.471741 0.983987
0.4736 0.983857
0.475472 0.983725
0.477356 0.983591
0.479253 0.983454
0.481163 0.983316
0.483085 0.983176
0.48502 0.983034
0.486967 0.98289
0.488928 0.982743
0.490901 0.982594
0.492887 0.982443
0.494885 0.98229
0.496897 0.982134
0.498921 0.981976
0.500958 0.981815
0.503008 0.981652
0.505071 0.981487
0.507147 0.981318
0.509235 0.981148
0.511337 0.980974
0.513451 0.980798
0.515578 0.980619
0.517718 0.980437
0.51987 0.980252
0.522036 0.980064
0.524214 0.979874
0.526405 0.97968
0.528608 0.979483
0.530824 0.979283
0.533053 0.97908
0.535295 0.978873
0.537548 0.978663
0.539814 0.978449
0.542093 0.978232
0.544384 0.978012
0.546687 0.977787
0.549002 0.977559
0.551329 0.977328
0.553668 0.977092
0.556019 0.976852
0.558382 0.976609
0.560757 0.976361
0.563143 0.976109
0.56554 0.975853
0.567949 0.975592
0.570368 0.975327
0.572799 0.975058
0.575241 0.974784
0.577693 0.974505
0.580157 0.974221
0.58263 0.973933
0.585114 0.973639
0.587607 0.973341
0.590111 0.973037
0.592625 0.972728
0.595147 0.972413
0.59768 0.972093
0.600221 0.971767
0.602771 0.971436
0.60533 0.971099
0.607897 0.970755
0.610472 0.970406
0.613056 0.970051
0.615647 0.969689
0.618245 0.969321
0.620851 0.968946
0.623463 0.968564
0.626083 0.968176
0.628708 0.96778
0.63134 0.967378
0.633977 0.966968
0.63662 0.966551
0.639268 0.966126
0.641921 0.965694
0.644578 0.965254
0.64724 0.964806
0.649905 0.96435
0.652574 0.963885
0.655247 0.963412
0.657922 0.96293
0.660599 0.96244
0.663279 0.96194
0.66596 0.961432
0.668643 0.960914
0.671327 0.960386
0.674011 0.959849
0.676696 0.959302
0.67938 0.958745
0.682064 0.958178
0.684748 0.957601
0.68743 0.957013
0.69011 0.956414
0.692788 0.955803
0.695464 0.955182
0.698136 0.95455
0.700806 0.953905
0.703471 0.953249
0.706133 0.952581
0.70879 0.9519
0.711442 0.951207
0.714089 0.950501
0.71673 0.949783
0.719365 0.949051
0.721994 0.948305
0.724615 0.947546
0.727229 0.946773
0.729835 0.945986
0.732433 0.945184
0.735023 0.944368
0.737603 0.943537
0.740175 0.94269
0.742736 0.941829
0.745287 0.940951
0.747828 0.940058
0.750358 0.939148
0.752876 0.938222
0.755383 0.937279
0.757878 0.936319
0.760361 0.935341
0.762831 0.934346
0.765288 0.933334
0.767731 0.932303
0.770161 0.931253
0.772576 0.930185
0.774978 0.929098
0.777364 0.927991
0.779736 0.926865
0.782092 0.925718
0.784433 0.924552
0.786758 0.923365
0.789066 0.922157
0.791359 0.920928
0.793635 0.919677
0.795893 0.918405
0.798135 0.917111
0.800359 0.915794
0.802566 0.914454
0.804755 0.913092
0.806926 0.911706
0.809079 0.910296
0.811213 0.908862
0.813329 0.907404
0.815427 0.905922
0.817505 0.904414
0.819564 0.902882
0.821604 0.901323
0.823625 0.899739
0.825627 0.898128
0.827609 0.896491
0.829571 0.894827
0.831514 0.893136
0.833437 0.891417
0.83534 0.889671
0.837223 0.887896
0.839086 0.886093
0.84093 0.884261
0.842753 0.8824
0.844556 0.88051
0.846339 0.87859
0.848102 0.87664
0.849844 0.87466
0.851567 0.872649
0.853269 0.870607
0.854952 0.868534
0.856614 0.86643
0.858256 0.864294
0.859878 0.862126
0.861481 0.859925
0.863063 0.857692
0.864625 0.855426
0.866168 0.853127
0.867691 0.850794
0.869194 0.848428
0.870678 0.846028
0.872142 0.843594
0.873587 0.841126
0.875013 0.838623
0.876419 0.836085
0.877806 0.833512
0.879175 0.830904
0.880524 0.828261
0.881855 0.825582
0.883167 0.822867
0.884461 0.820116
0.885736 0.817329
0.886993 0.814506
0.888232 0.811646
0.889453 0.80875
0.890656 0.805817
0.891842 0.802847
0.89301 0.79984
0.89416 0.796796
0.895294 0.793715
0.89641 0.790597
0.897509 0.787442
0.898592 0.784249
0.899658 0.781019
0.900707 0.777752
0.901741 0.774447
0.902758 0.771105
0.903759 0.767726
0.904745 0.764309
0.905715 0.760855
0.906669 0.757364
0.907608 0.753836
0.908532 0.750271
0.909441 0.746668
0.910335 0.743029
0.911215 0.739354
0.91208 0.735642
0.912931 0.731893
0.913767 0.728108
0.91459 0.724288
0.915399 0.720432
0.916194 0.71654
0.916976 0.712613
0.917744 0.708651
0.918499 0.704655
0.919242 0.700624
0.919971 0.696559
0.920688 0.692461
0.921392 0.688329
0.922084 0.684165
0.922764 0.679968
0.923432 0.675739
0.924087 0.671479
0.924731 0.667188
0.925364 0.662866
0.925985 0.658514
0.926595 0.654132
0.927193 0.649722
0.927781 0.645283
0.928358 0.640816
0.928924 0.636323
0.92948 0.631802
0.930025 0.627256
0.93056 0.622685
0.931085 0.618089
0.931599 0.613469
0.932104 0.608827
0.932599 0.604162
0.933085 0.599475
0.933561 0.594768
0.934028 0.590041
0.934486 0.585294
0.934934 0.58053
0.935374 0.575748
0.935805 0.570949
0.936227 0.566135
0.936641 0.561306
0.937046 0.556463
0.937443 0.551607
0.937831 0.546739
0.938212 0.541861
0.938584 0.536972
0.938949 0.532074
0.939306 0.527168
0.939655 0.522255
0.939997 0.517336
0.940331 0.512412
0.940658 0.507484
0.940978 0.502553
0.94129 0.497621
0.941596 0.492687
0.941895 0.487753
0.942187 0.482821
0.942472 0.477891
0.94275 0.472965
0.943023 0.468042
0.943288 0.463126
0.943547 0.458215
0.943801 0.453313
0.944047 0.448419
0.944288 0.443534
0.944523 0.438661
0.944752 0.433799
0.944975 0.42895
0.945193 0.424114
0.945405 0.419294
0.945611 0.414489
0.945812 0.409701
0.946008 0.404931
0.946198 0.40018
0.946383 0.395448
0.946563 0.390737
0.946738 0.386047
0.946908 0.38138
0.947073 0.376736
0.947233 0.372117
0.947388 0.367522
0.947539 0.362954
0.947685 0.358412
0.947826 0.353897
0.947964 0.349411
0.948096 0.344954
0.948224 0.340526
0.948349 0.336129
0.948468 0.331763
0.948584 0.327429
0.948696 0.323128
0.948803 0.318859
0.948907 0.314624
0.949007 0.310423
0.949103 0.306257
0.949195 0.302126
0.949283 0.298031
0.949368 0.293972
0.94945 0.28995
0.949527 0.285965
0.949602 0.282017
0.949673 0.278107
0.94974 0.274235
0.949804 0.270402
0.949865 0.266607
0.949923 0.262852
0.949978 0.259135
0.950029 0.255458
0.950078 0.251821
0.950123 0.248224
0.950166 0.244666
0.950205 0.241149
0.950242 0.237671
0.950276 0.234234
0.950307 0.230838
0.950336 0.227482
0.950362 0.224166
0.950385 0.22089
0.950406 0.217655
0.950424 0.21446
0.950439 0.211306
0.950453 0.208191
0.950464 0.205117
0.950472 0.202082
0.950478 0.199088
0.950482 0.196133
0.950484 0.193217
0.950483 0.190341
0.950481 0.187504
0.950476 0.184706
0.950469 0.181947
0.95046 0.179226
0.950449 0.176544
0.950436 0.173899
0.950421 0.171292
0.950404 0.168723
0.950386 0.16619
0.950365 0.163695
0.950343 0.161236
0.950319 0.158814
0.950293 0.156427
0.950265 0.154076
0.950236 0.15176
0.950205 0.149479
0.950173 0.147233
0.950139 0.145021
0.950103 0.142842
0.950066 0.140698
0.950028 0.138586
0.949987 0.136507
0.949946 0.134461
0.949903 0.132447
0.949859 0.130464
0.949813 0.128512
0.949766 0.126592
0.949717 0.124702
0.949668 0.122842
0.949617 0.121012
0.949564 0.119211
0.949511 0.117439
0.949456 0.115696
0.949401 0.113981
0.949344 0.112294
0.949286 0.110634
0.949227 0.109001
0.949166 0.107395
0.949105 0.105815
0.949043 0.104261
0.948979 0.102733
0.948915 0.10123
0.948849 0.0997511
0.948783 0.0982971
0.948716 0.0968672
0.948648 0.0954609
0.948578 0.0940779
0.948508 0.092718
0.948438 0.0913806
0.948366 0.0900655
0.948293 0.0887722
0.94822 0.0875006
0.948146 0.0862501
0.948071 0.0850206
0.947995 0.0838116
0.947918 0.0826228
0.947841 0.0814538
0.947763 0.0803045
0.947684 0.0791743
0.947605 0.0780631
0.947525 0.0769705
0.947444 0.0758962
0.947363 0.0748399
0.947281 0.0738013
0.947198 0.0727801
0.947115 0.0717759
0.947031 0.0707886
0.946946 0.0698178
0.946861 0.0688633
0.946776 0.0679247
0.946689 0.0670018
0.946603 0.0660943
0.946515 0.065202
0.946428 0.0643245
0.946339 0.0634617
0.946251 0.0626133
0.946161 0.061779
0.946072 0.0609587
0.945982 0.0601519
0.945891 0.0593586
0.9458 0.0585784
0.945708 0.0578111
0.945616 0.0570566
0.945524 0.0563146
0.945431 0.0555848
0.945338 0.0548671
0.945245 0.0541612
0.945151 0.0534669
0.945056 0.0527841
0.944962 0.0521125
0.944867 0.0514519
0.944771 0.0508021
0.944676 0.050163
0.94458 0.0495343
0.944483 0.0489158
0.944387 0.0483075
0.94429 0.047709
0.944193 0.0471203
0.944095 0.0465411
0.943997 0.0459713
0.943899 0.0454107
0.943801 0.0448592
0.943702 0.0443165
0.943604 0.0437826
0.943505 0.0432572
0.943405 0.0427403
0.943306 0.0422316
0.943206 0.0417311
0.943106 0.0412385
0.943006 0.0407538
0.942905 0.0402768
0.942805 0.0398073
0.942704 0.0393453
0.942603 0.0388905
0.942502 0.0384429
0.9424 0.0380024
0.942299 0.0375688
0.942197 0.0371419
0.942095 0.0367218
0.941993 0.0363082
0.941891 0.035901
0.941788 0.0355002
0.941686 0.0351056
0.941583 0.034717
0.94148 0.0343345
0.941378 0.0339579
0.941275 0.033587
0.941171 0.0332219
0.941068 0.0328623
0.940965 0.0325082
0.940861 0.0321596
0.940758 0.0318162
0.940654 0.031478
0.94055 0.0311449
0.940446 0.0308169
0.940342 0.0304938
0.940238 0.0301756
0.940134 0.0298621
0.94003 0.0295533
0.939925 0.0292492
0.939821 0.0289495
0.939717 0.0286543
0.939612 0.0283635
0.939508 0.028077
0.939403 0.0277947
0.939298 0.0275166
0.939194 0.0272425
0.939089 0.0269725
0.938984 0.0267064
0.938879 0.0264441
0.938774 0.0261857
0.938669 0.0259311
0.938564 0.0256801
0.938459 0.0254327
0.938354 0.0251889
0.938249 0.0249486
0.938144 0.0247118
0.938039 0.0244783
0.937934 0.0242481
0.937829 0.0240213
0.937724 0.0237976
0.937619 0.0235771
0.937514 0.0233597
0.937408 0.0231454
0.937303 0.0229341
0.937198 0.0227257
0.937093 0.0225203
0.936988 0.0223177
0.936883 0.0221179
0.936778 0.0219209
0.936673 0.0217267
0.936567 0.0215351
0.936462 0.0213461
0.936357 0.0211598
0.936252 0.0209759
0.936147 0.0207946
0.936042 0.0206158
0.935937 0.0204394
0.935832 0.0202654
0.935727 0.0200937
0.935623 0.0199244
0.935518 0.0197573
0.935413 0.0195925
0.935308 0.0194298
0.935203 0.0192694
0.935099 0.0191111
0.934994 0.0189549
0.934889 0.0188007
0.934785 0.0186486
0.93468 0.0184985
0.934576 0.0183504
0.934471 0.0182042
0.934367 0.0180599
0.934263 0.0179175
0.934158 0.0177769
0.934054 0.0176382
0.93395 0.0175013
0.933846 0.0173661
0.933742 0.0172327
0.933638 0.017101
0.933534 0.016971
0.93343 0.0168426
0.933326 0.0167159
0.933222 0.0165908
0.933119 0.0164673
0.933015 0.0163453
0.932912 0.0162249
0.932808 0.016106
0.932705 0.0159886
0.932601 0.0158727
0.932498 0.0157582
0.932395 0.0156451
0.932292 0.0155335
0.932189 0.0154232
0.932086 0.0153143
0.931983 0.0152067
0.93188 0.0151005
0.931777 0.0149955
0.931675 0.0148919
0.931572 0.0147895
0.93147 0.0146883
0.931367 0.0145884
0.931265 0.0144897
0.931163 0.0143922
0.93106 0.0142959
0.930958 0.0142007
0.930856 0.0141067
0.930754 0.0140138
0.930653 0.013922
0.930551 0.0138313
0.930449 0.0137417
0.930348 0.0136532
0.930246 0.0135657
0.930145 0.0134792
0.930044 0.0133937
0.929942 0.0133093
0.929841 0.0132258
0.92974 0.0131433
0.929639 0.0130618
0.929539 0.0129813
0.929438 0.0129016
0.929337 0.0128229
0.929237 0.0127451
0.929136 0.0126682
0.929036 0.0125922
0.928936 0.012517
0.928836 0.0124427
0.928736 0.0123693
0.928636 0.0122967
0.928536 0.0122249
0.928436 0.0121539
0.928336 0.0120838
0.928237 0.0120144
0.928137 0.0119458
0.928038 0.011878
0.927939 0.0118109
0.92784 0.0117446
0.927741 0.011679
0.927642 0.0116142
0.927543 0.0115501
0.927444 0.0114867
0.927346 0.011424
0.927247 0.0113619
0.927149 0.0113006
0.92705 0.01124
0.926952 0.01118
0.926854 0.0111206
0.926756 0.0110619
0.926658 0.0110039
0.926561 0.0109465
0.926463 0.0108897
0.926365 0.0108335
0.926268 0.0107779
0.926171 0.0107229
0.926074 0.0106686
0.925976 0.0106147
0.925879 0.0105615
0.925783 0.0105089
0.925686 0.0104568
0.925589 0.0104052
0.925493 0.0103542
0.925396 0.0103038
0.9253 0.0102539
0.925204 0.0102045
0.925108 0.0101556
0.925012 0.0101072
0.924916 0.0100594
0.92482 0.010012
0.924724 0.00996517
0.924629 0.0099188
0.924533 0.00987291
0.924438 0.0098275
0.924343 0.00978256
0.924248 0.00973808
0.924153 0.00969407
0.924058 0.0096505
0.923963 0.00960739
0.923868 0.00956472
0.923774 0.00952248
0.923679 0.00948068
0.923585 0.0094393
0.923491 0.00939834
0.923397 0.0093578
0.923303 0.00931767
0.923209 0.00927795
0.923115 0.00923863
0.923022 0.00919971
0.922928 0.00916117
0.922835 0.00912303
0.922742 0.00908527
0.922648 0.00904788
0.922555 0.00901087
0.922462 0.00897423
0.92237 0.00893796
0.922277 0.00890204
0.922184 0.00886648
0.922092 0.00883128
0.922 0.00879642
0.921907 0.0087619
0.921815 0.00872773
0.921723 0.00869389
0.921631 0.00866039
0.92154 0.00862721
0.921448 0.00859436
0.921356 0.00856183
0.921265 0.00852962
0.921174 0.00849772
0.921082 0.00846613
0.920991 0.00843485
0.9209 0.00840387
0.920809 0.0083732
0.920719 0.00834281
0.920628 0.00831273
0.920538 0.00828293
0.920447 0.00825342
0.920357 0.00822419
0.920267 0.00819524
0.920177 0.00816657
0.920087 0.00813818
0.919997 0.00811005
0.919907 0.00808219
0.919818 0.0080546
0.919728 0.00802727
0.919639 0.0080002
0.91955 0.00797339
0.91946 0.00794683
0.919371 0.00792052
0.919283 0.00789447
0.919194 0.00786865
0.919105 0.00784308
0.919017 0.00781775
0.918928 0.00779266
0.91884 0.0077678
0.918752 0.00774318
0.918663 0.00771878
0.918576 0.00769462
0.918488 0.00767068
0.9184 0.00764696
0.918312 0.00762346
0.918225 0.00760018
0.918137 0.00757712
0.91805 0.00755427
0.917963 0.00753164
0.917876 0.00750921
0.917789 0.00748699
0.917702 0.00746498
0.917615 0.00744316
0.917529 0.00742155
0.917442 0.00740014
0.917356 0.00737892
0.917269 0.0073579
0.917183 0.00733708
0.917097 0.00731644
0.917011 0.00729599
0.916925 0.00727573
0.91684 0.00725565
0.916754 0.00723576
0.916669 0.00721605
0.916583 0.00719651
0.916498 0.00717716
0.916413 0.00715798
0.916328 0.00713897
0.916243 0.00712014
0.916158 0.00710148
0.916073 0.00708298
0.915989 0.00706466
0.915904 0.0070465
0.91582 0.0070285
0.915736 0.00701067
0.915652 0.00699299
0.915568 0.00697548
0.915484 0.00695812
0.9154 0.00694092
0.915316 0.00692388
0.915233 0.00690698
0.915149 0.00689024
0.915066 0.00687365
0.914982 0.00685721
0.914899 0.00684091
0.914816 0.00682476
0.914733 0.00680876
0.91465 0.0067929
0.914568 0.00677718
0.914485 0.0067616
0.914403 0.00674615
0.91432 0.00673085
0.914238 0.00671568
0.914156 0.00670065
0.914074 0.00668575
0.913992 0.00667099
0.91391 0.00665635
0.913828 0.00664185
0.913747 0.00662747
0.913665 0.00661323
0.913584 0.0065991
0.913502 0.00658511
0.913421 0.00657124
0.91334 0.00655749
0.913259 0.00654386
0.913178 0.00653035
0.913097 0.00651697
0.913017 0.0065037
0.912936 0.00649055
0.912856 0.00647751
0.912775 0.00646459
0.912695 0.00645179
0.912615 0.00643909
0.912535 0.00642651
0.912455 0.00641405
0.912375 0.00640169
0.912295 0.00638944
0.912216 0.0063773
0.912136 0.00636526
0.912057 0.00635333
0.911978 0.00634151
0.911898 0.00632979
0.911819 0.00631818
0.91174 0.00630667
0.911662 0.00629526
0.911583 0.00628395
0.911504 0.00627274
0.911426 0.00626163
0.911347 0.00625061
0.911269 0.0062397
0.91119 0.00622888
0.911112 0.00621815
0.911034 0.00620753
0.910956 0.00619699
0.910878 0.00618655
0.910801 0.0061762
0.910723 0.00616594
0.910646 0.00615577
0.910568 0.0061457
0.910491 0.00613571
0.910413 0.00612581
0.910336 0.00611599
0.910259 0.00610627
0.910182 0.00609663
0.910106 0.00608707
0.910029 0.00607761
0.909952 0.00606822
0.909876 0.00605892
0.909799 0.0060497
0.909723 0.00604056
0.909647 0.0060315
0.909571 0.00602253
0.909494 0.00601363
0.909419 0.00600481
0.909343 0.00599608
0.909267 0.00598741
0.909191 0.00597883
0.909116 0.00597032
0.90904 0.00596189
0.908965 0.00595354
0.90889 0.00594526
0.908815 0.00593705
0.90874 0.00592891
0.908665 0.00592085
0.90859 0.00591287
0.908515 0.00590495
0.90844 0.0058971
0.908366 0.00588933
0.908291 0.00588162
0.908217 0.00587399
0.908143 0.00586642
0.908068 0.00585892
0.907994 0.00585149
0.90792 0.00584413
0.907846 0.00583683
0.907773 0.0058296
0.907699 0.00582243
0.907625 0.00581533
0.907552 0.00580829
0.907478 0.00580132
0.907405 0.00579441
0.907332 0.00578757
0.907259 0.00578079
0.907186 0.00577406
0.907113 0.00576741
0.90704 0.00576081
0.906967 0.00575427
0.906894 0.00574779
0.906822 0.00574137
0.906749 0.00573501
0.906677 0.00572871
0.906605 0.00572247
0.906532 0.00571629
0.90646 0.00571016
0.906388 0.00570409
0.906316 0.00569808
0.906245 0.00569212
0.906173 0.00568622
0.906101 0.00568037
0.90603 0.00567458
0.905958 0.00566884
0.905887 0.00566316
0.905815 0.00565753
0.905744 0.00565195
0.905673 0.00564643
0.905602 0.00564096
0.905531 0.00563554
0.90546 0.00563017
0.90539 0.00562485
0.905319 0.00561959
0.905248 0.00561437
0.905178 0.0056092
0.905108 0.00560409
0.905037 0.00559902
0.904967 0.005594
0.904897 0.00558903
0.904827 0.00558411
0.904757 0.00557924
0.904687 0.00557441
0.904617 0.00556963
0.904548 0.0055649
0.904478 0.00556021
0.904408 0.00555557
0.904339 0.00555098
0.90427 0.00554643
0.9042 0.00554192
0.904131 0.00553746
0.904062 0.00553305
0.903993 0.00552868
0.903924 0.00552435
0.903855 0.00552007
0.903787 0.00551583
0.903718 0.00551163
0.903649 0.00550747
0.903581 0.00550336
0.903513 0.00549929
0.903444 0.00549526
0.903376 0.00549127
0.903308 0.00548733
0.90324 0.00548342
0.903172 0.00547955
0.903104 0.00547573
0.903036 0.00547194
0.902968 0.00546819
0.902901 0.00546449
0.902833 0.00546082
0.902766 0.00545719
0.902698 0.0054536
0.902631 0.00545005
0.902564 0.00544653
0.902497 0.00544305
0.90243 0.00543961
0.902363 0.00543621
0.902296 0.00543284
0.902229 0.00542951
0.902162 0.00542622
0.902096 0.00542296
0.902029 0.00541974
0.901963 0.00541656
0.901896 0.00541341
0.90183 0.00541029
0.901764 0.00540721
0.901697 0.00540417
0.901631 0.00540116
0.901565 0.00539818
0.901499 0.00539524
0.901434 0.00539233
0.901368 0.00538945
0.901302 0.00538661
0.901237 0.0053838
0.901171 0.00538102
0.901106 0.00537828
0.90104 0.00537556
0.900975 0.00537288
0.90091 0.00537024
0.900845 0.00536762
0.900779 0.00536503
0.900715 0.00536248
0.90065 0.00535996
0.900585 0.00535746
0.90052 0.005355
0.900455 0.00535257
0.900391 0.00535017
0.900326 0.0053478
0.900262 0.00534546
0.900197 0.00534315
0.900133 0.00534087
0.900069 0.00533861
0.900005 0.00533639
0.899941 0.00533419
0.899877 0.00533203
0.899813 0.00532989
0.899749 0.00532778
0.899685 0.0053257
0.899622 0.00532364
0.899558 0.00532162
0.899495 0.00531962
0.899431 0.00531765
0.899368 0.0053157
0.899304 0.00531379
0.899241 0.0053119
0.899178 0.00531003
0.899115 0.00530819
0.899052 0.00530638
0.898989 0.0053046
0.898926 0.00530284
0.898863 0.00530111
0.898801 0.0052994
0.898738 0.00529772
0.898676 0.00529606
0.898613 0.00529443
0.898551 0.00529282
0.898488 0.00529124
0.898426 0.00528968
0.898364 0.00528815
0.898302 0.00528664
0.89824 0.00528515
0.898178 0.00528369
0.898116 0.00528226
0.898054 0.00528084
0.897992 0.00527945
0.89793 0.00527809
0.897869 0.00527674
0.897807 0.00527542
0.897746 0.00527413
0.897684 0.00527285
0.897623 0.0052716
0.897562 0.00527037
0.897501 0.00526916
0.897439 0.00526798
0.897378 0.00526682
0.897317 0.00526568
0.897256 0.00526456
0.897196 0.00526346
0.897135 0.00526238
0.897074 0.00526133
0.897013 0.0052603
0.896953 0.00525928
0.896892 0.00525829
0.896832 0.00525732
0.896772 0.00525637
0.896711 0.00525545
0.896651 0.00525454
0.896591 0.00525365
0.896531 0.00525278
0.896471 0.00525193
0.896411 0.00525111
0.896351 0.0052503
0.896291 0.00524951
0.896231 0.00524874
0.896172 0.00524799
0.896112 0.00524726
0.896052 0.00524655
0.895993 0.00524586
0.895933 0.00524519
0.895874 0.00524453
0.895815 0.0052439
0.895755 0.00524328
0.895696 0.00524269
0.895637 0.00524211
0.895578 0.00524154
0.895519 0.005241
0.89546 0.00524048
0.895401 0.00523997
0.895343 0.00523948
0.895284 0.00523901
0.895225 0.00523856
0.895167 0.00523812
0.895108 0.0052377
0.89505 0.0052373
0.894991 0.00523692
0.894933 0.00523655
0.894875 0.0052362
0.894817 0.00523587
0.894758 0.00523555
0.8947 0.00523525
0.894642 0.00523497
0.894584 0.0052347
0.894527 0.00523445
0.894469 0.00523422
0.894411 0.005234
0.894353 0.0052338
0.894296 0.00523361
0.894238 0.00523344
0.894181 0.00523329
0.894123 0.00523315
0.894066 0.00523303
0.894008 0.00523292
0.893951 0.00523283
0.893894 0.00523275
0.893837 0.00523269
0.89378 0.00523265
0.893723 0.00523262
0.893666 0.0052326
0.893609 0.0052326
0.893552 0.00523261
0.893495 0.00523264
0.893439 0.00523268
0.893382 0.00523274
0.893325 0.00523281
0.893269 0.0052329
0.893212 0.005233
0.893156 0.00523312
0.8931 0.00523325
0.893043 0.00523339
0.892987 0.00523355
0.892931 0.00523372
0.892875 0.0052339
0.892819 0.0052341
0.892763 0.00523431
0.892707 0.00523454
0.892651 0.00523478
0.892595 0.00523503
0.892539 0.00523529
0.892484 0.00523557
0.892428 0.00523586
0.892373 0.00523617
0.892317 0.00523649
0.892262 0.00523682
0.892206 0.00523716
0.892151 0.00523752
0.892095 0.00523789
0.89204 0.00523827
0.891985 0.00523866
0.89193 0.00523907
0.891875 0.00523949
0.89182 0.00523992
0.891765 0.00524037
0.89171 0.00524082
0.891655 0.00524129
0.8916 0.00524177
0.891546 0.00524226
0.891491 0.00524277
0.891436 0.00524328
0.891382 0.00524381
0.891327 0.00524435
0.891273 0.0052449
0.891218 0.00524546
0.891164 0.00524603
0.89111 0.00524662
0.891056 0.00524722
0.891001 0.00524782
0.890947 0.00524844
0.890893 0.00524907
0.890839 0.00524971
0.890785 0.00525037
0.890731 0.00525103
0.890678 0.0052517
0.890624 0.00525239
0.89057 0.00525309
0.890516 0.00525379
0.890463 0.00525451
0.890409 0.00525524
0.890356 0.00525597
0.890302 0.00525672
0.890249 0.00525748
0.890195 0.00525825
0.890142 0.00525903
0.890089 0.00525982
0.890036 0.00526062
0.889982 0.00526143
0.889929 0.00526225
0.889876 0.00526308
0.889823 0.00526392
0.88977 0.00526477
0.889717 0.00526563
0.889665 0.0052665
0.889612 0.00526738
0.889559 0.00526827
0.889506 0.00526917
0.889454 0.00527008
0.889401 0.00527099
0.889349 0.00527192
0.889296 0.00527286
0.889244 0.0052738
0.889191 0.00527476
0.889139 0.00527572
0.889087 0.00527669
0.889035 0.00527768
0.888982 0.00527867
0.88893 0.00527967
0.888878 0.00528068
0.888826 0.0052817
0.888774 0.00528272
0.888722 0.00528376
0.88867 0.0052848
0.888619 0.00528586
0.888567 0.00528692
0.888515 0.00528799
0.888463 0.00528907
0.888412 0.00529016
0.88836 0.00529125
0.888309 0.00529236
0.888257 0.00529347
0.888206 0.00529459
0.888154 0.00529572
0.888103 0.00529686
0.888052 0.00529801
0.888001 0.00529916
0.887949 0.00530032
0.887898 0.00530149
0.887847 0.00530267
0.887796 0.00530386
0.887745 0.00530505
0.887694 0.00530625
0.887643 0.00530746
0.887592 0.00530868
0.887542 0.00530991
0.887491 0.00531114
0.88744 0.00531238
0.88739 0.00531363
0.887339 0.00531488
0.887288 0.00531615
0.887238 0.00531742
0.887187 0.00531869
0.887137 0.00531998
0.887087 0.00532127
0.887036 0.00532257
0.886986 0.00532388
0.886936 0.00532519
0.886886 0.00532652
0.886835 0.00532785
0.886785 0.00532918
0.886735 0.00533052
0.886685 0.00533187
0.886635 0.00533323
0.886585 0.00533459
0.886535 0.00533597
0.886486 0.00533734
0.886436 0.00533873
0.886386 0.00534012
0.886336 0.00534152
0.886287 0.00534292
0.886237 0.00534433
0.886188 0.00534575
0.886138 0.00534717
0.886089 0.00534861
0.886039 0.00535004
0.88599 0.00535149
0.88594 0.00535294
0.885891 0.00535439
0.885842 0.00535586
0.885793 0.00535733
0.885744 0.0053588
0.885694 0.00536028
0.885645 0.00536177
0.885596 0.00536327
0.885547 0.00536477
0.885498 0.00536628
0.88545 0.00536779
0.885401 0.00536931
0.885352 0.00537083
0.885303 0.00537236
0.885254 0.0053739
0.885206 0.00537544
0.885157 0.00537699
0.885108 0.00537855
0.88506 0.00538011
0.885011 0.00538167
0.884963 0.00538324
0.884914 0.00538482
0.884866 0.0053864
0.884818 0.00538799
0.884769 0.00538959
0.884721 0.00539119
0.884673 0.00539279
0.884625 0.0053944
0.884577 0.00539602
0.884528 0.00539764
0.88448 0.00539927
0.884432 0.0054009
0.884384 0.00540254
0.884337 0.00540419
0.884289 0.00540583
0.884241 0.00540749
0.884193 0.00540915
0.884145 0.00541081
0.884097 0.00541248
0.88405 0.00541416
0.884002 0.00541584
0.883954 0.00541752
0.883907 0.00541921
0.883859 0.00542091
0.883812 0.00542261
0.883764 0.00542431
0.883717 0.00542602
0.88367 0.00542774
0.883622 0.00542946
0.883575 0.00543119
0.883528 0.00543292
0.883481 0.00543465
0.883433 0.00543639
0.883386 0.00543813
0.883339 0.00543988
0.883292 0.00544164
0.883245 0.0054434
0.883198 0.00544516
0.883151 0.00544693
0.883104 0.0054487
0.883057 0.00545048
0.883011 0.00545226
0.882964 0.00545404
0.882917 0.00545583
0.88287 0.00545763
0.882824 0.00545943
0.882777 0.00546123
0.882731 0.00546304
0.882684 0.00546485
0.882637 0.00546667
0.882591 0.00546849
0.882545 0.00547032
0.882498 0.00547215
0.882452 0.00547398
0.882405 0.00547582
0.882359 0.00547766
0.882313 0.00547951
0.882267 0.00548136
0.88222 0.00548321
0.882174 0.00548507
0.882128 0.00548694
0.882082 0.0054888
0.882036 0.00549068
0.88199 0.00549255
0.881944 0.00549443
0.881898 0.00549631
0.881852 0.0054982
0.881806 0.00550009
0.881761 0.00550199
0.881715 0.00550389
0.881669 0.00550579
0.881623 0.0055077
0.881578 0.00550961
0.881532 0.00551152
0.881487 0.00551344
0.881441 0.00551536
0.881395 0.00551729
0.88135 0.00551922
0.881304 0.00552115
0.881259 0.00552309
0.881214 0.00552503
0.881168 0.00552697
0.881123 0.00552892
0.881078 0.00553087
0.881032 0.00553282
0.880987 0.00553478
0.880942 0.00553674
0.880897 0.00553871
0.880852 0.00554068
0.880807 0.00554265
0.880762 0.00554463
0.880717 0.00554661
0.880672 0.00554859
0.880627 0.00555057
0.880582 0.00555256
0.880537 0.00555456
0.880492 0.00555655
0.880447 0.00555855
0.880403 0.00556055
0.880358 0.00556256
0.880313 0.00556457
0.880268 0.00556658
0.880224 0.0055686
0.880179 0.00557062
0.880135 0.00557264
0.88009 0.00557466
0.880046 0.00557669
0.880001 0.00557872
0.879957 0.00558076
0.879912 0.00558279
0.879868 0.00558483
0.879824 0.00558688
0.879779 0.00558892
0.879735 0.00559097
0.879691 0.00559303
0.879647 0.00559508
0.879602 0.00559714
0.879558 0.0055992
0.879514 0.00560127
0.87947 0.00560334
0.879426 0.00560541
0.879382 0.00560748
0.879338 0.00560956
0.879294 0.00561163
0.87925 0.00561372
0.879206 0.0056158
0.879162 0.00561789
0.879118 0.00561998
0.879075 0.00562207
0.879031 0.00562417
0.878987 0.00562627
0.878943 0.00562837
0.8789 0.00563047
0.878856 0.00563258
0.878813 0.00563469
0.878769 0.0056368
0.878725 0.00563891
0.878682 0.00564103
0.878638 0.00564315
0.878595 0.00564527
0.878552 0.0056474
0.878508 0.00564953
0.878465 0.00565166
0.878421 0.00565379
0.878378 0.00565592
0.878335 0.00565806
0.878292 0.0056602
0.878248 0.00566234
0.878205 0.00566449
0.878162 0.00566664
0.878119 0.00566879
0.878076 0.00567094
0.878033 0.00567309
0.87799 0.00567525
0.877947 0.00567741
0.877904 0.00567957
0.877861 0.00568174
0.877818 0.0056839
0.877775 0.00568607
0.877732 0.00568824
0.877689 0.00569042
0.877647 0.00569259
0.877604 0.00569477
0.877561 0.00569695
0.877518 0.00569913
0.877476 0.00570132
0.877433 0.00570351
0.87739 0.0057057
0.877348 0.00570789
0.877305 0.00571008
0.877263 0.00571228
0.87722 0.00571448
0.877178 0.00571668
0.877135 0.00571888
0.877093 0.00572108
0.87705 0.00572329
0.877008 0.0057255
0.876966 0.00572771
0.876923 0.00572992
0.876881 0.00573214
0.876839 0.00573435
0.876796 0.00573657
0.876754 0.00573879
0.876712 0.00574102
0.87667 0.00574324
0.876628 0.00574547
0.876586 0.0057477
0.876544 0.00574993
0.876502 0.00575216
0.87646 0.0057544
0.876418 0.00575663
0.876376 0.00575887
0.876334 0.00576111
0.876292 0.00576335
0.87625 0.0057656
0.876208 0.00576784
0.876166 0.00577009
0.876124 0.00577234
0.876083 0.00577459
0.876041 0.00577685
0.875999 0.0057791
0.875957 0.00578136
0.875916 0.00578362
0.875874 0.00578588
0.875832 0.00578814
0.875791 0.00579041
0.875749 0.00579267
0.875708 0.00579494
0.875666 0.00579721
0.875625 0.00579948
0.875583 0.00580176
0.875542 0.00580403
0.8755 0.00580631
0.875459 0.00580858
0.875418 0.00581086
0.875376 0.00581315
0.875335 0.00581543
0.875294 0.00581771
0.875252 0.00582
0.875211 0.00582229
0.87517 0.00582458
0.875129 0.00582687
0.875088 0.00582916
0.875046 0.00583146
0.875005 0.00583375
0.874964 0.00583605
0.874923 0.00583835
0.874882 0.00584065
0.874841 0.00584295
0.8748 0.00584526
0.874759 0.00584756
0.874718 0.00584987
0.874677 0.00585218
0.874636 0.00585449
0.874595 0.0058568
0.874555 0.00585911
0.874514 0.00586143
0.874473 0.00586374
0.874432 0.00586606
0.874391 0.00586838
0.874351 0.0058707
0.87431 0.00587302
0.874269 0.00587534
0.874229 0.00587767
0.874188 0.00587999
0.874147 0.00588232
0.874107 0.00588465
0.874066 0.00588698
0.874026 0.00588931
0.873985 0.00589164
0.873945 0.00589398
0.873904 0.00589631
0.873864 0.00589865
0.873823 0.00590099
0.873783 0.00590333
0.873743 0.00590567
0.873702 0.00590801
0.873662 0.00591035
0.873622 0.0059127
0.873581 0.00591504
0.873541 0.00591739
0.873501 0.00591974
0.87346 0.00592209
0.87342 0.00592444
0.87338 0.00592679
0.87334 0.00592915
0.8733 0.0059315
0.87326 0.00593386
0.87322 0.00593621
0.87318 0.00593857
0.873139 0.00594093
0.873099 0.00594329
0.873059 0.00594565
0.873019 0.00594802
0.872979 0.00595038
0.87294 0.00595275
0.8729 0.00595511
0.87286 0.00595748
0.87282 0.00595985
0.87278 0.00596222
0.87274 0.00596459
0.8727 0.00596697
0.872661 0.00596934
0.872621 0.00597171
0.872581 0.00597409
0.872541 0.00597647
0.872502 0.00597884
0.872462 0.00598122
0.872422 0.0059836
0.872383 0.00598599
0.872343 0.00598837
0.872303 0.00599075
0.872264 0.00599314
0.872224 0.00599552
0.872185 0.00599791
0.872145 0.0060003
0.872106 0.00600268
0.872066 0.00600507
0.872027 0.00600746
0.871987 0.00600986
0.871948 0.00601225
0.871908 0.00601464
0.871869 0.00601704
0.87183 0.00601943
0.87179 0.00602183
0.871751 0.00602423
0.871712 0.00602663
0.871672 0.00602903
0.871633 0.00603143
0.871594 0.00603383
0.871555 0.00603623
0.871516 0.00603864
0.871476 0.00604104
0.871437 0.00604345
0.871398 0.00604585
0.871359 0.00604826
0.87132 0.00605067
0.871281 0.00605308
0.871242 0.00605549
0.871203 0.0060579
0.871164 0.00606031
0.871125 0.00606272
0.871086 0.00606514
0.871047 0.00606755
0.871008 0.00606997
0.870969 0.00607238
0.87093 0.0060748
0.870891 0.00607722
0.870852 0.00607964
0.870813 0.00608206
0.870774 0.00608448
0.870736 0.0060869
0.870697 0.00608932
0.870658 0.00609175
0.870619 0.00609417
0.87058 0.0060966
0.870542 0.00609902
0.870503 0.00610145
0.870464 0.00610388
0.870426 0.0061063
0.870387 0.00610873
0.870348 0.00611116
0.87031 0.00611359
0.870271 0.00611603
0.870232 0.00611846
0.870194 0.00612089
0.870155 0.00612333
0.870117 0.00612576
0.870078 0.0061282
0.87004 0.00613063
0.870001 0.00613307
0.869963 0.00613551
0.869924 0.00613795
0.869886 0.00614038
0.869847 0.00614282
0.869809 0.00614527
0.869771 0.00614771
0.869732 0.00615015
0.869694 0.00615259
0.869656 0.00615504
0.869617 0.00615748
0.869579 0.00615993
0.869541 0.00616237
0.869502 0.00616482
0.869464 0.00616727
0.869426 0.00616971
0.869388 0.00617216
0.86935 0.00617461
0.869311 0.00617706
0.869273 0.00617951
0.869235 0.00618197
0.869197 0.00618442
0.869159 0.00618687
0.869121 0.00618932
0.869083 0.00619178
0.869045 0.00619423
0.869007 0.00619669
0.868968 0.00619915
0.86893 0.0062016
0.868892 0.00620406
0.868854 0.00620652
0.868816 0.00620898
0.868779 0.00621144
0.868741 0.0062139
0.868703 0.00621636
0.868665 0.00621882
0.868627 0.00622128
0.868589 0.00622375
0.868551 0.00622621
0.868513 0.00622867
0.868475 0.00623114
0.868438 0.0062336
0.8684 0.00623607
0.868362 0.00623854
0.868324 0.006241
0.868286 0.00624347
0.868249 0.00624594
0.868211 0.00624841
0.868173 0.00625088
0.868136 0.00625335
0.868098 0.00625582
0.86806 0.00625829
0.868023 0.00626076
0.867985 0.00626324
0.867947 0.00626571
0.86791 0.00626818
0.867872 0.00627066
0.867834 0.00627313
0.867797 0.00627561
0.867759 0.00627809
0.867722 0.00628056
0.867684 0.00628304
0.867647 0.00628552
0.867609 0.006288
0.867572 0.00629048
0.867534 0.00629296
0.867497 0.00629544
0.867459 0.00629792
0.867422 0.0063004
0.867385 0.00630288
0.867347 0.00630536
0.86731 0.00630785
0.867272 0.00631033
0.867235 0.00631281
0.867198 0.0063153
0.86716 0.00631778
0.867123 0.00632027
0.867086 0.00632275
0.867048 0.00632524
0.867011 0.00632773
0.866974 0.00633022
0.866937 0.0063327
0.866899 0.00633519
0.866862 0.00633768
0.866825 0.00634017
0.866788 0.00634266
0.866751 0.00634515
0.866713 0.00634765
0.866676 0.00635014
0.866639 0.00635263
0.866602 0.00635512
0.866565 0.00635762
0.866528 0.00636011
0.866491 0.00636261
0.866454 0.0063651
0.866416 0.0063676
0.866379 0.00637009
0.866342 0.00637259
0.866305 0.00637509
0.866268 0.00637758
0.866231 0.00638008
0.866194 0.00638258
0.866157 0.00638508
0.86612 0.00638758
0.866083 0.00639008
0.866046 0.00639258
0.866009 0.00639508
0.865973 0.00639758
0.865936 0.00640008
0.865899 0.00640259
0.865862 0.00640509
0.865825 0.00640759
0.865788 0.0064101
0.865751 0.0064126
0.865714 0.00641511
0.865678 0.00641761
0.865641 0.00642012
0.865604 0.00642262
0.865567 0.00642513
0.86553 0.00642764
0.865494 0.00643014
0.865457 0.00643265
0.86542 0.00643516
0.865383 0.00643767
0.865347 0.00644018
0.86531 0.00644269
0.865273 0.0064452
0.865236 0.00644771
0.8652 0.00645022
0.865163 0.00645273
0.865126 0.00645524
0.86509 0.00645776
0.865053 0.00646027
0.865017 0.00646278
0.86498 0.0064653
0.864943 0.00646781
0.864907 0.00647033
0.86487 0.00647284
0.864834 0.00647536
0.864797 0.00647787
0.86476 0.00648039
0.864724 0.00648291
0.864687 0.00648543
0.864651 0.00648794
0.864614 0.00649046
0.864578 0.00649298
0.864541 0.0064955
0.864505 0.00649802
0.864468 0.00650054
0.864432 0.00650306
0.864395 0.00650558
0.864359 0.0065081
0.864323 0.00651063
0.864286 0.00651315
0.86425 0.00651567
0.864213 0.00651819
0.864177 0.00652072
0.86414 0.00652324
0.864104 0.00652577
0.864068 0.00652829
0.864031 0.00653082
0.863995 0.00653334
0.863959 0.00653587
0.863922 0.00653839
0.863886 0.00654092
0.86385 0.00654345
0.863813 0.00654598
0.863777 0.00654851
0.863741 0.00655103
0.863705 0.00655356
0.863668 0.00655609
0.863632 0.00655862
0.863596 0.00656115
0.86356 0.00656368
0.863523 0.00656622
0.863487 0.00656875
0.863451 0.00657128
0.863415 0.00657381
0.863378 0.00657634
0.863342 0.00657888
0.863306 0.00658141
0.86327 0.00658395
0.863234 0.00658648
0.863198 0.00658902
0.863161 0.00659155
0.863125 0.00659409
0.863089 0.00659662
0.863053 0.00659916
0.863017 0.0066017
0.862981 0.00660423
0.862945 0.00660677
0.862909 0.00660931
0.862873 0.00661185
0.862837 0.00661439
0.8628 0.00661693
0.862764 0.00661947
0.862728 0.00662201
0.862692 0.00662455
0.862656 0.00662709
0.86262 0.00662963
0.862584 0.00663218
0.862548 0.00663472
0.862512 0.00663726
0.862476 0.0066398
0.86244 0.00664235
0.862404 0.00664489
0.862368 0.00664744
0.862332 0.00664998
0.862296 0.00665253
0.86226 0.00665507
0.862225 0.00665762
0.862189 0.00666017
0.862153 0.00666271
0.862117 0.00666526
0.862081 0.00666781
0.862045 0.00667036
0.862009 0.00667291
0.861973 0.00667546
0.861937 0.00667801
0.861901 0.00668056
0.861866 0.00668311
0.86183 0.00668566
0.861794 0.00668821
0.861758 0.00669076
0.861722 0.00669331
0.861686 0.00669587
0.86165 0.00669842
0.861615 0.00670097
0.861579 0.00670353
0.861543 0.00670608
0.861507 0.00670864
0.861471 0.00671119
0.861436 0.00671375
0.8614 0.0067163
0.861364 0.00671886
0.861328 0.00672142
0.861293 0.00672397
0.861257 0.00672653
0.861221 0.00672909
0.861185 0.00673165
0.86115 0.00673421
0.861114 0.00673677
0.861078 0.00673933
0.861042 0.00674189
0.861007 0.00674445
0.860971 0.00674701
0.860935 0.00674957
0.860899 0.00675213
0.860864 0.00675469
0.860828 0.00675726
0.860792 0.00675982
0.860757 0.00676238
0.860721 0.00676495
0.860685 0.00676751
0.86065 0.00677008
0.860614 0.00677264
0.860578 0.00677521
0.860543 0.00677778
0.860507 0.00678034
0.860471 0.00678291
0.860436 0.00678548
0.8604 0.00678804
0.860365 0.00679061
0.860329 0.00679318
0.860293 0.00679575
0.860258 0.00679832
0.860222 0.00680089
0.860187 0.00680346
0.860151 0.00680603
0.860115 0.00680861
0.86008 0.00681118
0.860044 0.00681375
0.860009 0.00681632
0.859973 0.0068189
0.859938 0.00682147
0.859902 0.00682405
0.859866 0.00682662
0.859831 0.0068292
0.859795 0.00683177
0.85976 0.00683435
0.859724 0.00683692
0.859689 0.0068395
0.859653 0.00684208
0.859618 0.00684466
0.859582 0.00684724
0.859547 0.00684981
0.859511 0.00685239
0.859476 0.00685497
0.85944 0.00685755
0.859405 0.00686013
0.859369 0.00686272
0.859334 0.0068653
0.859298 0.00686788
0.859263 0.00687046
0.859227 0.00687305
0.859192 0.00687563
0.859156 0.00687821
0.859121 0.0068808
0.859085 0.00688338
0.85905 0.00688597
0.859014 0.00688855
0.858979 0.00689114
0.858943 0.00689373
0.858908 0.00689632
0.858872 0.0068989
0.858837 0.00690149
0.858802 0.00690408
0.858766 0.00690667
0.858731 0.00690926
0.858695 0.00691185
0.85866 0.00691444
0.858624 0.00691703
0.858589 0.00691962
0.858554 0.00692222
0.858518 0.00692481
0.858483 0.0069274
0.858447 0.00693
0.858412 0.00693259
0.858376 0.00693519
0.858341 0.00693778
0.858306 0.00694038
0.85827 0.00694297
0.858235 0.00694557
0.858199 0.00694817
0.858164 0.00695076
0.858129 0.00695336
0.858093 0.00695596
0.858058 0.00695856
0.858023 0.00696116
0.857987 0.00696376
0.857952 0.00696636
0.857916 0.00696896
0.857881 0.00697157
0.857846 0.00697417
0.85781 0.00697677
0.857775 0.00697938
0.85774 0.00698198
0.857704 0.00698458
0.857669 0.00698719
0.857633 0.00698979
0.857598 0.0069924
0.857563 0.00699501
0.857527 0.00699761
0.857492 0.00700022
0.857457 0.00700283
0.857421 0.00700544
0.857386 0.00700805
0.857351 0.00701066
0.857315 0.00701327
0.85728 0.00701588
0.857245 0.00701849
0.857209 0.0070211
0.857174 0.00702372
0.857138 0.00702633
0.857103 0.00702894
0.857068 0.00703156
0.857032 0.00703417
0.856997 0.00703679
0.856962 0.0070394
0.856926 0.00704202
0.856891 0.00704464
0.856856 0.00704726
0.85682 0.00704987
0.856785 0.00705249
0.85675 0.00705511
0.856714 0.00705773
0.856679 0.00706035
0.856644 0.00706297
0.856608 0.0070656
0.856573 0.00706822
0.856538 0.00707084
0.856502 0.00707346
0.856467 0.00707609
0.856432 0.00707871
0.856396 0.00708134
0.856361 0.00708396
0.856326 0.00708659
0.85629 0.00708922
0.856255 0.00709184
0.85622 0.00709447
0.856184 0.0070971
0.856149 0.00709973
0.856114 0.00710236
0.856079 0.00710499
0.856043 0.00710762
0.856008 0.00711025
0.855973 0.00711289
0.855937 0.00711552
0.855902 0.00711815
0.855867 0.00712079
0.855831 0.00712342
0.855796 0.00712606
0.855761 0.00712869
0.855725 0.00713133
0.85569 0.00713397
0.855655 0.00713661
0.855619 0.00713924
0.855584 0.00714188
0.855549 0.00714452
0.855513 0.00714716
0.855478 0.00714981
0.855443 0.00715245
0.855407 0.00715509
0.855372 0.00715773
0.855337 0.00716038
0.855301 0.00716302
0.855266 0.00716567
0.85523 0.00716831
0.855195 0.00717096
0.85516 0.0071736
0.855124 0.00717625
0.855089 0.0071789
0.855054 0.00718155
0.855018 0.0071842
0.854983 0.00718685
0.854948 0.0071895
0.854912 0.00719215
0.854877 0.0071948
0.854842 0.00719746
0.854806 0.00720011
0.854771 0.00720277
0.854736 0.00720542
0.8547 0.00720808
0.854665 0.00721073
0.854629 0.00721339
0.854594 0.00721605
0.854559 0.00721871
0.854523 0.00722137
0.854488 0.00722403
0.854453 0.00722669
0.854417 0.00722935
0.854382 0.00723201
0.854346 0.00723467
0.854311 0.00723734
0.854276 0.00724
0.85424 0.00724266
0.854205 0.00724533
0.854169 0.007248
0.854134 0.00725066
0.854099 0.00725333
0.854063 0.007256
0.854028 0.00725867
0.853992 0.00726134
0.853957 0.00726401
0.853922 0.00726668
0.853886 0.00726935
0.853851 0.00727203
0.853815 0.0072747
0.85378 0.00727737
0.853744 0.00728005
0.853709 0.00728272
0.853674 0.0072854
0.853638 0.00728808
0.853603 0.00729076
0.853567 0.00729344
0.853532 0.00729611
0.853496 0.0072988
0.853461 0.00730148
0.853425 0.00730416
0.85339 0.00730684
0.853354 0.00730952
0.853319 0.00731221
0.853284 0.00731489
0.853248 0.00731758
0.853213 0.00732027
0.853177 0.00732295
0.853142 0.00732564
0.853106 0.00732833
0.853071 0.00733102
0.853035 0.00733371
0.853 0.0073364
0.852964 0.00733909
0.852929 0.00734179
0.852893 0.00734448
0.852858 0.00734718
0.852822 0.00734987
0.852787 0.00735257
0.852751 0.00735526
0.852715 0.00735796
0.85268 0.00736066
0.852644 0.00736336
0.852609 0.00736606
0.852573 0.00736876
0.852538 0.00737146
0.852502 0.00737417
0.852467 0.00737687
0.852431 0.00737958
0.852395 0.00738228
0.85236 0.00738499
0.852324 0.00738769
0.852289 0.0073904
0.852253 0.00739311
0.852217 0.00739582
0.852182 0.00739853
0.852146 0.00740124
0.852111 0.00740395
0.852075 0.00740667
0.852039 0.00740938
0.852004 0.0074121
0.851968 0.00741481
0.851932 0.00741753
0.851897 0.00742025
0.851861 0.00742296
0.851826 0.00742568
0.85179 0.0074284
0.851754 0.00743112
0.851719 0.00743385
0.851683 0.00743657
0.851647 0.00743929
0.851611 0.00744202
0.851576 0.00744474
0.85154 0.00744747
0.851504 0.0074502
0.851469 0.00745293
0.851433 0.00745565
0.851397 0.00745838
0.851362 0.00746112
0.851326 0.00746385
0.85129 0.00746658
0.851254 0.00746931
0.851219 0.00747205
0.851183 0.00747479
0.851147 0.00747752
0.851111 0.00748026
0.851075 0.007483
0.85104 0.00748574
0.851004 0.00748848
0.850968 0.00749122
0.850932 0.00749396
0.850896 0.00749671
0.850861 0.00749945
0.850825 0.0075022
0.850789 0.00750494
0.850753 0.00750769
0.850717 0.00751044
0.850681 0.00751319
0.850646 0.00751594
0.85061 0.00751869
0.850574 0.00752144
0.850538 0.00752419
0.850502 0.00752695
0.850466 0.0075297
0.85043 0.00753246
0.850394 0.00753522
0.850359 0.00753797
0.850323 0.00754073
0.850287 0.00754349
0.850251 0.00754626
0.850215 0.00754902
0.850179 0.00755178
0.850143 0.00755455
0.850107 0.00755731
0.850071 0.00756008
0.850035 0.00756285
0.849999 0.00756561
0.849963 0.00756838
0.849927 0.00757115
0.849891 0.00757393
0.849855 0.0075767
0.849819 0.00757947
0.849783 0.00758225
0.849747 0.00758502
0.849711 0.0075878
0.849675 0.00759058
0.849639 0.00759336
0.849603 0.00759614
0.849567 0.00759892
0.84953 0.0076017
0.849494 0.00760449
0.849458 0.00760727
0.849422 0.00761006
0.849386 0.00761284
0.84935 0.00761563
0.849314 0.00761842
0.849278 0.00762121
0.849241 0.007624
0.849205 0.00762679
0.849169 0.00762959
0.849133 0.00763238
0.849097 0.00763518
0.84906 0.00763797
0.849024 0.00764077
0.848988 0.00764357
0.848952 0.00764637
0.848916 0.00764917
0.848879 0.00765198
0.848843 0.00765478
0.848807 0.00765758
0.84877 0.00766039
0.848734 0.0076632
0.848698 0.00766601
0.848662 0.00766882
0.848625 0.00767163
0.848589 0.00767444
0.848553 0.00767725
0.848516 0.00768007
0.84848 0.00768288
0.848444 0.0076857
0.848407 0.00768852
0.848371 0.00769133
0.848334 0.00769415
0.848298 0.00769698
0.848262 0.0076998
0.848225 0.00770262
0.848189 0.00770545
0.848152 0.00770827
0.848116 0.0077111
0.848079 0.00771393
0.848043 0.00771676
0.848006 0.00771959
0.84797 0.00772242
0.847933 0.00772526
0.847897 0.00772809
0.84786 0.00773093
0.847824 0.00773377
0.847787 0.0077366
0.847751 0.00773944
0.847714 0.00774229
0.847678 0.00774513
0.847641 0.00774797
0.847604 0.00775082
0.847568 0.00775366
0.847531 0.00775651
0.847495 0.00775936
0.847458 0.00776221
0.847421 0.00776506
0.847385 0.00776791
0.847348 0.00777077
0.847311 0.00777362
0.847275 0.00777648
0.847238 0.00777934
0.847201 0.0077822
0.847164 0.00778506
0.847128 0.00778792
0.847091 0.00779078
0.847054 0.00779365
0.847017 0.00779652
0.846981 0.00779938
0.846944 0.00780225
0.846907 0.00780512
0.84687 0.00780799
0.846833 0.00781087
0.846796 0.00781374
0.84676 0.00781662
0.846723 0.00781949
0.846686 0.00782237
0.846649 0.00782525
0.846612 0.00782813
0.846575 0.00783101
0.846538 0.0078339
0.846501 0.00783678
0.846464 0.00783967
0.846427 0.00784256
0.84639 0.00784545
0.846353 0.00784834
0.846316 0.00785123
0.846279 0.00785412
0.846242 0.00785702
0.846205 0.00785991
0.846168 0.00786281
0.846131 0.00786571
0.846094 0.00786861
0.846057 0.00787151
0.84602 0.00787442
0.845982 0.00787732
0.845945 0.00788023
0.845908 0.00788314
0.845871 0.00788605
0.845834 0.00788896
0.845797 0.00789187
0.845759 0.00789479
0.845722 0.0078977
0.845685 0.00790062
0.845648 0.00790354
0.84561 0.00790646
0.845573 0.00790938
0.845536 0.0079123
0.845499 0.00791522
0.845461 0.00791815
0.845424 0.00792108
0.845387 0.00792401
0.845349 0.00792694
0.845312 0.00792987
0.845274 0.0079328
0.845237 0.00793574
0.8452 0.00793867
0.845162 0.00794161
0.845125 0.00794455
0.845087 0.00794749
0.84505 0.00795044
0.845012 0.00795338
0.844975 0.00795633
0.844937 0.00795927
0.8449 0.00796222
0.844862 0.00796517
0.844825 0.00796813
0.844787 0.00797108
0.84475 0.00797404
0.844712 0.00797699
0.844674 0.00797995
0.844637 0.00798291
0.844599 0.00798587
0.844561 0.00798884
0.844524 0.0079918
0.844486 0.00799477
0.844448 0.00799774
0.844411 0.00800071
0.844373 0.00800368
0.844335 0.00800665
0.844297 0.00800963
0.844259 0.00801261
0.844222 0.00801558
0.844184 0.00801856
0.844146 0.00802155
0.844108 0.00802453
0.84407 0.00802751
0.844032 0.0080305
0.843994 0.00803349
0.843957 0.00803648
0.843919 0.00803947
0.843881 0.00804246
0.843843 0.00804546
0.843805 0.00804846
0.843767 0.00805146
0.843729 0.00805446
0.843691 0.00805746
0.843653 0.00806046
0.843615 0.00806347
0.843576 0.00806647
0.843538 0.00806948
0.8435 0.00807249
0.843462 0.00807551
0.843424 0.00807852
0.843386 0.00808154
0.843348 0.00808456
0.843309 0.00808758
0.843271 0.0080906
0.843233 0.00809362
0.843195 0.00809665
0.843156 0.00809967
0.843118 0.0081027
0.84308 0.00810573
0.843041 0.00810876
0.843003 0.0081118
0.842965 0.00811483
0.842926 0.00811787
0.842888 0.00812091
0.84285 0.00812395
0.842811 0.008127
0.842773 0.00813004
0.842734 0.00813309
0.842696 0.00813614
0.842657 0.00813919
0.842619 0.00814224
0.84258 0.00814529
0.842542 0.00814835
0.842503 0.00815141
0.842464 0.00815447
0.842426 0.00815753
0.842387 0.00816059
0.842349 0.00816366
0.84231 0.00816673
0.842271 0.0081698
0.842232 0.00817287
0.842194 0.00817594
0.842155 0.00817902
0.842116 0.0081821
0.842077 0.00818517
0.842039 0.00818826
0.842 0.00819134
0.841961 0.00819442
0.841922 0.00819751
0.841883 0.0082006
0.841844 0.00820369
0.841805 0.00820679
0.841767 0.00820988
0.841728 0.00821298
0.841689 0.00821608
0.84165 0.00821918
0.841611 0.00822228
0.841572 0.00822539
0.841532 0.00822849
0.841493 0.0082316
0.841454 0.00823471
0.841415 0.00823783
0.841376 0.00824094
0.841337 0.00824406
0.841298 0.00824718
0.841259 0.0082503
0.841219 0.00825342
0.84118 0.00825655
0.841141 0.00825968
0.841102 0.00826281
0.841062 0.00826594
0.841023 0.00826907
0.840984 0.00827221
0.840944 0.00827535
0.840905 0.00827849
0.840865 0.00828163
0.840826 0.00828477
0.840787 0.00828792
0.840747 0.00829107
0.840708 0.00829422
0.840668 0.00829737
0.840628 0.00830053
0.840589 0.00830368
0.840549 0.00830684
0.84051 0.00831001
0.84047 0.00831317
0.84043 0.00831633
0.840391 0.0083195
0.840351 0.00832267
0.840311 0.00832585
0.840272 0.00832902
0.840232 0.0083322
0.840192 0.00833538
0.840152 0.00833856
0.840113 0.00834174
0.840073 0.00834493
0.840033 0.00834812
0.839993 0.00835131
0.839953 0.0083545
0.839913 0.00835769
0.839873 0.00836089
0.839833 0.00836409
0.839793 0.00836729
0.839753 0.0083705
0.839713 0.0083737
0.839673 0.00837691
0.839633 0.00838012
0.839593 0.00838334
0.839553 0.00838655
0.839513 0.00838977
0.839472 0.00839299
0.839432 0.00839621
0.839392 0.00839944
0.839352 0.00840266
0.839311 0.00840589
0.839271 0.00840913
0.839231 0.00841236
0.83919 0.0084156
0.83915 0.00841884
0.83911 0.00842208
0.839069 0.00842532
0.839029 0.00842857
0.838988 0.00843182
0.838948 0.00843507
0.838907 0.00843832
0.838867 0.00844158
0.838826 0.00844484
0.838785 0.0084481
0.838745 0.00845136
0.838704 0.00845463
0.838664 0.00845789
0.838623 0.00846116
0.838582 0.00846444
0.838541 0.00846771
0.838501 0.00847099
0.83846 0.00847427
0.838419 0.00847755
0.838378 0.00848084
0.838337 0.00848413
0.838296 0.00848742
0.838255 0.00849071
0.838214 0.00849401
0.838174 0.00849731
0.838133 0.00850061
0.838091 0.00850391
0.83805 0.00850722
0.838009 0.00851052
0.837968 0.00851384
0.837927 0.00851715
0.837886 0.00852046
0.837845 0.00852378
0.837804 0.00852711
0.837762 0.00853043
0.837721 0.00853376
0.83768 0.00853709
0.837638 0.00854042
0.837597 0.00854375
0.837556 0.00854709
0.837514 0.00855043
0.837473 0.00855377
0.837431 0.00855712
0.83739 0.00856046
0.837348 0.00856381
0.837307 0.00856717
0.837265 0.00857052
0.837224 0.00857388
0.837182 0.00857724
0.83714 0.00858061
0.837099 0.00858397
0.837057 0.00858734
0.837015 0.00859072
0.836974 0.00859409
0.836932 0.00859747
0.83689 0.00860085
0.836848 0.00860423
0.836806 0.00860762
0.836764 0.00861101
0.836722 0.0086144
0.83668 0.00861779
0.836638 0.00862119
0.836596 0.00862459
0.836554 0.00862799
0.836512 0.0086314
0.83647 0.00863481
0.836428 0.00863822
0.836386 0.00864163
0.836344 0.00864505
0.836301 0.00864847
0.836259 0.00865189
0.836217 0.00865532
0.836175 0.00865875
0.836132 0.00866218
0.83609 0.00866561
0.836048 0.00866905
0.836005 0.00867249
0.835963 0.00867594
0.83592 0.00867938
0.835878 0.00868283
0.835835 0.00868628
0.835792 0.00868974
0.83575 0.0086932
0.835707 0.00869666
0.835665 0.00870012
0.835622 0.00870359
0.835579 0.00870706
0.835536 0.00871053
0.835494 0.00871401
0.835451 0.00871749
0.835408 0.00872097
0.835365 0.00872445
0.835322 0.00872794
0.835279 0.00873143
0.835236 0.00873493
0.835193 0.00873843
0.83515 0.00874193
0.835107 0.00874543
0.835064 0.00874894
0.835021 0.00875245
0.834977 0.00875596
0.834934 0.00875948
0.834891 0.00876299
0.834848 0.00876652
0.834804 0.00877004
0.834761 0.00877357
0.834718 0.0087771
0.834674 0.00878064
0.834631 0.00878418
0.834587 0.00878772
0.834544 0.00879126
0.8345 0.00879481
0.834457 0.00879836
0.834413 0.00880192
0.83437 0.00880547
0.834326 0.00880903
0.834282 0.0088126
0.834238 0.00881617
0.834195 0.00881974
0.834151 0.00882331
0.834107 0.00882689
0.834063 0.00883047
0.834019 0.00883405
0.833975 0.00883764
0.833931 0.00884123
0.833887 0.00884482
0.833843 0.00884842
0.833799 0.00885202
0.833755 0.00885563
0.833711 0.00885923
0.833667 0.00886284
0.833622 0.00886646
0.833578 0.00887007
0.833534 0.0088737
0.83349 0.00887732
0.833445 0.00888095
0.833401 0.00888458
0.833356 0.00888821
0.833312 0.00889185
0.833267 0.00889549
0.833223 0.00889914
0.833178 0.00890279
0.833134 0.00890644
0.833089 0.00891009
0.833044 0.00891375
0.833 0.00891742
0.832955 0.00892108
0.83291 0.00892475
0.832865 0.00892843
0.83282 0.0089321
0.832775 0.00893578
0.83273 0.00893947
0.832685 0.00894315
0.83264 0.00894685
0.832595 0.00895054
0.83255 0.00895424
0.832505 0.00895794
0.83246 0.00896165
0.832415 0.00896536
0.83237 0.00896907
0.832324 0.00897279
0.832279 0.00897651
0.832234 0.00898023
0.832188 0.00898396
0.832143 0.00898769
0.832097 0.00899142
0.832052 0.00899516
0.832006 0.00899891
0.831961 0.00900265
0.831915 0.0090064
0.831869 0.00901016
0.831824 0.00901391
0.831778 0.00901768
0.831732 0.00902144
0.831686 0.00902521
0.83164 0.00902898
0.831594 0.00903276
0.831548 0.00903654
0.831503 0.00904033
0.831456 0.00904411
0.83141 0.00904791
0.831364 0.0090517
0.831318 0.0090555
0.831272 0.00905931
0.831226 0.00906312
0.831179 0.00906693
0.831133 0.00907074
0.831087 0.00907456
0.83104 0.00907839
0.830994 0.00908221
0.830947 0.00908605
0.830901 0.00908988
0.830854 0.00909372
0.830808 0.00909757
0.830761 0.00910141
0.830714 0.00910527
0.830668 0.00910912
0.830621 0.00911298
0.830574 0.00911685
0.830527 0.00912071
0.83048 0.00912459
0.830433 0.00912846
0.830386 0.00913234
0.830339 0.00913623
0.830292 0.00914012
0.830245 0.00914401
0.830198 0.00914791
0.830151 0.00915181
0.830104 0.00915571
0.830056 0.00915962
0.830009 0.00916354
0.829962 0.00916745
0.829914 0.00917138
0.829867 0.0091753
0.829819 0.00917923
0.829772 0.00918317
0.829724 0.00918711
0.829677 0.00919105
0.829629 0.009195
0.829581 0.00919895
0.829533 0.00920291
0.829486 0.00920687
0.829438 0.00921084
0.82939 0.00921481
0.829342 0.00921878
0.829294 0.00922276
0.829246 0.00922674
0.829198 0.00923073
0.82915 0.00923472
0.829101 0.00923872
0.829053 0.00924272
0.829005 0.00924672
0.828957 0.00925073
0.828908 0.00925475
0.82886 0.00925877
0.828811 0.00926279
0.828763 0.00926682
0.828714 0.00927085
0.828666 0.00927489
0.828617 0.00927893
0.828568 0.00928298
0.82852 0.00928703
0.828471 0.00929108
0.828422 0.00929514
0.828373 0.00929921
0.828324 0.00930327
0.828275 0.00930735
0.828226 0.00931143
0.828177 0.00931551
0.828128 0.0093196
0.828079 0.00932369
0.828029 0.00932779
0.82798 0.00933189
0.827931 0.009336
0.827881 0.00934011
0.827832 0.00934423
0.827783 0.00934835
0.827733 0.00935247
0.827683 0.0093566
0.827634 0.00936074
0.827584 0.00936488
0.827534 0.00936903
0.827485 0.00937318
0.827435 0.00937733
0.827385 0.00938149
0.827335 0.00938566
0.827285 0.00938983
0.827235 0.009394
0.827185 0.00939818
0.827135 0.00940237
0.827085 0.00940655
0.827034 0.00941075
0.826984 0.00941495
0.826934 0.00941915
0.826883 0.00942336
0.826833 0.00942758
0.826782 0.0094318
0.826732 0.00943602
0.826681 0.00944025
0.826631 0.00944449
0.82658 0.00944873
0.826529 0.00945298
0.826478 0.00945723
0.826427 0.00946148
0.826377 0.00946574
0.826326 0.00947001
0.826275 0.00947428
0.826223 0.00947856
0.826172 0.00948284
0.826121 0.00948713
0.82607 0.00949142
0.826019 0.00949572
0.825967 0.00950002
0.825916 0.00950433
0.825864 0.00950864
0.825813 0.00951296
0.825761 0.00951729
0.82571 0.00952162
0.825658 0.00952595
0.825606 0.0095303
0.825554 0.00953464
0.825503 0.00953899
0.825451 0.00954335
0.825399 0.00954771
0.825347 0.00955208
0.825295 0.00955646
0.825242 0.00956083
0.82519 0.00956522
0.825138 0.00956961
0.825086 0.00957401
0.825033 0.00957841
0.824981 0.00958281
0.824928 0.00958723
0.824876 0.00959165
0.824823 0.00959607
0.824771 0.0096005
0.824718 0.00960493
0.824665 0.00960938
0.824612 0.00961382
0.824559 0.00961828
0.824506 0.00962273
0.824453 0.0096272
0.8244 0.00963167
0.824347 0.00963614
0.824294 0.00964063
0.824241 0.00964511
0.824187 0.00964961
0.824134 0.00965411
0.824081 0.00965861
0.824027 0.00966312
0.823973 0.00966764
0.82392 0.00967216
0.823866 0.00967669
0.823812 0.00968123
0.823759 0.00968577
0.823705 0.00969031
0.823651 0.00969487
0.823597 0.00969943
0.823543 0.00970399
0.823489 0.00970856
0.823434 0.00971314
0.82338 0.00971772
0.823326 0.00972231
0.823272 0.00972691
0.823217 0.00973151
0.823163 0.00973612
0.823108 0.00974073
0.823053 0.00974535
0.822999 0.00974998
0.822944 0.00975461
0.822889 0.00975925
0.822834 0.0097639
0.822779 0.00976855
0.822724 0.00977321
0.822669 0.00977787
0.822614 0.00978254
0.822559 0.00978722
0.822504 0.0097919
0.822448 0.00979659
0.822393 0.00980129
0.822337 0.00980599
0.822282 0.0098107
0.822226 0.00981542
0.822171 0.00982014
0.822115 0.00982487
0.822059 0.00982961
0.822003 0.00983435
0.821947 0.0098391
0.821891 0.00984386
0.821835 0.00984862
0.821779 0.00985339
0.821723 0.00985816
0.821666 0.00986295
0.82161 0.00986774
0.821554 0.00987253
0.821497 0.00987733
0.821441 0.00988214
0.821384 0.00988696
0.821327 0.00989178
0.821271 0.00989661
0.821214 0.00990145
0.821157 0.00990629
0.8211 0.00991115
0.821043 0.009916
0.820986 0.00992087
0.820928 0.00992574
0.820871 0.00993062
0.820814 0.0099355
0.820756 0.0099404
0.820699 0.0099453
0.820641 0.0099502
0.820584 0.00995512
0.820526 0.00996004
0.820468 0.00996497
0.82041 0.0099699
0.820352 0.00997485
0.820294 0.0099798
0.820236 0.00998475
0.820178 0.00998972
0.82012 0.00999469
0.820062 0.00999967
0.820003 0.0100047
0.819945 0.0100097
0.819886 0.0100147
0.819828 0.0100197
0.819769 0.0100247
0.81971 0.0100297
0.819652 0.0100347
0.819593 0.0100398
0.819534 0.0100448
0.819475 0.0100499
0.819415 0.0100549
0.819356 0.01006
0.819297 0.0100651
0.819238 0.0100702
0.819178 0.0100752
0.819119 0.0100803
0.819059 0.0100855
0.818999 0.0100906
0.81894 0.0100957
0.81888 0.0101008
0.81882 0.010106
0.81876 0.0101111
0.8187 0.0101163
0.81864 0.0101214
0.818579 0.0101266
0.818519 0.0101318
0.818459 0.010137
0.818398 0.0101421
0.818338 0.0101473
0.818277 0.0101526
0.818216 0.0101578
0.818156 0.010163
0.818095 0.0101682
0.818034 0.0101735
0.817973 0.0101787
0.817911 0.010184
0.81785 0.0101893
0.817789 0.0101945
0.817728 0.0101998
0.817666 0.0102051
0.817605 0.0102104
0.817543 0.0102157
0.817481 0.010221
0.817419 0.0102263
0.817357 0.0102317
0.817296 0.010237
0.817233 0.0102424
0.817171 0.0102477
0.817109 0.0102531
0.817047 0.0102585
0.816984 0.0102639
0.816922 0.0102692
0.816859 0.0102746
0.816797 0.0102801
0.816734 0.0102855
0.816671 0.0102909
0.816608 0.0102963
0.816545 0.0103018
0.816482 0.0103072
0.816419 0.0103127
0.816355 0.0103182
0.816292 0.0103236
0.816229 0.0103291
0.816165 0.0103346
0.816101 0.0103401
0.816038 0.0103457
0.815974 0.0103512
0.81591 0.0103567
0.815846 0.0103623
0.815782 0.0103678
0.815718 0.0103734
0.815653 0.0103789
0.815589 0.0103845
0.815524 0.0103901
0.81546 0.0103957
0.815395 0.0104013
0.81533 0.0104069
0.815266 0.0104126
0.815201 0.0104182
0.815136 0.0104238
0.81507 0.0104295
0.815005 0.0104352
0.81494 0.0104408
0.814874 0.0104465
0.814809 0.0104522
0.814743 0.0104579
0.814678 0.0104636
0.814612 0.0104693
0.814546 0.0104751
0.81448 0.0104808
0.814414 0.0104866
0.814348 0.0104923
0.814281 0.0104981
0.814215 0.0105039
0.814148 0.0105097
0.814082 0.0105155
0.814015 0.0105213
0.813948 0.0105271
0.813881 0.0105329
0.813814 0.0105388
0.813747 0.0105446
0.81368 0.0105505
0.813613 0.0105563
0.813545 0.0105622
0.813478 0.0105681
0.81341 0.010574
0.813343 0.0105799
0.813275 0.0105858
0.813207 0.0105918
0.813139 0.0105977
0.813071 0.0106037
0.813003 0.0106096
0.812934 0.0106156
0.812866 0.0106216
0.812797 0.0106276
0.812729 0.0106336
0.81266 0.0106396
0.812591 0.0106456
0.812522 0.0106517
0.812453 0.0106577
0.812384 0.0106638
0.812314 0.0106698
0.812245 0.0106759
0.812176 0.010682
0.812106 0.0106881
0.812036 0.0106942
0.811966 0.0107003
0.811896 0.0107065
0.811826 0.0107126
0.811756 0.0107188
0.811686 0.0107249
0.811616 0.0107311
0.811545 0.0107373
0.811474 0.0107435
0.811404 0.0107497
0.811333 0.010756
0.811262 0.0107622
0.811191 0.0107684
0.81112 0.0107747
0.811048 0.010781
0.810977 0.0107873
0.810905 0.0107935
0.810834 0.0107999
0.810762 0.0108062
0.81069 0.0108125
0.810618 0.0108188
0.810546 0.0108252
0.810474 0.0108316
0.810402 0.0108379
0.810329 0.0108443
0.810256 0.0108507
0.810184 0.0108571
0.810111 0.0108635
0.810038 0.01087
0.809965 0.0108764
0.809892 0.0108829
0.809819 0.0108894
0.809745 0.0108958
0.809672 0.0109023
0.809598 0.0109088
0.809524 0.0109154
0.80945 0.0109219
0.809376 0.0109284
0.809302 0.010935
0.809228 0.0109416
0.809153 0.0109482
0.809079 0.0109548
0.809004 0.0109614
0.80893 0.010968
0.808855 0.0109746
0.80878 0.0109813
0.808704 0.0109879
0.808629 0.0109946
0.808554 0.0110013
0.808478 0.011008
0.808403 0.0110147
0.808327 0.0110214
0.808251 0.0110282
0.808175 0.0110349
0.808099 0.0110417
0.808022 0.0110485
0.807946 0.0110552
0.807869 0.011062
0.807793 0.0110689
0.807716 0.0110757
0.807639 0.0110825
0.807562 0.0110894
0.807485 0.0110963
0.807407 0.0111032
0.80733 0.0111101
0.807252 0.011117
0.807174 0.0111239
0.807096 0.0111308
0.807018 0.0111378
0.80694 0.0111448
0.806862 0.0111517
0.806783 0.0111587
0.806705 0.0111657
0.806626 0.0111728
0.806547 0.0111798
0.806468 0.0111869
0.806389 0.0111939
0.80631 0.011201
0.80623 0.0112081
0.806151 0.0112152
0.806071 0.0112223
0.805991 0.0112295
0.805911 0.0112366
0.805831 0.0112438
0.805751 0.011251
0.80567 0.0112582
0.80559 0.0112654
0.805509 0.0112726
0.805428 0.0112799
0.805347 0.0112871
0.805266 0.0112944
0.805185 0.0113017
0.805103 0.011309
0.805022 0.0113163
0.80494 0.0113236
0.804858 0.011331
0.804776 0.0113384
0.804694 0.0113457
0.804612 0.0113531
0.804529 0.0113605
0.804446 0.011368
0.804364 0.0113754
0.804281 0.0113829
0.804198 0.0113903
0.804114 0.0113978
0.804031 0.0114053
0.803947 0.0114129
0.803864 0.0114204
0.80378 0.011428
0.803696 0.0114355
0.803612 0.0114431
0.803527 0.0114507
0.803443 0.0114583
0.803358 0.011466
0.803273 0.0114736
0.803188 0.0114813
0.803103 0.011489
0.803018 0.0114967
0.802932 0.0115044
0.802847 0.0115121
0.802761 0.0115199
0.802675 0.0115277
0.802589 0.0115354
0.802503 0.0115432
0.802416 0.0115511
0.80233 0.0115589
0.802243 0.0115668
0.802156 0.0115746
0.802069 0.0115825
0.801981 0.0115904
0.801894 0.0115983
0.801806 0.0116063
0.801719 0.0116142
0.801631 0.0116222
0.801543 0.0116302
0.801454 0.0116382
0.801366 0.0116463
0.801277 0.0116543
0.801188 0.0116624
0.801099 0.0116705
0.80101 0.0116786
0.800921 0.0116867
0.800831 0.0116948
0.800742 0.011703
0.800652 0.0117112
0.800562 0.0117194
0.800472 0.0117276
0.800381 0.0117358
0.800291 0.0117441
0.8002 0.0117523
0.800109 0.0117606
0.800018 0.0117689
0.799926 0.0117773
0.799835 0.0117856
0.799743 0.011794
0.799651 0.0118023
0.799559 0.0118108
0.799467 0.0118192
0.799375 0.0118276
0.799282 0.0118361
0.799189 0.0118446
0.799096 0.0118531
0.799003 0.0118616
0.79891 0.0118701
0.798816 0.0118787
0.798723 0.0118873
0.798629 0.0118959
0.798535 0.0119045
0.79844 0.0119131
0.798346 0.0119218
0.798251 0.0119305
0.798156 0.0119392
0.798061 0.0119479
0.797966 0.0119567
0.79787 0.0119654
0.797775 0.0119742
0.797679 0.011983
0.797583 0.0119919
0.797487 0.0120007
0.79739 0.0120096
0.797293 0.0120185
0.797197 0.0120274
0.7971 0.0120363
0.797002 0.0120453
0.796905 0.0120543
0.796807 0.0120633
0.796709 0.0120723
0.796611 0.0120813
0.796513 0.0120904
0.796414 0.0120995
0.796315 0.0121086
0.796217 0.0121177
0.796117 0.0121269
0.796018 0.0121361
0.795918 0.0121453
0.795819 0.0121545
0.795719 0.0121638
0.795618 0.012173
0.795518 0.0121823
0.795417 0.0121916
0.795317 0.012201
0.795215 0.0122103
0.795114 0.0122197
0.795013 0.0122291
0.794911 0.0122386
0.794809 0.012248
0.794707 0.0122575
0.794604 0.012267
0.794502 0.0122765
0.794399 0.0122861
0.794296 0.0122957
0.794192 0.0123053
0.794089 0.0123149
0.793985 0.0123246
0.793881 0.0123342
0.793777 0.0123439
0.793673 0.0123537
0.793568 0.0123634
0.793463 0.0123732
0.793358 0.012383
0.793252 0.0123928
0.793147 0.0124027
0.793041 0.0124125
0.792935 0.0124224
0.792829 0.0124324
0.792722 0.0124423
0.792615 0.0124523
0.792508 0.0124623
0.792401 0.0124723
0.792293 0.0124824
0.792185 0.0124925
0.792077 0.0125026
0.791969 0.0125127
0.791861 0.0125229
0.791752 0.0125331
0.791643 0.0125433
0.791534 0.0125535
0.791424 0.0125638
0.791314 0.0125741
0.791204 0.0125844
0.791094 0.0125948
0.790984 0.0126052
0.790873 0.0126156
0.790762 0.012626
0.79065 0.0126365
0.790539 0.012647
0.790427 0.0126575
0.790315 0.012668
0.790203 0.0126786
0.79009 0.0126892
0.789977 0.0126999
0.789864 0.0127105
0.789751 0.0127212
0.789637 0.0127319
0.789523 0.0127427
0.789409 0.0127535
0.789295 0.0127643
0.78918 0.0127751
0.789065 0.012786
0.78895 0.0127969
0.788834 0.0128078
0.788718 0.0128188
0.788602 0.0128298
0.788486 0.0128408
0.788369 0.0128519
0.788252 0.012863
0.788135 0.0128741
0.788017 0.0128852
0.7879 0.0128964
0.787781 0.0129076
0.787663 0.0129188
0.787544 0.0129301
0.787426 0.0129414
0.787306 0.0129528
0.787187 0.0129641
0.787067 0.0129755
0.786947 0.012987
0.786827 0.0129984
0.786706 0.0130099
0.786585 0.0130214
0.786464 0.013033
0.786342 0.0130446
0.78622 0.0130562
0.786098 0.0130679
0.785975 0.0130796
0.785853 0.0130913
0.78573 0.0131031
0.785606 0.0131149
0.785482 0.0131267
0.785358 0.0131386
0.785234 0.0131505
0.785109 0.0131624
0.784985 0.0131744
0.784859 0.0131864
0.784734 0.0131985
0.784608 0.0132105
0.784482 0.0132227
0.784355 0.0132348
0.784228 0.013247
0.784101 0.0132592
0.783973 0.0132715
0.783846 0.0132838
0.783717 0.0132961
0.783589 0.0133085
0.78346 0.0133209
0.783331 0.0133333
0.783202 0.0133458
0.783072 0.0133583
0.782942 0.0133709
0.782811 0.0133835
0.78268 0.0133961
0.782549 0.0134088
0.782418 0.0134215
0.782286 0.0134342
0.782154 0.013447
0.782021 0.0134598
0.781888 0.0134727
0.781755 0.0134856
0.781621 0.0134985
0.781487 0.0135115
0.781353 0.0135245
0.781219 0.0135376
0.781084 0.0135507
0.780948 0.0135638
0.780813 0.013577
0.780676 0.0135902
0.78054 0.0136035
0.780403 0.0136168
0.780266 0.0136302
0.780129 0.0136436
0.779991 0.013657
0.779852 0.0136705
0.779714 0.013684
0.779575 0.0136975
0.779435 0.0137111
0.779296 0.0137248
0.779156 0.0137385
0.779015 0.0137522
0.778874 0.013766
0.778733 0.0137798
0.778591 0.0137937
0.778449 0.0138076
0.778307 0.0138215
0.778164 0.0138355
0.778021 0.0138496
0.777877 0.0138637
0.777733 0.0138778
0.777589 0.013892
0.777444 0.0139062
0.777299 0.0139205
0.777153 0.0139348
0.777007 0.0139492
0.77686 0.0139636
0.776714 0.0139781
0.776566 0.0139926
0.776419 0.0140071
0.776271 0.0140217
0.776122 0.0140364
0.775973 0.0140511
0.775824 0.0140658
0.775674 0.0140806
0.775524 0.0140955
0.775373 0.0141104
0.775222 0.0141253
0.775071 0.0141403
0.774919 0.0141554
0.774767 0.0141705
0.774614 0.0141856
0.774461 0.0142008
0.774307 0.0142161
0.774153 0.0142314
0.773999 0.0142467
0.773844 0.0142621
0.773688 0.0142776
0.773532 0.0142931
0.773376 0.0143087
0.773219 0.0143243
0.773062 0.01434
0.772905 0.0143557
0.772746 0.0143715
0.772588 0.0143873
0.772429 0.0144032
0.772269 0.0144192
0.772109 0.0144352
0.771949 0.0144512
0.771788 0.0144673
0.771626 0.0144835
0.771465 0.0144997
0.771302 0.014516
0.771139 0.0145323
0.770976 0.0145487
0.770812 0.0145652
0.770648 0.0145817
0.770483 0.0145983
0.770318 0.0146149
0.770152 0.0146316
0.769986 0.0146484
0.769819 0.0146652
0.769652 0.014682
0.769484 0.014699
0.769315 0.014716
0.769147 0.014733
0.768977 0.0147501
0.768807 0.0147673
0.768637 0.0147845
0.768466 0.0148018
0.768295 0.0148192
0.768123 0.0148366
0.76795 0.0148541
0.767777 0.0148717
0.767604 0.0148893
0.76743 0.014907
0.767255 0.0149247
0.76708 0.0149425
0.766904 0.0149604
0.766728 0.0149784
0.766551 0.0149964
0.766374 0.0150145
0.766196 0.0150326
0.766017 0.0150508
0.765838 0.0150691
0.765659 0.0150875
0.765479 0.0151059
0.765298 0.0151244
0.765117 0.0151429
0.764935 0.0151616
0.764752 0.0151803
0.764569 0.0151991
0.764386 0.0152179
0.764202 0.0152368
0.764017 0.0152558
0.763831 0.0152749
0.763645 0.015294
0.763459 0.0153132
0.763272 0.0153325
0.763084 0.0153518
0.762896 0.0153713
0.762707 0.0153908
0.762517 0.0154104
0.762327 0.01543
0.762136 0.0154498
0.761944 0.0154696
0.761752 0.0154895
0.76156 0.0155094
0.761366 0.0155295
0.761172 0.0155496
0.760978 0.0155698
0.760782 0.0155901
0.760586 0.0156105
0.76039 0.0156309
0.760193 0.0156514
0.759995 0.0156721
0.759796 0.0156927
0.759597 0.0157135
0.759397 0.0157344
0.759197 0.0157553
0.758996 0.0157764
0.758794 0.0157975
0.758591 0.0158187
0.758388 0.01584
0.758184 0.0158613
0.757979 0.0158828
0.757774 0.0159043
0.757568 0.015926
0.757361 0.0159477
0.757154 0.0159695
0.756946 0.0159914
0.756737 0.0160134
0.756527 0.0160355
0.756317 0.0160577
0.756106 0.0160799
0.755894 0.0161023
0.755682 0.0161248
0.755469 0.0161473
0.755255 0.0161699
0.75504 0.0161927
0.754825 0.0162155
0.754608 0.0162385
0.754391 0.0162615
0.754174 0.0162846
0.753955 0.0163078
0.753736 0.0163312
0.753516 0.0163546
0.753295 0.0163781
0.753074 0.0164017
0.752851 0.0164255
0.752628 0.0164493
0.752404 0.0164732
0.752179 0.0164973
0.751954 0.0165214
0.751728 0.0165456
0.7515 0.01657
0.751272 0.0165944
0.751044 0.016619
0.750814 0.0166437
0.750584 0.0166685
0.750352 0.0166934
0.75012 0.0167184
0.749887 0.0167435
0.749653 0.0167687
0.749419 0.016794
0.749183 0.0168195
0.748947 0.016845
0.74871 0.0168707
0.748471 0.0168965
0.748232 0.0169224
0.747993 0.0169484
0.747752 0.0169746
0.74751 0.0170008
0.747268 0.0170272
0.747024 0.0170537
0.74678 0.0170803
0.746534 0.0171071
0.746288 0.0171339
0.746041 0.0171609
0.745793 0.017188
0.745544 0.0172153
0.745294 0.0172426
0.745043 0.0172701
0.744791 0.0172977
0.744539 0.0173255
0.744285 0.0173533
0.74403 0.0173813
0.743775 0.0174095
0.743518 0.0174377
0.74326 0.0174661
0.743002 0.0174947
0.742742 0.0175234
0.742482 0.0175522
0.74222 0.0175811
0.741957 0.0176102
0.741694 0.0176394
0.741429 0.0176688
0.741163 0.0176983
0.740897 0.0177279
0.740629 0.0177577
0.74036 0.0177876
0.74009 0.0178177
0.739819 0.0178479
0.739547 0.0178783
0.739274 0.0179088
0.739 0.0179395
0.738725 0.0179703
0.738448 0.0180013
0.738171 0.0180324
0.737892 0.0180637
0.737613 0.0180951
0.737332 0.0181267
0.73705 0.0181584
0.736767 0.0181903
0.736483 0.0182224
0.736198 0.0182546
0.735911 0.018287
0.735623 0.0183195
0.735335 0.0183523
0.735045 0.0183851
0.734754 0.0184182
0.734461 0.0184514
0.734168 0.0184848
0.733873 0.0185183
0.733577 0.018552
0.73328 0.0185859
0.732982 0.01862
0.732682 0.0186543
0.732381 0.0186887
0.732079 0.0187233
0.731776 0.0187581
0.731471 0.018793
0.731165 0.0188282
0.730858 0.0188635
0.73055 0.018899
0.73024 0.0189347
0.729929 0.0189706
0.729617 0.0190067
0.729303 0.019043
0.728988 0.0190795
0.728672 0.0191161
0.728354 0.019153
0.728035 0.01919
0.727715 0.0192273
0.727393 0.0192647
0.72707 0.0193024
0.726745 0.0193403
0.726419 0.0193783
0.726092 0.0194166
0.725763 0.0194551
0.725433 0.0194938
0.725102 0.0195327
0.724769 0.0195718
0.724434 0.0196111
0.724098 0.0196507
0.723761 0.0196905
0.723422 0.0197304
0.723082 0.0197707
0.72274 0.0198111
0.722397 0.0198518
0.722052 0.0198927
0.721705 0.0199338
0.721357 0.0199751
0.721008 0.0200167
0.720657 0.0200586
0.720304 0.0201006
0.71995 0.0201429
0.719595 0.0201855
0.719237 0.0202283
0.718878 0.0202713
0.718518 0.0203146
0.718156 0.0203581
0.717792 0.0204019
0.717426 0.0204459
0.717059 0.0204902
0.71669 0.0205348
0.71632 0.0205796
0.715948 0.0206247
0.715574 0.02067
0.715198 0.0207156
0.714821 0.0207615
0.714442 0.0208077
0.714061 0.0208541
0.713679 0.0209008
0.713294 0.0209478
0.712908 0.0209951
0.71252 0.0210426
0.712131 0.0210905
0.711739 0.0211386
0.711346 0.021187
0.710951 0.0212357
0.710554 0.0212847
0.710155 0.021334
0.709754 0.0213837
0.709351 0.0214336
0.708947 0.0214838
0.70854 0.0215343
0.708132 0.0215852
0.707721 0.0216363
0.707309 0.0216878
0.706894 0.0217396
0.706478 0.0217918
0.70606 0.0218442
0.70564 0.021897
0.705217 0.0219501
0.704793 0.0220036
0.704366 0.0220574
0.703938 0.0221115
0.703507 0.022166
0.703074 0.0222209
0.70264 0.022276
0.702203 0.0223316
0.701764 0.0223875
0.701322 0.0224438
0.700879 0.0225004
0.700433 0.0225574
0.699986 0.0226148
0.699535 0.0226725
0.699083 0.0227306
0.698629 0.0227891
0.698172 0.022848
0.697713 0.0229073
0.697252 0.022967
0.696788 0.0230271
0.696322 0.0230876
0.695854 0.0231485
0.695383 0.0232098
0.69491 0.0232715
0.694434 0.0233336
0.693956 0.0233962
0.693476 0.0234591
0.692993 0.0235225
0.692508 0.0235864
0.69202 0.0236507
0.69153 0.0237154
0.691038 0.0237805
0.690542 0.0238462
0.690044 0.0239122
0.689544 0.0239788
0.689041 0.0240458
0.688536 0.0241132
0.688027 0.0241812
0.687517 0.0242496
0.687003 0.0243185
0.686487 0.0243879
0.685968 0.0244578
0.685446 0.0245282
0.684922 0.0245991
0.684395 0.0246705
0.683865 0.0247424
0.683332 0.0248148
0.682797 0.0248878
0.682258 0.0249612
0.681717 0.0250353
0.681173 0.0251098
0.680626 0.0251849
0.680076 0.0252606
0.679523 0.0253368
0.678967 0.0254136
0.678408 0.0254909
0.677846 0.0255688
0.677282 0.0256474
0.676714 0.0257264
0.676142 0.0258061
0.675568 0.0258864
0.674991 0.0259673
0.674411 0.0260488
0.673827 0.0261309
0.67324 0.0262137
0.67265 0.0262971
0.672057 0.0263811
0.67146 0.0264658
0.670861 0.0265511
0.670257 0.0266371
0.669651 0.0267237
0.669041 0.0268111
0.668428 0.0268991
0.667811 0.0269878
0.667191 0.0270772
0.666568 0.0271673
0.665941 0.0272581
0.66531 0.0273496
0.664676 0.0274419
0.664038 0.0275349
0.663397 0.0276286
0.662752 0.0277231
0.662104 0.0278184
0.661452 0.0279144
0.660796 0.0280113
0.660136 0.0281089
0.659473 0.0282073
0.658806 0.0283065
0.658135 0.0284065
0.65746 0.0285073
0.656781 0.028609
0.656098 0.0287115
0.655412 0.0288149
0.654721 0.0289191
0.654027 0.0290243
0.653328 0.0291302
0.652626 0.0292371
0.651919 0.0293449
0.651208 0.0294536
0.650494 0.0295633
0.649775 0.0296738
0.649051 0.0297854
0.648324 0.0298978
0.647592 0.0300113
0.646856 0.0301257
0.646116 0.0302411
0.645371 0.0303576
0.644622 0.030475
0.643868 0.0305935
0.64311 0.030713
0.642348 0.0308336
0.641581 0.0309552
0.640809 0.0310779
0.640033 0.0312017
0.639252 0.0313266
0.638467 0.0314527
0.637676 0.0315798
0.636881 0.0317082
0.636082 0.0318377
0.635277 0.0319683
0.634468 0.0321002
0.633654 0.0322332
0.632835 0.0323675
0.632011 0.032503
0.631182 0.0326398
0.630348 0.0327778
0.629509 0.0329171
0.628664 0.0330578
0.627815 0.0331997
0.626961 0.033343
0.626101 0.0334876
0.625236 0.0336336
0.624366 0.033781
0.62349 0.0339297
0.622609 0.0340799
0.621723 0.0342316
0.620831 0.0343847
0.619934 0.0345392
0.619031 0.0346953
0.618123 0.0348529
0.617209 0.035012
0.61629 0.0351727
0.615365 0.035335
0.614434 0.0354988
0.613497 0.0356643
0.612555 0.0358314
0.611606 0.0360002
0.610652 0.0361707
0.609692 0.0363428
0.608726 0.0365167
0.607754 0.0366924
0.606776 0.0368698
0.605792 0.037049
0.604802 0.0372301
0.603805 0.037413
0.602802 0.0375978
0.601794 0.0377845
0.600778 0.0379731
0.599757 0.0381636
0.598729 0.0383562
0.597694 0.0385507
0.596654 0.0387473
0.595606 0.038946
0.594552 0.0391467
0.593492 0.0393496
0.592425 0.0395546
0.591351 0.0397618
0.59027 0.0399712
0.589183 0.0401829
0.588089 0.0403968
0.586988 0.040613
0.58588 0.0408316
0.584765 0.0410526
0.583643 0.0412759
0.582514 0.0415017
0.581378 0.04173
0.580235 0.0419608
0.579085 0.0421942
0.577927 0.0424301
0.576763 0.0426686
0.575591 0.0429099
0.574411 0.0431538
0.573224 0.0434004
0.57203 0.0436499
0.570829 0.0439021
0.56962 0.0441572
0.568403 0.0444152
0.567179 0.0446762
0.565947 0.0449402
0.564707 0.0452072
0.56346 0.0454772
0.562205 0.0457504
0.560942 0.0460268
0.559671 0.0463064
0.558393 0.0465892
0.557106 0.0468754
0.555812 0.047165
0.554509 0.0474579
0.553199 0.0477544
0.55188 0.0480543
0.550553 0.0483578
0.549219 0.048665
0.547876 0.0489758
0.546524 0.0492904
0.545165 0.0496088
0.543797 0.0499311
0.542421 0.0502572
0.541037 0.0505874
0.539644 0.0509215
0.538242 0.0512598
0.536833 0.0516023
0.535414 0.0519489
0.533988 0.0522999
0.532552 0.0526552
0.531109 0.053015
0.529656 0.0533793
0.528195 0.0537481
0.526725 0.0541216
0.525247 0.0544998
0.52376 0.0548827
0.522264 0.0552706
0.520759 0.0556634
0.519246 0.0560612
0.517724 0.0564641
0.516193 0.0568721
0.514653 0.0572855
0.513104 0.0577042
0.511547 0.0581283
0.509981 0.058558
0.508406 0.0589932
0.506821 0.0594342
0.505229 0.0598809
0.503627 0.0603335
0.502016 0.0607921
0.500396 0.0612568
0.498768 0.0617276
0.49713 0.0622047
0.495484 0.0626882
0.493829 0.0631781
0.492165 0.0636746
0.490492 0.0641779
0.48881 0.0646879
0.487119 0.0652048
0.485419 0.0657287
0.483711 0.0662597
0.481994 0.066798
0.480268 0.0673437
0.478533 0.0678969
0.476789 0.0684576
0.475037 0.0690261
0.473276 0.0696024
0.471506 0.0701868
0.469728 0.0707792
0.467941 0.0713799
0.466146 0.071989
0.464342 0.0726066
0.46253 0.0732328
0.460709 0.0738679
0.45888 0.0745119
0.457042 0.0751649
0.455196 0.0758273
0.453342 0.076499
0.45148 0.0771803
0.44961 0.0778712
0.447732 0.0785721
0.445846 0.0792829
0.443952 0.0800039
0.44205 0.0807353
0.440141 0.0814772
0.438224 0.0822298
0.436299 0.0829933
0.434367 0.0837678
0.432428 0.0845535
0.430481 0.0853507
0.428527 0.0861594
0.426566 0.0869799
0.424598 0.0878124
0.422624 0.088657
0.420642 0.089514
0.418655 0.0903836
0.41666 0.0912659
0.414659 0.0921612
0.412652 0.0930696
0.410639 0.0939915
0.40862 0.0949269
0.406595 0.0958762
0.404565 0.0968395
0.402529 0.0978171
0.400487 0.0988092
0.39844 0.0998159
0.396389 0.100838
0.394332 0.101875
0.39227 0.102927
0.390204 0.103995
0.388134 0.105079
0.386059 0.106179
0.383981 0.107295
0.381898 0.108429
0.379812 0.109579
0.377722 0.110746
0.375629 0.111931
0.373533 0.113133
0.371434 0.114353
0.369332 0.115592
0.367228 0.116849
0.365121 0.118125
0.363012 0.11942
0.360902 0.120734
0.35879 0.122068
0.356676 0.123422
0.354561 0.124797
0.352445 0.126191
0.350329 0.127607
0.348212 0.129043
0.346094 0.130501
0.343977 0.131981
0.34186 0.133483
0.339743 0.135007
0.337626 0.136554
0.335511 0.138124
0.333397 0.139716
0.331284 0.141333
0.329173 0.142973
0.327064 0.144638
0.324957 0.146327
0.322852 0.148041
0.32075 0.14978
0.318651 0.151545
0.316555 0.153335
0.314462 0.155152
0.312373 0.156995
0.310288 0.158865
0.308207 0.160762
0.306131 0.162686
0.304059 0.164638
0.301992 0.166619
0.299931 0.168627
0.297875 0.170665
0.295824 0.172731
0.29378 0.174827
0.291741 0.176952
0.28971 0.179108
0.287685 0.181294
0.285667 0.18351
0.283656 0.185757
0.281652 0.188036
0.279657 0.190346
0.277669 0.192688
0.275689 0.195063
0.273718 0.197469
0.271756 0.199909
0.269802 0.202381
0.267858 0.204887
0.265922 0.207426
0.263997 0.209999
0.262081 0.212606
0.260175 0.215248
0.25828 0.217924
0.256395 0.220635
0.25452 0.223381
0.252657 0.226162
0.250804 0.228979
0.248963 0.231832
0.247133 0.23472
0.245315 0.237645
0.243508 0.240606
0.241714 0.243603
0.239932 0.246637
0.238162 0.249708
0.236404 0.252816
0.234659 0.25596
0.232928 0.259142
0.231209 0.262361
0.229503 0.265617
0.22781 0.268911
0.226131 0.272242
0.224465 0.27561
0.222813 0.279016
0.221175 0.282459
0.21955 0.28594
0.21794 0.289458
0.216344 0.293014
0.214762 0.296607
0.213194 0.300237
0.211641 0.303904
0.210102 0.307609
0.208578 0.31135
0.207069 0.315128
0.205574 0.318942
0.204094 0.322793
0.202629 0.32668
0.201179 0.330603
0.199744 0.334561
0.198324 0.338554
0.196919 0.342583
0.195529 0.346646
0.194155 0.350744
0.192795 0.354875
0.191451 0.35904
0.190122 0.363238
0.188808 0.367468
0.187509 0.371731
0.186226 0.376025
0.184958 0.380351
0.183705 0.384707
0.182467 0.389093
0.181245 0.393508
0.180038 0.397952
0.178846 0.402424
0.177669 0.406924
0.176507 0.41145
0.175361 0.416002
0.174229 0.42058
0.173113 0.425182
0.172012 0.429807
0.170925 0.434456
0.169854 0.439126
0.168797 0.443818
0.167755 0.44853
0.166728 0.453261
0.165716 0.458011
0.164718 0.462778
0.163734 0.467562
0.162765 0.472361
0.161811 0.477175
0.160871 0.482002
0.159945 0.486841
0.159033 0.491692
0.158135 0.496554
0.157252 0.501424
0.156382 0.506303
0.155526 0.511189
0.154683 0.516081
0.153854 0.520977
0.153039 0.525877
0.152237 0.53078
0.151449 0.535684
0.150673 0.540588
0.149911 0.545491
0.149161 0.550392
0.148425 0.555289
0.147701 0.560182
0.14699 0.56507
0.146292 0.56995
0.145605 0.574823
0.144932 0.579686
0.14427 0.584539
0.14362 0.58938
0.142983 0.594209
0.142357 0.599024
0.141743 0.603824
0.14114 0.608609
0.140549 0.613375
0.139969 0.618124
0.139401 0.622854
0.138843 0.627563
0.138297 0.63225
0.137761 0.636915
0.137236 0.641557
0.136722 0.646175
0.136218 0.650767
0.135724 0.655332
0.135241 0.659871
0.134767 0.664381
0.134304 0.668862
0.133851 0.673313
0.133407 0.677734
0.132973 0.682123
0.132548 0.68648
0.132132 0.690804
0.131726 0.695094
0.131329 0.699349
0.130941 0.70357
0.130561 0.707755
0.130191 0.711903
0.129829 0.716015
0.129475 0.720089
0.12913 0.724126
0.128793 0.728123
0.128464 0.732082
0.128143 0.736002
0.12783 0.739882
0.127525 0.743722
0.127227 0.747521
0.126937 0.75128
0.126654 0.754998
0.126379 0.758674
0.12611 0.762309
0.125849 0.765902
0.125595 0.769454
0.125348 0.772963
0.125107 0.77643
0.124873 0.779855
0.124645 0.783238
0.124424 0.786578
0.12421 0.789877
0.124001 0.793132
0.123799 0.796346
0.123602 0.799517
0.123412 0.802646
0.123227 0.805733
0.123048 0.808778
0.122875 0.811781
0.122707 0.814743
0.122544 0.817663
0.122387 0.820541
0.122235 0.823379
0.122089 0.826175
0.121947 0.828931
0.12181 0.831647
0.121679 0.834322
0.121552 0.836957
0.121429 0.839553
0.121312 0.84211
0.121199 0.844628
0.12109 0.847107
0.120986 0.849547
0.120886 0.85195
0.120791 0.854315
0.120699 0.856643
0.120612 0.858934
0.120528 0.861189
0.120449 0.863407
0.120373 0.86559
0.120302 0.867738
0.120234 0.86985
0.120169 0.871928
0.120109 0.873972
0.120051 0.875983
0.119998 0.87796
0.119947 0.879904
0.1199 0.881815
0.119857 0.883695
0.119816 0.885543
0.119779 0.88736
0.119745 0.889146
0.119713 0.890902
0.119685 0.892628
0.11966 0.894325
0.119638 0.895992
0.119618 0.897631
0.119601 0.899242
0.119587 0.900825
0.119576 0.90238
0.119567 0.903909
0.119561 0.905411
0.119558 0.906887
0.119556 0.908337
0.119558 0.909762
0.119562 0.911162
0.119568 0.912537
0.119576 0.913889
0.119587 0.915216
0.119599 0.916521
0.119614 0.917802
0.119632 0.919061
0.119651 0.920298
0.119672 0.921513
0.119696 0.922706
0.119721 0.923879
0.119748 0.92503
0.119778 0.926162
0.119809 0.927273
0.119842 0.928365
0.119876 0.929437
0.119913 0.93049
0.119951 0.931525
0.119991 0.932542
0.120033 0.93354
0.120076 0.934521
0.120121 0.935484
0.120168 0.936431
0.120216 0.93736
0.120266 0.938274
0.120317 0.939171
0.12037 0.940052
0.120424 0.940918
0.120479 0.941768
0.120536 0.942604
0.120595 0.943424
0.120655 0.944231
0.120716 0.945023
0.120778 0.945801
0.120842 0.946566
0.120907 0.947317
0.120973 0.948055
0.12104 0.94878
0.121109 0.949492
0.121179 0.950192
0.121249 0.95088
0.121322 0.951556
0.121395 0.95222
0.121469 0.952872
0.121544 0.953513
0.121621 0.954143
0.121698 0.954762
0.121777 0.955371
0.121857 0.955969
0.121937 0.956556
0.122019 0.957134
0.122101 0.957702
0.122184 0.95826
0.122269 0.958808
0.122354 0.959347
0.12244 0.959877
0.122527 0.960397
0.122615 0.960909
0.122704 0.961413
0.122794 0.961907
0.122884 0.962394
0.122975 0.962872
0.123067 0.963342
0.12316 0.963804
0.123254 0.964258
0.123348 0.964705
0.123444 0.965144
0.123539 0.965576
0.123636 0.966001
0.123733 0.966419
0.123832 0.96683
0.12393 0.967234
0.12403 0.967631
0.12413 0.968022
0.124231 0.968407
0.124332 0.968785
0.124434 0.969157
0.124537 0.969522
0.12464 0.969882
0.124744 0.970236
0.124849 0.970585
0.124954 0.970927
0.12506 0.971264
0.125166 0.971596
0.125273 0.971922
0.125381 0.972243
0.125489 0.972559
0.125597 0.97287
0.125706 0.973176
0.125816 0.973477
0.125926 0.973774
0.126037 0.974065
0.126148 0.974353
0.12626 0.974635
0.126372 0.974913
0.126485 0.975187
0.126598 0.975456
0.126712 0.975722
0.126826 0.975983
0.126941 0.97624
0.127056 0.976493
0.127172 0.976742
0.127288 0.976988
0.127404 0.977229
0.127521 0.977467
0.127638 0.977701
0.127756 0.977932
0.127874 0.978159
0.127993 0.978383
0.128112 0.978604
0.128232 0.978821
0.128351 0.979034
0.128472 0.979245
0.128592 0.979452
0.128713 0.979657
0.128835 0.979858
0.128957 0.980056
0.129079 0.980252
0.129201 0.980444
0.129324 0.980634
0.129448 0.98082
0.129571 0.981005
0.129695 0.981186
0.12982 0.981365
0.129944 0.981541
0.130069 0.981714
0.130195 0.981885
0.130321 0.982054
0.130447 0.98222
0.130573 0.982384
0.1307 0.982545
0.130827 0.982705
0.130954 0.982861
0.131082 0.983016
0.13121 0.983169
0.131338 0.983319
0.131467 0.983467
0.131596 0.983613
0.131725 0.983757
0.131855 0.983899
0.131985 0.984039
0.132115 0.984177
0.132245 0.984313
0.132376 0.984447
0.132507 0.98458
0.132639 0.98471
0.13277 0.984839
0.132902 0.984966
0.133034 0.985092
0.133167 0.985215
0.1333 0.985337
0.133433 0.985457
0.133566 0.985576
0.133699 0.985693
0.133833 0.985808
0.133967 0.985922
0.134102 0.986034
0.134236 0.986145
0.134371 0.986255
0.134507 0.986362
0.134642 0.986469
0.134778 0.986574
0.134914 0.986678
0.13505 0.98678
0.135186 0.986881
0.135323 0.98698
0.13546 0.987079
0.135597 0.987176
0.135735 0.987272
0.135872 0.987366
0.13601 0.987459
0.136148 0.987552
0.136287 0.987642
0.136426 0.987732
0.136564 0.987821
0.136704 0.987908
0.136843 0.987995
0.136983 0.98808
0.137122 0.988164
0.137263 0.988247
0.137403 0.988329
0.137543 0.98841
0.137684 0.98849
0.137825 0.988569
0.137967 0.988647
0.138108 0.988724
0.13825 0.9888
0.138392 0.988875
0.138534 0.988949
0.138676 0.989023
0.138819 0.989095
0.138962 0.989166
0.139105 0.989237
0.139248 0.989307
0.139392 0.989376
0.139536 0.989444
0.139679 0.989511
0.139824 0.989577
0.139968 0.989643
0.140113 0.989707
0.140258 0.989771
0.140403 0.989835
0.140548 0.989897
0.140694 0.989959
0.140839 0.99002
0.140985 0.99008
0.141131 0.99014
0.141278 0.990198
0.141424 0.990256
0.141571 0.990314
0.141718 0.990371
0.141866 0.990427
0.142013 0.990482
0.142161 0.990537
0.142309 0.990591
0.142457 0.990644
0.142605 0.990697
0.142754 0.990749
0.142903 0.990801
0.143052 0.990852
0.143201 0.990903
0.14335 0.990952
0.1435 0.991002
0.14365 0.99105
0.1438 0.991098
0.14395 0.991146
0.144101 0.991193
0.144251 0.99124
0.144402 0.991286
0.144554 0.991331
0.144705 0.991376
0.144857 0.99142
0.145008 0.991464
0.14516 0.991508
0.145313 0.991551
0.145465 0.991593
0.145618 0.991635
0.145771 0.991676
0.145924 0.991717
0.146077 0.991758
0.146231 0.991798
0.146385 0.991838
0.146539 0.991877
0.146693 0.991916
0.146847 0.991954
0.147002 0.991992
0.147157 0.992029
0.147312 0.992066
0.147467 0.992103
0.147623 0.992139
0.147778 0.992175
0.147934 0.992211
0.148091 0.992246
0.148247 0.99228
0.148404 0.992315
0.148561 0.992349
0.148718 0.992382
0.148875 0.992415
0.149033 0.992448
0.14919 0.992481
0.149348 0.992513
0.149507 0.992545
0.149665 0.992576
0.149824 0.992607
0.149983 0.992638
0.150142 0.992668
0.150301 0.992698
0.150461 0.992728
0.150621 0.992757
0.150781 0.992787
0.150941 0.992815
0.151101 0.992844
0.151262 0.992872
0.151423 0.9929
0.151584 0.992927
0.151746 0.992955
0.151907 0.992982
0.152069 0.993008
0.152232 0.993035
0.152394 0.993061
0.152557 0.993087
0.152719 0.993112
0.152883 0.993138
0.153046 0.993163
0.15321 0.993187
0.153373 0.993212
0.153537 0.993236
0.153702 0.99326
0.153866 0.993284
0.154031 0.993307
0.154196 0.993331
0.154362 0.993354
0.154527 0.993376
0.154693 0.993399
0.154859 0.993421
0.155025 0.993443
0.155192 0.993465
0.155359 0.993486
0.155526 0.993508
0.155693 0.993529
0.155861 0.99355
0.156028 0.99357
0.156196 0.993591
0.156365 0.993611
0.156533 0.993631
0.156702 0.993651
0.156871 0.99367
0.157041 0.993689
0.15721 0.993709
0.15738 0.993728
0.15755 0.993746
0.157721 0.993765
0.157892 0.993783
0.158062 0.993801
0.158234 0.993819
0.158405 0.993837
0.158577 0.993855
0.158749 0.993872
0.158921 0.993889
0.159094 0.993906
0.159267 0.993923
0.15944 0.99394
0.159613 0.993956
0.159787 0.993973
0.159961 0.993989
0.160135 0.994005
0.16031 0.99402
0.160485 0.994036
0.16066 0.994051
0.160835 0.994067
0.161011 0.994082
0.161187 0.994097
0.161363 0.994112
0.16154 0.994126
0.161717 0.994141
0.161894 0.994155
0.162071 0.994169
0.162249 0.994183
0.162427 0.994197
0.162605 0.994211
0.162784 0.994224
0.162963 0.994238
0.163142 0.994251
0.163321 0.994264
0.163501 0.994277
0.163681 0.99429
0.163862 0.994302
0.164043 0.994315
0.164224 0.994327
0.164405 0.994339
0.164587 0.994352
0.164769 0.994364
0.164951 0.994375
0.165134 0.994387
0.165317 0.994399
0.1655 0.99441
0.165684 0.994421
0.165868 0.994433
0.166052 0.994444
0.166236 0.994455
0.166421 0.994465
0.166606 0.994476
0.166792 0.994487
0.166978 0.994497
0.167164 0.994507
0.167351 0.994518
0.167538 0.994528
0.167725 0.994538
0.167913 0.994547
0.1681 0.994557
0.168289 0.994567
0.168477 0.994576
0.168666 0.994586
0.168856 0.994595
0.169045 0.994604
0.169235 0.994613
0.169426 0.994622
0.169616 0.994631
0.169808 0.99464
0.169999 0.994648
0.170191 0.994657
0.170383 0.994665
0.170576 0.994673
0.170768 0.994682
0.170962 0.99469
0.171155 0.994698
0.171349 0.994706
0.171544 0.994713
0.171739 0.994721
0.171934 0.994729
0.172129 0.994736
0.172325 0.994743
0.172521 0.994751
0.172718 0.994758
0.172915 0.994765
0.173113 0.994772
0.17331 0.994779
0.173509 0.994786
0.173707 0.994792
0.173906 0.994799
0.174106 0.994805
0.174306 0.994812
0.174506 0.994818
0.174706 0.994824
0.174907 0.994831
0.175109 0.994837
0.175311 0.994843
0.175513 0.994849
0.175716 0.994854
0.175919 0.99486
0.176122 0.994866
0.176326 0.994871
0.176531 0.994877
0.176736 0.994882
0.176941 0.994887
0.177146 0.994893
0.177353 0.994898
0.177559 0.994903
0.177766 0.994908
0.177973 0.994913
0.178181 0.994917
0.17839 0.994922
0.178598 0.994927
0.178808 0.994931
0.179017 0.994936
0.179227 0.99494
0.179438 0.994945
0.179649 0.994949
0.17986 0.994953
0.180072 0.994957
0.180285 0.994961
0.180498 0.994965
0.180711 0.994969
0.180925 0.994973
0.181139 0.994976
0.181354 0.99498
0.181569 0.994983
0.181785 0.994987
0.182001 0.99499
0.182218 0.994994
0.182435 0.994997
0.182653 0.995
0.182871 0.995003
0.18309 0.995006
0.183309 0.995009
0.183528 0.995012
0.183749 0.995015
0.183969 0.995018
0.184191 0.995021
0.184412 0.995023
0.184635 0.995026
0.184858 0.995028
0.185081 0.995031
0.185305 0.995033
0.185529 0.995035
0.185754 0.995038
0.185979 0.99504
0.186205 0.995042
0.186432 0.995044
0.186659 0.995046
0.186887 0.995048
0.187115 0.995049
0.187344 0.995051
0.187573 0.995053
0.187803 0.995055
0.188033 0.995056
0.188264 0.995058
0.188496 0.995059
0.188728 0.99506
0.18896 0.995062
0.189194 0.995063
0.189428 0.995064
0.189662 0.995065
0.189897 0.995066
0.190133 0.995067
0.190369 0.995068
0.190606 0.995069
0.190843 0.99507
0.191081 0.99507
0.19132 0.995071
0.191559 0.995072
0.191799 0.995072
0.192039 0.995073
0.192281 0.995073
0.192522 0.995074
0.192765 0.995074
0.193008 0.995074
0.193251 0.995074
0.193496 0.995074
0.193741 0.995074
0.193986 0.995074
0.194232 0.995074
0.194479 0.995074
0.194727 0.995074
0.194975 0.995074
0.195224 0.995073
0.195473 0.995073
0.195724 0.995073
0.195975 0.995072
0.196226 0.995072
0.196478 0.995071
0.196731 0.99507
0.196985 0.99507
0.197239 0.995069
0.197495 0.995068
0.19775 0.995067
0.198007 0.995066
0.198264 0.995065
0.198522 0.995064
0.198781 0.995063
0.19904 0.995062
0.1993 0.99506
0.199561 0.995059
0.199822 0.995058
0.200085 0.995056
0.200348 0.995055
0.200612 0.995053
0.200876 0.995052
0.201142 0.99505
0.201408 0.995048
0.201675 0.995047
0.201942 0.995045
0.202211 0.995043
0.20248 0.995041
0.20275 0.995039
0.203021 0.995037
0.203293 0.995035
0.203565 0.995033
0.203838 0.99503
0.204112 0.995028
0.204387 0.995026
0.204663 0.995023
0.20494 0.995021
0.205217 0.995018
0.205495 0.995016
0.205774 0.995013
0.206054 0.99501
0.206335 0.995008
0.206617 0.995005
0.206899 0.995002
0.207182 0.994999
0.207467 0.994996
0.207752 0.994993
0.208038 0.99499
0.208325 0.994987
0.208613 0.994983
0.208901 0.99498
0.209191 0.994977
0.209482 0.994973
0.209773 0.99497
0.210065 0.994966
0.210359 0.994963
0.210653 0.994959
0.210948 0.994956
0.211244 0.994952
0.211542 0.994948
0.21184 0.994944
0.212139 0.99494
0.212439 0.994936
0.21274 0.994932
0.213042 0.994928
0.213345 0.994924
0.213649 0.99492
0.213954 0.994915
0.21426 0.994911
0.214567 0.994907
0.214875 0.994902
0.215184 0.994898
0.215494 0.994893
0.215805 0.994888
0.216117 0.994884
0.216431 0.994879
0.216745 0.994874
0.217061 0.994869
0.217377 0.994864
0.217695 0.994859
0.218013 0.994854
0.218333 0.994849
0.218654 0.994844
0.218976 0.994839
0.219299 0.994833
0.219623 0.994828
0.219949 0.994822
0.220275 0.994817
0.220603 0.994811
0.220932 0.994806
0.221262 0.9948
0.221593 0.994794
0.221925 0.994788
0.222259 0.994783
0.222594 0.994777
0.22293 0.994771
0.223267 0.994764
0.223605 0.994758
0.223945 0.994752
0.224286 0.994746
0.224628 0.994739
0.224971 0.994733
0.225316 0.994727
0.225662 0.99472
0.226009 0.994713
0.226357 0.994707
0.226707 0.9947
0.227058 0.994693
0.227411 0.994686
0.227764 0.994679
0.228119 0.994672
0.228476 0.994665
0.228834 0.994658
0.229193 0.994651
0.229553 0.994643
0.229915 0.994636
0.230278 0.994629
0.230643 0.994621
0.231009 0.994613
0.231376 0.994606
0.231745 0.994598
0.232116 0.99459
0.232487 0.994582
0.23286 0.994574
0.233235 0.994566
0.233611 0.994558
0.233989 0.99455
0.234368 0.994542
0.234749 0.994534
0.235131 0.994525
0.235515 0.994517
0.2359 0.994508
0.236287 0.994499
0.236675 0.994491
0.237065 0.994482
0.237456 0.994473
0.23785 0.994464
0.238244 0.994455
0.238641 0.994446
0.239038 0.994437
0.239438 0.994428
0.239839 0.994418
0.240242 0.994409
0.240647 0.994399
0.241053 0.99439
0.241461 0.99438
0.241871 0.99437
0.242282 0.99436
0.242695 0.99435
0.24311 0.99434
0.243527 0.99433
0.243945 0.99432
0.244365 0.99431
0.244787 0.994299
0.245211 0.994289
0.245637 0.994279
0.246064 0.994268
0.246494 0.994257
0.246925 0.994246
0.247358 0.994235
0.247793 0.994224
0.24823 0.994213
0.248668 0.994202
0.249109 0.994191
0.249552 0.99418
0.249996 0.994168
0.250443 0.994157
0.250892 0.994145
0.251342 0.994133
0.251795 0.994121
0.25225 0.994109
0.252706 0.994097
0.253165 0.994085
0.253626 0.994073
0.254089 0.994061
0.254554 0.994048
0.255021 0.994036
0.255491 0.994023
0.255962 0.99401
0.256436 0.993997
0.256912 0.993984
0.25739 0.993971
0.25787 0.993958
0.258353 0.993945
0.258838 0.993931
0.259325 0.993918
0.259815 0.993904
0.260306 0.99389
0.2608 0.993876
0.261297 0.993862
0.261796 0.993848
0.262297 0.993834
0.262801 0.99382
0.263307 0.993805
0.263815 0.993791
0.264326 0.993776
0.26484 0.993761
0.265355 0.993746
0.265874 0.993731
0.266395 0.993716
0.266918 0.993701
0.267445 0.993685
0.267973 0.99367
0.268505 0.993654
0.269039 0.993638
0.269575 0.993622
0.270115 0.993606
0.270657 0.99359
0.271202 0.993574
0.271749 0.993557
0.272299 0.993541
0.272853 0.993524
0.273408 0.993507
0.273967 0.99349
0.274529 0.993473
0.275093 0.993455
0.275661 0.993438
0.276231 0.99342
0.276804 0.993403
0.27738 0.993385
0.27796 0.993367
0.278542 0.993348
0.279127 0.99333
0.279716 0.993311
0.280307 0.993293
0.280902 0.993274
0.2815 0.993255
0.2821 0.993236
0.282705 0.993216
0.283312 0.993197
0.283923 0.993177
0.284536 0.993157
0.285154 0.993137
0.285774 0.993117
0.286398 0.993097
0.287025 0.993076
0.287656 0.993055
0.28829 0.993035
0.288928 0.993013
0.289569 0.992992
0.290214 0.992971
0.290862 0.992949
0.291514 0.992927
0.292169 0.992905
0.292828 0.992883
0.293491 0.992861
0.294157 0.992838
0.294827 0.992815
0.295501 0.992792
0.296179 0.992769
0.296861 0.992746
0.297546 0.992722
0.298236 0.992698
0.298929 0.992674
0.299626 0.99265
0.300327 0.992625
0.301033 0.992601
0.301742 0.992576
0.302456 0.992551
0.303173 0.992525
0.303895 0.9925
0.304621 0.992474
0.305351 0.992448
0.306086 0.992422
0.306825 0.992395
0.307568 0.992368
0.308315 0.992341
0.309067 0.992314
0.309824 0.992286
0.310585 0.992259
0.31135 0.992231
0.312121 0.992202
0.312895 0.992174
0.313675 0.992145
0.314459 0.992116
0.315248 0.992086
0.316041 0.992057
0.31684 0.992027
0.317643 0.991996
0.318451 0.991966
0.319264 0.991935
0.320082 0.991904
0.320906 0.991873
0.321734 0.991841
0.322567 0.991809
0.323406 0.991777
0.32425 0.991744
0.325099 0.991711
0.325953 0.991678
0.326813 0.991644
0.327678 0.99161
0.328548 0.991576
0.329424 0.991541
0.330306 0.991506
0.331193 0.991471
0.332086 0.991435
0.332984 0.991399
0.333888 0.991363
0.334798 0.991326
0.335714 0.991289
0.336635 0.991252
0.337563 0.991214
0.338497 0.991175
0.339436 0.991137
0.340382 0.991098
0.341334 0.991058
0.342292 0.991018
0.343256 0.990978
0.344227 0.990937
0.345204 0.990896
0.346187 0.990855
0.347177 0.990813
0.348173 0.99077
0.349176 0.990728
0.350186 0.990684
0.351202 0.99064
0.352225 0.990596
0.353255 0.990551
0.354291 0.990506
0.355335 0.990461
0.356386 0.990414
0.357443 0.990368
0.358508 0.990321
0.35958 0.990273
0.360659 0.990225
0.361745 0.990176
0.362839 0.990127
0.36394 0.990077
0.365049 0.990026
0.366165 0.989975
0.367289 0.989924
0.368421 0.989872
0.36956 0.989819
0.370707 0.989766
0.371862 0.989712
0.373025 0.989657
0.374196 0.989602
0.375375 0.989546
0.376562 0.98949
0.377757 0.989433
0.37896 0.989375
0.380172 0.989317
0.381393 0.989258
0.382621 0.989198
0.383859 0.989137
0.385104 0.989076
0.386359 0.989014
0.387622 0.988952
0.388895 0.988888
0.390176 0.988824
0.391466 0.988759
0.392765 0.988693
0.394073 0.988627
0.39539 0.98856
0.396717 0.988491
0.398053 0.988422
0.399398 0.988353
0.400753 0.988282
0.402117 0.98821
0.403491 0.988138
0.404874 0.988064
0.406268 0.98799
0.407671 0.987915
0.409084 0.987839
0.410507 0.987762
0.41194 0.987683
0.413384 0.987604
0.414837 0.987524
0.416301 0.987443
0.417775 0.987361
0.419259 0.987277
0.420754 0.987193
0.42226 0.987108
0.423776 0.987021
0.425303 0.986933
0.42684 0.986844
0.428389 0.986754
0.429948 0.986663
0.431518 0.98657
0.4331 0.986477
0.434692 0.986382
0.436296 0.986285
0.437911 0.986188
0.439537 0.986089
0.441175 0.985988
0.442824 0.985887
0.444485 0.985784
0.446157 0.985679
0.447841 0.985573
0.449537 0.985466
0.451244 0.985357
0.452963 0.985246
0.454695 0.985134
0.456438 0.985021
0.458193 0.984905
0.45996 0.984789
0.461739 0.98467
0.463531 0.98455
0.465335 0.984428
0.467151 0.984304
0.468979 0.984178
0.47082 0.984051
0.472673 0.983922
0.474539 0.983791
0.476417 0.983658
0.478307 0.983522
0.480211 0.983385
0.482127 0.983246
0.484055 0.983105
0.485996 0.982962
0.48795 0.982816
0.489917 0.982668
0.491897 0.982519
0.493889 0.982366
0.495894 0.982212
0.497912 0.982055
0.499943 0.981895
0.501986 0.981734
0.504043 0.981569
0.506112 0.981402
0.508194 0.981233
0.510289 0.981061
0.512397 0.980886
0.514518 0.980708
0.516651 0.980528
0.518797 0.980345
0.520956 0.980158
0.523128 0.979969
0.525313 0.979777
0.52751 0.979581
0.52972 0.979383
0.531942 0.979181
0.534177 0.978976
0.536425 0.978768
0.538685 0.978556
0.540957 0.978341
0.543242 0.978122
0.545539 0.977899
0.547848 0.977673
0.550169 0.977443
0.552503 0.97721
0.554848 0.976972
0.557205 0.976731
0.559573 0.976485
0.561954 0.976235
0.564345 0.975981
0.566748 0.975723
0.569163 0.97546
0.571588 0.975193
0.574024 0.974921
0.576471 0.974644
0.578929 0.974363
0.581398 0.974077
0.583876 0.973786
0.586365 0.97349
0.588864 0.973189
0.591372 0.972882
0.59389 0.97257
0.596418 0.972253
0.598955 0.97193
0.601501 0.971602
0.604055 0.971267
0.606618 0.970927
0.609189 0.970581
0.611769 0.970228
0.614356 0.96987
0.616951 0.969505
0.619553 0.969133
0.622162 0.968755
0.624778 0.96837
0.627401 0.967978
0.630029 0.967579
0.632664 0.967173
0.635304 0.96676
0.637949 0.966339
0.6406 0.96591
0.643255 0.965474
0.645915 0.96503
0.648578 0.964578
0.651246 0.964117
0.653916 0.963648
0.65659 0.963171
0.659266 0.962685
0.661945 0.96219
0.664625 0.961686
0.667307 0.961173
0.669991 0.96065
0.672675 0.960118
0.67536 0.959576
0.678044 0.959024
0.680729 0.958462
0.683412 0.95789
0.686095 0.957307
0.688776 0.956713
0.691455 0.956109
0.694132 0.955493
0.696806 0.954866
0.699478 0.954227
0.702145 0.953577
0.704809 0.952915
0.707468 0.95224
0.710123 0.951554
0.712773 0.950854
0.715417 0.950142
0.718055 0.949417
0.720686 0.948678
0.723311 0.947926
0.725929 0.947159
0.728539 0.946379
0.731141 0.945585
0.733735 0.944776
0.73632 0.943952
0.738896 0.943113
0.741462 0.942259
0.744019 0.94139
0.746565 0.940504
0.7491 0.939603
0.751624 0.938685
0.754137 0.93775
0.756638 0.936799
0.759127 0.93583
0.761603 0.934844
0.764066 0.93384
0.766517 0.932818
0.768953 0.931778
0.771376 0.930719
0.773784 0.929641
0.776178 0.928544
0.778557 0.927428
0.780921 0.926291
0.78327 0.925135
0.785603 0.923958
0.787919 0.922761
0.79022 0.921542
0.792504 0.920302
0.794771 0.919041
0.797021 0.917758
0.799255 0.916452
0.80147 0.915124
0.803668 0.913773
0.805848 0.912398
0.80801 0.911001
0.810153 0.909579
0.812279 0.908133
0.814385 0.906663
0.816473 0.905168
0.818542 0.903648
0.820591 0.902102
0.822622 0.900531
0.824633 0.898933
0.826625 0.897309
0.828597 0.895659
0.830549 0.893981
0.832482 0.892276
0.834395 0.890544
0.836288 0.888783
0.838161 0.886994
0.840015 0.885177
0.841848 0.88333
0.843661 0.881455
0.845454 0.87955
0.847227 0.877615
0.848979 0.875649
0.850712 0.873654
0.852424 0.871627
0.854117 0.86957
0.855789 0.867481
0.857441 0.865361
0.859073 0.863209
0.860686 0.861024
0.862278 0.858807
0.86385 0.856558
0.865403 0.854275
0.866935 0.85196
0.868449 0.84961
0.869942 0.847227
0.871416 0.84481
0.87287 0.842359
0.874306 0.839873
0.875722 0.837353
0.877118 0.834797
0.878496 0.832207
0.879855 0.829581
0.881195 0.82692
0.882516 0.824222
0.883819 0.82149
0.885104 0.818721
0.88637 0.815915
0.887618 0.813074
0.888847 0.810196
0.890059 0.807281
0.891254 0.80433
0.89243 0.801341
0.89359 0.798316
0.894732 0.795253
0.895856 0.792154
0.896964 0.789017
0.898055 0.785843
0.899129 0.782632
0.900187 0.779383
0.901229 0.776097
0.902254 0.772773
0.903263 0.769413
0.904256 0.766015
0.905234 0.762579
0.906196 0.759106
0.907143 0.755597
0.908074 0.75205
0.90899 0.748466
0.909892 0.744845
0.910779 0.741188
0.911651 0.737494
0.912509 0.733763
0.913353 0.729997
0.914182 0.726194
0.914998 0.722355
0.9158 0.718481
0.916588 0.714572
0.917363 0.710627
0.918125 0.706648
0.918874 0.702634
0.91961 0.698587
0.920333 0.694505
0.921043 0.69039
0.921741 0.686242
0.922427 0.682061
0.923101 0.677848
0.923762 0.673603
0.924412 0.669327
0.925051 0.665021
0.925677 0.660684
0.926293 0.656317
0.926897 0.651921
0.92749 0.647496
0.928072 0.643043
0.928644 0.638563
0.929204 0.634056
0.929755 0.629522
0.930295 0.624963
0.930825 0.62038
0.931344 0.615772
0.931854 0.61114
0.932354 0.606486
0.932845 0.60181
0.933325 0.597113
0.933797 0.592396
0.934259 0.587659
0.934712 0.582903
0.935156 0.57813
0.935592 0.573339
0.936018 0.568533
0.936436 0.563711
0.936845 0.558875
0.937246 0.554025
0.937639 0.549164
0.938023 0.54429
0.9384 0.539406
0.938768 0.534513
0.939129 0.529611
0.939482 0.524701
0.939828 0.519785
0.940166 0.514864
0.940496 0.509938
0.94082 0.505008
0.941136 0.500076
0.941445 0.495143
0.941747 0.490209
0.942042 0.485276
0.942331 0.480345
0.942613 0.475416
0.942888 0.470492
0.943157 0.465572
0.943419 0.460658
0.943675 0.455752
0.943925 0.450854
0.944169 0.445964
0.944407 0.441085
0.944639 0.436217
0.944865 0.431362
0.945085 0.426519
0.9453 0.421691
0.945509 0.416879
0.945713 0.412082
0.945911 0.407303
0.946104 0.402542
0.946292 0.397801
0.946474 0.393079
0.946651 0.388379
0.946824 0.3837
0.946991 0.379045
0.947154 0.374413
0.947311 0.369806
0.947464 0.365224
0.947613 0.360669
0.947757 0.356141
0.947896 0.35164
0.948031 0.347169
0.948161 0.342726
0.948287 0.338314
0.948409 0.333933
0.948527 0.329583
0.948641 0.325265
0.94875 0.32098
0.948856 0.316728
0.948958 0.31251
0.949055 0.308326
0.94915 0.304178
0.94924 0.300065
0.949327 0.295988
0.94941 0.291948
0.949489 0.287944
0.949565 0.283977
0.949638 0.280049
0.949707 0.276158
0.949773 0.272305
0.949835 0.268491
0.949895 0.264716
0.949951 0.26098
0.950004 0.257283
0.950054 0.253626
0.950101 0.250009
0.950145 0.246432
0.950186 0.242894
0.950224 0.239397
0.950259 0.23594
0.950292 0.232523
0.950322 0.229147
0.950349 0.225811
0.950374 0.222516
0.950396 0.21926
0.950415 0.216045
0.950432 0.212871
0.950446 0.209736
0.950458 0.206642
0.950468 0.203588
0.950475 0.200573
0.95048 0.197599
0.950483 0.194664
0.950484 0.191768
0.950482 0.188912
0.950478 0.186094
0.950473 0.183316
0.950465 0.180576
0.950455 0.177874
0.950443 0.175211
0.950429 0.172585
0.950413 0.169997
0.950395 0.167446
0.950376 0.164933
0.950354 0.162456
0.950331 0.160015
0.950306 0.15761
0.950279 0.155242
0.950251 0.152908
0.950221 0.15061
0.950189 0.148347
0.950156 0.146117
0.950121 0.143922
0.950085 0.141761
0.950047 0.139633
0.950008 0.137538
0.949967 0.135476
0.949924 0.133445
0.949881 0.131447
0.949836 0.12948
0.949789 0.127544
0.949742 0.125639
0.949693 0.123764
0.949642 0.121919
0.949591 0.120104
0.949538 0.118317
0.949484 0.11656
0.949429 0.114831
0.949372 0.11313
0.949315 0.111456
0.949256 0.10981
0.949196 0.108191
0.949136 0.106598
0.949074 0.105031
0.949011 0.10349
0.948947 0.101975
0.948882 0.100484
0.948816 0.0990178
0.948749 0.0975759
0.948682 0.0961579
0.948613 0.0947634
0.948543 0.093392
0.948473 0.0920434
0.948402 0.0907173
0.948329 0.0894132
0.948256 0.0881309
0.948183 0.0868699
0.948108 0.08563
0.948033 0.0844108
0.947957 0.083212
0.94788 0.0820332
0.947802 0.0808741
0.947724 0.0797345
0.947645 0.0786139
0.947565 0.0775121
0.947484 0.0764287
0.947403 0.0753634
0.947322 0.0743161
0.947239 0.0732862
0.947156 0.0722736
0.947073 0.0712779
0.946988 0.070299
0.946904 0.0693364
0.946818 0.0683899
0.946732 0.0674592
0.946646 0.0665441
0.946559 0.0656442
0.946471 0.0647594
0.946383 0.0638894
0.946295 0.0630338
0.946206 0.0621925
0.946116 0.0613653
0.946026 0.0605518
0.945936 0.0597518
0.945845 0.0589651
0.945754 0.0581914
0.945662 0.0574306
0.94557 0.0566824
0.945477 0.0559465
0.945385 0.0552228
0.945291 0.054511
0.945197 0.053811
0.945103 0.0531225
0.945009 0.0524454
0.944914 0.0517793
0.944819 0.0511242
0.944723 0.0504798
0.944628 0.0498459
0.944531 0.0492224
0.944435 0.048609
0.944338 0.0480057
0.944241 0.0474121
0.944144 0.0468282
0.944046 0.0462538
0.943948 0.0456886
0.94385 0.0451326
0.943752 0.0445855
0.943653 0.0440473
0.943554 0.0435177
0.943455 0.0429965
0.943355 0.0424838
0.943256 0.0419792
0.943156 0.0414827
0.943056 0.0409941
0.942955 0.0405132
0.942855 0.04004
0.942754 0.0395743
0.942653 0.039116
0.942552 0.0386648
0.942451 0.0382208
0.942349 0.0377837
0.942248 0.0373536
0.942146 0.0369301
0.942044 0.0365132
0.941942 0.0361029
0.941839 0.0356989
0.941737 0.0353012
0.941634 0.0349097
0.941532 0.0345242
0.941429 0.0341446
0.941326 0.0337709
0.941223 0.0334029
0.941119 0.0330406
0.941016 0.0326838
0.940913 0.0323324
0.940809 0.0319864
0.940706 0.0316457
0.940602 0.0313101
0.940498 0.0309795
0.940394 0.030654
0.94029 0.0303334
0.940186 0.0300175
0.940082 0.0297064
0.939977 0.0294
0.939873 0.0290981
0.939769 0.0288007
0.939664 0.0285077
0.93956 0.0282191
0.939455 0.0279347
0.93935 0.0276545
0.939246 0.0273784
0.939141 0.0271064
0.939036 0.0268383
0.938931 0.0265742
0.938826 0.0263139
0.938722 0.0260574
0.938617 0.0258045
0.938512 0.0255554
0.938407 0.0253098
0.938302 0.0250678
0.938197 0.0248292
0.938091 0.0245941
0.937986 0.0243623
0.937881 0.0241338
0.937776 0.0239085
0.937671 0.0236865
0.937566 0.0234675
0.937461 0.0232517
0.937356 0.0230389
0.93725 0.0228291
0.937145 0.0226222
0.93704 0.0224182
0.936935 0.022217
0.93683 0.0220186
0.936725 0.021823
0.93662 0.0216301
0.936515 0.0214398
0.93641 0.0212522
0.936305 0.0210671
0.9362 0.0208846
0.936095 0.0207045
0.93599 0.0205269
0.935885 0.0203517
0.93578 0.0201789
0.935675 0.0200084
0.93557 0.0198402
0.935465 0.0196742
0.93536 0.0195105
0.935255 0.019349
0.935151 0.0191896
0.935046 0.0190324
0.934941 0.0188772
0.934837 0.0187241
0.934732 0.018573
0.934628 0.0184239
0.934523 0.0182767
0.934419 0.0181315
0.934315 0.0179881
0.93421 0.0178467
0.934106 0.017707
0.934002 0.0175692
0.933898 0.0174332
0.933794 0.0172989
0.93369 0.0171664
0.933586 0.0170355
0.933482 0.0169063
0.933378 0.0167788
0.933274 0.0166529
0.93317 0.0165286
0.933067 0.0164058
0.932963 0.0162847
0.93286 0.016165
0.932756 0.0160469
0.932653 0.0159302
0.932549 0.015815
0.932446 0.0157012
0.932343 0.0155889
0.93224 0.0154779
0.932137 0.0153683
0.932034 0.0152601
0.931931 0.0151532
0.931828 0.0150476
0.931726 0.0149433
0.931623 0.0148403
0.931521 0.0147385
0.931418 0.014638
0.931316 0.0145387
0.931213 0.0144406
0.931111 0.0143437
0.931009 0.014248
0.930907 0.0141534
0.930805 0.0140599
0.930703 0.0139676
0.930601 0.0138763
0.9305 0.0137862
0.930398 0.0136971
0.930297 0.0136091
0.930195 0.0135221
0.930094 0.0134361
0.929993 0.0133512
0.929892 0.0132672
0.929791 0.0131843
0.92969 0.0131023
0.929589 0.0130212
0.929488 0.0129411
0.929387 0.012862
0.929287 0.0127837
0.929186 0.0127064
0.929086 0.0126299
0.928986 0.0125543
0.928885 0.0124796
0.928785 0.0124057
0.928685 0.0123327
0.928585 0.0122605
0.928486 0.0121891
0.928386 0.0121186
0.928286 0.0120488
0.928187 0.0119798
0.928088 0.0119116
0.927988 0.0118442
0.927889 0.0117775
0.92779 0.0117116
0.927691 0.0116464
0.927592 0.0115819
0.927493 0.0115181
0.927395 0.0114551
0.927296 0.0113927
0.927198 0.0113311
0.927099 0.0112701
0.927001 0.0112097
0.926903 0.0111501
0.926805 0.0110911
0.926707 0.0110327
0.926609 0.010975
0.926512 0.0109179
0.926414 0.0108614
0.926317 0.0108055
0.926219 0.0107502
0.926122 0.0106955
0.926025 0.0106415
0.925928 0.0105879
0.925831 0.010535
0.925734 0.0104826
0.925637 0.0104308
0.925541 0.0103795
0.925444 0.0103288
0.925348 0.0102786
0.925251 0.010229
0.925155 0.0101799
0.925059 0.0101312
0.924963 0.0100831
0.924868 0.0100355
0.924772 0.00998843
0.924676 0.00994182
0.924581 0.00989569
0.924485 0.00985004
0.92439 0.00980487
0.924295 0.00976016
0.9242 0.00971592
0.924105 0.00967213
0.92401 0.00962879
0.923915 0.0095859
0.923821 0.00954345
0.923726 0.00950143
0.923632 0.00945984
0.923538 0.00941868
0.923444 0.00937793
0.92335 0.0093376
0.923256 0.00929767
0.923162 0.00925815
0.923068 0.00921903
0.922975 0.0091803
0.922881 0.00914197
0.922788 0.00910401
0.922695 0.00906644
0.922602 0.00902925
0.922509 0.00899242
0.922416 0.00895597
0.922323 0.00891987
0.92223 0.00888414
0.922138 0.00884876
0.922045 0.00881372
0.921953 0.00877904
0.921861 0.0087447
0.921769 0.00871069
0.921677 0.00867702
0.921585 0.00864368
0.921493 0.00861067
0.921402 0.00857798
0.92131 0.00854561
0.921219 0.00851356
0.921128 0.00848182
0.921037 0.00845038
0.920946 0.00841925
0.920855 0.00838843
0.920764 0.0083579
0.920673 0.00832767
0.920583 0.00829772
0.920492 0.00826807
0.920402 0.0082387
0.920312 0.00820961
0.920222 0.00818081
0.920132 0.00815227
0.920042 0.00812402
0.919952 0.00809603
0.919862 0.0080683
0.919773 0.00804084
0.919683 0.00801365
0.919594 0.0079867
0.919505 0.00796002
0.919416 0.00793359
0.919327 0.0079074
0.919238 0.00788147
0.919149 0.00785578
0.919061 0.00783033
0.918972 0.00780512
0.918884 0.00778014
0.918795 0.0077554
0.918707 0.0077309
0.918619 0.00770662
0.918531 0.00768256
0.918444 0.00765874
0.918356 0.00763513
0.918268 0.00761174
0.918181 0.00758857
0.918093 0.00756562
0.918006 0.00754288
0.917919 0.00752035
0.917832 0.00749802
0.917745 0.00747591
0.917658 0.007454
0.917572 0.00743228
0.917485 0.00741077
0.917399 0.00738946
0.917312 0.00736834
0.917226 0.00734742
0.91714 0.00732669
0.917054 0.00730614
0.916968 0.00728579
0.916882 0.00726562
0.916797 0.00724564
0.916711 0.00722583
0.916626 0.00720621
0.91654 0.00718677
0.916455 0.0071675
0.91637 0.00714841
0.916285 0.00712949
0.9162 0.00711075
0.916116 0.00709217
0.916031 0.00707376
0.915946 0.00705552
0.915862 0.00703744
0.915778 0.00701952
0.915693 0.00700177
0.915609 0.00698418
0.915525 0.00696674
0.915442 0.00694946
0.915358 0.00693234
0.915274 0.00691537
0.915191 0.00689856
0.915107 0.00688189
0.915024 0.00686537
0.914941 0.00684901
0.914858 0.00683278
0.914775 0.00681671
0.914692 0.00680077
0.914609 0.00678498
0.914526 0.00676933
0.914444 0.00675382
0.914361 0.00673845
0.914279 0.00672322
0.914197 0.00670812
0.914115 0.00669315
0.914033 0.00667832
0.913951 0.00666362
0.913869 0.00664905
0.913787 0.00663461
0.913706 0.0066203
0.913624 0.00660612
0.913543 0.00659206
0.913461 0.00657812
0.91338 0.00656431
0.913299 0.00655063
0.913218 0.00653706
0.913138 0.00652361
0.913057 0.00651029
0.912976 0.00649708
0.912896 0.00648398
0.912815 0.00647101
0.912735 0.00645815
0.912655 0.0064454
0.912575 0.00643276
0.912495 0.00642024
0.912415 0.00640782
0.912335 0.00639552
0.912255 0.00638333
0.912176 0.00637124
0.912096 0.00635926
0.912017 0.00634738
0.911938 0.00633561
0.911859 0.00632395
0.91178 0.00631238
0.911701 0.00630092
0.911622 0.00628956
0.911543 0.0062783
0.911465 0.00626714
0.911386 0.00625608
0.911308 0.00624512
0.911229 0.00623425
0.911151 0.00622348
0.911073 0.0062128
0.910995 0.00620222
0.910917 0.00619173
0.910839 0.00618134
0.910762 0.00617103
0.910684 0.00616082
0.910607 0.0061507
0.910529 0.00614067
0.910452 0.00613072
0.910375 0.00612087
0.910298 0.0061111
0.910221 0.00610142
0.910144 0.00609182
0.910067 0.00608231
0.90999 0.00607288
0.909914 0.00606354
0.909837 0.00605428
0.909761 0.0060451
0.909685 0.006036
0.909608 0.00602699
0.909532 0.00601805
0.909456 0.00600919
0.90938 0.00600041
0.909305 0.00599172
0.909229 0.00598309
0.909153 0.00597455
0.909078 0.00596608
0.909002 0.00595769
0.908927 0.00594937
0.908852 0.00594112
0.908777 0.00593295
0.908702 0.00592486
0.908627 0.00591683
0.908552 0.00590888
0.908477 0.005901
0.908403 0.00589319
0.908328 0.00588545
0.908254 0.00587778
0.90818 0.00587018
0.908105 0.00586264
0.908031 0.00585518
0.907957 0.00584778
0.907883 0.00584045
0.907809 0.00583319
0.907736 0.00582599
0.907662 0.00581886
0.907588 0.00581179
0.907515 0.00580478
0.907442 0.00579784
0.907368 0.00579097
0.907295 0.00578415
0.907222 0.0057774
0.907149 0.00577071
0.907076 0.00576408
0.907003 0.00575752
0.906931 0.00575101
0.906858 0.00574456
0.906785 0.00573817
0.906713 0.00573184
0.906641 0.00572557
0.906568 0.00571936
0.906496 0.0057132
0.906424 0.00570711
0.906352 0.00570106
0.90628 0.00569508
0.906209 0.00568915
0.906137 0.00568328
0.906065 0.00567746
0.905994 0.00567169
0.905922 0.00566598
0.905851 0.00566033
0.90578 0.00565472
0.905709 0.00564917
0.905637 0.00564367
0.905567 0.00563823
0.905496 0.00563283
0.905425 0.00562749
0.905354 0.0056222
0.905284 0.00561696
0.905213 0.00561177
0.905143 0.00560663
0.905072 0.00560154
0.905002 0.00559649
0.904932 0.0055915
0.904862 0.00558655
0.904792 0.00558166
0.904722 0.00557681
0.904652 0.005572
0.904582 0.00556725
0.904513 0.00556254
0.904443 0.00555787
0.904374 0.00555326
0.904304 0.00554869
0.904235 0.00554416
0.904166 0.00553968
0.904097 0.00553524
0.904027 0.00553085
0.903959 0.0055265
0.90389 0.00552219
0.903821 0.00551793
0.903752 0.00551371
0.903684 0.00550954
0.903615 0.0055054
0.903547 0.00550131
0.903478 0.00549726
0.90341 0.00549325
0.903342 0.00548928
0.903274 0.00548536
0.903206 0.00548147
0.903138 0.00547763
0.90307 0.00547382
0.903002 0.00547005
0.902934 0.00546633
0.902867 0.00546264
0.902799 0.00545899
0.902732 0.00545538
0.902665 0.00545181
0.902597 0.00544827
0.90253 0.00544478
0.902463 0.00544132
0.902396 0.0054379
0.902329 0.00543451
0.902262 0.00543117
0.902195 0.00542786
0.902129 0.00542458
0.902062 0.00542134
0.901996 0.00541814
0.901929 0.00541497
0.901863 0.00541184
0.901797 0.00540874
0.90173 0.00540568
0.901664 0.00540265
0.901598 0.00539966
0.901532 0.0053967
0.901466 0.00539377
0.901401 0.00539088
0.901335 0.00538802
0.901269 0.00538519
0.901204 0.0053824
0.901138 0.00537964
0.901073 0.00537691
0.901007 0.00537421
0.900942 0.00537155
0.900877 0.00536892
0.900812 0.00536632
0.900747 0.00536375
0.900682 0.00536121
0.900617 0.0053587
0.900552 0.00535622
0.900488 0.00535378
0.900423 0.00535136
0.900358 0.00534898
0.900294 0.00534662
0.90023 0.00534429
0.900165 0.005342
0.900101 0.00533973
0.900037 0.00533749
0.899973 0.00533528
0.899909 0.0053331
0.899845 0.00533095
0.899781 0.00532883
0.899717 0.00532673
0.899653 0.00532466
0.89959 0.00532262
0.899526 0.00532061
0.899463 0.00531863
0.899399 0.00531667
0.899336 0.00531474
0.899273 0.00531283
0.89921 0.00531096
0.899146 0.00530911
0.899083 0.00530728
0.89902 0.00530548
0.898957 0.00530371
0.898895 0.00530197
0.898832 0.00530025
0.898769 0.00529855
0.898707 0.00529688
0.898644 0.00529524
0.898582 0.00529362
0.898519 0.00529202
0.898457 0.00529045
0.898395 0.00528891
0.898333 0.00528739
0.898271 0.00528589
0.898208 0.00528442
0.898147 0.00528297
0.898085 0.00528154
0.898023 0.00528014
0.897961 0.00527876
0.897899 0.00527741
0.897838 0.00527608
0.897776 0.00527477
0.897715 0.00527348
0.897654 0.00527222
0.897592 0.00527098
0.897531 0.00526976
0.89747 0.00526857
0.897409 0.00526739
0.897348 0.00526624
0.897287 0.00526511
0.897226 0.005264
0.897165 0.00526292
0.897104 0.00526185
0.897044 0.00526081
0.896983 0.00525979
0.896922 0.00525878
0.896862 0.0052578
0.896802 0.00525684
0.896741 0.00525591
0.896681 0.00525499
0.896621 0.00525409
0.896561 0.00525321
0.896501 0.00525235
0.896441 0.00525152
0.896381 0.0052507
0.896321 0.0052499
0.896261 0.00524912
0.896201 0.00524836
0.896142 0.00524762
0.896082 0.0052469
0.896022 0.0052462
0.895963 0.00524552
0.895904 0.00524486
0.895844 0.00524421
0.895785 0.00524359
0.895726 0.00524298
0.895667 0.00524239
0.895608 0.00524182
0.895549 0.00524127
0.89549 0.00524074
0.895431 0.00524022
0.895372 0.00523972
0.895313 0.00523924
0.895255 0.00523878
0.895196 0.00523834
0.895137 0.00523791
0.895079 0.0052375
0.89502 0.00523711
0.894962 0.00523673
0.894904 0.00523637
0.894846 0.00523603
0.894787 0.00523571
0.894729 0.0052354
0.894671 0.00523511
0.894613 0.00523483
0.894555 0.00523457
0.894498 0.00523433
0.89444 0.00523411
0.894382 0.0052339
0.894324 0.0052337
0.894267 0.00523352
0.894209 0.00523336
0.894152 0.00523322
0.894094 0.00523309
0.894037 0.00523297
0.89398 0.00523287
0.893922 0.00523279
0.893865 0.00523272
0.893808 0.00523267
0.893751 0.00523263
0.893694 0.00523261
0.893637 0.0052326
0.89358 0.0052326
0.893524 0.00523262
0.893467 0.00523266
0.89341 0.00523271
0.893354 0.00523278
0.893297 0.00523286
0.893241 0.00523295
0.893184 0.00523306
0.893128 0.00523318
0.893071 0.00523332
0.893015 0.00523347
0.892959 0.00523363
0.892903 0.00523381
0.892847 0.005234
0.892791 0.0052342
0.892735 0.00523442
0.892679 0.00523466
0.892623 0.0052349
0.892567 0.00523516
0.892511 0.00523543
0.892456 0.00523572
0.8924 0.00523602
0.892345 0.00523633
0.892289 0.00523665
0.892234 0.00523699
0.892178 0.00523734
0.892123 0.0052377
0.892068 0.00523808
0.892013 0.00523847
0.891957 0.00523887
0.891902 0.00523928
0.891847 0.00523971
0.891792 0.00524014
0.891737 0.00524059
0.891682 0.00524106
0.891628 0.00524153
0.891573 0.00524202
0.891518 0.00524251
0.891464 0.00524302
0.891409 0.00524354
0.891354 0.00524408
0.8913 0.00524462
0.891246 0.00524518
0.891191 0.00524575
0.891137 0.00524633
0.891083 0.00524692
0.891028 0.00524752
0.890974 0.00524813
0.89092 0.00524876
0.890866 0.00524939
0.890812 0.00525004
0.890758 0.0052507
0.890704 0.00525137
0.890651 0.00525205
0.890597 0.00525274
0.890543 0.00525344
0.890489 0.00525415
0.890436 0.00525487
0.890382 0.00525561
0.890329 0.00525635
0.890275 0.0052571
0.890222 0.00525787
0.890169 0.00525864
0.890115 0.00525943
0.890062 0.00526022
0.890009 0.00526103
0.889956 0.00526184
0.889903 0.00526267
0.88985 0.0052635
0.889797 0.00526435
0.889744 0.0052652
0.889691 0.00526607
0.889638 0.00526694
0.889585 0.00526783
0.889533 0.00526872
0.88948 0.00526962
0.889427 0.00527054
0.889375 0.00527146
0.889322 0.00527239
0.88927 0.00527333
0.889217 0.00527428
0.889165 0.00527524
0.889113 0.00527621
0.889061 0.00527719
0.889008 0.00527817
0.888956 0.00527917
0.888904 0.00528018
0.888852 0.00528119
0.8888 0.00528221
0.888748 0.00528324
0.888696 0.00528428
0.888644 0.00528533
0.888593 0.00528639
0.888541 0.00528746
0.888489 0.00528853
0.888438 0.00528962
0.888386 0.00529071
0.888334 0.00529181
0.888283 0.00529292
0.888231 0.00529403
0.88818 0.00529516
0.888129 0.00529629
0.888077 0.00529744
0.888026 0.00529859
0.887975 0.00529974
0.887924 0.00530091
0.887873 0.00530208
0.887822 0.00530327
0.887771 0.00530446
0.88772 0.00530565
0.887669 0.00530686
0.887618 0.00530807
0.887567 0.0053093
0.887516 0.00531052
0.887465 0.00531176
0.887415 0.00531301
0.887364 0.00531426
0.887314 0.00531552
0.887263 0.00531678
0.887213 0.00531806
0.887162 0.00531934
0.887112 0.00532063
0.887061 0.00532192
0.887011 0.00532323
0.886961 0.00532454
0.886911 0.00532586
0.88686 0.00532718
0.88681 0.00532852
0.88676 0.00532985
0.88671 0.0053312
0.88666 0.00533255
0.88661 0.00533391
0.88656 0.00533528
0.88651 0.00533666
0.886461 0.00533804
0.886411 0.00533943
0.886361 0.00534082
0.886311 0.00534222
0.886262 0.00534363
0.886212 0.00534504
0.886163 0.00534646
0.886113 0.00534789
0.886064 0.00534933
0.886014 0.00535077
0.885965 0.00535221
0.885916 0.00535367
0.885866 0.00535513
0.885817 0.00535659
0.885768 0.00535807
0.885719 0.00535955
0.88567 0.00536103
0.885621 0.00536252
0.885572 0.00536402
0.885523 0.00536552
0.885474 0.00536703
0.885425 0.00536855
0.885376 0.00537007
0.885327 0.0053716
0.885279 0.00537313
0.88523 0.00537467
0.885181 0.00537622
0.885133 0.00537777
0.885084 0.00537933
0.885035 0.00538089
0.884987 0.00538246
0.884939 0.00538403
0.88489 0.00538562
0.884842 0.0053872
0.884793 0.00538879
0.884745 0.00539039
0.884697 0.00539199
0.884649 0.0053936
0.884601 0.00539522
0.884552 0.00539683
0.884504 0.00539846
0.884456 0.00540009
0.884408 0.00540173
0.88436 0.00540337
0.884312 0.00540501
0.884265 0.00540666
0.884217 0.00540832
0.884169 0.00540998
0.884121 0.00541165
0.884073 0.00541332
0.884026 0.005415
0.883978 0.00541668
0.883931 0.00541837
0.883883 0.00542006
0.883836 0.00542176
0.883788 0.00542347
0.883741 0.00542517
0.883693 0.00542689
0.883646 0.0054286
0.883599 0.00543033
0.883551 0.00543205
0.883504 0.00543379
0.883457 0.00543552
0.88341 0.00543727
0.883363 0.00543901
0.883316 0.00544076
0.883269 0.00544252
0.883222 0.00544428
0.883175 0.00544605
0.883128 0.00544782
0.883081 0.00544959
0.883034 0.00545137
0.882987 0.00545315
0.88294 0.00545494
0.882894 0.00545673
0.882847 0.00545853
0.8828 0.00546033
0.882754 0.00546214
0.882707 0.00546395
0.882661 0.00546576
0.882614 0.00546758
0.882568 0.00546941
0.882521 0.00547124
0.882475 0.00547307
0.882428 0.0054749
0.882382 0.00547674
0.882336 0.00547859
0.88229 0.00548044
0.882243 0.00548229
0.882197 0.00548415
0.882151 0.00548601
0.882105 0.00548787
0.882059 0.00548974
0.882013 0.00549162
0.881967 0.00549349
0.881921 0.00549538
0.881875 0.00549726
0.881829 0.00549915
0.881783 0.00550104
0.881738 0.00550294
0.881692 0.00550484
0.881646 0.00550675
0.8816 0.00550866
0.881555 0.00551057
0.881509 0.00551248
0.881464 0.0055144
0.881418 0.00551633
0.881373 0.00551826
0.881327 0.00552019
0.881282 0.00552212
0.881236 0.00552406
0.881191 0.005526
0.881146 0.00552795
0.8811 0.0055299
0.881055 0.00553185
0.88101 0.00553381
0.880965 0.00553577
0.880919 0.00553773
0.880874 0.0055397
0.880829 0.00554167
0.880784 0.00554364
0.880739 0.00554562
0.880694 0.0055476
0.880649 0.00554959
0.880604 0.00555157
0.880559 0.00555356
0.880514 0.00555556
0.88047 0.00555756
0.880425 0.00555956
0.88038 0.00556156
0.880335 0.00556357
0.880291 0.00556558
0.880246 0.00556759
0.880201 0.00556961
0.880157 0.00557163
0.880112 0.00557365
0.880068 0.00557568
0.880023 0.00557771
0.879979 0.00557974
0.879934 0.00558178
0.87989 0.00558382
0.879846 0.00558586
0.879801 0.00558791
0.879757 0.00558995
0.879713 0.00559201
0.879669 0.00559406
0.879624 0.00559612
0.87958 0.00559818
0.879536 0.00560024
0.879492 0.00560231
0.879448 0.00560438
0.879404 0.00560645
0.87936 0.00560852
0.879316 0.0056106
0.879272 0.00561268
0.879228 0.00561476
0.879184 0.00561685
0.87914 0.00561894
0.879096 0.00562103
0.879053 0.00562312
0.879009 0.00562522
0.878965 0.00562732
0.878922 0.00562942
0.878878 0.00563153
0.878834 0.00563364
0.878791 0.00563575
0.878747 0.00563786
0.878704 0.00563998
0.87866 0.00564209
0.878617 0.00564422
0.878573 0.00564634
0.87853 0.00564847
0.878486 0.00565059
0.878443 0.00565273
0.8784 0.00565486
0.878356 0.005657
0.878313 0.00565914
0.87827 0.00566128
0.878227 0.00566342
0.878184 0.00566557
0.87814 0.00566772
0.878097 0.00566987
0.878054 0.00567202
0.878011 0.00567418
0.877968 0.00567634
0.877925 0.0056785
0.877882 0.00568066
0.877839 0.00568282
0.877796 0.00568499
0.877753 0.00568716
0.877711 0.00568934
0.877668 0.00569151
0.877625 0.00569369
0.877582 0.00569587
0.87754 0.00569805
0.877497 0.00570023
0.877454 0.00570242
0.877412 0.00570461
0.877369 0.0057068
0.877326 0.00570899
0.877284 0.00571118
0.877241 0.00571338
0.877199 0.00571558
0.877156 0.00571778
0.877114 0.00571998
0.877071 0.00572219
0.877029 0.0057244
0.876987 0.00572661
0.876944 0.00572882
0.876902 0.00573103
0.87686 0.00573325
0.876817 0.00573547
0.876775 0.00573769
0.876733 0.00573991
0.876691 0.00574213
0.876649 0.00574436
0.876607 0.00574659
0.876565 0.00574882
0.876522 0.00575105
0.87648 0.00575328
0.876438 0.00575552
0.876396 0.00575776
0.876354 0.00576
0.876313 0.00576224
0.876271 0.00576448
0.876229 0.00576673
0.876187 0.00576897
0.876145 0.00577122
0.876103 0.00577347
0.876062 0.00577573
0.87602 0.00577798
0.875978 0.00578024
0.875936 0.00578249
0.875895 0.00578475
0.875853 0.00578702
0.875811 0.00578928
0.87577 0.00579154
0.875728 0.00579381
0.875687 0.00579608
0.875645 0.00579835
0.875604 0.00580062
0.875562 0.0058029
0.875521 0.00580517
0.87548 0.00580745
0.875438 0.00580973
0.875397 0.00581201
0.875355 0.00581429
0.875314 0.00581658
0.875273 0.00581886
0.875232 0.00582115
0.87519 0.00582344
0.875149 0.00582573
0.875108 0.00582802
0.875067 0.00583031
0.875026 0.00583261
0.874985 0.00583491
0.874944 0.0058372
0.874902 0.0058395
0.874861 0.00584181
0.87482 0.00584411
0.874779 0.00584641
0.874739 0.00584872
0.874698 0.00585103
0.874657 0.00585334
0.874616 0.00585565
0.874575 0.00585796
0.874534 0.00586027
0.874493 0.00586259
0.874452 0.0058649
0.874412 0.00586722
0.874371 0.00586954
0.87433 0.00587186
0.87429 0.00587419
0.874249 0.00587651
0.874208 0.00587883
0.874168 0.00588116
0.874127 0.00588349
0.874086 0.00588582
0.874046 0.00588815
0.874005 0.00589048
0.873965 0.00589281
0.873924 0.00589515
0.873884 0.00589749
0.873843 0.00589982
0.873803 0.00590216
0.873763 0.0059045
0.873722 0.00590684
0.873682 0.00590919
0.873642 0.00591153
0.873601 0.00591387
0.873561 0.00591622
0.873521 0.00591857
0.873481 0.00592092
0.87344 0.00592327
0.8734 0.00592562
0.87336 0.00592797
0.87332 0.00593033
0.87328 0.00593268
0.87324 0.00593504
0.873199 0.0059374
0.873159 0.00593976
0.873119 0.00594212
0.873079 0.00594448
0.873039 0.00594684
0.872999 0.0059492
0.872959 0.00595157
0.87292 0.00595394
0.87288 0.0059563
0.87284 0.00595867
0.8728 0.00596104
0.87276 0.00596341
0.87272 0.00596578
0.87268 0.00596816
0.872641 0.00597053
0.872601 0.00597291
0.872561 0.00597528
0.872521 0.00597766
0.872482 0.00598004
0.872442 0.00598242
0.872402 0.0059848
0.872363 0.00598718
0.872323 0.00598956
0.872284 0.00599195
0.872244 0.00599433
0.872204 0.00599672
0.872165 0.00599911
0.872125 0.0060015
0.872086 0.00600388
0.872046 0.00600627
0.872007 0.00600867
0.871967 0.00601106
0.871928 0.00601345
0.871889 0.00601585
0.871849 0.00601824
0.87181 0.00602064
0.871771 0.00602303
0.871731 0.00602543
0.871692 0.00602783
0.871653 0.00603023
0.871614 0.00603263
0.871574 0.00603504
0.871535 0.00603744
0.871496 0.00603984
0.871457 0.00604225
0.871418 0.00604465
0.871378 0.00604706
0.871339 0.00604947
0.8713 0.00605188
0.871261 0.00605429
0.871222 0.0060567
0.871183 0.00605911
0.871144 0.00606152
0.871105 0.00606394
0.871066 0.00606635
0.871027 0.00606877
0.870988 0.00607118
0.870949 0.0060736
0.87091 0.00607602
0.870871 0.00607843
0.870833 0.00608085
0.870794 0.00608327
0.870755 0.0060857
0.870716 0.00608812
0.870677 0.00609054
0.870638 0.00609296
0.8706 0.00609539
0.870561 0.00609781
0.870522 0.00610024
0.870484 0.00610267
0.870445 0.0061051
0.870406 0.00610752
0.870367 0.00610995
0.870329 0.00611238
0.87029 0.00611482
0.870252 0.00611725
0.870213 0.00611968
0.870174 0.00612211
0.870136 0.00612455
0.870097 0.00612698
0.870059 0.00612942
0.87002 0.00613186
0.869982 0.00613429
0.869943 0.00613673
0.869905 0.00613917
0.869867 0.00614161
0.869828 0.00614405
0.86979 0.00614649
0.869751 0.00614893
0.869713 0.00615138
0.869675 0.00615382
0.869636 0.00615626
0.869598 0.00615871
0.86956 0.00616115
0.869522 0.0061636
0.869483 0.00616605
0.869445 0.0061685
0.869407 0.00617094
0.869369 0.00617339
0.86933 0.00617584
0.869292 0.00617829
0.869254 0.00618075
0.869216 0.0061832
0.869178 0.00618565
0.86914 0.0061881
0.869102 0.00619056
0.869064 0.00619301
0.869025 0.00619547
0.868987 0.00619792
0.868949 0.00620038
0.868911 0.00620284
0.868873 0.0062053
0.868835 0.00620775
0.868797 0.00621021
0.868759 0.00621267
0.868722 0.00621513
0.868684 0.0062176
0.868646 0.00622006
0.868608 0.00622252
0.86857 0.00622498
0.868532 0.00622745
0.868494 0.00622991
0.868456 0.00623238
0.868419 0.00623484
0.868381 0.00623731
0.868343 0.00623978
0.868305 0.00624224
0.868267 0.00624471
0.86823 0.00624718
0.868192 0.00624965
0.868154 0.00625212
0.868117 0.00625459
0.868079 0.00625706
0.868041 0.00625953
0.868004 0.00626201
0.867966 0.00626448
0.867928 0.00626695
0.867891 0.00626943
0.867853 0.0062719
0.867816 0.00627438
0.867778 0.00627685
0.867741 0.00627933
0.867703 0.00628181
0.867665 0.00628428
0.867628 0.00628676
0.86759 0.00628924
0.867553 0.00629172
0.867516 0.0062942
0.867478 0.00629668
0.867441 0.00629916
0.867403 0.00630164
0.867366 0.00630413
0.867328 0.00630661
0.867291 0.00630909
0.867254 0.00631158
0.867216 0.00631406
0.867179 0.00631655
0.867142 0.00631903
0.867104 0.00632152
0.867067 0.006324
0.86703 0.00632649
0.866992 0.00632898
0.866955 0.00633147
0.866918 0.00633395
0.866881 0.00633644
0.866844 0.00633893
0.866806 0.00634142
0.866769 0.00634391
0.866732 0.00634641
0.866695 0.0063489
0.866658 0.00635139
0.86662 0.00635388
0.866583 0.00635638
0.866546 0.00635887
0.866509 0.00636136
0.866472 0.00636386
0.866435 0.00636635
0.866398 0.00636885
0.866361 0.00637135
0.866324 0.00637384
0.866287 0.00637634
0.86625 0.00637884
0.866213 0.00638134
0.866176 0.00638384
0.866139 0.00638633
0.866102 0.00638883
0.866065 0.00639133
0.866028 0.00639384
0.865991 0.00639634
0.865954 0.00639884
0.865917 0.00640134
0.86588 0.00640384
0.865843 0.00640635
0.865806 0.00640885
0.86577 0.00641135
0.865733 0.00641386
0.865696 0.00641636
0.865659 0.00641887
0.865622 0.00642137
0.865585 0.00642388
0.865549 0.00642639
0.865512 0.0064289
0.865475 0.0064314
0.865438 0.00643391
0.865402 0.00643642
0.865365 0.00643893
0.865328 0.00644144
0.865291 0.00644395
0.865255 0.00644646
0.865218 0.00644897
0.865181 0.00645148
0.865145 0.00645399
0.865108 0.00645651
0.865071 0.00645902
0.865035 0.00646153
0.864998 0.00646405
0.864962 0.00646656
0.864925 0.00646908
0.864888 0.00647159
0.864852 0.00647411
0.864815 0.00647662
0.864779 0.00647914
0.864742 0.00648166
0.864705 0.00648417
0.864669 0.00648669
0.864632 0.00648921
0.864596 0.00649173
0.864559 0.00649425
0.864523 0.00649677
0.864486 0.00649929
0.86445 0.00650181
0.864414 0.00650433
0.864377 0.00650685
0.864341 0.00650937
0.864304 0.00651189
0.864268 0.00651441
0.864231 0.00651694
0.864195 0.00651946
0.864159 0.00652198
0.864122 0.00652451
0.864086 0.00652703
0.864049 0.00652956
0.864013 0.00653208
0.863977 0.00653461
0.86394 0.00653714
0.863904 0.00653966
0.863868 0.00654219
0.863831 0.00654472
0.863795 0.00654725
0.863759 0.00654978
0.863723 0.0065523
0.863686 0.00655483
0.86365 0.00655736
0.863614 0.00655989
0.863578 0.00656242
0.863541 0.00656496
0.863505 0.00656749
0.863469 0.00657002
0.863433 0.00657255
0.863396 0.00657508
0.86336 0.00657762
0.863324 0.00658015
0.863288 0.00658268
0.863252 0.00658522
0.863216 0.00658775
0.863179 0.00659029
0.863143 0.00659282
0.863107 0.00659536
0.863071 0.0065979
0.863035 0.00660043
0.862999 0.00660297
0.862963 0.00660551
0.862927 0.00660805
0.862891 0.00661059
0.862855 0.00661313
0.862818 0.00661566
0.862782 0.0066182
0.862746 0.00662075
0.86271 0.00662329
0.862674 0.00662583
0.862638 0.00662837
0.862602 0.00663091
0.862566 0.00663345
0.86253 0.006636
0.862494 0.00663854
0.862458 0.00664108
0.862422 0.00664363
0.862386 0.00664617
0.86235 0.00664872
0.862314 0.00665126
0.862278 0.00665381
0.862242 0.00665635
0.862207 0.0066589
0.862171 0.00666145
0.862135 0.00666399
0.862099 0.00666654
0.862063 0.00666909
0.862027 0.00667164
0.861991 0.00667419
0.861955 0.00667674
0.861919 0.00667929
0.861883 0.00668184
0.861848 0.00668439
0.861812 0.00668694
0.861776 0.00668949
0.86174 0.00669204
0.861704 0.0066946
0.861668 0.00669715
0.861632 0.0066997
0.861597 0.00670225
0.861561 0.00670481
0.861525 0.00670736
0.861489 0.00670992
0.861453 0.00671247
0.861418 0.00671503
0.861382 0.00671759
0.861346 0.00672014
0.86131 0.0067227
0.861275 0.00672526
0.861239 0.00672782
0.861203 0.00673037
0.861167 0.00673293
0.861132 0.00673549
0.861096 0.00673805
0.86106 0.00674061
0.861024 0.00674317
0.860989 0.00674573
0.860953 0.00674829
0.860917 0.00675086
0.860882 0.00675342
0.860846 0.00675598
0.86081 0.00675854
0.860774 0.00676111
0.860739 0.00676367
0.860703 0.00676624
0.860667 0.0067688
0.860632 0.00677137
0.860596 0.00677393
0.86056 0.0067765
0.860525 0.00677906
0.860489 0.00678163
0.860454 0.0067842
0.860418 0.00678677
0.860382 0.00678933
0.860347 0.0067919
0.860311 0.00679447
0.860275 0.00679704
0.86024 0.00679961
0.860204 0.00680218
0.860169 0.00680475
0.860133 0.00680733
0.860098 0.0068099
0.860062 0.00681247
0.860026 0.00681504
0.859991 0.00681762
0.859955 0.00682019
0.85992 0.00682276
0.859884 0.00682534
0.859849 0.00682791
0.859813 0.00683049
0.859777 0.00683307
0.859742 0.00683564
0.859706 0.00683822
0.859671 0.0068408
0.859635 0.00684337
0.8596 0.00684595
0.859564 0.00684853
0.859529 0.00685111
0.859493 0.00685369
0.859458 0.00685627
0.859422 0.00685885
0.859387 0.00686143
0.859351 0.00686401
0.859316 0.00686659
0.85928 0.00686918
0.859245 0.00687176
0.859209 0.00687434
0.859174 0.00687693
0.859138 0.00687951
0.859103 0.0068821
0.859067 0.00688468
0.859032 0.00688727
0.858996 0.00688985
0.858961 0.00689244
0.858926 0.00689503
0.85889 0.00689762
0.858855 0.0069002
0.858819 0.00690279
0.858784 0.00690538
0.858748 0.00690797
0.858713 0.00691056
0.858677 0.00691315
0.858642 0.00691574
0.858607 0.00691833
0.858571 0.00692093
0.858536 0.00692352
0.8585 0.00692611
0.858465 0.00692871
0.858429 0.0069313
0.858394 0.00693389
0.858359 0.00693649
0.858323 0.00693908
0.858288 0.00694168
0.858252 0.00694428
0.858217 0.00694687
0.858182 0.00694947
0.858146 0.00695207
0.858111 0.00695467
0.858076 0.00695727
0.85804 0.00695987
0.858005 0.00696247
0.857969 0.00696507
0.857934 0.00696767
0.857899 0.00697027
0.857863 0.00697287
0.857828 0.00697548
0.857792 0.00697808
0.857757 0.00698068
0.857722 0.00698329
0.857686 0.00698589
0.857651 0.0069885
0.857616 0.0069911
0.85758 0.00699371
0.857545 0.00699632
0.85751 0.00699892
0.857474 0.00700153
0.857439 0.00700414
0.857404 0.00700675
0.857368 0.00700936
0.857333 0.00701197
0.857297 0.00701458
0.857262 0.00701719
0.857227 0.0070198
0.857191 0.00702242
0.857156 0.00702503
0.857121 0.00702764
0.857085 0.00703026
0.85705 0.00703287
0.857015 0.00703549
0.856979 0.0070381
0.856944 0.00704072
0.856909 0.00704334
0.856873 0.00704595
0.856838 0.00704857
0.856803 0.00705119
0.856767 0.00705381
0.856732 0.00705643
0.856697 0.00705905
0.856661 0.00706167
0.856626 0.00706429
0.856591 0.00706691
0.856555 0.00706953
0.85652 0.00707216
0.856485 0.00707478
0.856449 0.00707741
0.856414 0.00708003
0.856379 0.00708266
0.856343 0.00708528
0.856308 0.00708791
0.856273 0.00709054
0.856237 0.00709316
0.856202 0.00709579
0.856167 0.00709842
0.856131 0.00710105
0.856096 0.00710368
0.856061 0.00710631
0.856025 0.00710894
0.85599 0.00711158
0.855955 0.00711421
0.855919 0.00711684
0.855884 0.00711948
0.855849 0.00712211
0.855813 0.00712475
0.855778 0.00712738
0.855743 0.00713002
0.855707 0.00713266
0.855672 0.00713529
0.855637 0.00713793
0.855601 0.00714057
0.855566 0.00714321
0.855531 0.00714585
0.855495 0.00714849
0.85546 0.00715113
0.855425 0.00715377
0.855389 0.00715642
0.855354 0.00715906
0.855319 0.0071617
0.855283 0.00716435
0.855248 0.00716699
0.855213 0.00716964
0.855177 0.00717229
0.855142 0.00717493
0.855107 0.00717758
0.855071 0.00718023
0.855036 0.00718288
0.855001 0.00718553
0.854965 0.00718818
0.85493 0.00719083
0.854895 0.00719348
0.854859 0.00719614
0.854824 0.00719879
0.854788 0.00720144
0.854753 0.0072041
0.854718 0.00720675
0.854682 0.00720941
0.854647 0.00721207
0.854612 0.00721473
0.854576 0.00721738
0.854541 0.00722004
0.854506 0.0072227
0.85447 0.00722536
0.854435 0.00722802
0.854399 0.00723068
0.854364 0.00723335
0.854329 0.00723601
0.854293 0.00723867
0.854258 0.00724134
0.854222 0.007244
0.854187 0.00724667
0.854152 0.00724934
0.854116 0.007252
0.854081 0.00725467
0.854045 0.00725734
0.85401 0.00726001
0.853975 0.00726268
0.853939 0.00726535
0.853904 0.00726802
0.853868 0.0072707
0.853833 0.00727337
0.853797 0.00727604
0.853762 0.00727872
0.853727 0.00728139
0.853691 0.00728407
0.853656 0.00728675
0.85362 0.00728942
0.853585 0.0072921
0.853549 0.00729478
0.853514 0.00729746
0.853479 0.00730014
0.853443 0.00730282
0.853408 0.00730551
0.853372 0.00730819
0.853337 0.00731087
0.853301 0.00731356
0.853266 0.00731624
0.85323 0.00731893
0.853195 0.00732162
0.853159 0.0073243
0.853124 0.00732699
0.853088 0.00732968
0.853053 0.00733237
0.853017 0.00733506
0.852982 0.00733775
0.852946 0.00734045
0.852911 0.00734314
0.852875 0.00734583
0.85284 0.00734853
0.852804 0.00735123
0.852769 0.00735392
0.852733 0.00735662
0.852698 0.00735932
0.852662 0.00736202
0.852626 0.00736472
0.852591 0.00736742
0.852555 0.00737012
0.85252 0.00737282
0.852484 0.00737552
0.852449 0.00737823
0.852413 0.00738093
0.852378 0.00738364
0.852342 0.00738635
0.852306 0.00738905
0.852271 0.00739176
0.852235 0.00739447
0.8522 0.00739718
0.852164 0.00739989
0.852128 0.0074026
0.852093 0.00740532
0.852057 0.00740803
0.852022 0.00741074
0.851986 0.00741346
0.85195 0.00741618
0.851915 0.00741889
0.851879 0.00742161
0.851843 0.00742433
0.851808 0.00742705
0.851772 0.00742977
0.851736 0.00743249
0.851701 0.00743521
0.851665 0.00743794
0.851629 0.00744066
0.851594 0.00744339
0.851558 0.00744611
0.851522 0.00744884
0.851486 0.00745157
0.851451 0.0074543
0.851415 0.00745703
0.851379 0.00745976
0.851344 0.00746249
0.851308 0.00746522
0.851272 0.00746795
0.851236 0.00747069
0.851201 0.00747342
0.851165 0.00747616
0.851129 0.0074789
0.851093 0.00748164
0.851057 0.00748437
0.851022 0.00748711
0.850986 0.00748986
0.85095 0.0074926
0.850914 0.00749534
0.850878 0.00749808
0.850843 0.00750083
0.850807 0.00750357
0.850771 0.00750632
0.850735 0.00750907
0.850699 0.00751182
0.850663 0.00751457
0.850628 0.00751732
0.850592 0.00752007
0.850556 0.00752282
0.85052 0.00752558
0.850484 0.00752833
0.850448 0.00753109
0.850412 0.00753384
0.850376 0.0075366
0.85034 0.00753936
0.850305 0.00754212
0.850269 0.00754488
0.850233 0.00754764
0.850197 0.00755041
0.850161 0.00755317
0.850125 0.00755593
0.850089 0.0075587
0.850053 0.00756147
0.850017 0.00756424
0.849981 0.007567
0.849945 0.00756977
0.849909 0.00757255
0.849873 0.00757532
0.849837 0.00757809
0.849801 0.00758087
0.849765 0.00758364
0.849729 0.00758642
0.849693 0.0075892
0.849657 0.00759197
0.849621 0.00759475
0.849584 0.00759753
0.849548 0.00760032
0.849512 0.0076031
0.849476 0.00760588
0.84944 0.00760867
0.849404 0.00761146
0.849368 0.00761424
0.849332 0.00761703
0.849296 0.00761982
0.849259 0.00762261
0.849223 0.0076254
0.849187 0.0076282
0.849151 0.00763099
0.849115 0.00763379
0.849078 0.00763658
0.849042 0.00763938
0.849006 0.00764218
0.84897 0.00764498
0.848934 0.00764778
0.848897 0.00765058
0.848861 0.00765338
0.848825 0.00765619
0.848789 0.00765899
0.848752 0.0076618
0.848716 0.00766461
0.84868 0.00766742
0.848643 0.00767023
0.848607 0.00767304
0.848571 0.00767585
0.848534 0.00767866
0.848498 0.00768148
0.848462 0.0076843
0.848425 0.00768711
0.848389 0.00768993
0.848353 0.00769275
0.848316 0.00769557
0.84828 0.00769839
0.848243 0.00770122
0.848207 0.00770404
0.84817 0.00770687
0.848134 0.00770969
0.848098 0.00771252
0.848061 0.00771535
0.848025 0.00771818
0.847988 0.00772101
0.847952 0.00772385
0.847915 0.00772668
0.847879 0.00772952
0.847842 0.00773235
0.847806 0.00773519
0.847769 0.00773803
0.847732 0.00774087
0.847696 0.00774371
0.847659 0.00774656
0.847623 0.0077494
0.847586 0.00775225
0.847549 0.00775509
0.847513 0.00775794
0.847476 0.00776079
0.84744 0.00776364
0.847403 0.00776649
0.847366 0.00776935
0.847329 0.0077722
0.847293 0.00777506
0.847256 0.00777792
0.847219 0.00778078
0.847183 0.00778364
0.847146 0.0077865
0.847109 0.00778936
0.847072 0.00779222
0.847036 0.00779509
0.846999 0.00779796
0.846962 0.00780082
0.846925 0.00780369
0.846888 0.00780656
0.846852 0.00780944
0.846815 0.00781231
0.846778 0.00781518
0.846741 0.00781806
0.846704 0.00782094
0.846667 0.00782382
0.84663 0.0078267
0.846593 0.00782958
0.846556 0.00783246
0.84652 0.00783535
0.846483 0.00783823
0.846446 0.00784112
0.846409 0.00784401
0.846372 0.0078469
0.846335 0.00784979
0.846298 0.00785268
0.846261 0.00785558
0.846224 0.00785847
0.846186 0.00786137
0.846149 0.00786427
0.846112 0.00786717
0.846075 0.00787007
0.846038 0.00787297
0.846001 0.00787588
0.845964 0.00787878
0.845927 0.00788169
0.84589 0.0078846
0.845852 0.00788751
0.845815 0.00789042
0.845778 0.00789333
0.845741 0.00789625
0.845704 0.00789917
0.845666 0.00790208
0.845629 0.007905
0.845592 0.00790792
0.845554 0.00791084
0.845517 0.00791377
0.84548 0.00791669
0.845443 0.00791962
0.845405 0.00792255
0.845368 0.00792548
0.84533 0.00792841
0.845293 0.00793134
0.845256 0.00793428
0.845218 0.00793721
0.845181 0.00794015
0.845143 0.00794309
0.845106 0.00794603
0.845068 0.00794897
0.845031 0.00795192
0.844994 0.00795486
0.844956 0.00795781
0.844918 0.00796076
0.844881 0.00796371
0.844843 0.00796666
0.844806 0.00796961
0.844768 0.00797256
0.844731 0.00797552
0.844693 0.00797848
0.844655 0.00798144
0.844618 0.0079844
0.84458 0.00798736
0.844542 0.00799033
0.844505 0.00799329
0.844467 0.00799626
0.844429 0.00799923
0.844392 0.0080022
0.844354 0.00800517
0.844316 0.00800815
0.844278 0.00801112
0.84424 0.0080141
0.844203 0.00801708
0.844165 0.00802006
0.844127 0.00802304
0.844089 0.00802603
0.844051 0.00802901
0.844013 0.008032
0.843975 0.00803499
0.843937 0.00803798
0.8439 0.00804097
0.843862 0.00804397
0.843824 0.00804696
0.843786 0.00804996
0.843748 0.00805296
0.84371 0.00805596
0.843672 0.00805897
0.843633 0.00806197
0.843595 0.00806498
0.843557 0.00806799
0.843519 0.008071
0.843481 0.00807401
0.843443 0.00807702
0.843405 0.00808004
0.843367 0.00808305
0.843328 0.00808607
0.84329 0.00808909
0.843252 0.00809211
0.843214 0.00809514
0.843175 0.00809817
0.843137 0.00810119
0.843099 0.00810422
0.843061 0.00810725
0.843022 0.00811029
0.842984 0.00811332
0.842945 0.00811636
0.842907 0.0081194
0.842869 0.00812244
0.84283 0.00812548
0.842792 0.00812852
0.842753 0.00813157
0.842715 0.00813462
0.842676 0.00813767
0.842638 0.00814072
0.842599 0.00814377
0.842561 0.00814683
0.842522 0.00814989
0.842484 0.00815295
0.842445 0.00815601
0.842406 0.00815907
0.842368 0.00816213
0.842329 0.0081652
0.84229 0.00816827
0.842252 0.00817134
0.842213 0.00817441
0.842174 0.00817749
0.842136 0.00818056
0.842097 0.00818364
0.842058 0.00818672
0.842019 0.0081898
0.84198 0.00819289
0.841941 0.00819597
0.841903 0.00819906
0.841864 0.00820215
0.841825 0.00820525
0.841786 0.00820834
0.841747 0.00821144
0.841708 0.00821453
0.841669 0.00821763
0.84163 0.00822074
0.841591 0.00822384
0.841552 0.00822695
0.841513 0.00823005
0.841474 0.00823316
0.841435 0.00823628
0.841396 0.00823939
0.841356 0.00824251
0.841317 0.00824563
0.841278 0.00824875
0.841239 0.00825187
0.8412 0.00825499
0.84116 0.00825812
0.841121 0.00826125
0.841082 0.00826438
0.841042 0.00826751
0.841003 0.00827065
0.840964 0.00827378
0.840924 0.00827692
0.840885 0.00828006
0.840846 0.00828321
0.840806 0.00828635
0.840767 0.0082895
0.840727 0.00829265
0.840688 0.0082958
0.840648 0.00829896
0.840609 0.00830211
0.840569 0.00830527
0.840529 0.00830843
0.84049 0.00831159
0.84045 0.00831476
0.840411 0.00831793
0.840371 0.0083211
0.840331 0.00832427
0.840291 0.00832744
0.840252 0.00833062
0.840212 0.00833379
0.840172 0.00833697
0.840132 0.00834016
0.840093 0.00834334
0.840053 0.00834653
0.840013 0.00834972
0.839973 0.00835291
0.839933 0.0083561
0.839893 0.0083593
0.839853 0.0083625
0.839813 0.0083657
0.839773 0.0083689
0.839733 0.00837211
0.839693 0.00837531
0.839653 0.00837852
0.839613 0.00838174
0.839573 0.00838495
0.839533 0.00838817
0.839492 0.00839139
0.839452 0.00839461
0.839412 0.00839783
0.839372 0.00840106
0.839331 0.00840429
0.839291 0.00840752
0.839251 0.00841075
0.83921 0.00841399
0.83917 0.00841722
0.83913 0.00842046
0.839089 0.00842371
0.839049 0.00842695
0.839008 0.0084302
0.838968 0.00843345
0.838927 0.0084367
0.838887 0.00843996
0.838846 0.00844321
0.838806 0.00844647
0.838765 0.00844973
0.838724 0.008453
0.838684 0.00845627
0.838643 0.00845954
0.838602 0.00846281
0.838562 0.00846608
0.838521 0.00846936
0.83848 0.00847264
0.838439 0.00847592
0.838398 0.0084792
0.838358 0.00848249
0.838317 0.00848578
0.838276 0.00848907
0.838235 0.00849237
0.838194 0.00849566
0.838153 0.00849896
0.838112 0.00850227
0.838071 0.00850557
0.83803 0.00850888
0.837989 0.00851219
0.837948 0.0085155
0.837906 0.00851881
0.837865 0.00852213
0.837824 0.00852545
0.837783 0.00852877
0.837742 0.0085321
0.8377 0.00853543
0.837659 0.00853876
0.837618 0.00854209
0.837576 0.00854543
0.837535 0.00854877
0.837493 0.00855211
0.837452 0.00855545
0.837411 0.0085588
0.837369 0.00856215
0.837328 0.0085655
0.837286 0.00856885
0.837244 0.00857221
0.837203 0.00857557
0.837161 0.00857893
0.83712 0.0085823
0.837078 0.00858567
0.837036 0.00858904
0.836994 0.00859241
0.836953 0.00859579
0.836911 0.00859917
0.836869 0.00860255
0.836827 0.00860593
0.836785 0.00860932
0.836743 0.00861271
0.836701 0.0086161
0.836659 0.0086195
0.836617 0.0086229
0.836575 0.0086263
0.836533 0.0086297
0.836491 0.00863311
0.836449 0.00863652
0.836407 0.00863993
0.836365 0.00864335
0.836323 0.00864677
0.83628 0.00865019
0.836238 0.00865361
0.836196 0.00865704
0.836153 0.00866047
0.836111 0.00866391
0.836069 0.00866734
0.836026 0.00867078
0.835984 0.00867422
0.835941 0.00867767
0.835899 0.00868111
0.835856 0.00868456
0.835814 0.00868802
0.835771 0.00869148
0.835728 0.00869493
0.835686 0.0086984
0.835643 0.00870186
0.8356 0.00870533
0.835558 0.0087088
0.835515 0.00871228
0.835472 0.00871575
0.835429 0.00871924
0.835386 0.00872272
0.835343 0.00872621
0.8353 0.0087297
0.835257 0.00873319
0.835214 0.00873668
0.835171 0.00874018
0.835128 0.00874369
0.835085 0.00874719
0.835042 0.0087507
0.834999 0.00875421
0.834956 0.00875772
0.834913 0.00876124
0.834869 0.00876476
0.834826 0.00876829
0.834783 0.00877181
0.834739 0.00877534
0.834696 0.00877888
0.834653 0.00878242
0.834609 0.00878595
0.834566 0.0087895
0.834522 0.00879304
0.834478 0.00879659
0.834435 0.00880015
0.834391 0.0088037
0.834348 0.00880726
0.834304 0.00881082
0.83426 0.00881439
0.834216 0.00881796
0.834173 0.00882153
0.834129 0.00882511
0.834085 0.00882869
0.834041 0.00883227
0.833997 0.00883585
0.833953 0.00883944
0.833909 0.00884303
0.833865 0.00884663
0.833821 0.00885023
0.833777 0.00885383
0.833733 0.00885744
0.833689 0.00886105
0.833644 0.00886466
0.8336 0.00886827
0.833556 0.00887189
0.833512 0.00887552
0.833467 0.00887914
0.833423 0.00888277
0.833378 0.0088864
0.833334 0.00889004
0.83329 0.00889368
0.833245 0.00889732
0.8332 0.00890097
0.833156 0.00890462
0.833111 0.00890827
0.833067 0.00891193
0.833022 0.00891559
0.832977 0.00891926
0.832932 0.00892293
0.832888 0.0089266
0.832843 0.00893027
0.832798 0.00893395
0.832753 0.00893763
0.832708 0.00894132
0.832663 0.00894501
0.832618 0.0089487
0.832573 0.0089524
0.832528 0.0089561
0.832482 0.0089598
0.832437 0.00896351
0.832392 0.00896722
0.832347 0.00897093
0.832302 0.00897465
0.832256 0.00897838
0.832211 0.0089821
0.832165 0.00898583
0.83212 0.00898956
0.832074 0.0089933
0.832029 0.00899704
0.831983 0.00900079
0.831938 0.00900454
0.831892 0.00900829
0.831846 0.00901204
0.831801 0.0090158
0.831755 0.00901957
0.831709 0.00902333
0.831663 0.00902711
0.831617 0.00903088
0.831571 0.00903466
0.831525 0.00903844
0.831479 0.00904223
0.831433 0.00904602
0.831387 0.00904981
0.831341 0.00905361
0.831295 0.00905741
0.831249 0.00906122
0.831202 0.00906503
0.831156 0.00906884
0.83111 0.00907266
0.831063 0.00907648
0.831017 0.00908031
0.830971 0.00908414
0.830924 0.00908797
0.830878 0.00909181
0.830831 0.00909565
0.830784 0.0090995
0.830738 0.00910335
0.830691 0.0091072
0.830644 0.00911106
0.830597 0.00911492
0.830551 0.00911879
0.830504 0.00912266
0.830457 0.00912653
0.83041 0.00913041
0.830363 0.00913429
0.830316 0.00913818
0.830269 0.00914207
0.830222 0.00914597
0.830174 0.00914987
0.830127 0.00915377
0.83008 0.00915768
0.830033 0.00916159
0.829985 0.0091655
0.829938 0.00916942
0.82989 0.00917335
0.829843 0.00917728
0.829795 0.00918121
0.829748 0.00918515
0.8297 0.00918909
0.829653 0.00919304
0.829605 0.00919699
0.829557 0.00920094
0.829509 0.0092049
0.829462 0.00920886
0.829414 0.00921283
0.829366 0.0092168
0.829318 0.00922078
0.82927 0.00922476
0.829222 0.00922875
0.829174 0.00923273
0.829125 0.00923673
0.829077 0.00924073
0.829029 0.00924473
0.828981 0.00924874
0.828932 0.00925275
0.828884 0.00925677
0.828835 0.00926079
0.828787 0.00926481
0.828738 0.00926884
0.82869 0.00927288
0.828641 0.00927692
0.828593 0.00928096
0.828544 0.00928501
0.828495 0.00928906
0.828446 0.00929312
0.828397 0.00929718
0.828348 0.00930125
0.8283 0.00930532
0.828251 0.0093094
0.828201 0.00931348
0.828152 0.00931756
0.828103 0.00932165
0.828054 0.00932575
0.828005 0.00932985
0.827955 0.00933395
0.827906 0.00933806
0.827857 0.00934218
0.827807 0.00934629
0.827758 0.00935042
0.827708 0.00935455
0.827659 0.00935868
0.827609 0.00936282
0.827559 0.00936696
0.827509 0.00937111
0.82746 0.00937526
0.82741 0.00937942
0.82736 0.00938358
0.82731 0.00938775
0.82726 0.00939192
0.82721 0.0093961
0.82716 0.00940028
0.82711 0.00940447
0.827059 0.00940866
0.827009 0.00941286
0.826959 0.00941706
0.826908 0.00942127
0.826858 0.00942548
0.826808 0.0094297
0.826757 0.00943392
0.826706 0.00943815
0.826656 0.00944238
0.826605 0.00944662
0.826554 0.00945086
0.826504 0.00945511
0.826453 0.00945936
0.826402 0.00946362
0.826351 0.00946789
0.8263 0.00947216
0.826249 0.00947643
0.826198 0.00948071
0.826147 0.00948499
0.826095 0.00948928
0.826044 0.00949358
0.825993 0.00949788
0.825941 0.00950219
0.82589 0.0095065
0.825839 0.00951081
0.825787 0.00951514
0.825735 0.00951946
0.825684 0.0095238
0.825632 0.00952813
0.82558 0.00953248
0.825528 0.00953683
0.825476 0.00954118
0.825425 0.00954554
0.825373 0.00954991
0.82532 0.00955428
0.825268 0.00955865
0.825216 0.00956304
0.825164 0.00956742
0.825112 0.00957182
0.825059 0.00957622
0.825007 0.00958062
0.824954 0.00958503
0.824902 0.00958945
0.824849 0.00959387
0.824797 0.00959829
0.824744 0.00960273
0.824691 0.00960716
0.824639 0.00961161
0.824586 0.00961606
0.824533 0.00962051
0.82448 0.00962498
0.824427 0.00962944
0.824374 0.00963392
0.82432 0.00963839
0.824267 0.00964288
0.824214 0.00964737
0.824161 0.00965187
0.824107 0.00965637
0.824054 0.00966088
0.824 0.00966539
0.823947 0.00966991
0.823893 0.00967444
0.823839 0.00967897
0.823785 0.00968351
0.823732 0.00968805
0.823678 0.0096926
0.823624 0.00969716
0.82357 0.00970172
0.823516 0.00970629
0.823461 0.00971086
0.823407 0.00971544
0.823353 0.00972003
0.823299 0.00972462
0.823244 0.00972922
0.82319 0.00973382
0.823135 0.00973843
0.823081 0.00974305
0.823026 0.00974767
0.822971 0.0097523
0.822916 0.00975694
0.822862 0.00976158
0.822807 0.00976623
0.822752 0.00977089
0.822697 0.00977555
0.822642 0.00978022
0.822586 0.00978489
0.822531 0.00978957
0.822476 0.00979426
0.82242 0.00979895
0.822365 0.00980365
0.82231 0.00980836
0.822254 0.00981307
0.822198 0.00981779
0.822143 0.00982252
0.822087 0.00982725
0.822031 0.00983199
0.821975 0.00983674
0.821919 0.00984149
0.821863 0.00984625
0.821807 0.00985101
0.821751 0.00985579
0.821695 0.00986056
0.821638 0.00986535
0.821582 0.00987014
0.821525 0.00987494
0.821469 0.00987975
0.821412 0.00988456
0.821356 0.00988938
0.821299 0.00989421
0.821242 0.00989904
0.821185 0.00990388
0.821128 0.00990873
0.821071 0.00991358
0.821014 0.00991845
0.820957 0.00992331
0.8209 0.00992819
0.820842 0.00993307
0.820785 0.00993796
0.820728 0.00994286
0.82067 0.00994776
0.820612 0.00995267
0.820555 0.00995759
0.820497 0.00996251
0.820439 0.00996745
0.820381 0.00997239
0.820323 0.00997733
0.820265 0.00998229
0.820207 0.00998725
0.820149 0.00999222
0.820091 0.00999719
0.820032 0.0100022
0.819974 0.0100072
0.819916 0.0100122
0.819857 0.0100172
0.819798 0.0100222
0.81974 0.0100272
0.819681 0.0100322
0.819622 0.0100373
0.819563 0.0100423
0.819504 0.0100474
0.819445 0.0100524
0.819386 0.0100575
0.819326 0.0100625
0.819267 0.0100676
0.819208 0.0100727
0.819148 0.0100778
0.819089 0.0100829
0.819029 0.010088
0.818969 0.0100931
0.81891 0.0100983
0.81885 0.0101034
0.81879 0.0101085
0.81873 0.0101137
0.81867 0.0101189
0.818609 0.010124
0.818549 0.0101292
0.818489 0.0101344
0.818428 0.0101396
0.818368 0.0101448
0.818307 0.01015
0.818247 0.0101552
0.818186 0.0101604
0.818125 0.0101656
0.818064 0.0101709
0.818003 0.0101761
0.817942 0.0101814
0.817881 0.0101866
0.817819 0.0101919
0.817758 0.0101972
0.817697 0.0102025
0.817635 0.0102078
0.817574 0.0102131
0.817512 0.0102184
0.81745 0.0102237
0.817388 0.010229
0.817326 0.0102344
0.817264 0.0102397
0.817202 0.0102451
0.81714 0.0102504
0.817078 0.0102558
0.817015 0.0102612
0.816953 0.0102666
0.81689 0.010272
0.816828 0.0102774
0.816765 0.0102828
0.816702 0.0102882
0.816639 0.0102936
0.816576 0.0102991
0.816513 0.0103045
0.81645 0.01031
0.816387 0.0103154
0.816324 0.0103209
0.81626 0.0103264
0.816197 0.0103319
0.816133 0.0103374
0.816069 0.0103429
0.816006 0.0103484
0.815942 0.010354
0.815878 0.0103595
0.815814 0.010365
0.81575 0.0103706
0.815685 0.0103762
0.815621 0.0103817
0.815557 0.0103873
0.815492 0.0103929
0.815427 0.0103985
0.815363 0.0104041
0.815298 0.0104098
0.815233 0.0104154
0.815168 0.010421
0.815103 0.0104267
0.815038 0.0104323
0.814972 0.010438
0.814907 0.0104437
0.814842 0.0104494
0.814776 0.0104551
0.81471 0.0104608
0.814645 0.0104665
0.814579 0.0104722
0.814513 0.010478
0.814447 0.0104837
0.814381 0.0104895
0.814314 0.0104952
0.814248 0.010501
0.814182 0.0105068
0.814115 0.0105126
0.814048 0.0105184
0.813982 0.0105242
0.813915 0.01053
0.813848 0.0105358
0.813781 0.0105417
0.813714 0.0105475
0.813646 0.0105534
0.813579 0.0105593
0.813512 0.0105652
0.813444 0.0105711
0.813376 0.010577
0.813309 0.0105829
0.813241 0.0105888
0.813173 0.0105948
0.813105 0.0106007
0.813037 0.0106067
0.812968 0.0106126
0.8129 0.0106186
0.812831 0.0106246
0.812763 0.0106306
0.812694 0.0106366
0.812625 0.0106426
0.812556 0.0106487
0.812487 0.0106547
0.812418 0.0106607
0.812349 0.0106668
0.81228 0.0106729
0.81221 0.010679
0.812141 0.0106851
0.812071 0.0106912
0.812001 0.0106973
0.811931 0.0107034
0.811861 0.0107096
0.811791 0.0107157
0.811721 0.0107219
0.811651 0.0107281
0.81158 0.0107342
0.81151 0.0107404
0.811439 0.0107466
0.811368 0.0107529
0.811297 0.0107591
0.811226 0.0107653
0.811155 0.0107716
0.811084 0.0107778
0.811012 0.0107841
0.810941 0.0107904
0.810869 0.0107967
0.810798 0.010803
0.810726 0.0108093
0.810654 0.0108157
0.810582 0.010822
0.81051 0.0108284
0.810438 0.0108348
0.810365 0.0108411
0.810293 0.0108475
0.81022 0.0108539
0.810147 0.0108603
0.810074 0.0108668
0.810001 0.0108732
0.809928 0.0108797
0.809855 0.0108861
0.809782 0.0108926
0.809708 0.0108991
0.809635 0.0109056
0.809561 0.0109121
0.809487 0.0109187
0.809413 0.0109252
0.809339 0.0109317
0.809265 0.0109383
0.80919 0.0109449
0.809116 0.0109515
0.809041 0.0109581
0.808967 0.0109647
0.808892 0.0109713
0.808817 0.010978
0.808742 0.0109846
0.808667 0.0109913
0.808591 0.010998
0.808516 0.0110046
0.80844 0.0110114
0.808365 0.0110181
0.808289 0.0110248
0.808213 0.0110315
0.808137 0.0110383
0.80806 0.0110451
0.807984 0.0110519
0.807907 0.0110587
0.807831 0.0110655
0.807754 0.0110723
0.807677 0.0110791
0.8076 0.011086
0.807523 0.0110928
0.807446 0.0110997
0.807368 0.0111066
0.807291 0.0111135
0.807213 0.0111204
0.807135 0.0111274
0.807057 0.0111343
0.806979 0.0111413
0.806901 0.0111483
0.806822 0.0111553
0.806744 0.0111623
0.806665 0.0111693
0.806587 0.0111763
0.806508 0.0111833
0.806429 0.0111904
0.806349 0.0111975
0.80627 0.0112046
0.80619 0.0112117
0.806111 0.0112188
0.806031 0.0112259
0.805951 0.0112331
0.805871 0.0112402
0.805791 0.0112474
0.80571 0.0112546
0.80563 0.0112618
0.805549 0.011269
0.805469 0.0112763
0.805388 0.0112835
0.805307 0.0112908
0.805225 0.0112981
0.805144 0.0113054
0.805062 0.0113127
0.804981 0.01132
0.804899 0.0113273
0.804817 0.0113347
0.804735 0.0113421
0.804653 0.0113495
0.80457 0.0113569
0.804488 0.0113643
0.804405 0.0113717
0.804322 0.0113792
0.804239 0.0113866
0.804156 0.0113941
0.804073 0.0114016
0.803989 0.0114091
0.803905 0.0114167
0.803822 0.0114242
0.803738 0.0114318
0.803654 0.0114393
0.803569 0.0114469
0.803485 0.0114545
0.8034 0.0114622
0.803315 0.0114698
0.803231 0.0114775
0.803146 0.0114852
0.80306 0.0114928
0.802975 0.0115006
0.802889 0.0115083
0.802804 0.011516
0.802718 0.0115238
0.802632 0.0115316
0.802546 0.0115394
0.802459 0.0115472
0.802373 0.011555
0.802286 0.0115628
0.802199 0.0115707
0.802112 0.0115786
0.802025 0.0115865
0.801938 0.0115944
0.80185 0.0116023
0.801762 0.0116103
0.801674 0.0116183
0.801586 0.0116262
0.801498 0.0116342
0.80141 0.0116423
0.801321 0.0116503
0.801233 0.0116584
0.801144 0.0116664
0.801055 0.0116745
0.800965 0.0116826
0.800876 0.0116908
0.800786 0.0116989
0.800697 0.0117071
0.800607 0.0117153
0.800516 0.0117235
0.800426 0.0117317
0.800336 0.0117399
0.800245 0.0117482
0.800154 0.0117565
0.800063 0.0117648
0.799972 0.0117731
0.799881 0.0117814
0.799789 0.0117898
0.799697 0.0117982
0.799605 0.0118066
0.799513 0.011815
0.799421 0.0118234
0.799328 0.0118319
0.799236 0.0118403
0.799143 0.0118488
0.79905 0.0118573
0.798956 0.0118659
0.798863 0.0118744
0.798769 0.011883
0.798676 0.0118916
0.798582 0.0119002
0.798487 0.0119088
0.798393 0.0119175
0.798298 0.0119262
0.798204 0.0119349
0.798109 0.0119436
0.798013 0.0119523
0.797918 0.0119611
0.797822 0.0119698
0.797727 0.0119786
0.797631 0.0119875
0.797535 0.0119963
0.797438 0.0120052
0.797342 0.0120141
0.797245 0.012023
0.797148 0.0120319
0.797051 0.0120408
0.796953 0.0120498
0.796856 0.0120588
0.796758 0.0120678
0.79666 0.0120768
0.796562 0.0120859
0.796463 0.012095
0.796365 0.0121041
0.796266 0.0121132
0.796167 0.0121223
0.796068 0.0121315
0.795968 0.0121407
0.795868 0.0121499
0.795768 0.0121592
0.795668 0.0121684
0.795568 0.0121777
0.795468 0.012187
0.795367 0.0121963
0.795266 0.0122057
0.795165 0.0122151
0.795063 0.0122245
0.794962 0.0122339
0.79486 0.0122433
0.794758 0.0122528
0.794655 0.0122623
0.794553 0.0122718
0.79445 0.0122813
0.794347 0.0122909
0.794244 0.0123005
0.794141 0.0123101
0.794037 0.0123197
0.793933 0.0123294
0.793829 0.0123391
0.793725 0.0123488
0.79362 0.0123585
0.793515 0.0123683
0.79341 0.0123781
0.793305 0.0123879
0.793199 0.0123977
0.793094 0.0124076
0.792988 0.0124175
0.792881 0.0124274
0.792775 0.0124374
0.792668 0.0124473
0.792561 0.0124573
0.792454 0.0124673
0.792347 0.0124774
0.792239 0.0124874
0.792131 0.0124975
0.792023 0.0125077
0.791915 0.0125178
0.791806 0.012528
0.791697 0.0125382
0.791588 0.0125484
0.791479 0.0125587
0.791369 0.012569
0.791259 0.0125793
0.791149 0.0125896
0.791039 0.0126
0.790928 0.0126104
0.790817 0.0126208
0.790706 0.0126313
0.790594 0.0126417
0.790483 0.0126522
0.790371 0.0126628
0.790259 0.0126734
0.790146 0.0126839
0.790033 0.0126946
0.78992 0.0127052
0.789807 0.0127159
0.789694 0.0127266
0.78958 0.0127373
0.789466 0.0127481
0.789352 0.0127589
0.789237 0.0127697
0.789122 0.0127806
0.789007 0.0127915
0.788892 0.0128024
0.788776 0.0128133
0.78866 0.0128243
0.788544 0.0128353
0.788427 0.0128464
0.78831 0.0128574
0.788193 0.0128685
0.788076 0.0128797
0.787958 0.0128908
0.78784 0.012902
0.787722 0.0129132
0.787604 0.0129245
0.787485 0.0129358
0.787366 0.0129471
0.787246 0.0129585
0.787127 0.0129698
0.787007 0.0129813
0.786886 0.0129927
0.786766 0.0130042
0.786645 0.0130157
0.786524 0.0130273
0.786403 0.0130388
0.786281 0.0130504
0.786159 0.0130621
0.786036 0.0130738
0.785914 0.0130855
0.785791 0.0130972
0.785668 0.013109
0.785544 0.0131208
0.78542 0.0131327
0.785296 0.0131446
0.785172 0.0131565
0.785047 0.0131684
0.784922 0.0131804
0.784796 0.0131925
0.78467 0.0132045
0.784544 0.0132166
0.784418 0.0132288
0.784291 0.0132409
0.784164 0.0132531
0.784037 0.0132654
0.783909 0.0132776
0.783781 0.01329
0.783653 0.0133023
0.783524 0.0133147
0.783395 0.0133271
0.783266 0.0133396
0.783136 0.0133521
0.783006 0.0133646
0.782876 0.0133772
0.782745 0.0133898
0.782614 0.0134024
0.782483 0.0134151
0.782351 0.0134279
0.782219 0.0134406
0.782087 0.0134534
0.781954 0.0134663
0.781821 0.0134792
0.781688 0.0134921
0.781554 0.013505
0.78142 0.013518
0.781286 0.0135311
0.781151 0.0135442
0.781016 0.0135573
0.78088 0.0135705
0.780744 0.0135837
0.780608 0.0135969
0.780471 0.0136102
0.780334 0.0136235
0.780197 0.0136369
0.780059 0.0136503
0.779921 0.0136638
0.779783 0.0136773
0.779644 0.0136908
0.779505 0.0137044
0.779365 0.013718
0.779225 0.0137317
0.779085 0.0137454
0.778944 0.0137591
0.778803 0.0137729
0.778662 0.0137868
0.77852 0.0138007
0.778378 0.0138146
0.778235 0.0138286
0.778092 0.0138426
0.777949 0.0138567
0.777805 0.0138708
0.77766 0.0138849
0.777516 0.0138991
0.777371 0.0139134
0.777225 0.0139277
0.77708 0.013942
0.776933 0.0139564
0.776787 0.0139709
0.77664 0.0139853
0.776492 0.0139999
0.776344 0.0140145
0.776196 0.0140291
0.776047 0.0140438
0.775898 0.0140585
0.775749 0.0140733
0.775599 0.0140881
0.775448 0.014103
0.775298 0.0141179
0.775146 0.0141329
0.774995 0.0141479
0.774843 0.0141629
0.77469 0.0141781
0.774537 0.0141932
0.774384 0.0142085
0.77423 0.0142238
0.774076 0.0142391
0.773921 0.0142545
0.773766 0.0142699
0.77361 0.0142854
0.773454 0.0143009
0.773297 0.0143165
0.77314 0.0143322
0.772983 0.0143479
0.772825 0.0143636
0.772667 0.0143794
0.772508 0.0143953
0.772349 0.0144112
0.772189 0.0144272
0.772029 0.0144432
0.771868 0.0144593
0.771707 0.0144754
0.771545 0.0144916
0.771383 0.0145079
0.77122 0.0145242
0.771057 0.0145406
0.770894 0.014557
0.77073 0.0145735
0.770565 0.01459
0.7704 0.0146066
0.770234 0.0146233
0.770068 0.01464
0.769902 0.0146568
0.769735 0.0146736
0.769567 0.0146905
0.769399 0.0147075
0.769231 0.0147245
0.769062 0.0147416
0.768892 0.0147587
0.768722 0.014776
0.768551 0.0147932
0.76838 0.0148106
0.768208 0.014828
0.768036 0.0148454
0.767863 0.0148629
0.76769 0.0148805
0.767516 0.0148982
0.767342 0.0149159
0.767167 0.0149337
0.766992 0.0149515
0.766816 0.0149694
0.766639 0.0149874
0.766462 0.0150055
0.766285 0.0150236
0.766106 0.0150418
0.765928 0.01506
0.765748 0.0150783
0.765568 0.0150967
0.765388 0.0151152
0.765207 0.0151337
0.765025 0.0151523
0.764843 0.015171
0.764661 0.0151897
0.764477 0.0152085
0.764293 0.0152274
0.764109 0.0152463
0.763924 0.0152654
0.763738 0.0152845
0.763552 0.0153036
0.763365 0.0153229
0.763177 0.0153422
0.762989 0.0153616
0.762801 0.0153811
0.762611 0.0154006
0.762422 0.0154202
0.762231 0.0154399
0.76204 0.0154597
0.761848 0.0154796
0.761656 0.0154995
0.761463 0.0155195
0.761269 0.0155396
0.761075 0.0155597
0.76088 0.01558
0.760684 0.0156003
0.760488 0.0156207
0.760291 0.0156412
0.760093 0.0156618
0.759895 0.0156824
0.759696 0.0157032
0.759497 0.015724
0.759297 0.0157449
0.759096 0.0157659
0.758894 0.0157869
0.758692 0.0158081
0.758489 0.0158293
0.758285 0.0158507
0.758081 0.0158721
0.757876 0.0158936
0.757671 0.0159152
0.757464 0.0159369
0.757257 0.0159586
0.757049 0.0159805
0.756841 0.0160024
0.756632 0.0160245
0.756422 0.0160466
0.756211 0.0160688
0.756 0.0160912
0.755788 0.0161136
0.755575 0.0161361
0.755361 0.0161587
0.755147 0.0161814
0.754932 0.0162041
0.754716 0.016227
0.754499 0.01625
0.754282 0.0162731
0.754064 0.0162963
0.753845 0.0163195
0.753626 0.0163429
0.753405 0.0163664
0.753184 0.01639
0.752962 0.0164136
0.752739 0.0164374
0.752516 0.0164613
0.752291 0.0164853
0.752066 0.0165094
0.75184 0.0165336
0.751614 0.0165579
0.751386 0.0165823
0.751158 0.0166068
0.750928 0.0166314
0.750698 0.0166561
0.750468 0.016681
0.750236 0.0167059
0.750003 0.016731
0.74977 0.0167561
0.749536 0.0167814
0.749301 0.0168068
0.749065 0.0168323
0.748828 0.0168579
0.74859 0.0168836
0.748352 0.0169095
0.748112 0.0169355
0.747872 0.0169615
0.747631 0.0169877
0.747388 0.0170141
0.747145 0.0170405
0.746901 0.017067
0.746657 0.0170937
0.746411 0.0171205
0.746164 0.0171475
0.745917 0.0171745
0.745668 0.0172017
0.745419 0.017229
0.745168 0.0172564
0.744917 0.017284
0.744665 0.0173116
0.744411 0.0173394
0.744157 0.0173674
0.743902 0.0173955
0.743646 0.0174237
0.743389 0.017452
0.743131 0.0174805
0.742871 0.0175091
0.742611 0.0175378
0.74235 0.0175667
0.742088 0.0175957
0.741825 0.0176248
0.741561 0.0176541
0.741296 0.0176836
0.741029 0.0177131
0.740762 0.0177429
0.740494 0.0177727
0.740225 0.0178027
0.739954 0.0178329
0.739683 0.0178632
0.73941 0.0178936
0.739136 0.0179242
0.738862 0.0179549
0.738586 0.0179858
0.738309 0.0180169
0.738031 0.0180481
0.737752 0.0180794
0.737472 0.0181109
0.73719 0.0181426
0.736908 0.0181744
0.736624 0.0182064
0.73634 0.0182386
0.736054 0.0182709
0.735767 0.0183033
0.735479 0.018336
0.735189 0.0183687
0.734899 0.0184017
0.734607 0.0184348
0.734314 0.0184681
0.73402 0.0185016
0.733725 0.0185352
0.733428 0.018569
0.73313 0.018603
0.732831 0.0186372
0.732531 0.0186715
0.73223 0.018706
0.731927 0.0187407
0.731623 0.0187756
0.731318 0.0188107
0.731011 0.0188459
0.730703 0.0188813
0.730394 0.0189169
0.730084 0.0189527
0.729772 0.0189887
0.729459 0.0190249
0.729145 0.0190613
0.728829 0.0190978
0.728512 0.0191346
0.728194 0.0191716
0.727874 0.0192087
0.727553 0.0192461
0.727231 0.0192836
0.726907 0.0193214
0.726582 0.0193593
0.726255 0.0193975
0.725927 0.0194359
0.725598 0.0194745
0.725267 0.0195133
0.724935 0.0195523
0.724601 0.0195915
0.724266 0.019631
0.723929 0.0196706
0.723591 0.0197105
0.723251 0.0197506
0.72291 0.0197909
0.722568 0.0198315
0.722224 0.0198723
0.721878 0.0199133
0.721531 0.0199545
0.721182 0.019996
0.720832 0.0200377
0.72048 0.0200797
0.720127 0.0201218
0.719772 0.0201643
0.719415 0.0202069
0.719057 0.0202498
0.718697 0.020293
0.718336 0.0203364
0.717973 0.0203801
0.717608 0.020424
0.717242 0.0204682
0.716874 0.0205126
0.716505 0.0205573
0.716133 0.0206022
0.71576 0.0206474
0.715385 0.0206929
0.715009 0.0207387
0.714631 0.0207847
0.714251 0.020831
0.713869 0.0208775
0.713486 0.0209244
0.713101 0.0209715
0.712714 0.0210189
0.712325 0.0210666
0.711934 0.0211146
0.711542 0.0211629
0.711148 0.0212114
0.710751 0.0212603
0.710353 0.0213095
0.709954 0.0213589
0.709552 0.0214087
0.709148 0.0214588
0.708743 0.0215091
0.708335 0.0215598
0.707926 0.0216108
0.707514 0.0216622
0.707101 0.0217138
0.706686 0.0217658
0.706268 0.0218181
0.705849 0.0218707
0.705428 0.0219237
0.705004 0.0219769
0.704579 0.0220306
0.704151 0.0220845
0.703722 0.0221389
0.70329 0.0221935
0.702856 0.0222485
0.70242 0.0223039
0.701982 0.0223596
0.701542 0.0224157
0.7011 0.0224722
0.700655 0.022529
0.700209 0.0225862
0.69976 0.0226437
0.699309 0.0227017
0.698855 0.02276
0.6984 0.0228187
0.697942 0.0228778
0.697481 0.0229373
0.697019 0.0229971
0.696554 0.0230574
0.696087 0.0231181
0.695617 0.0231792
0.695146 0.0232407
0.694671 0.0233026
0.694195 0.023365
0.693716 0.0234277
0.693234 0.0234909
0.69275 0.0235545
0.692264 0.0236186
0.691775 0.0236831
0.691283 0.0237481
0.690789 0.0238134
0.690293 0.0238793
0.689793 0.0239456
0.689292 0.0240124
0.688788 0.0240796
0.688281 0.0241473
0.687771 0.0242155
0.687259 0.0242841
0.686744 0.0243533
0.686227 0.0244229
0.685706 0.0244931
0.685183 0.0245637
0.684658 0.0246349
0.684129 0.0247065
0.683598 0.0247787
0.683064 0.0248514
0.682527 0.0249246
0.681987 0.0249983
0.681444 0.0250726
0.680899 0.0251475
0.68035 0.0252229
0.679799 0.0252988
0.679244 0.0253753
0.678687 0.0254524
0.678126 0.02553
0.677563 0.0256082
0.676997 0.025687
0.676427 0.0257664
0.675854 0.0258464
0.675279 0.025927
0.6747 0.0260082
0.674118 0.02609
0.673533 0.0261724
0.672944 0.0262555
0.672353 0.0263392
0.671758 0.0264236
0.67116 0.0265086
0.670558 0.0265942
0.669953 0.0266805
0.669345 0.0267675
0.668734 0.0268552
0.668119 0.0269435
0.6675 0.0270326
0.666879 0.0271223
0.666253 0.0272128
0.665624 0.027304
0.664992 0.0273959
0.664356 0.0274885
0.663717 0.0275819
0.663074 0.027676
0.662427 0.0277709
0.661777 0.0278666
0.661123 0.027963
0.660465 0.0280602
0.659803 0.0281582
0.659138 0.028257
0.658469 0.0283566
0.657796 0.028457
0.657119 0.0285583
0.656439 0.0286604
0.655754 0.0287633
0.655066 0.0288671
0.654373 0.0289718
0.653677 0.0290774
0.652976 0.0291838
0.652271 0.0292912
0.651563 0.0293994
0.65085 0.0295086
0.650133 0.0296187
0.649412 0.0297297
0.648686 0.0298417
0.647957 0.0299547
0.647223 0.0300686
0.646485 0.0301836
0.645742 0.0302995
0.644995 0.0304164
0.644244 0.0305344
0.643488 0.0306534
0.642728 0.0307734
0.641963 0.0308945
0.641194 0.0310167
0.64042 0.03114
0.639641 0.0312643
0.638858 0.0313898
0.63807 0.0315164
0.637278 0.0316442
0.63648 0.0317731
0.635678 0.0319031
0.634871 0.0320344
0.63406 0.0321668
0.633243 0.0323005
0.632421 0.0324354
0.631595 0.0325716
0.630763 0.032709
0.629927 0.0328476
0.629085 0.0329876
0.628238 0.0331289
0.627387 0.0332715
0.626529 0.0334154
0.625667 0.0335607
0.6248 0.0337074
0.623927 0.0338555
0.623048 0.034005
0.622165 0.0341559
0.621276 0.0343083
0.620381 0.0344621
0.619481 0.0346174
0.618576 0.0347743
0.617665 0.0349326
0.616748 0.0350925
0.615826 0.035254
0.614898 0.0354171
0.613964 0.0355817
0.613024 0.035748
0.612079 0.035916
0.611128 0.0360856
0.610171 0.0362569
0.609208 0.0364299
0.608239 0.0366047
0.607264 0.0367813
0.606283 0.0369596
0.605295 0.0371397
0.604302 0.0373217
0.603302 0.0375056
0.602297 0.0376913
0.601284 0.0378789
0.600266 0.0380685
0.599241 0.0382601
0.59821 0.0384536
0.597172 0.0386492
0.596128 0.0388468
0.595078 0.0390465
0.59402 0.0392483
0.592957 0.0394523
0.591886 0.0396584
0.590809 0.0398667
0.589725 0.0400772
0.588634 0.04029
0.587537 0.0405051
0.586432 0.0407225
0.585321 0.0409423
0.584202 0.0411645
0.583077 0.041389
0.581944 0.0416161
0.580805 0.0418456
0.579658 0.0420777
0.578504 0.0423123
0.577343 0.0425496
0.576175 0.0427895
0.574999 0.043032
0.573816 0.0432773
0.572626 0.0435254
0.571428 0.0437762
0.570222 0.0440299
0.569009 0.0442865
0.567789 0.0445459
0.566561 0.0448084
0.565325 0.0450739
0.564082 0.0453424
0.56283 0.0456141
0.561571 0.0458888
0.560305 0.0461668
0.55903 0.046448
0.557747 0.0467326
0.556457 0.0470204
0.555158 0.0473117
0.553852 0.0476064
0.552537 0.0479046
0.551215 0.0482063
0.549884 0.0485117
0.548545 0.0488207
0.547198 0.0491334
0.545843 0.0494499
0.544479 0.0497702
0.543107 0.0500944
0.541727 0.0504225
0.540338 0.0507547
0.538941 0.0510909
0.537535 0.0514313
0.536121 0.0517759
0.534699 0.0521247
0.533268 0.0524778
0.531828 0.0528354
0.53038 0.0531974
0.528923 0.0535639
0.527458 0.0539351
0.525984 0.0543109
0.524501 0.0546915
0.523009 0.0550769
0.521509 0.0554672
0.52 0.0558625
0.518482 0.0562629
0.516956 0.0566684
0.515421 0.0570791
0.513876 0.0574951
0.512323 0.0579165
0.510761 0.0583434
0.509191 0.0587759
0.507611 0.059214
0.506023 0.0596578
0.504425 0.0601075
0.502819 0.0605631
0.501204 0.0610247
0.49958 0.0614925
0.497947 0.0619664
0.496305 0.0624467
0.494654 0.0629334
0.492994 0.0634267
0.491326 0.0639266
0.489648 0.0644332
0.487962 0.0649466
0.486267 0.065467
0.484563 0.0659945
0.48285 0.0665292
0.481128 0.0670712
0.479398 0.0676206
0.477658 0.0681775
0.47591 0.0687422
0.474154 0.0693146
0.472388 0.0698949
0.470614 0.0704833
0.468832 0.0710799
0.467041 0.0716848
0.465241 0.0722981
0.463433 0.07292
0.461616 0.0735507
0.459791 0.0741902
0.457958 0.0748387
0.456116 0.0754964
0.454266 0.0761635
0.452408 0.07684
0.450542 0.0775261
0.448668 0.078222
0.446786 0.0789278
0.444896 0.0796438
0.442998 0.08037
0.441092 0.0811066
0.439179 0.0818539
0.437258 0.0826119
0.43533 0.0833809
0.433394 0.084161
0.431451 0.0849525
0.4295 0.0857554
0.427543 0.08657
0.425579 0.0873965
0.423608 0.0882351
0.421629 0.0890859
0.419645 0.0899492
0.417654 0.0908251
0.415656 0.0917139
0.413652 0.0926158
0.411642 0.093531
0.409626 0.0944596
0.407604 0.095402
0.405576 0.0963583
0.403543 0.0973287
0.401504 0.0983136
0.39946 0.099313
0.39741 0.100327
0.395356 0.101357
0.393297 0.102401
0.391233 0.103461
0.389165 0.104537
0.387093 0.105629
0.385016 0.106738
0.382935 0.107862
0.380851 0.109004
0.378763 0.110163
0.376671 0.111339
0.374577 0.112532
0.372479 0.113744
0.370378 0.114973
0.368275 0.116221
0.36617 0.117488
0.364062 0.118773
0.361953 0.120078
0.359841 0.121402
0.357728 0.122746
0.355614 0.12411
0.353499 0.125495
0.351382 0.1269
0.349266 0.128326
0.347148 0.129773
0.345031 0.131242
0.342913 0.132733
0.340796 0.134246
0.33868 0.135781
0.336564 0.137339
0.334449 0.138921
0.332336 0.140525
0.330224 0.142154
0.328113 0.143806
0.326005 0.145483
0.323899 0.147185
0.321796 0.148911
0.319695 0.150663
0.317597 0.152441
0.315503 0.154244
0.313412 0.156074
0.311325 0.157931
0.309242 0.159814
0.307164 0.161725
0.30509 0.163663
0.30302 0.165629
0.300956 0.167624
0.298897 0.169647
0.296844 0.171699
0.294796 0.17378
0.292755 0.175891
0.29072 0.178031
0.288692 0.180202
0.28667 0.182403
0.284656 0.184635
0.282648 0.186898
0.280649 0.189192
0.278657 0.191519
0.276674 0.193877
0.274698 0.196267
0.272731 0.19869
0.270773 0.201146
0.268824 0.203635
0.266884 0.206158
0.264954 0.208714
0.263033 0.211304
0.261123 0.213929
0.259222 0.216588
0.257332 0.219281
0.255452 0.22201
0.253583 0.224774
0.251725 0.227573
0.249878 0.230408
0.248042 0.233278
0.246218 0.236185
0.244406 0.239128
0.242606 0.242107
0.240817 0.245123
0.239041 0.248175
0.237277 0.251264
0.235526 0.25439
0.233788 0.257554
0.232062 0.260754
0.23035 0.263992
0.228651 0.267267
0.226965 0.270579
0.225292 0.273929
0.223634 0.277316
0.221989 0.280741
0.220357 0.284203
0.21874 0.287703
0.217137 0.29124
0.215548 0.294814
0.213973 0.298426
0.212412 0.302074
0.210867 0.30576
0.209335 0.309483
0.207818 0.313243
0.206316 0.317039
0.204829 0.320872
0.203357 0.324741
0.201899 0.328646
0.200457 0.332586
0.199029 0.336562
0.197617 0.340573
0.196219 0.344619
0.194837 0.3487
0.19347 0.352814
0.192118 0.356963
0.190781 0.361144
0.18946 0.365359
0.188154 0.369605
0.186863 0.373884
0.185587 0.378194
0.184326 0.382535
0.183081 0.386906
0.181851 0.391307
0.180637 0.395737
0.179437 0.400195
0.178253 0.404681
0.177084 0.409194
0.17593 0.413733
0.174791 0.418298
0.173667 0.422888
0.172558 0.427502
0.171464 0.432139
0.170385 0.436799
0.169321 0.44148
0.168272 0.446182
0.167237 0.450904
0.166218 0.455645
0.165213 0.460403
0.164222 0.465179
0.163246 0.46997
0.162284 0.474777
0.161337 0.479597
0.160404 0.484431
0.159485 0.489276
0.15858 0.494133
0.15769 0.498999
0.156813 0.503874
0.15595 0.508756
0.155101 0.513645
0.154265 0.518539
0.153443 0.523438
0.152635 0.528339
0.151839 0.533243
0.151057 0.538147
0.150289 0.543051
0.149533 0.547953
0.14879 0.552852
0.14806 0.557748
0.147343 0.562638
0.146638 0.567522
0.145945 0.572399
0.145265 0.577267
0.144598 0.582125
0.143942 0.586972
0.143299 0.591807
0.142667 0.59663
0.142047 0.601437
0.141439 0.606229
0.140842 0.611005
0.140256 0.615763
0.139682 0.620502
0.139119 0.625221
0.138567 0.62992
0.138026 0.634596
0.137496 0.63925
0.136976 0.64388
0.136467 0.648484
0.135968 0.653063
0.13548 0.657615
0.135002 0.662139
0.134533 0.666635
0.134075 0.671102
0.133626 0.675538
0.133187 0.679942
0.132758 0.684315
0.132338 0.688656
0.131927 0.692963
0.131525 0.697236
0.131133 0.701474
0.130749 0.705676
0.130374 0.709843
0.130008 0.713973
0.12965 0.718066
0.129301 0.722121
0.12896 0.726138
0.128627 0.730117
0.128302 0.734056
0.127985 0.737956
0.127676 0.741816
0.127374 0.745635
0.12708 0.749414
0.126794 0.753152
0.126515 0.756849
0.126243 0.760505
0.125978 0.764119
0.125721 0.767691
0.12547 0.771221
0.125226 0.77471
0.124989 0.778156
0.124758 0.78156
0.124534 0.784921
0.124316 0.78824
0.124104 0.791517
0.123899 0.794752
0.123699 0.797944
0.123506 0.801094
0.123318 0.804202
0.123136 0.807268
0.12296 0.810292
0.12279 0.813274
0.122624 0.816214
0.122465 0.819114
0.12231 0.821971
0.122161 0.824788
0.122017 0.827564
0.121878 0.8303
0.121744 0.832995
0.121614 0.835651
0.12149 0.838266
0.12137 0.840842
0.121254 0.843379
0.121144 0.845878
0.121037 0.848337
0.120935 0.850759
0.120838 0.853143
0.120744 0.855489
0.120655 0.857799
0.120569 0.860071
0.120488 0.862308
0.120411 0.864508
0.120337 0.866673
0.120267 0.868803
0.120201 0.870898
0.120138 0.872959
0.120079 0.874986
0.120024 0.87698
0.119972 0.87894
0.119923 0.880868
0.119878 0.882763
0.119836 0.884627
0.119797 0.88646
0.119761 0.888261
0.119729 0.890032
0.119699 0.891773
0.119672 0.893484
0.119648 0.895166
0.119628 0.896819
0.119609 0.898443
0.119594 0.90004
0.119581 0.901609
0.119571 0.903151
0.119564 0.904666
0.119559 0.906155
0.119557 0.907618
0.119557 0.909056
0.119559 0.910468
0.119564 0.911856
0.119572 0.913219
0.119581 0.914559
0.119593 0.915874
0.119607 0.917167
0.119623 0.918437
0.119641 0.919685
0.119661 0.920911
0.119684 0.922115
0.119708 0.923298
0.119734 0.92446
0.119763 0.925601
0.119793 0.926722
0.119825 0.927824
0.119859 0.928906
0.119895 0.929968
0.119932 0.931012
0.119971 0.932038
0.120012 0.933045
0.120055 0.934035
0.120099 0.935007
0.120145 0.935962
0.120192 0.9369
0.120241 0.937821
0.120291 0.938726
0.120343 0.939615
0.120397 0.940489
0.120452 0.941347
0.120508 0.94219
0.120566 0.943018
0.120625 0.943831
0.120685 0.94463
0.120747 0.945415
0.12081 0.946187
0.120874 0.946944
0.12094 0.947689
0.121006 0.94842
0.121074 0.949139
0.121144 0.949845
0.121214 0.950539
0.121286 0.951221
0.121358 0.951891
0.121432 0.952549
0.121507 0.953196
0.121583 0.953831
0.12166 0.954456
0.121738 0.955069
0.121817 0.955673
0.121897 0.956265
0.121978 0.956848
0.12206 0.95742
0.122143 0.957983
0.122227 0.958536
0.122312 0.95908
0.122397 0.959614
0.122484 0.960139
0.122571 0.960656
0.12266 0.961163
0.122749 0.961662
0.122839 0.962153
0.12293 0.962635
0.123022 0.963109
0.123114 0.963575
0.123207 0.964033
0.123301 0.964484
0.123396 0.964927
0.123492 0.965362
0.123588 0.965791
0.123685 0.966212
0.123783 0.966626
0.123881 0.967034
0.12398 0.967434
0.12408 0.967828
0.12418 0.968216
0.124281 0.968597
0.124383 0.968972
0.124486 0.969341
0.124589 0.969704
0.124692 0.970061
0.124797 0.970412
0.124902 0.970757
0.125007 0.971097
0.125113 0.971432
0.12522 0.971761
0.125327 0.972084
0.125435 0.972403
0.125543 0.972716
0.125652 0.973025
0.125761 0.973328
0.125871 0.973627
0.125982 0.973921
0.126093 0.97421
0.126204 0.974495
0.126316 0.974775
0.126429 0.975051
0.126542 0.975323
0.126655 0.97559
0.126769 0.975853
0.126884 0.976112
0.126999 0.976368
0.127114 0.976619
0.12723 0.976866
0.127346 0.97711
0.127463 0.977349
0.12758 0.977585
0.127698 0.977818
0.127816 0.978047
0.127934 0.978272
0.128053 0.978494
0.128172 0.978713
0.128292 0.978928
0.128412 0.979141
0.128532 0.979349
0.128653 0.979555
0.128774 0.979758
0.128896 0.979958
0.129018 0.980155
0.12914 0.980349
0.129263 0.98054
0.129386 0.980728
0.12951 0.980913
0.129634 0.981096
0.129758 0.981276
0.129882 0.981453
0.130007 0.981628
0.130132 0.981801
0.130258 0.98197
0.130384 0.982138
0.13051 0.982303
0.130637 0.982465
0.130764 0.982626
0.130891 0.982784
0.131018 0.982939
0.131146 0.983093
0.131274 0.983244
0.131403 0.983393
0.131532 0.983541
0.131661 0.983686
0.13179 0.983829
0.13192 0.98397
0.13205 0.984109
0.13218 0.984246
0.132311 0.984381
0.132442 0.984514
0.132573 0.984646
0.132705 0.984775
0.132836 0.984903
0.132968 0.985029
0.133101 0.985154
0.133233 0.985277
0.133366 0.985398
0.1335 0.985517
0.133633 0.985635
0.133767 0.985751
0.133901 0.985866
0.134035 0.985979
0.134169 0.98609
0.134304 0.9862
0.134439 0.986309
0.134575 0.986416
0.13471 0.986522
0.134846 0.986626
0.134982 0.986729
0.135118 0.986831
0.135255 0.986931
0.135392 0.98703
0.135529 0.987128
0.135666 0.987224
0.135804 0.987319
0.135942 0.987413
0.13608 0.987506
0.136218 0.987597
0.136356 0.987688
0.136495 0.987777
0.136634 0.987865
0.136774 0.987952
0.136913 0.988038
0.137053 0.988122
0.137193 0.988206
0.137333 0.988288
0.137473 0.98837
0.137614 0.98845
0.137755 0.98853
0.137896 0.988608
0.138038 0.988686
0.138179 0.988762
0.138321 0.988838
0.138463 0.988913
0.138605 0.988986
0.138748 0.989059
0.138891 0.989131
0.139034 0.989202
0.139177 0.989272
0.13932 0.989341
0.139464 0.98941
0.139608 0.989477
0.139752 0.989544
0.139896 0.98961
0.140041 0.989675
0.140186 0.98974
0.14033 0.989803
0.140476 0.989866
0.140621 0.989928
0.140767 0.98999
0.140913 0.99005
0.141059 0.99011
0.141205 0.990169
0.141351 0.990228
0.141498 0.990285
0.141645 0.990342
0.141792 0.990399
0.14194 0.990455
0.142087 0.99051
0.142235 0.990564
0.142383 0.990618
0.142531 0.990671
0.14268 0.990724
0.142829 0.990775
0.142977 0.990827
0.143127 0.990877
0.143276 0.990928
0.143425 0.990977
0.143575 0.991026
0.143725 0.991075
0.143875 0.991122
0.144026 0.99117
0.144176 0.991216
0.144327 0.991263
0.144478 0.991308
0.14463 0.991354
0.144781 0.991398
0.144933 0.991442
0.145085 0.991486
0.145237 0.991529
0.145389 0.991572
0.145542 0.991614
0.145695 0.991656
0.145848 0.991697
0.146001 0.991738
0.146154 0.991778
0.146308 0.991818
0.146462 0.991857
0.146616 0.991896
0.14677 0.991935
0.146925 0.991973
0.14708 0.992011
0.147235 0.992048
0.14739 0.992085
0.147545 0.992121
0.147701 0.992157
0.147857 0.992193
0.148013 0.992228
0.148169 0.992263
0.148326 0.992298
0.148483 0.992332
0.148639 0.992366
0.148797 0.992399
0.148954 0.992432
0.149112 0.992465
0.14927 0.992497
0.149428 0.992529
0.149586 0.99256
0.149745 0.992592
0.149903 0.992623
0.150063 0.992653
0.150222 0.992683
0.150381 0.992713
0.150541 0.992743
0.150701 0.992772
0.150861 0.992801
0.151021 0.99283
0.151182 0.992858
0.151343 0.992886
0.151504 0.992914
0.151665 0.992941
0.151827 0.992968
0.151989 0.992995
0.152151 0.993022
0.152313 0.993048
0.152476 0.993074
0.152638 0.9931
0.152801 0.993125
0.152965 0.99315
0.153128 0.993175
0.153292 0.9932
0.153456 0.993224
0.15362 0.993248
0.153784 0.993272
0.153949 0.993296
0.154114 0.993319
0.154279 0.993342
0.154445 0.993365
0.15461 0.993388
0.154776 0.99341
0.154942 0.993432
0.155109 0.993454
0.155276 0.993476
0.155442 0.993497
0.15561 0.993518
0.155777 0.993539
0.155945 0.99356
0.156113 0.99358
0.156281 0.993601
0.156449 0.993621
0.156618 0.993641
0.156787 0.99366
0.156956 0.99368
0.157126 0.993699
0.157296 0.993718
0.157466 0.993737
0.157636 0.993756
0.157807 0.993774
0.157977 0.993792
0.158148 0.99381
0.15832 0.993828
0.158491 0.993846
0.158663 0.993863
0.158836 0.993881
0.159008 0.993898
0.159181 0.993915
0.159354 0.993931
0.159527 0.993948
0.159701 0.993964
0.159874 0.993981
0.160049 0.993997
0.160223 0.994013
0.160398 0.994028
0.160573 0.994044
0.160748 0.994059
0.160923 0.994074
0.161099 0.994089
0.161275 0.994104
0.161452 0.994119
0.161628 0.994133
0.161805 0.994148
0.161983 0.994162
0.16216 0.994176
0.162338 0.99419
0.162516 0.994204
0.162695 0.994217
0.162874 0.994231
0.163053 0.994244
0.163232 0.994257
0.163412 0.99427
0.163592 0.994283
0.163772 0.994296
0.163953 0.994309
0.164134 0.994321
0.164315 0.994333
0.164496 0.994346
0.164678 0.994358
0.16486 0.99437
0.165043 0.994381
0.165226 0.994393
0.165409 0.994404
0.165592 0.994416
0.165776 0.994427
0.16596 0.994438
0.166144 0.994449
0.166329 0.99446
0.166514 0.994471
0.1667 0.994481
0.166885 0.994492
0.167071 0.994502
0.167258 0.994513
0.167445 0.994523
0.167632 0.994533
0.167819 0.994543
0.168007 0.994552
0.168195 0.994562
0.168383 0.994572
0.168572 0.994581
0.168761 0.99459
0.168951 0.9946
0.169141 0.994609
0.169331 0.994618
0.169521 0.994627
0.169712 0.994635
0.169904 0.994644
0.170095 0.994652
0.170287 0.994661
0.17048 0.994669
0.170672 0.994678
0.170865 0.994686
0.171059 0.994694
0.171253 0.994702
0.171447 0.994709
0.171642 0.994717
0.171836 0.994725
0.172032 0.994732
0.172228 0.99474
0.172424 0.994747
0.17262 0.994754
0.172817 0.994761
0.173014 0.994768
0.173212 0.994775
0.17341 0.994782
0.173608 0.994789
0.173807 0.994796
0.174006 0.994802
0.174206 0.994809
0.174406 0.994815
0.174607 0.994821
0.174807 0.994828
0.175009 0.994834
0.17521 0.99484
0.175412 0.994846
0.175615 0.994851
0.175818 0.994857
0.176021 0.994863
0.176225 0.994869
0.176429 0.994874
0.176634 0.994879
0.176839 0.994885
0.177044 0.99489
0.17725 0.994895
0.177456 0.9949
0.177663 0.994905
0.17787 0.99491
0.178078 0.994915
0.178286 0.99492
0.178494 0.994924
0.178703 0.994929
0.178913 0.994934
0.179123 0.994938
0.179333 0.994942
0.179544 0.994947
0.179755 0.994951
0.179967 0.994955
0.180179 0.994959
0.180392 0.994963
0.180605 0.994967
0.180818 0.994971
0.181032 0.994974
0.181247 0.994978
0.181462 0.994982
0.181677 0.994985
0.181893 0.994989
0.18211 0.994992
0.182327 0.994995
0.182544 0.994999
0.182762 0.995002
0.182981 0.995005
0.1832 0.995008
0.183419 0.995011
0.183639 0.995014
0.18386 0.995017
0.18408 0.995019
0.184302 0.995022
0.184524 0.995025
0.184747 0.995027
0.18497 0.995029
0.185193 0.995032
0.185417 0.995034
0.185642 0.995036
0.185867 0.995039
0.186093 0.995041
0.186319 0.995043
0.186546 0.995045
0.186773 0.995047
0.187001 0.995049
0.18723 0.99505
0.187459 0.995052
0.187688 0.995054
0.187918 0.995055
0.188149 0.995057
0.18838 0.995058
0.188612 0.99506
0.188845 0.995061
0.189078 0.995062
0.189311 0.995063
0.189545 0.995065
0.18978 0.995066
0.190015 0.995067
0.190251 0.995068
0.190488 0.995069
0.190725 0.995069
0.190963 0.99507
0.191201 0.995071
0.19144 0.995071
0.19168 0.995072
0.19192 0.995073
0.192161 0.995073
0.192402 0.995073
0.192644 0.995074
0.192887 0.995074
0.19313 0.995074
0.193374 0.995074
0.193619 0.995074
0.193864 0.995074
0.19411 0.995074
0.194356 0.995074
0.194604 0.995074
0.194851 0.995074
0.1951 0.995074
0.195349 0.995073
0.195599 0.995073
0.19585 0.995072
0.196101 0.995072
0.196353 0.995071
0.196605 0.995071
0.196859 0.99507
0.197113 0.995069
0.197368 0.995068
0.197623 0.995068
0.197879 0.995067
0.198136 0.995066
0.198393 0.995065
0.198652 0.995064
0.198911 0.995062
0.199171 0.995061
0.199431 0.99506
0.199692 0.995058
0.199954 0.995057
0.200217 0.995056
0.20048 0.995054
0.200745 0.995053
0.20101 0.995051
0.201275 0.995049
0.201542 0.995048
0.201809 0.995046
0.202077 0.995044
0.202346 0.995042
0.202616 0.99504
0.202886 0.995038
0.203157 0.995036
0.203429 0.995034
0.203702 0.995031
0.203976 0.995029
0.20425 0.995027
0.204526 0.995024
0.204802 0.995022
0.205079 0.99502
0.205357 0.995017
0.205635 0.995014
0.205915 0.995012
0.206195 0.995009
0.206476 0.995006
0.206758 0.995003
0.207041 0.995
0.207325 0.994998
0.20761 0.994994
0.207895 0.994991
0.208182 0.994988
0.208469 0.994985
0.208758 0.994982
0.209047 0.994979
0.209337 0.994975
0.209628 0.994972
0.20992 0.994968
0.210213 0.994965
0.210506 0.994961
0.210801 0.994957
0.211097 0.994954
0.211394 0.99495
0.211691 0.994946
0.21199 0.994942
0.212289 0.994938
0.21259 0.994934
0.212891 0.99493
0.213194 0.994926
0.213497 0.994922
0.213802 0.994918
0.214107 0.994913
0.214414 0.994909
0.214721 0.994904
0.21503 0.9949
0.21534 0.994895
0.21565 0.994891
0.215962 0.994886
0.216275 0.994881
0.216589 0.994877
0.216903 0.994872
0.217219 0.994867
0.217536 0.994862
0.217855 0.994857
0.218174 0.994852
0.218494 0.994846
0.218816 0.994841
0.219138 0.994836
0.219462 0.994831
0.219787 0.994825
0.220113 0.99482
0.22044 0.994814
0.220768 0.994809
0.221097 0.994803
0.221428 0.994797
0.22176 0.994791
0.222093 0.994785
0.222427 0.99478
0.222762 0.994774
0.223099 0.994768
0.223437 0.994761
0.223776 0.994755
0.224116 0.994749
0.224457 0.994743
0.2248 0.994736
0.225144 0.99473
0.225489 0.994723
0.225836 0.994717
0.226184 0.99471
0.226533 0.994703
0.226883 0.994697
0.227235 0.99469
0.227588 0.994683
0.227943 0.994676
0.228298 0.994669
0.228655 0.994662
0.229014 0.994654
0.229374 0.994647
0.229735 0.99464
0.230097 0.994632
0.230461 0.994625
0.230826 0.994617
0.231193 0.99461
0.231561 0.994602
0.231931 0.994594
0.232302 0.994586
0.232675 0.994578
0.233048 0.99457
0.233424 0.994562
0.233801 0.994554
0.234179 0.994546
0.234559 0.994538
0.234941 0.994529
0.235323 0.994521
0.235708 0.994512
0.236094 0.994504
0.236482 0.994495
0.236871 0.994486
0.237261 0.994477
0.237654 0.994469
0.238048 0.99446
0.238443 0.994451
0.23884 0.994441
0.239239 0.994432
0.239639 0.994423
0.240041 0.994413
0.240445 0.994404
0.240851 0.994394
0.241258 0.994385
0.241667 0.994375
0.242077 0.994365
0.242489 0.994355
0.242903 0.994345
0.243319 0.994335
0.243737 0.994325
0.244156 0.994315
0.244577 0.994305
0.245 0.994294
0.245425 0.994284
0.245851 0.994273
0.24628 0.994263
0.24671 0.994252
0.247142 0.994241
0.247576 0.99423
0.248012 0.994219
0.24845 0.994208
0.24889 0.994197
0.249331 0.994185
0.249775 0.994174
0.250221 0.994162
0.250668 0.994151
0.251118 0.994139
0.251569 0.994127
0.252023 0.994115
0.252479 0.994103
0.252937 0.994091
0.253396 0.994079
0.253858 0.994067
0.254322 0.994054
0.254789 0.994042
0.255257 0.994029
0.255727 0.994016
0.2562 0.994004
0.256675 0.993991
0.257152 0.993978
0.257631 0.993965
0.258113 0.993951
0.258596 0.993938
0.259082 0.993924
0.259571 0.993911
0.260061 0.993897
0.260554 0.993883
0.26105 0.993869
0.261547 0.993855
0.262047 0.993841
0.26255 0.993827
0.263054 0.993813
0.263562 0.993798
0.264071 0.993783
0.264584 0.993769
0.265098 0.993754
0.265616 0.993739
0.266135 0.993724
0.266658 0.993709
0.267182 0.993693
0.26771 0.993678
0.26824 0.993662
0.268773 0.993646
0.269308 0.99363
0.269846 0.993614
0.270387 0.993598
0.27093 0.993582
0.271476 0.993566
0.272025 0.993549
0.272577 0.993532
0.273131 0.993515
0.273689 0.993498
0.274249 0.993481
0.274812 0.993464
0.275378 0.993447
0.275947 0.993429
0.276519 0.993411
0.277093 0.993394
0.277671 0.993376
0.278252 0.993357
0.278836 0.993339
0.279422 0.993321
0.280012 0.993302
0.280605 0.993283
0.281202 0.993264
0.281801 0.993245
0.282404 0.993226
0.283009 0.993206
0.283618 0.993187
0.284231 0.993167
0.284846 0.993147
0.285465 0.993127
0.286087 0.993107
0.286713 0.993086
0.287342 0.993066
0.287974 0.993045
0.28861 0.993024
0.289249 0.993003
0.289892 0.992981
0.290539 0.99296
0.291189 0.992938
0.291842 0.992916
0.2925 0.992894
0.29316 0.992872
0.293825 0.992849
0.294493 0.992827
0.295165 0.992804
0.295841 0.992781
0.296521 0.992757
0.297205 0.992734
0.297892 0.99271
0.298583 0.992686
0.299279 0.992662
0.299978 0.992638
0.300681 0.992613
0.301389 0.992588
0.3021 0.992563
0.302816 0.992538
0.303535 0.992513
0.304259 0.992487
0.304987 0.992461
0.30572 0.992435
0.306456 0.992408
0.307197 0.992382
0.307943 0.992355
0.308693 0.992328
0.309447 0.9923
0.310206 0.992272
0.310969 0.992245
0.311737 0.992216
0.312509 0.992188
0.313286 0.992159
0.314068 0.99213
0.314854 0.992101
0.315646 0.992071
0.316442 0.992042
0.317242 0.992012
0.318048 0.991981
0.318859 0.99195
0.319675 0.991919
0.320495 0.991888
0.321321 0.991857
0.322152 0.991825
0.322988 0.991793
0.323829 0.99176
0.324675 0.991727
0.325527 0.991694
0.326384 0.991661
0.327246 0.991627
0.328114 0.991593
0.328987 0.991558
0.329866 0.991524
0.330751 0.991489
0.33164 0.991453
0.332536 0.991417
0.333437 0.991381
0.334344 0.991344
0.335257 0.991308
0.336176 0.99127
0.337101 0.991233
0.338031 0.991194
0.338968 0.991156
0.33991 0.991117
0.340859 0.991078
0.341814 0.991038
0.342775 0.990998
0.343743 0.990958
0.344717 0.990917
0.345697 0.990876
0.346683 0.990834
0.347676 0.990792
0.348676 0.990749
0.349682 0.990706
0.350695 0.990662
0.351715 0.990618
0.352741 0.990574
0.353774 0.990529
0.354815 0.990483
0.355862 0.990437
0.356916 0.990391
0.357977 0.990344
0.359045 0.990297
0.360121 0.990249
0.361204 0.9902
0.362294 0.990151
0.363391 0.990102
0.364496 0.990051
0.365609 0.990001
0.366729 0.98995
0.367857 0.989898
0.368992 0.989845
0.370135 0.989792
0.371286 0.989739
0.372445 0.989684
0.373612 0.98963
0.374787 0.989574
0.37597 0.989518
0.377161 0.989461
0.37836 0.989404
0.379568 0.989346
0.380784 0.989287
0.382009 0.989228
0.383242 0.989168
0.384483 0.989107
0.385734 0.989045
0.386992 0.988983
0.38826 0.98892
0.389537 0.988856
0.390822 0.988792
0.392117 0.988726
0.393421 0.98866
0.394733 0.988593
0.396055 0.988525
0.397387 0.988457
0.398727 0.988387
0.400077 0.988317
0.401437 0.988246
0.402806 0.988174
0.404185 0.988101
0.405573 0.988027
0.406971 0.987952
0.40838 0.987877
0.409798 0.9878
0.411226 0.987722
0.412664 0.987644
0.414112 0.987564
0.415571 0.987483
0.41704 0.987402
0.418519 0.987319
0.420009 0.987235
0.421509 0.98715
0.42302 0.987064
0.424541 0.986977
0.426074 0.986889
0.427617 0.986799
0.429171 0.986708
0.430735 0.986617
0.432311 0.986523
0.433898 0.986429
0.435496 0.986333
0.437106 0.986236
0.438726 0.986138
0.440358 0.986039
0.442002 0.985938
0.443657 0.985835
0.445323 0.985731
0.447001 0.985626
0.448691 0.985519
0.450393 0.985411
0.452106 0.985302
0.453831 0.98519
0.455569 0.985077
0.457318 0.984963
0.459079 0.984847
0.460852 0.984729
0.462638 0.98461
0.464435 0.984489
0.466245 0.984366
0.468067 0.984241
0.469902 0.984115
0.471749 0.983986
0.473608 0.983856
0.47548 0.983724
0.477365 0.98359
0.479262 0.983454
0.481171 0.983316
0.483094 0.983176
0.485029 0.983033
0.486976 0.982889
0.488937 0.982742
0.49091 0.982593
0.492896 0.982442
0.494894 0.982289
0.496906 0.982133
0.49893 0.981975
0.500967 0.981815
0.503017 0.981651
0.50508 0.981486
0.507156 0.981318
0.509245 0.981147
0.511346 0.980973
0.51346 0.980797
0.515588 0.980618
0.517727 0.980436
0.51988 0.980251
0.522046 0.980064
0.524224 0.979873
0.526415 0.979679
0.528618 0.979482
0.530835 0.979282
0.533063 0.979079
0.535305 0.978872
0.537559 0.978662
0.539825 0.978448
0.542103 0.978231
0.544394 0.978011
0.546697 0.977786
0.549012 0.977558
0.55134 0.977327
0.553679 0.977091
0.55603 0.976851
0.558393 0.976608
0.560767 0.97636
0.563153 0.976108
0.565551 0.975852
0.56796 0.975591
0.570379 0.975326
0.57281 0.975057
0.575252 0.974783
0.577705 0.974504
0.580168 0.97422
0.582641 0.973931
0.585125 0.973638
0.587619 0.973339
0.590123 0.973035
0.592636 0.972726
0.595159 0.972412
0.597691 0.972092
0.600232 0.971766
0.602782 0.971434
0.605341 0.971097
0.607909 0.970754
0.610484 0.970405
0.613067 0.970049
0.615658 0.969687
0.618257 0.969319
0.620863 0.968944
0.623475 0.968562
0.626095 0.968174
0.62872 0.967779
0.631352 0.967376
0.633989 0.966966
0.636632 0.966549
0.63928 0.966125
0.641933 0.965692
0.64459 0.965252
0.647252 0.964804
0.649917 0.964347
0.652586 0.963883
0.655259 0.96341
0.657934 0.962928
0.660611 0.962437
0.663291 0.961938
0.665972 0.961429
0.668655 0.960911
0.671339 0.960384
0.674023 0.959847
0.676708 0.9593
0.679393 0.958743
0.682077 0.958176
0.68476 0.957598
0.687442 0.95701
0.690122 0.956411
0.6928 0.955801
0.695476 0.955179
0.698148 0.954547
0.700818 0.953902
0.703484 0.953246
0.706145 0.952578
0.708802 0.951897
0.711454 0.951204
0.714101 0.950498
0.716742 0.949779
0.719377 0.949047
0.722006 0.948302
0.724627 0.947543
0.727241 0.946769
0.729847 0.945982
0.732445 0.94518
0.735035 0.944364
0.737615 0.943533
0.740186 0.942686
0.742748 0.941825
0.745299 0.940947
0.74784 0.940053
0.750369 0.939144
0.752888 0.938217
0.755395 0.937274
0.75789 0.936314
0.760372 0.935337
0.762842 0.934342
0.765299 0.933329
0.767742 0.932298
0.770172 0.931248
0.772587 0.93018
0.774988 0.929093
0.777375 0.927986
0.779746 0.926859
0.782103 0.925713
0.784443 0.924547
0.786768 0.923359
0.789077 0.922151
0.791369 0.920922
0.793645 0.919672
0.795904 0.918399
0.798145 0.917105
0.800369 0.915788
0.802576 0.914448
0.804765 0.913085
0.806936 0.911699
0.809089 0.91029
0.811223 0.908856
0.813339 0.907398
0.815436 0.905915
0.817514 0.904407
0.819573 0.902875
0.821614 0.901316
0.823634 0.899732
0.825636 0.898121
0.827618 0.896484
0.82958 0.89482
0.831523 0.893128
0.833446 0.89141
0.835349 0.889663
0.837232 0.887888
0.839095 0.886085
0.840938 0.884253
0.842761 0.882392
0.844564 0.880502
0.846347 0.878581
0.848109 0.876631
0.849852 0.874651
0.851575 0.87264
0.853277 0.870598
0.854959 0.868525
0.856621 0.86642
0.858263 0.864284
0.859886 0.862116
0.861488 0.859915
0.86307 0.857682
0.864632 0.855416
0.866175 0.853116
0.867698 0.850784
0.869201 0.848418
0.870685 0.846017
0.872149 0.843583
0.873594 0.841115
0.875019 0.838611
0.876425 0.836073
0.877813 0.8335
0.879181 0.830892
0.88053 0.828249
0.881861 0.825569
0.883173 0.822854
0.884467 0.820103
0.885742 0.817316
0.886999 0.814493
0.888238 0.811633
0.889458 0.808736
0.890661 0.805803
0.891847 0.802833
0.893015 0.799826
0.894165 0.796782
0.895299 0.793701
0.896415 0.790583
0.897514 0.787427
0.898597 0.784235
0.899663 0.781005
0.900712 0.777737
0.901745 0.774432
0.902763 0.77109
0.903764 0.767711
0.904749 0.764294
0.905719 0.76084
0.906673 0.757348
0.907612 0.75382
0.908536 0.750254
0.909445 0.746652
0.910339 0.743013
0.911219 0.739337
0.912084 0.735625
0.912934 0.731876
0.913771 0.728091
0.914594 0.72427
0.915402 0.720414
0.916198 0.716522
0.916979 0.712595
0.917748 0.708633
0.918503 0.704636
0.919245 0.700606
0.919974 0.696541
0.920691 0.692442
0.921395 0.68831
0.922087 0.684146
0.922767 0.679949
0.923435 0.67572
0.92409 0.67146
0.924734 0.667168
0.925367 0.662846
0.925988 0.658494
0.926598 0.654112
0.927196 0.649702
0.927784 0.645263
0.928361 0.640796
0.928927 0.636302
0.929482 0.631782
0.930027 0.627236
0.930562 0.622664
0.931087 0.618068
0.931602 0.613448
0.932107 0.608806
0.932602 0.604141
0.933087 0.599454
0.933563 0.594746
0.93403 0.590019
0.934488 0.585273
0.934936 0.580508
0.935376 0.575726
0.935807 0.570927
0.936229 0.566113
0.936643 0.561284
0.937048 0.556441
0.937444 0.551585
0.937833 0.546717
0.938214 0.541838
0.938586 0.53695
0.938951 0.532052
0.939307 0.527146
0.939657 0.522233
0.939998 0.517314
0.940333 0.51239
0.94066 0.507462
0.940979 0.502531
0.941292 0.497598
0.941597 0.492665
0.941896 0.487731
0.942188 0.482799
0.942473 0.477869
0.942752 0.472942
0.943024 0.46802
0.943289 0.463103
0.943549 0.458193
0.943802 0.453291
0.944049 0.448397
0.944289 0.443512
0.944524 0.438639
0.944753 0.433777
0.944976 0.428928
0.945194 0.424093
0.945406 0.419272
0.945612 0.414468
0.945813 0.40968
0.946009 0.40491
0.946199 0.400158
0.946384 0.395427
0.946564 0.390716
0.946739 0.386026
0.946908 0.381359
0.947073 0.376715
0.947234 0.372096
0.947389 0.367502
0.94754 0.362933
0.947686 0.358391
0.947827 0.353877
0.947964 0.349391
0.948097 0.344934
0.948225 0.340506
0.948349 0.336109
0.948469 0.331744
0.948585 0.32741
0.948696 0.323108
0.948804 0.31884
0.948907 0.314605
0.949007 0.310404
0.949103 0.306238
0.949195 0.302108
0.949284 0.298013
0.949369 0.293954
0.94945 0.289932
0.949528 0.285947
0.949602 0.281999
0.949673 0.278089
0.94974 0.274218
0.949805 0.270385
0.949865 0.26659
0.949923 0.262835
0.949978 0.259118
0.950029 0.255442
0.950078 0.251805
0.950123 0.248207
0.950166 0.24465
0.950205 0.241133
0.950242 0.237656
0.950276 0.234219
0.950307 0.230823
0.950336 0.227466
0.950362 0.224151
0.950385 0.220875
0.950406 0.217641
0.950424 0.214446
0.95044 0.211291
0.950453 0.208177
0.950464 0.205103
0.950472 0.202069
0.950478 0.199074
0.950482 0.19612
0.950484 0.193204
0.950483 0.190328
0.950481 0.187492
0.950476 0.184694
0.950469 0.181935
0.95046 0.179214
0.950449 0.176532
0.950436 0.173887
0.950421 0.17128
0.950404 0.168711
0.950386 0.166179
0.950365 0.163684
0.950343 0.161225
0.950319 0.158803
0.950293 0.156416
0.950265 0.154065
0.950236 0.15175
0.950205 0.149469
0.950173 0.147223
0.950139 0.145011
0.950103 0.142833
0.950066 0.140688
0.950027 0.138577
0.949987 0.136498
0.949946 0.134452
0.949903 0.132438
0.949858 0.130455
0.949813 0.128504
0.949765 0.126583
0.949717 0.124693
0.949667 0.122834
0.949616 0.121004
0.949564 0.119203
0.949511 0.117431
0.949456 0.115688
0.9494 0.113973
0.949343 0.112286
0.949285 0.110626
0.949226 0.108994
0.949166 0.107388
0.949105 0.105808
0.949042 0.104254
0.948979 0.102726
0.948914 0.101223
0.948849 0.0997445
0.948783 0.0982906
0.948715 0.0968607
0.948647 0.0954546
0.948578 0.0940717
0.948508 0.0927118
0.948437 0.0913746
0.948365 0.0900595
0.948293 0.0887664
0.94822 0.0874949
0.948145 0.0862445
0.94807 0.0850151
0.947995 0.0838061
0.947918 0.0826174
0.947841 0.0814486
0.947763 0.0802993
0.947684 0.0791693
0.947605 0.0780581
0.947525 0.0769656
0.947444 0.0758914
0.947362 0.0748352
0.94728 0.0737966
0.947198 0.0727755
0.947114 0.0717714
0.94703 0.0707842
0.946946 0.0698134
0.946861 0.068859
0.946775 0.0679204
0.946689 0.0669976
0.946602 0.0660902
0.946515 0.065198
0.946427 0.0643206
0.946339 0.0634579
0.94625 0.0626095
0.946161 0.0617753
0.946071 0.060955
0.945981 0.0601483
0.94589 0.059355
0.945799 0.0585749
0.945708 0.0578077
0.945616 0.0570532
0.945524 0.0563112
0.945431 0.0555815
0.945338 0.0548638
0.945244 0.054158
0.94515 0.0534638
0.945056 0.052781
0.944961 0.0521094
0.944866 0.0514489
0.944771 0.0507992
0.944675 0.0501601
0.944579 0.0495315
0.944483 0.0489131
0.944386 0.0483048
0.94429 0.0477064
0.944192 0.0471177
0.944095 0.0465385
0.943997 0.0459688
0.943899 0.0454082
0.943801 0.0448567
0.943702 0.0443141
0.943603 0.0437802
0.943504 0.0432549
0.943405 0.042738
0.943305 0.0422293
0.943205 0.0417288
0.943105 0.0412363
0.943005 0.0407516
0.942905 0.0402746
0.942804 0.0398052
0.942703 0.0393432
0.942602 0.0388885
0.942501 0.0384409
0.9424 0.0380004
0.942298 0.0375668
0.942196 0.03714
0.942095 0.0367199
0.941992 0.0363063
0.94189 0.0358992
0.941788 0.0354984
0.941685 0.0351038
0.941583 0.0347153
0.94148 0.0343328
0.941377 0.0339562
0.941274 0.0335854
0.941171 0.0332202
0.941068 0.0328607
0.940964 0.0325066
0.940861 0.032158
0.940757 0.0318146
0.940653 0.0314765
0.94055 0.0311434
0.940446 0.0308154
0.940342 0.0304924
0.940238 0.0301741
0.940134 0.0298607
0.940029 0.0295519
0.939925 0.0292478
0.939821 0.0289482
0.939716 0.028653
0.939612 0.0283622
0.939507 0.0280757
0.939403 0.0277934
0.939298 0.0275153
0.939193 0.0272413
0.939088 0.0269712
0.938984 0.0267052
0.938879 0.026443
0.938774 0.0261846
0.938669 0.0259299
0.938564 0.0256789
0.938459 0.0254316
0.938354 0.0251878
0.938249 0.0249475
0.938144 0.0247107
0.938039 0.0244772
0.937934 0.0242471
0.937828 0.0240202
0.937723 0.0237966
0.937618 0.0235761
0.937513 0.0233587
0.937408 0.0231444
0.937303 0.0229331
0.937198 0.0227248
0.937093 0.0225194
0.936987 0.0223168
0.936882 0.022117
0.936777 0.0219201
0.936672 0.0217258
0.936567 0.0215342
0.936462 0.0213453
0.936357 0.0211589
0.936252 0.0209751
0.936147 0.0207938
0.936042 0.020615
0.935937 0.0204386
0.935832 0.0202646
0.935727 0.0200929
0.935622 0.0199236
0.935517 0.0197566
0.935412 0.0195917
0.935308 0.0194291
0.935203 0.0192687
0.935098 0.0191104
0.934994 0.0189542
0.934889 0.0188
0.934784 0.0186479
0.93468 0.0184978
0.934575 0.0183497
0.934471 0.0182035
0.934367 0.0180592
0.934262 0.0179169
0.934158 0.0177763
0.934054 0.0176376
0.93395 0.0175007
0.933845 0.0173655
0.933741 0.0172321
0.933637 0.0171004
0.933533 0.0169704
0.93343 0.0168421
0.933326 0.0167154
0.933222 0.0165903
0.933118 0.0164667
0.933015 0.0163448
0.932911 0.0162244
0.932808 0.0161055
0.932704 0.0159881
0.932601 0.0158721
0.932498 0.0157577
0.932394 0.0156446
0.932291 0.015533
0.932188 0.0154227
0.932085 0.0153138
0.931982 0.0152062
0.93188 0.0151
0.931777 0.0149951
0.931674 0.0148914
0.931572 0.014789
0.931469 0.0146879
0.931367 0.014588
0.931264 0.0144893
0.931162 0.0143918
0.93106 0.0142955
0.930958 0.0142003
0.930856 0.0141063
0.930754 0.0140134
0.930652 0.0139216
0.93055 0.0138309
0.930449 0.0137413
0.930347 0.0136528
0.930246 0.0135653
0.930144 0.0134788
0.930043 0.0133934
0.929942 0.0133089
0.929841 0.0132255
0.92974 0.013143
0.929639 0.0130615
0.929538 0.0129809
0.929437 0.0129013
0.929337 0.0128225
0.929236 0.0127447
0.929136 0.0126678
0.929035 0.0125918
0.928935 0.0125167
0.928835 0.0124424
0.928735 0.0123689
0.928635 0.0122963
0.928535 0.0122246
0.928436 0.0121536
0.928336 0.0120834
0.928236 0.0120141
0.928137 0.0119455
0.928038 0.0118777
0.927938 0.0118106
0.927839 0.0117443
0.92774 0.0116787
0.927641 0.0116139
0.927543 0.0115498
0.927444 0.0114864
0.927345 0.0114237
0.927247 0.0113617
0.927148 0.0113003
0.92705 0.0112397
0.926952 0.0111797
0.926854 0.0111204
0.926756 0.0110617
0.926658 0.0110036
0.92656 0.0109462
0.926463 0.0108894
0.926365 0.0108332
0.926268 0.0107777
0.92617 0.0107227
0.926073 0.0106683
0.925976 0.0106145
0.925879 0.0105613
0.925782 0.0105086
0.925685 0.0104565
0.925589 0.010405
0.925492 0.010354
0.925396 0.0103036
0.925299 0.0102536
0.925203 0.0102042
0.925107 0.0101554
0.925011 0.010107
0.924915 0.0100592
0.924819 0.0100118
0.924724 0.00996496
0.924628 0.00991859
0.924533 0.0098727
0.924437 0.00982729
0.924342 0.00978236
0.924247 0.00973788
0.924152 0.00969387
0.924057 0.00965031
0.923963 0.00960719
0.923868 0.00956452
0.923773 0.00952229
0.923679 0.00948049
0.923585 0.00943911
0.923491 0.00939816
0.923396 0.00935762
0.923302 0.00931749
0.923209 0.00927777
0.923115 0.00923845
0.923021 0.00919953
0.922928 0.009161
0.922834 0.00912286
0.922741 0.0090851
0.922648 0.00904771
0.922555 0.00901071
0.922462 0.00897407
0.922369 0.00893779
0.922277 0.00890188
0.922184 0.00886632
0.922091 0.00883112
0.921999 0.00879626
0.921907 0.00876175
0.921815 0.00872758
0.921723 0.00869374
0.921631 0.00866024
0.921539 0.00862706
0.921447 0.00859421
0.921356 0.00856169
0.921264 0.00852947
0.921173 0.00849758
0.921082 0.00846599
0.920991 0.00843471
0.9209 0.00840373
0.920809 0.00837306
0.920718 0.00834268
0.920628 0.00831259
0.920537 0.00828279
0.920447 0.00825328
0.920357 0.00822406
0.920266 0.00819511
0.920176 0.00816644
0.920086 0.00813805
0.919997 0.00810992
0.919907 0.00808207
0.919817 0.00805448
0.919728 0.00802715
0.919638 0.00800008
0.919549 0.00797327
0.91946 0.00794671
0.919371 0.00792041
0.919282 0.00789435
0.919193 0.00786853
0.919105 0.00784297
0.919016 0.00781764
0.918928 0.00779255
0.918839 0.00776769
0.918751 0.00774307
0.918663 0.00771867
0.918575 0.00769451
0.918487 0.00767057
0.918399 0.00764685
0.918312 0.00762336
0.918224 0.00760008
0.918137 0.00757702
0.91805 0.00755417
0.917962 0.00753154
0.917875 0.00750911
0.917788 0.00748689
0.917702 0.00746488
0.917615 0.00744307
0.917528 0.00742146
0.917442 0.00740004
0.917355 0.00737883
0.917269 0.00735781
0.917183 0.00733698
0.917097 0.00731635
0.917011 0.0072959
0.916925 0.00727564
0.916839 0.00725556
0.916754 0.00723567
0.916668 0.00721596
0.916583 0.00719642
0.916498 0.00717707
0.916413 0.00715789
0.916327 0.00713889
0.916243 0.00712006
0.916158 0.00710139
0.916073 0.0070829
0.915988 0.00706458
0.915904 0.00704642
0.91582 0.00702842
0.915735 0.00701059
0.915651 0.00699291
0.915567 0.0069754
0.915483 0.00695804
0.915399 0.00694085
0.915316 0.0069238
0.915232 0.00690691
0.915149 0.00689017
0.915065 0.00687358
0.914982 0.00685713
0.914899 0.00684084
0.914816 0.00682469
0.914733 0.00680869
0.91465 0.00679283
0.914567 0.00677711
0.914485 0.00676153
0.914402 0.00674609
0.91432 0.00673078
0.914238 0.00671562
0.914155 0.00670058
0.914073 0.00668569
0.913991 0.00667092
0.91391 0.00665629
0.913828 0.00664178
0.913746 0.00662741
0.913665 0.00661316
0.913583 0.00659904
0.913502 0.00658504
0.913421 0.00657117
0.91334 0.00655742
0.913259 0.0065438
0.913178 0.00653029
0.913097 0.0065169
0.913016 0.00650364
0.912936 0.00649049
0.912855 0.00647745
0.912775 0.00646453
0.912695 0.00645173
0.912615 0.00643904
0.912535 0.00642646
0.912455 0.00641399
0.912375 0.00640163
0.912295 0.00638938
0.912216 0.00637724
0.912136 0.00636521
0.912057 0.00635328
0.911977 0.00634146
0.911898 0.00632974
0.911819 0.00631813
0.91174 0.00630661
0.911661 0.0062952
0.911582 0.0062839
0.911504 0.00627269
0.911425 0.00626158
0.911347 0.00625056
0.911268 0.00623965
0.91119 0.00622883
0.911112 0.00621811
0.911034 0.00620748
0.910956 0.00619694
0.910878 0.0061865
0.9108 0.00617615
0.910723 0.00616589
0.910645 0.00615573
0.910568 0.00614565
0.91049 0.00613566
0.910413 0.00612576
0.910336 0.00611595
0.910259 0.00610622
0.910182 0.00609659
0.910105 0.00608703
0.910028 0.00607756
0.909952 0.00606818
0.909875 0.00605888
0.909799 0.00604966
0.909723 0.00604052
0.909646 0.00603146
0.90957 0.00602249
0.909494 0.00601359
0.909418 0.00600477
0.909342 0.00599604
0.909267 0.00598738
0.909191 0.00597879
0.909115 0.00597029
0.90904 0.00596185
0.908965 0.0059535
0.908889 0.00594522
0.908814 0.00593701
0.908739 0.00592888
0.908664 0.00592082
0.908589 0.00591283
0.908515 0.00590491
0.90844 0.00589707
0.908365 0.00588929
0.908291 0.00588159
0.908217 0.00587395
0.908142 0.00586639
0.908068 0.00585889
0.907994 0.00585146
0.90792 0.00584409
0.907846 0.0058368
0.907772 0.00582956
0.907699 0.0058224
0.907625 0.0058153
0.907552 0.00580826
0.907478 0.00580129
0.907405 0.00579438
0.907332 0.00578754
0.907258 0.00578076
0.907185 0.00577403
0.907112 0.00576738
0.90704 0.00576078
0.906967 0.00575424
0.906894 0.00574776
0.906822 0.00574134
0.906749 0.00573499
0.906677 0.00572869
0.906604 0.00572244
0.906532 0.00571626
0.90646 0.00571013
0.906388 0.00570406
0.906316 0.00569805
0.906244 0.00569209
0.906173 0.00568619
0.906101 0.00568035
0.906029 0.00567456
0.905958 0.00566882
0.905886 0.00566313
0.905815 0.0056575
0.905744 0.00565193
0.905673 0.0056464
0.905602 0.00564093
0.905531 0.00563551
0.90546 0.00563014
0.905389 0.00562483
0.905319 0.00561956
0.905248 0.00561435
0.905178 0.00560918
0.905107 0.00560406
0.905037 0.005599
0.904967 0.00559398
0.904897 0.00558901
0.904827 0.00558409
0.904757 0.00557921
0.904687 0.00557439
0.904617 0.00556961
0.904547 0.00556488
0.904478 0.00556019
0.904408 0.00555555
0.904339 0.00555096
0.904269 0.00554641
0.9042 0.0055419
0.904131 0.00553744
0.904062 0.00553303
0.903993 0.00552866
0.903924 0.00552433
0.903855 0.00552005
0.903786 0.00551581
0.903718 0.00551161
0.903649 0.00550746
0.903581 0.00550334
0.903512 0.00549927
0.903444 0.00549524
0.903376 0.00549125
0.903308 0.00548731
0.90324 0.0054834
0.903172 0.00547954
0.903104 0.00547571
0.903036 0.00547192
0.902968 0.00546818
0.902901 0.00546447
0.902833 0.0054608
0.902766 0.00545717
0.902698 0.00545358
0.902631 0.00545003
0.902564 0.00544651
0.902496 0.00544304
0.902429 0.0054396
0.902362 0.00543619
0.902296 0.00543283
0.902229 0.0054295
0.902162 0.00542621
0.902095 0.00542295
0.902029 0.00541973
0.901962 0.00541654
0.901896 0.00541339
0.90183 0.00541028
0.901763 0.0054072
0.901697 0.00540415
0.901631 0.00540114
0.901565 0.00539817
0.901499 0.00539522
0.901433 0.00539231
0.901368 0.00538944
0.901302 0.00538659
0.901236 0.00538378
0.901171 0.00538101
0.901105 0.00537826
0.90104 0.00537555
0.900975 0.00537287
0.900909 0.00537022
0.900844 0.00536761
0.900779 0.00536502
0.900714 0.00536247
0.900649 0.00535995
0.900584 0.00535745
0.90052 0.00535499
0.900455 0.00535256
0.900391 0.00535016
0.900326 0.00534779
0.900262 0.00534545
0.900197 0.00534314
0.900133 0.00534086
0.900069 0.0053386
0.900005 0.00533638
0.899941 0.00533418
0.899877 0.00533202
0.899813 0.00532988
0.899749 0.00532777
0.899685 0.00532569
0.899621 0.00532363
0.899558 0.00532161
0.899494 0.00531961
0.899431 0.00531764
0.899367 0.00531569
0.899304 0.00531378
0.899241 0.00531189
0.899178 0.00531002
0.899115 0.00530819
0.899052 0.00530638
0.898989 0.00530459
0.898926 0.00530283
0.898863 0.0053011
0.8988 0.00529939
0.898738 0.00529771
0.898675 0.00529605
0.898613 0.00529442
0.89855 0.00529281
0.898488 0.00529123
0.898426 0.00528967
0.898364 0.00528814
0.898301 0.00528663
0.898239 0.00528515
0.898177 0.00528369
0.898115 0.00528225
0.898054 0.00528084
0.897992 0.00527945
0.89793 0.00527808
0.897869 0.00527674
0.897807 0.00527542
0.897745 0.00527412
0.897684 0.00527285
0.897623 0.00527159
0.897561 0.00527037
0.8975 0.00526916
0.897439 0.00526797
0.897378 0.00526681
0.897317 0.00526567
0.897256 0.00526455
0.897195 0.00526345
0.897134 0.00526238
0.897074 0.00526133
0.897013 0.00526029
0.896953 0.00525928
0.896892 0.00525829
0.896832 0.00525732
0.896771 0.00525637
0.896711 0.00525544
0.896651 0.00525453
0.896591 0.00525365
0.89653 0.00525278
0.89647 0.00525193
0.89641 0.0052511
0.896351 0.00525029
0.896291 0.00524951
0.896231 0.00524874
0.896171 0.00524799
0.896112 0.00524726
0.896052 0.00524655
0.895993 0.00524586
0.895933 0.00524518
0.895874 0.00524453
0.895814 0.0052439
0.895755 0.00524328
0.895696 0.00524268
0.895637 0.0052421
0.895578 0.00524154
0.895519 0.005241
0.89546 0.00524047
0.895401 0.00523997
0.895342 0.00523948
0.895284 0.00523901
0.895225 0.00523855
0.895166 0.00523812
0.895108 0.0052377
0.89505 0.0052373
0.894991 0.00523691
0.894933 0.00523655
0.894875 0.0052362
0.894816 0.00523586
0.894758 0.00523555
0.8947 0.00523525
0.894642 0.00523497
0.894584 0.0052347
0.894526 0.00523445
0.894469 0.00523422
0.894411 0.005234
0.894353 0.0052338
0.894295 0.00523361
0.894238 0.00523344
0.89418 0.00523329
0.894123 0.00523315
0.894066 0.00523303
0.894008 0.00523292
0.893951 0.00523283
0.893894 0.00523275
0.893837 0.00523269
0.89378 0.00523265
0.893723 0.00523262
0.893666 0.0052326
0.893609 0.0052326
0.893552 0.00523261
0.893495 0.00523264
0.893438 0.00523268
0.893382 0.00523274
0.893325 0.00523281
0.893269 0.0052329
0.893212 0.005233
0.893156 0.00523312
0.893099 0.00523325
0.893043 0.00523339
0.892987 0.00523355
0.892931 0.00523372
0.892875 0.0052339
0.892819 0.0052341
0.892763 0.00523431
0.892707 0.00523454
0.892651 0.00523478
0.892595 0.00523503
0.892539 0.0052353
0.892484 0.00523557
0.892428 0.00523587
0.892372 0.00523617
0.892317 0.00523649
0.892261 0.00523682
0.892206 0.00523716
0.892151 0.00523752
0.892095 0.00523789
0.89204 0.00523827
0.891985 0.00523867
0.89193 0.00523907
0.891875 0.00523949
0.89182 0.00523992
0.891765 0.00524037
0.89171 0.00524082
0.891655 0.00524129
0.8916 0.00524177
0.891545 0.00524226
0.891491 0.00524277
0.891436 0.00524328
0.891382 0.00524381
0.891327 0.00524435
0.891273 0.0052449
0.891218 0.00524546
0.891164 0.00524604
0.89111 0.00524662
0.891055 0.00524722
0.891001 0.00524783
0.890947 0.00524845
0.890893 0.00524908
0.890839 0.00524972
0.890785 0.00525037
0.890731 0.00525103
0.890677 0.00525171
0.890624 0.00525239
0.89057 0.00525309
0.890516 0.00525379
0.890462 0.00525451
0.890409 0.00525524
0.890355 0.00525598
0.890302 0.00525673
0.890248 0.00525749
0.890195 0.00525825
0.890142 0.00525903
0.890089 0.00525982
0.890035 0.00526062
0.889982 0.00526143
0.889929 0.00526226
0.889876 0.00526309
0.889823 0.00526393
0.88977 0.00526478
0.889717 0.00526564
0.889664 0.00526651
0.889612 0.00526738
0.889559 0.00526827
0.889506 0.00526917
0.889454 0.00527008
0.889401 0.005271
0.889348 0.00527192
0.889296 0.00527286
0.889244 0.00527381
0.889191 0.00527476
0.889139 0.00527573
0.889087 0.0052767
0.889034 0.00527768
0.888982 0.00527867
0.88893 0.00527967
0.888878 0.00528068
0.888826 0.0052817
0.888774 0.00528273
0.888722 0.00528376
0.88867 0.00528481
0.888618 0.00528586
0.888567 0.00528693
0.888515 0.005288
0.888463 0.00528908
0.888412 0.00529016
0.88836 0.00529126
0.888309 0.00529236
0.888257 0.00529348
0.888206 0.0052946
0.888154 0.00529573
0.888103 0.00529687
0.888052 0.00529801
0.888 0.00529917
0.887949 0.00530033
0.887898 0.0053015
0.887847 0.00530268
0.887796 0.00530386
0.887745 0.00530506
0.887694 0.00530626
0.887643 0.00530747
0.887592 0.00530869
0.887541 0.00530991
0.887491 0.00531114
0.88744 0.00531238
0.887389 0.00531363
0.887339 0.00531489
0.887288 0.00531615
0.887238 0.00531742
0.887187 0.0053187
0.887137 0.00531999
0.887086 0.00532128
0.887036 0.00532258
0.886986 0.00532389
0.886936 0.0053252
0.886885 0.00532652
0.886835 0.00532785
0.886785 0.00532919
0.886735 0.00533053
0.886685 0.00533188
0.886635 0.00533324
0.886585 0.0053346
0.886535 0.00533597
0.886485 0.00533735
0.886436 0.00533873
0.886386 0.00534012
0.886336 0.00534152
0.886287 0.00534293
0.886237 0.00534434
0.886187 0.00534576
0.886138 0.00534718
0.886088 0.00534861
0.886039 0.00535005
0.88599 0.00535149
0.88594 0.00535294
0.885891 0.0053544
0.885842 0.00535586
0.885793 0.00535733
0.885743 0.00535881
0.885694 0.00536029
0.885645 0.00536178
0.885596 0.00536327
0.885547 0.00536478
0.885498 0.00536628
0.885449 0.00536779
0.8854 0.00536931
0.885352 0.00537084
0.885303 0.00537237
0.885254 0.00537391
0.885205 0.00537545
0.885157 0.005377
0.885108 0.00537855
0.88506 0.00538011
0.885011 0.00538168
0.884963 0.00538325
0.884914 0.00538483
0.884866 0.00538641
0.884817 0.005388
0.884769 0.00538959
0.884721 0.00539119
0.884673 0.0053928
0.884625 0.00539441
0.884576 0.00539603
0.884528 0.00539765
0.88448 0.00539928
0.884432 0.00540091
0.884384 0.00540255
0.884336 0.00540419
0.884288 0.00540584
0.884241 0.0054075
0.884193 0.00540916
0.884145 0.00541082
0.884097 0.00541249
0.88405 0.00541417
0.884002 0.00541585
0.883954 0.00541753
0.883907 0.00541922
0.883859 0.00542092
0.883812 0.00542262
0.883764 0.00542432
0.883717 0.00542603
0.883669 0.00542775
0.883622 0.00542947
0.883575 0.00543119
0.883528 0.00543292
0.88348 0.00543466
0.883433 0.0054364
0.883386 0.00543814
0.883339 0.00543989
0.883292 0.00544164
0.883245 0.0054434
0.883198 0.00544517
0.883151 0.00544693
0.883104 0.00544871
0.883057 0.00545048
0.88301 0.00545226
0.882964 0.00545405
0.882917 0.00545584
0.88287 0.00545764
0.882824 0.00545944
0.882777 0.00546124
0.88273 0.00546305
0.882684 0.00546486
0.882637 0.00546668
0.882591 0.0054685
0.882544 0.00547032
0.882498 0.00547215
0.882452 0.00547399
0.882405 0.00547583
0.882359 0.00547767
0.882313 0.00547952
0.882266 0.00548137
0.88222 0.00548322
0.882174 0.00548508
0.882128 0.00548695
0.882082 0.00548881
0.882036 0.00549068
0.88199 0.00549256
0.881944 0.00549444
0.881898 0.00549632
0.881852 0.00549821
0.881806 0.0055001
0.88176 0.005502
0.881715 0.0055039
0.881669 0.0055058
0.881623 0.00550771
0.881578 0.00550962
0.881532 0.00551153
0.881486 0.00551345
0.881441 0.00551537
0.881395 0.0055173
0.88135 0.00551923
0.881304 0.00552116
0.881259 0.0055231
0.881213 0.00552504
0.881168 0.00552698
0.881123 0.00552893
0.881077 0.00553088
0.881032 0.00553283
0.880987 0.00553479
0.880942 0.00553675
0.880897 0.00553872
0.880852 0.00554069
0.880807 0.00554266
0.880761 0.00554464
0.880716 0.00554661
0.880671 0.0055486
0.880627 0.00555058
0.880582 0.00555257
0.880537 0.00555456
0.880492 0.00555656
0.880447 0.00555856
0.880402 0.00556056
0.880358 0.00556257
0.880313 0.00556458
0.880268 0.00556659
0.880224 0.00556861
0.880179 0.00557062
0.880134 0.00557265
0.88009 0.00557467
0.880045 0.0055767
0.880001 0.00557873
0.879956 0.00558077
0.879912 0.0055828
0.879868 0.00558484
0.879823 0.00558689
0.879779 0.00558893
0.879735 0.00559098
0.879691 0.00559304
0.879646 0.00559509
0.879602 0.00559715
0.879558 0.00559921
0.879514 0.00560128
0.87947 0.00560334
0.879426 0.00560542
0.879382 0.00560749
0.879338 0.00560956
0.879294 0.00561164
0.87925 0.00561373
0.879206 0.00561581
0.879162 0.0056179
0.879118 0.00561999
0.879074 0.00562208
0.879031 0.00562418
0.878987 0.00562628
0.878943 0.00562838
0.8789 0.00563048
0.878856 0.00563259
0.878812 0.0056347
0.878769 0.00563681
0.878725 0.00563892
0.878682 0.00564104
0.878638 0.00564316
0.878595 0.00564528
0.878551 0.00564741
0.878508 0.00564953
0.878465 0.00565166
0.878421 0.0056538
0.878378 0.00565593
0.878335 0.00565807
0.878291 0.00566021
0.878248 0.00566235
0.878205 0.0056645
0.878162 0.00566665
0.878119 0.0056688
0.878076 0.00567095
0.878033 0.0056731
0.87799 0.00567526
0.877947 0.00567742
0.877904 0.00567958
0.877861 0.00568175
0.877818 0.00568391
0.877775 0.00568608
0.877732 0.00568825
0.877689 0.00569043
0.877646 0.0056926
0.877604 0.00569478
0.877561 0.00569696
0.877518 0.00569914
0.877475 0.00570133
0.877433 0.00570352
0.87739 0.00570571
0.877348 0.0057079
0.877305 0.00571009
0.877262 0.00571229
0.87722 0.00571449
0.877177 0.00571669
0.877135 0.00571889
0.877092 0.00572109
0.87705 0.0057233
0.877008 0.00572551
0.876965 0.00572772
0.876923 0.00572993
0.876881 0.00573215
0.876838 0.00573436
0.876796 0.00573658
0.876754 0.0057388
0.876712 0.00574103
0.87667 0.00574325
0.876628 0.00574548
0.876585 0.00574771
0.876543 0.00574994
0.876501 0.00575217
0.876459 0.00575441
0.876417 0.00575664
0.876375 0.00575888
0.876333 0.00576112
0.876291 0.00576336
0.87625 0.00576561
0.876208 0.00576785
0.876166 0.0057701
0.876124 0.00577235
0.876082 0.0057746
0.876041 0.00577686
0.875999 0.00577911
0.875957 0.00578137
0.875915 0.00578363
0.875874 0.00578589
0.875832 0.00578815
0.875791 0.00579042
0.875749 0.00579268
0.875707 0.00579495
0.875666 0.00579722
0.875624 0.00579949
0.875583 0.00580177
0.875542 0.00580404
0.8755 0.00580632
0.875459 0.00580859
0.875417 0.00581087
0.875376 0.00581316
0.875335 0.00581544
0.875293 0.00581772
0.875252 0.00582001
0.875211 0.0058223
0.87517 0.00582459
0.875129 0.00582688
0.875087 0.00582917
0.875046 0.00583147
0.875005 0.00583376
0.874964 0.00583606
0.874923 0.00583836
0.874882 0.00584066
0.874841 0.00584296
0.8748 0.00584527
0.874759 0.00584757
0.874718 0.00584988
0.874677 0.00585219
0.874636 0.0058545
0.874595 0.00585681
0.874554 0.00585912
0.874514 0.00586144
0.874473 0.00586375
0.874432 0.00586607
0.874391 0.00586839
0.874351 0.00587071
0.87431 0.00587303
0.874269 0.00587535
0.874228 0.00587768
0.874188 0.00588
0.874147 0.00588233
0.874107 0.00588466
0.874066 0.00588699
0.874026 0.00588932
0.873985 0.00589165
0.873944 0.00589399
0.873904 0.00589632
0.873864 0.00589866
0.873823 0.005901
0.873783 0.00590334
0.873742 0.00590568
0.873702 0.00590802
0.873662 0.00591036
0.873621 0.00591271
0.873581 0.00591505
0.873541 0.0059174
0.873501 0.00591975
0.87346 0.0059221
0.87342 0.00592445
0.87338 0.0059268
0.87334 0.00592916
0.8733 0.00593151
0.87326 0.00593387
0.873219 0.00593622
0.873179 0.00593858
0.873139 0.00594094
0.873099 0.0059433
0.873059 0.00594566
0.873019 0.00594803
0.872979 0.00595039
0.872939 0.00595276
0.872899 0.00595512
0.87286 0.00595749
0.87282 0.00595986
0.87278 0.00596223
0.87274 0.0059646
0.8727 0.00596698
0.87266 0.00596935
0.872621 0.00597172
0.872581 0.0059741
0.872541 0.00597648
0.872501 0.00597886
0.872462 0.00598123
0.872422 0.00598361
0.872382 0.005986
0.872343 0.00598838
0.872303 0.00599076
0.872264 0.00599315
0.872224 0.00599553
0.872185 0.00599792
0.872145 0.00600031
0.872106 0.0060027
0.872066 0.00600508
0.872027 0.00600748
0.871987 0.00600987
0.871948 0.00601226
0.871908 0.00601465
0.871869 0.00601705
0.87183 0.00601944
0.87179 0.00602184
0.871751 0.00602424
0.871712 0.00602664
0.871672 0.00602904
0.871633 0.00603144
0.871594 0.00603384
0.871555 0.00603624
0.871515 0.00603865
0.871476 0.00604105
0.871437 0.00604346
0.871398 0.00604586
0.871359 0.00604827
0.87132 0.00605068
0.871281 0.00605309
0.871242 0.0060555
0.871202 0.00605791
0.871163 0.00606032
0.871124 0.00606273
0.871085 0.00606515
0.871046 0.00606756
0.871007 0.00606998
0.870969 0.0060724
0.87093 0.00607481
0.870891 0.00607723
0.870852 0.00607965
0.870813 0.00608207
0.870774 0.00608449
0.870735 0.00608691
0.870697 0.00608933
0.870658 0.00609176
0.870619 0.00609418
0.87058 0.00609661
0.870541 0.00609903
0.870503 0.00610146
0.870464 0.00610389
0.870425 0.00610632
0.870387 0.00610874
0.870348 0.00611117
0.870309 0.00611361
0.870271 0.00611604
0.870232 0.00611847
0.870194 0.0061209
0.870155 0.00612334
0.870117 0.00612577
0.870078 0.00612821
0.87004 0.00613064
0.870001 0.00613308
0.869963 0.00613552
0.869924 0.00613796
0.869886 0.0061404
0.869847 0.00614284
0.869809 0.00614528
0.869771 0.00614772
0.869732 0.00615016
0.869694 0.0061526
0.869655 0.00615505
0.869617 0.00615749
0.869579 0.00615994
0.869541 0.00616238
0.869502 0.00616483
0.869464 0.00616728
0.869426 0.00616973
0.869388 0.00617217
0.869349 0.00617462
0.869311 0.00617707
0.869273 0.00617952
0.869235 0.00618198
0.869197 0.00618443
0.869159 0.00618688
0.869121 0.00618934
0.869082 0.00619179
0.869044 0.00619424
0.869006 0.0061967
0.868968 0.00619916
0.86893 0.00620161
0.868892 0.00620407
0.868854 0.00620653
0.868816 0.00620899
0.868778 0.00621145
0.86874 0.00621391
0.868702 0.00621637
0.868665 0.00621883
0.868627 0.00622129
0.868589 0.00622376
0.868551 0.00622622
0.868513 0.00622868
0.868475 0.00623115
0.868437 0.00623362
0.8684 0.00623608
0.868362 0.00623855
0.868324 0.00624102
0.868286 0.00624348
0.868249 0.00624595
0.868211 0.00624842
0.868173 0.00625089
0.868135 0.00625336
0.868098 0.00625583
0.86806 0.0062583
0.868022 0.00626078
0.867985 0.00626325
0.867947 0.00626572
0.86791 0.0062682
0.867872 0.00627067
0.867834 0.00627315
0.867797 0.00627562
0.867759 0.0062781
0.867722 0.00628057
0.867684 0.00628305
0.867647 0.00628553
0.867609 0.00628801
0.867572 0.00629049
0.867534 0.00629297
0.867497 0.00629545
0.867459 0.00629793
0.867422 0.00630041
0.867384 0.00630289
0.867347 0.00630537
0.86731 0.00630786
0.867272 0.00631034
0.867235 0.00631282
0.867198 0.00631531
0.86716 0.00631779
0.867123 0.00632028
0.867086 0.00632277
0.867048 0.00632525
0.867011 0.00632774
0.866974 0.00633023
0.866936 0.00633272
0.866899 0.00633521
0.866862 0.00633769
0.866825 0.00634018
0.866788 0.00634267
0.86675 0.00634517
0.866713 0.00634766
0.866676 0.00635015
0.866639 0.00635264
0.866602 0.00635513
0.866565 0.00635763
0.866528 0.00636012
0.86649 0.00636262
0.866453 0.00636511
0.866416 0.00636761
0.866379 0.0063701
0.866342 0.0063726
0.866305 0.0063751
0.866268 0.00637759
0.866231 0.00638009
0.866194 0.00638259
0.866157 0.00638509
0.86612 0.00638759
0.866083 0.00639009
0.866046 0.00639259
0.866009 0.00639509
0.865972 0.00639759
0.865935 0.00640009
0.865899 0.0064026
0.865862 0.0064051
0.865825 0.0064076
0.865788 0.00641011
0.865751 0.00641261
0.865714 0.00641512
0.865677 0.00641762
0.865641 0.00642013
0.865604 0.00642263
0.865567 0.00642514
0.86553 0.00642765
0.865493 0.00643015
0.865457 0.00643266
0.86542 0.00643517
0.865383 0.00643768
0.865346 0.00644019
0.86531 0.0064427
0.865273 0.00644521
0.865236 0.00644772
0.8652 0.00645023
0.865163 0.00645274
0.865126 0.00645526
0.86509 0.00645777
0.865053 0.00646028
0.865016 0.0064628
0.86498 0.00646531
0.864943 0.00646782
0.864907 0.00647034
0.86487 0.00647285
0.864833 0.00647537
0.864797 0.00647789
0.86476 0.0064804
0.864724 0.00648292
0.864687 0.00648544
0.864651 0.00648796
0.864614 0.00649047
0.864578 0.00649299
0.864541 0.00649551
0.864505 0.00649803
0.864468 0.00650055
0.864432 0.00650307
0.864395 0.00650559
0.864359 0.00650811
0.864322 0.00651064
0.864286 0.00651316
0.864249 0.00651568
0.864213 0.0065182
0.864177 0.00652073
0.86414 0.00652325
0.864104 0.00652578
0.864068 0.0065283
0.864031 0.00653083
0.863995 0.00653335
0.863959 0.00653588
0.863922 0.00653841
0.863886 0.00654093
0.86385 0.00654346
0.863813 0.00654599
0.863777 0.00654852
0.863741 0.00655105
0.863704 0.00655357
0.863668 0.0065561
0.863632 0.00655863
0.863596 0.00656116
0.863559 0.0065637
0.863523 0.00656623
0.863487 0.00656876
0.863451 0.00657129
0.863415 0.00657382
0.863378 0.00657636
0.863342 0.00657889
0.863306 0.00658142
0.86327 0.00658396
0.863234 0.00658649
0.863197 0.00658903
0.863161 0.00659156
0.863125 0.0065941
0.863089 0.00659663
0.863053 0.00659917
0.863017 0.00660171
0.862981 0.00660425
0.862945 0.00660678
0.862909 0.00660932
0.862872 0.00661186
0.862836 0.0066144
0.8628 0.00661694
0.862764 0.00661948
0.862728 0.00662202
0.862692 0.00662456
0.862656 0.0066271
0.86262 0.00662965
0.862584 0.00663219
0.862548 0.00663473
0.862512 0.00663727
0.862476 0.00663982
0.86244 0.00664236
0.862404 0.0066449
0.862368 0.00664745
0.862332 0.00664999
0.862296 0.00665254
0.86226 0.00665509
0.862224 0.00665763
0.862188 0.00666018
0.862153 0.00666273
0.862117 0.00666527
0.862081 0.00666782
0.862045 0.00667037
0.862009 0.00667292
0.861973 0.00667547
0.861937 0.00667802
0.861901 0.00668057
0.861865 0.00668312
0.86183 0.00668567
0.861794 0.00668822
0.861758 0.00669077
0.861722 0.00669332
0.861686 0.00669588
0.86165 0.00669843
0.861614 0.00670098
0.861579 0.00670354
0.861543 0.00670609
0.861507 0.00670865
0.861471 0.0067112
0.861435 0.00671376
0.8614 0.00671631
0.861364 0.00671887
0.861328 0.00672143
0.861292 0.00672398
0.861257 0.00672654
0.861221 0.0067291
0.861185 0.00673166
0.861149 0.00673422
0.861114 0.00673678
0.861078 0.00673934
0.861042 0.0067419
0.861006 0.00674446
0.860971 0.00674702
0.860935 0.00674958
0.860899 0.00675214
0.860864 0.00675471
0.860828 0.00675727
0.860792 0.00675983
0.860757 0.0067624
0.860721 0.00676496
0.860685 0.00676752
0.86065 0.00677009
0.860614 0.00677265
0.860578 0.00677522
0.860543 0.00677779
0.860507 0.00678035
0.860471 0.00678292
0.860436 0.00678549
0.8604 0.00678806
0.860364 0.00679063
0.860329 0.00679319
0.860293 0.00679576
0.860258 0.00679833
0.860222 0.0068009
0.860186 0.00680347
0.860151 0.00680605
0.860115 0.00680862
0.86008 0.00681119
0.860044 0.00681376
0.860008 0.00681634
0.859973 0.00681891
0.859937 0.00682148
0.859902 0.00682406
0.859866 0.00682663
0.859831 0.00682921
0.859795 0.00683178
0.85976 0.00683436
0.859724 0.00683694
0.859689 0.00683951
0.859653 0.00684209
0.859617 0.00684467
0.859582 0.00684725
0.859546 0.00684983
0.859511 0.00685241
0.859475 0.00685499
0.85944 0.00685757
0.859404 0.00686015
0.859369 0.00686273
0.859333 0.00686531
0.859298 0.00686789
0.859262 0.00687047
0.859227 0.00687306
0.859191 0.00687564
0.859156 0.00687823
0.85912 0.00688081
0.859085 0.00688339
0.85905 0.00688598
0.859014 0.00688857
0.858979 0.00689115
0.858943 0.00689374
0.858908 0.00689633
0.858872 0.00689891
0.858837 0.0069015
0.858801 0.00690409
0.858766 0.00690668
0.858731 0.00690927
0.858695 0.00691186
0.85866 0.00691445
0.858624 0.00691704
0.858589 0.00691964
0.858553 0.00692223
0.858518 0.00692482
0.858483 0.00692741
0.858447 0.00693001
0.858412 0.0069326
0.858376 0.0069352
0.858341 0.00693779
0.858305 0.00694039
0.85827 0.00694298
0.858235 0.00694558
0.858199 0.00694818
0.858164 0.00695078
0.858129 0.00695338
0.858093 0.00695597
0.858058 0.00695857
0.858022 0.00696117
0.857987 0.00696377
0.857952 0.00696637
0.857916 0.00696898
0.857881 0.00697158
0.857845 0.00697418
0.85781 0.00697678
0.857775 0.00697939
0.857739 0.00698199
0.857704 0.0069846
0.857669 0.0069872
0.857633 0.00698981
0.857598 0.00699241
0.857563 0.00699502
0.857527 0.00699763
0.857492 0.00700023
0.857456 0.00700284
0.857421 0.00700545
0.857386 0.00700806
0.85735 0.00701067
0.857315 0.00701328
0.85728 0.00701589
0.857244 0.0070185
0.857209 0.00702112
0.857174 0.00702373
0.857138 0.00702634
0.857103 0.00702896
0.857068 0.00703157
0.857032 0.00703418
0.856997 0.0070368
0.856962 0.00703942
0.856926 0.00704203
0.856891 0.00704465
0.856856 0.00704727
0.85682 0.00704989
0.856785 0.0070525
0.85675 0.00705512
0.856714 0.00705774
0.856679 0.00706036
0.856644 0.00706299
0.856608 0.00706561
0.856573 0.00706823
0.856538 0.00707085
0.856502 0.00707348
0.856467 0.0070761
0.856432 0.00707872
0.856396 0.00708135
0.856361 0.00708398
0.856326 0.0070866
0.85629 0.00708923
0.856255 0.00709186
0.85622 0.00709448
0.856184 0.00709711
0.856149 0.00709974
0.856114 0.00710237
0.856078 0.007105
0.856043 0.00710763
0.856008 0.00711027
0.855972 0.0071129
0.855937 0.00711553
0.855902 0.00711817
0.855866 0.0071208
0.855831 0.00712343
0.855796 0.00712607
0.85576 0.00712871
0.855725 0.00713134
0.85569 0.00713398
0.855654 0.00713662
0.855619 0.00713926
0.855584 0.0071419
0.855548 0.00714454
0.855513 0.00714718
0.855478 0.00714982
0.855442 0.00715246
0.855407 0.0071551
0.855372 0.00715774
0.855336 0.00716039
0.855301 0.00716303
0.855266 0.00716568
0.85523 0.00716832
0.855195 0.00717097
0.85516 0.00717362
0.855124 0.00717626
0.855089 0.00717891
0.855054 0.00718156
0.855018 0.00718421
0.854983 0.00718686
0.854948 0.00718951
0.854912 0.00719216
0.854877 0.00719482
0.854841 0.00719747
0.854806 0.00720012
0.854771 0.00720278
0.854735 0.00720543
0.8547 0.00720809
0.854665 0.00721075
0.854629 0.0072134
0.854594 0.00721606
0.854558 0.00721872
0.854523 0.00722138
0.854488 0.00722404
0.854452 0.0072267
0.854417 0.00722936
0.854382 0.00723202
0.854346 0.00723468
0.854311 0.00723735
0.854275 0.00724001
0.85424 0.00724268
0.854205 0.00724534
0.854169 0.00724801
0.854134 0.00725068
0.854098 0.00725334
0.854063 0.00725601
0.854028 0.00725868
0.853992 0.00726135
0.853957 0.00726402
0.853921 0.00726669
0.853886 0.00726936
0.853851 0.00727204
0.853815 0.00727471
0.85378 0.00727739
0.853744 0.00728006
0.853709 0.00728274
0.853673 0.00728541
0.853638 0.00728809
0.853602 0.00729077
0.853567 0.00729345
0.853532 0.00729613
0.853496 0.00729881
0.853461 0.00730149
0.853425 0.00730417
0.85339 0.00730685
0.853354 0.00730954
0.853319 0.00731222
0.853283 0.00731491
0.853248 0.00731759
0.853212 0.00732028
0.853177 0.00732297
0.853141 0.00732565
0.853106 0.00732834
0.85307 0.00733103
0.853035 0.00733372
0.852999 0.00733641
0.852964 0.00733911
0.852928 0.0073418
0.852893 0.00734449
0.852857 0.00734719
0.852822 0.00734988
0.852786 0.00735258
0.852751 0.00735528
0.852715 0.00735797
0.85268 0.00736067
0.852644 0.00736337
0.852609 0.00736607
0.852573 0.00736877
0.852538 0.00737148
0.852502 0.00737418
0.852466 0.00737688
0.852431 0.00737959
0.852395 0.00738229
0.85236 0.007385
0.852324 0.00738771
0.852289 0.00739041
0.852253 0.00739312
0.852217 0.00739583
0.852182 0.00739854
0.852146 0.00740125
0.85211 0.00740397
0.852075 0.00740668
0.852039 0.00740939
0.852004 0.00741211
0.851968 0.00741482
0.851932 0.00741754
0.851897 0.00742026
0.851861 0.00742298
0.851825 0.0074257
0.85179 0.00742842
0.851754 0.00743114
0.851718 0.00743386
0.851683 0.00743658
0.851647 0.00743931
0.851611 0.00744203
0.851576 0.00744476
0.85154 0.00744748
0.851504 0.00745021
0.851469 0.00745294
0.851433 0.00745567
0.851397 0.0074584
0.851361 0.00746113
0.851326 0.00746386
0.85129 0.00746659
0.851254 0.00746933
0.851218 0.00747206
0.851183 0.0074748
0.851147 0.00747753
0.851111 0.00748027
0.851075 0.00748301
0.85104 0.00748575
0.851004 0.00748849
0.850968 0.00749123
0.850932 0.00749397
0.850896 0.00749672
0.85086 0.00749946
0.850825 0.00750221
0.850789 0.00750495
0.850753 0.0075077
0.850717 0.00751045
0.850681 0.0075132
0.850645 0.00751595
0.85061 0.0075187
0.850574 0.00752145
0.850538 0.00752421
0.850502 0.00752696
0.850466 0.00752972
0.85043 0.00753247
0.850394 0.00753523
0.850358 0.00753799
0.850322 0.00754075
0.850287 0.00754351
0.850251 0.00754627
0.850215 0.00754903
0.850179 0.00755179
0.850143 0.00755456
0.850107 0.00755732
0.850071 0.00756009
0.850035 0.00756286
0.849999 0.00756563
0.849963 0.0075684
0.849927 0.00757117
0.849891 0.00757394
0.849855 0.00757671
0.849819 0.00757948
0.849783 0.00758226
0.849747 0.00758504
0.849711 0.00758781
0.849675 0.00759059
0.849638 0.00759337
0.849602 0.00759615
0.849566 0.00759893
0.84953 0.00760171
0.849494 0.0076045
0.849458 0.00760728
0.849422 0.00761007
0.849386 0.00761285
0.84935 0.00761564
0.849314 0.00761843
0.849277 0.00762122
0.849241 0.00762401
0.849205 0.00762681
0.849169 0.0076296
0.849133 0.00763239
0.849096 0.00763519
0.84906 0.00763799
0.849024 0.00764078
0.848988 0.00764358
0.848952 0.00764638
0.848915 0.00764919
0.848879 0.00765199
0.848843 0.00765479
0.848807 0.0076576
0.84877 0.0076604
0.848734 0.00766321
0.848698 0.00766602
0.848661 0.00766883
0.848625 0.00767164
0.848589 0.00767445
0.848552 0.00767726
0.848516 0.00768008
0.84848 0.00768289
0.848443 0.00768571
0.848407 0.00768853
0.848371 0.00769135
0.848334 0.00769417
0.848298 0.00769699
0.848261 0.00769981
0.848225 0.00770264
0.848189 0.00770546
0.848152 0.00770829
0.848116 0.00771111
0.848079 0.00771394
0.848043 0.00771677
0.848006 0.0077196
0.84797 0.00772244
0.847933 0.00772527
0.847897 0.00772811
0.84786 0.00773094
0.847824 0.00773378
0.847787 0.00773662
0.847751 0.00773946
0.847714 0.0077423
0.847677 0.00774514
0.847641 0.00774799
0.847604 0.00775083
0.847568 0.00775368
0.847531 0.00775652
0.847494 0.00775937
0.847458 0.00776222
0.847421 0.00776508
0.847384 0.00776793
0.847348 0.00777078
0.847311 0.00777364
0.847274 0.00777649
0.847238 0.00777935
0.847201 0.00778221
0.847164 0.00778507
0.847127 0.00778793
0.847091 0.0077908
0.847054 0.00779366
0.847017 0.00779653
0.84698 0.0077994
0.846944 0.00780226
0.846907 0.00780513
0.84687 0.00780801
0.846833 0.00781088
0.846796 0.00781375
0.846759 0.00781663
0.846722 0.00781951
0.846686 0.00782238
0.846649 0.00782526
0.846612 0.00782814
0.846575 0.00783103
0.846538 0.00783391
0.846501 0.0078368
0.846464 0.00783968
0.846427 0.00784257
0.84639 0.00784546
0.846353 0.00784835
0.846316 0.00785124
0.846279 0.00785414
0.846242 0.00785703
0.846205 0.00785993
0.846168 0.00786283
0.846131 0.00786572
0.846094 0.00786863
0.846057 0.00787153
0.846019 0.00787443
0.845982 0.00787734
0.845945 0.00788024
0.845908 0.00788315
0.845871 0.00788606
0.845834 0.00788897
0.845796 0.00789188
0.845759 0.0078948
0.845722 0.00789771
0.845685 0.00790063
0.845648 0.00790355
0.84561 0.00790647
0.845573 0.00790939
0.845536 0.00791231
0.845498 0.00791524
0.845461 0.00791816
0.845424 0.00792109
0.845386 0.00792402
0.845349 0.00792695
0.845312 0.00792988
0.845274 0.00793282
0.845237 0.00793575
0.845199 0.00793869
0.845162 0.00794163
0.845125 0.00794457
0.845087 0.00794751
0.84505 0.00795045
0.845012 0.00795339
0.844975 0.00795634
0.844937 0.00795929
0.8449 0.00796224
0.844862 0.00796519
0.844825 0.00796814
0.844787 0.00797109
0.844749 0.00797405
0.844712 0.00797701
0.844674 0.00797997
0.844636 0.00798293
0.844599 0.00798589
0.844561 0.00798885
0.844523 0.00799182
0.844486 0.00799478
0.844448 0.00799775
0.84441 0.00800072
0.844373 0.00800369
0.844335 0.00800667
0.844297 0.00800964
0.844259 0.00801262
0.844221 0.0080156
0.844184 0.00801858
0.844146 0.00802156
0.844108 0.00802454
0.84407 0.00802753
0.844032 0.00803051
0.843994 0.0080335
0.843956 0.00803649
0.843918 0.00803948
0.84388 0.00804248
0.843842 0.00804547
0.843805 0.00804847
0.843767 0.00805147
0.843728 0.00805447
0.84369 0.00805747
0.843652 0.00806048
0.843614 0.00806348
0.843576 0.00806649
0.843538 0.0080695
0.8435 0.00807251
0.843462 0.00807552
0.843424 0.00807854
0.843386 0.00808155
0.843347 0.00808457
0.843309 0.00808759
0.843271 0.00809061
0.843233 0.00809363
0.843194 0.00809666
0.843156 0.00809969
0.843118 0.00810271
0.84308 0.00810574
0.843041 0.00810878
0.843003 0.00811181
0.842965 0.00811485
0.842926 0.00811788
0.842888 0.00812092
0.842849 0.00812397
0.842811 0.00812701
0.842773 0.00813005
0.842734 0.0081331
0.842696 0.00813615
0.842657 0.0081392
0.842619 0.00814225
0.84258 0.00814531
0.842541 0.00814836
0.842503 0.00815142
0.842464 0.00815448
0.842426 0.00815754
0.842387 0.00816061
0.842348 0.00816367
0.84231 0.00816674
0.842271 0.00816981
0.842232 0.00817288
0.842194 0.00817596
0.842155 0.00817903
0.842116 0.00818211
0.842077 0.00818519
0.842038 0.00818827
0.842 0.00819135
0.841961 0.00819444
0.841922 0.00819753
0.841883 0.00820061
0.841844 0.00820371
0.841805 0.0082068
0.841766 0.00820989
0.841727 0.00821299
0.841688 0.00821609
0.841649 0.00821919
0.84161 0.00822229
0.841571 0.0082254
0.841532 0.00822851
0.841493 0.00823162
0.841454 0.00823473
0.841415 0.00823784
0.841376 0.00824096
0.841337 0.00824407
0.841298 0.00824719
0.841258 0.00825031
0.841219 0.00825344
0.84118 0.00825656
0.841141 0.00825969
0.841101 0.00826282
0.841062 0.00826595
0.841023 0.00826909
0.840983 0.00827222
0.840944 0.00827536
0.840905 0.0082785
0.840865 0.00828164
0.840826 0.00828479
0.840786 0.00828793
0.840747 0.00829108
0.840707 0.00829423
0.840668 0.00829739
0.840628 0.00830054
0.840589 0.0083037
0.840549 0.00830686
0.84051 0.00831002
0.84047 0.00831318
0.84043 0.00831635
0.840391 0.00831952
0.840351 0.00832269
0.840311 0.00832586
0.840272 0.00832904
0.840232 0.00833221
0.840192 0.00833539
0.840152 0.00833857
0.840112 0.00834176
0.840073 0.00834494
0.840033 0.00834813
0.839993 0.00835132
0.839953 0.00835451
0.839913 0.00835771
0.839873 0.00836091
0.839833 0.00836411
0.839793 0.00836731
0.839753 0.00837051
0.839713 0.00837372
0.839673 0.00837693
0.839633 0.00838014
0.839593 0.00838335
0.839553 0.00838657
0.839512 0.00838978
0.839472 0.008393
0.839432 0.00839623
0.839392 0.00839945
0.839351 0.00840268
0.839311 0.00840591
0.839271 0.00840914
0.839231 0.00841237
0.83919 0.00841561
0.83915 0.00841885
0.839109 0.00842209
0.839069 0.00842534
0.839029 0.00842858
0.838988 0.00843183
0.838948 0.00843508
0.838907 0.00843834
0.838866 0.00844159
0.838826 0.00844485
0.838785 0.00844811
0.838745 0.00845137
0.838704 0.00845464
0.838663 0.00845791
0.838623 0.00846118
0.838582 0.00846445
0.838541 0.00846773
0.8385 0.00847101
0.83846 0.00847429
0.838419 0.00847757
0.838378 0.00848085
0.838337 0.00848414
0.838296 0.00848743
0.838255 0.00849073
0.838214 0.00849402
0.838173 0.00849732
0.838132 0.00850062
0.838091 0.00850392
0.83805 0.00850723
0.838009 0.00851054
0.837968 0.00851385
0.837927 0.00851716
0.837886 0.00852048
0.837845 0.0085238
0.837803 0.00852712
0.837762 0.00853044
0.837721 0.00853377
0.83768 0.0085371
0.837638 0.00854043
0.837597 0.00854377
0.837556 0.0085471
0.837514 0.00855044
0.837473 0.00855379
0.837431 0.00855713
0.83739 0.00856048
0.837348 0.00856383
0.837307 0.00856718
0.837265 0.00857054
0.837224 0.0085739
0.837182 0.00857726
0.83714 0.00858062
0.837099 0.00858399
0.837057 0.00858736
0.837015 0.00859073
0.836973 0.00859411
0.836932 0.00859748
0.83689 0.00860086
0.836848 0.00860425
0.836806 0.00860763
0.836764 0.00861102
0.836722 0.00861441
0.83668 0.00861781
0.836638 0.00862121
0.836596 0.00862461
0.836554 0.00862801
0.836512 0.00863142
0.83647 0.00863482
0.836428 0.00863824
0.836386 0.00864165
0.836344 0.00864507
0.836301 0.00864849
0.836259 0.00865191
0.836217 0.00865534
0.836174 0.00865876
0.836132 0.0086622
0.83609 0.00866563
0.836047 0.00866907
0.836005 0.00867251
0.835962 0.00867595
0.83592 0.0086794
0.835877 0.00868285
0.835835 0.0086863
0.835792 0.00868975
0.83575 0.00869321
0.835707 0.00869667
0.835664 0.00870014
0.835622 0.0087036
0.835579 0.00870707
0.835536 0.00871055
0.835493 0.00871402
0.835451 0.0087175
0.835408 0.00872098
0.835365 0.00872447
0.835322 0.00872796
0.835279 0.00873145
0.835236 0.00873494
0.835193 0.00873844
0.83515 0.00874194
0.835107 0.00874545
0.835064 0.00874895
0.83502 0.00875246
0.834977 0.00875598
0.834934 0.00875949
0.834891 0.00876301
0.834848 0.00876653
0.834804 0.00877006
0.834761 0.00877359
0.834718 0.00877712
0.834674 0.00878065
0.834631 0.00878419
0.834587 0.00878773
0.834544 0.00879128
0.8345 0.00879483
0.834457 0.00879838
0.834413 0.00880193
0.834369 0.00880549
0.834326 0.00880905
0.834282 0.00881261
0.834238 0.00881618
0.834194 0.00881975
0.834151 0.00882333
0.834107 0.0088269
0.834063 0.00883048
0.834019 0.00883407
0.833975 0.00883766
0.833931 0.00884125
0.833887 0.00884484
0.833843 0.00884844
0.833799 0.00885204
0.833755 0.00885564
0.833711 0.00885925
0.833666 0.00886286
0.833622 0.00886647
0.833578 0.00887009
0.833534 0.00887371
0.833489 0.00887734
0.833445 0.00888096
0.833401 0.0088846
0.833356 0.00888823
0.833312 0.00889187
0.833267 0.00889551
0.833223 0.00889915
0.833178 0.0089028
0.833133 0.00890646
0.833089 0.00891011
0.833044 0.00891377
0.832999 0.00891743
0.832955 0.0089211
0.83291 0.00892477
0.832865 0.00892844
0.83282 0.00893212
0.832775 0.0089358
0.83273 0.00893948
0.832685 0.00894317
0.83264 0.00894686
0.832595 0.00895056
0.83255 0.00895426
0.832505 0.00895796
0.83246 0.00896166
0.832415 0.00896537
0.832369 0.00896909
0.832324 0.0089728
0.832279 0.00897652
0.832233 0.00898025
0.832188 0.00898397
0.832143 0.00898771
0.832097 0.00899144
0.832052 0.00899518
0.832006 0.00899892
0.83196 0.00900267
0.831915 0.00900642
0.831869 0.00901017
0.831823 0.00901393
0.831778 0.00901769
0.831732 0.00902146
0.831686 0.00902523
0.83164 0.009029
0.831594 0.00903278
0.831548 0.00903656
0.831502 0.00904034
0.831456 0.00904413
0.83141 0.00904792
0.831364 0.00905172
0.831318 0.00905552
0.831272 0.00905932
0.831226 0.00906313
0.831179 0.00906694
0.831133 0.00907076
0.831087 0.00907458
0.83104 0.0090784
0.830994 0.00908223
0.830947 0.00908606
0.830901 0.0090899
0.830854 0.00909374
0.830808 0.00909758
0.830761 0.00910143
0.830714 0.00910528
0.830668 0.00910914
0.830621 0.009113
0.830574 0.00911686
0.830527 0.00912073
0.83048 0.0091246
0.830433 0.00912848
0.830386 0.00913236
0.830339 0.00913624
0.830292 0.00914013
0.830245 0.00914403
0.830198 0.00914792
0.830151 0.00915183
0.830103 0.00915573
0.830056 0.00915964
0.830009 0.00916355
0.829962 0.00916747
0.829914 0.00917139
0.829867 0.00917532
0.829819 0.00917925
0.829772 0.00918319
0.829724 0.00918713
0.829676 0.00919107
0.829629 0.00919502
0.829581 0.00919897
0.829533 0.00920293
0.829485 0.00920689
0.829437 0.00921086
0.82939 0.00921482
0.829342 0.0092188
0.829294 0.00922278
0.829246 0.00922676
0.829197 0.00923075
0.829149 0.00923474
0.829101 0.00923874
0.829053 0.00924274
0.829005 0.00924674
0.828956 0.00925075
0.828908 0.00925477
0.82886 0.00925879
0.828811 0.00926281
0.828763 0.00926684
0.828714 0.00927087
0.828665 0.00927491
0.828617 0.00927895
0.828568 0.00928299
0.828519 0.00928704
0.828471 0.0092911
0.828422 0.00929516
0.828373 0.00929922
0.828324 0.00930329
0.828275 0.00930737
0.828226 0.00931145
0.828177 0.00931553
0.828128 0.00931962
0.828078 0.00932371
0.828029 0.00932781
0.82798 0.00933191
0.827931 0.00933602
0.827881 0.00934013
0.827832 0.00934424
0.827782 0.00934837
0.827733 0.00935249
0.827683 0.00935662
0.827634 0.00936076
0.827584 0.0093649
0.827534 0.00936904
0.827484 0.00937319
0.827435 0.00937735
0.827385 0.00938151
0.827335 0.00938567
0.827285 0.00938984
0.827235 0.00939402
0.827185 0.0093982
0.827135 0.00940238
0.827084 0.00940657
0.827034 0.00941077
0.826984 0.00941497
0.826934 0.00941917
0.826883 0.00942338
0.826833 0.0094276
0.826782 0.00943182
0.826732 0.00943604
0.826681 0.00944027
0.82663 0.00944451
0.82658 0.00944875
0.826529 0.009453
0.826478 0.00945725
0.826427 0.0094615
0.826376 0.00946576
0.826325 0.00947003
0.826274 0.0094743
0.826223 0.00947858
0.826172 0.00948286
0.826121 0.00948715
0.82607 0.00949144
0.826018 0.00949574
0.825967 0.00950004
0.825916 0.00950435
0.825864 0.00950866
0.825813 0.00951298
0.825761 0.00951731
0.825709 0.00952164
0.825658 0.00952597
0.825606 0.00953031
0.825554 0.00953466
0.825502 0.00953901
0.82545 0.00954337
0.825398 0.00954773
0.825346 0.0095521
0.825294 0.00955647
0.825242 0.00956085
0.82519 0.00956524
0.825138 0.00956963
0.825085 0.00957403
0.825033 0.00957843
0.824981 0.00958283
0.824928 0.00958725
0.824876 0.00959167
0.824823 0.00959609
0.82477 0.00960052
0.824718 0.00960495
0.824665 0.0096094
0.824612 0.00961384
0.824559 0.0096183
0.824506 0.00962275
0.824453 0.00962722
0.8244 0.00963169
0.824347 0.00963616
0.824294 0.00964065
0.82424 0.00964513
0.824187 0.00964963
0.824134 0.00965413
0.82408 0.00965863
0.824027 0.00966314
0.823973 0.00966766
0.82392 0.00967218
0.823866 0.00967671
0.823812 0.00968125
0.823758 0.00968579
0.823705 0.00969033
0.823651 0.00969489
0.823597 0.00969945
0.823543 0.00970401
0.823488 0.00970858
0.823434 0.00971316
0.82338 0.00971774
0.823326 0.00972233
0.823271 0.00972693
0.823217 0.00973153
0.823162 0.00973614
0.823108 0.00974075
0.823053 0.00974537
0.822999 0.00975
0.822944 0.00975463
0.822889 0.00975927
0.822834 0.00976392
0.822779 0.00976857
0.822724 0.00977323
0.822669 0.00977789
0.822614 0.00978256
0.822559 0.00978724
0.822503 0.00979193
0.822448 0.00979662
0.822393 0.00980131
0.822337 0.00980602
0.822282 0.00981073
0.822226 0.00981544
0.82217 0.00982016
0.822115 0.00982489
0.822059 0.00982963
0.822003 0.00983437
0.821947 0.00983912
0.821891 0.00984388
0.821835 0.00984864
0.821779 0.00985341
0.821723 0.00985819
0.821666 0.00986297
0.82161 0.00986776
0.821553 0.00987255
0.821497 0.00987736
0.82144 0.00988217
0.821384 0.00988698
0.821327 0.00989181
0.82127 0.00989664
0.821213 0.00990147
0.821157 0.00990632
0.8211 0.00991117
0.821042 0.00991603
0.820985 0.00992089
0.820928 0.00992576
0.820871 0.00993064
0.820814 0.00993553
0.820756 0.00994042
0.820699 0.00994532
0.820641 0.00995023
0.820583 0.00995514
0.820526 0.00996006
0.820468 0.00996499
0.82041 0.00996993
0.820352 0.00997487
0.820294 0.00997982
0.820236 0.00998478
0.820178 0.00998974
0.82012 0.00999471
0.820061 0.00999969
0.820003 0.0100047
0.819945 0.0100097
0.819886 0.0100147
0.819828 0.0100197
0.819769 0.0100247
0.81971 0.0100297
0.819651 0.0100348
0.819592 0.0100398
0.819533 0.0100448
0.819474 0.0100499
0.819415 0.010055
0.819356 0.01006
0.819297 0.0100651
0.819237 0.0100702
0.819178 0.0100753
0.819118 0.0100804
0.819059 0.0100855
0.818999 0.0100906
0.818939 0.0100957
0.81888 0.0101008
0.81882 0.010106
0.81876 0.0101111
0.8187 0.0101163
0.818639 0.0101214
0.818579 0.0101266
0.818519 0.0101318
0.818458 0.010137
0.818398 0.0101422
0.818337 0.0101474
0.818277 0.0101526
0.818216 0.0101578
0.818155 0.010163
0.818094 0.0101683
0.818033 0.0101735
0.817972 0.0101788
0.817911 0.010184
0.81785 0.0101893
0.817789 0.0101945
0.817727 0.0101998
0.817666 0.0102051
0.817604 0.0102104
0.817543 0.0102157
0.817481 0.010221
0.817419 0.0102264
0.817357 0.0102317
0.817295 0.010237
0.817233 0.0102424
0.817171 0.0102478
0.817109 0.0102531
0.817046 0.0102585
0.816984 0.0102639
0.816922 0.0102693
0.816859 0.0102747
0.816796 0.0102801
0.816734 0.0102855
0.816671 0.0102909
0.816608 0.0102964
0.816545 0.0103018
0.816482 0.0103073
0.816418 0.0103127
0.816355 0.0103182
0.816292 0.0103237
0.816228 0.0103292
0.816165 0.0103347
0.816101 0.0103402
0.816037 0.0103457
0.815974 0.0103512
0.81591 0.0103567
0.815846 0.0103623
0.815781 0.0103678
0.815717 0.0103734
0.815653 0.010379
0.815589 0.0103845
0.815524 0.0103901
0.81546 0.0103957
0.815395 0.0104013
0.81533 0.010407
0.815265 0.0104126
0.8152 0.0104182
0.815135 0.0104239
0.81507 0.0104295
0.815005 0.0104352
0.81494 0.0104409
0.814874 0.0104465
0.814809 0.0104522
0.814743 0.0104579
0.814677 0.0104636
0.814612 0.0104694
0.814546 0.0104751
0.81448 0.0104808
0.814414 0.0104866
0.814347 0.0104923
0.814281 0.0104981
0.814215 0.0105039
0.814148 0.0105097
0.814082 0.0105155
0.814015 0.0105213
0.813948 0.0105271
0.813881 0.0105329
0.813814 0.0105388
0.813747 0.0105446
0.81368 0.0105505
0.813613 0.0105564
0.813545 0.0105622
0.813478 0.0105681
0.81341 0.010574
0.813342 0.0105799
0.813275 0.0105859
0.813207 0.0105918
0.813139 0.0105977
0.81307 0.0106037
0.813002 0.0106097
0.812934 0.0106156
0.812865 0.0106216
0.812797 0.0106276
0.812728 0.0106336
0.81266 0.0106396
0.812591 0.0106457
0.812522 0.0106517
0.812453 0.0106577
0.812383 0.0106638
0.812314 0.0106699
0.812245 0.0106759
0.812175 0.010682
0.812106 0.0106881
0.812036 0.0106942
0.811966 0.0107004
0.811896 0.0107065
0.811826 0.0107127
0.811756 0.0107188
0.811686 0.010725
0.811615 0.0107312
0.811545 0.0107373
0.811474 0.0107435
0.811403 0.0107498
0.811333 0.010756
0.811262 0.0107622
0.81119 0.0107685
0.811119 0.0107747
0.811048 0.010781
0.810977 0.0107873
0.810905 0.0107936
0.810833 0.0107999
0.810762 0.0108062
0.81069 0.0108125
0.810618 0.0108189
0.810546 0.0108252
0.810474 0.0108316
0.810401 0.010838
0.810329 0.0108443
0.810256 0.0108507
0.810183 0.0108572
0.810111 0.0108636
0.810038 0.01087
0.809965 0.0108765
0.809891 0.0108829
0.809818 0.0108894
0.809745 0.0108959
0.809671 0.0109024
0.809598 0.0109089
0.809524 0.0109154
0.80945 0.0109219
0.809376 0.0109285
0.809302 0.010935
0.809227 0.0109416
0.809153 0.0109482
0.809079 0.0109548
0.809004 0.0109614
0.808929 0.010968
0.808854 0.0109747
0.808779 0.0109813
0.808704 0.010988
0.808629 0.0109946
0.808553 0.0110013
0.808478 0.011008
0.808402 0.0110147
0.808326 0.0110215
0.808251 0.0110282
0.808175 0.0110349
0.808098 0.0110417
0.808022 0.0110485
0.807946 0.0110553
0.807869 0.0110621
0.807792 0.0110689
0.807715 0.0110757
0.807639 0.0110826
0.807561 0.0110894
0.807484 0.0110963
0.807407 0.0111032
0.807329 0.0111101
0.807252 0.011117
0.807174 0.0111239
0.807096 0.0111309
0.807018 0.0111378
0.80694 0.0111448
0.806862 0.0111518
0.806783 0.0111588
0.806704 0.0111658
0.806626 0.0111728
0.806547 0.0111798
0.806468 0.0111869
0.806389 0.011194
0.806309 0.011201
0.80623 0.0112081
0.80615 0.0112152
0.806071 0.0112224
0.805991 0.0112295
0.805911 0.0112367
0.805831 0.0112438
0.805751 0.011251
0.80567 0.0112582
0.80559 0.0112654
0.805509 0.0112727
0.805428 0.0112799
0.805347 0.0112872
0.805266 0.0112944
0.805184 0.0113017
0.805103 0.011309
0.805021 0.0113163
0.80494 0.0113237
0.804858 0.011331
0.804776 0.0113384
0.804694 0.0113458
0.804611 0.0113532
0.804529 0.0113606
0.804446 0.011368
0.804363 0.0113755
0.80428 0.0113829
0.804197 0.0113904
0.804114 0.0113979
0.804031 0.0114054
0.803947 0.0114129
0.803863 0.0114204
0.803779 0.011428
0.803695 0.0114356
0.803611 0.0114432
0.803527 0.0114508
0.803442 0.0114584
0.803358 0.011466
0.803273 0.0114737
0.803188 0.0114813
0.803103 0.011489
0.803017 0.0114967
0.802932 0.0115044
0.802846 0.0115122
0.802761 0.0115199
0.802675 0.0115277
0.802588 0.0115355
0.802502 0.0115433
0.802416 0.0115511
0.802329 0.0115589
0.802242 0.0115668
0.802155 0.0115747
0.802068 0.0115826
0.801981 0.0115905
0.801894 0.0115984
0.801806 0.0116063
0.801718 0.0116143
0.80163 0.0116223
0.801542 0.0116303
0.801454 0.0116383
0.801365 0.0116463
0.801277 0.0116543
0.801188 0.0116624
0.801099 0.0116705
0.80101 0.0116786
0.80092 0.0116867
0.800831 0.0116949
0.800741 0.011703
0.800651 0.0117112
0.800561 0.0117194
0.800471 0.0117276
0.800381 0.0117358
0.80029 0.0117441
0.800199 0.0117524
0.800108 0.0117607
0.800017 0.011769
0.799926 0.0117773
0.799835 0.0117856
0.799743 0.011794
0.799651 0.0118024
0.799559 0.0118108
0.799467 0.0118192
0.799374 0.0118277
0.799282 0.0118361
0.799189 0.0118446
0.799096 0.0118531
0.799003 0.0118616
0.79891 0.0118702
0.798816 0.0118787
0.798722 0.0118873
0.798628 0.0118959
0.798534 0.0119045
0.79844 0.0119132
0.798345 0.0119218
0.798251 0.0119305
0.798156 0.0119392
0.798061 0.011948
0.797966 0.0119567
0.79787 0.0119655
0.797774 0.0119743
0.797679 0.0119831
0.797582 0.0119919
0.797486 0.0120008
0.79739 0.0120096
0.797293 0.0120185
0.797196 0.0120274
0.797099 0.0120364
0.797002 0.0120453
0.796904 0.0120543
0.796807 0.0120633
0.796709 0.0120723
0.796611 0.0120814
0.796512 0.0120905
0.796414 0.0120995
0.796315 0.0121087
0.796216 0.0121178
0.796117 0.0121269
0.796018 0.0121361
0.795918 0.0121453
0.795818 0.0121546
0.795718 0.0121638
0.795618 0.0121731
0.795518 0.0121824
0.795417 0.0121917
0.795316 0.012201
0.795215 0.0122104
0.795114 0.0122198
0.795012 0.0122292
0.79491 0.0122386
0.794808 0.0122481
0.794706 0.0122576
0.794604 0.0122671
0.794501 0.0122766
0.794398 0.0122861
0.794295 0.0122957
0.794192 0.0123053
0.794088 0.0123149
0.793985 0.0123246
0.793881 0.0123343
0.793777 0.012344
0.793672 0.0123537
0.793567 0.0123634
0.793462 0.0123732
0.793357 0.012383
0.793252 0.0123928
0.793146 0.0124027
0.79304 0.0124126
0.792934 0.0124225
0.792828 0.0124324
0.792721 0.0124424
0.792615 0.0124523
0.792508 0.0124623
0.7924 0.0124724
0.792293 0.0124824
0.792185 0.0124925
0.792077 0.0125026
0.791969 0.0125128
0.79186 0.0125229
0.791751 0.0125331
0.791642 0.0125433
0.791533 0.0125536
0.791424 0.0125638
0.791314 0.0125741
0.791204 0.0125845
0.791094 0.0125948
0.790983 0.0126052
0.790872 0.0126156
0.790761 0.0126261
0.79065 0.0126365
0.790538 0.012647
0.790427 0.0126575
0.790315 0.0126681
0.790202 0.0126787
0.79009 0.0126893
0.789977 0.0126999
0.789864 0.0127106
0.78975 0.0127213
0.789637 0.012732
0.789523 0.0127427
0.789408 0.0127535
0.789294 0.0127643
0.789179 0.0127752
0.789064 0.0127861
0.788949 0.012797
0.788833 0.0128079
0.788718 0.0128188
0.788602 0.0128298
0.788485 0.0128409
0.788368 0.0128519
0.788252 0.012863
0.788134 0.0128741
0.788017 0.0128853
0.787899 0.0128964
0.787781 0.0129077
0.787663 0.0129189
0.787544 0.0129302
0.787425 0.0129415
0.787306 0.0129528
0.787186 0.0129642
0.787066 0.0129756
0.786946 0.012987
0.786826 0.0129985
0.786705 0.01301
0.786584 0.0130215
0.786463 0.0130331
0.786341 0.0130447
0.78622 0.0130563
0.786097 0.013068
0.785975 0.0130797
0.785852 0.0130914
0.785729 0.0131031
0.785606 0.0131149
0.785482 0.0131268
0.785358 0.0131387
0.785234 0.0131506
0.785109 0.0131625
0.784984 0.0131745
0.784859 0.0131865
0.784733 0.0131985
0.784607 0.0132106
0.784481 0.0132227
0.784354 0.0132349
0.784228 0.013247
0.7841 0.0132593
0.783973 0.0132715
0.783845 0.0132838
0.783717 0.0132961
0.783588 0.0133085
0.78346 0.0133209
0.78333 0.0133334
0.783201 0.0133458
0.783071 0.0133584
0.782941 0.0133709
0.782811 0.0133835
0.78268 0.0133961
0.782549 0.0134088
0.782417 0.0134215
0.782285 0.0134343
0.782153 0.013447
0.78202 0.0134599
0.781888 0.0134727
0.781754 0.0134856
0.781621 0.0134986
0.781487 0.0135116
0.781353 0.0135246
0.781218 0.0135376
0.781083 0.0135508
0.780948 0.0135639
0.780812 0.0135771
0.780676 0.0135903
0.780539 0.0136036
0.780403 0.0136169
0.780265 0.0136302
0.780128 0.0136436
0.77999 0.0136571
0.779852 0.0136705
0.779713 0.013684
0.779574 0.0136976
0.779435 0.0137112
0.779295 0.0137249
0.779155 0.0137385
0.779014 0.0137523
0.778873 0.0137661
0.778732 0.0137799
0.778591 0.0137937
0.778448 0.0138077
0.778306 0.0138216
0.778163 0.0138356
0.77802 0.0138497
0.777876 0.0138637
0.777732 0.0138779
0.777588 0.0138921
0.777443 0.0139063
0.777298 0.0139206
0.777152 0.0139349
0.777006 0.0139493
0.77686 0.0139637
0.776713 0.0139781
0.776566 0.0139926
0.776418 0.0140072
0.77627 0.0140218
0.776122 0.0140364
0.775973 0.0140512
0.775823 0.0140659
0.775674 0.0140807
0.775523 0.0140955
0.775373 0.0141104
0.775222 0.0141254
0.77507 0.0141404
0.774918 0.0141554
0.774766 0.0141705
0.774613 0.0141857
0.77446 0.0142009
0.774307 0.0142161
0.774152 0.0142314
0.773998 0.0142468
0.773843 0.0142622
0.773688 0.0142777
0.773532 0.0142932
0.773375 0.0143088
0.773219 0.0143244
0.773061 0.01434
0.772904 0.0143558
0.772746 0.0143716
0.772587 0.0143874
0.772428 0.0144033
0.772268 0.0144192
0.772108 0.0144352
0.771948 0.0144513
0.771787 0.0144674
0.771626 0.0144836
0.771464 0.0144998
0.771301 0.0145161
0.771139 0.0145324
0.770975 0.0145488
0.770811 0.0145653
0.770647 0.0145818
0.770482 0.0145984
0.770317 0.014615
0.770151 0.0146317
0.769985 0.0146484
0.769818 0.0146652
0.769651 0.0146821
0.769483 0.014699
0.769315 0.014716
0.769146 0.0147331
0.768976 0.0147502
0.768807 0.0147674
0.768636 0.0147846
0.768465 0.0148019
0.768294 0.0148193
0.768122 0.0148367
0.767949 0.0148542
0.767776 0.0148718
0.767603 0.0148894
0.767429 0.0149071
0.767254 0.0149248
0.767079 0.0149426
0.766903 0.0149605
0.766727 0.0149785
0.76655 0.0149965
0.766373 0.0150146
0.766195 0.0150327
0.766017 0.0150509
0.765838 0.0150692
0.765658 0.0150876
0.765478 0.015106
0.765297 0.0151245
0.765116 0.015143
0.764934 0.0151617
0.764752 0.0151804
0.764569 0.0151991
0.764385 0.015218
0.764201 0.0152369
0.764016 0.0152559
0.763831 0.015275
0.763645 0.0152941
0.763458 0.0153133
0.763271 0.0153326
0.763083 0.0153519
0.762895 0.0153714
0.762706 0.0153909
0.762516 0.0154105
0.762326 0.0154301
0.762135 0.0154499
0.761944 0.0154697
0.761751 0.0154896
0.761559 0.0155095
0.761365 0.0155296
0.761171 0.0155497
0.760977 0.0155699
0.760782 0.0155902
0.760586 0.0156106
0.760389 0.015631
0.760192 0.0156515
0.759994 0.0156721
0.759795 0.0156928
0.759596 0.0157136
0.759396 0.0157345
0.759196 0.0157554
0.758995 0.0157764
0.758793 0.0157976
0.75859 0.0158188
0.758387 0.01584
0.758183 0.0158614
0.757978 0.0158829
0.757773 0.0159044
0.757567 0.0159261
0.75736 0.0159478
0.757153 0.0159696
0.756945 0.0159915
0.756736 0.0160135
0.756526 0.0160356
0.756316 0.0160578
0.756105 0.01608
0.755893 0.0161024
0.755681 0.0161249
0.755468 0.0161474
0.755254 0.01617
0.755039 0.0161928
0.754824 0.0162156
0.754607 0.0162386
0.75439 0.0162616
0.754173 0.0162847
0.753954 0.0163079
0.753735 0.0163313
0.753515 0.0163547
0.753294 0.0163782
0.753073 0.0164018
0.75285 0.0164256
0.752627 0.0164494
0.752403 0.0164733
0.752178 0.0164974
0.751953 0.0165215
0.751727 0.0165457
0.751499 0.0165701
0.751271 0.0165946
0.751043 0.0166191
0.750813 0.0166438
0.750583 0.0166686
0.750351 0.0166935
0.750119 0.0167185
0.749886 0.0167436
0.749652 0.0167688
0.749418 0.0167941
0.749182 0.0168196
0.748946 0.0168451
0.748708 0.0168708
0.74847 0.0168966
0.748231 0.0169225
0.747991 0.0169485
0.747751 0.0169747
0.747509 0.0170009
0.747266 0.0170273
0.747023 0.0170538
0.746779 0.0170804
0.746533 0.0171072
0.746287 0.017134
0.74604 0.017161
0.745792 0.0171881
0.745543 0.0172154
0.745293 0.0172427
0.745042 0.0172702
0.74479 0.0172978
0.744538 0.0173256
0.744284 0.0173535
0.744029 0.0173815
0.743773 0.0174096
0.743517 0.0174379
0.743259 0.0174663
0.743001 0.0174948
0.742741 0.0175235
0.74248 0.0175523
0.742219 0.0175812
0.741956 0.0176103
0.741692 0.0176395
0.741428 0.0176689
0.741162 0.0176984
0.740895 0.0177281
0.740628 0.0177578
0.740359 0.0177878
0.740089 0.0178178
0.739818 0.0178481
0.739546 0.0178784
0.739273 0.017909
0.738999 0.0179396
0.738723 0.0179704
0.738447 0.0180014
0.73817 0.0180325
0.737891 0.0180638
0.737611 0.0180952
0.737331 0.0181268
0.737049 0.0181586
0.736766 0.0181905
0.736482 0.0182225
0.736196 0.0182548
0.73591 0.0182871
0.735622 0.0183197
0.735333 0.0183524
0.735043 0.0183853
0.734752 0.0184183
0.73446 0.0184515
0.734166 0.0184849
0.733872 0.0185185
0.733576 0.0185522
0.733279 0.0185861
0.73298 0.0186202
0.732681 0.0186544
0.73238 0.0186888
0.732078 0.0187234
0.731774 0.0187582
0.73147 0.0187932
0.731164 0.0188283
0.730857 0.0188637
0.730548 0.0188992
0.730239 0.0189349
0.729928 0.0189708
0.729615 0.0190069
0.729302 0.0190431
0.728987 0.0190796
0.72867 0.0191163
0.728353 0.0191531
0.728034 0.0191902
0.727713 0.0192274
0.727391 0.0192649
0.727068 0.0193026
0.726744 0.0193404
0.726418 0.0193785
0.726091 0.0194168
0.725762 0.0194552
0.725432 0.0194939
0.7251 0.0195328
0.724767 0.019572
0.724433 0.0196113
0.724097 0.0196509
0.723759 0.0196906
0.723421 0.0197306
0.72308 0.0197708
0.722738 0.0198113
0.722395 0.0198519
0.72205 0.0198928
0.721704 0.019934
0.721356 0.0199753
0.721006 0.0200169
0.720655 0.0200587
0.720303 0.0201008
0.719949 0.0201431
0.719593 0.0201857
0.719236 0.0202285
0.718877 0.0202715
0.718516 0.0203148
0.718154 0.0203583
0.71779 0.0204021
0.717425 0.0204461
0.717058 0.0204904
0.716689 0.020535
0.716318 0.0205798
0.715946 0.0206249
0.715572 0.0206702
0.715197 0.0207159
0.714819 0.0207617
0.71444 0.0208079
0.71406 0.0208543
0.713677 0.020901
0.713293 0.020948
0.712907 0.0209953
0.712519 0.0210428
0.712129 0.0210907
0.711737 0.0211388
0.711344 0.0211872
0.710949 0.0212359
0.710552 0.021285
0.710153 0.0213343
0.709752 0.0213839
0.709349 0.0214338
0.708945 0.021484
0.708538 0.0215346
0.70813 0.0215854
0.707719 0.0216366
0.707307 0.0216881
0.706893 0.0217399
0.706476 0.021792
0.706058 0.0218445
0.705638 0.0218973
0.705215 0.0219504
0.704791 0.0220038
0.704364 0.0220576
0.703936 0.0221118
0.703505 0.0221663
0.703072 0.0222211
0.702638 0.0222763
0.702201 0.0223318
0.701762 0.0223877
0.70132 0.022444
0.700877 0.0225006
0.700431 0.0225576
0.699983 0.022615
0.699533 0.0226728
0.699081 0.0227309
0.698627 0.0227894
0.69817 0.0228483
0.697711 0.0229076
0.697249 0.0229673
0.696786 0.0230274
0.69632 0.0230879
0.695851 0.0231487
0.695381 0.02321
0.694908 0.0232718
0.694432 0.0233339
0.693954 0.0233964
0.693474 0.0234594
0.692991 0.0235228
0.692506 0.0235867
0.692018 0.0236509
0.691528 0.0237157
0.691035 0.0237808
0.69054 0.0238465
0.690042 0.0239125
0.689542 0.0239791
0.689039 0.0240461
0.688533 0.0241135
0.688025 0.0241815
0.687514 0.0242499
0.687001 0.0243188
0.686484 0.0243882
0.685966 0.0244581
0.685444 0.0245285
0.68492 0.0245994
0.684392 0.0246708
0.683862 0.0247427
0.68333 0.0248151
0.682794 0.0248881
0.682256 0.0249616
0.681715 0.0250356
0.68117 0.0251102
0.680623 0.0251853
0.680073 0.0252609
0.679521 0.0253371
0.678965 0.0254139
0.678406 0.0254913
0.677844 0.0255692
0.677279 0.0256477
0.676711 0.0257268
0.67614 0.0258065
0.675566 0.0258868
0.674988 0.0259677
0.674408 0.0260492
0.673824 0.0261313
0.673238 0.0262141
0.672648 0.0262975
0.672054 0.0263815
0.671458 0.0264662
0.670858 0.0265515
0.670255 0.0266375
0.669648 0.0267241
0.669038 0.0268115
0.668425 0.0268995
0.667809 0.0269882
0.667188 0.0270776
0.666565 0.0271677
0.665938 0.0272585
0.665307 0.02735
0.664673 0.0274423
0.664036 0.0275353
0.663394 0.0276291
0.662749 0.0277236
0.662101 0.0278188
0.661449 0.0279149
0.660793 0.0280117
0.660133 0.0281093
0.65947 0.0282077
0.658803 0.0283069
0.658131 0.0284069
0.657457 0.0285078
0.656778 0.0286095
0.656095 0.028712
0.655409 0.0288154
0.654718 0.0289196
0.654024 0.0290247
0.653325 0.0291307
0.652623 0.0292376
0.651916 0.0293454
0.651205 0.0294541
0.65049 0.0295638
0.649771 0.0296743
0.649048 0.0297859
0.64832 0.0298983
0.647589 0.0300118
0.646853 0.0301262
0.646112 0.0302417
0.645368 0.0303581
0.644618 0.0304755
0.643865 0.030594
0.643107 0.0307135
0.642344 0.0308341
0.641577 0.0309557
0.640806 0.0310785
0.640029 0.0312023
0.639248 0.0313272
0.638463 0.0314532
0.637673 0.0315804
0.636878 0.0317088
0.636078 0.0318382
0.635274 0.0319689
0.634464 0.0321008
0.63365 0.0322338
0.632831 0.0323681
0.632007 0.0325036
0.631178 0.0326404
0.630344 0.0327784
0.629505 0.0329178
0.628661 0.0330584
0.627811 0.0332003
0.626957 0.0333436
0.626097 0.0334883
0.625232 0.0336342
0.624362 0.0337816
0.623486 0.0339304
0.622605 0.0340806
0.621719 0.0342323
0.620827 0.0343854
0.61993 0.03454
0.619027 0.034696
0.618119 0.0348536
0.617205 0.0350128
0.616286 0.0351734
0.61536 0.0353357
0.614429 0.0354996
0.613493 0.0356651
0.61255 0.0358322
0.611602 0.036001
0.610648 0.0361714
0.609688 0.0363436
0.608722 0.0365175
0.60775 0.0366932
0.606772 0.0368706
0.605787 0.0370499
0.604797 0.0372309
0.603801 0.0374138
0.602798 0.0375986
0.601789 0.0377853
0.600774 0.0379739
0.599752 0.0381645
0.598724 0.0383571
0.59769 0.0385516
0.596649 0.0387482
0.595601 0.0389469
0.594548 0.0391476
0.593487 0.0393505
0.59242 0.0395555
0.591346 0.0397627
0.590265 0.0399722
0.589178 0.0401838
0.588084 0.0403978
0.586983 0.040614
0.585875 0.0408326
0.58476 0.0410536
0.583638 0.041277
0.582509 0.0415028
0.581373 0.0417311
0.58023 0.0419619
0.57908 0.0421952
0.577922 0.0424312
0.576757 0.0426697
0.575585 0.042911
0.574406 0.0431549
0.573219 0.0434015
0.572025 0.043651
0.570823 0.0439033
0.569614 0.0441584
0.568397 0.0444164
0.567173 0.0446774
0.565941 0.0449414
0.564701 0.0452084
0.563454 0.0454785
0.562199 0.0457517
0.560936 0.0460281
0.559665 0.0463077
0.558387 0.0465905
0.5571 0.0468767
0.555806 0.0471663
0.554503 0.0474593
0.553193 0.0477557
0.551874 0.0480557
0.550547 0.0483592
0.549213 0.0486664
0.547869 0.0489773
0.546518 0.0492919
0.545159 0.0496103
0.543791 0.0499325
0.542415 0.0502587
0.54103 0.0505889
0.539637 0.0509231
0.538236 0.0512614
0.536826 0.0516038
0.535408 0.0519505
0.533981 0.0523015
0.532546 0.0526569
0.531102 0.0530166
0.529649 0.0533809
0.528188 0.0537498
0.526719 0.0541233
0.52524 0.0545015
0.523753 0.0548845
0.522257 0.0552723
0.520752 0.0556651
0.519239 0.056063
0.517717 0.0564659
0.516186 0.056874
0.514646 0.0572874
0.513097 0.0577061
0.51154 0.0581302
0.509974 0.0585599
0.508398 0.0589952
0.506814 0.0594362
0.505221 0.0598829
0.503619 0.0603356
0.502009 0.0607942
0.500389 0.0612589
0.49876 0.0617297
0.497123 0.0622069
0.495477 0.0626904
0.493821 0.0631804
0.492157 0.0636769
0.490484 0.0641802
0.488802 0.0646902
0.487111 0.0652071
0.485412 0.0657311
0.483703 0.0662622
0.481986 0.0668005
0.48026 0.0673462
0.478525 0.0678994
0.476781 0.0684602
0.475029 0.0690287
0.473268 0.0696051
0.471498 0.0701894
0.46972 0.0707819
0.467933 0.0713826
0.466138 0.0719917
0.464334 0.0726094
0.462521 0.0732357
0.460701 0.0738708
0.458871 0.0745148
0.457034 0.0751679
0.455188 0.0758303
0.453334 0.0765021
0.451472 0.0771834
0.449602 0.0778744
0.447723 0.0785753
0.445837 0.0792861
0.443943 0.0800072
0.442042 0.0807387
0.440132 0.0814806
0.438215 0.0822333
0.43629 0.0829968
0.434358 0.0837713
0.432419 0.0845571
0.430472 0.0853543
0.428518 0.0861631
0.426557 0.0869836
0.42459 0.0878162
0.422615 0.0886609
0.420633 0.0895179
0.418645 0.0903875
0.416651 0.0912699
0.41465 0.0921653
0.412643 0.0930738
0.41063 0.0939957
0.408611 0.0949312
0.406586 0.0958805
0.404555 0.0968439
0.402519 0.0978216
0.400478 0.0988137
0.398431 0.0998205
0.396379 0.100842
0.394323 0.101879
0.392261 0.102932
0.390195 0.104
0.388125 0.105084
0.38605 0.106184
0.383971 0.107301
0.381889 0.108434
0.379802 0.109584
0.377713 0.110751
0.37562 0.111936
0.373523 0.113138
0.371424 0.114359
0.369322 0.115598
0.367218 0.116855
0.365112 0.118131
0.363003 0.119426
0.360892 0.12074
0.35878 0.122075
0.356666 0.123429
0.354552 0.124803
0.352436 0.126198
0.350319 0.127613
0.348202 0.12905
0.346085 0.130508
0.343967 0.131988
0.34185 0.13349
0.339733 0.135014
0.337617 0.136561
0.335502 0.138131
0.333387 0.139724
0.331275 0.14134
0.329163 0.142981
0.327054 0.144646
0.324947 0.146335
0.322842 0.148049
0.32074 0.149788
0.318641 0.151553
0.316545 0.153344
0.314453 0.15516
0.312364 0.157003
0.310279 0.158873
0.308198 0.16077
0.306121 0.162695
0.30405 0.164647
0.301983 0.166628
0.299921 0.168636
0.297865 0.170674
0.295815 0.17274
0.29377 0.174836
0.291732 0.176962
0.2897 0.179118
0.287675 0.181304
0.285657 0.18352
0.283647 0.185768
0.281643 0.188047
0.279648 0.190357
0.27766 0.192699
0.27568 0.195073
0.273709 0.19748
0.271747 0.19992
0.269793 0.202392
0.267849 0.204898
0.265914 0.207438
0.263988 0.210011
0.262073 0.212618
0.260167 0.21526
0.258271 0.217936
0.256386 0.220647
0.254512 0.223394
0.252648 0.226175
0.250796 0.228992
0.248955 0.231845
0.247125 0.234734
0.245307 0.237658
0.2435 0.240619
0.241706 0.243617
0.239924 0.246651
0.238154 0.249722
0.236396 0.25283
0.234652 0.255975
0.23292 0.259156
0.231201 0.262376
0.229495 0.265632
0.227802 0.268926
0.226123 0.272257
0.224458 0.275625
0.222806 0.279031
0.221167 0.282475
0.219543 0.285956
0.217933 0.289474
0.216337 0.29303
0.214755 0.296623
0.213187 0.300254
0.211634 0.303921
0.210096 0.307626
0.208571 0.311367
0.207062 0.315145
0.205567 0.31896
0.204088 0.322811
0.202623 0.326698
0.201173 0.33062
0.199738 0.334579
0.198318 0.338573
0.196913 0.342601
0.195523 0.346665
0.194148 0.350762
0.192789 0.354894
0.191445 0.359059
0.190116 0.363257
0.188802 0.367488
0.187503 0.37175
0.18622 0.376045
0.184952 0.380371
0.183699 0.384727
0.182462 0.389113
0.181239 0.393528
0.180032 0.397972
0.17884 0.402445
0.177664 0.406944
0.176502 0.411471
0.175356 0.416023
0.174224 0.420601
0.173108 0.425203
0.172007 0.429828
0.17092 0.434477
0.169849 0.439148
0.168792 0.443839
0.16775 0.448551
0.166723 0.453283
0.165711 0.458032
0.164713 0.4628
0.16373 0.467583
0.162761 0.472383
0.161807 0.477196
0.160867 0.482024
0.159941 0.486863
0.159029 0.491714
0.158131 0.496576
0.157248 0.501446
0.156378 0.506325
0.155522 0.511211
0.154679 0.516103
0.153851 0.520999
0.153035 0.525899
0.152234 0.530802
0.151445 0.535706
0.15067 0.54061
0.149907 0.545513
0.149158 0.550414
0.148422 0.555311
0.147698 0.560204
0.146987 0.565092
0.146288 0.569972
0.145602 0.574845
0.144929 0.579708
0.144267 0.584561
0.143617 0.589402
0.14298 0.594231
0.142354 0.599046
0.14174 0.603846
0.141137 0.60863
0.140546 0.613397
0.139967 0.618146
0.139398 0.622875
0.138841 0.627584
0.138294 0.632271
0.137759 0.636937
0.137234 0.641578
0.136719 0.646195
0.136215 0.650787
0.135722 0.655353
0.135239 0.659891
0.134765 0.664401
0.134302 0.668882
0.133849 0.673333
0.133405 0.677754
0.132971 0.682143
0.132546 0.6865
0.13213 0.690823
0.131724 0.695113
0.131327 0.699369
0.130939 0.703589
0.13056 0.707774
0.130189 0.711922
0.129827 0.716034
0.129473 0.720108
0.129128 0.724144
0.128791 0.728142
0.128462 0.7321
0.128142 0.73602
0.127828 0.739899
0.127523 0.743739
0.127226 0.747538
0.126935 0.751297
0.126653 0.755014
0.126377 0.758691
0.126109 0.762325
0.125848 0.765918
0.125594 0.76947
0.125346 0.772979
0.125106 0.776446
0.124872 0.779871
0.124644 0.783253
0.124423 0.786593
0.124209 0.789891
0.124 0.793147
0.123798 0.79636
0.123601 0.799531
0.123411 0.80266
0.123226 0.805747
0.123047 0.808792
0.122874 0.811795
0.122706 0.814756
0.122544 0.817676
0.122387 0.820554
0.122235 0.823391
0.122088 0.826188
0.121946 0.828943
0.12181 0.831659
0.121678 0.834334
0.121551 0.836969
0.121429 0.839565
0.121311 0.842121
0.121198 0.844639
0.12109 0.847118
0.120986 0.849558
0.120886 0.851961
0.12079 0.854326
0.120699 0.856654
0.120611 0.858945
0.120528 0.861199
0.120449 0.863417
0.120373 0.8656
0.120301 0.867747
0.120233 0.86986
0.120169 0.871938
0.120108 0.873981
0.120051 0.875992
0.119997 0.877968
0.119947 0.879912
0.1199 0.881824
0.119856 0.883703
0.119816 0.885551
0.119779 0.887368
0.119744 0.889154
0.119713 0.89091
0.119685 0.892636
0.11966 0.894332
0.119638 0.896
0.119618 0.897638
0.119601 0.899249
0.119587 0.900832
0.119576 0.902387
0.119567 0.903915
0.119561 0.905417
0.119558 0.906893
0.119556 0.908343
0.119558 0.909768
0.119562 0.911168
0.119568 0.912544
0.119576 0.913895
0.119587 0.915222
0.1196 0.916527
0.119615 0.917808
0.119632 0.919067
0.119651 0.920303
0.119672 0.921518
0.119696 0.922712
0.119721 0.923884
0.119748 0.925035
0.119778 0.926167
0.119809 0.927278
0.119842 0.92837
0.119877 0.929442
0.119913 0.930495
0.119951 0.93153
0.119991 0.932546
0.120033 0.933544
0.120077 0.934525
0.120122 0.935489
0.120168 0.936435
0.120216 0.937364
0.120266 0.938278
0.120317 0.939175
0.12037 0.940056
0.120424 0.940922
0.12048 0.941772
0.120537 0.942607
0.120595 0.943428
0.120655 0.944234
0.120716 0.945026
0.120778 0.945804
0.120842 0.946569
0.120907 0.94732
0.120973 0.948058
0.12104 0.948783
0.121109 0.949495
0.121179 0.950195
0.12125 0.950883
0.121322 0.951559
0.121395 0.952223
0.121469 0.952875
0.121545 0.953516
0.121621 0.954146
0.121699 0.954765
0.121777 0.955374
0.121857 0.955972
0.121937 0.956559
0.122019 0.957137
0.122101 0.957704
0.122185 0.958262
0.122269 0.95881
0.122354 0.959349
0.122441 0.959879
0.122528 0.9604
0.122616 0.960912
0.122704 0.961415
0.122794 0.961909
0.122885 0.962396
0.122976 0.962874
0.123068 0.963344
0.123161 0.963806
0.123254 0.96426
0.123349 0.964707
0.123444 0.965146
0.12354 0.965578
0.123637 0.966003
0.123734 0.966421
0.123832 0.966832
0.123931 0.967236
0.12403 0.967633
0.12413 0.968024
0.124231 0.968408
0.124333 0.968786
0.124435 0.969158
0.124537 0.969524
0.124641 0.969884
0.124745 0.970238
0.124849 0.970586
0.124954 0.970929
0.12506 0.971266
0.125167 0.971597
0.125274 0.971924
0.125381 0.972245
0.125489 0.972561
0.125598 0.972872
0.125707 0.973178
0.125817 0.973479
0.125927 0.973775
0.126038 0.974067
0.126149 0.974354
0.126261 0.974636
0.126373 0.974914
0.126486 0.975188
0.126599 0.975458
0.126713 0.975723
0.126827 0.975984
0.126941 0.976241
0.127057 0.976494
0.127172 0.976743
0.127288 0.976989
0.127405 0.97723
0.127522 0.977468
0.127639 0.977703
0.127757 0.977933
0.127875 0.97816
0.127994 0.978384
0.128113 0.978605
0.128232 0.978822
0.128352 0.979035
0.128472 0.979246
0.128593 0.979453
0.128714 0.979658
0.128835 0.979859
0.128957 0.980057
0.129079 0.980252
0.129202 0.980445
0.129325 0.980634
0.129448 0.980821
0.129572 0.981005
0.129696 0.981187
0.12982 0.981365
0.129945 0.981542
0.13007 0.981715
0.130195 0.981886
0.130321 0.982055
0.130447 0.982221
0.130574 0.982385
0.1307 0.982546
0.130827 0.982705
0.130955 0.982862
0.131083 0.983017
0.131211 0.983169
0.131339 0.983319
0.131468 0.983468
0.131597 0.983614
0.131726 0.983758
0.131855 0.9839
0.131985 0.98404
0.132116 0.984178
0.132246 0.984314
0.132377 0.984448
0.132508 0.98458
0.132639 0.984711
0.132771 0.98484
0.132903 0.984967
0.133035 0.985092
0.133167 0.985216
0.1333 0.985338
0.133433 0.985458
0.133566 0.985576
0.1337 0.985693
0.133834 0.985809
0.133968 0.985923
0.134102 0.986035
0.134237 0.986146
0.134372 0.986255
0.134507 0.986363
0.134643 0.986469
0.134778 0.986574
0.134914 0.986678
0.13505 0.98678
0.135187 0.986881
0.135324 0.986981
0.135461 0.987079
0.135598 0.987176
0.135735 0.987272
0.135873 0.987367
0.136011 0.98746
0.136149 0.987552
0.136287 0.987643
0.136426 0.987733
0.136565 0.987821
0.136704 0.987909
0.136844 0.987995
0.136983 0.98808
0.137123 0.988164
0.137263 0.988247
0.137404 0.988329
0.137544 0.98841
0.137685 0.98849
0.137826 0.988569
0.137967 0.988647
0.138109 0.988724
0.13825 0.9888
0.138392 0.988876
0.138535 0.98895
0.138677 0.989023
0.13882 0.989095
0.138962 0.989167
0.139106 0.989237
0.139249 0.989307
0.139392 0.989376
0.139536 0.989444
0.13968 0.989511
0.139824 0.989577
0.139969 0.989643
0.140113 0.989708
0.140258 0.989772
0.140403 0.989835
0.140549 0.989897
0.140694 0.989959
0.14084 0.99002
0.140986 0.99008
0.141132 0.99014
0.141279 0.990199
0.141425 0.990257
0.141572 0.990314
0.141719 0.990371
0.141866 0.990427
0.142014 0.990482
0.142162 0.990537
0.142309 0.990591
0.142458 0.990645
0.142606 0.990697
0.142755 0.99075
0.142903 0.990801
0.143052 0.990852
0.143202 0.990903
0.143351 0.990953
0.143501 0.991002
0.143651 0.991051
0.143801 0.991099
0.143951 0.991146
0.144101 0.991193
0.144252 0.99124
0.144403 0.991286
0.144554 0.991331
0.144706 0.991376
0.144857 0.991421
0.145009 0.991464
0.145161 0.991508
0.145313 0.991551
0.145466 0.991593
0.145619 0.991635
0.145771 0.991677
0.145925 0.991718
0.146078 0.991758
0.146232 0.991798
0.146385 0.991838
0.146539 0.991877
0.146693 0.991916
0.146848 0.991954
0.147003 0.991992
0.147157 0.99203
0.147313 0.992067
0.147468 0.992103
0.147623 0.99214
0.147779 0.992175
0.147935 0.992211
0.148091 0.992246
0.148248 0.992281
0.148404 0.992315
0.148561 0.992349
0.148718 0.992382
0.148876 0.992416
0.149033 0.992448
0.149191 0.992481
0.149349 0.992513
0.149507 0.992545
0.149666 0.992576
0.149824 0.992607
0.149983 0.992638
0.150142 0.992668
0.150302 0.992698
0.150461 0.992728
0.150621 0.992758
0.150781 0.992787
0.150942 0.992816
0.151102 0.992844
0.151263 0.992872
0.151424 0.9929
0.151585 0.992928
0.151747 0.992955
0.151908 0.992982
0.15207 0.993009
0.152232 0.993035
0.152395 0.993061
0.152557 0.993087
0.15272 0.993113
0.152883 0.993138
0.153047 0.993163
0.15321 0.993188
0.153374 0.993212
0.153538 0.993236
0.153703 0.99326
0.153867 0.993284
0.154032 0.993307
0.154197 0.993331
0.154362 0.993354
0.154528 0.993376
0.154694 0.993399
0.15486 0.993421
0.155026 0.993443
0.155193 0.993465
0.155359 0.993486
0.155526 0.993508
0.155694 0.993529
0.155861 0.99355
0.156029 0.99357
0.156197 0.993591
0.156366 0.993611
0.156534 0.993631
0.156703 0.993651
0.156872 0.99367
0.157041 0.99369
0.157211 0.993709
0.157381 0.993728
0.157551 0.993746
0.157722 0.993765
0.157892 0.993783
0.158063 0.993801
0.158234 0.993819
0.158406 0.993837
0.158578 0.993855
0.15875 0.993872
0.158922 0.993889
0.159095 0.993906
0.159268 0.993923
0.159441 0.99394
0.159614 0.993956
0.159788 0.993973
0.159962 0.993989
0.160136 0.994005
0.160311 0.99402
0.160485 0.994036
0.160661 0.994051
0.160836 0.994067
0.161012 0.994082
0.161188 0.994097
0.161364 0.994112
0.16154 0.994126
0.161717 0.994141
0.161894 0.994155
0.162072 0.994169
0.16225 0.994183
0.162428 0.994197
0.162606 0.994211
0.162785 0.994224
0.162963 0.994238
0.163143 0.994251
0.163322 0.994264
0.163502 0.994277
0.163682 0.99429
0.163863 0.994302
0.164043 0.994315
0.164225 0.994327
0.164406 0.99434
0.164588 0.994352
0.16477 0.994364
0.164952 0.994375
0.165135 0.994387
0.165318 0.994399
0.165501 0.99441
0.165684 0.994422
0.165868 0.994433
0.166053 0.994444
0.166237 0.994455
0.166422 0.994465
0.166607 0.994476
0.166793 0.994487
0.166979 0.994497
0.167165 0.994507
0.167352 0.994518
0.167539 0.994528
0.167726 0.994538
0.167913 0.994548
0.168101 0.994557
0.16829 0.994567
0.168478 0.994576
0.168667 0.994586
0.168856 0.994595
0.169046 0.994604
0.169236 0.994613
0.169427 0.994622
0.169617 0.994631
0.169808 0.99464
0.17 0.994648
0.170192 0.994657
0.170384 0.994665
0.170576 0.994673
0.170769 0.994682
0.170963 0.99469
0.171156 0.994698
0.17135 0.994706
0.171545 0.994713
0.171739 0.994721
0.171935 0.994729
0.17213 0.994736
0.172326 0.994743
0.172522 0.994751
0.172719 0.994758
0.172916 0.994765
0.173113 0.994772
0.173311 0.994779
0.17351 0.994786
0.173708 0.994792
0.173907 0.994799
0.174107 0.994805
0.174306 0.994812
0.174507 0.994818
0.174707 0.994824
0.174908 0.994831
0.17511 0.994837
0.175312 0.994843
0.175514 0.994849
0.175717 0.994854
0.17592 0.99486
0.176123 0.994866
0.176327 0.994871
0.176532 0.994877
0.176736 0.994882
0.176942 0.994887
0.177147 0.994893
0.177353 0.994898
0.17756 0.994903
0.177767 0.994908
0.177974 0.994913
0.178182 0.994917
0.178391 0.994922
0.178599 0.994927
0.178808 0.994931
0.179018 0.994936
0.179228 0.99494
0.179439 0.994945
0.17965 0.994949
0.179861 0.994953
0.180073 0.994957
0.180286 0.994961
0.180499 0.994965
0.180712 0.994969
0.180926 0.994973
0.18114 0.994976
0.181355 0.99498
0.18157 0.994984
0.181786 0.994987
0.182002 0.99499
0.182219 0.994994
0.182436 0.994997
0.182654 0.995
0.182872 0.995003
0.183091 0.995006
0.18331 0.995009
0.183529 0.995012
0.18375 0.995015
0.18397 0.995018
0.184192 0.995021
0.184413 0.995023
0.184636 0.995026
0.184859 0.995028
0.185082 0.995031
0.185306 0.995033
0.18553 0.995035
0.185755 0.995038
0.18598 0.99504
0.186206 0.995042
0.186433 0.995044
0.18666 0.995046
0.186888 0.995048
0.187116 0.995049
0.187345 0.995051
0.187574 0.995053
0.187804 0.995055
0.188034 0.995056
0.188265 0.995058
0.188497 0.995059
0.188729 0.99506
0.188962 0.995062
0.189195 0.995063
0.189429 0.995064
0.189663 0.995065
0.189898 0.995066
0.190134 0.995067
0.19037 0.995068
0.190607 0.995069
0.190844 0.99507
0.191082 0.99507
0.191321 0.995071
0.19156 0.995072
0.1918 0.995072
0.192041 0.995073
0.192282 0.995073
0.192523 0.995074
0.192766 0.995074
0.193009 0.995074
0.193252 0.995074
0.193497 0.995074
0.193742 0.995074
0.193987 0.995074
0.194234 0.995074
0.19448 0.995074
0.194728 0.995074
0.194976 0.995074
0.195225 0.995073
0.195475 0.995073
0.195725 0.995073
0.195976 0.995072
0.196227 0.995072
0.19648 0.995071
0.196733 0.99507
0.196986 0.99507
0.197241 0.995069
0.197496 0.995068
0.197751 0.995067
0.198008 0.995066
0.198265 0.995065
0.198523 0.995064
0.198782 0.995063
0.199041 0.995062
0.199301 0.99506
0.199562 0.995059
0.199824 0.995058
0.200086 0.995056
0.200349 0.995055
0.200613 0.995053
0.200878 0.995052
0.201143 0.99505
0.201409 0.995048
0.201676 0.995047
0.201944 0.995045
0.202212 0.995043
0.202481 0.995041
0.202751 0.995039
0.203022 0.995037
0.203294 0.995035
0.203566 0.995033
0.20384 0.99503
0.204114 0.995028
0.204389 0.995026
0.204664 0.995023
0.204941 0.995021
0.205218 0.995018
0.205496 0.995016
0.205776 0.995013
0.206055 0.99501
0.206336 0.995008
0.206618 0.995005
0.2069 0.995002
0.207184 0.994999
0.207468 0.994996
0.207753 0.994993
0.208039 0.99499
0.208326 0.994987
0.208614 0.994983
0.208903 0.99498
0.209192 0.994977
0.209483 0.994973
0.209774 0.99497
0.210067 0.994966
0.21036 0.994963
0.210654 0.994959
0.21095 0.994956
0.211246 0.994952
0.211543 0.994948
0.211841 0.994944
0.21214 0.99494
0.21244 0.994936
0.212741 0.994932
0.213043 0.994928
0.213346 0.994924
0.21365 0.99492
0.213955 0.994915
0.214261 0.994911
0.214568 0.994907
0.214876 0.994902
0.215185 0.994898
0.215495 0.994893
0.215807 0.994888
0.216119 0.994884
0.216432 0.994879
0.216747 0.994874
0.217062 0.994869
0.217378 0.994864
0.217696 0.994859
0.218015 0.994854
0.218335 0.994849
0.218655 0.994844
0.218977 0.994839
0.219301 0.994833
0.219625 0.994828
0.21995 0.994822
0.220277 0.994817
0.220604 0.994811
0.220933 0.994806
0.221263 0.9948
0.221595 0.994794
0.221927 0.994788
0.22226 0.994783
0.222595 0.994777
0.222931 0.994771
0.223268 0.994764
0.223607 0.994758
0.223946 0.994752
0.224287 0.994746
0.224629 0.994739
0.224973 0.994733
0.225317 0.994727
0.225663 0.99472
0.226011 0.994713
0.226359 0.994707
0.226709 0.9947
0.22706 0.994693
0.227412 0.994686
0.227766 0.994679
0.228121 0.994672
0.228477 0.994665
0.228835 0.994658
0.229194 0.994651
0.229555 0.994643
0.229917 0.994636
0.23028 0.994629
0.230644 0.994621
0.231011 0.994613
0.231378 0.994606
0.231747 0.994598
0.232117 0.99459
0.232489 0.994582
0.232862 0.994574
0.233237 0.994566
0.233613 0.994558
0.233991 0.99455
0.23437 0.994542
0.234751 0.994533
0.235133 0.994525
0.235516 0.994517
0.235902 0.994508
0.236288 0.994499
0.236677 0.994491
0.237067 0.994482
0.237458 0.994473
0.237851 0.994464
0.238246 0.994455
0.238642 0.994446
0.23904 0.994437
0.23944 0.994427
0.239841 0.994418
0.240244 0.994409
0.240649 0.994399
0.241055 0.99439
0.241463 0.99438
0.241873 0.99437
0.242284 0.99436
0.242697 0.99435
0.243112 0.99434
0.243529 0.99433
0.243947 0.99432
0.244367 0.99431
0.244789 0.994299
0.245213 0.994289
0.245639 0.994278
0.246066 0.994268
0.246496 0.994257
0.246927 0.994246
0.24736 0.994235
0.247795 0.994224
0.248232 0.994213
0.24867 0.994202
0.249111 0.994191
0.249554 0.99418
0.249999 0.994168
0.250445 0.994156
0.250894 0.994145
0.251344 0.994133
0.251797 0.994121
0.252252 0.994109
0.252708 0.994097
0.253167 0.994085
0.253628 0.994073
0.254091 0.99406
0.254556 0.994048
0.255024 0.994035
0.255493 0.994023
0.255964 0.99401
0.256438 0.993997
0.256914 0.993984
0.257392 0.993971
0.257873 0.993958
0.258355 0.993945
0.25884 0.993931
0.259327 0.993918
0.259817 0.993904
0.260309 0.99389
0.260803 0.993876
0.261299 0.993862
0.261798 0.993848
0.262299 0.993834
0.262803 0.99382
0.263309 0.993805
0.263817 0.993791
0.264328 0.993776
0.264842 0.993761
0.265358 0.993746
0.265876 0.993731
0.266397 0.993716
0.266921 0.993701
0.267447 0.993685
0.267976 0.99367
0.268507 0.993654
0.269041 0.993638
0.269578 0.993622
0.270117 0.993606
0.270659 0.99359
0.271204 0.993574
0.271752 0.993557
0.272302 0.993541
0.272855 0.993524
0.273411 0.993507
0.27397 0.99349
0.274531 0.993473
0.275096 0.993455
0.275663 0.993438
0.276234 0.99342
0.276807 0.993402
0.277383 0.993385
0.277962 0.993366
0.278545 0.993348
0.27913 0.99333
0.279718 0.993311
0.28031 0.993293
0.280905 0.993274
0.281502 0.993255
0.282103 0.993236
0.282707 0.993216
0.283315 0.993197
0.283925 0.993177
0.284539 0.993157
0.285156 0.993137
0.285777 0.993117
0.286401 0.993097
0.287028 0.993076
0.287659 0.993055
0.288293 0.993034
0.288931 0.993013
0.289572 0.992992
0.290217 0.992971
0.290865 0.992949
0.291517 0.992927
0.292172 0.992905
0.292831 0.992883
0.293494 0.992861
0.29416 0.992838
0.29483 0.992815
0.295504 0.992792
0.296182 0.992769
0.296864 0.992746
0.297549 0.992722
0.298239 0.992698
0.298932 0.992674
0.299629 0.99265
0.300331 0.992625
0.301036 0.992601
0.301745 0.992576
0.302459 0.992551
0.303177 0.992525
0.303898 0.9925
0.304624 0.992474
0.305355 0.992448
0.306089 0.992421
0.306828 0.992395
0.307571 0.992368
0.308319 0.992341
0.309071 0.992314
0.309827 0.992286
0.310588 0.992258
0.311354 0.99223
0.312124 0.992202
0.312899 0.992174
0.313678 0.992145
0.314462 0.992116
0.315251 0.992086
0.316045 0.992056
0.316843 0.992027
0.317647 0.991996
0.318455 0.991966
0.319268 0.991935
0.320086 0.991904
0.320909 0.991872
0.321738 0.991841
0.322571 0.991809
0.32341 0.991776
0.324253 0.991744
0.325102 0.991711
0.325957 0.991677
0.326816 0.991644
0.327682 0.99161
0.328552 0.991576
0.329428 0.991541
0.33031 0.991506
0.331197 0.991471
0.33209 0.991435
0.332988 0.991399
0.333892 0.991363
0.334802 0.991326
0.335718 0.991289
0.33664 0.991251
0.337567 0.991213
0.338501 0.991175
0.33944 0.991137
0.340386 0.991098
0.341338 0.991058
0.342296 0.991018
0.34326 0.990978
0.344231 0.990937
0.345208 0.990896
0.346191 0.990855
0.347181 0.990813
0.348178 0.99077
0.349181 0.990727
0.35019 0.990684
0.351206 0.99064
0.352229 0.990596
0.353259 0.990551
0.354296 0.990506
0.35534 0.99046
0.35639 0.990414
0.357448 0.990368
0.358513 0.99032
0.359585 0.990273
0.360664 0.990224
0.36175 0.990176
0.362844 0.990126
0.363945 0.990076
0.365054 0.990026
0.36617 0.989975
0.367294 0.989924
0.368426 0.989871
0.369565 0.989819
0.370712 0.989765
0.371867 0.989712
0.37303 0.989657
0.374201 0.989602
0.37538 0.989546
0.376567 0.98949
0.377762 0.989433
0.378966 0.989375
0.380178 0.989316
0.381398 0.989257
0.382627 0.989198
0.383864 0.989137
0.38511 0.989076
0.386365 0.989014
0.387628 0.988951
0.3889 0.988888
0.390181 0.988824
0.391471 0.988759
0.392771 0.988693
0.394079 0.988627
0.395396 0.988559
0.396723 0.988491
0.398059 0.988422
0.399404 0.988352
0.400759 0.988282
0.402123 0.98821
0.403497 0.988137
0.404881 0.988064
0.406274 0.98799
0.407677 0.987915
0.409091 0.987838
0.410514 0.987761
0.411947 0.987683
0.41339 0.987604
0.414844 0.987524
0.416307 0.987443
0.417781 0.98736
0.419266 0.987277
0.420761 0.987193
0.422266 0.987107
0.423783 0.987021
0.42531 0.986933
0.426847 0.986844
0.428396 0.986754
0.429955 0.986662
0.431526 0.98657
0.433107 0.986476
0.4347 0.986381
0.436303 0.986285
0.437918 0.986187
0.439545 0.986088
0.441182 0.985988
0.442832 0.985886
0.444492 0.985783
0.446165 0.985679
0.447849 0.985573
0.449544 0.985465
0.451252 0.985356
0.452971 0.985246
0.454702 0.985134
0.456446 0.98502
0.458201 0.984905
0.459968 0.984788
0.461747 0.984669
0.463539 0.984549
0.465343 0.984427
0.467159 0.984303
0.468987 0.984178
0.470828 0.98405
0.472681 0.983921
0.474547 0.98379
0.476425 0.983657
0.478316 0.983522
0.480219 0.983385
0.482135 0.983246
0.484064 0.983104
0.486005 0.982961
0.487959 0.982816
0.489926 0.982668
0.491906 0.982518
0.493898 0.982366
0.495903 0.982211
0.497921 0.982054
0.499952 0.981895
0.501996 0.981733
0.504052 0.981569
0.506121 0.981402
0.508204 0.981232
0.510299 0.98106
0.512406 0.980885
0.514527 0.980707
0.516661 0.980527
0.518807 0.980344
0.520966 0.980157
0.523138 0.979968
0.525323 0.979776
0.52752 0.979581
0.52973 0.979382
0.531952 0.97918
0.534188 0.978975
0.536435 0.978767
0.538695 0.978555
0.540968 0.97834
0.543252 0.978121
0.545549 0.977898
0.547859 0.977672
0.55018 0.977442
0.552513 0.977209
0.554858 0.976971
0.557215 0.976729
0.559584 0.976484
0.561964 0.976234
0.564356 0.97598
0.566759 0.975721
0.569174 0.975459
0.571599 0.975191
0.574035 0.97492
0.576483 0.974643
0.57894 0.974362
0.581409 0.974076
0.583887 0.973785
0.586376 0.973488
0.588875 0.973187
0.591384 0.972881
0.593902 0.972569
0.59643 0.972252
0.598966 0.971929
0.601512 0.9716
0.604067 0.971266
0.60663 0.970925
0.609201 0.970579
0.611781 0.970227
0.614368 0.969868
0.616963 0.969503
0.619565 0.969131
0.622174 0.968753
0.62479 0.968368
0.627412 0.967976
0.630041 0.967577
0.632676 0.967171
0.635316 0.966758
0.637961 0.966337
0.640612 0.965908
0.643267 0.965472
0.645927 0.965028
0.64859 0.964576
0.651258 0.964115
0.653928 0.963646
0.656602 0.963169
0.659278 0.962683
0.661957 0.962188
0.664637 0.961684
0.66732 0.96117
0.670003 0.960648
0.672687 0.960115
0.675372 0.959573
0.678056 0.959021
0.680741 0.958459
0.683424 0.957887
0.686107 0.957304
0.688788 0.95671
0.691467 0.956106
0.694144 0.95549
0.696818 0.954863
0.69949 0.954224
0.702157 0.953574
0.704821 0.952912
0.70748 0.952237
0.710135 0.951551
0.712785 0.950851
0.715428 0.950139
0.718067 0.949413
0.720698 0.948674
0.723323 0.947922
0.725941 0.947156
0.728551 0.946376
0.731153 0.945581
0.733747 0.944772
0.736332 0.943949
0.738908 0.94311
0.741474 0.942255
0.74403 0.941386
0.746576 0.9405
0.749112 0.939599
0.751636 0.938681
0.754148 0.937746
0.756649 0.936794
0.759138 0.935826
0.761614 0.934839
0.764078 0.933835
0.766528 0.932813
0.768964 0.931773
0.771387 0.930714
0.773795 0.929636
0.776189 0.928539
0.778568 0.927423
0.780932 0.926286
0.78328 0.92513
0.785613 0.923953
0.78793 0.922755
0.79023 0.921537
0.792514 0.920297
0.794781 0.919035
0.797032 0.917752
0.799265 0.916446
0.80148 0.915118
0.803678 0.913767
0.805858 0.912392
0.80802 0.910994
0.810163 0.909572
0.812288 0.908127
0.814395 0.906656
0.816482 0.905161
0.818551 0.903641
0.820601 0.902095
0.822631 0.900523
0.824642 0.898926
0.826634 0.897302
0.828606 0.895651
0.830558 0.893974
0.832491 0.892269
0.834404 0.890536
0.836297 0.888775
0.83817 0.886986
0.840023 0.885168
0.841856 0.883322
0.843669 0.881446
0.845462 0.879541
0.847235 0.877606
0.848987 0.87564
0.85072 0.873645
0.852432 0.871618
0.854124 0.869561
0.855797 0.867472
0.857449 0.865351
0.859081 0.863199
0.860693 0.861014
0.862285 0.858797
0.863857 0.856548
0.86541 0.854265
0.866942 0.851949
0.868455 0.849599
0.869949 0.847216
0.871423 0.844799
0.872877 0.842348
0.874312 0.839862
0.875728 0.837341
0.877125 0.834786
0.878502 0.832195
0.879861 0.829569
0.881201 0.826907
0.882522 0.82421
0.883825 0.821477
0.885109 0.818708
0.886375 0.815903
0.887623 0.813061
0.888853 0.810183
0.890065 0.807268
0.891259 0.804316
0.892436 0.801328
0.893595 0.798302
0.894737 0.795239
0.895861 0.79214
0.896969 0.789003
0.89806 0.785829
0.899134 0.782617
0.900192 0.779368
0.901233 0.776082
0.902258 0.772758
0.903267 0.769397
0.904261 0.765999
0.905238 0.762563
0.9062 0.759091
0.907147 0.755581
0.908078 0.752034
0.908995 0.74845
0.909896 0.744829
0.910783 0.741171
0.911655 0.737477
0.912513 0.733746
0.913356 0.72998
0.914186 0.726177
0.915002 0.722338
0.915803 0.718464
0.916592 0.714554
0.917367 0.710609
0.918129 0.70663
0.918877 0.702616
0.919613 0.698568
0.920336 0.694486
0.921046 0.690371
0.921744 0.686223
0.92243 0.682042
0.923104 0.677829
0.923765 0.673584
0.924415 0.669308
0.925053 0.665001
0.92568 0.660664
0.926295 0.656297
0.9269 0.651901
0.927493 0.647476
0.928075 0.643023
0.928646 0.638542
0.929207 0.634035
0.929757 0.629502
0.930297 0.624943
0.930827 0.620359
0.931347 0.615751
0.931856 0.611119
0.932356 0.606465
0.932847 0.601789
0.933328 0.597092
0.933799 0.592375
0.934261 0.587638
0.934714 0.582882
0.935158 0.578108
0.935594 0.573318
0.93602 0.568511
0.936438 0.563689
0.936847 0.558853
0.937248 0.554003
0.937641 0.549141
0.938025 0.544268
0.938402 0.539384
0.93877 0.534491
0.939131 0.529589
0.939484 0.524679
0.939829 0.519763
0.940167 0.514841
0.940498 0.509915
0.940821 0.504986
0.941137 0.500054
0.941446 0.49512
0.941748 0.490187
0.942044 0.485254
0.942332 0.480322
0.942614 0.475394
0.942889 0.470469
0.943158 0.46555
0.94342 0.460636
0.943676 0.45573
0.943926 0.450831
0.94417 0.445942
0.944408 0.441063
0.94464 0.436195
0.944866 0.43134
0.945086 0.426497
0.945301 0.42167
0.94551 0.416857
0.945714 0.412061
0.945912 0.407282
0.946105 0.402521
0.946292 0.397779
0.946475 0.393058
0.946652 0.388358
0.946825 0.383679
0.946992 0.379024
0.947154 0.374392
0.947312 0.369785
0.947465 0.365204
0.947613 0.360648
0.947757 0.35612
0.947896 0.35162
0.948031 0.347148
0.948162 0.342706
0.948288 0.338294
0.94841 0.333913
0.948528 0.329563
0.948641 0.325245
0.948751 0.32096
0.948856 0.316709
0.948958 0.312491
0.949056 0.308308
0.94915 0.304159
0.94924 0.300046
0.949327 0.29597
0.94941 0.291929
0.949489 0.287926
0.949565 0.283959
0.949638 0.280031
0.949707 0.27614
0.949773 0.272288
0.949836 0.268474
0.949895 0.264699
0.949951 0.260963
0.950004 0.257267
0.950054 0.25361
0.950101 0.249993
0.950145 0.246416
0.950186 0.242878
0.950224 0.239381
0.95026 0.235925
0.950292 0.232508
0.950322 0.229132
0.950349 0.225796
0.950374 0.222501
0.950396 0.219246
0.950415 0.216031
0.950432 0.212856
0.950446 0.209722
0.950459 0.206628
0.950468 0.203574
0.950475 0.20056
0.95048 0.197585
0.950483 0.19465
0.950484 0.191755
0.950482 0.188899
0.950478 0.186082
0.950472 0.183303
0.950465 0.180563
0.950455 0.177862
0.950443 0.175199
0.950429 0.172573
0.950413 0.169985
0.950395 0.167435
0.950376 0.164921
0.950354 0.162444
0.950331 0.160004
0.950306 0.1576
0.950279 0.155231
0.950251 0.152898
0.950221 0.1506
0.950189 0.148336
0.950156 0.146107
0.950121 0.143913
0.950085 0.141751
0.950047 0.139623
0.950007 0.137529
0.949967 0.135466
0.949924 0.133436
0.949881 0.131438
0.949836 0.129471
0.949789 0.127535
0.949741 0.12563
0.949692 0.123756
0.949642 0.121911
0.94959 0.120096
0.949538 0.118309
0.949484 0.116552
0.949428 0.114823
0.949372 0.113122
0.949314 0.111449
0.949256 0.109803
0.949196 0.108184
0.949135 0.106591
0.949073 0.105024
0.949011 0.103483
0.948947 0.101968
0.948882 0.100477
0.948816 0.0990112
0.948749 0.0975694
0.948681 0.0961515
0.948613 0.0947571
0.948543 0.0933859
0.948473 0.0920374
0.948401 0.0907113
0.948329 0.0894073
0.948256 0.0881251
0.948182 0.0868642
0.948108 0.0856244
0.948032 0.0844053
0.947956 0.0832066
0.947879 0.0820279
0.947802 0.0808689
0.947723 0.0797293
0.947644 0.0786088
0.947564 0.0775071
0.947484 0.0764238
0.947403 0.0753587
0.947321 0.0743114
0.947239 0.0732816
0.947156 0.0722691
0.947072 0.0712735
0.946988 0.0702946
0.946903 0.069332
0.946818 0.0683856
0.946732 0.067455
0.946646 0.0665399
0.946559 0.0656402
0.946471 0.0647554
0.946383 0.0638855
0.946295 0.06303
0.946206 0.0621888
0.946116 0.0613616
0.946026 0.0605481
0.945936 0.0597482
0.945845 0.0589615
0.945753 0.0581879
0.945662 0.0574272
0.94557 0.056679
0.945477 0.0559432
0.945384 0.0552196
0.945291 0.0545079
0.945197 0.0538079
0.945103 0.0531194
0.945008 0.0524423
0.944914 0.0517763
0.944819 0.0511212
0.944723 0.0504769
0.944627 0.0498431
0.944531 0.0492196
0.944435 0.0486063
0.944338 0.048003
0.944241 0.0474095
0.944143 0.0468256
0.944046 0.0462512
0.943948 0.0456861
0.94385 0.0451301
0.943751 0.0445831
0.943652 0.0440448
0.943553 0.0435153
0.943454 0.0429942
0.943355 0.0424815
0.943255 0.0419769
0.943155 0.0414805
0.943055 0.0409919
0.942955 0.0405111
0.942854 0.0400379
0.942754 0.0395722
0.942653 0.0391139
0.942552 0.0386628
0.94245 0.0382188
0.942349 0.0377818
0.942247 0.0373516
0.942145 0.0369282
0.942043 0.0365114
0.941941 0.036101
0.941839 0.0356971
0.941736 0.0352994
0.941634 0.0349079
0.941531 0.0345224
0.941428 0.0341429
0.941325 0.0337692
0.941222 0.0334013
0.941119 0.033039
0.941016 0.0326822
0.940912 0.0323309
0.940809 0.0319849
0.940705 0.0316441
0.940601 0.0313086
0.940497 0.0309781
0.940394 0.0306525
0.940289 0.0303319
0.940185 0.0300161
0.940081 0.029705
0.939977 0.0293986
0.939873 0.0290967
0.939768 0.0287994
0.939664 0.0285064
0.939559 0.0282178
0.939455 0.0279334
0.93935 0.0276532
0.939245 0.0273772
0.939141 0.0271052
0.939036 0.0268371
0.938931 0.026573
0.938826 0.0263127
0.938721 0.0260562
0.938616 0.0258034
0.938511 0.0255543
0.938406 0.0253087
0.938301 0.0250667
0.938196 0.0248282
0.938091 0.024593
0.937986 0.0243612
0.937881 0.0241328
0.937776 0.0239075
0.937671 0.0236855
0.937565 0.0234666
0.93746 0.0232507
0.937355 0.0230379
0.93725 0.0228281
0.937145 0.0226213
0.93704 0.0224173
0.936935 0.0222161
0.936829 0.0220178
0.936724 0.0218221
0.936619 0.0216292
0.936514 0.021439
0.936409 0.0212513
0.936304 0.0210663
0.936199 0.0208837
0.936094 0.0207037
0.935989 0.0205261
0.935884 0.0203509
0.935779 0.0201781
0.935674 0.0200076
0.935569 0.0198394
0.935465 0.0196735
0.93536 0.0195098
0.935255 0.0193483
0.93515 0.0191889
0.935046 0.0190316
0.934941 0.0188765
0.934836 0.0187234
0.934732 0.0185723
0.934627 0.0184232
0.934523 0.018276
0.934418 0.0181308
0.934314 0.0179875
0.93421 0.017846
0.934106 0.0177064
0.934001 0.0175686
0.933897 0.0174326
0.933793 0.0172983
0.933689 0.0171658
0.933585 0.0170349
0.933481 0.0169057
0.933377 0.0167782
0.933274 0.0166523
0.93317 0.016528
0.933066 0.0164053
0.932963 0.0162841
0.932859 0.0161645
0.932756 0.0160463
0.932652 0.0159297
0.932549 0.0158145
0.932446 0.0157007
0.932343 0.0155884
0.93224 0.0154774
0.932137 0.0153678
0.932034 0.0152596
0.931931 0.0151527
0.931828 0.0150471
0.931725 0.0149428
0.931623 0.0148398
0.93152 0.0147381
0.931418 0.0146376
0.931315 0.0145383
0.931213 0.0144402
0.931111 0.0143433
0.931009 0.0142475
0.930907 0.014153
0.930805 0.0140595
0.930703 0.0139672
0.930601 0.0138759
0.930499 0.0137858
0.930398 0.0136967
0.930296 0.0136087
0.930195 0.0135217
0.930093 0.0134358
0.929992 0.0133508
0.929891 0.0132669
0.92979 0.0131839
0.929689 0.0131019
0.929588 0.0130209
0.929487 0.0129408
0.929387 0.0128616
0.929286 0.0127834
0.929186 0.012706
0.929085 0.0126295
0.928985 0.012554
0.928885 0.0124793
0.928785 0.0124054
0.928685 0.0123324
0.928585 0.0122602
0.928485 0.0121888
0.928385 0.0121183
0.928286 0.0120485
0.928186 0.0119795
0.928087 0.0119113
0.927988 0.0118439
0.927889 0.0117772
0.92779 0.0117113
0.927691 0.0116461
0.927592 0.0115816
0.927493 0.0115179
0.927394 0.0114548
0.927296 0.0113924
0.927197 0.0113308
0.927099 0.0112698
0.927001 0.0112095
0.926903 0.0111498
0.926805 0.0110908
0.926707 0.0110324
0.926609 0.0109747
0.926511 0.0109176
0.926414 0.0108611
0.926316 0.0108052
0.926219 0.01075
0.926121 0.0106953
0.926024 0.0106412
0.925927 0.0105877
0.92583 0.0105348
0.925734 0.0104824
0.925637 0.0104306
0.92554 0.0103793
0.925444 0.0103286
0.925347 0.0102784
0.925251 0.0102288
0.925155 0.0101796
0.925059 0.010131
0.924963 0.0100829
0.924867 0.0100353
0.924771 0.00998822
0.924676 0.00994161
0.92458 0.00989548
0.924485 0.00984984
0.92439 0.00980467
0.924295 0.00975996
0.924199 0.00971572
0.924105 0.00967193
0.92401 0.0096286
0.923915 0.00958571
0.92382 0.00954326
0.923726 0.00950124
0.923632 0.00945965
0.923537 0.00941849
0.923443 0.00937775
0.923349 0.00933741
0.923255 0.00929749
0.923162 0.00925797
0.923068 0.00921885
0.922974 0.00918013
0.922881 0.00914179
0.922788 0.00910384
0.922694 0.00906627
0.922601 0.00902908
0.922508 0.00899226
0.922415 0.0089558
0.922323 0.00891971
0.92223 0.00888398
0.922137 0.0088486
0.922045 0.00881357
0.921953 0.00877888
0.921861 0.00874454
0.921769 0.00871054
0.921677 0.00867687
0.921585 0.00864353
0.921493 0.00861052
0.921401 0.00857784
0.92131 0.00854547
0.921219 0.00851341
0.921127 0.00848167
0.921036 0.00845024
0.920945 0.00841911
0.920854 0.00838829
0.920763 0.00835776
0.920673 0.00832753
0.920582 0.00829759
0.920492 0.00826794
0.920401 0.00823857
0.920311 0.00820948
0.920221 0.00818068
0.920131 0.00815215
0.920041 0.00812389
0.919951 0.0080959
0.919862 0.00806818
0.919772 0.00804072
0.919683 0.00801352
0.919594 0.00798658
0.919504 0.0079599
0.919415 0.00793347
0.919326 0.00790729
0.919238 0.00788135
0.919149 0.00785566
0.91906 0.00783021
0.918972 0.007805
0.918883 0.00778003
0.918795 0.00775529
0.918707 0.00773079
0.918619 0.00770651
0.918531 0.00768246
0.918443 0.00765863
0.918355 0.00763502
0.918268 0.00761164
0.91818 0.00758847
0.918093 0.00756552
0.918006 0.00754278
0.917919 0.00752025
0.917832 0.00749792
0.917745 0.00747581
0.917658 0.0074539
0.917571 0.00743219
0.917485 0.00741068
0.917398 0.00738936
0.917312 0.00736825
0.917226 0.00734732
0.91714 0.00732659
0.917054 0.00730605
0.916968 0.0072857
0.916882 0.00726553
0.916796 0.00724555
0.916711 0.00722575
0.916625 0.00720612
0.91654 0.00718668
0.916455 0.00716742
0.91637 0.00714832
0.916285 0.00712941
0.9162 0.00711066
0.916115 0.00709208
0.916031 0.00707368
0.915946 0.00705543
0.915862 0.00703736
0.915777 0.00701944
0.915693 0.00700169
0.915609 0.0069841
0.915525 0.00696666
0.915441 0.00694939
0.915357 0.00693226
0.915274 0.0069153
0.91519 0.00689848
0.915107 0.00688182
0.915023 0.0068653
0.91494 0.00684893
0.914857 0.00683271
0.914774 0.00681663
0.914691 0.0068007
0.914608 0.00678491
0.914526 0.00676926
0.914443 0.00675375
0.914361 0.00673838
0.914279 0.00672315
0.914196 0.00670805
0.914114 0.00669309
0.914032 0.00667825
0.91395 0.00666356
0.913868 0.00664899
0.913787 0.00663455
0.913705 0.00662024
0.913624 0.00660605
0.913542 0.006592
0.913461 0.00657806
0.91338 0.00656425
0.913299 0.00655056
0.913218 0.006537
0.913137 0.00652355
0.913056 0.00651023
0.912976 0.00649702
0.912895 0.00648393
0.912815 0.00647095
0.912735 0.00645809
0.912654 0.00644534
0.912574 0.0064327
0.912494 0.00642018
0.912415 0.00640777
0.912335 0.00639546
0.912255 0.00638327
0.912176 0.00637118
0.912096 0.0063592
0.912017 0.00634733
0.911938 0.00633556
0.911858 0.00632389
0.911779 0.00631233
0.9117 0.00630087
0.911622 0.00628951
0.911543 0.00627825
0.911464 0.00626709
0.911386 0.00625603
0.911307 0.00624507
0.911229 0.0062342
0.911151 0.00622343
0.911073 0.00621276
0.910995 0.00620217
0.910917 0.00619169
0.910839 0.00618129
0.910761 0.00617099
0.910684 0.00616078
0.910606 0.00615065
0.910529 0.00614062
0.910452 0.00613068
0.910374 0.00612082
0.910297 0.00611105
0.91022 0.00610137
0.910143 0.00609178
0.910067 0.00608227
0.90999 0.00607284
0.909913 0.0060635
0.909837 0.00605423
0.909761 0.00604506
0.909684 0.00603596
0.909608 0.00602694
0.909532 0.00601801
0.909456 0.00600915
0.90938 0.00600038
0.909304 0.00599168
0.909229 0.00598305
0.909153 0.00597451
0.909078 0.00596604
0.909002 0.00595765
0.908927 0.00594933
0.908852 0.00594109
0.908777 0.00593292
0.908702 0.00592482
0.908627 0.0059168
0.908552 0.00590884
0.908477 0.00590096
0.908403 0.00589315
0.908328 0.00588541
0.908254 0.00587774
0.908179 0.00587014
0.908105 0.00586261
0.908031 0.00585515
0.907957 0.00584775
0.907883 0.00584042
0.907809 0.00583316
0.907735 0.00582596
0.907662 0.00581882
0.907588 0.00581176
0.907515 0.00580475
0.907441 0.00579781
0.907368 0.00579094
0.907295 0.00578412
0.907222 0.00577737
0.907149 0.00577068
0.907076 0.00576405
0.907003 0.00575749
0.90693 0.00575098
0.906858 0.00574453
0.906785 0.00573814
0.906713 0.00573181
0.90664 0.00572554
0.906568 0.00571933
0.906496 0.00571318
0.906424 0.00570708
0.906352 0.00570104
0.90628 0.00569505
0.906208 0.00568912
0.906137 0.00568325
0.906065 0.00567743
0.905993 0.00567167
0.905922 0.00566596
0.905851 0.0056603
0.905779 0.0056547
0.905708 0.00564915
0.905637 0.00564365
0.905566 0.0056382
0.905495 0.00563281
0.905425 0.00562747
0.905354 0.00562218
0.905283 0.00561694
0.905213 0.00561174
0.905142 0.0056066
0.905072 0.00560151
0.905002 0.00559647
0.904931 0.00559148
0.904861 0.00558653
0.904791 0.00558163
0.904721 0.00557678
0.904652 0.00557198
0.904582 0.00556722
0.904512 0.00556252
0.904443 0.00555785
0.904373 0.00555324
0.904304 0.00554866
0.904235 0.00554414
0.904165 0.00553966
0.904096 0.00553522
0.904027 0.00553083
0.903958 0.00552648
0.903889 0.00552217
0.903821 0.00551791
0.903752 0.00551369
0.903683 0.00550952
0.903615 0.00550538
0.903546 0.00550129
0.903478 0.00549724
0.90341 0.00549323
0.903342 0.00548927
0.903273 0.00548534
0.903205 0.00548145
0.903137 0.00547761
0.90307 0.0054738
0.903002 0.00547004
0.902934 0.00546631
0.902867 0.00546262
0.902799 0.00545897
0.902732 0.00545536
0.902664 0.00545179
0.902597 0.00544826
0.90253 0.00544476
0.902463 0.0054413
0.902396 0.00543788
0.902329 0.0054345
0.902262 0.00543115
0.902195 0.00542784
0.902128 0.00542457
0.902062 0.00542133
0.901995 0.00541812
0.901929 0.00541496
0.901863 0.00541182
0.901796 0.00540873
0.90173 0.00540566
0.901664 0.00540264
0.901598 0.00539964
0.901532 0.00539668
0.901466 0.00539376
0.9014 0.00539086
0.901335 0.00538801
0.901269 0.00538518
0.901203 0.00538239
0.901138 0.00537963
0.901072 0.0053769
0.901007 0.0053742
0.900942 0.00537154
0.900877 0.0053689
0.900812 0.0053663
0.900747 0.00536374
0.900682 0.0053612
0.900617 0.00535869
0.900552 0.00535621
0.900487 0.00535377
0.900423 0.00535135
0.900358 0.00534897
0.900294 0.00534661
0.900229 0.00534428
0.900165 0.00534199
0.900101 0.00533972
0.900036 0.00533748
0.899972 0.00533527
0.899908 0.00533309
0.899844 0.00533094
0.899781 0.00532882
0.899717 0.00532672
0.899653 0.00532465
0.899589 0.00532261
0.899526 0.0053206
0.899462 0.00531862
0.899399 0.00531666
0.899336 0.00531473
0.899272 0.00531282
0.899209 0.00531095
0.899146 0.0053091
0.899083 0.00530727
0.89902 0.00530548
0.898957 0.0053037
0.898894 0.00530196
0.898832 0.00530024
0.898769 0.00529854
0.898706 0.00529687
0.898644 0.00529523
0.898581 0.00529361
0.898519 0.00529202
0.898457 0.00529045
0.898394 0.0052889
0.898332 0.00528738
0.89827 0.00528588
0.898208 0.00528441
0.898146 0.00528296
0.898084 0.00528154
0.898023 0.00528014
0.897961 0.00527876
0.897899 0.0052774
0.897838 0.00527607
0.897776 0.00527476
0.897715 0.00527348
0.897653 0.00527221
0.897592 0.00527097
0.897531 0.00526976
0.89747 0.00526856
0.897408 0.00526739
0.897347 0.00526624
0.897286 0.00526511
0.897226 0.005264
0.897165 0.00526291
0.897104 0.00526185
0.897043 0.0052608
0.896983 0.00525978
0.896922 0.00525878
0.896862 0.0052578
0.896801 0.00525684
0.896741 0.0052559
0.896681 0.00525498
0.89662 0.00525408
0.89656 0.00525321
0.8965 0.00525235
0.89644 0.00525151
0.89638 0.00525069
0.89632 0.0052499
0.896261 0.00524912
0.896201 0.00524836
0.896141 0.00524762
0.896082 0.0052469
0.896022 0.0052462
0.895963 0.00524552
0.895903 0.00524485
0.895844 0.00524421
0.895785 0.00524358
0.895725 0.00524298
0.895666 0.00524239
0.895607 0.00524182
0.895548 0.00524127
0.895489 0.00524073
0.89543 0.00524022
0.895372 0.00523972
0.895313 0.00523924
0.895254 0.00523878
0.895196 0.00523833
0.895137 0.00523791
0.895079 0.0052375
0.89502 0.0052371
0.894962 0.00523673
0.894904 0.00523637
0.894845 0.00523603
0.894787 0.0052357
0.894729 0.0052354
0.894671 0.0052351
0.894613 0.00523483
0.894555 0.00523457
0.894497 0.00523433
0.894439 0.0052341
0.894382 0.0052339
0.894324 0.0052337
0.894267 0.00523352
0.894209 0.00523336
0.894152 0.00523322
0.894094 0.00523309
0.894037 0.00523297
0.893979 0.00523287
0.893922 0.00523279
0.893865 0.00523272
0.893808 0.00523267
0.893751 0.00523263
0.893694 0.00523261
0.893637 0.0052326
0.89358 0.0052326
0.893523 0.00523263
0.893467 0.00523266
0.89341 0.00523271
0.893353 0.00523278
0.893297 0.00523286
0.89324 0.00523295
0.893184 0.00523306
0.893127 0.00523318
0.893071 0.00523332
0.893015 0.00523347
0.892959 0.00523363
0.892903 0.00523381
0.892846 0.005234
0.89279 0.00523421
0.892734 0.00523442
0.892679 0.00523466
0.892623 0.0052349
0.892567 0.00523516
0.892511 0.00523543
0.892456 0.00523572
0.8924 0.00523602
0.892344 0.00523633
0.892289 0.00523665
0.892233 0.00523699
0.892178 0.00523734
0.892123 0.0052377
0.892067 0.00523808
0.892012 0.00523847
0.891957 0.00523887
0.891902 0.00523928
0.891847 0.00523971
0.891792 0.00524015
0.891737 0.0052406
0.891682 0.00524106
0.891627 0.00524153
0.891573 0.00524202
0.891518 0.00524252
0.891463 0.00524303
0.891409 0.00524355
0.891354 0.00524408
0.8913 0.00524463
0.891245 0.00524518
0.891191 0.00524575
0.891137 0.00524633
0.891082 0.00524692
0.891028 0.00524752
0.890974 0.00524814
0.89092 0.00524876
0.890866 0.0052494
0.890812 0.00525004
0.890758 0.0052507
0.890704 0.00525137
0.89065 0.00525205
0.890597 0.00525274
0.890543 0.00525344
0.890489 0.00525415
0.890436 0.00525488
0.890382 0.00525561
0.890329 0.00525635
0.890275 0.00525711
0.890222 0.00525787
0.890168 0.00525865
0.890115 0.00525943
0.890062 0.00526023
0.890009 0.00526103
0.889956 0.00526185
0.889902 0.00526267
0.889849 0.00526351
0.889796 0.00526435
0.889744 0.00526521
0.889691 0.00526607
0.889638 0.00526695
0.889585 0.00526783
0.889532 0.00526872
0.88948 0.00526963
0.889427 0.00527054
0.889375 0.00527146
0.889322 0.00527239
0.88927 0.00527333
0.889217 0.00527429
0.889165 0.00527524
0.889113 0.00527621
0.88906 0.00527719
0.889008 0.00527818
0.888956 0.00527917
0.888904 0.00528018
0.888852 0.00528119
0.8888 0.00528222
0.888748 0.00528325
0.888696 0.00528429
0.888644 0.00528534
0.888592 0.0052864
0.888541 0.00528746
0.888489 0.00528854
0.888437 0.00528962
0.888386 0.00529071
0.888334 0.00529181
0.888283 0.00529292
0.888231 0.00529404
0.88818 0.00529516
0.888128 0.0052963
0.888077 0.00529744
0.888026 0.00529859
0.887975 0.00529975
0.887924 0.00530092
0.887872 0.00530209
0.887821 0.00530327
0.88777 0.00530446
0.887719 0.00530566
0.887668 0.00530687
0.887618 0.00530808
0.887567 0.0053093
0.887516 0.00531053
0.887465 0.00531177
0.887415 0.00531301
0.887364 0.00531426
0.887313 0.00531552
0.887263 0.00531679
0.887212 0.00531806
0.887162 0.00531935
0.887111 0.00532063
0.887061 0.00532193
0.887011 0.00532323
0.886961 0.00532455
0.88691 0.00532586
0.88686 0.00532719
0.88681 0.00532852
0.88676 0.00532986
0.88671 0.00533121
0.88666 0.00533256
0.88661 0.00533392
0.88656 0.00533529
0.88651 0.00533666
0.88646 0.00533804
0.886411 0.00533943
0.886361 0.00534083
0.886311 0.00534223
0.886262 0.00534364
0.886212 0.00534505
0.886163 0.00534647
0.886113 0.0053479
0.886064 0.00534933
0.886014 0.00535077
0.885965 0.00535222
0.885915 0.00535367
0.885866 0.00535514
0.885817 0.0053566
0.885768 0.00535807
0.885719 0.00535955
0.88567 0.00536104
0.885621 0.00536253
0.885572 0.00536403
0.885523 0.00536553
0.885474 0.00536704
0.885425 0.00536856
0.885376 0.00537008
0.885327 0.00537161
0.885278 0.00537314
0.88523 0.00537468
0.885181 0.00537623
0.885132 0.00537778
0.885084 0.00537934
0.885035 0.0053809
0.884987 0.00538247
0.884938 0.00538404
0.88489 0.00538562
0.884842 0.00538721
0.884793 0.0053888
0.884745 0.0053904
0.884697 0.005392
0.884648 0.00539361
0.8846 0.00539522
0.884552 0.00539684
0.884504 0.00539847
0.884456 0.0054001
0.884408 0.00540173
0.88436 0.00540337
0.884312 0.00540502
0.884264 0.00540667
0.884217 0.00540833
0.884169 0.00540999
0.884121 0.00541166
0.884073 0.00541333
0.884026 0.00541501
0.883978 0.00541669
0.88393 0.00541838
0.883883 0.00542007
0.883835 0.00542177
0.883788 0.00542347
0.88374 0.00542518
0.883693 0.00542689
0.883646 0.00542861
0.883598 0.00543033
0.883551 0.00543206
0.883504 0.00543379
0.883457 0.00543553
0.88341 0.00543727
0.883362 0.00543902
0.883315 0.00544077
0.883268 0.00544253
0.883221 0.00544429
0.883174 0.00544605
0.883127 0.00544782
0.883081 0.0054496
0.883034 0.00545138
0.882987 0.00545316
0.88294 0.00545495
0.882893 0.00545674
0.882847 0.00545854
0.8828 0.00546034
0.882753 0.00546215
0.882707 0.00546396
0.88266 0.00546577
0.882614 0.00546759
0.882567 0.00546942
0.882521 0.00547124
0.882475 0.00547308
0.882428 0.00547491
0.882382 0.00547675
0.882336 0.0054786
0.882289 0.00548045
0.882243 0.0054823
0.882197 0.00548416
0.882151 0.00548602
0.882105 0.00548788
0.882059 0.00548975
0.882013 0.00549163
0.881967 0.0054935
0.881921 0.00549538
0.881875 0.00549727
0.881829 0.00549916
0.881783 0.00550105
0.881737 0.00550295
0.881692 0.00550485
0.881646 0.00550676
0.8816 0.00550866
0.881555 0.00551058
0.881509 0.00551249
0.881463 0.00551441
0.881418 0.00551634
0.881372 0.00551826
0.881327 0.0055202
0.881281 0.00552213
0.881236 0.00552407
0.881191 0.00552601
0.881145 0.00552796
0.8811 0.00552991
0.881055 0.00553186
0.88101 0.00553382
0.880964 0.00553578
0.880919 0.00553774
0.880874 0.00553971
0.880829 0.00554168
0.880784 0.00554365
0.880739 0.00554563
0.880694 0.00554761
0.880649 0.00554959
0.880604 0.00555158
0.880559 0.00555357
0.880514 0.00555557
0.880469 0.00555756
0.880425 0.00555957
0.88038 0.00556157
0.880335 0.00556358
0.88029 0.00556559
0.880246 0.0055676
0.880201 0.00556962
0.880157 0.00557164
0.880112 0.00557366
0.880068 0.00557569
0.880023 0.00557772
0.879979 0.00557975
0.879934 0.00558179
0.87989 0.00558383
0.879845 0.00558587
0.879801 0.00558792
0.879757 0.00558996
0.879713 0.00559201
0.879668 0.00559407
0.879624 0.00559613
0.87958 0.00559819
0.879536 0.00560025
0.879492 0.00560232
0.879448 0.00560438
0.879404 0.00560646
0.87936 0.00560853
0.879316 0.00561061
0.879272 0.00561269
0.879228 0.00561477
0.879184 0.00561686
0.87914 0.00561895
0.879096 0.00562104
0.879053 0.00562313
0.879009 0.00562523
0.878965 0.00562733
0.878921 0.00562943
0.878878 0.00563154
0.878834 0.00563365
0.87879 0.00563576
0.878747 0.00563787
0.878703 0.00563999
0.87866 0.0056421
0.878616 0.00564423
0.878573 0.00564635
0.87853 0.00564848
0.878486 0.0056506
0.878443 0.00565274
0.8784 0.00565487
0.878356 0.00565701
0.878313 0.00565914
0.87827 0.00566129
0.878227 0.00566343
0.878183 0.00566558
0.87814 0.00566773
0.878097 0.00566988
0.878054 0.00567203
0.878011 0.00567419
0.877968 0.00567634
0.877925 0.00567851
0.877882 0.00568067
0.877839 0.00568283
0.877796 0.005685
0.877753 0.00568717
0.87771 0.00568935
0.877668 0.00569152
0.877625 0.0056937
0.877582 0.00569588
0.877539 0.00569806
0.877497 0.00570024
0.877454 0.00570243
0.877411 0.00570462
0.877369 0.00570681
0.877326 0.005709
0.877284 0.00571119
0.877241 0.00571339
0.877199 0.00571559
0.877156 0.00571779
0.877114 0.00571999
0.877071 0.0057222
0.877029 0.00572441
0.876986 0.00572662
0.876944 0.00572883
0.876902 0.00573104
0.87686 0.00573326
0.876817 0.00573548
0.876775 0.0057377
0.876733 0.00573992
0.876691 0.00574214
0.876649 0.00574437
0.876606 0.0057466
0.876564 0.00574883
0.876522 0.00575106
0.87648 0.00575329
0.876438 0.00575553
0.876396 0.00575777
0.876354 0.00576001
0.876312 0.00576225
0.87627 0.00576449
0.876229 0.00576674
0.876187 0.00576898
0.876145 0.00577123
0.876103 0.00577348
0.876061 0.00577574
0.87602 0.00577799
0.875978 0.00578025
0.875936 0.0057825
0.875895 0.00578476
0.875853 0.00578703
0.875811 0.00578929
0.87577 0.00579156
0.875728 0.00579382
0.875687 0.00579609
0.875645 0.00579836
0.875604 0.00580063
0.875562 0.00580291
0.875521 0.00580518
0.875479 0.00580746
0.875438 0.00580974
0.875397 0.00581202
0.875355 0.0058143
0.875314 0.00581659
0.875273 0.00581887
0.875231 0.00582116
0.87519 0.00582345
0.875149 0.00582574
0.875108 0.00582803
0.875067 0.00583032
0.875026 0.00583262
0.874984 0.00583492
0.874943 0.00583722
0.874902 0.00583952
0.874861 0.00584182
0.87482 0.00584412
0.874779 0.00584642
0.874738 0.00584873
0.874697 0.00585104
0.874656 0.00585335
0.874616 0.00585566
0.874575 0.00585797
0.874534 0.00586028
0.874493 0.0058626
0.874452 0.00586492
0.874412 0.00586723
0.874371 0.00586955
0.87433 0.00587187
0.874289 0.0058742
0.874249 0.00587652
0.874208 0.00587884
0.874167 0.00588117
0.874127 0.0058835
0.874086 0.00588583
0.874046 0.00588816
0.874005 0.00589049
0.873965 0.00589282
0.873924 0.00589516
0.873884 0.0058975
0.873843 0.00589983
0.873803 0.00590217
0.873762 0.00590451
0.873722 0.00590685
0.873682 0.0059092
0.873641 0.00591154
0.873601 0.00591389
0.873561 0.00591623
0.873521 0.00591858
0.87348 0.00592093
0.87344 0.00592328
0.8734 0.00592563
0.87336 0.00592798
0.87332 0.00593034
0.873279 0.00593269
0.873239 0.00593505
0.873199 0.00593741
0.873159 0.00593977
0.873119 0.00594213
0.873079 0.00594449
0.873039 0.00594685
0.872999 0.00594922
0.872959 0.00595158
0.872919 0.00595395
0.872879 0.00595631
0.87284 0.00595868
0.8728 0.00596105
0.87276 0.00596342
0.87272 0.00596579
0.87268 0.00596817
0.87264 0.00597054
0.872601 0.00597292
0.872561 0.00597529
0.872521 0.00597767
0.872482 0.00598005
0.872442 0.00598243
0.872402 0.00598481
0.872363 0.00598719
0.872323 0.00598958
0.872283 0.00599196
0.872244 0.00599434
0.872204 0.00599673
0.872165 0.00599912
0.872125 0.00600151
0.872086 0.0060039
0.872046 0.00600629
0.872007 0.00600868
0.871967 0.00601107
0.871928 0.00601346
0.871889 0.00601586
0.871849 0.00601825
0.87181 0.00602065
0.87177 0.00602305
0.871731 0.00602544
0.871692 0.00602784
0.871653 0.00603024
0.871613 0.00603265
0.871574 0.00603505
0.871535 0.00603745
0.871496 0.00603985
0.871457 0.00604226
0.871417 0.00604467
0.871378 0.00604707
0.871339 0.00604948
0.8713 0.00605189
0.871261 0.0060543
0.871222 0.00605671
0.871183 0.00605912
0.871144 0.00606153
0.871105 0.00606395
0.871066 0.00606636
0.871027 0.00606878
0.870988 0.00607119
0.870949 0.00607361
0.87091 0.00607603
0.870871 0.00607845
0.870832 0.00608087
0.870793 0.00608329
0.870755 0.00608571
0.870716 0.00608813
0.870677 0.00609055
0.870638 0.00609298
0.8706 0.0060954
0.870561 0.00609783
0.870522 0.00610025
0.870483 0.00610268
0.870445 0.00610511
0.870406 0.00610754
0.870367 0.00610997
0.870329 0.0061124
0.87029 0.00611483
0.870251 0.00611726
0.870213 0.00611969
0.870174 0.00612212
0.870136 0.00612456
0.870097 0.00612699
0.870059 0.00612943
0.87002 0.00613187
0.869982 0.0061343
0.869943 0.00613674
0.869905 0.00613918
0.869866 0.00614162
0.869828 0.00614406
0.86979 0.0061465
0.869751 0.00614894
0.869713 0.00615139
0.869675 0.00615383
0.869636 0.00615628
0.869598 0.00615872
0.86956 0.00616117
0.869521 0.00616361
0.869483 0.00616606
0.869445 0.00616851
0.869407 0.00617096
0.869368 0.0061734
0.86933 0.00617585
0.869292 0.0061783
0.869254 0.00618076
0.869216 0.00618321
0.869178 0.00618566
0.86914 0.00618811
0.869101 0.00619057
0.869063 0.00619302
0.869025 0.00619548
0.868987 0.00619793
0.868949 0.00620039
0.868911 0.00620285
0.868873 0.00620531
0.868835 0.00620777
0.868797 0.00621022
0.868759 0.00621268
0.868721 0.00621515
0.868683 0.00621761
0.868646 0.00622007
0.868608 0.00622253
0.86857 0.00622499
0.868532 0.00622746
0.868494 0.00622992
0.868456 0.00623239
0.868418 0.00623485
0.868381 0.00623732
0.868343 0.00623979
0.868305 0.00624225
0.868267 0.00624472
0.86823 0.00624719
0.868192 0.00624966
0.868154 0.00625213
0.868116 0.0062546
0.868079 0.00625707
0.868041 0.00625955
0.868003 0.00626202
0.867966 0.00626449
0.867928 0.00626696
0.867891 0.00626944
0.867853 0.00627191
0.867815 0.00627439
0.867778 0.00627686
0.86774 0.00627934
0.867703 0.00628182
0.867665 0.0062843
0.867628 0.00628677
0.86759 0.00628925
0.867553 0.00629173
0.867515 0.00629421
0.867478 0.00629669
0.86744 0.00629917
0.867403 0.00630166
0.867366 0.00630414
0.867328 0.00630662
0.867291 0.0063091
0.867253 0.00631159
0.867216 0.00631407
0.867179 0.00631656
0.867141 0.00631904
0.867104 0.00632153
0.867067 0.00632401
0.86703 0.0063265
0.866992 0.00632899
0.866955 0.00633148
0.866918 0.00633397
0.866881 0.00633646
0.866843 0.00633895
0.866806 0.00634144
0.866769 0.00634393
0.866732 0.00634642
0.866695 0.00634891
0.866657 0.0063514
0.86662 0.00635389
0.866583 0.00635639
0.866546 0.00635888
0.866509 0.00636138
0.866472 0.00636387
0.866435 0.00636637
0.866398 0.00636886
0.866361 0.00637136
0.866324 0.00637385
0.866287 0.00637635
0.86625 0.00637885
0.866213 0.00638135
0.866176 0.00638385
0.866139 0.00638635
0.866102 0.00638885
0.866065 0.00639135
0.866028 0.00639385
0.865991 0.00639635
0.865954 0.00639885
0.865917 0.00640135
0.86588 0.00640385
0.865843 0.00640636
0.865806 0.00640886
0.865769 0.00641137
0.865733 0.00641387
0.865696 0.00641637
0.865659 0.00641888
0.865622 0.00642139
0.865585 0.00642389
0.865549 0.0064264
0.865512 0.00642891
0.865475 0.00643141
0.865438 0.00643392
0.865401 0.00643643
0.865365 0.00643894
0.865328 0.00644145
0.865291 0.00644396
0.865255 0.00644647
0.865218 0.00644898
0.865181 0.00645149
0.865145 0.00645401
0.865108 0.00645652
0.865071 0.00645903
0.865035 0.00646154
0.864998 0.00646406
0.864961 0.00646657
0.864925 0.00646909
0.864888 0.0064716
0.864852 0.00647412
0.864815 0.00647663
0.864778 0.00647915
0.864742 0.00648167
0.864705 0.00648418
0.864669 0.0064867
0.864632 0.00648922
0.864596 0.00649174
0.864559 0.00649426
0.864523 0.00649678
0.864486 0.0064993
0.86445 0.00650182
0.864413 0.00650434
0.864377 0.00650686
0.86434 0.00650938
0.864304 0.0065119
0.864268 0.00651443
0.864231 0.00651695
0.864195 0.00651947
0.864158 0.006522
0.864122 0.00652452
0.864086 0.00652705
0.864049 0.00652957
0.864013 0.0065321
0.863977 0.00653462
0.86394 0.00653715
0.863904 0.00653968
0.863868 0.0065422
0.863831 0.00654473
0.863795 0.00654726
0.863759 0.00654979
0.863722 0.00655232
0.863686 0.00655484
0.86365 0.00655737
0.863614 0.00655991
0.863577 0.00656244
0.863541 0.00656497
0.863505 0.0065675
0.863469 0.00657003
0.863433 0.00657256
0.863396 0.0065751
0.86336 0.00657763
0.863324 0.00658016
0.863288 0.0065827
0.863252 0.00658523
0.863215 0.00658777
0.863179 0.0065903
0.863143 0.00659284
0.863107 0.00659537
0.863071 0.00659791
0.863035 0.00660045
0.862999 0.00660298
0.862963 0.00660552
0.862927 0.00660806
0.86289 0.0066106
0.862854 0.00661314
0.862818 0.00661568
0.862782 0.00661822
0.862746 0.00662076
0.86271 0.0066233
0.862674 0.00662584
0.862638 0.00662838
0.862602 0.00663092
0.862566 0.00663346
0.86253 0.00663601
0.862494 0.00663855
0.862458 0.00664109
0.862422 0.00664364
0.862386 0.00664618
0.86235 0.00664873
0.862314 0.00665127
0.862278 0.00665382
0.862242 0.00665636
0.862206 0.00665891
0.86217 0.00666146
0.862134 0.00666401
0.862099 0.00666655
0.862063 0.0066691
0.862027 0.00667165
0.861991 0.0066742
0.861955 0.00667675
0.861919 0.0066793
0.861883 0.00668185
0.861847 0.0066844
0.861811 0.00668695
0.861776 0.0066895
0.86174 0.00669205
0.861704 0.00669461
0.861668 0.00669716
0.861632 0.00669971
0.861596 0.00670227
0.861561 0.00670482
0.861525 0.00670738
0.861489 0.00670993
0.861453 0.00671249
0.861417 0.00671504
0.861382 0.0067176
0.861346 0.00672015
0.86131 0.00672271
0.861274 0.00672527
0.861239 0.00672783
0.861203 0.00673039
0.861167 0.00673294
0.861131 0.0067355
0.861096 0.00673806
0.86106 0.00674062
0.861024 0.00674318
0.860988 0.00674574
0.860953 0.00674831
0.860917 0.00675087
0.860881 0.00675343
0.860846 0.00675599
0.86081 0.00675856
0.860774 0.00676112
0.860739 0.00676368
0.860703 0.00676625
0.860667 0.00676881
0.860632 0.00677138
0.860596 0.00677394
0.86056 0.00677651
0.860525 0.00677908
0.860489 0.00678164
0.860453 0.00678421
0.860418 0.00678678
0.860382 0.00678935
0.860347 0.00679192
0.860311 0.00679448
0.860275 0.00679705
0.86024 0.00679962
0.860204 0.00680219
0.860169 0.00680477
0.860133 0.00680734
0.860097 0.00680991
0.860062 0.00681248
0.860026 0.00681505
0.859991 0.00681763
0.859955 0.0068202
0.859919 0.00682278
0.859884 0.00682535
0.859848 0.00682793
0.859813 0.0068305
0.859777 0.00683308
0.859742 0.00683565
0.859706 0.00683823
0.859671 0.00684081
0.859635 0.00684339
0.8596 0.00684596
0.859564 0.00684854
0.859529 0.00685112
0.859493 0.0068537
0.859458 0.00685628
0.859422 0.00685886
0.859387 0.00686144
0.859351 0.00686402
0.859316 0.00686661
0.85928 0.00686919
0.859245 0.00687177
0.859209 0.00687435
0.859174 0.00687694
0.859138 0.00687952
0.859103 0.00688211
0.859067 0.00688469
0.859032 0.00688728
0.858996 0.00688987
0.858961 0.00689245
0.858925 0.00689504
0.85889 0.00689763
0.858854 0.00690021
0.858819 0.0069028
0.858784 0.00690539
0.858748 0.00690798
0.858713 0.00691057
0.858677 0.00691316
0.858642 0.00691575
0.858606 0.00691835
0.858571 0.00692094
0.858536 0.00692353
0.8585 0.00692612
0.858465 0.00692872
0.858429 0.00693131
0.858394 0.00693391
0.858359 0.0069365
0.858323 0.0069391
0.858288 0.00694169
0.858252 0.00694429
0.858217 0.00694689
0.858182 0.00694948
0.858146 0.00695208
0.858111 0.00695468
0.858075 0.00695728
0.85804 0.00695988
0.858005 0.00696248
0.857969 0.00696508
0.857934 0.00696768
0.857898 0.00697028
0.857863 0.00697288
0.857828 0.00697549
0.857792 0.00697809
0.857757 0.00698069
0.857722 0.0069833
0.857686 0.0069859
0.857651 0.00698851
0.857615 0.00699112
0.85758 0.00699372
0.857545 0.00699633
0.857509 0.00699894
0.857474 0.00700154
0.857439 0.00700415
0.857403 0.00700676
0.857368 0.00700937
0.857333 0.00701198
0.857297 0.00701459
0.857262 0.0070172
0.857227 0.00701982
0.857191 0.00702243
0.857156 0.00702504
0.857121 0.00702765
0.857085 0.00703027
0.85705 0.00703288
0.857015 0.0070355
0.856979 0.00703811
0.856944 0.00704073
0.856909 0.00704335
0.856873 0.00704596
0.856838 0.00704858
0.856803 0.0070512
0.856767 0.00705382
0.856732 0.00705644
0.856697 0.00705906
0.856661 0.00706168
0.856626 0.0070643
0.856591 0.00706692
0.856555 0.00706955
0.85652 0.00707217
0.856485 0.00707479
0.856449 0.00707742
0.856414 0.00708004
0.856379 0.00708267
0.856343 0.00708529
0.856308 0.00708792
0.856273 0.00709055
0.856237 0.00709318
0.856202 0.0070958
0.856167 0.00709843
0.856131 0.00710106
0.856096 0.00710369
0.856061 0.00710632
0.856025 0.00710896
0.85599 0.00711159
0.855955 0.00711422
0.855919 0.00711685
0.855884 0.00711949
0.855849 0.00712212
0.855813 0.00712476
0.855778 0.00712739
0.855743 0.00713003
0.855707 0.00713267
0.855672 0.0071353
0.855637 0.00713794
0.855601 0.00714058
0.855566 0.00714322
0.855531 0.00714586
0.855495 0.0071485
0.85546 0.00715114
0.855425 0.00715379
0.855389 0.00715643
0.855354 0.00715907
0.855319 0.00716172
0.855283 0.00716436
0.855248 0.00716701
0.855213 0.00716965
0.855177 0.0071723
0.855142 0.00717495
0.855107 0.00717759
0.855071 0.00718024
0.855036 0.00718289
0.855 0.00718554
0.854965 0.00718819
0.85493 0.00719084
0.854894 0.0071935
0.854859 0.00719615
0.854824 0.0071988
0.854788 0.00720146
0.854753 0.00720411
0.854718 0.00720677
0.854682 0.00720942
0.854647 0.00721208
0.854611 0.00721474
0.854576 0.0072174
0.854541 0.00722005
0.854505 0.00722271
0.85447 0.00722537
0.854435 0.00722803
0.854399 0.0072307
0.854364 0.00723336
0.854328 0.00723602
0.854293 0.00723869
0.854258 0.00724135
0.854222 0.00724402
0.854187 0.00724668
0.854151 0.00724935
0.854116 0.00725202
0.854081 0.00725468
0.854045 0.00725735
0.85401 0.00726002
0.853974 0.00726269
0.853939 0.00726536
0.853904 0.00726803
0.853868 0.00727071
0.853833 0.00727338
0.853797 0.00727605
0.853762 0.00727873
0.853726 0.0072814
0.853691 0.00728408
0.853656 0.00728676
0.85362 0.00728944
0.853585 0.00729211
0.853549 0.00729479
0.853514 0.00729747
0.853478 0.00730015
0.853443 0.00730284
0.853407 0.00730552
0.853372 0.0073082
0.853336 0.00731088
0.853301 0.00731357
0.853266 0.00731625
0.85323 0.00731894
0.853195 0.00732163
0.853159 0.00732432
0.853124 0.007327
0.853088 0.00732969
0.853053 0.00733238
0.853017 0.00733508
0.852982 0.00733777
0.852946 0.00734046
0.852911 0.00734315
0.852875 0.00734585
0.85284 0.00734854
0.852804 0.00735124
0.852768 0.00735393
0.852733 0.00735663
0.852697 0.00735933
0.852662 0.00736203
0.852626 0.00736473
0.852591 0.00736743
0.852555 0.00737013
0.85252 0.00737283
0.852484 0.00737554
0.852449 0.00737824
0.852413 0.00738095
0.852377 0.00738365
0.852342 0.00738636
0.852306 0.00738907
0.852271 0.00739177
0.852235 0.00739448
0.852199 0.00739719
0.852164 0.0073999
0.852128 0.00740262
0.852093 0.00740533
0.852057 0.00740804
0.852021 0.00741076
0.851986 0.00741347
0.85195 0.00741619
0.851914 0.00741891
0.851879 0.00742162
0.851843 0.00742434
0.851807 0.00742706
0.851772 0.00742978
0.851736 0.0074325
0.8517 0.00743523
0.851665 0.00743795
0.851629 0.00744067
0.851593 0.0074434
0.851558 0.00744613
0.851522 0.00744885
0.851486 0.00745158
0.851451 0.00745431
0.851415 0.00745704
0.851379 0.00745977
0.851343 0.0074625
0.851308 0.00746523
0.851272 0.00746797
0.851236 0.0074707
0.8512 0.00747344
0.851165 0.00747617
0.851129 0.00747891
0.851093 0.00748165
0.851057 0.00748439
0.851022 0.00748713
0.850986 0.00748987
0.85095 0.00749261
0.850914 0.00749535
0.850878 0.0074981
0.850843 0.00750084
0.850807 0.00750359
0.850771 0.00750633
0.850735 0.00750908
0.850699 0.00751183
0.850663 0.00751458
0.850627 0.00751733
0.850592 0.00752008
0.850556 0.00752284
0.85052 0.00752559
0.850484 0.00752834
0.850448 0.0075311
0.850412 0.00753386
0.850376 0.00753661
0.85034 0.00753937
0.850304 0.00754213
0.850268 0.00754489
0.850233 0.00754766
0.850197 0.00755042
0.850161 0.00755318
0.850125 0.00755595
0.850089 0.00755871
0.850053 0.00756148
0.850017 0.00756425
0.849981 0.00756702
0.849945 0.00756979
0.849909 0.00757256
0.849873 0.00757533
0.849837 0.0075781
0.849801 0.00758088
0.849765 0.00758365
0.849729 0.00758643
0.849693 0.00758921
0.849656 0.00759199
0.84962 0.00759477
0.849584 0.00759755
0.849548 0.00760033
0.849512 0.00760311
0.849476 0.0076059
0.84944 0.00760868
0.849404 0.00761147
0.849368 0.00761426
0.849332 0.00761704
0.849295 0.00761983
0.849259 0.00762262
0.849223 0.00762542
0.849187 0.00762821
0.849151 0.007631
0.849114 0.0076338
0.849078 0.00763659
0.849042 0.00763939
0.849006 0.00764219
0.84897 0.00764499
0.848933 0.00764779
0.848897 0.00765059
0.848861 0.0076534
0.848825 0.0076562
0.848788 0.00765901
0.848752 0.00766181
0.848716 0.00766462
0.84868 0.00766743
0.848643 0.00767024
0.848607 0.00767305
0.848571 0.00767586
0.848534 0.00767868
0.848498 0.00768149
0.848461 0.00768431
0.848425 0.00768713
0.848389 0.00768994
0.848352 0.00769276
0.848316 0.00769558
0.84828 0.00769841
0.848243 0.00770123
0.848207 0.00770405
0.84817 0.00770688
0.848134 0.00770971
0.848097 0.00771253
0.848061 0.00771536
0.848024 0.00771819
0.847988 0.00772103
0.847951 0.00772386
0.847915 0.00772669
0.847878 0.00772953
0.847842 0.00773237
0.847805 0.0077352
0.847769 0.00773804
0.847732 0.00774088
0.847696 0.00774373
0.847659 0.00774657
0.847622 0.00774941
0.847586 0.00775226
0.847549 0.00775511
0.847513 0.00775796
0.847476 0.0077608
0.847439 0.00776366
0.847403 0.00776651
0.847366 0.00776936
0.847329 0.00777222
0.847293 0.00777507
0.847256 0.00777793
0.847219 0.00778079
0.847182 0.00778365
0.847146 0.00778651
0.847109 0.00778937
0.847072 0.00779224
0.847035 0.0077951
0.846999 0.00779797
0.846962 0.00780084
0.846925 0.00780371
0.846888 0.00780658
0.846851 0.00780945
0.846815 0.00781232
0.846778 0.0078152
0.846741 0.00781807
0.846704 0.00782095
0.846667 0.00782383
0.84663 0.00782671
0.846593 0.00782959
0.846556 0.00783247
0.846519 0.00783536
0.846482 0.00783825
0.846445 0.00784113
0.846408 0.00784402
0.846371 0.00784691
0.846334 0.0078498
0.846297 0.0078527
0.84626 0.00785559
0.846223 0.00785849
0.846186 0.00786138
0.846149 0.00786428
0.846112 0.00786718
0.846075 0.00787008
0.846038 0.00787299
0.846001 0.00787589
0.845964 0.0078788
0.845927 0.0078817
0.845889 0.00788461
0.845852 0.00788752
0.845815 0.00789043
0.845778 0.00789335
0.845741 0.00789626
0.845703 0.00789918
0.845666 0.0079021
0.845629 0.00790502
0.845592 0.00790794
0.845554 0.00791086
0.845517 0.00791378
0.84548 0.00791671
0.845442 0.00791963
0.845405 0.00792256
0.845368 0.00792549
0.84533 0.00792842
0.845293 0.00793136
0.845256 0.00793429
0.845218 0.00793723
0.845181 0.00794016
0.845143 0.0079431
0.845106 0.00794604
0.845068 0.00794898
0.845031 0.00795193
0.844993 0.00795487
0.844956 0.00795782
0.844918 0.00796077
0.844881 0.00796372
0.844843 0.00796667
0.844806 0.00796962
0.844768 0.00797258
0.84473 0.00797553
0.844693 0.00797849
0.844655 0.00798145
0.844618 0.00798441
0.84458 0.00798738
0.844542 0.00799034
0.844505 0.00799331
0.844467 0.00799627
0.844429 0.00799924
0.844391 0.00800221
0.844354 0.00800519
0.844316 0.00800816
0.844278 0.00801114
0.84424 0.00801411
0.844202 0.00801709
0.844165 0.00802007
0.844127 0.00802306
0.844089 0.00802604
0.844051 0.00802903
0.844013 0.00803201
0.843975 0.008035
0.843937 0.008038
0.843899 0.00804099
0.843861 0.00804398
0.843823 0.00804698
0.843785 0.00804998
0.843747 0.00805298
0.843709 0.00805598
0.843671 0.00805898
0.843633 0.00806198
0.843595 0.00806499
0.843557 0.008068
0.843519 0.00807101
0.843481 0.00807402
0.843443 0.00807703
0.843405 0.00808005
0.843366 0.00808307
0.843328 0.00808609
0.84329 0.00808911
0.843252 0.00809213
0.843214 0.00809515
0.843175 0.00809818
0.843137 0.00810121
0.843099 0.00810424
0.84306 0.00810727
0.843022 0.0081103
0.842984 0.00811334
0.842945 0.00811637
0.842907 0.00811941
0.842869 0.00812245
0.84283 0.00812549
0.842792 0.00812854
0.842753 0.00813158
0.842715 0.00813463
0.842676 0.00813768
0.842638 0.00814073
0.842599 0.00814379
0.842561 0.00814684
0.842522 0.0081499
0.842483 0.00815296
0.842445 0.00815602
0.842406 0.00815908
0.842368 0.00816215
0.842329 0.00816521
0.84229 0.00816828
0.842252 0.00817135
0.842213 0.00817443
0.842174 0.0081775
0.842135 0.00818058
0.842097 0.00818366
0.842058 0.00818674
0.842019 0.00818982
0.84198 0.0081929
0.841941 0.00819599
0.841902 0.00819908
0.841864 0.00820217
0.841825 0.00820526
0.841786 0.00820835
0.841747 0.00821145
0.841708 0.00821455
0.841669 0.00821765
0.84163 0.00822075
0.841591 0.00822385
0.841552 0.00822696
0.841513 0.00823007
0.841474 0.00823318
0.841434 0.00823629
0.841395 0.0082394
0.841356 0.00824252
0.841317 0.00824564
0.841278 0.00824876
0.841239 0.00825188
0.841199 0.00825501
0.84116 0.00825813
0.841121 0.00826126
0.841082 0.00826439
0.841042 0.00826753
0.841003 0.00827066
0.840964 0.0082738
0.840924 0.00827694
0.840885 0.00828008
0.840845 0.00828322
0.840806 0.00828637
0.840767 0.00828951
0.840727 0.00829266
0.840688 0.00829582
0.840648 0.00829897
0.840608 0.00830213
0.840569 0.00830528
0.840529 0.00830845
0.84049 0.00831161
0.84045 0.00831477
0.84041 0.00831794
0.840371 0.00832111
0.840331 0.00832428
0.840291 0.00832745
0.840252 0.00833063
0.840212 0.00833381
0.840172 0.00833699
0.840132 0.00834017
0.840092 0.00834336
0.840053 0.00834654
0.840013 0.00834973
0.839973 0.00835292
0.839933 0.00835612
0.839893 0.00835931
0.839853 0.00836251
0.839813 0.00836571
0.839773 0.00836892
0.839733 0.00837212
0.839693 0.00837533
0.839653 0.00837854
0.839613 0.00838175
0.839572 0.00838497
0.839532 0.00838818
0.839492 0.0083914
0.839452 0.00839462
0.839412 0.00839785
0.839372 0.00840107
0.839331 0.0084043
0.839291 0.00840753
0.839251 0.00841076
0.83921 0.008414
0.83917 0.00841724
0.83913 0.00842048
0.839089 0.00842372
0.839049 0.00842697
0.839008 0.00843021
0.838968 0.00843346
0.838927 0.00843672
0.838887 0.00843997
0.838846 0.00844323
0.838806 0.00844649
0.838765 0.00844975
0.838724 0.00845301
0.838684 0.00845628
0.838643 0.00845955
0.838602 0.00846282
0.838561 0.0084661
0.838521 0.00846937
0.83848 0.00847265
0.838439 0.00847593
0.838398 0.00847922
0.838357 0.00848251
0.838317 0.0084858
0.838276 0.00848909
0.838235 0.00849238
0.838194 0.00849568
0.838153 0.00849898
0.838112 0.00850228
0.838071 0.00850558
0.83803 0.00850889
0.837989 0.0085122
0.837947 0.00851551
0.837906 0.00851883
0.837865 0.00852215
0.837824 0.00852547
0.837783 0.00852879
0.837741 0.00853211
0.8377 0.00853544
0.837659 0.00853877
0.837617 0.00854211
0.837576 0.00854544
0.837535 0.00854878
0.837493 0.00855212
0.837452 0.00855547
0.83741 0.00855881
0.837369 0.00856216
0.837327 0.00856551
0.837286 0.00856887
0.837244 0.00857223
0.837203 0.00857559
0.837161 0.00857895
0.837119 0.00858231
0.837078 0.00858568
0.837036 0.00858905
0.836994 0.00859243
0.836952 0.0085958
0.836911 0.00859918
0.836869 0.00860256
0.836827 0.00860595
0.836785 0.00860934
0.836743 0.00861273
0.836701 0.00861612
0.836659 0.00861952
0.836617 0.00862291
0.836575 0.00862632
0.836533 0.00862972
0.836491 0.00863313
0.836449 0.00863654
0.836407 0.00863995
0.836365 0.00864337
0.836322 0.00864678
0.83628 0.00865021
0.836238 0.00865363
0.836196 0.00865706
0.836153 0.00866049
0.836111 0.00866392
0.836068 0.00866736
0.836026 0.0086708
0.835984 0.00867424
0.835941 0.00867768
0.835899 0.00868113
0.835856 0.00868458
0.835813 0.00868803
0.835771 0.00869149
0.835728 0.00869495
0.835686 0.00869841
0.835643 0.00870188
0.8356 0.00870535
0.835557 0.00870882
0.835515 0.00871229
0.835472 0.00871577
0.835429 0.00871925
0.835386 0.00872273
0.835343 0.00872622
0.8353 0.00872971
0.835257 0.0087332
0.835214 0.0087367
0.835171 0.0087402
0.835128 0.0087437
0.835085 0.00874721
0.835042 0.00875071
0.834999 0.00875423
0.834956 0.00875774
0.834912 0.00876126
0.834869 0.00876478
0.834826 0.0087683
0.834782 0.00877183
0.834739 0.00877536
0.834696 0.00877889
0.834652 0.00878243
0.834609 0.00878597
0.834565 0.00878951
0.834522 0.00879306
0.834478 0.00879661
0.834435 0.00880016
0.834391 0.00880372
0.834347 0.00880728
0.834304 0.00881084
0.83426 0.00881441
0.834216 0.00881798
0.834172 0.00882155
0.834129 0.00882512
0.834085 0.0088287
0.834041 0.00883228
0.833997 0.00883587
0.833953 0.00883946
0.833909 0.00884305
0.833865 0.00884665
0.833821 0.00885025
0.833777 0.00885385
0.833733 0.00885745
0.833688 0.00886106
0.833644 0.00886467
0.8336 0.00886829
0.833556 0.00887191
0.833511 0.00887553
0.833467 0.00887916
0.833423 0.00888279
0.833378 0.00888642
0.833334 0.00889006
0.833289 0.0088937
0.833245 0.00889734
0.8332 0.00890099
0.833156 0.00890464
0.833111 0.00890829
0.833066 0.00891195
0.833022 0.00891561
0.832977 0.00891927
0.832932 0.00892294
0.832887 0.00892661
0.832842 0.00893029
0.832798 0.00893397
0.832753 0.00893765
0.832708 0.00894133
0.832663 0.00894502
0.832618 0.00894872
0.832573 0.00895241
0.832527 0.00895611
0.832482 0.00895982
0.832437 0.00896353
0.832392 0.00896724
0.832347 0.00897095
0.832301 0.00897467
0.832256 0.00897839
0.832211 0.00898212
0.832165 0.00898585
0.83212 0.00898958
0.832074 0.00899332
0.832029 0.00899706
0.831983 0.0090008
0.831937 0.00900455
0.831892 0.0090083
0.831846 0.00901206
0.8318 0.00901582
0.831755 0.00901958
0.831709 0.00902335
0.831663 0.00902712
0.831617 0.0090309
0.831571 0.00903468
0.831525 0.00903846
0.831479 0.00904225
0.831433 0.00904604
0.831387 0.00904983
0.831341 0.00905363
0.831295 0.00905743
0.831249 0.00906124
0.831202 0.00906505
0.831156 0.00906886
0.83111 0.00907268
0.831063 0.0090765
0.831017 0.00908033
0.83097 0.00908416
0.830924 0.00908799
0.830877 0.00909183
0.830831 0.00909567
0.830784 0.00909951
0.830738 0.00910336
0.830691 0.00910722
0.830644 0.00911108
0.830597 0.00911494
0.83055 0.00911881
0.830504 0.00912268
0.830457 0.00912655
0.83041 0.00913043
0.830363 0.00913431
0.830316 0.0091382
0.830269 0.00914209
0.830221 0.00914598
0.830174 0.00914988
0.830127 0.00915379
0.83008 0.00915769
0.830032 0.00916161
0.829985 0.00916552
0.829938 0.00916944
0.82989 0.00917337
0.829843 0.0091773
0.829795 0.00918123
0.829748 0.00918517
0.8297 0.00918911
0.829652 0.00919305
0.829605 0.009197
0.829557 0.00920096
0.829509 0.00920492
0.829461 0.00920888
0.829413 0.00921285
0.829365 0.00921682
0.829318 0.0092208
0.829269 0.00922478
0.829221 0.00922876
0.829173 0.00923275
0.829125 0.00923675
0.829077 0.00924075
0.829029 0.00924475
0.82898 0.00924876
0.828932 0.00925277
0.828884 0.00925678
0.828835 0.00926081
0.828787 0.00926483
0.828738 0.00926886
0.82869 0.0092729
0.828641 0.00927694
0.828592 0.00928098
0.828544 0.00928503
0.828495 0.00928908
0.828446 0.00929314
0.828397 0.0092972
0.828348 0.00930127
0.828299 0.00930534
0.82825 0.00930942
0.828201 0.0093135
0.828152 0.00931758
0.828103 0.00932167
0.828054 0.00932577
0.828005 0.00932987
0.827955 0.00933397
0.827906 0.00933808
0.827856 0.00934219
0.827807 0.00934631
0.827757 0.00935044
0.827708 0.00935457
0.827658 0.0093587
0.827609 0.00936284
0.827559 0.00936698
0.827509 0.00937113
0.827459 0.00937528
0.82741 0.00937944
0.82736 0.0093836
0.82731 0.00938777
0.82726 0.00939194
0.82721 0.00939612
0.82716 0.0094003
0.827109 0.00940449
0.827059 0.00940868
0.827009 0.00941288
0.826959 0.00941708
0.826908 0.00942129
0.826858 0.0094255
0.826807 0.00942972
0.826757 0.00943394
0.826706 0.00943817
0.826656 0.0094424
0.826605 0.00944664
0.826554 0.00945088
0.826503 0.00945513
0.826453 0.00945938
0.826402 0.00946364
0.826351 0.00946791
0.8263 0.00947217
0.826249 0.00947645
0.826198 0.00948073
0.826146 0.00948501
0.826095 0.0094893
0.826044 0.0094936
0.825993 0.0094979
0.825941 0.00950221
0.82589 0.00950652
0.825838 0.00951083
0.825787 0.00951516
0.825735 0.00951948
0.825683 0.00952382
0.825632 0.00952815
0.82558 0.0095325
0.825528 0.00953685
0.825476 0.0095412
0.825424 0.00954556
0.825372 0.00954993
0.82532 0.0095543
0.825268 0.00955867
0.825216 0.00956306
0.825164 0.00956744
0.825111 0.00957184
0.825059 0.00957624
0.825007 0.00958064
0.824954 0.00958505
0.824902 0.00958947
0.824849 0.00959389
0.824797 0.00959831
0.824744 0.00960275
0.824691 0.00960718
0.824638 0.00961163
0.824585 0.00961608
0.824532 0.00962053
0.824479 0.009625
0.824426 0.00962946
0.824373 0.00963394
0.82432 0.00963841
0.824267 0.0096429
0.824214 0.00964739
0.82416 0.00965189
0.824107 0.00965639
0.824053 0.0096609
0.824 0.00966541
0.823946 0.00966993
0.823893 0.00967446
0.823839 0.00967899
0.823785 0.00968353
0.823731 0.00968807
0.823677 0.00969262
0.823623 0.00969718
0.823569 0.00970174
0.823515 0.00970631
0.823461 0.00971088
0.823407 0.00971546
0.823353 0.00972005
0.823298 0.00972464
0.823244 0.00972924
0.82319 0.00973384
0.823135 0.00973845
0.82308 0.00974307
0.823026 0.0097477
0.822971 0.00975233
0.822916 0.00975696
0.822861 0.0097616
0.822806 0.00976625
0.822752 0.00977091
0.822696 0.00977557
0.822641 0.00978024
0.822586 0.00978491
0.822531 0.00978959
0.822476 0.00979428
0.82242 0.00979897
0.822365 0.00980367
0.822309 0.00980838
0.822254 0.00981309
0.822198 0.00981781
0.822142 0.00982254
0.822087 0.00982727
0.822031 0.00983201
0.821975 0.00983676
0.821919 0.00984151
0.821863 0.00984627
0.821807 0.00985103
0.821751 0.00985581
0.821694 0.00986059
0.821638 0.00986537
0.821582 0.00987017
0.821525 0.00987496
0.821469 0.00987977
0.821412 0.00988458
0.821355 0.0098894
0.821299 0.00989423
0.821242 0.00989906
0.821185 0.00990391
0.821128 0.00990875
0.821071 0.00991361
0.821014 0.00991847
0.820957 0.00992334
0.820899 0.00992821
0.820842 0.00993309
0.820785 0.00993798
0.820727 0.00994288
0.82067 0.00994778
0.820612 0.00995269
0.820554 0.00995761
0.820497 0.00996254
0.820439 0.00996747
0.820381 0.00997241
0.820323 0.00997735
0.820265 0.00998231
0.820207 0.00998727
0.820149 0.00999224
0.82009 0.00999721
0.820032 0.0100022
0.819974 0.0100072
0.819915 0.0100122
0.819857 0.0100172
0.819798 0.0100222
0.819739 0.0100272
0.819681 0.0100322
0.819622 0.0100373
0.819563 0.0100423
0.819504 0.0100474
0.819445 0.0100524
0.819385 0.0100575
0.819326 0.0100626
0.819267 0.0100676
0.819207 0.0100727
0.819148 0.0100778
0.819088 0.0100829
0.819029 0.010088
0.818969 0.0100932
0.818909 0.0100983
0.818849 0.0101034
0.818789 0.0101086
0.818729 0.0101137
0.818669 0.0101189
0.818609 0.010124
0.818549 0.0101292
0.818488 0.0101344
0.818428 0.0101396
0.818368 0.0101448
0.818307 0.01015
0.818246 0.0101552
0.818185 0.0101604
0.818125 0.0101657
0.818064 0.0101709
0.818003 0.0101761
0.817942 0.0101814
0.81788 0.0101867
0.817819 0.0101919
0.817758 0.0101972
0.817696 0.0102025
0.817635 0.0102078
0.817573 0.0102131
0.817512 0.0102184
0.81745 0.0102237
0.817388 0.010229
0.817326 0.0102344
0.817264 0.0102397
0.817202 0.0102451
0.81714 0.0102504
0.817078 0.0102558
0.817015 0.0102612
0.816953 0.0102666
0.81689 0.010272
0.816828 0.0102774
0.816765 0.0102828
0.816702 0.0102882
0.816639 0.0102937
0.816576 0.0102991
0.816513 0.0103045
0.81645 0.01031
0.816387 0.0103155
0.816323 0.0103209
0.81626 0.0103264
0.816196 0.0103319
0.816133 0.0103374
0.816069 0.0103429
0.816005 0.0103485
0.815941 0.010354
0.815877 0.0103595
0.815813 0.0103651
0.815749 0.0103706
0.815685 0.0103762
0.815621 0.0103818
0.815556 0.0103874
0.815492 0.0103929
0.815427 0.0103985
0.815362 0.0104042
0.815298 0.0104098
0.815233 0.0104154
0.815168 0.0104211
0.815103 0.0104267
0.815037 0.0104324
0.814972 0.010438
0.814907 0.0104437
0.814841 0.0104494
0.814776 0.0104551
0.81471 0.0104608
0.814644 0.0104665
0.814578 0.0104722
0.814512 0.010478
0.814446 0.0104837
0.81438 0.0104895
0.814314 0.0104952
0.814248 0.010501
0.814181 0.0105068
0.814115 0.0105126
0.814048 0.0105184
0.813981 0.0105242
0.813914 0.01053
0.813848 0.0105359
0.81378 0.0105417
0.813713 0.0105476
0.813646 0.0105534
0.813579 0.0105593
0.813511 0.0105652
0.813444 0.0105711
0.813376 0.010577
0.813308 0.0105829
0.81324 0.0105888
0.813172 0.0105948
0.813104 0.0106007
0.813036 0.0106067
0.812968 0.0106127
0.8129 0.0106186
0.812831 0.0106246
0.812762 0.0106306
0.812694 0.0106366
0.812625 0.0106426
0.812556 0.0106487
0.812487 0.0106547
0.812418 0.0106608
0.812349 0.0106668
0.812279 0.0106729
0.81221 0.010679
0.81214 0.0106851
0.812071 0.0106912
0.812001 0.0106973
0.811931 0.0107035
0.811861 0.0107096
0.811791 0.0107157
0.811721 0.0107219
0.81165 0.0107281
0.81158 0.0107343
0.811509 0.0107405
0.811439 0.0107467
0.811368 0.0107529
0.811297 0.0107591
0.811226 0.0107654
0.811155 0.0107716
0.811084 0.0107779
0.811012 0.0107842
0.810941 0.0107904
0.810869 0.0107967
0.810797 0.0108031
0.810726 0.0108094
0.810654 0.0108157
0.810582 0.0108221
0.810509 0.0108284
0.810437 0.0108348
0.810365 0.0108412
0.810292 0.0108476
0.81022 0.010854
0.810147 0.0108604
0.810074 0.0108668
0.810001 0.0108732
0.809928 0.0108797
0.809855 0.0108862
0.809781 0.0108926
0.809708 0.0108991
0.809634 0.0109056
0.809561 0.0109122
0.809487 0.0109187
0.809413 0.0109252
0.809339 0.0109318
0.809264 0.0109383
0.80919 0.0109449
0.809116 0.0109515
0.809041 0.0109581
0.808966 0.0109647
0.808892 0.0109713
0.808817 0.010978
0.808742 0.0109846
0.808666 0.0109913
0.808591 0.010998
0.808516 0.0110047
0.80844 0.0110114
0.808364 0.0110181
0.808288 0.0110248
0.808212 0.0110316
0.808136 0.0110383
0.80806 0.0110451
0.807984 0.0110519
0.807907 0.0110587
0.807831 0.0110655
0.807754 0.0110723
0.807677 0.0110792
0.8076 0.011086
0.807523 0.0110929
0.807445 0.0110998
0.807368 0.0111067
0.80729 0.0111136
0.807213 0.0111205
0.807135 0.0111274
0.807057 0.0111344
0.806979 0.0111413
0.806901 0.0111483
0.806822 0.0111553
0.806744 0.0111623
0.806665 0.0111693
0.806586 0.0111763
0.806507 0.0111834
0.806428 0.0111904
0.806349 0.0111975
0.80627 0.0112046
0.80619 0.0112117
0.80611 0.0112188
0.806031 0.011226
0.805951 0.0112331
0.805871 0.0112403
0.80579 0.0112474
0.80571 0.0112546
0.80563 0.0112618
0.805549 0.0112691
0.805468 0.0112763
0.805387 0.0112835
0.805306 0.0112908
0.805225 0.0112981
0.805144 0.0113054
0.805062 0.0113127
0.80498 0.01132
0.804899 0.0113274
0.804817 0.0113347
0.804735 0.0113421
0.804652 0.0113495
0.80457 0.0113569
0.804487 0.0113643
0.804405 0.0113717
0.804322 0.0113792
0.804239 0.0113867
0.804155 0.0113941
0.804072 0.0114016
0.803989 0.0114092
0.803905 0.0114167
0.803821 0.0114242
0.803737 0.0114318
0.803653 0.0114394
0.803569 0.011447
0.803484 0.0114546
0.8034 0.0114622
0.803315 0.0114698
0.80323 0.0114775
0.803145 0.0114852
0.80306 0.0114929
0.802975 0.0115006
0.802889 0.0115083
0.802803 0.0115161
0.802717 0.0115238
0.802631 0.0115316
0.802545 0.0115394
0.802459 0.0115472
0.802372 0.011555
0.802286 0.0115629
0.802199 0.0115707
0.802112 0.0115786
0.802025 0.0115865
0.801937 0.0115944
0.80185 0.0116024
0.801762 0.0116103
0.801674 0.0116183
0.801586 0.0116263
0.801498 0.0116343
0.801409 0.0116423
0.801321 0.0116503
0.801232 0.0116584
0.801143 0.0116665
0.801054 0.0116746
0.800965 0.0116827
0.800876 0.0116908
0.800786 0.011699
0.800696 0.0117071
0.800606 0.0117153
0.800516 0.0117235
0.800426 0.0117317
0.800335 0.01174
0.800245 0.0117482
0.800154 0.0117565
0.800063 0.0117648
0.799972 0.0117731
0.79988 0.0117815
0.799789 0.0117898
0.799697 0.0117982
0.799605 0.0118066
0.799513 0.011815
0.79942 0.0118235
0.799328 0.0118319
0.799235 0.0118404
0.799142 0.0118489
0.799049 0.0118574
0.798956 0.0118659
0.798863 0.0118745
0.798769 0.011883
0.798675 0.0118916
0.798581 0.0119002
0.798487 0.0119089
0.798393 0.0119175
0.798298 0.0119262
0.798203 0.0119349
0.798108 0.0119436
0.798013 0.0119524
0.797918 0.0119611
0.797822 0.0119699
0.797726 0.0119787
0.79763 0.0119875
0.797534 0.0119963
0.797438 0.0120052
0.797341 0.0120141
0.797244 0.012023
0.797147 0.0120319
0.79705 0.0120409
0.796953 0.0120498
0.796855 0.0120588
0.796757 0.0120678
0.796659 0.0120769
0.796561 0.0120859
0.796463 0.012095
0.796364 0.0121041
0.796265 0.0121132
0.796166 0.0121224
0.796067 0.0121316
0.795968 0.0121407
0.795868 0.01215
0.795768 0.0121592
0.795668 0.0121685
0.795568 0.0121777
0.795467 0.012187
0.795366 0.0121964
0.795265 0.0122057
0.795164 0.0122151
0.795063 0.0122245
0.794961 0.0122339
0.794859 0.0122434
0.794757 0.0122528
0.794655 0.0122623
0.794552 0.0122718
0.79445 0.0122814
0.794347 0.0122909
0.794243 0.0123005
0.79414 0.0123102
0.794036 0.0123198
0.793933 0.0123295
0.793828 0.0123391
0.793724 0.0123489
0.79362 0.0123586
0.793515 0.0123684
0.79341 0.0123781
0.793304 0.012388
0.793199 0.0123978
0.793093 0.0124077
0.792987 0.0124175
0.792881 0.0124275
0.792775 0.0124374
0.792668 0.0124474
0.792561 0.0124574
0.792454 0.0124674
0.792346 0.0124774
0.792239 0.0124875
0.792131 0.0124976
0.792023 0.0125077
0.791914 0.0125179
0.791806 0.012528
0.791697 0.0125382
0.791588 0.0125485
0.791478 0.0125587
0.791369 0.012569
0.791259 0.0125793
0.791149 0.0125897
0.791038 0.0126
0.790927 0.0126104
0.790817 0.0126209
0.790705 0.0126313
0.790594 0.0126418
0.790482 0.0126523
0.79037 0.0126628
0.790258 0.0126734
0.790146 0.012684
0.790033 0.0126946
0.78992 0.0127053
0.789807 0.0127159
0.789693 0.0127267
0.789579 0.0127374
0.789465 0.0127482
0.789351 0.012759
0.789236 0.0127698
0.789122 0.0127806
0.789006 0.0127915
0.788891 0.0128024
0.788775 0.0128134
0.788659 0.0128244
0.788543 0.0128354
0.788427 0.0128464
0.78831 0.0128575
0.788193 0.0128686
0.788075 0.0128797
0.787958 0.0128909
0.78784 0.0129021
0.787722 0.0129133
0.787603 0.0129245
0.787484 0.0129358
0.787365 0.0129472
0.787246 0.0129585
0.787126 0.0129699
0.787006 0.0129813
0.786886 0.0129928
0.786765 0.0130042
0.786645 0.0130158
0.786523 0.0130273
0.786402 0.0130389
0.78628 0.0130505
0.786158 0.0130621
0.786036 0.0130738
0.785913 0.0130855
0.78579 0.0130973
0.785667 0.0131091
0.785543 0.0131209
0.78542 0.0131327
0.785295 0.0131446
0.785171 0.0131565
0.785046 0.0131685
0.784921 0.0131805
0.784796 0.0131925
0.78467 0.0132046
0.784544 0.0132167
0.784417 0.0132288
0.784291 0.013241
0.784164 0.0132532
0.784036 0.0132654
0.783909 0.0132777
0.783781 0.01329
0.783652 0.0133024
0.783524 0.0133147
0.783395 0.0133272
0.783265 0.0133396
0.783136 0.0133521
0.783006 0.0133647
0.782876 0.0133772
0.782745 0.0133898
0.782614 0.0134025
0.782483 0.0134152
0.782351 0.0134279
0.782219 0.0134407
0.782087 0.0134535
0.781954 0.0134663
0.781821 0.0134792
0.781687 0.0134921
0.781554 0.0135051
0.781419 0.0135181
0.781285 0.0135311
0.78115 0.0135442
0.781015 0.0135573
0.78088 0.0135705
0.780744 0.0135837
0.780607 0.013597
0.780471 0.0136102
0.780334 0.0136236
0.780196 0.0136369
0.780059 0.0136504
0.779921 0.0136638
0.779782 0.0136773
0.779643 0.0136909
0.779504 0.0137044
0.779365 0.0137181
0.779225 0.0137317
0.779084 0.0137454
0.778944 0.0137592
0.778803 0.013773
0.778661 0.0137868
0.778519 0.0138007
0.778377 0.0138147
0.778234 0.0138286
0.778091 0.0138427
0.777948 0.0138567
0.777804 0.0138708
0.77766 0.013885
0.777515 0.0138992
0.77737 0.0139135
0.777225 0.0139277
0.777079 0.0139421
0.776933 0.0139565
0.776786 0.0139709
0.776639 0.0139854
0.776492 0.0139999
0.776344 0.0140145
0.776195 0.0140291
0.776047 0.0140438
0.775898 0.0140586
0.775748 0.0140733
0.775598 0.0140882
0.775448 0.014103
0.775297 0.0141179
0.775146 0.0141329
0.774994 0.0141479
0.774842 0.014163
0.774689 0.0141781
0.774536 0.0141933
0.774383 0.0142085
0.774229 0.0142238
0.774075 0.0142392
0.77392 0.0142545
0.773765 0.01427
0.773609 0.0142855
0.773453 0.014301
0.773297 0.0143166
0.77314 0.0143322
0.772982 0.0143479
0.772824 0.0143637
0.772666 0.0143795
0.772507 0.0143954
0.772348 0.0144113
0.772188 0.0144273
0.772028 0.0144433
0.771867 0.0144594
0.771706 0.0144755
0.771544 0.0144917
0.771382 0.014508
0.77122 0.0145243
0.771057 0.0145406
0.770893 0.0145571
