0.97114 0.967093
0.971293 0.966995
0.971444 0.966898
0.971593 0.966801
0.971741 0.966703
0.971888 0.966606
0.972033 0.966508
0.972176 0.966411
0.972317 0.966313
0.972458 0.966216
0.972596 0.966118
0.972733 0.966021
0.972869 0.965923
0.973003 0.965826
0.973136 0.965728
0.973268 0.96563
0.973398 0.965533
0.973526 0.965435
0.973654 0.965337
0.973779 0.96524
0.973904 0.965142
0.974027 0.965044
0.974149 0.964947
0.97427 0.964849
0.97439 0.964751
0.974508 0.964654
0.974625 0.964556
0.974741 0.964458
0.974855 0.964361
0.974969 0.964263
0.975081 0.964165
0.975192 0.964068
0.975302 0.96397
0.975411 0.963872
0.975518 0.963775
0.975625 0.963677
0.97573 0.96358
0.975835 0.963482
0.975938 0.963384
0.97604 0.963287
0.976142 0.963189
0.976242 0.963092
0.976341 0.962994
0.976439 0.962897
0.976537 0.962799
0.976633 0.962702
0.976728 0.962605
0.976822 0.962507
0.976916 0.96241
0.977008 0.962312
0.9771 0.962215
0.97719 0.962118
0.97728 0.962021
0.977369 0.961923
0.977457 0.961826
0.977544 0.961729
0.97763 0.961632
0.977716 0.961535
0.9778 0.961438
0.977884 0.961341
0.977967 0.961244
0.978049 0.961147
0.97813 0.96105
0.978211 0.960953
0.97829 0.960856
0.978369 0.960759
0.978447 0.960662
0.978525 0.960566
0.978602 0.960469
0.978677 0.960372
0.978753 0.960276
0.978827 0.960179
0.978901 0.960083
0.978974 0.959986
0.979046 0.95989
0.979118 0.959793
0.979189 0.959697
0.979259 0.959601
0.979329 0.959504
0.979398 0.959408
0.979466 0.959312
0.979534 0.959216
0.979601 0.95912
0.979667 0.959024
0.979733 0.958928
0.979798 0.958832
0.979863 0.958736
0.979927 0.95864
0.97999 0.958545
0.980053 0.958449
0.980115 0.958353
0.980176 0.958258
0.980237 0.958162
0.980298 0.958067
0.980358 0.957971
0.980417 0.957876
0.980476 0.957781
0.980534 0.957686
0.980592 0.95759
0.980649 0.957495
0.980706 0.9574
0.980762 0.957305
0.980817 0.95721
0.980872 0.957116
0.980927 0.957021
0.980981 0.956926
0.981035 0.956831
0.981088 0.956737
0.98114 0.956642
0.981192 0.956548
0.981244 0.956454
0.981295 0.956359
0.981346 0.956265
0.981396 0.956171
0.981446 0.956077
0.981496 0.955983
0.981544 0.955889
0.981593 0.955795
0.981641 0.955701
0.981689 0.955607
0.981736 0.955513
0.981783 0.95542
0.981829 0.955326
0.981875 0.955233
0.98192 0.955139
0.981966 0.955046
0.98201 0.954953
0.982055 0.954859
0.982098 0.954766
0.982142 0.954673
0.982185 0.95458
0.982228 0.954487
0.98227 0.954395
0.982312 0.954302
0.982354 0.954209
0.982395 0.954117
0.982436 0.954024
0.982477 0.953932
0.982517 0.953839
0.982557 0.953747
0.982596 0.953655
0.982635 0.953563
0.982674 0.953471
0.982713 0.953379
0.982751 0.953287
0.982789 0.953195
0.982826 0.953103
0.982863 0.953012
0.9829 0.95292
0.982936 0.952828
0.982973 0.952737
0.983009 0.952646
0.983044 0.952554
0.983079 0.952463
0.983114 0.952372
0.983149 0.952281
0.983183 0.95219
0.983217 0.952099
0.983251 0.952009
0.983284 0.951918
0.983318 0.951827
0.983351 0.951737
0.983383 0.951646
0.983415 0.951556
0.983447 0.951466
0.983479 0.951376
0.983511 0.951286
0.983542 0.951196
0.983573 0.951106
0.983604 0.951016
0.983634 0.950926
0.983664 0.950836
0.983694 0.950747
0.983724 0.950657
0.983753 0.950568
0.983782 0.950479
0.983811 0.950389
0.98384 0.9503
0.983868 0.950211
0.983896 0.950122
0.983924 0.950033
0.983952 0.949944
0.98398 0.949856
0.984007 0.949767
0.984034 0.949679
0.984061 0.94959
0.984087 0.949502
0.984113 0.949413
0.98414 0.949325
0.984165 0.949237
0.984191 0.949149
0.984216 0.949061
0.984242 0.948973
0.984267 0.948886
0.984292 0.948798
0.984316 0.94871
0.98434 0.948623
0.984365 0.948536
0.984389 0.948448
0.984412 0.948361
0.984436 0.948274
0.984459 0.948187
0.984483 0.9481
0.984506 0.948013
0.984528 0.947926
0.984551 0.94784
0.984573 0.947753
0.984596 0.947667
0.984618 0.94758
0.984639 0.947494
0.984661 0.947408
0.984683 0.947321
0.984704 0.947235
0.984725 0.947149
0.984746 0.947064
0.984767 0.946978
0.984787 0.946892
0.984808 0.946807
0.984828 0.946721
0.984848 0.946636
0.984868 0.94655
0.984888 0.946465
0.984907 0.94638
0.984927 0.946295
0.984946 0.94621
0.984965 0.946125
0.984984 0.94604
0.985003 0.945956
0.985022 0.945871
0.98504 0.945787
0.985058 0.945702
0.985076 0.945618
0.985094 0.945534
0.985112 0.94545
0.98513 0.945365
0.985148 0.945282
0.985165 0.945198
0.985182 0.945114
0.985199 0.94503
0.985216 0.944947
0.985233 0.944863
0.98525 0.94478
0.985267 0.944696
0.985283 0.944613
0.985299 0.94453
0.985315 0.944447
0.985331 0.944364
0.985347 0.944281
0.985363 0.944199
0.985379 0.944116
0.985394 0.944033
0.985409 0.943951
0.985425 0.943868
0.98544 0.943786
0.985455 0.943704
0.98547 0.943622
0.985484 0.94354
0.985499 0.943458
0.985513 0.943376
0.985528 0.943294
0.985542 0.943213
0.985556 0.943131
0.98557 0.94305
0.985584 0.942968
0.985598 0.942887
0.985611 0.942806
0.985625 0.942725
0.985638 0.942643
0.985652 0.942563
0.985665 0.942482
0.985678 0.942401
0.985691 0.94232
0.985704 0.94224
0.985716 0.942159
0.985729 0.942079
0.985742 0.941999
0.985754 0.941918
0.985766 0.941838
0.985779 0.941758
0.985791 0.941678
0.985803 0.941598
0.985815 0.941519
0.985826 0.941439
0.985838 0.94136
0.98585 0.94128
0.985861 0.941201
0.985873 0.941121
0.985884 0.941042
0.985895 0.940963
0.985906 0.940884
0.985917 0.940805
0.985928 0.940726
0.985939 0.940647
0.98595 0.940569
0.985961 0.94049
0.985971 0.940412
0.985982 0.940333
0.985992 0.940255
0.986002 0.940177
0.986012 0.940099
0.986023 0.940021
0.986033 0.939943
0.986043 0.939865
0.986052 0.939787
0.986062 0.939709
0.986072 0.939632
0.986081 0.939554
0.986091 0.939477
0.9861 0.9394
0.98611 0.939322
0.986119 0.939245
0.986128 0.939168
0.986137 0.939091
0.986146 0.939014
0.986155 0.938937
0.986164 0.938861
0.986173 0.938784
0.986182 0.938708
0.98619 0.938631
0.986199 0.938555
0.986207 0.938479
0.986216 0.938402
0.986224 0.938326
0.986232 0.93825
0.986241 0.938174
0.986249 0.938099
0.986257 0.938023
0.986265 0.937947
0.986273 0.937872
0.986281 0.937796
0.986288 0.937721
0.986296 0.937645
0.986304 0.93757
0.986311 0.937495
0.986319 0.93742
0.986326 0.937345
0.986333 0.93727
0.986341 0.937195
0.986348 0.937121
0.986355 0.937046
0.986362 0.936972
0.986369 0.936897
0.986376 0.936823
0.986383 0.936748
0.98639 0.936674
0.986397 0.9366
0.986403 0.936526
0.98641 0.936452
0.986417 0.936378
0.986423 0.936305
0.98643 0.936231
0.986436 0.936157
0.986442 0.936084
0.986449 0.93601
0.986455 0.935937
0.986461 0.935864
0.986467 0.935791
0.986473 0.935718
0.986479 0.935645
0.986485 0.935572
0.986491 0.935499
0.986497 0.935426
0.986503 0.935353
0.986508 0.935281
0.986514 0.935208
0.98652 0.935136
0.986525 0.935064
0.986531 0.934991
0.986536 0.934919
0.986542 0.934847
0.986547 0.934775
0.986552 0.934703
0.986558 0.934631
0.986563 0.93456
0.986568 0.934488
0.986573 0.934416
0.986578 0.934345
0.986583 0.934273
0.986588 0.934202
0.986593 0.934131
0.986598 0.93406
0.986602 0.933989
0.986607 0.933918
0.986612 0.933847
0.986617 0.933776
0.986621 0.933705
0.986626 0.933634
0.98663 0.933564
0.986635 0.933493
0.986639 0.933423
0.986644 0.933352
0.986648 0.933282
0.986652 0.933212
0.986656 0.933142
0.986661 0.933072
0.986665 0.933002
0.986669 0.932932
0.986673 0.932862
0.986677 0.932792
0.986681 0.932723
0.986685 0.932653
0.986689 0.932584
0.986693 0.932514
0.986696 0.932445
0.9867 0.932376
0.986704 0.932306
0.986708 0.932237
0.986711 0.932168
0.986715 0.932099
0.986719 0.932031
0.986722 0.931962
0.986726 0.931893
0.986729 0.931824
0.986732 0.931756
0.986736 0.931687
0.986739 0.931619
0.986743 0.931551
0.986746 0.931482
0.986749 0.931414
0.986752 0.931346
0.986755 0.931278
0.986758 0.93121
0.986762 0.931142
0.986765 0.931075
0.986768 0.931007
0.986771 0.930939
0.986774 0.930872
0.986776 0.930804
0.986779 0.930737
0.986782 0.930669
0.986785 0.930602
0.986788 0.930535
0.986791 0.930468
0.986793 0.930401
0.986796 0.930334
0.986799 0.930267
0.986801 0.9302
0.986804 0.930134
0.986806 0.930067
0.986809 0.93
0.986811 0.929934
0.986814 0.929867
0.986816 0.929801
0.986819 0.929735
0.986821 0.929669
0.986823 0.929602
0.986825 0.929536
0.986828 0.92947
0.98683 0.929404
0.986832 0.929339
0.986834 0.929273
0.986837 0.929207
0.986839 0.929141
0.986841 0.929076
0.986843 0.92901
0.986845 0.928945
0.986847 0.92888
0.986849 0.928814
0.986851 0.928749
0.986853 0.928684
0.986855 0.928619
0.986856 0.928554
0.986858 0.928489
0.98686 0.928424
0.986862 0.92836
0.986864 0.928295
0.986865 0.92823
0.986867 0.928166
0.986869 0.928101
0.98687 0.928037
0.986872 0.927972
0.986874 0.927908
0.986875 0.927844
0.986877 0.92778
0.986878 0.927716
0.98688 0.927652
0.986881 0.927588
0.986883 0.927524
0.986884 0.92746
0.986885 0.927396
0.986887 0.927333
0.986888 0.927269
0.986889 0.927206
0.986891 0.927142
0.986892 0.927079
0.986893 0.927016
0.986894 0.926952
0.986896 0.926889
0.986897 0.926826
0.986898 0.926763
0.986899 0.9267
0.9869 0.926637
0.986901 0.926574
0.986902 0.926512
0.986904 0.926449
0.986905 0.926386
0.986906 0.926324
0.986907 0.926261
0.986908 0.926199
0.986908 0.926136
0.986909 0.926074
0.98691 0.926012
0.986911 0.92595
0.986912 0.925888
0.986913 0.925826
0.986914 0.925764
0.986915 0.925702
0.986915 0.92564
0.986916 0.925578
0.986917 0.925516
0.986918 0.925455
0.986918 0.925393
0.986919 0.925332
0.98692 0.92527
0.98692 0.925209
0.986921 0.925147
0.986921 0.925086
0.986922 0.925025
0.986923 0.924964
0.986923 0.924903
0.986924 0.924842
0.986924 0.924781
0.986925 0.92472
0.986925 0.924659
0.986926 0.924598
0.986926 0.924538
0.986927 0.924477
0.986927 0.924416
0.986927 0.924356
0.986928 0.924296
0.986928 0.924235
0.986928 0.924175
0.986929 0.924115
0.986929 0.924054
0.986929 0.923994
0.98693 0.923934
0.98693 0.923874
0.98693 0.923814
0.98693 0.923754
0.986931 0.923695
0.986931 0.923635
0.986931 0.923575
0.986931 0.923515
0.986931 0.923456
0.986931 0.923396
0.986932 0.923337
0.986932 0.923277
0.986932 0.923218
0.986932 0.923159
0.986932 0.9231
0.986932 0.923041
0.986932 0.922981
0.986932 0.922922
0.986932 0.922863
0.986932 0.922804
0.986932 0.922746
0.986932 0.922687
0.986932 0.922628
0.986932 0.922569
0.986932 0.922511
0.986932 0.922452
0.986931 0.922394
0.986931 0.922335
0.986931 0.922277
0.986931 0.922219
0.986931 0.92216
0.986931 0.922102
0.98693 0.922044
0.98693 0.921986
0.98693 0.921928
0.98693 0.92187
0.98693 0.921812
0.986929 0.921754
0.986929 0.921696
0.986929 0.921638
0.986928 0.921581
0.986928 0.921523
0.986928 0.921465
0.986928 0.921408
0.986927 0.92135
0.986927 0.921293
0.986926 0.921236
0.986926 0.921178
0.986926 0.921121
0.986925 0.921064
0.986925 0.921007
0.986924 0.92095
0.986924 0.920893
0.986924 0.920836
0.986923 0.920779
0.986923 0.920722
0.986922 0.920665
0.986922 0.920608
0.986921 0.920552
0.986921 0.920495
0.98692 0.920438
0.98692 0.920382
0.986919 0.920325
0.986918 0.920269
0.986918 0.920212
0.986917 0.920156
0.986917 0.9201
0.986916 0.920044
0.986915 0.919987
0.986915 0.919931
0.986914 0.919875
0.986914 0.919819
0.986913 0.919763
0.986912 0.919707
0.986912 0.919652
0.986911 0.919596
0.98691 0.91954
0.98691 0.919484
0.986909 0.919429
0.986908 0.919373
0.986907 0.919318
0.986907 0.919262
0.986906 0.919207
0.986905 0.919151
0.986904 0.919096
0.986904 0.919041
0.986903 0.918985
0.986902 0.91893
0.986901 0.918875
0.9869 0.91882
0.9869 0.918765
0.986899 0.91871
0.986898 0.918655
0.986897 0.9186
0.986896 0.918545
0.986895 0.918491
0.986895 0.918436
0.986894 0.918381
0.986893 0.918327
0.986892 0.918272
0.986891 0.918217
0.98689 0.918163
0.986889 0.918109
0.986888 0.918054
0.986887 0.918
0.986886 0.917946
0.986885 0.917891
0.986884 0.917837
0.986883 0.917783
0.986882 0.917729
0.986882 0.917675
0.986881 0.917621
0.98688 0.917567
0.986879 0.917513
0.986878 0.917459
0.986877 0.917405
0.986875 0.917352
0.986874 0.917298
0.986873 0.917244
0.986872 0.917191
0.986871 0.917137
0.98687 0.917084
0.986869 0.91703
0.986868 0.916977
0.986867 0.916923
0.986866 0.91687
0.986865 0.916817
0.986864 0.916763
0.986863 0.91671
0.986862 0.916657
0.98686 0.916604
0.986859 0.916551
0.986858 0.916498
0.986857 0.916445
0.986856 0.916392
0.986855 0.916339
0.986854 0.916286
0.986852 0.916234
0.986851 0.916181
0.98685 0.916128
0.986849 0.916076
0.986848 0.916023
0.986846 0.91597
0.986845 0.915918
0.986844 0.915865
0.986843 0.915813
0.986842 0.915761
0.98684 0.915708
0.986839 0.915656
0.986838 0.915604
0.986837 0.915551
0.986835 0.915499
0.986834 0.915447
0.986833 0.915395
0.986832 0.915343
0.98683 0.915291
0.986829 0.915239
0.986828 0.915187
0.986827 0.915135
0.986825 0.915084
0.986824 0.915032
0.986823 0.91498
0.986821 0.914928
0.98682 0.914877
0.986819 0.914825
0.986817 0.914774
0.986816 0.914722
0.986815 0.914671
0.986813 0.914619
0.986812 0.914568
0.986811 0.914516
0.986809 0.914465
0.986808 0.914414
0.986807 0.914363
0.986805 0.914311
0.986804 0.91426
0.986803 0.914209
0.986801 0.914158
0.9868 0.914107
0.986798 0.914056
0.986797 0.914005
0.986796 0.913954
0.986794 0.913903
0.986793 0.913853
0.986791 0.913802
0.98679 0.913751
0.986789 0.9137
0.986787 0.91365
0.986786 0.913599
0.986784 0.913549
0.986783 0.913498
0.986781 0.913448
0.98678 0.913397
0.986779 0.913347
0.986777 0.913296
0.986776 0.913246
0.986774 0.913196
0.986773 0.913145
0.986771 0.913095
0.98677 0.913045
0.986768 0.912995
0.986767 0.912945
0.986765 0.912895
0.986764 0.912845
0.986762 0.912795
0.986761 0.912745
0.986759 0.912695
0.986758 0.912645
0.986756 0.912595
0.986755 0.912545
0.986753 0.912495
0.986752 0.912446
0.98675 0.912396
0.986749 0.912346
0.986747 0.912297
0.986746 0.912247
0.986744 0.912198
0.986743 0.912148
0.986741 0.912099
0.98674 0.912049
0.986738 0.912
0.986736 0.91195
0.986735 0.911901
0.986733 0.911852
0.986732 0.911803
0.98673 0.911753
0.986729 0.911704
0.986727 0.911655
0.986726 0.911606
0.986724 0.911557
0.986722 0.911508
0.986721 0.911459
0.986719 0.91141
0.986718 0.911361
0.986716 0.911312
0.986714 0.911263
0.986713 0.911214
0.986711 0.911165
0.98671 0.911117
0.986708 0.911068
0.986706 0.911019
0.986705 0.910971
0.986703 0.910922
0.986702 0.910873
0.9867 0.910825
0.986698 0.910776
0.986697 0.910728
0.986695 0.910679
0.986693 0.910631
0.986692 0.910583
0.98669 0.910534
0.986689 0.910486
0.986687 0.910438
0.986685 0.910389
0.986684 0.910341
0.986682 0.910293
0.98668 0.910245
0.986679 0.910197
0.986677 0.910149
0.986675 0.910101
0.986674 0.910053
0.986672 0.910005
0.98667 0.909957
0.986669 0.909909
0.986667 0.909861
0.986665 0.909813
0.986664 0.909765
0.986662 0.909717
0.98666 0.90967
0.986659 0.909622
0.986657 0.909574
0.986655 0.909527
0.986654 0.909479
0.986652 0.909431
0.98665 0.909384
0.986649 0.909336
0.986647 0.909289
0.986645 0.909241
0.986644 0.909194
0.986642 0.909146
0.98664 0.909099
0.986638 0.909052
0.986637 0.909004
0.986635 0.908957
0.986633 0.90891
0.986632 0.908862
0.98663 0.908815
0.986628 0.908768
0.986626 0.908721
0.986625 0.908674
0.986623 0.908627
0.986621 0.90858
0.98662 0.908533
0.986618 0.908486
0.986616 0.908439
0.986614 0.908392
0.986613 0.908345
0.986611 0.908298
0.986609 0.908251
0.986607 0.908204
0.986606 0.908158
0.986604 0.908111
0.986602 0.908064
0.986601 0.908017
0.986599 0.907971
0.986597 0.907924
0.986595 0.907877
0.986594 0.907831
0.986592 0.907784
0.98659 0.907738
0.986588 0.907691
0.986587 0.907645
0.986585 0.907598
0.986583 0.907552
0.986581 0.907506
0.98658 0.907459
0.986578 0.907413
0.986576 0.907367
0.986574 0.90732
0.986572 0.907274
0.986571 0.907228
0.986569 0.907182
0.986567 0.907135
0.986565 0.907089
0.986564 0.907043
0.986562 0.906997
0.98656 0.906951
0.986558 0.906905
0.986557 0.906859
0.986555 0.906813
0.986553 0.906767
0.986551 0.906721
0.986549 0.906675
0.986548 0.906629
0.986546 0.906583
0.986544 0.906538
0.986542 0.906492
0.98654 0.906446
0.986539 0.9064
0.986537 0.906354
0.986535 0.906309
0.986533 0.906263
0.986531 0.906217
0.98653 0.906172
0.986528 0.906126
0.986526 0.906081
0.986524 0.906035
0.986523 0.90599
0.986521 0.905944
0.986519 0.905899
0.986517 0.905853
0.986515 0.905808
0.986513 0.905762
0.986512 0.905717
0.98651 0.905672
0.986508 0.905626
0.986506 0.905581
0.986504 0.905536
0.986503 0.90549
0.986501 0.905445
0.986499 0.9054
0.986497 0.905355
0.986495 0.90531
0.986494 0.905265
0.986492 0.905219
0.98649 0.905174
0.986488 0.905129
0.986486 0.905084
0.986484 0.905039
0.986483 0.904994
0.986481 0.904949
0.986479 0.904904
0.986477 0.904859
0.986475 0.904814
0.986474 0.90477
0.986472 0.904725
0.98647 0.90468
0.986468 0.904635
0.986466 0.90459
0.986464 0.904545
0.986463 0.904501
0.986461 0.904456
0.986459 0.904411
0.986457 0.904367
0.986455 0.904322
0.986453 0.904277
0.986452 0.904233
0.98645 0.904188
0.986448 0.904144
0.986446 0.904099
0.986444 0.904054
0.986442 0.90401
0.986441 0.903965
0.986439 0.903921
0.986437 0.903877
0.986435 0.903832
0.986433 0.903788
0.986431 0.903743
0.98643 0.903699
0.986428 0.903655
0.986426 0.90361
0.986424 0.903566
0.986422 0.903522
0.98642 0.903477
0.986419 0.903433
0.986417 0.903389
0.986415 0.903345
0.986413 0.903301
0.986411 0.903256
0.986409 0.903212
0.986407 0.903168
0.986406 0.903124
0.986404 0.90308
0.986402 0.903036
0.9864 0.902992
0.986398 0.902948
0.986396 0.902904
0.986394 0.90286
0.986393 0.902816
0.986391 0.902772
0.986389 0.902728
0.986387 0.902684
0.986385 0.90264
0.986383 0.902596
0.986382 0.902553
0.98638 0.902509
0.986378 0.902465
0.986376 0.902421
0.986374 0.902377
0.986372 0.902334
0.98637 0.90229
0.986369 0.902246
0.986367 0.902202
0.986365 0.902159
0.986363 0.902115
0.986361 0.902071
0.986359 0.902028
0.986357 0.901984
0.986356 0.901941
0.986354 0.901897
0.986352 0.901853
0.98635 0.90181
0.986348 0.901766
0.986346 0.901723
0.986344 0.901679
0.986343 0.901636
0.986341 0.901592
0.986339 0.901549
0.986337 0.901506
0.986335 0.901462
0.986333 0.901419
0.986331 0.901375
0.986329 0.901332
0.986328 0.901289
0.986326 0.901245
0.986324 0.901202
0.986322 0.901159
0.98632 0.901115
0.986318 0.901072
0.986316 0.901029
0.986315 0.900986
0.986313 0.900942
0.986311 0.900899
0.986309 0.900856
0.986307 0.900813
0.986305 0.90077
0.986303 0.900727
0.986301 0.900684
0.9863 0.90064
0.986298 0.900597
0.986296 0.900554
0.986294 0.900511
0.986292 0.900468
0.98629 0.900425
0.986288 0.900382
0.986287 0.900339
0.986285 0.900296
0.986283 0.900253
0.986281 0.90021
0.986279 0.900167
0.986277 0.900124
0.986275 0.900081
0.986273 0.900039
0.986272 0.899996
0.98627 0.899953
0.986268 0.89991
0.986266 0.899867
0.986264 0.899824
0.986262 0.899781
0.98626 0.899739
0.986258 0.899696
0.986257 0.899653
0.986255 0.89961
0.986253 0.899568
0.986251 0.899525
0.986249 0.899482
0.986247 0.899439
0.986245 0.899397
0.986243 0.899354
0.986242 0.899311
0.98624 0.899269
0.986238 0.899226
0.986236 0.899183
0.986234 0.899141
0.986232 0.899098
0.98623 0.899056
0.986228 0.899013
0.986227 0.898971
0.986225 0.898928
0.986223 0.898885
0.986221 0.898843
0.986219 0.8988
0.986217 0.898758
0.986215 0.898715
0.986213 0.898673
0.986212 0.89863
0.98621 0.898588
0.986208 0.898546
0.986206 0.898503
0.986204 0.898461
0.986202 0.898418
0.9862 0.898376
0.986198 0.898333
0.986197 0.898291
0.986195 0.898249
0.986193 0.898206
0.986191 0.898164
0.986189 0.898122
0.986187 0.898079
0.986185 0.898037
0.986183 0.897995
0.986182 0.897953
0.98618 0.89791
0.986178 0.897868
0.986176 0.897826
0.986174 0.897783
0.986172 0.897741
0.98617 0.897699
0.986168 0.897657
0.986167 0.897615
0.986165 0.897572
0.986163 0.89753
0.986161 0.897488
0.986159 0.897446
0.986157 0.897404
0.986155 0.897362
0.986153 0.897319
0.986152 0.897277
0.98615 0.897235
0.986148 0.897193
0.986146 0.897151
0.986144 0.897109
0.986142 0.897067
0.98614 0.897025
0.986138 0.896983
0.986137 0.896941
0.986135 0.896899
0.986133 0.896857
0.986131 0.896815
0.986129 0.896773
0.986127 0.896731
0.986125 0.896689
0.986123 0.896647
0.986121 0.896605
0.98612 0.896563
0.986118 0.896521
0.986116 0.896479
0.986114 0.896437
0.986112 0.896395
0.98611 0.896353
0.986108 0.896311
0.986106 0.896269
0.986105 0.896227
0.986103 0.896185
0.986101 0.896143
0.986099 0.896101
0.986097 0.89606
0.986095 0.896018
0.986093 0.895976
0.986091 0.895934
0.98609 0.895892
0.986088 0.89585
0.986086 0.895808
0.986084 0.895767
0.986082 0.895725
0.98608 0.895683
0.986078 0.895641
0.986076 0.895599
0.986075 0.895558
0.986073 0.895516
0.986071 0.895474
0.986069 0.895432
0.986067 0.89539
0.986065 0.895349
0.986063 0.895307
0.986061 0.895265
0.986059 0.895223
0.986058 0.895182
0.986056 0.89514
0.986054 0.895098
0.986052 0.895057
0.98605 0.895015
0.986048 0.894973
0.986046 0.894931
0.986044 0.89489
0.986043 0.894848
0.986041 0.894806
0.986039 0.894765
0.986037 0.894723
0.986035 0.894681
0.986033 0.89464
0.986031 0.894598
0.986029 0.894556
0.986028 0.894515
0.986026 0.894473
0.986024 0.894431
0.986022 0.89439
0.98602 0.894348
0.986018 0.894307
0.986016 0.894265
0.986014 0.894223
0.986013 0.894182
0.986011 0.89414
0.986009 0.894098
0.986007 0.894057
0.986005 0.894015
0.986003 0.893974
0.986001 0.893932
0.985999 0.89389
0.985997 0.893849
0.985996 0.893807
0.985994 0.893766
0.985992 0.893724
0.98599 0.893683
0.985988 0.893641
0.985986 0.893599
0.985984 0.893558
0.985982 0.893516
0.985981 0.893475
0.985979 0.893433
0.985977 0.893392
0.985975 0.89335
0.985973 0.893309
0.985971 0.893267
0.985969 0.893226
0.985967 0.893184
0.985966 0.893143
0.985964 0.893101
0.985962 0.893059
0.98596 0.893018
0.985958 0.892976
0.985956 0.892935
0.985954 0.892893
0.985952 0.892852
0.98595 0.89281
0.985949 0.892769
0.985947 0.892727
0.985945 0.892686
0.985943 0.892644
0.985941 0.892603
0.985939 0.892561
0.985937 0.89252
0.985935 0.892478
0.985934 0.892437
0.985932 0.892395
0.98593 0.892354
0.985928 0.892312
0.985926 0.892271
0.985924 0.892229
0.985922 0.892188
0.98592 0.892146
0.985919 0.892105
0.985917 0.892063
0.985915 0.892022
0.985913 0.89198
0.985911 0.891939
0.985909 0.891898
0.985907 0.891856
0.985905 0.891815
0.985903 0.891773
0.985902 0.891732
0.9859 0.89169
0.985898 0.891649
0.985896 0.891607
0.985894 0.891566
0.985892 0.891524
0.98589 0.891483
0.985888 0.891441
0.985887 0.8914
0.985885 0.891358
0.985883 0.891317
0.985881 0.891275
0.985879 0.891234
0.985877 0.891192
0.985875 0.891151
0.985873 0.891109
0.985871 0.891068
0.98587 0.891026
0.985868 0.890985
0.985866 0.890943
0.985864 0.890902
0.985862 0.89086
0.98586 0.890819
0.985858 0.890777
0.985856 0.890736
0.985855 0.890694
0.985853 0.890653
0.985851 0.890611
0.985849 0.89057
0.985847 0.890528
0.985845 0.890487
0.985843 0.890445
0.985841 0.890404
0.985839 0.890362
0.985838 0.890321
0.985836 0.890279
0.985834 0.890238
0.985832 0.890196
0.98583 0.890155
0.985828 0.890113
0.985826 0.890072
0.985824 0.89003
0.985823 0.889988
0.985821 0.889947
0.985819 0.889905
0.985817 0.889864
0.985815 0.889822
0.985813 0.889781
0.985811 0.889739
0.985809 0.889698
0.985807 0.889656
0.985806 0.889614
0.985804 0.889573
0.985802 0.889531
0.9858 0.88949
0.985798 0.889448
0.985796 0.889407
0.985794 0.889365
0.985792 0.889323
0.98579 0.889282
0.985789 0.88924
0.985787 0.889199
0.985785 0.889157
0.985783 0.889115
0.985781 0.889074
0.985779 0.889032
0.985777 0.88899
0.985775 0.888949
0.985773 0.888907
0.985772 0.888866
0.98577 0.888824
0.985768 0.888782
0.985766 0.888741
0.985764 0.888699
0.985762 0.888657
0.98576 0.888616
0.985758 0.888574
0.985756 0.888532
0.985755 0.88849
0.985753 0.888449
0.985751 0.888407
0.985749 0.888365
0.985747 0.888324
0.985745 0.888282
0.985743 0.88824
0.985741 0.888198
0.985739 0.888157
0.985738 0.888115
0.985736 0.888073
0.985734 0.888031
0.985732 0.88799
0.98573 0.887948
0.985728 0.887906
0.985726 0.887864
0.985724 0.887823
0.985722 0.887781
0.98572 0.887739
0.985719 0.887697
0.985717 0.887655
0.985715 0.887613
0.985713 0.887572
0.985711 0.88753
0.985709 0.887488
0.985707 0.887446
0.985705 0.887404
0.985703 0.887362
0.985702 0.88732
0.9857 0.887279
0.985698 0.887237
0.985696 0.887195
0.985694 0.887153
0.985692 0.887111
0.98569 0.887069
0.985688 0.887027
0.985686 0.886985
0.985684 0.886943
0.985683 0.886901
0.985681 0.886859
0.985679 0.886817
0.985677 0.886775
0.985675 0.886733
0.985673 0.886691
0.985671 0.886649
0.985669 0.886607
0.985667 0.886565
0.985665 0.886523
0.985664 0.886481
0.985662 0.886439
0.98566 0.886397
0.985658 0.886355
0.985656 0.886313
0.985654 0.886271
0.985652 0.886229
0.98565 0.886187
0.985648 0.886144
0.985646 0.886102
0.985645 0.88606
0.985643 0.886018
0.985641 0.885976
0.985639 0.885934
0.985637 0.885892
0.985635 0.885849
0.985633 0.885807
0.985631 0.885765
0.985629 0.885723
0.985627 0.88568
0.985625 0.885638
0.985624 0.885596
0.985622 0.885554
0.98562 0.885511
0.985618 0.885469
0.985616 0.885427
0.985614 0.885384
0.985612 0.885342
0.98561 0.8853
0.985608 0.885257
0.985606 0.885215
0.985604 0.885173
0.985603 0.88513
0.985601 0.885088
0.985599 0.885046
0.985597 0.885003
0.985595 0.884961
0.985593 0.884918
0.985591 0.884876
0.985589 0.884833
0.985587 0.884791
0.985585 0.884748
0.985583 0.884706
0.985582 0.884663
0.98558 0.884621
0.985578 0.884578
0.985576 0.884536
0.985574 0.884493
0.985572 0.884451
0.98557 0.884408
0.985568 0.884365
0.985566 0.884323
0.985564 0.88428
0.985562 0.884237
0.98556 0.884195
0.985558 0.884152
0.985557 0.884109
0.985555 0.884067
0.985553 0.884024
0.985551 0.883981
0.985549 0.883939
0.985547 0.883896
0.985545 0.883853
0.985543 0.88381
0.985541 0.883767
0.985539 0.883725
0.985537 0.883682
0.985535 0.883639
0.985533 0.883596
0.985532 0.883553
0.98553 0.88351
0.985528 0.883467
0.985526 0.883424
0.985524 0.883382
0.985522 0.883339
0.98552 0.883296
0.985518 0.883253
0.985516 0.88321
0.985514 0.883167
0.985512 0.883124
0.98551 0.883081
0.985508 0.883038
0.985506 0.882994
0.985505 0.882951
0.985503 0.882908
0.985501 0.882865
0.985499 0.882822
0.985497 0.882779
0.985495 0.882736
0.985493 0.882692
0.985491 0.882649
0.985489 0.882606
0.985487 0.882563
0.985485 0.88252
0.985483 0.882476
0.985481 0.882433
0.985479 0.88239
0.985477 0.882346
0.985475 0.882303
0.985473 0.88226
0.985472 0.882216
0.98547 0.882173
0.985468 0.882129
0.985466 0.882086
0.985464 0.882043
0.985462 0.881999
0.98546 0.881956
0.985458 0.881912
0.985456 0.881869
0.985454 0.881825
0.985452 0.881781
0.98545 0.881738
0.985448 0.881694
0.985446 0.881651
0.985444 0.881607
0.985442 0.881563
0.98544 0.88152
0.985438 0.881476
0.985436 0.881432
0.985435 0.881389
0.985433 0.881345
0.985431 0.881301
0.985429 0.881257
0.985427 0.881214
0.985425 0.88117
0.985423 0.881126
0.985421 0.881082
0.985419 0.881038
0.985417 0.880994
0.985415 0.88095
0.985413 0.880906
0.985411 0.880862
0.985409 0.880818
0.985407 0.880774
0.985405 0.88073
0.985403 0.880686
0.985401 0.880642
0.985399 0.880598
0.985397 0.880554
0.985395 0.88051
0.985393 0.880466
0.985391 0.880422
0.985389 0.880377
0.985387 0.880333
0.985385 0.880289
0.985383 0.880245
0.985381 0.8802
0.98538 0.880156
0.985378 0.880112
0.985376 0.880067
0.985374 0.880023
0.985372 0.879979
0.98537 0.879934
0.985368 0.87989
0.985366 0.879845
0.985364 0.879801
0.985362 0.879756
0.98536 0.879712
0.985358 0.879667
0.985356 0.879623
0.985354 0.879578
0.985352 0.879533
0.98535 0.879489
0.985348 0.879444
0.985346 0.879399
0.985344 0.879355
0.985342 0.87931
0.98534 0.879265
0.985338 0.87922
0.985336 0.879176
0.985334 0.879131
0.985332 0.879086
0.98533 0.879041
0.985328 0.878996
0.985326 0.878951
0.985324 0.878906
0.985322 0.878861
0.98532 0.878816
0.985318 0.878771
0.985316 0.878726
0.985314 0.878681
0.985312 0.878636
0.98531 0.878591
0.985308 0.878545
0.985306 0.8785
0.985304 0.878455
0.985302 0.87841
0.9853 0.878365
0.985298 0.878319
0.985296 0.878274
0.985294 0.878229
0.985292 0.878183
0.98529 0.878138
0.985288 0.878092
0.985286 0.878047
0.985284 0.878001
0.985282 0.877956
0.98528 0.87791
0.985278 0.877865
0.985276 0.877819
0.985274 0.877774
0.985272 0.877728
0.98527 0.877682
0.985268 0.877637
0.985266 0.877591
0.985264 0.877545
0.985262 0.877499
0.98526 0.877454
0.985258 0.877408
0.985256 0.877362
0.985254 0.877316
0.985252 0.87727
0.985249 0.877224
0.985247 0.877178
0.985245 0.877132
0.985243 0.877086
0.985241 0.87704
0.985239 0.876994
0.985237 0.876948
0.985235 0.876902
0.985233 0.876855
0.985231 0.876809
0.985229 0.876763
0.985227 0.876717
0.985225 0.87667
0.985223 0.876624
0.985221 0.876578
0.985219 0.876531
0.985217 0.876485
0.985215 0.876438
0.985213 0.876392
0.985211 0.876345
0.985209 0.876299
0.985207 0.876252
0.985205 0.876205
0.985203 0.876159
0.9852 0.876112
0.985198 0.876065
0.985196 0.876019
0.985194 0.875972
0.985192 0.875925
0.98519 0.875878
0.985188 0.875831
0.985186 0.875784
0.985184 0.875738
0.985182 0.875691
0.98518 0.875644
0.985178 0.875597
0.985176 0.875549
0.985174 0.875502
0.985172 0.875455
0.98517 0.875408
0.985167 0.875361
0.985165 0.875314
0.985163 0.875266
0.985161 0.875219
0.985159 0.875172
0.985157 0.875124
0.985155 0.875077
0.985153 0.875029
0.985151 0.874982
0.985149 0.874934
0.985147 0.874887
0.985145 0.874839
0.985143 0.874792
0.98514 0.874744
0.985138 0.874696
0.985136 0.874649
0.985134 0.874601
0.985132 0.874553
0.98513 0.874505
0.985128 0.874457
0.985126 0.874409
0.985124 0.874362
0.985122 0.874314
0.985119 0.874266
0.985117 0.874217
0.985115 0.874169
0.985113 0.874121
0.985111 0.874073
0.985109 0.874025
0.985107 0.873977
0.985105 0.873928
0.985103 0.87388
0.985101 0.873832
0.985098 0.873783
0.985096 0.873735
0.985094 0.873686
0.985092 0.873638
0.98509 0.873589
0.985088 0.873541
0.985086 0.873492
0.985084 0.873444
0.985081 0.873395
0.985079 0.873346
0.985077 0.873297
0.985075 0.873249
0.985073 0.8732
0.985071 0.873151
0.985069 0.873102
0.985067 0.873053
0.985064 0.873004
0.985062 0.872955
0.98506 0.872906
0.985058 0.872857
0.985056 0.872807
0.985054 0.872758
0.985052 0.872709
0.985049 0.87266
0.985047 0.87261
0.985045 0.872561
0.985043 0.872512
0.985041 0.872462
0.985039 0.872413
0.985037 0.872363
0.985034 0.872313
0.985032 0.872264
0.98503 0.872214
0.985028 0.872164
0.985026 0.872115
0.985024 0.872065
0.985021 0.872015
0.985019 0.871965
0.985017 0.871915
0.985015 0.871865
0.985013 0.871815
0.985011 0.871765
0.985008 0.871715
0.985006 0.871665
0.985004 0.871615
0.985002 0.871564
0.985 0.871514
0.984998 0.871464
0.984995 0.871413
0.984993 0.871363
0.984991 0.871312
0.984989 0.871262
0.984987 0.871211
0.984984 0.871161
0.984982 0.87111
0.98498 0.871059
0.984978 0.871009
0.984976 0.870958
0.984973 0.870907
0.984971 0.870856
0.984969 0.870805
0.984967 0.870754
0.984965 0.870703
0.984962 0.870652
0.98496 0.870601
0.984958 0.87055
0.984956 0.870499
0.984954 0.870447
0.984951 0.870396
0.984949 0.870345
0.984947 0.870293
0.984945 0.870242
0.984942 0.87019
0.98494 0.870139
0.984938 0.870087
0.984936 0.870036
0.984934 0.869984
0.984931 0.869932
0.984929 0.86988
0.984927 0.869829
0.984925 0.869777
0.984922 0.869725
0.98492 0.869673
0.984918 0.869621
0.984916 0.869569
0.984913 0.869516
0.984911 0.869464
0.984909 0.869412
0.984907 0.86936
0.984904 0.869307
0.984902 0.869255
0.9849 0.869202
0.984898 0.86915
0.984895 0.869097
0.984893 0.869045
0.984891 0.868992
0.984889 0.868939
0.984886 0.868887
0.984884 0.868834
0.984882 0.868781
0.98488 0.868728
0.984877 0.868675
0.984875 0.868622
0.984873 0.868569
0.98487 0.868516
0.984868 0.868462
0.984866 0.868409
0.984864 0.868356
0.984861 0.868302
0.984859 0.868249
0.984857 0.868195
0.984854 0.868142
0.984852 0.868088
0.98485 0.868035
0.984848 0.867981
0.984845 0.867927
0.984843 0.867873
0.984841 0.867819
0.984838 0.867765
0.984836 0.867711
0.984834 0.867657
0.984831 0.867603
0.984829 0.867549
0.984827 0.867495
0.984824 0.867441
0.984822 0.867386
0.98482 0.867332
0.984817 0.867277
0.984815 0.867223
0.984813 0.867168
0.98481 0.867114
0.984808 0.867059
0.984806 0.867004
0.984803 0.866949
0.984801 0.866894
0.984799 0.866839
0.984796 0.866784
0.984794 0.866729
0.984792 0.866674
0.984789 0.866619
0.984787 0.866564
0.984785 0.866509
0.984782 0.866453
0.98478 0.866398
0.984778 0.866342
0.984775 0.866287
0.984773 0.866231
0.98477 0.866175
0.984768 0.86612
0.984766 0.866064
0.984763 0.866008
0.984761 0.865952
0.984759 0.865896
0.984756 0.86584
0.984754 0.865784
0.984751 0.865728
0.984749 0.865671
0.984747 0.865615
0.984744 0.865559
0.984742 0.865502
0.984739 0.865446
0.984737 0.865389
0.984735 0.865332
0.984732 0.865276
0.98473 0.865219
0.984727 0.865162
0.984725 0.865105
0.984723 0.865048
0.98472 0.864991
0.984718 0.864934
0.984715 0.864877
0.984713 0.864819
0.98471 0.864762
0.984708 0.864704
0.984706 0.864647
0.984703 0.864589
0.984701 0.864532
0.984698 0.864474
0.984696 0.864416
0.984693 0.864359
0.984691 0.864301
0.984688 0.864243
0.984686 0.864185
0.984683 0.864127
0.984681 0.864068
0.984679 0.86401
0.984676 0.863952
0.984674 0.863893
0.984671 0.863835
0.984669 0.863776
0.984666 0.863718
0.984664 0.863659
0.984661 0.8636
0.984659 0.863541
0.984656 0.863482
0.984654 0.863423
0.984651 0.863364
0.984649 0.863305
0.984646 0.863246
0.984644 0.863187
0.984641 0.863127
0.984639 0.863068
0.984636 0.863008
0.984634 0.862949
0.984631 0.862889
0.984629 0.862829
0.984626 0.86277
0.984624 0.86271
0.984621 0.86265
0.984619 0.86259
0.984616 0.862529
0.984614 0.862469
0.984611 0.862409
0.984609 0.862349
0.984606 0.862288
0.984603 0.862228
0.984601 0.862167
0.984598 0.862106
0.984596 0.862045
0.984593 0.861985
0.984591 0.861924
0.984588 0.861863
0.984586 0.861801
0.984583 0.86174
0.98458 0.861679
0.984578 0.861618
0.984575 0.861556
0.984573 0.861495
0.98457 0.861433
0.984567 0.861371
0.984565 0.86131
0.984562 0.861248
0.98456 0.861186
0.984557 0.861124
0.984555 0.861062
0.984552 0.861
0.984549 0.860937
0.984547 0.860875
0.984544 0.860812
0.984541 0.86075
0.984539 0.860687
0.984536 0.860625
0.984534 0.860562
0.984531 0.860499
0.984528 0.860436
0.984526 0.860373
0.984523 0.86031
0.98452 0.860246
0.984518 0.860183
0.984515 0.86012
0.984512 0.860056
0.98451 0.859992
0.984507 0.859929
0.984505 0.859865
0.984502 0.859801
0.984499 0.859737
0.984497 0.859673
0.984494 0.859609
0.984491 0.859545
0.984488 0.85948
0.984486 0.859416
0.984483 0.859351
0.98448 0.859287
0.984478 0.859222
0.984475 0.859157
0.984472 0.859092
0.98447 0.859027
0.984467 0.858962
0.984464 0.858897
0.984461 0.858832
0.984459 0.858766
0.984456 0.858701
0.984453 0.858635
0.984451 0.858569
0.984448 0.858504
0.984445 0.858438
0.984442 0.858372
0.98444 0.858306
0.984437 0.85824
0.984434 0.858173
0.984431 0.858107
0.984429 0.85804
0.984426 0.857974
0.984423 0.857907
0.98442 0.85784
0.984418 0.857773
0.984415 0.857706
0.984412 0.857639
0.984409 0.857572
0.984406 0.857505
0.984404 0.857437
0.984401 0.85737
0.984398 0.857302
0.984395 0.857235
0.984392 0.857167
0.98439 0.857099
0.984387 0.857031
0.984384 0.856963
0.984381 0.856894
0.984378 0.856826
0.984376 0.856758
0.984373 0.856689
0.98437 0.85662
0.984367 0.856552
0.984364 0.856483
0.984361 0.856414
0.984358 0.856345
0.984356 0.856275
0.984353 0.856206
0.98435 0.856136
0.984347 0.856067
0.984344 0.855997
0.984341 0.855927
0.984338 0.855858
0.984336 0.855788
0.984333 0.855717
0.98433 0.855647
0.984327 0.855577
0.984324 0.855506
0.984321 0.855436
0.984318 0.855365
0.984315 0.855294
0.984312 0.855223
0.984309 0.855152
0.984306 0.855081
0.984304 0.85501
0.984301 0.854938
0.984298 0.854867
0.984295 0.854795
0.984292 0.854723
0.984289 0.854651
0.984286 0.854579
0.984283 0.854507
0.98428 0.854435
0.984277 0.854363
0.984274 0.85429
0.984271 0.854217
0.984268 0.854145
0.984265 0.854072
0.984262 0.853999
0.984259 0.853926
0.984256 0.853852
0.984253 0.853779
0.98425 0.853706
0.984247 0.853632
0.984244 0.853558
0.984241 0.853484
0.984238 0.85341
0.984235 0.853336
0.984232 0.853262
0.984229 0.853187
0.984226 0.853113
0.984223 0.853038
0.98422 0.852963
0.984217 0.852889
0.984214 0.852813
0.984211 0.852738
0.984207 0.852663
0.984204 0.852587
0.984201 0.852512
0.984198 0.852436
0.984195 0.85236
0.984192 0.852284
0.984189 0.852208
0.984186 0.852132
0.984183 0.852055
0.98418 0.851979
0.984176 0.851902
0.984173 0.851825
0.98417 0.851748
0.984167 0.851671
0.984164 0.851594
0.984161 0.851517
0.984158 0.851439
0.984154 0.851361
0.984151 0.851284
0.984148 0.851206
0.984145 0.851128
0.984142 0.851049
0.984139 0.850971
0.984135 0.850892
0.984132 0.850814
0.984129 0.850735
0.984126 0.850656
0.984123 0.850577
0.984119 0.850498
0.984116 0.850418
0.984113 0.850339
0.98411 0.850259
0.984106 0.850179
0.984103 0.850099
0.9841 0.850019
0.984097 0.849938
0.984093 0.849858
0.98409 0.849777
0.984087 0.849697
0.984084 0.849616
0.98408 0.849534
0.984077 0.849453
0.984074 0.849372
0.984071 0.84929
0.984067 0.849208
0.984064 0.849127
0.984061 0.849045
0.984057 0.848962
0.984054 0.84888
0.984051 0.848797
0.984047 0.848715
0.984044 0.848632
0.984041 0.848549
0.984037 0.848466
0.984034 0.848382
0.984031 0.848299
0.984027 0.848215
0.984024 0.848131
0.98402 0.848047
0.984017 0.847963
0.984014 0.847879
0.98401 0.847794
0.984007 0.84771
0.984003 0.847625
0.984 0.84754
0.983997 0.847455
0.983993 0.847369
0.98399 0.847284
0.983986 0.847198
0.983983 0.847112
0.983979 0.847026
0.983976 0.84694
0.983972 0.846853
0.983969 0.846767
0.983965 0.84668
0.983962 0.846593
0.983958 0.846506
0.983955 0.846418
0.983951 0.846331
0.983948 0.846243
0.983944 0.846155
0.983941 0.846067
0.983937 0.845979
0.983934 0.845891
0.98393 0.845802
0.983927 0.845713
0.983923 0.845624
0.98392 0.845535
0.983916 0.845446
0.983912 0.845356
0.983909 0.845267
0.983905 0.845177
0.983902 0.845087
0.983898 0.844996
0.983894 0.844906
0.983891 0.844815
0.983887 0.844724
0.983884 0.844633
0.98388 0.844542
0.983876 0.84445
0.983873 0.844359
0.983869 0.844267
0.983865 0.844175
0.983862 0.844082
0.983858 0.84399
0.983854 0.843897
0.983851 0.843804
0.983847 0.843711
0.983843 0.843618
0.983839 0.843525
0.983836 0.843431
0.983832 0.843337
0.983828 0.843243
0.983825 0.843149
0.983821 0.843054
0.983817 0.842959
0.983813 0.842864
0.983809 0.842769
0.983806 0.842674
0.983802 0.842578
0.983798 0.842482
0.983794 0.842386
0.98379 0.84229
0.983787 0.842194
0.983783 0.842097
0.983779 0.842
0.983775 0.841903
0.983771 0.841805
0.983767 0.841708
0.983764 0.84161
0.98376 0.841512
0.983756 0.841414
0.983752 0.841315
0.983748 0.841217
0.983744 0.841118
0.98374 0.841018
0.983736 0.840919
0.983732 0.840819
0.983728 0.84072
0.983724 0.840619
0.98372 0.840519
0.983716 0.840418
0.983712 0.840318
0.983709 0.840217
0.983705 0.840115
0.983701 0.840014
0.983697 0.839912
0.983692 0.83981
0.983688 0.839708
0.983684 0.839605
0.98368 0.839503
0.983676 0.8394
0.983672 0.839296
0.983668 0.839193
0.983664 0.839089
0.98366 0.838985
0.983656 0.838881
0.983652 0.838776
0.983648 0.838672
0.983644 0.838567
0.983639 0.838461
0.983635 0.838356
0.983631 0.83825
0.983627 0.838144
0.983623 0.838038
0.983619 0.837931
0.983615 0.837824
0.98361 0.837717
0.983606 0.83761
0.983602 0.837502
0.983598 0.837394
0.983593 0.837286
0.983589 0.837178
0.983585 0.837069
0.983581 0.83696
0.983576 0.836851
0.983572 0.836741
0.983568 0.836631
0.983564 0.836521
0.983559 0.836411
0.983555 0.8363
0.983551 0.836189
0.983546 0.836078
0.983542 0.835966
0.983538 0.835855
0.983533 0.835742
0.983529 0.83563
0.983524 0.835517
0.98352 0.835404
0.983516 0.835291
0.983511 0.835178
0.983507 0.835064
0.983502 0.83495
0.983498 0.834835
0.983493 0.83472
0.983489 0.834605
0.983484 0.83449
0.98348 0.834374
0.983476 0.834258
0.983471 0.834142
0.983466 0.834026
0.983462 0.833909
0.983457 0.833792
0.983453 0.833674
0.983448 0.833556
0.983444 0.833438
0.983439 0.83332
0.983434 0.833201
0.98343 0.833082
0.983425 0.832962
0.983421 0.832843
0.983416 0.832722
0.983411 0.832602
0.983407 0.832481
0.983402 0.83236
0.983397 0.832239
0.983393 0.832117
0.983388 0.831995
0.983383 0.831873
0.983378 0.83175
0.983374 0.831627
0.983369 0.831503
0.983364 0.83138
0.983359 0.831256
0.983355 0.831131
0.98335 0.831006
0.983345 0.830881
0.98334 0.830756
0.983335 0.83063
0.98333 0.830504
0.983326 0.830377
0.983321 0.83025
0.983316 0.830123
0.983311 0.829995
0.983306 0.829867
0.983301 0.829739
0.983296 0.82961
0.983291 0.829481
0.983286 0.829351
0.983281 0.829221
0.983276 0.829091
0.983271 0.828961
0.983266 0.82883
0.983261 0.828698
0.983256 0.828566
0.983251 0.828434
0.983246 0.828302
0.983241 0.828169
0.983236 0.828035
0.983231 0.827902
0.983226 0.827768
0.98322 0.827633
0.983215 0.827498
0.98321 0.827363
0.983205 0.827227
0.9832 0.827091
0.983194 0.826955
0.983189 0.826818
0.983184 0.82668
0.983179 0.826543
0.983173 0.826404
0.983168 0.826266
0.983163 0.826127
0.983158 0.825987
0.983152 0.825847
0.983147 0.825707
0.983142 0.825566
0.983136 0.825425
0.983131 0.825284
0.983125 0.825142
0.98312 0.824999
0.983115 0.824856
0.983109 0.824713
0.983104 0.824569
0.983098 0.824425
0.983093 0.82428
0.983087 0.824135
0.983082 0.82399
0.983076 0.823844
0.983071 0.823697
0.983065 0.82355
0.98306 0.823403
0.983054 0.823255
0.983048 0.823107
0.983043 0.822958
0.983037 0.822808
0.983031 0.822659
0.983026 0.822508
0.98302 0.822358
0.983014 0.822206
0.983009 0.822055
0.983003 0.821903
0.982997 0.82175
0.982991 0.821597
0.982986 0.821443
0.98298 0.821289
0.982974 0.821134
0.982968 0.820979
0.982962 0.820823
0.982956 0.820667
0.98295 0.82051
0.982944 0.820353
0.982939 0.820195
0.982933 0.820037
0.982927 0.819878
0.982921 0.819719
0.982915 0.819559
0.982909 0.819398
0.982903 0.819238
0.982897 0.819076
0.98289 0.818914
0.982884 0.818751
0.982878 0.818588
0.982872 0.818425
0.982866 0.81826
0.98286 0.818096
0.982854 0.81793
0.982847 0.817764
0.982841 0.817598
0.982835 0.817431
0.982829 0.817263
0.982822 0.817095
0.982816 0.816926
0.98281 0.816757
0.982803 0.816587
0.982797 0.816416
0.982791 0.816245
0.982784 0.816073
0.982778 0.815901
0.982771 0.815728
0.982765 0.815554
0.982758 0.81538
0.982752 0.815205
0.982745 0.81503
0.982739 0.814854
0.982732 0.814677
0.982726 0.8145
0.982719 0.814322
0.982713 0.814143
0.982706 0.813964
0.982699 0.813784
0.982692 0.813604
0.982686 0.813422
0.982679 0.813241
0.982672 0.813058
0.982665 0.812875
0.982659 0.812691
0.982652 0.812507
0.982645 0.812321
0.982638 0.812136
0.982631 0.811949
0.982624 0.811762
0.982617 0.811574
0.98261 0.811385
0.982603 0.811196
0.982596 0.811006
0.982589 0.810815
0.982582 0.810624
0.982575 0.810431
0.982568 0.810239
0.982561 0.810045
0.982554 0.80985
0.982547 0.809655
0.982539 0.80946
0.982532 0.809263
0.982525 0.809066
0.982518 0.808868
0.98251 0.808669
0.982503 0.808469
0.982496 0.808269
0.982488 0.808067
0.982481 0.807865
0.982473 0.807663
0.982466 0.807459
0.982459 0.807255
0.982451 0.80705
0.982443 0.806844
0.982436 0.806637
0.982428 0.80643
0.982421 0.806221
0.982413 0.806012
0.982405 0.805802
0.982398 0.805591
0.98239 0.805379
0.982382 0.805167
0.982374 0.804954
0.982367 0.804739
0.982359 0.804524
0.982351 0.804308
0.982343 0.804091
0.982335 0.803874
0.982327 0.803655
0.982319 0.803436
0.982311 0.803215
0.982303 0.802994
0.982295 0.802772
0.982287 0.802548
0.982279 0.802324
0.982271 0.802099
0.982262 0.801874
0.982254 0.801647
0.982246 0.801419
0.982238 0.80119
0.982229 0.80096
0.982221 0.80073
0.982213 0.800498
0.982204 0.800266
0.982196 0.800032
0.982187 0.799797
0.982179 0.799562
0.98217 0.799325
0.982162 0.799088
0.982153 0.798849
0.982144 0.798609
0.982136 0.798369
0.982127 0.798127
0.982118 0.797884
0.982109 0.79764
0.982101 0.797396
0.982092 0.79715
0.982083 0.796903
0.982074 0.796655
0.982065 0.796405
0.982056 0.796155
0.982047 0.795904
0.982038 0.795651
0.982029 0.795398
0.98202 0.795143
0.98201 0.794887
0.982001 0.79463
0.981992 0.794372
0.981983 0.794113
0.981973 0.793852
0.981964 0.793591
0.981955 0.793328
0.981945 0.793064
0.981936 0.792799
0.981926 0.792532
0.981917 0.792264
0.981907 0.791996
0.981897 0.791725
0.981888 0.791454
0.981878 0.791181
0.981868 0.790908
0.981858 0.790632
0.981849 0.790356
0.981839 0.790078
0.981829 0.789799
0.981819 0.789519
0.981809 0.789237
0.981799 0.788954
0.981789 0.78867
0.981779 0.788385
0.981768 0.788098
0.981758 0.787809
0.981748 0.787519
0.981738 0.787228
0.981727 0.786936
0.981717 0.786642
0.981706 0.786346
0.981696 0.78605
0.981685 0.785752
0.981675 0.785452
0.981664 0.785151
0.981653 0.784848
0.981643 0.784544
0.981632 0.784238
0.981621 0.783931
0.98161 0.783623
0.981599 0.783313
0.981588 0.783001
0.981577 0.782688
0.981566 0.782373
0.981555 0.782057
0.981544 0.781739
0.981533 0.781419
0.981521 0.781098
0.98151 0.780775
0.981499 0.780451
0.981487 0.780125
0.981476 0.779797
0.981464 0.779468
0.981453 0.779136
0.981441 0.778804
0.981429 0.778469
0.981417 0.778133
0.981406 0.777795
0.981394 0.777455
0.981382 0.777114
0.98137 0.77677
0.981358 0.776425
0.981346 0.776078
0.981334 0.77573
0.981321 0.775379
0.981309 0.775027
0.981297 0.774672
0.981284 0.774316
0.981272 0.773958
0.981259 0.773598
0.981247 0.773236
0.981234 0.772872
0.981221 0.772506
0.981209 0.772138
0.981196 0.771768
0.981183 0.771397
0.98117 0.771023
0.981157 0.770647
0.981144 0.770269
0.981131 0.769889
0.981117 0.769506
0.981104 0.769122
0.981091 0.768736
0.981077 0.768347
0.981064 0.767956
0.98105 0.767563
0.981037 0.767168
0.981023 0.766771
0.981009 0.766371
0.980995 0.765969
0.980981 0.765565
0.980967 0.765159
0.980953 0.76475
0.980939 0.764339
0.980925 0.763925
0.980911 0.763509
0.980896 0.763091
0.980882 0.76267
0.980867 0.762247
0.980853 0.761821
0.980838 0.761393
0.980823 0.760963
0.980809 0.760529
0.980794 0.760094
0.980779 0.759655
0.980764 0.759215
0.980748 0.758771
0.980733 0.758325
0.980718 0.757876
0.980702 0.757425
0.980687 0.75697
0.980671 0.756513
0.980656 0.756054
0.98064 0.755591
0.980624 0.755126
0.980608 0.754658
0.980592 0.754187
0.980576 0.753713
0.98056 0.753236
0.980544 0.752756
0.980527 0.752273
0.980511 0.751788
0.980494 0.751299
0.980477 0.750807
0.980461 0.750312
0.980444 0.749814
0.980427 0.749313
0.98041 0.748809
0.980393 0.748301
0.980375 0.74779
0.980358 0.747276
0.98034 0.746759
0.980323 0.746238
0.980305 0.745714
0.980287 0.745187
0.98027 0.744656
0.980252 0.744122
0.980233 0.743584
0.980215 0.743043
0.980197 0.742499
0.980178 0.74195
0.98016 0.741398
0.980141 0.740843
0.980122 0.740284
0.980103 0.739721
0.980084 0.739154
0.980065 0.738583
0.980046 0.738009
0.980027 0.737431
0.980007 0.736849
0.979988 0.736263
0.979968 0.735673
0.979948 0.735079
0.979928 0.734481
0.979908 0.733878
0.979888 0.733272
0.979867 0.732662
0.979847 0.732047
0.979826 0.731428
0.979805 0.730805
0.979784 0.730177
0.979763 0.729545
0.979742 0.728909
0.979721 0.728268
0.979699 0.727622
0.979678 0.726973
0.979656 0.726318
0.979634 0.725659
0.979612 0.724995
0.97959 0.724326
0.979567 0.723652
0.979545 0.722974
0.979522 0.722291
0.979499 0.721603
0.979476 0.720909
0.979453 0.720211
0.97943 0.719508
0.979406 0.718799
0.979383 0.718085
0.979359 0.717366
0.979335 0.716642
0.979311 0.715912
0.979287 0.715177
0.979262 0.714436
0.979238 0.71369
0.979213 0.712938
0.979188 0.712181
0.979163 0.711418
0.979137 0.710649
0.979112 0.709874
0.979086 0.709093
0.97906 0.708306
0.979034 0.707514
0.979008 0.706715
0.978981 0.70591
0.978955 0.705099
0.978928 0.704281
0.978901 0.703457
0.978873 0.702627
0.978846 0.70179
0.978818 0.700947
0.97879 0.700096
0.978762 0.69924
0.978734 0.698376
0.978705 0.697506
0.978677 0.696628
0.978648 0.695744
0.978618 0.694852
0.978589 0.693954
0.978559 0.693048
0.97853 0.692135
0.978499 0.691214
0.978469 0.690286
0.978438 0.68935
0.978408 0.688407
0.978376 0.687456
0.978345 0.686497
0.978314 0.68553
0.978282 0.684556
0.97825 0.683573
0.978217 0.682582
0.978185 0.681582
0.978152 0.680575
0.978119 0.679559
0.978085 0.678534
0.978051 0.677501
0.978017 0.676458
0.977983 0.675408
0.977949 0.674348
0.977914 0.673279
0.977879 0.672201
0.977843 0.671114
0.977807 0.670017
0.977771 0.668911
0.977735 0.667796
0.977698 0.66667
0.977661 0.665535
0.977624 0.66439
0.977586 0.663236
0.977548 0.662071
0.97751 0.660895
0.977472 0.65971
0.977433 0.658514
0.977393 0.657307
0.977354 0.65609
0.977314 0.654862
0.977273 0.653623
0.977232 0.652373
0.977191 0.651112
0.97715 0.649839
0.977108 0.648556
0.977066 0.64726
0.977023 0.645953
0.97698 0.644634
0.976937 0.643303
0.976893 0.64196
0.976849 0.640605
0.976804 0.639237
0.976759 0.637857
0.976713 0.636465
0.976667 0.635059
0.976621 0.633641
0.976574 0.63221
0.976527 0.630765
0.976479 0.629307
0.976431 0.627836
0.976382 0.626351
0.976333 0.624852
0.976284 0.623339
0.976234 0.621812
0.976183 0.620271
0.976132 0.618716
0.97608 0.617146
0.976028 0.615561
0.975976 0.613961
0.975922 0.612347
0.975869 0.610717
0.975815 0.609072
0.97576 0.607411
0.975704 0.605735
0.975648 0.604043
0.975592 0.602335
0.975535 0.600611
0.975477 0.59887
0.975419 0.597113
0.97536 0.59534
0.975301 0.593549
0.975241 0.591742
0.97518 0.589917
0.975118 0.588076
0.975056 0.586216
0.974994 0.584339
0.97493 0.582444
0.974866 0.580532
0.974802 0.578601
0.974736 0.576652
0.97467 0.574684
0.974603 0.572698
0.974535 0.570693
0.974467 0.568668
0.974398 0.566625
0.974328 0.564563
0.974257 0.562481
0.974186 0.560379
0.974114 0.558258
0.974041 0.556116
0.973967 0.553955
0.973892 0.551773
0.973817 0.549571
0.97374 0.547349
0.973663 0.545106
0.973585 0.542842
0.973506 0.540557
0.973426 0.53825
0.973345 0.535923
0.973263 0.533574
0.97318 0.531204
0.973097 0.528812
0.973012 0.526399
0.972926 0.523963
0.972839 0.521506
0.972752 0.519027
0.972663 0.516525
0.972573 0.514001
0.972482 0.511455
0.97239 0.508887
0.972297 0.506296
0.972203 0.503682
0.972107 0.501046
0.972011 0.498388
0.971913 0.495706
0.971814 0.493002
0.971714 0.490275
0.971613 0.487526
0.971511 0.484753
0.971407 0.481958
0.971302 0.47914
0.971195 0.4763
0.971088 0.473436
0.970979 0.470551
0.970869 0.467642
0.970757 0.464711
0.970644 0.461758
0.970529 0.458782
0.970413 0.455784
0.970296 0.452764
0.970177 0.449723
0.970057 0.446659
0.969935 0.443574
0.969812 0.440467
0.969687 0.437339
0.969561 0.434191
0.969433 0.431021
0.969303 0.427831
0.969172 0.424621
0.969039 0.42139
0.968904 0.41814
0.968768 0.414871
0.96863 0.411583
0.96849 0.408276
0.968349 0.404951
0.968206 0.401608
0.96806 0.398248
0.967913 0.39487
0.967765 0.391476
0.967614 0.388066
0.967461 0.384641
0.967307 0.3812
0.967151 0.377745
0.966992 0.374276
0.966832 0.370794
0.966669 0.367298
0.966505 0.363791
0.966338 0.360272
0.96617 0.356742
0.965999 0.353202
0.965826 0.349653
0.965651 0.346094
0.965474 0.342528
0.965295 0.338954
0.965113 0.335374
0.964929 0.331788
0.964743 0.328197
0.964555 0.324602
0.964364 0.321003
0.964171 0.317402
0.963976 0.313799
0.963778 0.310195
0.963578 0.306591
0.963375 0.302989
0.96317 0.299388
0.962963 0.29579
0.962753 0.292195
0.96254 0.288605
0.962325 0.285021
0.962108 0.281442
0.961888 0.277872
0.961665 0.274309
0.96144 0.270756
0.961213 0.267212
0.960982 0.26368
0.960749 0.26016
0.960513 0.256652
0.960275 0.253158
0.960034 0.249679
0.95979 0.246216
0.959544 0.242769
0.959295 0.239339
0.959043 0.235927
0.958788 0.232535
0.958531 0.229162
0.958271 0.22581
0.958008 0.22248
0.957742 0.219172
0.957474 0.215887
0.957203 0.212626
0.956928 0.209389
0.956651 0.206178
0.956372 0.202992
0.956089 0.199833
0.955804 0.196702
0.955515 0.193598
0.955224 0.190523
0.95493 0.187477
0.954633 0.18446
0.954334 0.181473
0.954031 0.178517
0.953726 0.175592
0.953418 0.172699
0.953106 0.169837
0.952792 0.167007
0.952476 0.164211
0.952156 0.161446
0.951833 0.158716
0.951508 0.156018
0.95118 0.153355
0.950849 0.150725
0.950515 0.148129
0.950178 0.145568
0.949838 0.14304
0.949496 0.140548
0.949151 0.13809
0.948803 0.135666
0.948452 0.133277
0.948098 0.130923
0.947742 0.128604
0.947382 0.126319
0.94702 0.124068
0.946656 0.121852
0.946288 0.119671
0.945918 0.117523
0.945545 0.11541
0.945169 0.11333
0.944791 0.111285
0.94441 0.109272
0.944026 0.107293
0.94364 0.105348
0.943251 0.103435
0.942859 0.101554
0.942465 0.099706
0.942068 0.09789
0.941669 0.0961057
0.941266 0.0943528
0.940862 0.092631
0.940455 0.09094
0.940045 0.0892794
0.939632 0.087649
0.939218 0.0860483
0.9388 0.084477
0.938381 0.0829348
0.937958 0.0814212
0.937534 0.0799359
0.937107 0.0784785
0.936677 0.0770487
0.936245 0.075646
0.935811 0.07427
0.935374 0.0729204
0.934935 0.0715968
0.934493 0.0702988
0.93405 0.0690259
0.933604 0.0677779
0.933155 0.0665542
0.932705 0.0653545
0.932252 0.0641784
0.931797 0.0630256
0.93134 0.0618955
0.93088 0.0607879
0.930418 0.0597023
0.929954 0.0586384
0.929488 0.0575957
0.92902 0.0565739
0.92855 0.0555727
0.928077 0.0545915
0.927603 0.0536302
0.927126 0.0526882
0.926647 0.0517653
0.926167 0.050861
0.925684 0.0499751
0.925199 0.0491071
0.924712 0.0482568
0.924224 0.0474237
0.923733 0.0466076
0.92324 0.045808
0.922745 0.0450248
0.922249 0.0442575
0.92175 0.0435058
0.92125 0.0427695
0.920748 0.0420482
0.920243 0.0413416
0.919737 0.0406493
0.91923 0.0399712
0.91872 0.0393069
0.918208 0.0386562
0.917695 0.0380186
0.91718 0.0373941
0.916663 0.0367823
0.916145 0.0361829
0.915624 0.0355957
0.915102 0.0350204
0.914578 0.0344568
0.914053 0.0339046
0.913526 0.0333636
0.912997 0.0328336
0.912466 0.0323142
0.911934 0.0318054
0.9114 0.0313068
0.910865 0.0308182
0.910328 0.0303395
0.909789 0.0298704
0.909249 0.0294107
0.908707 0.0289602
0.908164 0.0285187
0.907619 0.028086
0.907072 0.027662
0.906524 0.0272464
0.905975 0.026839
0.905424 0.0264398
0.904871 0.0260484
0.904317 0.0256648
0.903761 0.0252887
0.903204 0.0249201
0.902646 0.0245587
0.902086 0.0242044
0.901524 0.023857
0.900962 0.0235164
0.900397 0.0231825
0.899832 0.022855
0.899265 0.022534
0.898696 0.0222191
0.898126 0.0219103
0.897555 0.0216075
0.896983 0.0213105
0.896409 0.0210192
0.895833 0.0207335
0.895257 0.0204532
0.894679 0.0201783
0.8941 0.0199087
0.893519 0.0196441
0.892937 0.0193846
0.892354 0.0191299
0.891769 0.0188801
0.891184 0.0186349
0.890597 0.0183944
0.890008 0.0181584
0.889419 0.0179267
0.888828 0.0176994
0.888236 0.0174763
0.887642 0.0172573
0.887048 0.0170424
0.886452 0.0168314
0.885855 0.0166243
0.885257 0.016421
0.884657 0.0162214
0.884057 0.0160255
0.883455 0.0158331
0.882852 0.0156442
0.882248 0.0154588
0.881642 0.0152767
0.881036 0.0150978
0.880428 0.0149222
0.879819 0.0147497
0.879209 0.0145803
0.878598 0.0144139
0.877986 0.0142505
0.877372 0.0140899
0.876757 0.0139322
0.876142 0.0137773
0.875525 0.0136251
0.874907 0.0134756
0.874288 0.0133286
0.873667 0.0131843
0.873046 0.0130424
0.872424 0.0129031
0.8718 0.0127661
0.871175 0.0126315
0.87055 0.0124992
0.869923 0.0123691
0.869295 0.0122413
0.868666 0.0121157
0.868036 0.0119922
0.867405 0.0118708
0.866772 0.0117515
0.866139 0.0116342
0.865505 0.0115189
0.864869 0.0114055
0.864233 0.011294
0.863595 0.0111843
0.862957 0.0110765
0.862317 0.0109705
0.861676 0.0108662
0.861035 0.0107637
0.860392 0.0106629
0.859748 0.0105637
0.859103 0.0104661
0.858457 0.0103702
0.85781 0.0102758
0.857162 0.010183
0.856513 0.0100916
0.855863 0.0100018
0.855212 0.00991336
0.85456 0.00982639
0.853907 0.00974082
0.853253 0.00965662
0.852598 0.00957377
0.851941 0.00949224
0.851284 0.00941202
0.850626 0.00933307
0.849967 0.00925538
0.849306 0.00917892
0.848645 0.00910366
0.847983 0.0090296
0.847319 0.0089567
0.846655 0.00888494
0.84599 0.00881431
0.845323 0.00874479
0.844656 0.00867635
0.843988 0.00860897
0.843318 0.00854264
0.842648 0.00847734
0.841977 0.00841306
0.841304 0.00834976
0.840631 0.00828744
0.839956 0.00822609
0.839281 0.00816567
0.838604 0.00810618
0.837927 0.0080476
0.837248 0.00798991
0.836569 0.00793311
0.835888 0.00787717
0.835207 0.00782208
0.834524 0.00776783
0.833841 0.00771439
0.833156 0.00766177
0.832471 0.00760994
0.831784 0.00755889
0.831097 0.00750861
0.830408 0.00745909
0.829718 0.00741031
0.829028 0.00736226
0.828336 0.00731493
0.827643 0.00726831
0.82695 0.00722239
0.826255 0.00717715
0.825559 0.00713258
0.824862 0.00708868
0.824164 0.00704543
0.823466 0.00700282
0.822766 0.00696085
0.822065 0.00691949
0.821363 0.00687875
0.82066 0.00683861
0.819956 0.00679907
0.819251 0.00676011
0.818545 0.00672172
0.817838 0.0066839
0.817129 0.00664664
0.81642 0.00660992
0.81571 0.00657375
0.814998 0.00653811
0.814286 0.00650299
0.813573 0.00646839
0.812858 0.0064343
0.812143 0.00640071
0.811426 0.00636762
0.810708 0.00633501
0.809989 0.00630288
0.80927 0.00627122
0.808549 0.00624003
0.807827 0.00620929
0.807104 0.00617901
0.806379 0.00614918
0.805654 0.00611978
0.804928 0.00609081
0.804201 0.00606227
0.803472 0.00603416
0.802742 0.00600645
0.802012 0.00597916
0.80128 0.00595227
0.800547 0.00592577
0.799813 0.00589967
0.799078 0.00587395
0.798342 0.00584862
0.797604 0.00582366
0.796866 0.00579907
0.796126 0.00577485
0.795385 0.00575099
0.794643 0.00572748
0.7939 0.00570433
0.793156 0.00568152
0.792411 0.00565906
0.791664 0.00563693
0.790917 0.00561513
0.790168 0.00559367
0.789418 0.00557253
0.788667 0.00555171
0.787915 0.0055312
0.787161 0.00551101
0.786407 0.00549113
0.785651 0.00547155
0.784894 0.00545227
0.784136 0.00543329
0.783377 0.0054146
0.782616 0.0053962
0.781854 0.00537809
0.781091 0.00536026
0.780327 0.00534271
0.779562 0.00532543
0.778795 0.00530843
0.778028 0.0052917
0.777259 0.00527523
0.776488 0.00525902
0.775717 0.00524308
0.774944 0.00522739
0.77417 0.00521196
0.773395 0.00519677
0.772619 0.00518184
0.771841 0.00516715
0.771062 0.0051527
0.770282 0.00513849
0.7695 0.00512452
0.768717 0.00511079
0.767933 0.00509729
0.767148 0.00508401
0.766361 0.00507096
0.765573 0.00505814
0.764784 0.00504554
0.763993 0.00503316
0.763201 0.005021
0.762408 0.00500905
0.761614 0.00499731
0.760818 0.00498579
0.760021 0.00497447
0.759222 0.00496337
0.758422 0.00495246
0.757621 0.00494176
0.756818 0.00493126
0.756015 0.00492095
0.755209 0.00491085
0.754403 0.00490094
0.753595 0.00489122
0.752785 0.00488169
0.751974 0.00487235
0.751162 0.0048632
0.750349 0.00485423
0.749534 0.00484545
0.748717 0.00483685
0.747899 0.00482843
0.74708 0.00482019
0.746259 0.00481213
0.745437 0.00480425
0.744614 0.00479654
0.743789 0.004789
0.742962 0.00478163
0.742135 0.00477443
0.741305 0.0047674
0.740474 0.00476054
0.739642 0.00475385
0.738808 0.00474732
0.737973 0.00474095
0.737136 0.00473474
0.736298 0.0047287
0.735458 0.00472281
0.734617 0.00471709
0.733774 0.00471152
0.73293 0.0047061
0.732084 0.00470084
0.731237 0.00469574
0.730388 0.00469079
0.729538 0.00468598
0.728686 0.00468133
0.727832 0.00467683
0.726977 0.00467248
0.72612 0.00466827
0.725262 0.00466421
0.724402 0.0046603
0.723541 0.00465653
0.722678 0.0046529
0.721813 0.00464942
0.720947 0.00464608
0.720079 0.00464288
0.71921 0.00463981
0.718339 0.00463689
0.717466 0.00463411
0.716592 0.00463146
0.715716 0.00462896
0.714838 0.00462658
0.713959 0.00462435
0.713078 0.00462225
0.712196 0.00462028
0.711311 0.00461844
0.710425 0.00461674
0.709538 0.00461517
0.708648 0.00461373
0.707757 0.00461242
0.706864 0.00461125
0.70597 0.0046102
0.705074 0.00460928
0.704176 0.00460849
0.703276 0.00460782
0.702375 0.00460729
0.701472 0.00460688
0.700567 0.00460659
0.69966 0.00460644
0.698752 0.00460641
0.697841 0.0046065
0.696929 0.00460672
0.696016 0.00460706
0.6951 0.00460752
0.694183 0.00460811
0.693263 0.00460882
0.692342 0.00460965
0.69142 0.00461061
0.690495 0.00461168
0.689569 0.00461288
0.68864 0.0046142
0.68771 0.00461564
0.686778 0.0046172
0.685844 0.00461888
0.684909 0.00462068
0.683971 0.00462259
0.683031 0.00462463
0.68209 0.00462679
0.681147 0.00462906
0.680202 0.00463146
0.679255 0.00463397
0.678306 0.0046366
0.677355 0.00463934
0.676402 0.00464221
0.675448 0.00464519
0.674491 0.00464829
0.673532 0.00465151
0.672572 0.00465484
0.671609 0.00465829
0.670645 0.00466186
0.669679 0.00466554
0.66871 0.00466935
0.66774 0.00467326
0.666768 0.0046773
0.665793 0.00468145
0.664817 0.00468571
0.663839 0.0046901
0.662858 0.00469459
0.661876 0.00469921
0.660892 0.00470394
0.659905 0.00470879
0.658917 0.00471375
0.657927 0.00471883
0.656934 0.00472402
0.65594 0.00472934
0.654943 0.00473476
0.653944 0.00474031
0.652944 0.00474597
0.651941 0.00475175
0.650936 0.00475764
0.649929 0.00476365
0.64892 0.00476978
0.647909 0.00477602
0.646896 0.00478238
0.645881 0.00478886
0.644863 0.00479546
0.643844 0.00480217
0.642822 0.004809
0.641799 0.00481595
0.640773 0.00482302
0.639745 0.0048302
0.638715 0.0048375
0.637682 0.00484493
0.636648 0.00485247
0.635612 0.00486012
0.634573 0.0048679
0.633532 0.0048758
0.632489 0.00488382
0.631444 0.00489195
0.630396 0.00490021
0.629347 0.00490859
0.628295 0.00491709
0.627241 0.00492571
0.626185 0.00493445
0.625127 0.00494331
0.624066 0.0049523
0.623004 0.00496141
0.621939 0.00497064
0.620872 0.00497999
0.619802 0.00498947
0.618731 0.00499907
0.617657 0.00500879
0.616581 0.00501864
0.615503 0.00502861
0.614423 0.00503871
0.61334 0.00504894
0.612255 0.00505929
0.611168 0.00506977
0.610079 0.00508038
0.608987 0.00509111
0.607893 0.00510197
0.606797 0.00511296
0.605699 0.00512408
0.604598 0.00513533
0.603495 0.00514671
0.60239 0.00515822
0.601283 0.00516986
0.600173 0.00518163
0.599061 0.00519353
0.597947 0.00520557
0.596831 0.00521774
0.595712 0.00523004
0.594591 0.00524248
0.593468 0.00525505
0.592343 0.00526776
0.591215 0.00528061
0.590085 0.00529359
0.588953 0.00530671
0.587818 0.00531997
0.586681 0.00533336
0.585542 0.0053469
0.584401 0.00536057
0.583257 0.00537439
0.582112 0.00538834
0.580963 0.00540244
0.579813 0.00541669
0.57866 0.00543107
0.577505 0.0054456
0.576348 0.00546027
0.575189 0.00547509
0.574027 0.00549006
0.572863 0.00550518
0.571697 0.00552044
0.570528 0.00553585
0.569358 0.00555141
0.568185 0.00556712
0.567009 0.00558298
0.565832 0.00559899
0.564652 0.00561516
0.56347 0.00563148
0.562286 0.00564795
0.561099 0.00566458
0.559911 0.00568137
0.55872 0.00569831
0.557527 0.00571541
0.556331 0.00573267
0.555134 0.00575009
0.553934 0.00576767
0.552732 0.00578542
0.551528 0.00580332
0.550322 0.00582139
0.549113 0.00583962
0.547902 0.00585802
0.546689 0.00587659
0.545474 0.00589532
0.544257 0.00591422
0.543038 0.00593329
0.541816 0.00595253
0.540592 0.00597195
0.539367 0.00599153
0.538139 0.00601129
0.536909 0.00603123
0.535676 0.00605134
0.534442 0.00607162
0.533206 0.00609209
0.531967 0.00611273
0.530727 0.00613356
0.529484 0.00615457
0.528239 0.00617576
0.526993 0.00619713
0.525744 0.00621869
0.524493 0.00624043
0.52324 0.00626236
0.521985 0.00628449
0.520728 0.0063068
0.519469 0.0063293
0.518209 0.00635199
0.516946 0.00637488
0.515681 0.00639796
0.514414 0.00642124
0.513146 0.00644472
0.511875 0.00646839
0.510603 0.00649227
0.509328 0.00651634
0.508052 0.00654062
0.506774 0.00656511
0.505494 0.00658979
0.504212 0.00661469
0.502928 0.00663979
0.501643 0.00666511
0.500356 0.00669063
0.499067 0.00671637
0.497776 0.00674232
0.496483 0.00676849
0.495189 0.00679487
0.493893 0.00682147
0.492595 0.0068483
0.491296 0.00687534
0.489995 0.00690261
0.488692 0.0069301
0.487388 0.00695781
0.486082 0.00698576
0.484775 0.00701393
0.483465 0.00704233
0.482155 0.00707097
0.480843 0.00709984
0.479529 0.00712894
0.478214 0.00715828
0.476897 0.00718786
0.475579 0.00721769
0.474259 0.00724775
0.472938 0.00727806
0.471616 0.00730861
0.470292 0.00733941
0.468967 0.00737045
0.467641 0.00740175
0.466313 0.0074333
0.464984 0.00746511
0.463654 0.00749717
0.462322 0.00752949
0.460989 0.00756207
0.459655 0.0075949
0.45832 0.00762801
0.456984 0.00766137
0.455647 0.00769501
0.454308 0.00772891
0.452969 0.00776308
0.451628 0.00779753
0.450287 0.00783225
0.448944 0.00786724
0.4476 0.00790251
0.446256 0.00793807
0.444911 0.0079739
0.443564 0.00801002
0.442217 0.00804643
0.440869 0.00808312
0.439521 0.0081201
0.438171 0.00815738
0.436821 0.00819494
0.43547 0.00823281
0.434118 0.00827097
0.432766 0.00830943
0.431413 0.0083482
0.43006 0.00838727
0.428705 0.00842664
0.427351 0.00846633
0.425996 0.00850632
0.42464 0.00854663
0.423284 0.00858725
0.421928 0.00862819
0.420571 0.00866945
0.419214 0.00871103
0.417856 0.00875293
0.416499 0.00879516
0.415141 0.00883772
0.413783 0.00888061
0.412424 0.00892383
0.411066 0.00896738
0.409707 0.00901127
0.408348 0.0090555
0.40699 0.00910008
0.405631 0.00914499
0.404272 0.00919026
0.402913 0.00923587
0.401555 0.00928183
0.400196 0.00932815
0.398838 0.00937482
0.39748 0.00942185
0.396122 0.00946925
0.394764 0.009517
0.393407 0.00956512
0.39205 0.00961361
0.390693 0.00966246
0.389337 0.0097117
0.387981 0.0097613
0.386626 0.00981128
0.385272 0.00986165
0.383917 0.00991239
0.382564 0.00996352
0.381211 0.010015
0.379859 0.010067
0.378507 0.0101193
0.377156 0.010172
0.375806 0.010225
0.374457 0.0102785
0.373109 0.0103324
0.371761 0.0103867
0.370415 0.0104415
0.369069 0.0104966
0.367725 0.0105521
0.366381 0.0106081
0.365039 0.0106644
0.363697 0.0107212
0.362357 0.0107784
0.361018 0.0108361
0.359681 0.0108942
0.358344 0.0109527
0.357009 0.0110116
0.355675 0.011071
0.354343 0.0111308
0.353012 0.011191
0.351683 0.0112517
0.350355 0.0113129
0.349029 0.0113745
0.347704 0.0114366
0.346381 0.0114991
0.345059 0.011562
0.343739 0.0116255
0.342421 0.0116894
0.341105 0.0117537
0.33979 0.0118186
0.338478 0.0118839
0.337167 0.0119497
0.335858 0.0120159
0.334551 0.0120827
0.333246 0.0121499
0.331944 0.0122176
0.330643 0.0122858
0.329344 0.0123545
0.328048 0.0124237
0.326753 0.0124934
0.325461 0.0125636
0.324171 0.0126343
0.322884 0.0127055
0.321599 0.0127772
0.320316 0.0128494
0.319035 0.0129222
0.317758 0.0129954
0.316482 0.0130692
0.315209 0.0131435
0.313939 0.0132183
0.312671 0.0132937
0.311406 0.0133696
0.310143 0.013446
0.308883 0.013523
0.307626 0.0136005
0.306371 0.0136785
0.30512 0.0137571
0.303871 0.0138363
0.302625 0.013916
0.301382 0.0139963
0.300142 0.0140771
0.298905 0.0141584
0.29767 0.0142404
0.296439 0.0143229
0.295211 0.014406
0.293986 0.0144896
0.292764 0.0145738
0.291545 0.0146587
0.29033 0.014744
0.289117 0.01483
0.287908 0.0149166
0.286702 0.0150037
0.285499 0.0150915
0.2843 0.0151798
0.283104 0.0152687
0.281912 0.0153583
0.280722 0.0154484
0.279537 0.0155392
0.278354 0.0156305
0.277175 0.0157225
0.276 0.0158151
0.274828 0.0159083
0.27366 0.0160021
0.272496 0.0160966
0.271335 0.0161917
0.270177 0.0162874
0.269024 0.0163837
0.267874 0.0164807
0.266727 0.0165783
0.265585 0.0166766
0.264446 0.0167755
0.263311 0.016875
0.26218 0.0169752
0.261053 0.0170761
0.259929 0.0171776
0.258809 0.0172798
0.257694 0.0173826
0.256582 0.0174861
0.255474 0.0175903
0.25437 0.0176951
0.25327 0.0178006
0.252174 0.0179068
0.251082 0.0180136
0.249994 0.0181212
0.24891 0.0182294
0.24783 0.0183383
0.246754 0.0184479
0.245683 0.0185581
0.244615 0.0186691
0.243551 0.0187808
0.242492 0.0188932
0.241437 0.0190062
0.240386 0.01912
0.239339 0.0192345
0.238296 0.0193497
0.237258 0.0194656
0.236224 0.0195822
0.235194 0.0196995
0.234168 0.0198176
0.233146 0.0199364
0.232129 0.0200559
0.231116 0.0201761
0.230107 0.0202971
0.229103 0.0204188
0.228103 0.0205412
0.227107 0.0206644
0.226115 0.0207883
0.225128 0.020913
0.224145 0.0210383
0.223167 0.0211645
0.222193 0.0212914
0.221223 0.021419
0.220258 0.0215474
0.219297 0.0216766
0.21834 0.0218065
0.217388 0.0219372
0.21644 0.0220687
0.215496 0.0222009
0.214557 0.0223339
0.213623 0.0224676
0.212692 0.0226022
0.211766 0.0227375
0.210845 0.0228736
0.209928 0.0230105
0.209015 0.0231481
0.208107 0.0232866
0.207203 0.0234258
0.206304 0.0235658
0.205408 0.0237066
0.204518 0.0238482
0.203632 0.0239906
0.20275 0.0241339
0.201872 0.0242779
0.201 0.0244227
0.200131 0.0245683
0.199267 0.0247147
0.198407 0.024862
0.197552 0.02501
0.196701 0.0251589
0.195854 0.0253086
0.195012 0.0254591
0.194174 0.0256104
0.193341 0.0257626
0.192512 0.0259156
0.191687 0.0260694
0.190867 0.026224
0.190051 0.0263795
0.18924 0.0265358
0.188432 0.0266929
0.187629 0.0268509
0.186831 0.0270097
0.186037 0.0271694
0.185247 0.0273299
0.184461 0.0274912
0.18368 0.0276534
0.182903 0.0278165
0.182131 0.0279804
0.181362 0.0281452
0.180598 0.0283108
0.179839 0.0284773
0.179083 0.0286446
0.178332 0.0288128
0.177585 0.0289819
0.176842 0.0291518
0.176104 0.0293226
0.175369 0.0294942
0.174639 0.0296668
0.173913 0.0298402
0.173192 0.0300145
0.172474 0.0301897
0.171761 0.0303657
0.171052 0.0305426
0.170346 0.0307204
0.169646 0.0308991
0.168949 0.0310787
0.168256 0.0312592
0.167567 0.0314406
0.166883 0.0316228
0.166202 0.031806
0.165526 0.03199
0.164854 0.0321749
0.164185 0.0323608
0.163521 0.0325475
0.162861 0.0327352
0.162204 0.0329237
0.161552 0.0331132
0.160904 0.0333036
0.160259 0.0334948
0.159619 0.033687
0.158982 0.0338801
0.15835 0.0340742
0.157721 0.0342691
0.157096 0.034465
0.156475 0.0346618
0.155858 0.0348595
0.155245 0.0350581
0.154635 0.0352576
0.15403 0.0354581
0.153428 0.0356595
0.15283 0.0358619
0.152235 0.0360652
0.151645 0.0362694
0.151058 0.0364745
0.150475 0.0366806
0.149896 0.0368876
0.14932 0.0370956
0.148748 0.0373045
0.14818 0.0375144
0.147615 0.0377252
0.147054 0.037937
0.146496 0.0381497
0.145943 0.0383633
0.145392 0.038578
0.144846 0.0387935
0.144303 0.0390101
0.143763 0.0392276
0.143227 0.039446
0.142694 0.0396654
0.142165 0.0398858
0.14164 0.0401072
0.141118 0.0403295
0.140599 0.0405528
0.140084 0.0407771
0.139572 0.0410023
0.139063 0.0412285
0.138558 0.0414557
0.138056 0.0416839
0.137558 0.0419131
0.137063 0.0421432
0.136571 0.0423743
0.136083 0.0426064
0.135598 0.0428396
0.135116 0.0430736
0.134637 0.0433087
0.134162 0.0435448
0.13369 0.0437819
0.133221 0.04402
0.132755 0.0442591
0.132292 0.0444992
0.131833 0.0447403
0.131376 0.0449824
0.130923 0.0452255
0.130473 0.0454696
0.130026 0.0457148
0.129582 0.0459609
0.129141 0.0462081
0.128703 0.0464563
0.128268 0.0467055
0.127837 0.0469557
0.127408 0.047207
0.126982 0.0474593
0.126559 0.0477126
0.126139 0.047967
0.125722 0.0482224
0.125308 0.0484788
0.124897 0.0487363
0.124489 0.0489948
0.124083 0.0492543
0.123681 0.049515
0.123281 0.0497766
0.122884 0.0500393
0.12249 0.0503031
0.122098 0.0505679
0.12171 0.0508338
0.121324 0.0511007
0.120941 0.0513687
0.120561 0.0516378
0.120183 0.0519079
0.119808 0.0521791
0.119436 0.0524514
0.119067 0.0527247
0.1187 0.0529992
0.118335 0.0532747
0.117974 0.0535513
0.117615 0.053829
0.117258 0.0541078
0.116905 0.0543877
0.116553 0.0546686
0.116205 0.0549507
0.115859 0.0552339
0.115515 0.0555181
0.115174 0.0558035
0.114835 0.05609
0.114499 0.0563776
0.114166 0.0566663
0.113834 0.0569562
0.113506 0.0572471
0.113179 0.0575392
0.112855 0.0578325
0.112534 0.0581268
0.112215 0.0584223
0.111898 0.0587189
0.111583 0.0590167
0.111271 0.0593156
0.110962 0.0596157
0.110654 0.0599169
0.110349 0.0602192
0.110046 0.0605228
0.109746 0.0608275
0.109448 0.0611333
0.109152 0.0614403
0.108858 0.0617485
0.108566 0.0620579
0.108277 0.0623685
0.10799 0.0626802
0.107705 0.0629932
0.107422 0.0633073
0.107141 0.0636226
0.106863 0.0639391
0.106587 0.0642569
0.106312 0.0645758
0.10604 0.064896
0.10577 0.0652173
0.105503 0.0655399
0.105237 0.0658637
0.104973 0.0661888
0.104711 0.066515
0.104452 0.0668426
0.104194 0.0671713
0.103939 0.0675013
0.103685 0.0678326
0.103433 0.0681651
0.103184 0.0684989
0.102936 0.0688339
0.102691 0.0691703
0.102447 0.0695079
0.102205 0.0698467
0.101965 0.0701869
0.101727 0.0705283
0.101491 0.0708711
0.101257 0.0712151
0.101025 0.0715605
0.100795 0.0719072
0.100566 0.0722552
0.10034 0.0726045
0.100115 0.0729551
0.0998919 0.0733071
0.0996707 0.0736604
0.0994514 0.0740151
0.0992339 0.0743711
0.0990182 0.0747284
0.0988043 0.0750872
0.0985922 0.0754473
0.0983818 0.0758087
0.0981731 0.0761716
0.0979663 0.0765358
0.0977611 0.0769015
0.0975577 0.0772685
0.097356 0.0776369
0.097156 0.0780068
0.0969577 0.0783781
0.0967611 0.0787508
0.0965661 0.0791249
0.0963729 0.0795005
0.0961813 0.0798775
0.0959913 0.0802559
0.095803 0.0806359
0.0956163 0.0810173
0.0954313 0.0814001
0.0952479 0.0817845
0.095066 0.0821703
0.0948858 0.0825577
0.0947072 0.0829465
0.0945302 0.0833369
0.0943547 0.0837287
0.0941808 0.0841221
0.0940085 0.0845171
0.0938377 0.0849135
0.0936684 0.0853116
0.0935007 0.0857112
0.0933345 0.0861123
0.0931699 0.086515
0.0930067 0.0869194
0.0928451 0.0873253
0.0926849 0.0877328
0.0925263 0.0881419
0.0923691 0.0885527
0.0922134 0.088965
0.0920591 0.089379
0.0919064 0.0897947
0.091755 0.090212
0.0916051 0.090631
0.0914567 0.0910516
0.0913097 0.091474
0.0911641 0.091898
0.09102 0.0923238
0.0908772 0.0927512
0.0907359 0.0931804
0.0905959 0.0936113
0.0904573 0.094044
0.0903202 0.0944784
0.0901844 0.0949146
0.09005 0.0953525
0.0899169 0.0957923
0.0897852 0.0962338
0.0896549 0.0966772
0.0895259 0.0971223
0.0893982 0.0975694
0.0892719 0.0980182
0.0891469 0.0984689
0.0890233 0.0989215
0.0889009 0.099376
0.0887799 0.0998323
0.0886602 0.100291
0.0885418 0.100751
0.0884247 0.101213
0.0883088 0.101677
0.0881943 0.102143
0.088081 0.102611
0.0879691 0.103081
0.0878583 0.103553
0.0877489 0.104027
0.0876407 0.104503
0.0875338 0.104981
0.0874281 0.105461
0.0873237 0.105943
0.0872205 0.106427
0.0871185 0.106913
0.0870178 0.107402
0.0869183 0.107892
0.08682 0.108385
0.086723 0.10888
0.0866271 0.109377
0.0865325 0.109876
0.0864391 0.110377
0.0863468 0.110881
0.0862558 0.111386
0.086166 0.111894
0.0860773 0.112405
0.0859899 0.112917
0.0859036 0.113432
0.0858185 0.113949
0.0857346 0.114469
0.0856519 0.114991
0.0855703 0.115515
0.0854899 0.116041
0.0854106 0.11657
0.0853325 0.117102
0.0852556 0.117636
0.0851798 0.118172
0.0851051 0.118711
0.0850316 0.119252
0.0849593 0.119796
0.0848881 0.120342
0.084818 0.120891
0.084749 0.121442
0.0846812 0.121996
0.0846145 0.122553
0.084549 0.123112
0.0844845 0.123674
0.0844212 0.124239
0.084359 0.124806
0.0842979 0.125376
0.0842379 0.125949
0.0841791 0.126525
0.0841213 0.127103
0.0840647 0.127684
0.0840091 0.128268
0.0839547 0.128855
0.0839013 0.129445
0.0838491 0.130037
0.0837979 0.130633
0.0837479 0.131231
0.0836989 0.131833
0.0836511 0.132438
0.0836043 0.133045
0.0835586 0.133656
0.083514 0.134269
0.0834705 0.134886
0.0834281 0.135506
0.0833868 0.136129
0.0833465 0.136755
0.0833073 0.137385
0.0832692 0.138018
0.0832322 0.138654
0.0831963 0.139293
0.0831615 0.139936
0.0831277 0.140582
0.083095 0.141231
0.0830634 0.141884
0.0830329 0.142541
0.0830034 0.1432
0.082975 0.143864
0.0829477 0.144531
0.0829215 0.145201
0.0828964 0.145875
0.0828723 0.146553
0.0828493 0.147235
0.0828274 0.14792
0.0828066 0.148609
0.0827868 0.149302
0.0827681 0.149998
0.0827505 0.150699
0.082734 0.151403
0.0827186 0.152111
0.0827042 0.152823
0.082691 0.15354
0.0826788 0.15426
0.0826677 0.154984
0.0826577 0.155713
0.0826487 0.156446
0.0826409 0.157183
0.0826342 0.157924
0.0826285 0.158669
0.0826239 0.159419
0.0826205 0.160173
0.0826181 0.160932
0.0826168 0.161695
0.0826167 0.162463
0.0826176 0.163235
0.0826196 0.164012
0.0826228 0.164793
0.082627 0.165579
0.0826324 0.16637
0.0826389 0.167166
0.0826465 0.167966
0.0826552 0.168771
0.082665 0.169582
0.082676 0.170397
0.0826881 0.171217
0.0827013 0.172043
0.0827157 0.172874
0.0827312 0.173709
0.0827479 0.17455
0.0827657 0.175397
0.0827846 0.176249
0.0828047 0.177106
0.082826 0.177968
0.0828484 0.178837
0.082872 0.17971
0.0828968 0.18059
0.0829227 0.181475
0.0829498 0.182366
0.0829781 0.183263
0.0830076 0.184166
0.0830383 0.185074
0.0830702 0.185989
0.0831033 0.18691
0.0831376 0.187837
0.0831731 0.18877
0.0832099 0.18971
0.0832478 0.190656
0.083287 0.191608
0.0833275 0.192567
0.0833692 0.193532
0.0834121 0.194504
0.0834563 0.195483
0.0835018 0.196469
0.0835485 0.197462
0.0835965 0.198461
0.0836459 0.199468
0.0836965 0.200481
0.0837484 0.201502
0.0838016 0.202531
0.0838561 0.203566
0.083912 0.204609
0.0839692 0.20566
0.0840277 0.206718
0.0840876 0.207784
0.0841488 0.208858
0.0842114 0.209939
0.0842754 0.211029
0.0843408 0.212127
0.0844076 0.213233
0.0844757 0.214347
0.0845453 0.215469
0.0846164 0.2166
0.0846888 0.21774
0.0847627 0.218888
0.0848381 0.220045
0.0849149 0.221211
0.0849932 0.222386
0.085073 0.22357
0.0851543 0.224763
0.0852372 0.225966
0.0853215 0.227178
0.0854074 0.228399
0.0854948 0.22963
0.0855838 0.230871
0.0856744 0.232122
0.0857666 0.233382
0.0858604 0.234653
0.0859558 0.235934
0.0860528 0.237226
0.0861515 0.238528
0.0862518 0.23984
0.0863539 0.241164
0.0864576 0.242498
0.086563 0.243843
0.0866702 0.245199
0.0867791 0.246567
0.0868897 0.247946
0.0870021 0.249337
0.0871164 0.250739
0.0872324 0.252153
0.0873502 0.25358
0.0874699 0.255018
0.0875915 0.256469
0.087715 0.257932
0.0878403 0.259408
0.0879676 0.260896
0.0880968 0.262398
0.088228 0.263912
0.0883612 0.26544
0.0884963 0.266981
0.0886336 0.268536
0.0887728 0.270104
0.0889141 0.271687
0.0890576 0.273283
0.0892031 0.274894
0.0893508 0.276519
0.0895006 0.278159
0.0896527 0.279814
0.0898069 0.281484
0.0899634 0.283168
0.0901222 0.284869
0.0902833 0.286584
0.0904467 0.288316
0.0906124 0.290063
0.0907806 0.291827
0.0909511 0.293607
0.0911241 0.295403
0.0912995 0.297216
0.0914775 0.299047
0.0916579 0.300894
0.091841 0.302759
0.0920266 0.304641
0.0922149 0.306541
0.0924058 0.308459
0.0925994 0.310395
0.0927958 0.31235
0.0929949 0.314323
0.0931968 0.316315
0.0934016 0.318327
0.0936092 0.320357
0.0938197 0.322408
0.0940332 0.324478
0.0942497 0.326568
0.0944693 0.328678
0.0946919 0.330809
0.0949176 0.332961
0.0951465 0.335133
0.0953786 0.337327
0.095614 0.339542
0.0958526 0.341779
0.0960946 0.344038
0.09634 0.346319
0.0965889 0.348623
0.0968412 0.350949
0.097097 0.353298
0.0973565 0.35567
0.0976195 0.358066
0.0978863 0.360485
0.0981568 0.362928
0.0984312 0.365395
0.0987094 0.367887
0.0989915 0.370403
0.0992775 0.372944
0.0995676 0.37551
0.0998618 0.378102
0.10016 0.380719
0.100463 0.383361
0.10077 0.38603
0.101081 0.388725
0.101396 0.391447
0.101716 0.394195
0.102041 0.39697
0.10237 0.399772
0.102704 0.402602
0.103043 0.405459
0.103386 0.408344
0.103735 0.411256
0.104088 0.414197
0.104447 0.417166
0.10481 0.420164
0.105179 0.42319
0.105553 0.426245
0.105933 0.429329
0.106318 0.432442
0.106708 0.435584
0.107104 0.438755
0.107506 0.441956
0.107914 0.445186
0.108327 0.448446
0.108747 0.451736
0.109173 0.455055
0.109604 0.458404
0.110043 0.461783
0.110487 0.465192
0.110938 0.46863
0.111396 0.472098
0.11186 0.475596
0.112331 0.479124
0.112809 0.482681
0.113294 0.486268
0.113786 0.489885
0.114285 0.49353
0.114791 0.497205
0.115305 0.500909
0.115827 0.504641
0.116356 0.508402
0.116893 0.512191
0.117438 0.516008
0.117991 0.519853
0.118552 0.523725
0.119121 0.527625
0.119699 0.53155
0.120285 0.535502
0.12088 0.53948
0.121484 0.543483
0.122097 0.547511
0.122718 0.551563
0.123349 0.555639
0.123989 0.559737
0.124638 0.563859
0.125297 0.568002
0.125966 0.572166
0.126645 0.57635
0.127333 0.580554
0.128032 0.584776
0.12874 0.589017
0.129459 0.593275
0.130189 0.597548
0.130929 0.601837
0.13168 0.606141
0.132442 0.610457
0.133216 0.614786
0.134 0.619126
0.134795 0.623476
0.135602 0.627835
0.136421 0.632202
0.137252 0.636576
0.138094 0.640955
0.138948 0.645339
0.139815 0.649725
0.140694 0.654113
0.141585 0.658502
0.142489 0.66289
0.143405 0.667275
0.144335 0.671658
0.145277 0.676035
0.146233 0.680406
0.147201 0.684769
0.148183 0.689124
0.149179 0.693468
0.150188 0.6978
0.151211 0.70212
0.152248 0.706424
0.153299 0.710713
0.154364 0.714985
0.155443 0.719237
0.156536 0.72347
0.157644 0.727682
0.158767 0.73187
0.159904 0.736035
0.161056 0.740175
0.162223 0.744287
0.163405 0.748372
0.164601 0.752428
0.165814 0.756454
0.167041 0.760448
0.168284 0.76441
0.169542 0.768338
0.170815 0.772231
0.172105 0.776089
0.17341 0.77991
0.174731 0.783693
0.176067 0.787438
0.17742 0.791144
0.178788 0.794809
0.180173 0.798433
0.181574 0.802015
0.182991 0.805555
0.184424 0.809052
0.185873 0.812505
0.187339 0.815914
0.188821 0.819279
0.19032 0.822598
0.191835 0.825872
0.193367 0.8291
0.194916 0.832281
0.196481 0.835417
0.198062 0.838505
0.199661 0.841547
0.201276 0.844542
0.202908 0.847489
0.204556 0.85039
0.206222 0.853243
0.207904 0.856049
0.209603 0.858809
0.211319 0.861521
0.213052 0.864186
0.214802 0.866805
0.216569 0.869378
0.218352 0.871904
0.220153 0.874385
0.221971 0.87682
0.223805 0.879209
0.225657 0.881554
0.227525 0.883854
0.229411 0.88611
0.231313 0.888323
0.233232 0.890492
0.235169 0.892618
0.237122 0.894702
0.239092 0.896744
0.241079 0.898745
0.243083 0.900705
0.245104 0.902625
0.247142 0.904506
0.249197 0.906347
0.251269 0.908149
0.253357 0.909914
0.255463 0.911641
0.257585 0.913331
0.259724 0.914985
0.26188 0.916603
0.264053 0.918186
0.266242 0.919735
0.268449 0.92125
0.270672 0.922732
0.272911 0.924181
0.275168 0.925598
0.277441 0.926983
0.27973 0.928338
0.282036 0.929662
0.284359 0.930957
0.286698 0.932222
0.289054 0.933459
0.291426 0.934668
0.293815 0.935849
0.29622 0.937004
0.298641 0.938132
0.301078 0.939235
0.303532 0.940312
0.306002 0.941365
0.308488 0.942394
0.31099 0.943399
0.313509 0.944381
0.316043 0.94534
0.318593 0.946277
0.321159 0.947192
0.323741 0.948087
0.326339 0.94896
0.328952 0.949814
0.331582 0.950648
0.334226 0.951462
0.336886 0.952257
0.339562 0.953034
0.342253 0.953793
0.344959 0.954535
0.347681 0.955259
0.350417 0.955966
0.353169 0.956657
0.355935 0.957332
0.358717 0.957991
0.361513 0.958635
0.364324 0.959264
0.367149 0.959878
0.369989 0.960478
0.372843 0.961064
0.375711 0.961636
0.378594 0.962196
0.381491 0.962742
0.384401 0.963275
0.387325 0.963796
0.390263 0.964305
0.393214 0.964803
0.396179 0.965288
0.399157 0.965763
0.402147 0.966226
0.405151 0.966679
0.408168 0.967121
0.411197 0.967553
0.414239 0.967975
0.417292 0.968387
0.420358 0.968789
0.423436 0.969183
0.426526 0.969567
0.429627 0.969942
0.432739 0.970308
0.435863 0.970666
0.438998 0.971016
0.442143 0.971358
0.445299 0.971691
0.448465 0.972017
0.451642 0.972336
0.454828 0.972647
0.458024 0.97295
0.461229 0.973247
0.464444 0.973537
0.467667 0.97382
0.470899 0.974096
0.47414 0.974366
0.477388 0.97463
0.480645 0.974887
0.483909 0.975138
0.48718 0.975384
0.490459 0.975624
0.493744 0.975858
0.497036 0.976086
0.500334 0.976309
0.503638 0.976527
0.506948 0.97674
0.510262 0.976948
0.513582 0.97715
0.516906 0.977348
0.520235 0.977541
0.523568 0.977729
0.526904 0.977913
0.530243 0.978093
0.533586 0.978268
0.536931 0.978438
0.540279 0.978605
0.543628 0.978767
0.546979 0.978926
0.550331 0.97908
0.553684 0.979231
0.557038 0.979378
0.560391 0.979521
0.563744 0.97966
0.567097 0.979796
0.570449 0.979929
0.573799 0.980058
0.577147 0.980183
0.580493 0.980306
0.583837 0.980425
0.587178 0.980541
0.590515 0.980654
0.593849 0.980763
0.597179 0.98087
0.600504 0.980974
0.603824 0.981075
0.607139 0.981173
0.610448 0.981268
0.613751 0.981361
0.617048 0.981451
0.620337 0.981538
0.62362 0.981623
0.626895 0.981705
0.630162 0.981785
0.63342 0.981862
0.63667 0.981937
0.63991 0.982009
0.643141 0.982079
0.646362 0.982147
0.649573 0.982212
0.652773 0.982276
0.655961 0.982337
0.659139 0.982396
0.662304 0.982453
0.665458 0.982507
0.668599 0.98256
0.671727 0.982611
0.674842 0.98266
0.677943 0.982706
0.681031 0.982751
0.684104 0.982794
0.687163 0.982836
0.690207 0.982875
0.693236 0.982912
0.69625 0.982948
0.699247 0.982982
0.702229 0.983014
0.705194 0.983045
0.708143 0.983074
0.711074 0.983101
0.713989 0.983127
0.716886 0.983151
0.719766 0.983173
0.722627 0.983194
0.725471 0.983214
0.728296 0.983232
0.731102 0.983248
0.73389 0.983263
0.736658 0.983277
0.739408 0.983289
0.742138 0.983299
0.744848 0.983309
0.747538 0.983316
0.750209 0.983323
0.752859 0.983328
0.75549 0.983332
0.758099 0.983335
0.760689 0.983336
0.763257 0.983336
0.765805 0.983335
0.768332 0.983333
0.770838 0.983329
0.773323 0.983324
0.775786 0.983318
0.778229 0.983311
0.78065 0.983303
0.783049 0.983293
0.785427 0.983283
0.787784 0.983271
0.790119 0.983258
0.792433 0.983244
0.794724 0.983229
0.796995 0.983213
0.799243 0.983196
0.80147 0.983178
0.803676 0.983159
0.805859 0.983139
0.808021 0.983118
0.810162 0.983096
0.81228 0.983072
0.814378 0.983048
0.816454 0.983023
0.818508 0.982998
0.820541 0.982971
0.822552 0.982943
0.824543 0.982914
0.826512 0.982885
0.828459 0.982854
0.830386 0.982823
0.832292 0.982791
0.834177 0.982758
0.836041 0.982724
0.837884 0.982689
0.839707 0.982653
0.841509 0.982617
0.843291 0.98258
0.845053 0.982542
0.846794 0.982503
0.848516 0.982464
0.850217 0.982423
0.851899 0.982382
0.853561 0.98234
0.855203 0.982298
0.856826 0.982254
0.85843 0.98221
0.860014 0.982166
0.86158 0.98212
0.863127 0.982074
0.864655 0.982027
0.866165 0.981979
0.867656 0.981931
0.869129 0.981882
0.870584 0.981833
0.872021 0.981782
0.87344 0.981731
0.874841 0.98168
0.876226 0.981628
0.877593 0.981575
0.878942 0.981521
0.880275 0.981467
0.881591 0.981413
0.882891 0.981357
0.884174 0.981301
0.88544 0.981245
0.886691 0.981188
0.887925 0.98113
0.889144 0.981072
0.890347 0.981013
0.891535 0.980954
0.892708 0.980894
0.893865 0.980834
0.895007 0.980773
0.896135 0.980711
0.897248 0.980649
0.898346 0.980587
0.89943 0.980524
0.900501 0.98046
0.901557 0.980396
0.902599 0.980331
0.903628 0.980266
0.904643 0.980201
0.905645 0.980135
0.906633 0.980068
0.907609 0.980001
0.908572 0.979934
0.909522 0.979866
0.91046 0.979798
0.911385 0.979729
0.912298 0.97966
0.913199 0.97959
0.914088 0.97952
0.914965 0.979449
0.915831 0.979378
0.916685 0.979307
0.917528 0.979235
0.91836 0.979163
0.919181 0.97909
0.91999 0.979017
0.92079 0.978943
0.921578 0.97887
0.922356 0.978795
0.923124 0.978721
0.923882 0.978646
0.924629 0.97857
0.925367 0.978495
0.926095 0.978419
0.926813 0.978342
0.927521 0.978265
0.928221 0.978188
0.928911 0.978111
0.929592 0.978033
0.930264 0.977954
0.930927 0.977876
0.931581 0.977797
0.932227 0.977718
0.932864 0.977638
0.933492 0.977558
0.934113 0.977478
0.934725 0.977398
0.935329 0.977317
0.935925 0.977236
0.936514 0.977154
0.937094 0.977073
0.937667 0.976991
0.938233 0.976908
0.938791 0.976826
0.939342 0.976743
0.939885 0.97666
0.940422 0.976577
0.940951 0.976493
0.941474 0.976409
0.94199 0.976325
0.942499 0.97624
0.943001 0.976155
0.943497 0.97607
0.943986 0.975985
0.94447 0.9759
0.944947 0.975814
0.945417 0.975728
0.945882 0.975642
0.946341 0.975555
0.946793 0.975469
0.94724 0.975382
0.947682 0.975295
0.948117 0.975207
0.948547 0.97512
0.948972 0.975032
0.949391 0.974944
0.949804 0.974856
0.950213 0.974767
0.950616 0.974679
0.951014 0.97459
0.951407 0.974501
0.951796 0.974412
0.952179 0.974322
0.952557 0.974233
0.952931 0.974143
0.9533 0.974053
0.953664 0.973963
0.954024 0.973872
0.954379 0.973782
0.95473 0.973691
0.955076 0.9736
0.955418 0.973509
0.955756 0.973418
0.95609 0.973327
0.95642 0.973235
0.956745 0.973143
0.957066 0.973052
0.957384 0.97296
0.957698 0.972867
0.958007 0.972775
0.958313 0.972683
0.958615 0.97259
0.958914 0.972497
0.959209 0.972405
0.9595 0.972312
0.959788 0.972219
0.960072 0.972125
0.960353 0.972032
0.96063 0.971938
0.960904 0.971845
0.961175 0.971751
0.961443 0.971657
0.961707 0.971563
0.961968 0.971469
0.962226 0.971375
0.962481 0.971281
0.962733 0.971186
0.962982 0.971092
0.963228 0.970997
0.963471 0.970902
0.963711 0.970807
0.963949 0.970712
0.964183 0.970617
0.964415 0.970522
0.964644 0.970427
0.964871 0.970332
0.965095 0.970236
0.965316 0.970141
0.965534 0.970045
0.96575 0.96995
0.965964 0.969854
0.966175 0.969758
0.966384 0.969662
0.96659 0.969566
0.966794 0.96947
0.966996 0.969374
0.967195 0.969278
0.967392 0.969181
0.967586 0.969085
0.967779 0.968989
0.967969 0.968892
0.968158 0.968796
0.968344 0.968699
0.968528 0.968603
0.968709 0.968506
0.968889 0.968409
0.969067 0.968312
0.969243 0.968216
0.969417 0.968119
0.969589 0.968022
0.969759 0.967925
0.969927 0.967828
0.970093 0.967731
0.970257 0.967634
0.97042 0.967537
0.970581 0.967439
0.97074 0.967342
0.970897 0.967245
0.971053 0.967148
0.971207 0.96705
0.971359 0.966953
0.971509 0.966856
0.971658 0.966758
0.971805 0.966661
0.971951 0.966563
0.972095 0.966466
0.972238 0.966368
0.972379 0.966271
0.972518 0.966173
0.972656 0.966076
0.972793 0.965978
0.972928 0.965881
0.973061 0.965783
0.973194 0.965685
0.973325 0.965588
0.973454 0.96549
0.973582 0.965392
0.973709 0.965295
0.973834 0.965197
0.973958 0.965099
0.974081 0.965002
0.974202 0.964904
0.974322 0.964806
0.974441 0.964709
0.974559 0.964611
0.974675 0.964513
0.974791 0.964416
0.974905 0.964318
0.975018 0.96422
0.975129 0.964123
0.97524 0.964025
0.975349 0.963927
0.975458 0.96383
0.975565 0.963732
0.975671 0.963635
0.975776 0.963537
0.97588 0.963439
0.975983 0.963342
0.976085 0.963244
0.976185 0.963147
0.976285 0.963049
0.976384 0.962952
0.976482 0.962854
0.976579 0.962757
0.976674 0.962659
0.976769 0.962562
0.976863 0.962465
0.976956 0.962367
0.977048 0.96227
0.977139 0.962173
0.97723 0.962075
0.977319 0.961978
0.977407 0.961881
0.977495 0.961784
0.977582 0.961687
0.977668 0.961589
0.977753 0.961492
0.977837 0.961395
0.97792 0.961298
0.978003 0.961201
0.978084 0.961104
0.978165 0.961007
0.978246 0.960911
0.978325 0.960814
0.978404 0.960717
0.978481 0.96062
0.978558 0.960523
0.978635 0.960427
0.97871 0.96033
0.978785 0.960234
0.978859 0.960137
0.978933 0.96004
0.979006 0.959944
0.979078 0.959848
0.979149 0.959751
0.97922 0.959655
0.97929 0.959559
0.979359 0.959462
0.979428 0.959366
0.979496 0.95927
0.979563 0.959174
0.97963 0.959078
0.979696 0.958982
0.979762 0.958886
0.979826 0.95879
0.979891 0.958694
0.979954 0.958599
0.980017 0.958503
0.98008 0.958407
0.980142 0.958312
0.980203 0.958216
0.980264 0.958121
0.980324 0.958025
0.980384 0.95793
0.980443 0.957835
0.980501 0.957739
0.980559 0.957644
0.980617 0.957549
0.980674 0.957454
0.98073 0.957359
0.980786 0.957264
0.980841 0.957169
0.980896 0.957074
0.980951 0.95698
0.981004 0.956885
0.981058 0.95679
0.981111 0.956696
0.981163 0.956601
0.981215 0.956507
0.981267 0.956412
0.981318 0.956318
0.981368 0.956224
0.981418 0.95613
0.981468 0.956036
0.981517 0.955942
0.981566 0.955848
0.981614 0.955754
0.981662 0.95566
0.981709 0.955566
0.981756 0.955473
0.981803 0.955379
0.981849 0.955285
0.981895 0.955192
0.98194 0.955099
0.981985 0.955005
0.98203 0.954912
0.982074 0.954819
0.982118 0.954726
0.982161 0.954633
0.982204 0.95454
0.982246 0.954447
0.982289 0.954354
0.982331 0.954261
0.982372 0.954169
0.982413 0.954076
0.982454 0.953984
0.982494 0.953891
0.982534 0.953799
0.982574 0.953707
0.982613 0.953615
0.982652 0.953522
0.982691 0.95343
0.982729 0.953339
0.982767 0.953247
0.982805 0.953155
0.982842 0.953063
0.982879 0.952972
0.982916 0.95288
0.982952 0.952789
0.982988 0.952697
0.983024 0.952606
0.983059 0.952515
0.983095 0.952424
0.983129 0.952332
0.983164 0.952241
0.983198 0.952151
0.983232 0.95206
0.983266 0.951969
0.983299 0.951878
0.983332 0.951788
0.983365 0.951697
0.983397 0.951607
0.983429 0.951517
0.983461 0.951426
0.983493 0.951336
0.983524 0.951246
0.983555 0.951156
0.983586 0.951066
0.983617 0.950977
0.983647 0.950887
0.983677 0.950797
0.983707 0.950708
0.983737 0.950618
0.983766 0.950529
0.983795 0.95044
0.983824 0.95035
0.983852 0.950261
0.983881 0.950172
0.983909 0.950083
0.983937 0.949994
0.983964 0.949906
0.983991 0.949817
0.984019 0.949728
0.984045 0.94964
0.984072 0.949552
0.984099 0.949463
0.984125 0.949375
0.984151 0.949287
0.984177 0.949199
0.984202 0.949111
0.984228 0.949023
0.984253 0.948935
0.984278 0.948847
0.984302 0.94876
0.984327 0.948672
0.984351 0.948585
0.984375 0.948497
0.984399 0.94841
0.984423 0.948323
0.984446 0.948236
0.98447 0.948149
0.984493 0.948062
0.984516 0.947975
0.984538 0.947888
0.984561 0.947802
0.984583 0.947715
0.984605 0.947629
0.984627 0.947542
0.984649 0.947456
0.984671 0.94737
0.984692 0.947284
0.984713 0.947198
0.984734 0.947112
0.984755 0.947026
0.984776 0.94694
0.984796 0.946855
0.984817 0.946769
0.984837 0.946684
0.984857 0.946598
0.984877 0.946513
0.984896 0.946428
0.984916 0.946343
0.984935 0.946258
0.984954 0.946173
0.984973 0.946088
0.984992 0.946003
0.985011 0.945919
0.98503 0.945834
0.985048 0.94575
0.985066 0.945665
0.985084 0.945581
0.985102 0.945497
0.98512 0.945413
0.985138 0.945329
0.985155 0.945245
0.985173 0.945161
0.98519 0.945077
0.985207 0.944994
0.985224 0.94491
0.985241 0.944827
0.985257 0.944743
0.985274 0.94466
0.98529 0.944577
0.985306 0.944494
0.985322 0.944411
0.985338 0.944328
0.985354 0.944245
0.98537 0.944162
0.985385 0.94408
0.985401 0.943997
0.985416 0.943915
0.985431 0.943832
0.985446 0.94375
0.985461 0.943668
0.985476 0.943586
0.985491 0.943504
0.985505 0.943422
0.98552 0.94334
0.985534 0.943259
0.985548 0.943177
0.985562 0.943095
0.985576 0.943014
0.98559 0.942933
0.985604 0.942851
0.985617 0.94277
0.985631 0.942689
0.985644 0.942608
0.985657 0.942527
0.985671 0.942446
0.985684 0.942366
0.985696 0.942285
0.985709 0.942205
0.985722 0.942124
0.985735 0.942044
0.985747 0.941964
0.985759 0.941883
0.985772 0.941803
0.985784 0.941723
0.985796 0.941643
0.985808 0.941564
0.98582 0.941484
0.985832 0.941404
0.985843 0.941325
0.985855 0.941245
0.985866 0.941166
0.985878 0.941087
0.985889 0.941008
0.9859 0.940929
0.985911 0.94085
0.985922 0.940771
0.985933 0.940692
0.985944 0.940613
0.985955 0.940534
0.985965 0.940456
0.985976 0.940378
0.985986 0.940299
0.985996 0.940221
0.986007 0.940143
0.986017 0.940065
0.986027 0.939987
0.986037 0.939909
0.986047 0.939831
0.986057 0.939753
0.986066 0.939676
0.986076 0.939598
0.986086 0.93952
0.986095 0.939443
0.986105 0.939366
0.986114 0.939289
0.986123 0.939212
0.986132 0.939134
0.986141 0.939058
0.98615 0.938981
0.986159 0.938904
0.986168 0.938827
0.986177 0.938751
0.986186 0.938674
0.986194 0.938598
0.986203 0.938522
0.986211 0.938445
0.98622 0.938369
0.986228 0.938293
0.986236 0.938217
0.986244 0.938141
0.986252 0.938065
0.98626 0.93799
0.986268 0.937914
0.986276 0.937839
0.986284 0.937763
0.986292 0.937688
0.986299 0.937613
0.986307 0.937537
0.986314 0.937462
0.986322 0.937387
0.986329 0.937312
0.986337 0.937238
0.986344 0.937163
0.986351 0.937088
0.986358 0.937014
0.986365 0.936939
0.986372 0.936865
0.986379 0.93679
0.986386 0.936716
0.986393 0.936642
0.9864 0.936568
0.986406 0.936494
0.986413 0.93642
0.98642 0.936346
0.986426 0.936272
0.986432 0.936199
0.986439 0.936125
0.986445 0.936052
0.986451 0.935978
0.986458 0.935905
0.986464 0.935832
0.98647 0.935759
0.986476 0.935686
0.986482 0.935613
0.986488 0.93554
0.986494 0.935467
0.9865 0.935394
0.986505 0.935322
0.986511 0.935249
0.986517 0.935177
0.986522 0.935104
0.986528 0.935032
0.986533 0.93496
0.986539 0.934888
0.986544 0.934816
0.986549 0.934744
0.986555 0.934672
0.98656 0.9346
0.986565 0.934528
0.98657 0.934457
0.986575 0.934385
0.98658 0.934314
0.986585 0.934242
0.98659 0.934171
0.986595 0.9341
0.9866 0.934029
0.986605 0.933958
0.986609 0.933887
0.986614 0.933816
0.986619 0.933745
0.986623 0.933674
0.986628 0.933604
0.986632 0.933533
0.986637 0.933462
0.986641 0.933392
0.986645 0.933322
0.98665 0.933251
0.986654 0.933181
0.986658 0.933111
0.986662 0.933041
0.986667 0.932971
0.986671 0.932901
0.986675 0.932832
0.986679 0.932762
0.986683 0.932692
0.986687 0.932623
0.986691 0.932553
0.986694 0.932484
0.986698 0.932415
0.986702 0.932345
0.986706 0.932276
0.986709 0.932207
0.986713 0.932138
0.986717 0.932069
0.98672 0.932001
0.986724 0.931932
0.986727 0.931863
0.986731 0.931795
0.986734 0.931726
0.986737 0.931658
0.986741 0.931589
0.986744 0.931521
0.986747 0.931453
0.98675 0.931385
0.986754 0.931317
0.986757 0.931249
0.98676 0.931181
0.986763 0.931113
0.986766 0.931045
0.986769 0.930977
0.986772 0.93091
0.986775 0.930842
0.986778 0.930775
0.986781 0.930707
0.986783 0.93064
0.986786 0.930573
0.986789 0.930506
0.986792 0.930439
0.986794 0.930372
0.986797 0.930305
0.9868 0.930238
0.986802 0.930171
0.986805 0.930104
0.986807 0.930038
0.98681 0.929971
0.986812 0.929905
0.986815 0.929838
0.986817 0.929772
0.98682 0.929706
0.986822 0.92964
0.986824 0.929574
0.986826 0.929508
0.986829 0.929442
0.986831 0.929376
0.986833 0.92931
0.986835 0.929244
0.986837 0.929178
0.98684 0.929113
0.986842 0.929047
0.986844 0.928982
0.986846 0.928917
0.986848 0.928851
0.98685 0.928786
0.986852 0.928721
0.986853 0.928656
0.986855 0.928591
0.986857 0.928526
0.986859 0.928461
0.986861 0.928396
0.986863 0.928331
0.986864 0.928267
0.986866 0.928202
0.986868 0.928138
0.986869 0.928073
0.986871 0.928009
0.986873 0.927944
0.986874 0.92788
0.986876 0.927816
0.986877 0.927752
0.986879 0.927688
0.98688 0.927624
0.986882 0.92756
0.986883 0.927496
0.986885 0.927432
0.986886 0.927369
0.986887 0.927305
0.986889 0.927242
0.98689 0.927178
0.986891 0.927115
0.986893 0.927051
0.986894 0.926988
0.986895 0.926925
0.986896 0.926862
0.986897 0.926799
0.986899 0.926736
0.9869 0.926673
0.986901 0.92661
0.986902 0.926547
0.986903 0.926484
0.986904 0.926422
0.986905 0.926359
0.986906 0.926296
0.986907 0.926234
0.986908 0.926172
0.986909 0.926109
0.98691 0.926047
0.986911 0.925985
0.986912 0.925923
0.986912 0.92586
0.986913 0.925798
0.986914 0.925737
0.986915 0.925675
0.986916 0.925613
0.986916 0.925551
0.986917 0.925489
0.986918 0.925428
0.986919 0.925366
0.986919 0.925305
0.98692 0.925243
0.986921 0.925182
0.986921 0.925121
0.986922 0.925059
0.986922 0.924998
0.986923 0.924937
0.986923 0.924876
0.986924 0.924815
0.986924 0.924754
0.986925 0.924693
0.986925 0.924633
0.986926 0.924572
0.986926 0.924511
0.986927 0.924451
0.986927 0.92439
0.986928 0.92433
0.986928 0.924269
0.986928 0.924209
0.986929 0.924149
0.986929 0.924088
0.986929 0.924028
0.98693 0.923968
0.98693 0.923908
0.98693 0.923848
0.98693 0.923788
0.986931 0.923728
0.986931 0.923668
0.986931 0.923609
0.986931 0.923549
0.986931 0.923489
0.986931 0.92343
0.986932 0.92337
0.986932 0.923311
0.986932 0.923252
0.986932 0.923192
0.986932 0.923133
0.986932 0.923074
0.986932 0.923015
0.986932 0.922956
0.986932 0.922897
0.986932 0.922838
0.986932 0.922779
0.986932 0.92272
0.986932 0.922661
0.986932 0.922602
0.986932 0.922544
0.986932 0.922485
0.986932 0.922427
0.986931 0.922368
0.986931 0.92231
0.986931 0.922251
0.986931 0.922193
0.986931 0.922135
0.986931 0.922077
0.98693 0.922019
0.98693 0.92196
0.98693 0.921902
0.98693 0.921844
0.986929 0.921787
0.986929 0.921729
0.986929 0.921671
0.986929 0.921613
0.986928 0.921555
0.986928 0.921498
0.986928 0.92144
0.986927 0.921383
0.986927 0.921325
0.986927 0.921268
0.986926 0.921211
0.986926 0.921153
0.986926 0.921096
0.986925 0.921039
0.986925 0.920982
0.986924 0.920925
0.986924 0.920868
0.986923 0.920811
0.986923 0.920754
0.986922 0.920697
0.986922 0.92064
0.986921 0.920583
0.986921 0.920527
0.98692 0.92047
0.98692 0.920414
0.986919 0.920357
0.986919 0.920301
0.986918 0.920244
0.986918 0.920188
0.986917 0.920132
0.986916 0.920075
0.986916 0.920019
0.986915 0.919963
0.986915 0.919907
0.986914 0.919851
0.986913 0.919795
0.986913 0.919739
0.986912 0.919683
0.986911 0.919627
0.986911 0.919571
0.98691 0.919516
0.986909 0.91946
0.986909 0.919404
0.986908 0.919349
0.986907 0.919293
0.986906 0.919238
0.986906 0.919182
0.986905 0.919127
0.986904 0.919072
0.986903 0.919017
0.986902 0.918961
0.986902 0.918906
0.986901 0.918851
0.9869 0.918796
0.986899 0.918741
0.986898 0.918686
0.986898 0.918631
0.986897 0.918576
0.986896 0.918521
0.986895 0.918467
0.986894 0.918412
0.986893 0.918357
0.986892 0.918303
0.986891 0.918248
0.986891 0.918194
0.98689 0.918139
0.986889 0.918085
0.986888 0.91803
0.986887 0.917976
0.986886 0.917922
0.986885 0.917868
0.986884 0.917813
0.986883 0.917759
0.986882 0.917705
0.986881 0.917651
0.98688 0.917597
0.986879 0.917543
0.986878 0.91749
0.986877 0.917436
0.986876 0.917382
0.986875 0.917328
0.986874 0.917274
0.986873 0.917221
0.986872 0.917167
0.986871 0.917114
0.98687 0.91706
0.986869 0.917007
0.986868 0.916953
0.986867 0.9169
0.986865 0.916847
0.986864 0.916793
0.986863 0.91674
0.986862 0.916687
0.986861 0.916634
0.98686 0.916581
0.986859 0.916528
0.986858 0.916475
0.986857 0.916422
0.986855 0.916369
0.986854 0.916316
0.986853 0.916263
0.986852 0.916211
0.986851 0.916158
0.98685 0.916105
0.986848 0.916053
0.986847 0.916
0.986846 0.915947
0.986845 0.915895
0.986844 0.915842
0.986842 0.91579
0.986841 0.915738
0.98684 0.915685
0.986839 0.915633
0.986837 0.915581
0.986836 0.915529
0.986835 0.915477
0.986834 0.915424
0.986832 0.915372
0.986831 0.91532
0.98683 0.915268
0.986829 0.915217
0.986827 0.915165
0.986826 0.915113
0.986825 0.915061
0.986823 0.915009
0.986822 0.914958
0.986821 0.914906
0.986819 0.914854
0.986818 0.914803
0.986817 0.914751
0.986816 0.9147
0.986814 0.914648
0.986813 0.914597
0.986812 0.914545
0.98681 0.914494
0.986809 0.914443
0.986807 0.914392
0.986806 0.91434
0.986805 0.914289
0.986803 0.914238
0.986802 0.914187
0.986801 0.914136
0.986799 0.914085
0.986798 0.914034
0.986796 0.913983
0.986795 0.913932
0.986794 0.913881
0.986792 0.913831
0.986791 0.91378
0.986789 0.913729
0.986788 0.913678
0.986787 0.913628
0.986785 0.913577
0.986784 0.913527
0.986782 0.913476
0.986781 0.913426
0.986779 0.913375
0.986778 0.913325
0.986776 0.913274
0.986775 0.913224
0.986774 0.913174
0.986772 0.913123
0.986771 0.913073
0.986769 0.913023
0.986768 0.912973
0.986766 0.912923
0.986765 0.912873
0.986763 0.912823
0.986762 0.912773
0.98676 0.912723
0.986759 0.912673
0.986757 0.912623
0.986756 0.912573
0.986754 0.912523
0.986753 0.912474
0.986751 0.912424
0.98675 0.912374
0.986748 0.912325
0.986747 0.912275
0.986745 0.912226
0.986744 0.912176
0.986742 0.912126
0.98674 0.912077
0.986739 0.912028
0.986737 0.911978
0.986736 0.911929
0.986734 0.91188
0.986733 0.91183
0.986731 0.911781
0.98673 0.911732
0.986728 0.911683
0.986726 0.911634
0.986725 0.911584
0.986723 0.911535
0.986722 0.911486
0.98672 0.911437
0.986719 0.911388
0.986717 0.91134
0.986715 0.911291
0.986714 0.911242
0.986712 0.911193
0.986711 0.911144
0.986709 0.911095
0.986707 0.911047
0.986706 0.910998
0.986704 0.910949
0.986703 0.910901
0.986701 0.910852
0.986699 0.910804
0.986698 0.910755
0.986696 0.910707
0.986694 0.910658
0.986693 0.91061
0.986691 0.910562
0.98669 0.910513
0.986688 0.910465
0.986686 0.910417
0.986685 0.910368
0.986683 0.91032
0.986681 0.910272
0.98668 0.910224
0.986678 0.910176
0.986676 0.910128
0.986675 0.91008
0.986673 0.910032
0.986671 0.909984
0.98667 0.909936
0.986668 0.909888
0.986666 0.90984
0.986665 0.909792
0.986663 0.909744
0.986661 0.909697
0.98666 0.909649
0.986658 0.909601
0.986656 0.909553
0.986655 0.909506
0.986653 0.909458
0.986651 0.909411
0.98665 0.909363
0.986648 0.909315
0.986646 0.909268
0.986645 0.90922
0.986643 0.909173
0.986641 0.909126
0.986639 0.909078
0.986638 0.909031
0.986636 0.908984
0.986634 0.908936
0.986633 0.908889
0.986631 0.908842
0.986629 0.908795
0.986627 0.908748
0.986626 0.9087
0.986624 0.908653
0.986622 0.908606
0.986621 0.908559
0.986619 0.908512
0.986617 0.908465
0.986615 0.908418
0.986614 0.908371
0.986612 0.908324
0.98661 0.908278
0.986608 0.908231
0.986607 0.908184
0.986605 0.908137
0.986603 0.90809
0.986602 0.908044
0.9866 0.907997
0.986598 0.90795
0.986596 0.907904
0.986595 0.907857
0.986593 0.907811
0.986591 0.907764
0.986589 0.907717
0.986588 0.907671
0.986586 0.907625
0.986584 0.907578
0.986582 0.907532
0.986581 0.907485
0.986579 0.907439
0.986577 0.907393
0.986575 0.907346
0.986573 0.9073
0.986572 0.907254
0.98657 0.907208
0.986568 0.907161
0.986566 0.907115
0.986565 0.907069
0.986563 0.907023
0.986561 0.906977
0.986559 0.906931
0.986558 0.906885
0.986556 0.906839
0.986554 0.906793
0.986552 0.906747
0.98655 0.906701
0.986549 0.906655
0.986547 0.906609
0.986545 0.906563
0.986543 0.906518
0.986541 0.906472
0.98654 0.906426
0.986538 0.90638
0.986536 0.906335
0.986534 0.906289
0.986533 0.906243
0.986531 0.906198
0.986529 0.906152
0.986527 0.906106
0.986525 0.906061
0.986524 0.906015
0.986522 0.90597
0.98652 0.905924
0.986518 0.905879
0.986516 0.905833
0.986515 0.905788
0.986513 0.905743
0.986511 0.905697
0.986509 0.905652
0.986507 0.905607
0.986505 0.905561
0.986504 0.905516
0.986502 0.905471
0.9865 0.905425
0.986498 0.90538
0.986496 0.905335
0.986495 0.90529
0.986493 0.905245
0.986491 0.9052
0.986489 0.905155
0.986487 0.90511
0.986486 0.905065
0.986484 0.90502
0.986482 0.904975
0.98648 0.90493
0.986478 0.904885
0.986476 0.90484
0.986475 0.904795
0.986473 0.90475
0.986471 0.904705
0.986469 0.90466
0.986467 0.904615
0.986465 0.904571
0.986464 0.904526
0.986462 0.904481
0.98646 0.904436
0.986458 0.904392
0.986456 0.904347
0.986454 0.904302
0.986453 0.904258
0.986451 0.904213
0.986449 0.904169
0.986447 0.904124
0.986445 0.90408
0.986443 0.904035
0.986442 0.903991
0.98644 0.903946
0.986438 0.903902
0.986436 0.903857
0.986434 0.903813
0.986432 0.903768
0.986431 0.903724
0.986429 0.90368
0.986427 0.903635
0.986425 0.903591
0.986423 0.903547
0.986421 0.903502
0.98642 0.903458
0.986418 0.903414
0.986416 0.90337
0.986414 0.903326
0.986412 0.903281
0.98641 0.903237
0.986408 0.903193
0.986407 0.903149
0.986405 0.903105
0.986403 0.903061
0.986401 0.903017
0.986399 0.902973
0.986397 0.902929
0.986396 0.902885
0.986394 0.902841
0.986392 0.902797
0.98639 0.902753
0.986388 0.902709
0.986386 0.902665
0.986384 0.902621
0.986383 0.902577
0.986381 0.902533
0.986379 0.90249
0.986377 0.902446
0.986375 0.902402
0.986373 0.902358
0.986371 0.902314
0.98637 0.902271
0.986368 0.902227
0.986366 0.902183
0.986364 0.90214
0.986362 0.902096
0.98636 0.902052
0.986358 0.902009
0.986357 0.901965
0.986355 0.901922
0.986353 0.901878
0.986351 0.901834
0.986349 0.901791
0.986347 0.901747
0.986345 0.901704
0.986344 0.90166
0.986342 0.901617
0.98634 0.901573
0.986338 0.90153
0.986336 0.901487
0.986334 0.901443
0.986332 0.9014
0.986331 0.901356
0.986329 0.901313
0.986327 0.90127
0.986325 0.901226
0.986323 0.901183
0.986321 0.90114
0.986319 0.901097
0.986317 0.901053
0.986316 0.90101
0.986314 0.900967
0.986312 0.900924
0.98631 0.90088
0.986308 0.900837
0.986306 0.900794
0.986304 0.900751
0.986303 0.900708
0.986301 0.900665
0.986299 0.900622
0.986297 0.900579
0.986295 0.900535
0.986293 0.900492
0.986291 0.900449
0.986289 0.900406
0.986288 0.900363
0.986286 0.90032
0.986284 0.900277
0.986282 0.900234
0.98628 0.900191
0.986278 0.900149
0.986276 0.900106
0.986274 0.900063
0.986273 0.90002
0.986271 0.899977
0.986269 0.899934
0.986267 0.899891
0.986265 0.899848
0.986263 0.899806
0.986261 0.899763
0.98626 0.89972
0.986258 0.899677
0.986256 0.899634
0.986254 0.899592
0.986252 0.899549
0.98625 0.899506
0.986248 0.899463
0.986246 0.899421
0.986245 0.899378
0.986243 0.899335
0.986241 0.899293
0.986239 0.89925
0.986237 0.899207
0.986235 0.899165
0.986233 0.899122
0.986231 0.89908
0.98623 0.899037
0.986228 0.898995
0.986226 0.898952
0.986224 0.898909
0.986222 0.898867
0.98622 0.898824
0.986218 0.898782
0.986216 0.898739
0.986215 0.898697
0.986213 0.898654
0.986211 0.898612
0.986209 0.898569
0.986207 0.898527
0.986205 0.898485
0.986203 0.898442
0.986201 0.8984
0.9862 0.898357
0.986198 0.898315
0.986196 0.898273
0.986194 0.89823
0.986192 0.898188
0.98619 0.898146
0.986188 0.898103
0.986186 0.898061
0.986185 0.898019
0.986183 0.897976
0.986181 0.897934
0.986179 0.897892
0.986177 0.89785
0.986175 0.897807
0.986173 0.897765
0.986171 0.897723
0.986169 0.897681
0.986168 0.897638
0.986166 0.897596
0.986164 0.897554
0.986162 0.897512
0.98616 0.89747
0.986158 0.897428
0.986156 0.897385
0.986154 0.897343
0.986153 0.897301
0.986151 0.897259
0.986149 0.897217
0.986147 0.897175
0.986145 0.897133
0.986143 0.897091
0.986141 0.897048
0.986139 0.897006
0.986138 0.896964
0.986136 0.896922
0.986134 0.89688
0.986132 0.896838
0.98613 0.896796
0.986128 0.896754
0.986126 0.896712
0.986124 0.89667
0.986123 0.896628
0.986121 0.896586
0.986119 0.896544
0.986117 0.896502
0.986115 0.89646
0.986113 0.896418
0.986111 0.896377
0.986109 0.896335
0.986108 0.896293
0.986106 0.896251
0.986104 0.896209
0.986102 0.896167
0.9861 0.896125
0.986098 0.896083
0.986096 0.896041
0.986094 0.895999
0.986092 0.895958
0.986091 0.895916
0.986089 0.895874
0.986087 0.895832
0.986085 0.89579
0.986083 0.895748
0.986081 0.895707
0.986079 0.895665
0.986077 0.895623
0.986076 0.895581
0.986074 0.895539
0.986072 0.895498
0.98607 0.895456
0.986068 0.895414
0.986066 0.895372
0.986064 0.89533
0.986062 0.895289
0.986061 0.895247
0.986059 0.895205
0.986057 0.895164
0.986055 0.895122
0.986053 0.89508
0.986051 0.895038
0.986049 0.894997
0.986047 0.894955
0.986046 0.894913
0.986044 0.894872
0.986042 0.89483
0.98604 0.894788
0.986038 0.894746
0.986036 0.894705
0.986034 0.894663
0.986032 0.894621
0.98603 0.89458
0.986029 0.894538
0.986027 0.894497
0.986025 0.894455
0.986023 0.894413
0.986021 0.894372
0.986019 0.89433
0.986017 0.894288
0.986015 0.894247
0.986014 0.894205
0.986012 0.894164
0.98601 0.894122
0.986008 0.89408
0.986006 0.894039
0.986004 0.893997
0.986002 0.893956
0.986 0.893914
0.985999 0.893872
0.985997 0.893831
0.985995 0.893789
0.985993 0.893748
0.985991 0.893706
0.985989 0.893664
0.985987 0.893623
0.985985 0.893581
0.985983 0.89354
0.985982 0.893498
0.98598 0.893457
0.985978 0.893415
0.985976 0.893374
0.985974 0.893332
0.985972 0.893291
0.98597 0.893249
0.985968 0.893207
0.985967 0.893166
0.985965 0.893124
0.985963 0.893083
0.985961 0.893041
0.985959 0.893
0.985957 0.892958
0.985955 0.892917
0.985953 0.892875
0.985952 0.892834
0.98595 0.892792
0.985948 0.892751
0.985946 0.892709
0.985944 0.892668
0.985942 0.892626
0.98594 0.892585
0.985938 0.892543
0.985936 0.892502
0.985935 0.89246
0.985933 0.892419
0.985931 0.892377
0.985929 0.892336
0.985927 0.892294
0.985925 0.892253
0.985923 0.892211
0.985921 0.89217
0.98592 0.892128
0.985918 0.892087
0.985916 0.892045
0.985914 0.892004
0.985912 0.891962
0.98591 0.891921
0.985908 0.891879
0.985906 0.891838
0.985905 0.891796
0.985903 0.891755
0.985901 0.891713
0.985899 0.891672
0.985897 0.891631
0.985895 0.891589
0.985893 0.891548
0.985891 0.891506
0.985889 0.891465
0.985888 0.891423
0.985886 0.891382
0.985884 0.89134
0.985882 0.891299
0.98588 0.891257
0.985878 0.891216
0.985876 0.891174
0.985874 0.891133
0.985873 0.891091
0.985871 0.89105
0.985869 0.891008
0.985867 0.890967
0.985865 0.890925
0.985863 0.890884
0.985861 0.890842
0.985859 0.890801
0.985857 0.890759
0.985856 0.890718
0.985854 0.890676
0.985852 0.890635
0.98585 0.890593
0.985848 0.890552
0.985846 0.89051
0.985844 0.890469
0.985842 0.890427
0.985841 0.890386
0.985839 0.890344
0.985837 0.890303
0.985835 0.890261
0.985833 0.89022
0.985831 0.890178
0.985829 0.890137
0.985827 0.890095
0.985825 0.890053
0.985824 0.890012
0.985822 0.88997
0.98582 0.889929
0.985818 0.889887
0.985816 0.889846
0.985814 0.889804
0.985812 0.889763
0.98581 0.889721
0.985808 0.889679
0.985807 0.889638
0.985805 0.889596
0.985803 0.889555
0.985801 0.889513
0.985799 0.889472
0.985797 0.88943
0.985795 0.889388
0.985793 0.889347
0.985792 0.889305
0.98579 0.889264
0.985788 0.889222
0.985786 0.88918
0.985784 0.889139
0.985782 0.889097
0.98578 0.889056
0.985778 0.889014
0.985776 0.888972
0.985775 0.888931
0.985773 0.888889
0.985771 0.888847
0.985769 0.888806
0.985767 0.888764
0.985765 0.888722
0.985763 0.888681
0.985761 0.888639
0.985759 0.888597
0.985758 0.888556
0.985756 0.888514
0.985754 0.888472
0.985752 0.888431
0.98575 0.888389
0.985748 0.888347
0.985746 0.888305
0.985744 0.888264
0.985742 0.888222
0.98574 0.88818
0.985739 0.888138
0.985737 0.888097
0.985735 0.888055
0.985733 0.888013
0.985731 0.887971
0.985729 0.88793
0.985727 0.887888
0.985725 0.887846
0.985723 0.887804
0.985722 0.887763
0.98572 0.887721
0.985718 0.887679
0.985716 0.887637
0.985714 0.887595
0.985712 0.887553
0.98571 0.887512
0.985708 0.88747
0.985706 0.887428
0.985705 0.887386
0.985703 0.887344
0.985701 0.887302
0.985699 0.88726
0.985697 0.887218
0.985695 0.887177
0.985693 0.887135
0.985691 0.887093
0.985689 0.887051
0.985687 0.887009
0.985686 0.886967
0.985684 0.886925
0.985682 0.886883
0.98568 0.886841
0.985678 0.886799
0.985676 0.886757
0.985674 0.886715
0.985672 0.886673
0.98567 0.886631
0.985668 0.886589
0.985667 0.886547
0.985665 0.886505
0.985663 0.886463
0.985661 0.886421
0.985659 0.886379
0.985657 0.886337
0.985655 0.886295
0.985653 0.886252
0.985651 0.88621
0.985649 0.886168
0.985648 0.886126
0.985646 0.886084
0.985644 0.886042
0.985642 0.886
0.98564 0.885957
0.985638 0.885915
0.985636 0.885873
0.985634 0.885831
0.985632 0.885789
0.98563 0.885747
0.985628 0.885704
0.985627 0.885662
0.985625 0.88562
0.985623 0.885578
0.985621 0.885535
0.985619 0.885493
0.985617 0.885451
0.985615 0.885408
0.985613 0.885366
0.985611 0.885324
0.985609 0.885281
0.985607 0.885239
0.985606 0.885197
0.985604 0.885154
0.985602 0.885112
0.9856 0.885069
0.985598 0.885027
0.985596 0.884985
0.985594 0.884942
0.985592 0.8849
0.98559 0.884857
0.985588 0.884815
0.985586 0.884772
0.985584 0.88473
0.985583 0.884687
0.985581 0.884645
0.985579 0.884602
0.985577 0.88456
0.985575 0.884517
0.985573 0.884475
0.985571 0.884432
0.985569 0.884389
0.985567 0.884347
0.985565 0.884304
0.985563 0.884262
0.985561 0.884219
0.98556 0.884176
0.985558 0.884134
0.985556 0.884091
0.985554 0.884048
0.985552 0.884005
0.98555 0.883963
0.985548 0.88392
0.985546 0.883877
0.985544 0.883834
0.985542 0.883792
0.98554 0.883749
0.985538 0.883706
0.985536 0.883663
0.985535 0.88362
0.985533 0.883577
0.985531 0.883535
0.985529 0.883492
0.985527 0.883449
0.985525 0.883406
0.985523 0.883363
0.985521 0.88332
0.985519 0.883277
0.985517 0.883234
0.985515 0.883191
0.985513 0.883148
0.985511 0.883105
0.985509 0.883062
0.985508 0.883019
0.985506 0.882976
0.985504 0.882933
0.985502 0.882889
0.9855 0.882846
0.985498 0.882803
0.985496 0.88276
0.985494 0.882717
0.985492 0.882674
0.98549 0.88263
0.985488 0.882587
0.985486 0.882544
0.985484 0.882501
0.985482 0.882457
0.98548 0.882414
0.985478 0.882371
0.985477 0.882327
0.985475 0.882284
0.985473 0.882241
0.985471 0.882197
0.985469 0.882154
0.985467 0.882111
0.985465 0.882067
0.985463 0.882024
0.985461 0.88198
0.985459 0.881937
0.985457 0.881893
0.985455 0.88185
0.985453 0.881806
0.985451 0.881762
0.985449 0.881719
0.985447 0.881675
0.985445 0.881632
0.985443 0.881588
0.985441 0.881544
0.98544 0.881501
0.985438 0.881457
0.985436 0.881413
0.985434 0.88137
0.985432 0.881326
0.98543 0.881282
0.985428 0.881238
0.985426 0.881194
0.985424 0.881151
0.985422 0.881107
0.98542 0.881063
0.985418 0.881019
0.985416 0.880975
0.985414 0.880931
0.985412 0.880887
0.98541 0.880843
0.985408 0.880799
0.985406 0.880755
0.985404 0.880711
0.985402 0.880667
0.9854 0.880623
0.985398 0.880579
0.985396 0.880535
0.985394 0.880491
0.985392 0.880446
0.98539 0.880402
0.985389 0.880358
0.985387 0.880314
0.985385 0.88027
0.985383 0.880225
0.985381 0.880181
0.985379 0.880137
0.985377 0.880092
0.985375 0.880048
0.985373 0.880004
0.985371 0.879959
0.985369 0.879915
0.985367 0.87987
0.985365 0.879826
0.985363 0.879781
0.985361 0.879737
0.985359 0.879692
0.985357 0.879648
0.985355 0.879603
0.985353 0.879559
0.985351 0.879514
0.985349 0.879469
0.985347 0.879425
0.985345 0.87938
0.985343 0.879335
0.985341 0.87929
0.985339 0.879246
0.985337 0.879201
0.985335 0.879156
0.985333 0.879111
0.985331 0.879066
0.985329 0.879021
0.985327 0.878976
0.985325 0.878931
0.985323 0.878886
0.985321 0.878841
0.985319 0.878796
0.985317 0.878751
0.985315 0.878706
0.985313 0.878661
0.985311 0.878616
0.985309 0.878571
0.985307 0.878526
0.985305 0.878481
0.985303 0.878435
0.985301 0.87839
0.985299 0.878345
0.985297 0.8783
0.985295 0.878254
0.985293 0.878209
0.985291 0.878163
0.985289 0.878118
0.985287 0.878073
0.985285 0.878027
0.985283 0.877982
0.985281 0.877936
0.985279 0.877891
0.985277 0.877845
0.985275 0.877799
0.985273 0.877754
0.985271 0.877708
0.985269 0.877662
0.985267 0.877617
0.985265 0.877571
0.985263 0.877525
0.985261 0.877479
0.985259 0.877434
0.985257 0.877388
0.985255 0.877342
0.985253 0.877296
0.985251 0.87725
0.985249 0.877204
0.985247 0.877158
0.985245 0.877112
0.985242 0.877066
0.98524 0.87702
0.985238 0.876974
0.985236 0.876928
0.985234 0.876881
0.985232 0.876835
0.98523 0.876789
0.985228 0.876743
0.985226 0.876696
0.985224 0.87665
0.985222 0.876604
0.98522 0.876557
0.985218 0.876511
0.985216 0.876464
0.985214 0.876418
0.985212 0.876371
0.98521 0.876325
0.985208 0.876278
0.985206 0.876232
0.985204 0.876185
0.985202 0.876138
0.9852 0.876092
0.985198 0.876045
0.985195 0.875998
0.985193 0.875951
0.985191 0.875905
0.985189 0.875858
0.985187 0.875811
0.985185 0.875764
0.985183 0.875717
0.985181 0.87567
0.985179 0.875623
0.985177 0.875576
0.985175 0.875529
0.985173 0.875482
0.985171 0.875435
0.985169 0.875387
0.985167 0.87534
0.985164 0.875293
0.985162 0.875246
0.98516 0.875198
0.985158 0.875151
0.985156 0.875104
0.985154 0.875056
0.985152 0.875009
0.98515 0.874961
0.985148 0.874914
0.985146 0.874866
0.985144 0.874819
0.985142 0.874771
0.98514 0.874723
0.985137 0.874676
0.985135 0.874628
0.985133 0.87458
0.985131 0.874532
0.985129 0.874484
0.985127 0.874436
0.985125 0.874389
0.985123 0.874341
0.985121 0.874293
0.985119 0.874245
0.985116 0.874196
0.985114 0.874148
0.985112 0.8741
0.98511 0.874052
0.985108 0.874004
0.985106 0.873956
0.985104 0.873907
0.985102 0.873859
0.9851 0.873811
0.985097 0.873762
0.985095 0.873714
0.985093 0.873665
0.985091 0.873617
0.985089 0.873568
0.985087 0.87352
0.985085 0.873471
0.985083 0.873422
0.985081 0.873374
0.985078 0.873325
0.985076 0.873276
0.985074 0.873227
0.985072 0.873178
0.98507 0.873129
0.985068 0.87308
0.985066 0.873032
0.985063 0.872982
0.985061 0.872933
0.985059 0.872884
0.985057 0.872835
0.985055 0.872786
0.985053 0.872737
0.985051 0.872687
0.985049 0.872638
0.985046 0.872589
0.985044 0.872539
0.985042 0.87249
0.98504 0.87244
0.985038 0.872391
0.985036 0.872341
0.985033 0.872292
0.985031 0.872242
0.985029 0.872192
0.985027 0.872143
0.985025 0.872093
0.985023 0.872043
0.98502 0.871993
0.985018 0.871943
0.985016 0.871893
0.985014 0.871843
0.985012 0.871793
0.98501 0.871743
0.985007 0.871693
0.985005 0.871643
0.985003 0.871593
0.985001 0.871542
0.984999 0.871492
0.984997 0.871442
0.984994 0.871391
0.984992 0.871341
0.98499 0.87129
0.984988 0.87124
0.984986 0.871189
0.984983 0.871139
0.984981 0.871088
0.984979 0.871037
0.984977 0.870987
0.984975 0.870936
0.984972 0.870885
0.98497 0.870834
0.984968 0.870783
0.984966 0.870732
0.984964 0.870681
0.984961 0.87063
0.984959 0.870579
0.984957 0.870528
0.984955 0.870476
0.984953 0.870425
0.98495 0.870374
0.984948 0.870322
0.984946 0.870271
0.984944 0.87022
0.984942 0.870168
0.984939 0.870116
0.984937 0.870065
0.984935 0.870013
0.984933 0.869961
0.98493 0.86991
0.984928 0.869858
0.984926 0.869806
0.984924 0.869754
0.984921 0.869702
0.984919 0.86965
0.984917 0.869598
0.984915 0.869546
0.984912 0.869494
0.98491 0.869441
0.984908 0.869389
0.984906 0.869337
0.984903 0.869284
0.984901 0.869232
0.984899 0.869179
0.984897 0.869127
0.984894 0.869074
0.984892 0.869022
0.98489 0.868969
0.984888 0.868916
0.984885 0.868863
0.984883 0.868811
0.984881 0.868758
0.984879 0.868705
0.984876 0.868652
0.984874 0.868599
0.984872 0.868546
0.984869 0.868492
0.984867 0.868439
0.984865 0.868386
0.984863 0.868332
0.98486 0.868279
0.984858 0.868226
0.984856 0.868172
0.984853 0.868118
0.984851 0.868065
0.984849 0.868011
0.984846 0.867957
0.984844 0.867904
0.984842 0.86785
0.98484 0.867796
0.984837 0.867742
0.984835 0.867688
0.984833 0.867634
0.98483 0.86758
0.984828 0.867525
0.984826 0.867471
0.984823 0.867417
0.984821 0.867363
0.984819 0.867308
0.984816 0.867254
0.984814 0.867199
0.984812 0.867144
0.984809 0.86709
0.984807 0.867035
0.984805 0.86698
0.984802 0.866925
0.9848 0.86687
0.984798 0.866816
0.984795 0.86676
0.984793 0.866705
0.984791 0.86665
0.984788 0.866595
0.984786 0.86654
0.984784 0.866484
0.984781 0.866429
0.984779 0.866374
0.984776 0.866318
0.984774 0.866262
0.984772 0.866207
0.984769 0.866151
0.984767 0.866095
0.984765 0.866039
0.984762 0.865983
0.98476 0.865928
0.984757 0.865871
0.984755 0.865815
0.984753 0.865759
0.98475 0.865703
0.984748 0.865647
0.984746 0.86559
0.984743 0.865534
0.984741 0.865477
0.984738 0.865421
0.984736 0.865364
0.984734 0.865308
0.984731 0.865251
0.984729 0.865194
0.984726 0.865137
0.984724 0.86508
0.984721 0.865023
0.984719 0.864966
0.984717 0.864909
0.984714 0.864852
0.984712 0.864794
0.984709 0.864737
0.984707 0.864679
0.984704 0.864622
0.984702 0.864564
0.9847 0.864507
0.984697 0.864449
0.984695 0.864391
0.984692 0.864333
0.98469 0.864275
0.984687 0.864217
0.984685 0.864159
0.984682 0.864101
0.98468 0.864043
0.984677 0.863985
0.984675 0.863926
0.984673 0.863868
0.98467 0.863809
0.984668 0.863751
0.984665 0.863692
0.984663 0.863633
0.98466 0.863575
0.984658 0.863516
0.984655 0.863457
0.984653 0.863398
0.98465 0.863339
0.984648 0.863279
0.984645 0.86322
0.984643 0.863161
0.98464 0.863101
0.984638 0.863042
0.984635 0.862982
0.984633 0.862923
0.98463 0.862863
0.984628 0.862803
0.984625 0.862743
0.984623 0.862683
0.98462 0.862623
0.984618 0.862563
0.984615 0.862503
0.984612 0.862443
0.98461 0.862383
0.984607 0.862322
0.984605 0.862262
0.984602 0.862201
0.9846 0.86214
0.984597 0.86208
0.984595 0.862019
0.984592 0.861958
0.98459 0.861897
0.984587 0.861836
0.984584 0.861775
0.984582 0.861714
0.984579 0.861652
0.984577 0.861591
0.984574 0.861529
0.984572 0.861468
0.984569 0.861406
0.984566 0.861344
0.984564 0.861283
0.984561 0.861221
0.984559 0.861159
0.984556 0.861097
0.984553 0.861035
0.984551 0.860972
0.984548 0.86091
0.984546 0.860848
0.984543 0.860785
0.98454 0.860723
0.984538 0.86066
0.984535 0.860597
0.984532 0.860534
0.98453 0.860471
0.984527 0.860408
0.984525 0.860345
0.984522 0.860282
0.984519 0.860219
0.984517 0.860155
0.984514 0.860092
0.984511 0.860028
0.984509 0.859965
0.984506 0.859901
0.984503 0.859837
0.984501 0.859773
0.984498 0.859709
0.984495 0.859645
0.984493 0.859581
0.98449 0.859517
0.984487 0.859452
0.984485 0.859388
0.984482 0.859323
0.984479 0.859258
0.984477 0.859194
0.984474 0.859129
0.984471 0.859064
0.984468 0.858999
0.984466 0.858934
0.984463 0.858868
0.98446 0.858803
0.984458 0.858738
0.984455 0.858672
0.984452 0.858607
0.984449 0.858541
0.984447 0.858475
0.984444 0.858409
0.984441 0.858343
0.984438 0.858277
0.984436 0.858211
0.984433 0.858144
0.98443 0.858078
0.984427 0.858011
0.984425 0.857945
0.984422 0.857878
0.984419 0.857811
0.984416 0.857744
0.984414 0.857677
0.984411 0.85761
0.984408 0.857543
0.984405 0.857476
0.984402 0.857408
0.9844 0.85734
0.984397 0.857273
0.984394 0.857205
0.984391 0.857137
0.984388 0.857069
0.984386 0.857001
0.984383 0.856933
0.98438 0.856865
0.984377 0.856796
0.984374 0.856728
0.984371 0.856659
0.984369 0.85659
0.984366 0.856522
0.984363 0.856453
0.98436 0.856384
0.984357 0.856314
0.984354 0.856245
0.984352 0.856176
0.984349 0.856106
0.984346 0.856037
0.984343 0.855967
0.98434 0.855897
0.984337 0.855827
0.984334 0.855757
0.984331 0.855687
0.984328 0.855616
0.984326 0.855546
0.984323 0.855476
0.98432 0.855405
0.984317 0.855334
0.984314 0.855263
0.984311 0.855192
0.984308 0.855121
0.984305 0.85505
0.984302 0.854979
0.984299 0.854907
0.984296 0.854835
0.984293 0.854764
0.98429 0.854692
0.984288 0.85462
0.984285 0.854548
0.984282 0.854476
0.984279 0.854403
0.984276 0.854331
0.984273 0.854258
0.98427 0.854186
0.984267 0.854113
0.984264 0.85404
0.984261 0.853967
0.984258 0.853894
0.984255 0.85382
0.984252 0.853747
0.984249 0.853673
0.984246 0.8536
0.984243 0.853526
0.98424 0.853452
0.984237 0.853378
0.984234 0.853304
0.984231 0.853229
0.984228 0.853155
0.984224 0.85308
0.984221 0.853006
0.984218 0.852931
0.984215 0.852856
0.984212 0.852781
0.984209 0.852705
0.984206 0.85263
0.984203 0.852555
0.9842 0.852479
0.984197 0.852403
0.984194 0.852327
0.984191 0.852251
0.984188 0.852175
0.984184 0.852099
0.984181 0.852022
0.984178 0.851945
0.984175 0.851869
0.984172 0.851792
0.984169 0.851715
0.984166 0.851638
0.984163 0.85156
0.984159 0.851483
0.984156 0.851405
0.984153 0.851328
0.98415 0.85125
0.984147 0.851172
0.984144 0.851093
0.98414 0.851015
0.984137 0.850937
0.984134 0.850858
0.984131 0.850779
0.984128 0.8507
0.984124 0.850621
0.984121 0.850542
0.984118 0.850463
0.984115 0.850383
0.984112 0.850304
0.984108 0.850224
0.984105 0.850144
0.984102 0.850064
0.984099 0.849984
0.984095 0.849903
0.984092 0.849823
0.984089 0.849742
0.984086 0.849661
0.984082 0.84958
0.984079 0.849499
0.984076 0.849418
0.984072 0.849336
0.984069 0.849255
0.984066 0.849173
0.984062 0.849091
0.984059 0.849009
0.984056 0.848926
0.984052 0.848844
0.984049 0.848761
0.984046 0.848679
0.984042 0.848596
0.984039 0.848513
0.984036 0.848429
0.984032 0.848346
0.984029 0.848262
0.984026 0.848179
0.984022 0.848095
0.984019 0.848011
0.984016 0.847926
0.984012 0.847842
0.984009 0.847757
0.984005 0.847673
0.984002 0.847588
0.983998 0.847503
0.983995 0.847417
0.983992 0.847332
0.983988 0.847246
0.983985 0.84716
0.983981 0.847074
0.983978 0.846988
0.983974 0.846902
0.983971 0.846816
0.983967 0.846729
0.983964 0.846642
0.98396 0.846555
0.983957 0.846468
0.983953 0.84638
0.98395 0.846293
0.983946 0.846205
0.983943 0.846117
0.983939 0.846029
0.983936 0.845941
0.983932 0.845852
0.983929 0.845763
0.983925 0.845675
0.983922 0.845586
0.983918 0.845496
0.983914 0.845407
0.983911 0.845317
0.983907 0.845227
0.983904 0.845137
0.9839 0.845047
0.983896 0.844957
0.983893 0.844866
0.983889 0.844775
0.983886 0.844685
0.983882 0.844593
0.983878 0.844502
0.983875 0.84441
0.983871 0.844319
0.983867 0.844227
0.983864 0.844135
0.98386 0.844042
0.983856 0.84395
0.983853 0.843857
0.983849 0.843764
0.983845 0.843671
0.983842 0.843577
0.983838 0.843484
0.983834 0.84339
0.98383 0.843296
0.983827 0.843202
0.983823 0.843107
0.983819 0.843013
0.983815 0.842918
0.983812 0.842823
0.983808 0.842728
0.983804 0.842632
0.9838 0.842536
0.983796 0.84244
0.983793 0.842344
0.983789 0.842248
0.983785 0.842151
0.983781 0.842055
0.983777 0.841958
0.983773 0.84186
0.98377 0.841763
0.983766 0.841665
0.983762 0.841567
0.983758 0.841469
0.983754 0.841371
0.98375 0.841272
0.983746 0.841173
0.983742 0.841074
0.983738 0.840975
0.983735 0.840876
0.983731 0.840776
0.983727 0.840676
0.983723 0.840576
0.983719 0.840475
0.983715 0.840375
0.983711 0.840274
0.983707 0.840172
0.983703 0.840071
0.983699 0.839969
0.983695 0.839868
0.983691 0.839765
0.983687 0.839663
0.983683 0.83956
0.983679 0.839458
0.983675 0.839355
0.983671 0.839251
0.983666 0.839148
0.983662 0.839044
0.983658 0.83894
0.983654 0.838835
0.98365 0.838731
0.983646 0.838626
0.983642 0.838521
0.983638 0.838415
0.983634 0.83831
0.983629 0.838204
0.983625 0.838098
0.983621 0.837991
0.983617 0.837884
0.983613 0.837777
0.983608 0.83767
0.983604 0.837563
0.9836 0.837455
0.983596 0.837347
0.983592 0.837239
0.983587 0.83713
0.983583 0.837021
0.983579 0.836912
0.983575 0.836803
0.98357 0.836693
0.983566 0.836583
0.983562 0.836473
0.983557 0.836362
0.983553 0.836252
0.983549 0.836141
0.983544 0.836029
0.98354 0.835918
0.983536 0.835806
0.983531 0.835693
0.983527 0.835581
0.983523 0.835468
0.983518 0.835355
0.983514 0.835242
0.983509 0.835128
0.983505 0.835014
0.9835 0.8349
0.983496 0.834785
0.983491 0.83467
0.983487 0.834555
0.983483 0.83444
0.983478 0.834324
0.983474 0.834208
0.983469 0.834091
0.983464 0.833975
0.98346 0.833858
0.983455 0.83374
0.983451 0.833623
0.983446 0.833505
0.983442 0.833386
0.983437 0.833268
0.983432 0.833149
0.983428 0.83303
0.983423 0.83291
0.983419 0.83279
0.983414 0.83267
0.983409 0.832549
0.983405 0.832429
0.9834 0.832307
0.983395 0.832186
0.983391 0.832064
0.983386 0.831942
0.983381 0.831819
0.983376 0.831696
0.983372 0.831573
0.983367 0.831449
0.983362 0.831326
0.983357 0.831201
0.983352 0.831077
0.983348 0.830952
0.983343 0.830826
0.983338 0.830701
0.983333 0.830575
0.983328 0.830448
0.983323 0.830322
0.983319 0.830195
0.983314 0.830067
0.983309 0.829939
0.983304 0.829811
0.983299 0.829683
0.983294 0.829554
0.983289 0.829424
0.983284 0.829295
0.983279 0.829165
0.983274 0.829034
0.983269 0.828903
0.983264 0.828772
0.983259 0.828641
0.983254 0.828509
0.983249 0.828376
0.983244 0.828244
0.983239 0.828111
0.983234 0.827977
0.983228 0.827843
0.983223 0.827709
0.983218 0.827574
0.983213 0.827439
0.983208 0.827304
0.983203 0.827168
0.983197 0.827032
0.983192 0.826895
0.983187 0.826758
0.983182 0.82662
0.983176 0.826482
0.983171 0.826344
0.983166 0.826205
0.983161 0.826066
0.983155 0.825926
0.98315 0.825786
0.983145 0.825646
0.983139 0.825505
0.983134 0.825364
0.983128 0.825222
0.983123 0.82508
0.983118 0.824937
0.983112 0.824794
0.983107 0.82465
0.983101 0.824506
0.983096 0.824362
0.98309 0.824217
0.983085 0.824072
0.983079 0.823926
0.983074 0.82378
0.983068 0.823633
0.983063 0.823486
0.983057 0.823338
0.983051 0.82319
0.983046 0.823042
0.98304 0.822893
0.983035 0.822743
0.983029 0.822593
0.983023 0.822443
0.983018 0.822292
0.983012 0.82214
0.983006 0.821988
0.983 0.821836
0.982995 0.821683
0.982989 0.82153
0.982983 0.821376
0.982977 0.821221
0.982971 0.821066
0.982965 0.820911
0.98296 0.820755
0.982954 0.820599
0.982948 0.820442
0.982942 0.820284
0.982936 0.820126
0.98293 0.819968
0.982924 0.819809
0.982918 0.819649
0.982912 0.819489
0.982906 0.819328
0.9829 0.819167
0.982894 0.819005
0.982888 0.818843
0.982882 0.81868
0.982876 0.818517
0.982869 0.818353
0.982863 0.818189
0.982857 0.818023
0.982851 0.817858
0.982845 0.817692
0.982838 0.817525
0.982832 0.817358
0.982826 0.81719
0.98282 0.817021
0.982813 0.816852
0.982807 0.816683
0.982801 0.816512
0.982794 0.816341
0.982788 0.81617
0.982781 0.815998
0.982775 0.815825
0.982769 0.815652
0.982762 0.815478
0.982756 0.815304
0.982749 0.815129
0.982743 0.814953
0.982736 0.814777
0.982729 0.8146
0.982723 0.814422
0.982716 0.814244
0.98271 0.814065
0.982703 0.813886
0.982696 0.813705
0.98269 0.813525
0.982683 0.813343
0.982676 0.813161
0.982669 0.812978
0.982663 0.812795
0.982656 0.812611
0.982649 0.812426
0.982642 0.81224
0.982635 0.812054
0.982628 0.811867
0.982621 0.81168
0.982614 0.811492
0.982607 0.811303
0.9826 0.811113
0.982593 0.810923
0.982586 0.810732
0.982579 0.81054
0.982572 0.810347
0.982565 0.810154
0.982558 0.80996
0.982551 0.809765
0.982544 0.80957
0.982536 0.809374
0.982529 0.809177
0.982522 0.808979
0.982515 0.808781
0.982507 0.808582
0.9825 0.808382
0.982492 0.808181
0.982485 0.807979
0.982478 0.807777
0.98247 0.807574
0.982463 0.80737
0.982455 0.807166
0.982448 0.80696
0.98244 0.806754
0.982433 0.806547
0.982425 0.806339
0.982417 0.80613
0.98241 0.805921
0.982402 0.80571
0.982394 0.805499
0.982387 0.805287
0.982379 0.805074
0.982371 0.80486
0.982363 0.804646
0.982355 0.80443
0.982347 0.804214
0.98234 0.803996
0.982332 0.803778
0.982324 0.803559
0.982316 0.803339
0.982308 0.803119
0.9823 0.802897
0.982291 0.802674
0.982283 0.802451
0.982275 0.802226
0.982267 0.802001
0.982259 0.801775
0.982251 0.801547
0.982242 0.801319
0.982234 0.80109
0.982226 0.80086
0.982217 0.800629
0.982209 0.800397
0.9822 0.800164
0.982192 0.79993
0.982184 0.799695
0.982175 0.799459
0.982166 0.799222
0.982158 0.798984
0.982149 0.798745
0.982141 0.798504
0.982132 0.798263
0.982123 0.798021
0.982114 0.797778
0.982106 0.797534
0.982097 0.797288
0.982088 0.797042
0.982079 0.796795
0.98207 0.796546
0.982061 0.796296
0.982052 0.796046
0.982043 0.795794
0.982034 0.795541
0.982025 0.795287
0.982016 0.795032
0.982006 0.794775
0.981997 0.794518
0.981988 0.794259
0.981979 0.793999
0.981969 0.793738
0.98196 0.793476
0.981951 0.793213
0.981941 0.792948
0.981932 0.792682
0.981922 0.792415
0.981912 0.792147
0.981903 0.791878
0.981893 0.791607
0.981884 0.791335
0.981874 0.791062
0.981864 0.790788
0.981854 0.790512
0.981844 0.790235
0.981834 0.789957
0.981824 0.789677
0.981814 0.789396
0.981804 0.789114
0.981794 0.788831
0.981784 0.788546
0.981774 0.788259
0.981764 0.787972
0.981754 0.787683
0.981743 0.787393
0.981733 0.787101
0.981723 0.786808
0.981712 0.786513
0.981702 0.786217
0.981691 0.78592
0.981681 0.785621
0.98167 0.785321
0.981659 0.785019
0.981649 0.784716
0.981638 0.784411
0.981627 0.784105
0.981616 0.783797
0.981605 0.783488
0.981594 0.783177
0.981583 0.782865
0.981572 0.782551
0.981561 0.782235
0.98155 0.781918
0.981539 0.781599
0.981528 0.781279
0.981516 0.780957
0.981505 0.780634
0.981494 0.780309
0.981482 0.779982
0.981471 0.779653
0.981459 0.779323
0.981448 0.778991
0.981436 0.778658
0.981424 0.778323
0.981412 0.777986
0.9814 0.777647
0.981389 0.777306
0.981377 0.776964
0.981365 0.77662
0.981353 0.776274
0.98134 0.775926
0.981328 0.775577
0.981316 0.775225
0.981304 0.774872
0.981291 0.774517
0.981279 0.77416
0.981266 0.773801
0.981254 0.77344
0.981241 0.773077
0.981229 0.772713
0.981216 0.772346
0.981203 0.771977
0.98119 0.771606
0.981177 0.771234
0.981164 0.770859
0.981151 0.770482
0.981138 0.770103
0.981125 0.769722
0.981112 0.769339
0.981098 0.768954
0.981085 0.768566
0.981072 0.768177
0.981058 0.767785
0.981044 0.767391
0.981031 0.766995
0.981017 0.766597
0.981003 0.766196
0.980989 0.765793
0.980975 0.765388
0.980961 0.76498
0.980947 0.764571
0.980933 0.764158
0.980919 0.763744
0.980905 0.763327
0.98089 0.762908
0.980876 0.762486
0.980861 0.762062
0.980846 0.761635
0.980832 0.761206
0.980817 0.760774
0.980802 0.76034
0.980787 0.759903
0.980772 0.759463
0.980757 0.759021
0.980742 0.758577
0.980727 0.758129
0.980711 0.757679
0.980696 0.757227
0.98068 0.756771
0.980665 0.756313
0.980649 0.755852
0.980633 0.755389
0.980617 0.754922
0.980601 0.754453
0.980585 0.75398
0.980569 0.753505
0.980553 0.753027
0.980536 0.752546
0.98052 0.752062
0.980503 0.751575
0.980487 0.751085
0.98047 0.750591
0.980453 0.750095
0.980436 0.749596
0.980419 0.749093
0.980402 0.748588
0.980385 0.748079
0.980368 0.747566
0.98035 0.747051
0.980333 0.746532
0.980315 0.74601
0.980297 0.745485
0.98028 0.744956
0.980262 0.744424
0.980244 0.743888
0.980225 0.743349
0.980207 0.742806
0.980189 0.74226
0.98017 0.74171
0.980152 0.741156
0.980133 0.740599
0.980114 0.740038
0.980095 0.739474
0.980076 0.738905
0.980057 0.738333
0.980038 0.737757
0.980018 0.737177
0.979999 0.736594
0.979979 0.736006
0.979959 0.735414
0.979939 0.734818
0.979919 0.734218
0.979899 0.733614
0.979879 0.733006
0.979858 0.732394
0.979838 0.731778
0.979817 0.731157
0.979796 0.730532
0.979775 0.729902
0.979754 0.729268
0.979733 0.72863
0.979711 0.727987
0.97969 0.727339
0.979668 0.726688
0.979646 0.726031
0.979624 0.72537
0.979602 0.724704
0.97958 0.724033
0.979557 0.723357
0.979535 0.722677
0.979512 0.721991
0.979489 0.721301
0.979466 0.720605
0.979443 0.719905
0.97942 0.719199
0.979396 0.718488
0.979372 0.717772
0.979349 0.717051
0.979325 0.716324
0.9793 0.715592
0.979276 0.714855
0.979252 0.714112
0.979227 0.713363
0.979202 0.712609
0.979177 0.711849
0.979152 0.711083
0.979126 0.710311
0.979101 0.709534
0.979075 0.708751
0.979049 0.707961
0.979023 0.707166
0.978996 0.706364
0.97897 0.705557
0.978943 0.704743
0.978916 0.703922
0.978889 0.703096
0.978861 0.702263
0.978834 0.701423
0.978806 0.700576
0.978778 0.699724
0.97875 0.698864
0.978722 0.697997
0.978693 0.697124
0.978664 0.696243
0.978635 0.695356
0.978606 0.694461
0.978576 0.69356
0.978546 0.69265
0.978516 0.691734
0.978486 0.69081
0.978456 0.689879
0.978425 0.68894
0.978394 0.687993
0.978363 0.687039
0.978331 0.686076
0.9783 0.685106
0.978268 0.684128
0.978236 0.683141
0.978203 0.682147
0.97817 0.681144
0.978137 0.680132
0.978104 0.679113
0.97807 0.678084
0.978037 0.677047
0.978003 0.676001
0.977968 0.674946
0.977933 0.673883
0.977898 0.67281
0.977863 0.671728
0.977828 0.670636
0.977792 0.669536
0.977756 0.668426
0.977719 0.667306
0.977682 0.666176
0.977645 0.665037
0.977608 0.663888
0.97757 0.662729
0.977532 0.661559
0.977493 0.660379
0.977455 0.659189
0.977415 0.657989
0.977376 0.656778
0.977336 0.655556
0.977296 0.654323
0.977255 0.653079
0.977215 0.651824
0.977173 0.650558
0.977132 0.649281
0.97709 0.647992
0.977047 0.646691
0.977004 0.645379
0.976961 0.644055
0.976918 0.642719
0.976874 0.641371
0.976829 0.64001
0.976784 0.638637
0.976739 0.637251
0.976693 0.635853
0.976647 0.634442
0.976601 0.633018
0.976554 0.631581
0.976506 0.630131
0.976458 0.628667
0.97641 0.62719
0.976361 0.625699
0.976312 0.624194
0.976262 0.622675
0.976212 0.621142
0.976161 0.619594
0.976109 0.618033
0.976058 0.616456
0.976005 0.614865
0.975952 0.613259
0.975899 0.611638
0.975845 0.610001
0.975791 0.60835
0.975736 0.606682
0.97568 0.604999
0.975624 0.6033
0.975567 0.601585
0.97551 0.599854
0.975452 0.598106
0.975393 0.596342
0.975334 0.594561
0.975275 0.592763
0.975214 0.590948
0.975153 0.589116
0.975091 0.587267
0.975029 0.5854
0.974966 0.583515
0.974902 0.581612
0.974838 0.579692
0.974773 0.577753
0.974707 0.575796
0.974641 0.57382
0.974574 0.571825
0.974506 0.569812
0.974437 0.567779
0.974368 0.565728
0.974297 0.563657
0.974226 0.561566
0.974155 0.559456
0.974082 0.557326
0.974009 0.555176
0.973934 0.553006
0.973859 0.550815
0.973783 0.548604
0.973707 0.546373
0.973629 0.544121
0.97355 0.541847
0.973471 0.539553
0.973391 0.537238
0.973309 0.534901
0.973227 0.532543
0.973144 0.530163
0.97306 0.527762
0.972975 0.525339
0.972888 0.522894
0.972801 0.520427
0.972713 0.517938
0.972624 0.515427
0.972533 0.512893
0.972442 0.510338
0.97235 0.507759
0.972256 0.505158
0.972161 0.502535
0.972065 0.499889
0.971968 0.497221
0.97187 0.494529
0.971771 0.491815
0.97167 0.489078
0.971568 0.486319
0.971465 0.483537
0.971361 0.480732
0.971256 0.477904
0.971149 0.475053
0.97104 0.47218
0.970931 0.469284
0.97082 0.466366
0.970708 0.463426
0.970594 0.460462
0.970479 0.457477
0.970362 0.45447
0.970244 0.45144
0.970125 0.448389
0.970004 0.445316
0.969882 0.442221
0.969758 0.439105
0.969632 0.435968
0.969505 0.43281
0.969376 0.429632
0.969246 0.426433
0.969114 0.423214
0.96898 0.419975
0.968845 0.416717
0.968708 0.413439
0.968569 0.410143
0.968429 0.406828
0.968287 0.403495
0.968142 0.400144
0.967997 0.396776
0.967849 0.393392
0.967699 0.389991
0.967548 0.386574
0.967394 0.383142
0.967239 0.379695
0.967082 0.376233
0.966922 0.372758
0.966761 0.36927
0.966598 0.36577
0.966432 0.362257
0.966265 0.358733
0.966096 0.355199
0.965924 0.351655
0.96575 0.348101
0.965574 0.34454
0.965396 0.34097
0.965216 0.337393
0.965033 0.33381
0.964848 0.330222
0.964661 0.326629
0.964472 0.323032
0.96428 0.319432
0.964086 0.31583
0.96389 0.312227
0.963691 0.308623
0.96349 0.30502
0.963286 0.301418
0.96308 0.297818
0.962871 0.294221
0.96266 0.290628
0.962447 0.287041
0.962231 0.283459
0.962012 0.279884
0.961791 0.276316
0.961568 0.272758
0.961341 0.269208
0.961112 0.26567
0.960881 0.262143
0.960647 0.258628
0.96041 0.255126
0.96017 0.251639
0.959928 0.248166
0.959683 0.24471
0.959436 0.24127
0.959185 0.237848
0.958932 0.234445
0.958676 0.231061
0.958418 0.227697
0.958157 0.224355
0.957892 0.221034
0.957626 0.217736
0.957356 0.214461
0.957083 0.211211
0.956808 0.207985
0.95653 0.204785
0.956249 0.201611
0.955965 0.198464
0.955678 0.195344
0.955389 0.192253
0.955096 0.18919
0.954801 0.186157
0.954503 0.183153
0.954202 0.18018
0.953898 0.177237
0.953592 0.174326
0.953282 0.171446
0.95297 0.168599
0.952655 0.165783
0.952336 0.163001
0.952016 0.160251
0.951692 0.157535
0.951365 0.154852
0.951036 0.152203
0.950703 0.149588
0.950368 0.147007
0.95003 0.144461
0.949689 0.141949
0.949346 0.139471
0.948999 0.137028
0.94865 0.13462
0.948298 0.132246
0.947943 0.129907
0.947585 0.127603
0.947225 0.125333
0.946862 0.123097
0.946496 0.120896
0.946127 0.11873
0.945756 0.116597
0.945382 0.114498
0.945005 0.112434
0.944625 0.110403
0.944243 0.108405
0.943858 0.10644
0.943471 0.104509
0.94308 0.10261
0.942688 0.100744
0.942292 0.0989099
0.941894 0.0971077
0.941493 0.0953371
0.94109 0.0935978
0.940684 0.0918895
0.940276 0.0902118
0.939865 0.0885644
0.939452 0.086947
0.939036 0.0853592
0.938618 0.0838006
0.938197 0.0822709
0.937773 0.0807698
0.937348 0.0792967
0.936919 0.0778514
0.936489 0.0764334
0.936056 0.0750424
0.93562 0.073678
0.935183 0.0723398
0.934743 0.0710274
0.9343 0.0697404
0.933855 0.0684784
0.933408 0.067241
0.932959 0.0660279
0.932508 0.0648386
0.932054 0.0636727
0.931598 0.0625298
0.931139 0.0614096
0.930679 0.0603116
0.930216 0.0592355
0.929751 0.0581809
0.929284 0.0571474
0.928815 0.0561346
0.928344 0.0551422
0.927871 0.0541697
0.927395 0.0532169
0.926918 0.0522833
0.926438 0.0513685
0.925956 0.0504723
0.925473 0.0495942
0.924987 0.048734
0.924499 0.0478912
0.92401 0.0470656
0.923518 0.0462568
0.923024 0.0454644
0.922529 0.0446881
0.922032 0.0439277
0.921532 0.0431828
0.921031 0.042453
0.920528 0.0417381
0.920023 0.0410378
0.919516 0.0403518
0.919007 0.0396797
0.918497 0.0390214
0.917985 0.0383764
0.917471 0.0377446
0.916955 0.0371257
0.916437 0.0365193
0.915918 0.0359252
0.915397 0.0353433
0.914874 0.0347731
0.914349 0.0342145
0.913823 0.0336672
0.913295 0.033131
0.912766 0.0326057
0.912234 0.032091
0.911702 0.0315866
0.911167 0.0310924
0.910631 0.0306082
0.910093 0.0301337
0.909554 0.0296687
0.909013 0.029213
0.90847 0.0287665
0.907926 0.0283289
0.907381 0.0279
0.906833 0.0274796
0.906285 0.0270677
0.905734 0.0266639
0.905183 0.0262681
0.904629 0.0258801
0.904075 0.0254998
0.903518 0.025127
0.902961 0.0247616
0.902402 0.0244033
0.901841 0.024052
0.901279 0.0237076
0.900716 0.0233699
0.900151 0.0230388
0.899585 0.0227142
0.899017 0.0223958
0.898448 0.0220836
0.897877 0.0217775
0.897306 0.0214772
0.896732 0.0211827
0.896158 0.0208939
0.895582 0.0206106
0.895005 0.0203327
0.894426 0.0200601
0.893846 0.0197926
0.893265 0.0195303
0.892683 0.0192729
0.892099 0.0190204
0.891514 0.0187726
0.890928 0.0185294
0.89034 0.0182909
0.889751 0.0180568
0.889161 0.017827
0.88857 0.0176015
0.887977 0.0173802
0.887383 0.017163
0.886788 0.0169499
0.886192 0.0167406
0.885594 0.0165352
0.884996 0.0163335
0.884396 0.0161355
0.883794 0.0159411
0.883192 0.0157503
0.882589 0.0155629
0.881984 0.0153789
0.881378 0.0151982
0.880771 0.0150208
0.880163 0.0148465
0.879553 0.0146754
0.878943 0.0145073
0.878331 0.0143422
0.877718 0.0141801
0.877104 0.0140208
0.876489 0.0138643
0.875873 0.0137106
0.875255 0.0135595
0.874637 0.0134112
0.874017 0.0132654
0.873397 0.0131221
0.872775 0.0129813
0.872152 0.012843
0.871528 0.0127071
0.870903 0.0125735
0.870276 0.0124422
0.869649 0.0123131
0.869021 0.0121863
0.868391 0.0120616
0.867761 0.011939
0.867129 0.0118185
0.866496 0.0117001
0.865863 0.0115836
0.865228 0.0114692
0.864592 0.0113566
0.863955 0.0112459
0.863317 0.0111371
0.862678 0.0110301
0.862038 0.0109248
0.861397 0.0108213
0.860754 0.0107195
0.860111 0.0106194
0.859467 0.0105209
0.858821 0.0104241
0.858175 0.0103288
0.857528 0.0102351
0.856879 0.0101429
0.85623 0.0100522
0.855579 0.00996302
0.854928 0.00987525
0.854275 0.00978889
0.853622 0.00970392
0.852967 0.00962031
0.852311 0.00953804
0.851655 0.00945709
0.850997 0.00937742
0.850338 0.00929903
0.849679 0.00922187
0.849018 0.00914594
0.848356 0.00907121
0.847694 0.00899765
0.84703 0.00892525
0.846365 0.00885399
0.845699 0.00878385
0.845032 0.0087148
0.844365 0.00864682
0.843696 0.00857991
0.843026 0.00851403
0.842355 0.00844918
0.841683 0.00838532
0.84101 0.00832246
0.840337 0.00826056
0.839662 0.00819961
0.838986 0.0081396
0.838309 0.00808051
0.837631 0.00802232
0.836952 0.00796503
0.836272 0.0079086
0.835591 0.00785303
0.834909 0.00779831
0.834226 0.00774442
0.833542 0.00769134
0.832857 0.00763906
0.832171 0.00758758
0.831484 0.00753686
0.830796 0.00748692
0.830107 0.00743772
0.829417 0.00738926
0.828726 0.00734153
0.828034 0.00729451
0.827341 0.00724819
0.826647 0.00720257
0.825951 0.00715762
0.825255 0.00711335
0.824558 0.00706973
0.82386 0.00702676
0.82316 0.00698443
0.82246 0.00694273
0.821759 0.00690164
0.821056 0.00686117
0.820353 0.00682129
0.819648 0.006782
0.818943 0.00674329
0.818236 0.00670515
0.817529 0.00666758
0.81682 0.00663055
0.81611 0.00659408
0.8154 0.00655814
0.814688 0.00652273
0.813975 0.00648784
0.813261 0.00645346
0.812546 0.00641959
0.81183 0.00638622
0.811113 0.00635333
0.810395 0.00632093
0.809676 0.00628901
0.808955 0.00625756
0.808234 0.00622656
0.807511 0.00619603
0.806788 0.00616594
0.806063 0.0061363
0.805338 0.00610709
0.804611 0.00607831
0.803883 0.00604996
0.803154 0.00602202
0.802424 0.00599449
0.801693 0.00596738
0.80096 0.00594066
0.800227 0.00591434
0.799492 0.0058884
0.798757 0.00586285
0.79802 0.00583768
0.797282 0.00581289
0.796543 0.00578846
0.795803 0.00576439
0.795062 0.00574069
0.794319 0.00571734
0.793576 0.00569434
0.792831 0.00567168
0.792085 0.00564936
0.791338 0.00562738
0.79059 0.00560573
0.789841 0.00558441
0.789091 0.0055634
0.788339 0.00554272
0.787586 0.00552236
0.786832 0.0055023
0.786077 0.00548255
0.785321 0.0054631
0.784564 0.00544395
0.783805 0.0054251
0.783045 0.00540654
0.782284 0.00538826
0.781522 0.00537027
0.780758 0.00535257
0.779994 0.00533514
0.779228 0.00531798
0.778461 0.0053011
0.777692 0.00528448
0.776923 0.00526813
0.776152 0.00525204
0.77538 0.0052362
0.774607 0.00522063
0.773832 0.0052053
0.773056 0.00519023
0.772279 0.0051754
0.771501 0.00516082
0.770722 0.00514647
0.769941 0.00513237
0.769159 0.0051185
0.768375 0.00510487
0.767591 0.00509147
0.766805 0.00507829
0.766018 0.00506534
0.765229 0.00505262
0.764439 0.00504011
0.763648 0.00502783
0.762856 0.00501576
0.762062 0.0050039
0.761267 0.00499226
0.76047 0.00498083
0.759672 0.0049696
0.758873 0.00495858
0.758073 0.00494777
0.757271 0.00493715
0.756468 0.00492674
0.755663 0.00491652
0.754858 0.0049065
0.75405 0.00489667
0.753242 0.00488704
0.752432 0.00487759
0.75162 0.00486834
0.750807 0.00485927
0.749993 0.00485038
0.749178 0.00484168
0.748361 0.00483316
0.747542 0.00482482
0.746722 0.00481666
0.745901 0.00480867
0.745078 0.00480086
0.744254 0.00479323
0.743428 0.00478576
0.742601 0.00477847
0.741773 0.00477135
0.740943 0.00476439
0.740111 0.0047576
0.739279 0.00475098
0.738444 0.00474452
0.737608 0.00473822
0.736771 0.00473209
0.735932 0.00472611
0.735092 0.0047203
0.73425 0.00471464
0.733406 0.00470914
0.732561 0.00470379
0.731715 0.0046986
0.730867 0.00469356
0.730017 0.00468867
0.729166 0.00468394
0.728314 0.00467935
0.727459 0.00467491
0.726604 0.00467062
0.725746 0.00466648
0.724887 0.00466249
0.724027 0.00465863
0.723165 0.00465493
0.722301 0.00465136
0.721436 0.00464794
0.720569 0.00464466
0.7197 0.00464152
0.71883 0.00463852
0.717958 0.00463566
0.717085 0.00463294
0.71621 0.00463035
0.715333 0.0046279
0.714455 0.00462559
0.713575 0.00462341
0.712693 0.00462137
0.71181 0.00461946
0.710925 0.00461768
0.710038 0.00461604
0.70915 0.00461453
0.70826 0.00461314
0.707368 0.00461189
0.706474 0.00461077
0.705579 0.00460978
0.704682 0.00460892
0.703783 0.00460818
0.702883 0.00460757
0.701981 0.00460709
0.701077 0.00460674
0.700171 0.00460651
0.699264 0.00460641
0.698355 0.00460643
0.697444 0.00460658
0.696531 0.00460685
0.695616 0.00460724
0.6947 0.00460776
0.693782 0.0046084
0.692862 0.00460917
0.69194 0.00461005
0.691016 0.00461106
0.690091 0.00461219
0.689164 0.00461344
0.688235 0.00461481
0.687304 0.0046163
0.686371 0.00461791
0.685436 0.00461965
0.6845 0.0046215
0.683561 0.00462347
0.682621 0.00462556
0.681679 0.00462777
0.680735 0.00463009
0.679789 0.00463254
0.678841 0.0046351
0.677891 0.00463778
0.67694 0.00464058
0.675986 0.0046435
0.67503 0.00464653
0.674073 0.00464968
0.673114 0.00465295
0.672152 0.00465633
0.671189 0.00465984
0.670224 0.00466345
0.669256 0.00466719
0.668287 0.00467104
0.667316 0.00467501
0.666343 0.00467909
0.665368 0.00468329
0.66439 0.00468761
0.663411 0.00469204
0.66243 0.00469659
0.661447 0.00470126
0.660462 0.00470604
0.659474 0.00471094
0.658485 0.00471595
0.657494 0.00472108
0.656501 0.00472633
0.655505 0.00473169
0.654508 0.00473717
0.653508 0.00474276
0.652507 0.00474848
0.651503 0.0047543
0.650497 0.00476025
0.649489 0.00476631
0.64848 0.00477249
0.647468 0.00477878
0.646453 0.0047852
0.645437 0.00479173
0.644419 0.00479837
0.643399 0.00480514
0.642376 0.00481202
0.641351 0.00481902
0.640325 0.00482614
0.639296 0.00483337
0.638265 0.00484073
0.637231 0.0048482
0.636196 0.00485579
0.635159 0.0048635
0.634119 0.00487133
0.633077 0.00487928
0.632033 0.00488735
0.630987 0.00489554
0.629939 0.00490385
0.628888 0.00491228
0.627836 0.00492083
0.626781 0.00492951
0.625724 0.0049383
0.624664 0.00494722
0.623603 0.00495626
0.622539 0.00496542
0.621474 0.0049747
0.620405 0.00498411
0.619335 0.00499364
0.618263 0.00500329
0.617188 0.00501307
0.616111 0.00502298
0.615032 0.00503301
0.613951 0.00504316
0.612867 0.00505344
0.611781 0.00506385
0.610693 0.00507438
0.609603 0.00508504
0.60851 0.00509583
0.607415 0.00510675
0.606318 0.0051178
0.605219 0.00512897
0.604117 0.00514028
0.603013 0.00515171
0.601907 0.00516328
0.600799 0.00517498
0.599688 0.00518681
0.598576 0.00519877
0.597461 0.00521086
0.596343 0.00522309
0.595224 0.00523545
0.594102 0.00524795
0.592977 0.00526058
0.591851 0.00527335
0.590722 0.00528625
0.589591 0.0052993
0.588458 0.00531247
0.587323 0.00532579
0.586185 0.00533925
0.585045 0.00535284
0.583902 0.00536658
0.582758 0.00538046
0.581611 0.00539448
0.580462 0.00540864
0.57931 0.00542294
0.578157 0.00543739
0.577001 0.00545198
0.575843 0.00546672
0.574682 0.00548161
0.57352 0.00549664
0.572355 0.00551182
0.571187 0.00552714
0.570018 0.00554262
0.568846 0.00555824
0.567672 0.00557402
0.566496 0.00558995
0.565317 0.00560603
0.564137 0.00562226
0.562954 0.00563865
0.561769 0.00565519
0.560581 0.00567189
0.559392 0.00568874
0.5582 0.00570575
0.557006 0.00572292
0.555809 0.00574025
0.554611 0.00575774
0.55341 0.00577539
0.552207 0.00579321
0.551002 0.00581118
0.549795 0.00582932
0.548585 0.00584763
0.547373 0.0058661
0.54616 0.00588474
0.544944 0.00590355
0.543725 0.00592252
0.542505 0.00594167
0.541283 0.00596098
0.540058 0.00598047
0.538831 0.00600013
0.537602 0.00601997
0.536371 0.00603998
0.535138 0.00606017
0.533903 0.00608053
0.532666 0.00610107
0.531426 0.0061218
0.530185 0.0061427
0.528941 0.00616379
0.527696 0.00618506
0.526448 0.00620651
0.525198 0.00622815
0.523947 0.00624998
0.522693 0.00627199
0.521437 0.00629419
0.520179 0.00631659
0.51892 0.00633917
0.517658 0.00636195
0.516394 0.00638493
0.515129 0.00640809
0.513861 0.00643146
0.512592 0.00645502
0.51132 0.00647878
0.510047 0.00650275
0.508772 0.00652691
0.507495 0.00655128
0.506216 0.00657585
0.504935 0.00660063
0.503652 0.00662562
0.502368 0.00665081
0.501082 0.00667622
0.499794 0.00670184
0.498504 0.00672767
0.497212 0.00675371
0.495919 0.00677997
0.494624 0.00680645
0.493327 0.00683315
0.492029 0.00686007
0.490729 0.00688721
0.489427 0.00691457
0.488124 0.00694216
0.486819 0.00696997
0.485512 0.00699802
0.484204 0.00702629
0.482894 0.0070548
0.481583 0.00708353
0.48027 0.0071125
0.478955 0.00714171
0.477639 0.00717116
0.476322 0.00720084
0.475003 0.00723077
0.473683 0.00726094
0.472362 0.00729135
0.471039 0.00732201
0.469714 0.00735292
0.468389 0.00738408
0.467062 0.00741549
0.465733 0.00744715
0.464404 0.00747906
0.463073 0.00751124
0.461741 0.00754367
0.460407 0.00757636
0.459073 0.00760931
0.457737 0.00764253
0.456401 0.00767601
0.455063 0.00770976
0.453724 0.00774378
0.452384 0.00777807
0.451043 0.00781264
0.449701 0.00784748
0.448358 0.00788259
0.447014 0.00791799
0.445669 0.00795367
0.444323 0.00798962
0.442977 0.00802587
0.441629 0.0080624
0.440281 0.00809922
0.438932 0.00813633
0.437582 0.00817373
0.436232 0.00821143
0.43488 0.00824942
0.433528 0.00828771
0.432176 0.00832631
0.430823 0.00836521
0.429469 0.00840441
0.428115 0.00844392
0.42676 0.00848374
0.425404 0.00852387
0.424049 0.00856431
0.422693 0.00860507
0.421336 0.00864615
0.419979 0.00868755
0.418622 0.00872927
0.417264 0.00877131
0.415906 0.00881369
0.414548 0.00885639
0.41319 0.00889942
0.411831 0.00894279
0.410473 0.00898649
0.409114 0.00903053
0.407755 0.00907491
0.406397 0.00911963
0.405038 0.0091647
0.403679 0.00921011
0.402321 0.00925588
0.400962 0.009302
0.399604 0.00934847
0.398245 0.0093953
0.396887 0.00944248
0.39553 0.00949003
0.394172 0.00953795
0.392815 0.00958623
0.391458 0.00963488
0.390102 0.0096839
0.388746 0.00973329
0.38739 0.00978306
0.386035 0.00983321
0.384681 0.00988374
0.383327 0.00993465
0.381973 0.00998595
0.380621 0.0100376
0.379269 0.0100897
0.377918 0.0101422
0.376567 0.0101951
0.375217 0.0102483
0.373869 0.010302
0.372521 0.0103561
0.371174 0.0104106
0.369828 0.0104654
0.368482 0.0105208
0.367138 0.0105765
0.365795 0.0106326
0.364453 0.0106892
0.363113 0.0107461
0.361773 0.0108035
0.360435 0.0108614
0.359098 0.0109196
0.357762 0.0109783
0.356427 0.0110374
0.355094 0.011097
0.353762 0.011157
0.352432 0.0112175
0.351103 0.0112784
0.349776 0.0113397
0.34845 0.0114015
0.347126 0.0114638
0.345804 0.0115265
0.344483 0.0115897
0.343164 0.0116533
0.341847 0.0117174
0.340531 0.011782
0.339217 0.011847
0.337906 0.0119125
0.336596 0.0119785
0.335288 0.012045
0.333982 0.0121119
0.332678 0.0121794
0.331376 0.0122473
0.330076 0.0123157
0.328778 0.0123846
0.327483 0.012454
0.326189 0.012524
0.324898 0.0125944
0.323609 0.0126653
0.322323 0.0127367
0.321039 0.0128086
0.319757 0.0128811
0.318478 0.0129541
0.317201 0.0130275
0.315926 0.0131016
0.314654 0.0131761
0.313385 0.0132512
0.312118 0.0133267
0.310854 0.0134029
0.309593 0.0134795
0.308334 0.0135567
0.307078 0.0136345
0.305825 0.0137128
0.304575 0.0137916
0.303327 0.013871
0.302082 0.0139509
0.300841 0.0140314
0.299602 0.0141125
0.298366 0.0141941
0.297133 0.0142763
0.295903 0.0143591
0.294676 0.0144424
0.293453 0.0145263
0.292232 0.0146108
0.291015 0.0146958
0.2898 0.0147815
0.288589 0.0148677
0.287382 0.0149545
0.286177 0.0150419
0.284976 0.0151299
0.283778 0.0152185
0.282583 0.0153077
0.281392 0.0153975
0.280205 0.0154879
0.27902 0.015579
0.27784 0.0156706
0.276662 0.0157628
0.275489 0.0158557
0.274318 0.0159492
0.273152 0.0160433
0.271989 0.016138
0.270829 0.0162333
0.269674 0.0163293
0.268522 0.016426
0.267373 0.0165232
0.266229 0.0166211
0.265088 0.0167197
0.26395 0.0168188
0.262817 0.0169187
0.261688 0.0170192
0.260562 0.0171203
0.25944 0.0172221
0.258322 0.0173246
0.257208 0.0174277
0.256098 0.0175315
0.254992 0.0176359
0.25389 0.017741
0.252791 0.0178468
0.251697 0.0179533
0.250607 0.0180604
0.249521 0.0181683
0.248438 0.0182768
0.24736 0.018386
0.246286 0.0184959
0.245216 0.0186065
0.24415 0.0187177
0.243089 0.0188297
0.242031 0.0189424
0.240978 0.0190558
0.239929 0.0191699
0.238884 0.0192847
0.237843 0.0194002
0.236806 0.0195164
0.235774 0.0196333
0.234745 0.019751
0.233722 0.0198693
0.232702 0.0199884
0.231686 0.0201083
0.230675 0.0202288
0.229669 0.0203501
0.228666 0.0204721
0.227668 0.0205949
0.226674 0.0207184
0.225684 0.0208426
0.224699 0.0209676
0.223718 0.0210933
0.222741 0.0212198
0.221769 0.021347
0.220801 0.021475
0.219838 0.0216037
0.218879 0.0217332
0.217924 0.0218635
0.216974 0.0219945
0.216028 0.0221263
0.215086 0.0222588
0.214149 0.0223921
0.213216 0.0225262
0.212288 0.0226611
0.211364 0.0227968
0.210444 0.0229332
0.209529 0.0230704
0.208618 0.0232084
0.207712 0.0233472
0.20681 0.0234868
0.205913 0.0236271
0.205019 0.0237683
0.204131 0.0239103
0.203246 0.024053
0.202367 0.0241966
0.201491 0.0243409
0.20062 0.0244861
0.199753 0.0246321
0.198891 0.0247789
0.198033 0.0249265
0.19718 0.0250749
0.196331 0.0252241
0.195486 0.0253742
0.194646 0.025525
0.19381 0.0256767
0.192979 0.0258292
0.192152 0.0259826
0.191329 0.0261367
0.19051 0.0262917
0.189696 0.0264476
0.188887 0.0266042
0.188082 0.0267617
0.187281 0.0269201
0.186484 0.0270793
0.185692 0.0272393
0.184904 0.0274002
0.18412 0.0275619
0.183341 0.0277245
0.182566 0.0278879
0.181795 0.0280522
0.181029 0.0282173
0.180266 0.0283833
0.179509 0.0285502
0.178755 0.0287179
0.178006 0.0288864
0.17726 0.0290559
0.17652 0.0292262
0.175783 0.0293974
0.17505 0.0295694
0.174322 0.0297423
0.173598 0.0299161
0.172878 0.0300908
0.172162 0.0302663
0.171451 0.0304428
0.170743 0.0306201
0.17004 0.0307983
0.169341 0.0309774
0.168646 0.0311573
0.167955 0.0313382
0.167268 0.03152
0.166585 0.0317026
0.165907 0.0318861
0.165232 0.0320706
0.164561 0.0322559
0.163895 0.0324422
0.163232 0.0326293
0.162574 0.0328173
0.161919 0.0330063
0.161269 0.0331961
0.160622 0.0333869
0.159979 0.0335786
0.159341 0.0337712
0.158706 0.0339647
0.158075 0.0341591
0.157448 0.0343544
0.156825 0.0345507
0.156205 0.0347479
0.15559 0.034946
0.154978 0.035145
0.15437 0.035345
0.153766 0.0355459
0.153166 0.0357477
0.15257 0.0359504
0.151977 0.0361541
0.151388 0.0363588
0.150803 0.0365643
0.150222 0.0367708
0.149644 0.0369783
0.14907 0.0371866
0.1485 0.037396
0.147933 0.0376062
0.14737 0.0378175
0.14681 0.0380296
0.146254 0.0382428
0.145702 0.0384569
0.145153 0.0386719
0.144608 0.0388879
0.144067 0.0391048
0.143529 0.0393227
0.142994 0.0395416
0.142463 0.0397615
0.141936 0.0399823
0.141411 0.040204
0.140891 0.0404268
0.140374 0.0406505
0.13986 0.0408752
0.139349 0.0411009
0.138842 0.0413275
0.138339 0.0415551
0.137839 0.0417837
0.137342 0.0420133
0.136848 0.0422439
0.136358 0.0424755
0.135871 0.042708
0.135387 0.0429416
0.134907 0.0431761
0.134429 0.0434116
0.133955 0.0436481
0.133485 0.0438857
0.133017 0.0441242
0.132553 0.0443637
0.132091 0.0446042
0.131633 0.0448458
0.131178 0.0450883
0.130726 0.0453319
0.130278 0.0455764
0.129832 0.045822
0.129389 0.0460686
0.12895 0.0463162
0.128513 0.0465649
0.12808 0.0468145
0.127649 0.0470652
0.127222 0.0473169
0.126797 0.0475697
0.126375 0.0478235
0.125957 0.0480783
0.125541 0.0483341
0.125128 0.048591
0.124718 0.0488489
0.124311 0.0491079
0.123907 0.0493679
0.123506 0.049629
0.123107 0.0498911
0.122712 0.0501543
0.122319 0.0504185
0.121929 0.0506837
0.121541 0.0509501
0.121157 0.0512175
0.120775 0.051486
0.120396 0.0517555
0.120019 0.0520261
0.119646 0.0522978
0.119275 0.0525705
0.118906 0.0528443
0.11854 0.0531192
0.118177 0.0533952
0.117817 0.0536723
0.117459 0.0539505
0.117104 0.0542297
0.116751 0.0545101
0.116401 0.0547915
0.116053 0.0550741
0.115708 0.0553577
0.115366 0.0556425
0.115026 0.0559284
0.114688 0.0562153
0.114353 0.0565034
0.114021 0.0567926
0.113691 0.057083
0.113363 0.0573744
0.113038 0.057667
0.112715 0.0579607
0.112394 0.0582556
0.112076 0.0585516
0.11176 0.0588487
0.111447 0.0591469
0.111136 0.0594464
0.110827 0.0597469
0.110521 0.0600486
0.110217 0.0603515
0.109915 0.0606555
0.109615 0.0609607
0.109318 0.0612671
0.109023 0.0615747
0.10873 0.0618834
0.10844 0.0621933
0.108151 0.0625043
0.107865 0.0628166
0.107581 0.0631301
0.107299 0.0634447
0.10702 0.0637605
0.106742 0.0640776
0.106467 0.0643959
0.106194 0.0647153
0.105922 0.065036
0.105653 0.0653579
0.105386 0.065681
0.105121 0.0660054
0.104859 0.066331
0.104598 0.0666578
0.104339 0.0669858
0.104082 0.0673151
0.103828 0.0676457
0.103575 0.0679775
0.103324 0.0683106
0.103076 0.0686449
0.102829 0.0689805
0.102584 0.0693174
0.102341 0.0696555
0.1021 0.069995
0.101861 0.0703357
0.101624 0.0706777
0.101389 0.071021
0.101156 0.0713657
0.100924 0.0717116
0.100695 0.0720588
0.100467 0.0724074
0.100241 0.0727573
0.100017 0.0731085
0.0997952 0.0734611
0.0995748 0.073815
0.0993563 0.0741702
0.0991396 0.0745268
0.0989247 0.0748848
0.0987115 0.0752441
0.0985002 0.0756048
0.0982905 0.0759669
0.0980827 0.0763303
0.0978765 0.0766952
0.0976722 0.0770614
0.0974695 0.0774291
0.0972685 0.0777981
0.0970693 0.0781686
0.0968717 0.0785405
0.0966758 0.0789138
0.0964816 0.0792886
0.0962891 0.0796648
0.0960982 0.0800424
0.095909 0.0804215
0.0957214 0.0808021
0.0955354 0.0811841
0.0953511 0.0815676
0.0951683 0.0819526
0.0949872 0.0823391
0.0948077 0.0827271
0.0946298 0.0831166
0.0944534 0.0835076
0.0942786 0.0839002
0.0941054 0.0842942
0.0939338 0.0846898
0.0937636 0.085087
0.0935951 0.0854857
0.093428 0.085886
0.0932625 0.0862878
0.0930985 0.0866912
0.092936 0.0870963
0.092775 0.0875029
0.0926155 0.0879111
0.0924575 0.0883209
0.092301 0.0887324
0.0921459 0.0891454
0.0919923 0.0895602
0.0918402 0.0899765
0.0916895 0.0903946
0.0915402 0.0908143
0.0913924 0.0912357
0.091246 0.0916588
0.0911011 0.0920835
0.0909575 0.09251
0.0908154 0.0929382
0.0906746 0.0933682
0.0905353 0.0937998
0.0903973 0.0942333
0.0902608 0.0946684
0.0901256 0.0951054
0.0899917 0.0955441
0.0898593 0.0959847
0.0897282 0.096427
0.0895984 0.0968712
0.08947 0.0973171
0.089343 0.0977649
0.0892172 0.0982146
0.0890928 0.0986661
0.0889697 0.0991195
0.088848 0.0995748
0.0887275 0.100032
0.0886084 0.100491
0.0884905 0.100952
0.088374 0.101415
0.0882587 0.10188
0.0881447 0.102347
0.088032 0.102816
0.0879206 0.103286
0.0878104 0.103759
0.0877015 0.104234
0.0875939 0.104711
0.0874875 0.10519
0.0873824 0.105671
0.0872785 0.106154
0.0871758 0.106639
0.0870744 0.107126
0.0869742 0.107615
0.0868753 0.108107
0.0867775 0.1086
0.086681 0.109096
0.0865857 0.109594
0.0864916 0.110094
0.0863987 0.110596
0.086307 0.111101
0.0862165 0.111608
0.0861272 0.112117
0.0860391 0.112628
0.0859521 0.113142
0.0858664 0.113657
0.0857818 0.114176
0.0856984 0.114696
0.0856161 0.115219
0.0855351 0.115744
0.0854552 0.116272
0.0853764 0.116802
0.0852988 0.117334
0.0852224 0.117869
0.0851471 0.118407
0.0850729 0.118947
0.0849999 0.119489
0.0849281 0.120034
0.0848574 0.120581
0.0847878 0.121131
0.0847193 0.121684
0.084652 0.122239
0.0845858 0.122797
0.0845207 0.123357
0.0844568 0.12392
0.0843939 0.124486
0.0843322 0.125055
0.0842716 0.125626
0.0842121 0.1262
0.0841537 0.126777
0.0840965 0.127356
0.0840403 0.127939
0.0839852 0.128524
0.0839313 0.129112
0.0838784 0.129703
0.0838266 0.130297
0.083776 0.130894
0.0837264 0.131494
0.0836779 0.132096
0.0836305 0.132702
0.0835842 0.133311
0.083539 0.133923
0.0834949 0.134538
0.0834519 0.135156
0.0834099 0.135778
0.0833691 0.136402
0.0833293 0.13703
0.0832906 0.137661
0.083253 0.138295
0.0832164 0.138932
0.083181 0.139573
0.0831466 0.140217
0.0831133 0.140865
0.0830811 0.141516
0.0830499 0.14217
0.0830199 0.142828
0.0829909 0.143489
0.082963 0.144154
0.0829362 0.144823
0.0829104 0.145495
0.0828857 0.146171
0.0828621 0.14685
0.0828396 0.147533
0.0828182 0.14822
0.0827978 0.148911
0.0827785 0.149605
0.0827603 0.150303
0.0827432 0.151005
0.0827272 0.151711
0.0827122 0.152421
0.0826983 0.153135
0.0826855 0.153853
0.0826738 0.154576
0.0826632 0.155302
0.0826536 0.156032
0.0826452 0.156767
0.0826378 0.157505
0.0826316 0.158248
0.0826264 0.158996
0.0826223 0.159748
0.0826193 0.160504
0.0826174 0.161264
0.0826166 0.162029
0.0826169 0.162799
0.0826183 0.163573
0.0826209 0.164352
0.0826245 0.165135
0.0826292 0.165924
0.0826351 0.166716
0.0826421 0.167514
0.0826501 0.168317
0.0826594 0.169124
0.0826697 0.169937
0.0826812 0.170754
0.0826937 0.171577
0.0827075 0.172405
0.0827223 0.173238
0.0827383 0.174076
0.0827555 0.174919
0.0827738 0.175768
0.0827932 0.176622
0.0828139 0.177481
0.0828356 0.178346
0.0828586 0.179217
0.0828827 0.180093
0.0829079 0.180975
0.0829344 0.181863
0.082962 0.182757
0.0829908 0.183656
0.0830209 0.184561
0.0830521 0.185473
0.0830845 0.18639
0.0831181 0.187313
0.0831529 0.188243
0.083189 0.189179
0.0832263 0.190121
0.0832648 0.19107
0.0833045 0.192025
0.0833455 0.192987
0.0833877 0.193956
0.0834312 0.194931
0.083476 0.195912
0.083522 0.196901
0.0835693 0.197897
0.0836179 0.198899
0.0836678 0.199909
0.0837189 0.200926
0.0837714 0.20195
0.0838252 0.202981
0.0838803 0.20402
0.0839367 0.205067
0.0839945 0.206121
0.0840536 0.207182
0.0841141 0.208251
0.084176 0.209329
0.0842392 0.210414
0.0843038 0.211507
0.0843697 0.212608
0.0844371 0.213718
0.0845059 0.214836
0.0845761 0.215962
0.0846478 0.217097
0.0847209 0.21824
0.0847954 0.219392
0.0848714 0.220553
0.0849489 0.221723
0.0850279 0.222901
0.0851083 0.224089
0.0851903 0.225287
0.0852738 0.226493
0.0853588 0.227709
0.0854453 0.228935
0.0855335 0.23017
0.0856232 0.231415
0.0857144 0.23267
0.0858073 0.233936
0.0859018 0.235211
0.0859979 0.236496
0.0860957 0.237792
0.0861951 0.239099
0.0862961 0.240416
0.0863989 0.241744
0.0865034 0.243083
0.0866095 0.244433
0.0867175 0.245795
0.0868271 0.247167
0.0869385 0.248551
0.0870517 0.249947
0.0871667 0.251355
0.0872836 0.252774
0.0874022 0.254206
0.0875227 0.255649
0.0876451 0.257106
0.0877694 0.258574
0.0878956 0.260055
0.0880237 0.26155
0.0881538 0.263057
0.0882859 0.264577
0.0884199 0.266111
0.088556 0.267658
0.088694 0.269218
0.0888342 0.270793
0.0889764 0.272382
0.0891208 0.273984
0.0892673 0.275601
0.0894159 0.277233
0.0895667 0.278879
0.0897197 0.28054
0.0898749 0.282217
0.0900324 0.283908
0.0901922 0.285615
0.0903543 0.287338
0.0905187 0.289076
0.0906855 0.290831
0.0908547 0.292601
0.0910263 0.294388
0.0912003 0.296192
0.0913768 0.298013
0.0915559 0.29985
0.0917375 0.301705
0.0919216 0.303577
0.0921084 0.305467
0.0922978 0.307375
0.0924899 0.309301
0.0926847 0.311246
0.0928823 0.313208
0.0930826 0.31519
0.0932858 0.31719
0.0934918 0.31921
0.0937007 0.321249
0.0939125 0.323308
0.0941273 0.325387
0.0943451 0.327486
0.094566 0.329605
0.09479 0.331745
0.0950171 0.333906
0.0952474 0.336088
0.0954809 0.338291
0.0957177 0.340516
0.0959578 0.342762
0.0962013 0.345031
0.0964482 0.347321
0.0966985 0.349635
0.0969524 0.351971
0.0972098 0.35433
0.0974708 0.356712
0.0977355 0.359118
0.0980039 0.361548
0.0982761 0.364001
0.0985521 0.366479
0.0988319 0.368981
0.0991158 0.371508
0.0994036 0.37406
0.0996955 0.376638
0.0999915 0.37924
0.100292 0.381868
0.100596 0.384522
0.100905 0.387203
0.101218 0.389909
0.101535 0.392642
0.101858 0.395402
0.102184 0.398189
0.102515 0.401003
0.102851 0.403845
0.103192 0.406714
0.103538 0.409611
0.103888 0.412536
0.104244 0.415489
0.104605 0.41847
0.104971 0.42148
0.105342 0.424519
0.105718 0.427587
0.1061 0.430683
0.106487 0.433809
0.10688 0.436964
0.107279 0.440148
0.107683 0.443362
0.108093 0.446605
0.10851 0.449878
0.108932 0.45318
0.10936 0.456512
0.109795 0.459874
0.110236 0.463266
0.110683 0.466688
0.111137 0.47014
0.111597 0.473621
0.112064 0.477132
0.112538 0.480672
0.113019 0.484243
0.113507 0.487842
0.114003 0.491471
0.114505 0.49513
0.115015 0.498817
0.115532 0.502533
0.116057 0.506278
0.11659 0.510052
0.11713 0.513853
0.117678 0.517682
0.118235 0.521539
0.1188 0.525423
0.119373 0.529334
0.119954 0.533271
0.120544 0.537235
0.121143 0.541223
0.12175 0.545237
0.122367 0.549276
0.122992 0.553338
0.123627 0.557424
0.124271 0.561533
0.124925 0.565663
0.125588 0.569816
0.126261 0.573989
0.126944 0.578181
0.127636 0.582394
0.128339 0.586624
0.129053 0.590872
0.129776 0.595137
0.130511 0.599418
0.131256 0.603713
0.132012 0.608022
0.132778 0.612344
0.133556 0.616678
0.134345 0.621023
0.135146 0.625377
0.135958 0.62974
0.136782 0.63411
0.137618 0.638486
0.138465 0.642867
0.139325 0.647252
0.140197 0.651639
0.141081 0.656028
0.141978 0.660416
0.142887 0.664803
0.143809 0.669188
0.144744 0.673568
0.145692 0.677943
0.146654 0.682311
0.147628 0.68667
0.148616 0.69102
0.149618 0.69536
0.150633 0.699686
0.151662 0.703999
0.152705 0.708297
0.153762 0.712579
0.154833 0.716842
0.155918 0.721087
0.157018 0.72531
0.158132 0.729512
0.159261 0.73369
0.160405 0.737844
0.161563 0.741972
0.162736 0.746073
0.163925 0.750145
0.165128 0.754188
0.166347 0.7582
0.167581 0.762181
0.168831 0.766128
0.170095 0.770041
0.171376 0.773919
0.172672 0.777761
0.173984 0.781565
0.175312 0.785332
0.176655 0.78906
0.178015 0.792747
0.17939 0.796395
0.180782 0.800001
0.18219 0.803565
0.183614 0.807086
0.185054 0.810564
0.186511 0.813998
0.187984 0.817388
0.189473 0.820732
0.190979 0.824032
0.192502 0.827286
0.194041 0.830493
0.195596 0.833655
0.197169 0.83677
0.198758 0.839838
0.200363 0.842859
0.201986 0.845833
0.203625 0.84876
0.205281 0.85164
0.206954 0.854473
0.208643 0.857259
0.21035 0.859998
0.212073 0.862689
0.213813 0.865335
0.215571 0.867933
0.217345 0.870486
0.219136 0.872992
0.220944 0.875453
0.222769 0.877868
0.224611 0.880238
0.22647 0.882563
0.228346 0.884844
0.230238 0.887081
0.232148 0.889274
0.234075 0.891425
0.236019 0.893533
0.237979 0.895598
0.239957 0.897622
0.241951 0.899605
0.243963 0.901548
0.245991 0.90345
0.248037 0.905313
0.250099 0.907138
0.252178 0.908923
0.254274 0.910672
0.256387 0.912382
0.258516 0.914057
0.260663 0.915695
0.262826 0.917298
0.265006 0.918866
0.267203 0.9204
0.269416 0.9219
0.271647 0.923368
0.273894 0.924803
0.276157 0.926206
0.278437 0.927578
0.280734 0.928919
0.283048 0.93023
0.285377 0.931512
0.287724 0.932765
0.290087 0.93399
0.292466 0.935187
0.294862 0.936356
0.297274 0.937499
0.299702 0.938617
0.302147 0.939708
0.304608 0.940775
0.307085 0.941817
0.309578 0.942835
0.312087 0.94383
0.314612 0.944802
0.317154 0.945751
0.319711 0.946679
0.322284 0.947585
0.324873 0.94847
0.327477 0.949335
0.330098 0.95018
0.332733 0.951005
0.335385 0.951811
0.338052 0.952599
0.340734 0.953368
0.343432 0.954119
0.346145 0.954853
0.348873 0.955569
0.351616 0.956269
0.354374 0.956953
0.357147 0.957621
0.359935 0.958274
0.362737 0.958911
0.365555 0.959533
0.368386 0.960141
0.371232 0.960735
0.374093 0.961315
0.376967 0.961882
0.379856 0.962435
0.382759 0.962976
0.385675 0.963504
0.388605 0.96402
0.391549 0.964524
0.394506 0.965016
0.397476 0.965497
0.40046 0.965966
0.403456 0.966425
0.406466 0.966873
0.409488 0.96731
0.412522 0.967738
0.415569 0.968156
0.418628 0.968563
0.4217 0.968962
0.424783 0.969351
0.427877 0.969731
0.430983 0.970103
0.434101 0.970466
0.437229 0.97082
0.440369 0.971166
0.443519 0.971504
0.446679 0.971834
0.44985 0.972157
0.45303 0.972472
0.456221 0.97278
0.459421 0.973081
0.46263 0.973374
0.465849 0.973661
0.469076 0.973941
0.472312 0.974215
0.475556 0.974482
0.478808 0.974743
0.482068 0.974997
0.485335 0.975246
0.48861 0.975489
0.491891 0.975726
0.49518 0.975958
0.498474 0.976184
0.501775 0.976405
0.505081 0.976621
0.508393 0.976831
0.51171 0.977037
0.515032 0.977237
0.518358 0.977433
0.521688 0.977624
0.525023 0.97781
0.52836 0.977992
0.531701 0.97817
0.535045 0.978343
0.538391 0.978512
0.54174 0.978676
0.54509 0.978837
0.548441 0.978994
0.551794 0.979146
0.555147 0.979295
0.558501 0.979441
0.561854 0.979582
0.565207 0.97972
0.568559 0.979854
0.57191 0.979985
0.57526 0.980113
0.578607 0.980237
0.581953 0.980358
0.585295 0.980476
0.588634 0.98059
0.59197 0.980702
0.595302 0.98081
0.59863 0.980916
0.601953 0.981018
0.605271 0.981118
0.608583 0.981215
0.61189 0.981309
0.61519 0.981401
0.618484 0.981489
0.62177 0.981575
0.62505 0.981659
0.628321 0.98174
0.631584 0.981819
0.634839 0.981895
0.638085 0.981968
0.641321 0.98204
0.644547 0.982109
0.647764 0.982176
0.65097 0.98224
0.654165 0.982303
0.657349 0.982363
0.660521 0.982421
0.663682 0.982477
0.66683 0.982531
0.669965 0.982582
0.673088 0.982632
0.676197 0.98268
0.679292 0.982726
0.682374 0.98277
0.685441 0.982813
0.688493 0.982853
0.69153 0.982891
0.694553 0.982928
0.697559 0.982963
0.70055 0.982996
0.703524 0.983028
0.706482 0.983058
0.709424 0.983086
0.712348 0.983113
0.715255 0.983138
0.718145 0.983161
0.721016 0.983183
0.72387 0.983203
0.726705 0.983222
0.729522 0.983239
0.732321 0.983255
0.7351 0.983269
0.73786 0.983282
0.740601 0.983293
0.743322 0.983304
0.746024 0.983312
0.748706 0.98332
0.751368 0.983325
0.754009 0.98333
0.756631 0.983333
0.759232 0.983336
0.761812 0.983336
0.764371 0.983336
0.76691 0.983334
0.769428 0.983331
0.771924 0.983327
0.7744 0.983322
0.776854 0.983315
0.779287 0.983308
0.781699 0.983299
0.784089 0.983289
0.786458 0.983278
0.788805 0.983265
0.791131 0.983252
0.793435 0.983238
0.795717 0.983222
0.797978 0.983206
0.800217 0.983188
0.802435 0.98317
0.804631 0.98315
0.806805 0.98313
0.808958 0.983108
0.811089 0.983086
0.813198 0.983062
0.815286 0.983038
0.817352 0.983012
0.819397 0.982986
0.821421 0.982959
0.823423 0.98293
0.825404 0.982901
0.827364 0.982871
0.829303 0.982841
0.83122 0.982809
0.833117 0.982776
0.834993 0.982743
0.836848 0.982709
0.838682 0.982674
0.840496 0.982638
0.842289 0.982601
0.844062 0.982563
0.845815 0.982525
0.847548 0.982486
0.84926 0.982446
0.850953 0.982405
0.852626 0.982364
0.854279 0.982322
0.855913 0.982279
0.857528 0.982235
0.859123 0.982191
0.8607 0.982146
0.862257 0.9821
0.863796 0.982053
0.865316 0.982006
0.866817 0.981958
0.868301 0.98191
0.869766 0.981861
0.871213 0.981811
0.872642 0.98176
0.874053 0.981709
0.875447 0.981657
0.876824 0.981605
0.878183 0.981552
0.879526 0.981498
0.880851 0.981444
0.88216 0.981389
0.883452 0.981333
0.884728 0.981277
0.885988 0.98122
0.887231 0.981163
0.888459 0.981105
0.889671 0.981047
0.890868 0.980988
0.892049 0.980928
0.893214 0.980868
0.894365 0.980807
0.895501 0.980746
0.896622 0.980684
0.897729 0.980622
0.898821 0.980559
0.899899 0.980496
0.900963 0.980432
0.902013 0.980368
0.903049 0.980303
0.904072 0.980238
0.905081 0.980172
0.906077 0.980106
0.90706 0.980039
0.90803 0.979972
0.908988 0.979904
0.909932 0.979836
0.910865 0.979768
0.911785 0.979699
0.912692 0.979629
0.913588 0.979559
0.914472 0.979489
0.915344 0.979418
0.916205 0.979347
0.917054 0.979275
0.917892 0.979203
0.918719 0.979131
0.919535 0.979058
0.92034 0.978985
0.921135 0.978911
0.921919 0.978837
0.922692 0.978763
0.923456 0.978688
0.924209 0.978613
0.924952 0.978537
0.925685 0.978461
0.926409 0.978385
0.927123 0.978309
0.927828 0.978232
0.928523 0.978154
0.929209 0.978077
0.929886 0.977999
0.930554 0.97792
0.931213 0.977842
0.931864 0.977762
0.932505 0.977683
0.933139 0.977603
0.933764 0.977523
0.934381 0.977443
0.934989 0.977363
0.93559 0.977282
0.936183 0.9772
0.936768 0.977119
0.937345 0.977037
0.937915 0.976955
0.938477 0.976872
0.939032 0.97679
0.93958 0.976707
0.94012 0.976624
0.940654 0.97654
0.94118 0.976456
0.9417 0.976372
0.942212 0.976288
0.942719 0.976203
0.943218 0.976118
0.943711 0.976033
0.944198 0.975948
0.944678 0.975862
0.945153 0.975777
0.945621 0.97569
0.946083 0.975604
0.946539 0.975518
0.946989 0.975431
0.947433 0.975344
0.947872 0.975257
0.948305 0.975169
0.948733 0.975081
0.949155 0.974994
0.949572 0.974905
0.949983 0.974817
0.950389 0.974729
0.95079 0.97464
0.951186 0.974551
0.951577 0.974462
0.951963 0.974373
0.952344 0.974283
0.952721 0.974193
0.953092 0.974104
0.953459 0.974013
0.953822 0.973923
0.954179 0.973833
0.954533 0.973742
0.954882 0.973651
0.955226 0.973561
0.955566 0.973469
0.955902 0.973378
0.956234 0.973287
0.956562 0.973195
0.956886 0.973103
0.957205 0.973011
0.957521 0.972919
0.957833 0.972827
0.958141 0.972735
0.958446 0.972642
0.958746 0.97255
0.959043 0.972457
0.959336 0.972364
0.959626 0.972271
0.959912 0.972178
0.960195 0.972085
0.960474 0.971991
0.96075 0.971898
0.961023 0.971804
0.961292 0.97171
0.961558 0.971616
0.961821 0.971522
0.962081 0.971428
0.962338 0.971334
0.962592 0.971239
0.962842 0.971145
0.96309 0.97105
0.963335 0.970956
0.963576 0.970861
0.963815 0.970766
0.964051 0.970671
0.964285 0.970576
0.964515 0.970481
0.964743 0.970385
0.964969 0.97029
0.965191 0.970195
0.965411 0.970099
0.965629 0.970003
0.965844 0.969908
0.966056 0.969812
0.966266 0.969716
0.966474 0.96962
0.966679 0.969524
0.966882 0.969428
0.967083 0.969332
0.967281 0.969236
0.967477 0.969139
0.967671 0.969043
0.967862 0.968947
0.968052 0.96885
0.968239 0.968754
0.968424 0.968657
0.968607 0.96856
0.968788 0.968464
0.968967 0.968367
0.969144 0.96827
0.969319 0.968173
0.969492 0.968076
0.969663 0.96798
0.969832 0.967883
0.97 0.967785
0.970165 0.967688
0.970329 0.967591
0.97049 0.967494
0.97065 0.967397
0.970809 0.9673
0.970965 0.967202
0.97112 0.967105
0.971273 0.967008
0.971425 0.96691
0.971574 0.966813
0.971723 0.966716
0.971869 0.966618
0.972014 0.966521
0.972158 0.966423
0.972299 0.966326
0.97244 0.966228
0.972579 0.966131
0.972716 0.966033
0.972852 0.965936
0.972986 0.965838
0.973119 0.96574
0.973251 0.965643
0.973381 0.965545
0.97351 0.965447
0.973637 0.96535
0.973764 0.965252
0.973888 0.965154
0.974012 0.965057
0.974134 0.964959
0.974255 0.964861
0.974374 0.964764
0.974493 0.964666
0.97461 0.964568
0.974726 0.964471
0.974841 0.964373
0.974954 0.964275
0.975067 0.964178
0.975178 0.96408
0.975288 0.963983
0.975397 0.963885
0.975505 0.963787
0.975611 0.96369
0.975717 0.963592
0.975821 0.963494
0.975925 0.963397
0.976027 0.963299
0.976129 0.963202
0.976229 0.963104
0.976328 0.963007
0.976427 0.962909
0.976524 0.962812
0.976621 0.962714
0.976716 0.962617
0.97681 0.96252
0.976904 0.962422
0.976997 0.962325
0.977088 0.962228
0.977179 0.96213
0.977269 0.962033
0.977358 0.961936
0.977446 0.961839
0.977533 0.961741
0.977619 0.961644
0.977705 0.961547
0.977789 0.96145
0.977873 0.961353
0.977956 0.961256
0.978038 0.961159
0.97812 0.961062
0.9782 0.960965
0.97828 0.960868
0.978359 0.960771
0.978438 0.960675
0.978515 0.960578
0.978592 0.960481
0.978668 0.960385
0.978743 0.960288
0.978818 0.960191
0.978892 0.960095
0.978965 0.959998
0.979037 0.959902
0.979109 0.959806
0.97918 0.959709
0.97925 0.959613
0.97932 0.959517
0.979389 0.95942
0.979457 0.959324
0.979525 0.959228
0.979592 0.959132
0.979659 0.959036
0.979725 0.95894
0.97979 0.958844
0.979855 0.958748
0.979919 0.958653
0.979982 0.958557
0.980045 0.958461
0.980107 0.958366
0.980169 0.95827
0.98023 0.958174
0.98029 0.958079
0.98035 0.957984
0.98041 0.957888
0.980468 0.957793
0.980527 0.957698
0.980584 0.957603
0.980642 0.957507
0.980698 0.957412
0.980755 0.957317
0.98081 0.957223
0.980865 0.957128
0.98092 0.957033
0.980974 0.956938
0.981028 0.956844
0.981081 0.956749
0.981134 0.956654
0.981186 0.95656
0.981238 0.956466
0.981289 0.956371
0.98134 0.956277
0.98139 0.956183
0.98144 0.956089
0.981489 0.955995
0.981538 0.955901
0.981587 0.955807
0.981635 0.955713
0.981683 0.955619
0.98173 0.955525
0.981777 0.955432
0.981823 0.955338
0.981869 0.955245
0.981915 0.955151
0.98196 0.955058
0.982005 0.954965
0.982049 0.954871
0.982093 0.954778
0.982136 0.954685
0.98218 0.954592
0.982222 0.954499
0.982265 0.954406
0.982307 0.954314
0.982349 0.954221
0.98239 0.954128
0.982431 0.954036
0.982472 0.953943
0.982512 0.953851
0.982552 0.953759
0.982591 0.953667
0.98263 0.953574
0.982669 0.953482
0.982708 0.95339
0.982746 0.953298
0.982784 0.953207
0.982821 0.953115
0.982858 0.953023
0.982895 0.952932
0.982932 0.95284
0.982968 0.952749
0.983004 0.952657
0.98304 0.952566
0.983075 0.952475
0.98311 0.952384
0.983144 0.952293
0.983179 0.952202
0.983213 0.952111
0.983247 0.95202
0.98328 0.95193
0.983313 0.951839
0.983346 0.951748
0.983379 0.951658
0.983411 0.951568
0.983443 0.951477
0.983475 0.951387
0.983507 0.951297
0.983538 0.951207
0.983569 0.951117
0.9836 0.951027
0.98363 0.950937
0.98366 0.950848
0.98369 0.950758
0.98372 0.950669
0.983749 0.950579
0.983779 0.95049
0.983808 0.950401
0.983836 0.950312
0.983865 0.950222
0.983893 0.950133
0.983921 0.950045
0.983949 0.949956
0.983976 0.949867
0.984003 0.949778
0.98403 0.94969
0.984057 0.949601
0.984084 0.949513
0.98411 0.949425
0.984136 0.949336
0.984162 0.949248
0.984188 0.94916
0.984213 0.949072
0.984239 0.948985
0.984264 0.948897
0.984288 0.948809
0.984313 0.948722
0.984337 0.948634
0.984362 0.948547
0.984386 0.948459
0.984409 0.948372
0.984433 0.948285
0.984456 0.948198
0.98448 0.948111
0.984503 0.948024
0.984525 0.947937
0.984548 0.947851
0.98457 0.947764
0.984593 0.947678
0.984615 0.947591
0.984637 0.947505
0.984658 0.947419
0.98468 0.947332
0.984701 0.947246
0.984722 0.94716
0.984743 0.947075
0.984764 0.946989
0.984785 0.946903
0.984805 0.946817
0.984825 0.946732
0.984846 0.946647
0.984866 0.946561
0.984885 0.946476
0.984905 0.946391
0.984924 0.946306
0.984944 0.946221
0.984963 0.946136
0.984982 0.946051
0.985001 0.945966
0.985019 0.945882
0.985038 0.945797
0.985056 0.945713
0.985074 0.945629
0.985092 0.945544
0.98511 0.94546
0.985128 0.945376
0.985145 0.945292
0.985163 0.945208
0.98518 0.945125
0.985197 0.945041
0.985214 0.944957
0.985231 0.944874
0.985248 0.94479
0.985264 0.944707
0.985281 0.944624
0.985297 0.944541
0.985313 0.944458
0.985329 0.944375
0.985345 0.944292
0.985361 0.944209
0.985377 0.944126
0.985392 0.944044
0.985408 0.943961
0.985423 0.943879
0.985438 0.943797
0.985453 0.943714
0.985468 0.943632
0.985482 0.94355
0.985497 0.943468
0.985512 0.943386
0.985526 0.943305
0.98554 0.943223
0.985554 0.943141
0.985568 0.94306
0.985582 0.942978
0.985596 0.942897
0.98561 0.942816
0.985623 0.942735
0.985637 0.942654
0.98565 0.942573
0.985663 0.942492
0.985676 0.942411
0.985689 0.942331
0.985702 0.94225
0.985715 0.94217
0.985727 0.942089
0.98574 0.942009
0.985752 0.941929
0.985765 0.941848
0.985777 0.941768
0.985789 0.941689
0.985801 0.941609
0.985813 0.941529
0.985825 0.941449
0.985837 0.94137
0.985848 0.94129
0.98586 0.941211
0.985871 0.941131
0.985883 0.941052
0.985894 0.940973
0.985905 0.940894
0.985916 0.940815
0.985927 0.940736
0.985938 0.940657
0.985949 0.940579
0.985959 0.9405
0.98597 0.940422
0.98598 0.940343
0.985991 0.940265
0.986001 0.940187
0.986011 0.940109
0.986021 0.940031
0.986031 0.939953
0.986041 0.939875
0.986051 0.939797
0.986061 0.939719
0.986071 0.939642
0.98608 0.939564
0.98609 0.939487
0.986099 0.939409
0.986109 0.939332
0.986118 0.939255
0.986127 0.939178
0.986136 0.939101
0.986145 0.939024
0.986154 0.938947
0.986163 0.938871
0.986172 0.938794
0.986181 0.938717
0.986189 0.938641
0.986198 0.938565
0.986206 0.938488
0.986215 0.938412
0.986223 0.938336
0.986231 0.93826
0.98624 0.938184
0.986248 0.938108
0.986256 0.938032
0.986264 0.937957
0.986272 0.937881
0.98628 0.937806
0.986287 0.93773
0.986295 0.937655
0.986303 0.93758
0.98631 0.937505
0.986318 0.93743
0.986325 0.937355
0.986333 0.93728
0.98634 0.937205
0.986347 0.93713
0.986354 0.937056
0.986361 0.936981
0.986368 0.936907
0.986375 0.936832
0.986382 0.936758
0.986389 0.936684
0.986396 0.93661
0.986403 0.936536
0.986409 0.936462
0.986416 0.936388
0.986422 0.936314
0.986429 0.93624
0.986435 0.936167
0.986442 0.936093
0.986448 0.93602
0.986454 0.935946
0.98646 0.935873
0.986466 0.9358
0.986473 0.935727
0.986479 0.935654
0.986485 0.935581
0.98649 0.935508
0.986496 0.935435
0.986502 0.935363
0.986508 0.93529
0.986513 0.935218
0.986519 0.935145
0.986525 0.935073
0.98653 0.935001
0.986536 0.934928
0.986541 0.934856
0.986546 0.934784
0.986552 0.934712
0.986557 0.934641
0.986562 0.934569
0.986567 0.934497
0.986572 0.934426
0.986577 0.934354
0.986582 0.934283
0.986587 0.934211
0.986592 0.93414
0.986597 0.934069
0.986602 0.933998
0.986607 0.933927
0.986611 0.933856
0.986616 0.933785
0.986621 0.933714
0.986625 0.933643
0.98663 0.933573
0.986634 0.933502
0.986639 0.933432
0.986643 0.933361
0.986647 0.933291
0.986652 0.933221
0.986656 0.933151
0.98666 0.933081
0.986664 0.933011
0.986668 0.932941
0.986672 0.932871
0.986676 0.932801
0.98668 0.932732
0.986684 0.932662
0.986688 0.932593
0.986692 0.932523
0.986696 0.932454
0.9867 0.932384
0.986704 0.932315
0.986707 0.932246
0.986711 0.932177
0.986715 0.932108
0.986718 0.932039
0.986722 0.931971
0.986725 0.931902
0.986729 0.931833
0.986732 0.931765
0.986735 0.931696
0.986739 0.931628
0.986742 0.931559
0.986745 0.931491
0.986749 0.931423
0.986752 0.931355
0.986755 0.931287
0.986758 0.931219
0.986761 0.931151
0.986764 0.931083
0.986767 0.931016
0.98677 0.930948
0.986773 0.93088
0.986776 0.930813
0.986779 0.930745
0.986782 0.930678
0.986785 0.930611
0.986787 0.930544
0.98679 0.930477
0.986793 0.930409
0.986796 0.930343
0.986798 0.930276
0.986801 0.930209
0.986803 0.930142
0.986806 0.930075
0.986808 0.930009
0.986811 0.929942
0.986813 0.929876
0.986816 0.929809
0.986818 0.929743
0.986821 0.929677
0.986823 0.929611
0.986825 0.929545
0.986827 0.929479
0.98683 0.929413
0.986832 0.929347
0.986834 0.929281
0.986836 0.929215
0.986838 0.92915
0.98684 0.929084
0.986842 0.929019
0.986845 0.928953
0.986847 0.928888
0.986849 0.928823
0.98685 0.928758
0.986852 0.928692
0.986854 0.928627
0.986856 0.928562
0.986858 0.928497
0.98686 0.928433
0.986862 0.928368
0.986863 0.928303
0.986865 0.928238
0.986867 0.928174
0.986868 0.928109
0.98687 0.928045
0.986872 0.927981
0.986873 0.927916
0.986875 0.927852
0.986876 0.927788
0.986878 0.927724
0.986879 0.92766
0.986881 0.927596
0.986882 0.927532
0.986884 0.927468
0.986885 0.927405
0.986887 0.927341
0.986888 0.927277
0.986889 0.927214
0.986891 0.92715
0.986892 0.927087
0.986893 0.927024
0.986894 0.92696
0.986896 0.926897
0.986897 0.926834
0.986898 0.926771
0.986899 0.926708
0.9869 0.926645
0.986901 0.926582
0.986902 0.92652
0.986903 0.926457
0.986904 0.926394
0.986905 0.926332
0.986906 0.926269
0.986907 0.926207
0.986908 0.926144
0.986909 0.926082
0.98691 0.92602
0.986911 0.925958
0.986912 0.925895
0.986913 0.925833
0.986914 0.925771
0.986914 0.92571
0.986915 0.925648
0.986916 0.925586
0.986917 0.925524
0.986917 0.925462
0.986918 0.925401
0.986919 0.925339
0.98692 0.925278
0.98692 0.925217
0.986921 0.925155
0.986921 0.925094
0.986922 0.925033
0.986923 0.924972
0.986923 0.924911
0.986924 0.924849
0.986924 0.924789
0.986925 0.924728
0.986925 0.924667
0.986926 0.924606
0.986926 0.924545
0.986927 0.924485
0.986927 0.924424
0.986927 0.924364
0.986928 0.924303
0.986928 0.924243
0.986928 0.924183
0.986929 0.924122
0.986929 0.924062
0.986929 0.924002
0.98693 0.923942
0.98693 0.923882
0.98693 0.923822
0.98693 0.923762
0.986931 0.923702
0.986931 0.923642
0.986931 0.923583
0.986931 0.923523
0.986931 0.923463
0.986931 0.923404
0.986932 0.923344
0.986932 0.923285
0.986932 0.923226
0.986932 0.923166
0.986932 0.923107
0.986932 0.923048
0.986932 0.922989
0.986932 0.92293
0.986932 0.922871
0.986932 0.922812
0.986932 0.922753
0.986932 0.922694
0.986932 0.922636
0.986932 0.922577
0.986932 0.922518
0.986932 0.92246
0.986931 0.922401
0.986931 0.922343
0.986931 0.922284
0.986931 0.922226
0.986931 0.922168
0.986931 0.922109
0.986931 0.922051
0.98693 0.921993
0.98693 0.921935
0.98693 0.921877
0.98693 0.921819
0.986929 0.921761
0.986929 0.921703
0.986929 0.921646
0.986929 0.921588
0.986928 0.92153
0.986928 0.921473
0.986928 0.921415
0.986927 0.921358
0.986927 0.9213
0.986927 0.921243
0.986926 0.921186
0.986926 0.921128
0.986925 0.921071
0.986925 0.921014
0.986924 0.920957
0.986924 0.9209
0.986924 0.920843
0.986923 0.920786
0.986923 0.920729
0.986922 0.920672
0.986922 0.920615
0.986921 0.920559
0.986921 0.920502
0.98692 0.920445
0.98692 0.920389
0.986919 0.920332
0.986919 0.920276
0.986918 0.92022
0.986917 0.920163
0.986917 0.920107
0.986916 0.920051
0.986916 0.919995
0.986915 0.919938
0.986914 0.919882
0.986914 0.919826
0.986913 0.91977
0.986912 0.919715
0.986912 0.919659
0.986911 0.919603
0.98691 0.919547
0.98691 0.919491
0.986909 0.919436
0.986908 0.91938
0.986907 0.919325
0.986907 0.919269
0.986906 0.919214
0.986905 0.919158
0.986904 0.919103
0.986904 0.919048
0.986903 0.918992
0.986902 0.918937
0.986901 0.918882
0.986901 0.918827
0.9869 0.918772
0.986899 0.918717
0.986898 0.918662
0.986897 0.918607
0.986896 0.918552
0.986896 0.918498
0.986895 0.918443
0.986894 0.918388
0.986893 0.918334
0.986892 0.918279
0.986891 0.918224
0.98689 0.91817
0.986889 0.918115
0.986888 0.918061
0.986887 0.918007
0.986886 0.917952
0.986886 0.917898
0.986885 0.917844
0.986884 0.91779
0.986883 0.917736
0.986882 0.917682
0.986881 0.917628
0.98688 0.917574
0.986879 0.91752
0.986878 0.917466
0.986877 0.917412
0.986876 0.917358
0.986875 0.917305
0.986874 0.917251
0.986872 0.917197
0.986871 0.917144
0.98687 0.91709
0.986869 0.917037
0.986868 0.916983
0.986867 0.91693
0.986866 0.916877
0.986865 0.916823
0.986864 0.91677
0.986863 0.916717
0.986862 0.916664
0.986861 0.916611
0.986859 0.916558
0.986858 0.916505
0.986857 0.916452
0.986856 0.916399
0.986855 0.916346
0.986854 0.916293
0.986853 0.91624
0.986851 0.916188
0.98685 0.916135
0.986849 0.916082
0.986848 0.91603
0.986847 0.915977
0.986845 0.915925
0.986844 0.915872
0.986843 0.91582
0.986842 0.915767
0.986841 0.915715
0.986839 0.915663
0.986838 0.91561
0.986837 0.915558
0.986836 0.915506
0.986834 0.915454
0.986833 0.915402
0.986832 0.91535
0.986831 0.915298
0.986829 0.915246
0.986828 0.915194
0.986827 0.915142
0.986825 0.91509
0.986824 0.915038
0.986823 0.914987
0.986822 0.914935
0.98682 0.914883
0.986819 0.914832
0.986818 0.91478
0.986816 0.914729
0.986815 0.914677
0.986814 0.914626
0.986812 0.914574
0.986811 0.914523
0.98681 0.914472
0.986808 0.91442
0.986807 0.914369
0.986805 0.914318
0.986804 0.914267
0.986803 0.914216
0.986801 0.914165
0.9868 0.914114
0.986799 0.914063
0.986797 0.914012
0.986796 0.913961
0.986794 0.91391
0.986793 0.913859
0.986792 0.913808
0.98679 0.913758
0.986789 0.913707
0.986787 0.913656
0.986786 0.913606
0.986784 0.913555
0.986783 0.913505
0.986782 0.913454
0.98678 0.913404
0.986779 0.913353
0.986777 0.913303
0.986776 0.913252
0.986774 0.913202
0.986773 0.913152
0.986771 0.913102
0.98677 0.913051
0.986768 0.913001
0.986767 0.912951
0.986766 0.912901
0.986764 0.912851
0.986763 0.912801
0.986761 0.912751
0.98676 0.912701
0.986758 0.912651
0.986757 0.912601
0.986755 0.912552
0.986754 0.912502
0.986752 0.912452
0.98675 0.912402
0.986749 0.912353
0.986747 0.912303
0.986746 0.912253
0.986744 0.912204
0.986743 0.912154
0.986741 0.912105
0.98674 0.912055
0.986738 0.912006
0.986737 0.911957
0.986735 0.911907
0.986734 0.911858
0.986732 0.911809
0.98673 0.91176
0.986729 0.91171
0.986727 0.911661
0.986726 0.911612
0.986724 0.911563
0.986723 0.911514
0.986721 0.911465
0.986719 0.911416
0.986718 0.911367
0.986716 0.911318
0.986715 0.911269
0.986713 0.91122
0.986711 0.911172
0.98671 0.911123
0.986708 0.911074
0.986707 0.911026
0.986705 0.910977
0.986703 0.910928
0.986702 0.91088
0.9867 0.910831
0.986699 0.910783
0.986697 0.910734
0.986695 0.910686
0.986694 0.910637
0.986692 0.910589
0.98669 0.91054
0.986689 0.910492
0.986687 0.910444
0.986686 0.910396
0.986684 0.910347
0.986682 0.910299
0.986681 0.910251
0.986679 0.910203
0.986677 0.910155
0.986676 0.910107
0.986674 0.910059
0.986672 0.910011
0.986671 0.909963
0.986669 0.909915
0.986667 0.909867
0.986666 0.909819
0.986664 0.909771
0.986662 0.909723
0.986661 0.909676
0.986659 0.909628
0.986657 0.90958
0.986656 0.909533
0.986654 0.909485
0.986652 0.909437
0.986651 0.90939
0.986649 0.909342
0.986647 0.909295
0.986645 0.909247
0.986644 0.9092
0.986642 0.909152
0.98664 0.909105
0.986639 0.909058
0.986637 0.90901
0.986635 0.908963
0.986634 0.908916
0.986632 0.908868
0.98663 0.908821
0.986628 0.908774
0.986627 0.908727
0.986625 0.90868
0.986623 0.908633
0.986622 0.908586
0.98662 0.908539
0.986618 0.908492
0.986616 0.908445
0.986615 0.908398
0.986613 0.908351
0.986611 0.908304
0.986609 0.908257
0.986608 0.90821
0.986606 0.908164
0.986604 0.908117
0.986602 0.90807
0.986601 0.908023
0.986599 0.907977
0.986597 0.90793
0.986596 0.907883
0.986594 0.907837
0.986592 0.90779
0.98659 0.907744
0.986589 0.907697
0.986587 0.907651
0.986585 0.907604
0.986583 0.907558
0.986581 0.907511
0.98658 0.907465
0.986578 0.907419
0.986576 0.907372
0.986574 0.907326
0.986573 0.90728
0.986571 0.907234
0.986569 0.907187
0.986567 0.907141
0.986566 0.907095
0.986564 0.907049
0.986562 0.907003
0.98656 0.906957
0.986559 0.906911
0.986557 0.906865
0.986555 0.906819
0.986553 0.906773
0.986551 0.906727
0.98655 0.906681
0.986548 0.906635
0.986546 0.906589
0.986544 0.906543
0.986542 0.906498
0.986541 0.906452
0.986539 0.906406
0.986537 0.90636
0.986535 0.906315
0.986534 0.906269
0.986532 0.906223
0.98653 0.906178
0.986528 0.906132
0.986526 0.906086
0.986525 0.906041
0.986523 0.905995
0.986521 0.90595
0.986519 0.905904
0.986517 0.905859
0.986516 0.905814
0.986514 0.905768
0.986512 0.905723
0.98651 0.905677
0.986508 0.905632
0.986507 0.905587
0.986505 0.905541
0.986503 0.905496
0.986501 0.905451
0.986499 0.905406
0.986497 0.905361
0.986496 0.905315
0.986494 0.90527
0.986492 0.905225
0.98649 0.90518
0.986488 0.905135
0.986487 0.90509
0.986485 0.905045
0.986483 0.905
0.986481 0.904955
0.986479 0.90491
0.986477 0.904865
0.986476 0.90482
0.986474 0.904775
0.986472 0.90473
0.98647 0.904686
0.986468 0.904641
0.986466 0.904596
0.986465 0.904551
0.986463 0.904506
0.986461 0.904462
0.986459 0.904417
0.986457 0.904372
0.986456 0.904328
0.986454 0.904283
0.986452 0.904238
0.98645 0.904194
0.986448 0.904149
0.986446 0.904105
0.986445 0.90406
0.986443 0.904016
0.986441 0.903971
0.986439 0.903927
0.986437 0.903882
0.986435 0.903838
0.986433 0.903793
0.986432 0.903749
0.98643 0.903705
0.986428 0.90366
0.986426 0.903616
0.986424 0.903572
0.986422 0.903527
0.986421 0.903483
0.986419 0.903439
0.986417 0.903395
0.986415 0.90335
0.986413 0.903306
0.986411 0.903262
0.98641 0.903218
0.986408 0.903174
0.986406 0.90313
0.986404 0.903086
0.986402 0.903042
0.9864 0.902998
0.986398 0.902953
0.986397 0.902909
0.986395 0.902865
0.986393 0.902822
0.986391 0.902778
0.986389 0.902734
0.986387 0.90269
0.986385 0.902646
0.986384 0.902602
0.986382 0.902558
0.98638 0.902514
0.986378 0.90247
0.986376 0.902427
0.986374 0.902383
0.986372 0.902339
0.986371 0.902295
0.986369 0.902252
0.986367 0.902208
0.986365 0.902164
0.986363 0.902121
0.986361 0.902077
0.986359 0.902033
0.986358 0.90199
0.986356 0.901946
0.986354 0.901903
0.986352 0.901859
0.98635 0.901815
0.986348 0.901772
0.986346 0.901728
0.986345 0.901685
0.986343 0.901641
0.986341 0.901598
0.986339 0.901554
0.986337 0.901511
0.986335 0.901468
0.986333 0.901424
0.986332 0.901381
0.98633 0.901338
0.986328 0.901294
0.986326 0.901251
0.986324 0.901208
0.986322 0.901164
0.98632 0.901121
0.986319 0.901078
0.986317 0.901034
0.986315 0.900991
0.986313 0.900948
0.986311 0.900905
0.986309 0.900862
0.986307 0.900818
0.986305 0.900775
0.986304 0.900732
0.986302 0.900689
0.9863 0.900646
0.986298 0.900603
0.986296 0.90056
0.986294 0.900517
0.986292 0.900474
0.98629 0.900431
0.986289 0.900388
0.986287 0.900345
0.986285 0.900302
0.986283 0.900259
0.986281 0.900216
0.986279 0.900173
0.986277 0.90013
0.986276 0.900087
0.986274 0.900044
0.986272 0.900001
0.98627 0.899958
0.986268 0.899915
0.986266 0.899873
0.986264 0.89983
0.986262 0.899787
0.986261 0.899744
0.986259 0.899701
0.986257 0.899659
0.986255 0.899616
0.986253 0.899573
0.986251 0.89953
0.986249 0.899488
0.986247 0.899445
0.986246 0.899402
0.986244 0.899359
0.986242 0.899317
0.98624 0.899274
0.986238 0.899232
0.986236 0.899189
0.986234 0.899146
0.986232 0.899104
0.986231 0.899061
0.986229 0.899019
0.986227 0.898976
0.986225 0.898933
0.986223 0.898891
0.986221 0.898848
0.986219 0.898806
0.986217 0.898763
0.986216 0.898721
0.986214 0.898678
0.986212 0.898636
0.98621 0.898593
0.986208 0.898551
0.986206 0.898509
0.986204 0.898466
0.986202 0.898424
0.986201 0.898381
0.986199 0.898339
0.986197 0.898297
0.986195 0.898254
0.986193 0.898212
0.986191 0.898169
0.986189 0.898127
0.986187 0.898085
0.986186 0.898043
0.986184 0.898
0.986182 0.897958
0.98618 0.897916
0.986178 0.897873
0.986176 0.897831
0.986174 0.897789
0.986172 0.897747
0.986171 0.897704
0.986169 0.897662
0.986167 0.89762
0.986165 0.897578
0.986163 0.897536
0.986161 0.897493
0.986159 0.897451
0.986157 0.897409
0.986156 0.897367
0.986154 0.897325
0.986152 0.897283
0.98615 0.897241
0.986148 0.897198
0.986146 0.897156
0.986144 0.897114
0.986142 0.897072
0.986141 0.89703
0.986139 0.896988
0.986137 0.896946
0.986135 0.896904
0.986133 0.896862
0.986131 0.89682
0.986129 0.896778
0.986127 0.896736
0.986125 0.896694
0.986124 0.896652
0.986122 0.89661
0.98612 0.896568
0.986118 0.896526
0.986116 0.896484
0.986114 0.896442
0.986112 0.8964
0.98611 0.896358
0.986109 0.896316
0.986107 0.896274
0.986105 0.896232
0.986103 0.896191
0.986101 0.896149
0.986099 0.896107
0.986097 0.896065
0.986095 0.896023
0.986094 0.895981
0.986092 0.895939
0.98609 0.895897
0.986088 0.895856
0.986086 0.895814
0.986084 0.895772
0.986082 0.89573
0.98608 0.895688
0.986079 0.895646
0.986077 0.895605
0.986075 0.895563
0.986073 0.895521
0.986071 0.895479
0.986069 0.895438
0.986067 0.895396
0.986065 0.895354
0.986063 0.895312
0.986062 0.895271
0.98606 0.895229
0.986058 0.895187
0.986056 0.895145
0.986054 0.895104
0.986052 0.895062
0.98605 0.89502
0.986048 0.894978
0.986047 0.894937
0.986045 0.894895
0.986043 0.894853
0.986041 0.894812
0.986039 0.89477
0.986037 0.894728
0.986035 0.894687
0.986033 0.894645
0.986032 0.894603
0.98603 0.894562
0.986028 0.89452
0.986026 0.894478
0.986024 0.894437
0.986022 0.894395
0.98602 0.894353
0.986018 0.894312
0.986017 0.89427
0.986015 0.894229
0.986013 0.894187
0.986011 0.894145
0.986009 0.894104
0.986007 0.894062
0.986005 0.894021
0.986003 0.893979
0.986001 0.893937
0.986 0.893896
0.985998 0.893854
0.985996 0.893813
0.985994 0.893771
0.985992 0.893729
0.98599 0.893688
0.985988 0.893646
0.985986 0.893605
0.985985 0.893563
0.985983 0.893522
0.985981 0.89348
0.985979 0.893439
0.985977 0.893397
0.985975 0.893355
0.985973 0.893314
0.985971 0.893272
0.98597 0.893231
0.985968 0.893189
0.985966 0.893148
0.985964 0.893106
0.985962 0.893065
0.98596 0.893023
0.985958 0.892982
0.985956 0.89294
0.985954 0.892899
0.985953 0.892857
0.985951 0.892816
0.985949 0.892774
0.985947 0.892733
0.985945 0.892691
0.985943 0.89265
0.985941 0.892608
0.985939 0.892567
0.985938 0.892525
0.985936 0.892484
0.985934 0.892442
0.985932 0.892401
0.98593 0.892359
0.985928 0.892318
0.985926 0.892276
0.985924 0.892235
0.985923 0.892193
0.985921 0.892152
0.985919 0.89211
0.985917 0.892069
0.985915 0.892027
0.985913 0.891986
0.985911 0.891944
0.985909 0.891903
0.985907 0.891861
0.985906 0.89182
0.985904 0.891778
0.985902 0.891737
0.9859 0.891695
0.985898 0.891654
0.985896 0.891612
0.985894 0.891571
0.985892 0.891529
0.985891 0.891488
0.985889 0.891446
0.985887 0.891405
0.985885 0.891364
0.985883 0.891322
0.985881 0.891281
0.985879 0.891239
0.985877 0.891198
0.985875 0.891156
0.985874 0.891115
0.985872 0.891073
0.98587 0.891032
0.985868 0.89099
0.985866 0.890949
0.985864 0.890907
0.985862 0.890866
0.98586 0.890824
0.985859 0.890783
0.985857 0.890741
0.985855 0.8907
0.985853 0.890658
0.985851 0.890617
0.985849 0.890575
0.985847 0.890534
0.985845 0.890492
0.985843 0.890451
0.985842 0.890409
0.98584 0.890368
0.985838 0.890326
0.985836 0.890285
0.985834 0.890243
0.985832 0.890201
0.98583 0.89016
0.985828 0.890118
0.985827 0.890077
0.985825 0.890035
0.985823 0.889994
0.985821 0.889952
0.985819 0.889911
0.985817 0.889869
0.985815 0.889828
0.985813 0.889786
0.985811 0.889744
0.98581 0.889703
0.985808 0.889661
0.985806 0.88962
0.985804 0.889578
0.985802 0.889537
0.9858 0.889495
0.985798 0.889453
0.985796 0.889412
0.985794 0.88937
0.985793 0.889329
0.985791 0.889287
0.985789 0.889245
0.985787 0.889204
0.985785 0.889162
0.985783 0.889121
0.985781 0.889079
0.985779 0.889037
0.985777 0.888996
0.985776 0.888954
0.985774 0.888912
0.985772 0.888871
0.98577 0.888829
0.985768 0.888788
0.985766 0.888746
0.985764 0.888704
0.985762 0.888663
0.98576 0.888621
0.985759 0.888579
0.985757 0.888537
0.985755 0.888496
0.985753 0.888454
0.985751 0.888412
0.985749 0.888371
0.985747 0.888329
0.985745 0.888287
0.985743 0.888245
0.985742 0.888204
0.98574 0.888162
0.985738 0.88812
0.985736 0.888079
0.985734 0.888037
0.985732 0.887995
0.98573 0.887953
0.985728 0.887911
0.985726 0.88787
0.985725 0.887828
0.985723 0.887786
0.985721 0.887744
0.985719 0.887702
0.985717 0.887661
0.985715 0.887619
0.985713 0.887577
0.985711 0.887535
0.985709 0.887493
0.985707 0.887451
0.985706 0.88741
0.985704 0.887368
0.985702 0.887326
0.9857 0.887284
0.985698 0.887242
0.985696 0.8872
0.985694 0.887158
0.985692 0.887116
0.98569 0.887074
0.985689 0.887032
0.985687 0.886991
0.985685 0.886949
0.985683 0.886907
0.985681 0.886865
0.985679 0.886823
0.985677 0.886781
0.985675 0.886739
0.985673 0.886697
0.985671 0.886655
0.98567 0.886613
0.985668 0.886571
0.985666 0.886529
0.985664 0.886487
0.985662 0.886445
0.98566 0.886402
0.985658 0.88636
0.985656 0.886318
0.985654 0.886276
0.985652 0.886234
0.98565 0.886192
0.985649 0.88615
0.985647 0.886108
0.985645 0.886066
0.985643 0.886023
0.985641 0.885981
0.985639 0.885939
0.985637 0.885897
0.985635 0.885855
0.985633 0.885813
0.985631 0.88577
0.98563 0.885728
0.985628 0.885686
0.985626 0.885644
0.985624 0.885601
0.985622 0.885559
0.98562 0.885517
0.985618 0.885475
0.985616 0.885432
0.985614 0.88539
0.985612 0.885348
0.98561 0.885305
0.985609 0.885263
0.985607 0.885221
0.985605 0.885178
0.985603 0.885136
0.985601 0.885093
0.985599 0.885051
0.985597 0.885009
0.985595 0.884966
0.985593 0.884924
0.985591 0.884881
0.985589 0.884839
0.985587 0.884796
0.985586 0.884754
0.985584 0.884711
0.985582 0.884669
0.98558 0.884626
0.985578 0.884584
0.985576 0.884541
0.985574 0.884499
0.985572 0.884456
0.98557 0.884413
0.985568 0.884371
0.985566 0.884328
0.985564 0.884286
0.985563 0.884243
0.985561 0.8842
0.985559 0.884158
0.985557 0.884115
0.985555 0.884072
0.985553 0.884029
0.985551 0.883987
0.985549 0.883944
0.985547 0.883901
0.985545 0.883858
0.985543 0.883816
0.985541 0.883773
0.985539 0.88373
0.985538 0.883687
0.985536 0.883644
0.985534 0.883602
0.985532 0.883559
0.98553 0.883516
0.985528 0.883473
0.985526 0.88343
0.985524 0.883387
0.985522 0.883344
0.98552 0.883301
0.985518 0.883258
0.985516 0.883215
0.985514 0.883172
0.985512 0.883129
0.985511 0.883086
0.985509 0.883043
0.985507 0.883
0.985505 0.882957
0.985503 0.882914
0.985501 0.882871
0.985499 0.882827
0.985497 0.882784
0.985495 0.882741
0.985493 0.882698
0.985491 0.882655
0.985489 0.882612
0.985487 0.882568
0.985485 0.882525
0.985483 0.882482
0.985481 0.882438
0.98548 0.882395
0.985478 0.882352
0.985476 0.882309
0.985474 0.882265
0.985472 0.882222
0.98547 0.882178
0.985468 0.882135
0.985466 0.882092
0.985464 0.882048
0.985462 0.882005
0.98546 0.881961
0.985458 0.881918
0.985456 0.881874
0.985454 0.881831
0.985452 0.881787
0.98545 0.881743
0.985448 0.8817
0.985446 0.881656
0.985445 0.881613
0.985443 0.881569
0.985441 0.881525
0.985439 0.881482
0.985437 0.881438
0.985435 0.881394
0.985433 0.88135
0.985431 0.881307
0.985429 0.881263
0.985427 0.881219
0.985425 0.881175
0.985423 0.881131
0.985421 0.881088
0.985419 0.881044
0.985417 0.881
0.985415 0.880956
0.985413 0.880912
0.985411 0.880868
0.985409 0.880824
0.985407 0.88078
0.985405 0.880736
0.985403 0.880692
0.985401 0.880648
0.985399 0.880604
0.985397 0.88056
0.985396 0.880515
0.985394 0.880471
0.985392 0.880427
0.98539 0.880383
0.985388 0.880339
0.985386 0.880295
0.985384 0.88025
0.985382 0.880206
0.98538 0.880162
0.985378 0.880117
0.985376 0.880073
0.985374 0.880029
0.985372 0.879984
0.98537 0.87994
0.985368 0.879895
0.985366 0.879851
0.985364 0.879806
0.985362 0.879762
0.98536 0.879717
0.985358 0.879673
0.985356 0.879628
0.985354 0.879584
0.985352 0.879539
0.98535 0.879494
0.985348 0.87945
0.985346 0.879405
0.985344 0.87936
0.985342 0.879316
0.98534 0.879271
0.985338 0.879226
0.985336 0.879181
0.985334 0.879136
0.985332 0.879092
0.98533 0.879047
0.985328 0.879002
0.985326 0.878957
0.985324 0.878912
0.985322 0.878867
0.98532 0.878822
0.985318 0.878777
0.985316 0.878732
0.985314 0.878687
0.985312 0.878642
0.98531 0.878596
0.985308 0.878551
0.985306 0.878506
0.985304 0.878461
0.985302 0.878416
0.9853 0.87837
0.985298 0.878325
0.985296 0.87828
0.985294 0.878234
0.985292 0.878189
0.98529 0.878144
0.985288 0.878098
0.985286 0.878053
0.985284 0.878007
0.985282 0.877962
0.98528 0.877916
0.985278 0.877871
0.985276 0.877825
0.985274 0.877779
0.985272 0.877734
0.98527 0.877688
0.985268 0.877642
0.985266 0.877597
0.985264 0.877551
0.985262 0.877505
0.98526 0.877459
0.985258 0.877414
0.985256 0.877368
0.985254 0.877322
0.985252 0.877276
0.98525 0.87723
0.985248 0.877184
0.985246 0.877138
0.985244 0.877092
0.985242 0.877046
0.98524 0.877
0.985238 0.876954
0.985236 0.876907
0.985233 0.876861
0.985231 0.876815
0.985229 0.876769
0.985227 0.876723
0.985225 0.876676
0.985223 0.87663
0.985221 0.876583
0.985219 0.876537
0.985217 0.876491
0.985215 0.876444
0.985213 0.876398
0.985211 0.876351
0.985209 0.876305
0.985207 0.876258
0.985205 0.876211
0.985203 0.876165
0.985201 0.876118
0.985199 0.876071
0.985197 0.876025
0.985195 0.875978
0.985193 0.875931
0.98519 0.875884
0.985188 0.875837
0.985186 0.87579
0.985184 0.875744
0.985182 0.875697
0.98518 0.87565
0.985178 0.875603
0.985176 0.875555
0.985174 0.875508
0.985172 0.875461
0.98517 0.875414
0.985168 0.875367
0.985166 0.87532
0.985164 0.875272
0.985162 0.875225
0.985159 0.875178
0.985157 0.87513
0.985155 0.875083
0.985153 0.875035
0.985151 0.874988
0.985149 0.87494
0.985147 0.874893
0.985145 0.874845
0.985143 0.874798
0.985141 0.87475
0.985139 0.874702
0.985137 0.874655
0.985134 0.874607
0.985132 0.874559
0.98513 0.874511
0.985128 0.874463
0.985126 0.874416
0.985124 0.874368
0.985122 0.87432
0.98512 0.874272
0.985118 0.874224
0.985116 0.874176
0.985113 0.874127
0.985111 0.874079
0.985109 0.874031
0.985107 0.873983
0.985105 0.873935
0.985103 0.873886
0.985101 0.873838
0.985099 0.87379
0.985097 0.873741
0.985094 0.873693
0.985092 0.873644
0.98509 0.873596
0.985088 0.873547
0.985086 0.873498
0.985084 0.87345
0.985082 0.873401
0.98508 0.873352
0.985077 0.873304
0.985075 0.873255
0.985073 0.873206
0.985071 0.873157
0.985069 0.873108
0.985067 0.873059
0.985065 0.87301
0.985063 0.872961
0.98506 0.872912
0.985058 0.872863
0.985056 0.872814
0.985054 0.872764
0.985052 0.872715
0.98505 0.872666
0.985048 0.872617
0.985045 0.872567
0.985043 0.872518
0.985041 0.872468
0.985039 0.872419
0.985037 0.872369
0.985035 0.87232
0.985033 0.87227
0.98503 0.87222
0.985028 0.872171
0.985026 0.872121
0.985024 0.872071
0.985022 0.872021
0.98502 0.871971
0.985017 0.871922
0.985015 0.871872
0.985013 0.871822
0.985011 0.871771
0.985009 0.871721
0.985007 0.871671
0.985004 0.871621
0.985002 0.871571
0.985 0.871521
0.984998 0.87147
0.984996 0.87142
0.984993 0.871369
0.984991 0.871319
0.984989 0.871268
0.984987 0.871218
0.984985 0.871167
0.984982 0.871117
0.98498 0.871066
0.984978 0.871015
0.984976 0.870964
0.984974 0.870914
0.984972 0.870863
0.984969 0.870812
0.984967 0.870761
0.984965 0.87071
0.984963 0.870659
0.98496 0.870608
0.984958 0.870556
0.984956 0.870505
0.984954 0.870454
0.984952 0.870403
0.984949 0.870351
0.984947 0.8703
0.984945 0.870249
0.984943 0.870197
0.984941 0.870145
0.984938 0.870094
0.984936 0.870042
0.984934 0.869991
0.984932 0.869939
0.984929 0.869887
0.984927 0.869835
0.984925 0.869783
0.984923 0.869731
0.98492 0.869679
0.984918 0.869627
0.984916 0.869575
0.984914 0.869523
0.984911 0.869471
0.984909 0.869419
0.984907 0.869366
0.984905 0.869314
0.984902 0.869262
0.9849 0.869209
0.984898 0.869157
0.984896 0.869104
0.984893 0.869051
0.984891 0.868999
0.984889 0.868946
0.984887 0.868893
0.984884 0.86884
0.984882 0.868788
0.98488 0.868735
0.984878 0.868682
0.984875 0.868629
0.984873 0.868575
0.984871 0.868522
0.984868 0.868469
0.984866 0.868416
0.984864 0.868363
0.984862 0.868309
0.984859 0.868256
0.984857 0.868202
0.984855 0.868149
0.984852 0.868095
0.98485 0.868041
0.984848 0.867988
0.984845 0.867934
0.984843 0.86788
0.984841 0.867826
0.984839 0.867772
0.984836 0.867718
0.984834 0.867664
0.984832 0.86761
0.984829 0.867556
0.984827 0.867502
0.984825 0.867448
0.984822 0.867393
0.98482 0.867339
0.984818 0.867284
0.984815 0.86723
0.984813 0.867175
0.984811 0.867121
0.984808 0.867066
0.984806 0.867011
0.984804 0.866956
0.984801 0.866901
0.984799 0.866847
0.984797 0.866792
0.984794 0.866736
0.984792 0.866681
0.98479 0.866626
0.984787 0.866571
0.984785 0.866516
0.984783 0.86646
0.98478 0.866405
0.984778 0.866349
0.984775 0.866294
0.984773 0.866238
0.984771 0.866182
0.984768 0.866127
0.984766 0.866071
0.984764 0.866015
0.984761 0.865959
0.984759 0.865903
0.984756 0.865847
0.984754 0.865791
0.984752 0.865735
0.984749 0.865678
0.984747 0.865622
0.984744 0.865566
0.984742 0.865509
0.98474 0.865453
0.984737 0.865396
0.984735 0.865339
0.984732 0.865283
0.98473 0.865226
0.984728 0.865169
0.984725 0.865112
0.984723 0.865055
0.98472 0.864998
0.984718 0.864941
0.984716 0.864884
0.984713 0.864827
0.984711 0.864769
0.984708 0.864712
0.984706 0.864654
0.984703 0.864597
0.984701 0.864539
0.984698 0.864481
0.984696 0.864424
0.984694 0.864366
0.984691 0.864308
0.984689 0.86425
0.984686 0.864192
0.984684 0.864134
0.984681 0.864076
0.984679 0.864017
0.984676 0.863959
0.984674 0.863901
0.984671 0.863842
0.984669 0.863784
0.984667 0.863725
0.984664 0.863666
0.984662 0.863608
0.984659 0.863549
0.984657 0.86349
0.984654 0.863431
0.984652 0.863372
0.984649 0.863313
0.984647 0.863254
0.984644 0.863194
0.984642 0.863135
0.984639 0.863075
0.984637 0.863016
0.984634 0.862956
0.984632 0.862897
0.984629 0.862837
0.984627 0.862777
0.984624 0.862717
0.984622 0.862657
0.984619 0.862597
0.984616 0.862537
0.984614 0.862477
0.984611 0.862417
0.984609 0.862356
0.984606 0.862296
0.984604 0.862235
0.984601 0.862175
0.984599 0.862114
0.984596 0.862053
0.984594 0.861992
0.984591 0.861931
0.984588 0.86187
0.984586 0.861809
0.984583 0.861748
0.984581 0.861687
0.984578 0.861625
0.984576 0.861564
0.984573 0.861503
0.98457 0.861441
0.984568 0.861379
0.984565 0.861318
0.984563 0.861256
0.98456 0.861194
0.984557 0.861132
0.984555 0.86107
0.984552 0.861007
0.98455 0.860945
0.984547 0.860883
0.984544 0.86082
0.984542 0.860758
0.984539 0.860695
0.984537 0.860633
0.984534 0.86057
0.984531 0.860507
0.984529 0.860444
0.984526 0.860381
0.984523 0.860318
0.984521 0.860254
0.984518 0.860191
0.984515 0.860128
0.984513 0.860064
0.98451 0.860001
0.984508 0.859937
0.984505 0.859873
0.984502 0.859809
0.9845 0.859745
0.984497 0.859681
0.984494 0.859617
0.984491 0.859553
0.984489 0.859488
0.984486 0.859424
0.984483 0.85936
0.984481 0.859295
0.984478 0.85923
0.984475 0.859165
0.984473 0.859101
0.98447 0.859036
0.984467 0.85897
0.984465 0.858905
0.984462 0.85884
0.984459 0.858775
0.984456 0.858709
0.984454 0.858644
0.984451 0.858578
0.984448 0.858512
0.984445 0.858446
0.984443 0.85838
0.98444 0.858314
0.984437 0.858248
0.984434 0.858182
0.984432 0.858115
0.984429 0.858049
0.984426 0.857982
0.984423 0.857916
0.984421 0.857849
0.984418 0.857782
0.984415 0.857715
0.984412 0.857648
0.98441 0.857581
0.984407 0.857513
0.984404 0.857446
0.984401 0.857379
0.984398 0.857311
0.984396 0.857243
0.984393 0.857175
0.98439 0.857108
0.984387 0.85704
0.984384 0.856971
0.984382 0.856903
0.984379 0.856835
0.984376 0.856766
0.984373 0.856698
0.98437 0.856629
0.984367 0.85656
0.984365 0.856491
0.984362 0.856422
0.984359 0.856353
0.984356 0.856284
0.984353 0.856215
0.98435 0.856145
0.984347 0.856076
0.984345 0.856006
0.984342 0.855936
0.984339 0.855866
0.984336 0.855796
0.984333 0.855726
0.98433 0.855656
0.984327 0.855586
0.984324 0.855515
0.984321 0.855445
0.984318 0.855374
0.984316 0.855303
0.984313 0.855232
0.98431 0.855161
0.984307 0.85509
0.984304 0.855019
0.984301 0.854947
0.984298 0.854876
0.984295 0.854804
0.984292 0.854732
0.984289 0.854661
0.984286 0.854589
0.984283 0.854516
0.98428 0.854444
0.984277 0.854372
0.984274 0.854299
0.984271 0.854227
0.984268 0.854154
0.984265 0.854081
0.984262 0.854008
0.984259 0.853935
0.984256 0.853862
0.984253 0.853788
0.98425 0.853715
0.984247 0.853641
0.984244 0.853568
0.984241 0.853494
0.984238 0.85342
0.984235 0.853346
0.984232 0.853271
0.984229 0.853197
0.984226 0.853122
0.984223 0.853048
0.98422 0.852973
0.984217 0.852898
0.984214 0.852823
0.984211 0.852748
0.984208 0.852673
0.984205 0.852597
0.984202 0.852522
0.984199 0.852446
0.984195 0.85237
0.984192 0.852294
0.984189 0.852218
0.984186 0.852142
0.984183 0.852065
0.98418 0.851989
0.984177 0.851912
0.984174 0.851835
0.984171 0.851758
0.984167 0.851681
0.984164 0.851604
0.984161 0.851527
0.984158 0.851449
0.984155 0.851371
0.984152 0.851294
0.984149 0.851216
0.984145 0.851138
0.984142 0.851059
0.984139 0.850981
0.984136 0.850902
0.984133 0.850824
0.984129 0.850745
0.984126 0.850666
0.984123 0.850587
0.98412 0.850508
0.984117 0.850428
0.984113 0.850349
0.98411 0.850269
0.984107 0.850189
0.984104 0.850109
0.9841 0.850029
0.984097 0.849949
0.984094 0.849868
0.984091 0.849788
0.984087 0.849707
0.984084 0.849626
0.984081 0.849545
0.984078 0.849464
0.984074 0.849382
0.984071 0.849301
0.984068 0.849219
0.984064 0.849137
0.984061 0.849055
0.984058 0.848973
0.984054 0.84889
0.984051 0.848808
0.984048 0.848725
0.984044 0.848642
0.984041 0.848559
0.984038 0.848476
0.984034 0.848393
0.984031 0.848309
0.984028 0.848226
0.984024 0.848142
0.984021 0.848058
0.984017 0.847974
0.984014 0.84789
0.984011 0.847805
0.984007 0.84772
0.984004 0.847636
0.984 0.847551
0.983997 0.847465
0.983994 0.84738
0.98399 0.847295
0.983987 0.847209
0.983983 0.847123
0.98398 0.847037
0.983976 0.846951
0.983973 0.846864
0.983969 0.846778
0.983966 0.846691
0.983962 0.846604
0.983959 0.846517
0.983955 0.84643
0.983952 0.846342
0.983948 0.846254
0.983945 0.846167
0.983941 0.846079
0.983938 0.84599
0.983934 0.845902
0.983931 0.845813
0.983927 0.845725
0.983924 0.845636
0.98392 0.845547
0.983916 0.845457
0.983913 0.845368
0.983909 0.845278
0.983906 0.845188
0.983902 0.845098
0.983899 0.845008
0.983895 0.844917
0.983891 0.844827
0.983888 0.844736
0.983884 0.844645
0.98388 0.844554
0.983877 0.844462
0.983873 0.84437
0.983869 0.844279
0.983866 0.844187
0.983862 0.844094
0.983858 0.844002
0.983855 0.843909
0.983851 0.843816
0.983847 0.843723
0.983844 0.84363
0.98384 0.843537
0.983836 0.843443
0.983832 0.843349
0.983829 0.843255
0.983825 0.843161
0.983821 0.843066
0.983817 0.842971
0.983814 0.842876
0.98381 0.842781
0.983806 0.842686
0.983802 0.84259
0.983799 0.842495
0.983795 0.842398
0.983791 0.842302
0.983787 0.842206
0.983783 0.842109
0.983779 0.842012
0.983776 0.841915
0.983772 0.841818
0.983768 0.84172
0.983764 0.841622
0.98376 0.841524
0.983756 0.841426
0.983752 0.841328
0.983748 0.841229
0.983745 0.84113
0.983741 0.841031
0.983737 0.840932
0.983733 0.840832
0.983729 0.840732
0.983725 0.840632
0.983721 0.840532
0.983717 0.840431
0.983713 0.840331
0.983709 0.84023
0.983705 0.840128
0.983701 0.840027
0.983697 0.839925
0.983693 0.839823
0.983689 0.839721
0.983685 0.839618
0.983681 0.839516
0.983677 0.839413
0.983673 0.839309
0.983669 0.839206
0.983665 0.839102
0.983661 0.838998
0.983656 0.838894
0.983652 0.83879
0.983648 0.838685
0.983644 0.83858
0.98364 0.838475
0.983636 0.838369
0.983632 0.838263
0.983628 0.838157
0.983623 0.838051
0.983619 0.837945
0.983615 0.837838
0.983611 0.837731
0.983607 0.837623
0.983602 0.837516
0.983598 0.837408
0.983594 0.8373
0.98359 0.837191
0.983586 0.837083
0.983581 0.836974
0.983577 0.836865
0.983573 0.836755
0.983568 0.836645
0.983564 0.836535
0.98356 0.836425
0.983555 0.836314
0.983551 0.836203
0.983547 0.836092
0.983542 0.835981
0.983538 0.835869
0.983534 0.835757
0.983529 0.835644
0.983525 0.835532
0.983521 0.835419
0.983516 0.835306
0.983512 0.835192
0.983507 0.835078
0.983503 0.834964
0.983498 0.83485
0.983494 0.834735
0.98349 0.83462
0.983485 0.834505
0.983481 0.834389
0.983476 0.834273
0.983472 0.834157
0.983467 0.83404
0.983463 0.833924
0.983458 0.833806
0.983453 0.833689
0.983449 0.833571
0.983444 0.833453
0.98344 0.833335
0.983435 0.833216
0.98343 0.833097
0.983426 0.832977
0.983421 0.832858
0.983417 0.832738
0.983412 0.832617
0.983407 0.832497
0.983403 0.832376
0.983398 0.832254
0.983393 0.832133
0.983388 0.832011
0.983384 0.831888
0.983379 0.831766
0.983374 0.831643
0.98337 0.831519
0.983365 0.831395
0.98336 0.831271
0.983355 0.831147
0.98335 0.831022
0.983346 0.830897
0.983341 0.830772
0.983336 0.830646
0.983331 0.83052
0.983326 0.830393
0.983321 0.830266
0.983316 0.830139
0.983311 0.830011
0.983307 0.829883
0.983302 0.829755
0.983297 0.829626
0.983292 0.829497
0.983287 0.829368
0.983282 0.829238
0.983277 0.829108
0.983272 0.828977
0.983267 0.828846
0.983262 0.828715
0.983257 0.828583
0.983252 0.828451
0.983247 0.828319
0.983242 0.828186
0.983236 0.828052
0.983231 0.827919
0.983226 0.827785
0.983221 0.82765
0.983216 0.827515
0.983211 0.82738
0.983206 0.827244
0.9832 0.827108
0.983195 0.826972
0.98319 0.826835
0.983185 0.826698
0.983179 0.82656
0.983174 0.826422
0.983169 0.826283
0.983164 0.826144
0.983158 0.826005
0.983153 0.825865
0.983148 0.825725
0.983142 0.825584
0.983137 0.825443
0.983132 0.825302
0.983126 0.82516
0.983121 0.825017
0.983115 0.824875
0.98311 0.824731
0.983104 0.824588
0.983099 0.824443
0.983093 0.824299
0.983088 0.824154
0.983082 0.824008
0.983077 0.823862
0.983071 0.823716
0.983066 0.823569
0.98306 0.823422
0.983055 0.823274
0.983049 0.823126
0.983043 0.822977
0.983038 0.822827
0.983032 0.822678
0.983026 0.822528
0.983021 0.822377
0.983015 0.822226
0.983009 0.822074
0.983004 0.821922
0.982998 0.821769
0.982992 0.821616
0.982986 0.821463
0.98298 0.821308
0.982975 0.821154
0.982969 0.820999
0.982963 0.820843
0.982957 0.820687
0.982951 0.82053
0.982945 0.820373
0.982939 0.820215
0.982933 0.820057
0.982927 0.819898
0.982921 0.819739
0.982915 0.819579
0.982909 0.819419
0.982903 0.819258
0.982897 0.819097
0.982891 0.818935
0.982885 0.818772
0.982879 0.818609
0.982873 0.818445
0.982867 0.818281
0.982861 0.818117
0.982854 0.817951
0.982848 0.817785
0.982842 0.817619
0.982836 0.817452
0.982829 0.817284
0.982823 0.817116
0.982817 0.816948
0.982811 0.816778
0.982804 0.816608
0.982798 0.816438
0.982792 0.816267
0.982785 0.816095
0.982779 0.815923
0.982772 0.81575
0.982766 0.815576
0.982759 0.815402
0.982753 0.815228
0.982746 0.815052
0.98274 0.814876
0.982733 0.8147
0.982727 0.814522
0.98272 0.814345
0.982713 0.814166
0.982707 0.813987
0.9827 0.813807
0.982693 0.813627
0.982687 0.813446
0.98268 0.813264
0.982673 0.813081
0.982666 0.812898
0.98266 0.812715
0.982653 0.81253
0.982646 0.812345
0.982639 0.812159
0.982632 0.811973
0.982625 0.811786
0.982618 0.811598
0.982611 0.811409
0.982604 0.81122
0.982597 0.81103
0.98259 0.810839
0.982583 0.810648
0.982576 0.810456
0.982569 0.810263
0.982562 0.81007
0.982555 0.809875
0.982548 0.80968
0.98254 0.809485
0.982533 0.809288
0.982526 0.809091
0.982519 0.808893
0.982511 0.808694
0.982504 0.808495
0.982497 0.808294
0.982489 0.808093
0.982482 0.807891
0.982474 0.807689
0.982467 0.807485
0.98246 0.807281
0.982452 0.807076
0.982444 0.80687
0.982437 0.806664
0.982429 0.806456
0.982422 0.806248
0.982414 0.806039
0.982406 0.805829
0.982399 0.805618
0.982391 0.805407
0.982383 0.805194
0.982375 0.804981
0.982368 0.804767
0.98236 0.804552
0.982352 0.804336
0.982344 0.804119
0.982336 0.803901
0.982328 0.803683
0.98232 0.803464
0.982312 0.803243
0.982304 0.803022
0.982296 0.8028
0.982288 0.802577
0.98228 0.802353
0.982272 0.802128
0.982263 0.801902
0.982255 0.801676
0.982247 0.801448
0.982239 0.801219
0.98223 0.80099
0.982222 0.800759
0.982214 0.800528
0.982205 0.800295
0.982197 0.800062
0.982188 0.799827
0.98218 0.799592
0.982171 0.799355
0.982163 0.799118
0.982154 0.798879
0.982145 0.79864
0.982137 0.798399
0.982128 0.798158
0.982119 0.797915
0.982111 0.797672
0.982102 0.797427
0.982093 0.797181
0.982084 0.796934
0.982075 0.796686
0.982066 0.796437
0.982057 0.796187
0.982048 0.795936
0.982039 0.795684
0.98203 0.79543
0.982021 0.795176
0.982012 0.79492
0.982002 0.794663
0.981993 0.794405
0.981984 0.794146
0.981975 0.793886
0.981965 0.793624
0.981956 0.793361
0.981946 0.793097
0.981937 0.792832
0.981927 0.792566
0.981918 0.792299
0.981908 0.79203
0.981899 0.79176
0.981889 0.791489
0.981879 0.791216
0.98187 0.790943
0.98186 0.790668
0.98185 0.790391
0.98184 0.790114
0.98183 0.789835
0.98182 0.789555
0.98181 0.789273
0.9818 0.788991
0.98179 0.788706
0.98178 0.788421
0.98177 0.788134
0.981759 0.787846
0.981749 0.787556
0.981739 0.787265
0.981729 0.786973
0.981718 0.786679
0.981708 0.786384
0.981697 0.786088
0.981687 0.78579
0.981676 0.78549
0.981665 0.785189
0.981655 0.784887
0.981644 0.784583
0.981633 0.784277
0.981622 0.783971
0.981612 0.783662
0.981601 0.783352
0.98159 0.783041
0.981579 0.782728
0.981568 0.782413
0.981556 0.782097
0.981545 0.781779
0.981534 0.78146
0.981523 0.781139
0.981511 0.780816
0.9815 0.780492
0.981489 0.780166
0.981477 0.779839
0.981466 0.77951
0.981454 0.779179
0.981442 0.778846
0.981431 0.778512
0.981419 0.778176
0.981407 0.777838
0.981395 0.777499
0.981383 0.777157
0.981371 0.776814
0.981359 0.776469
0.981347 0.776123
0.981335 0.775774
0.981323 0.775424
0.981311 0.775072
0.981298 0.774717
0.981286 0.774362
0.981273 0.774004
0.981261 0.773644
0.981248 0.773282
0.981236 0.772918
0.981223 0.772553
0.98121 0.772185
0.981197 0.771816
0.981185 0.771444
0.981172 0.77107
0.981159 0.770695
0.981146 0.770317
0.981132 0.769937
0.981119 0.769555
0.981106 0.769171
0.981093 0.768785
0.981079 0.768397
0.981066 0.768006
0.981052 0.767614
0.981038 0.767219
0.981025 0.766822
0.981011 0.766422
0.980997 0.766021
0.980983 0.765617
0.980969 0.76521
0.980955 0.764802
0.980941 0.764391
0.980927 0.763978
0.980913 0.763562
0.980898 0.763144
0.980884 0.762724
0.980869 0.762301
0.980855 0.761876
0.98084 0.761448
0.980825 0.761018
0.98081 0.760585
0.980796 0.760149
0.980781 0.759711
0.980766 0.759271
0.98075 0.758828
0.980735 0.758382
0.98072 0.757933
0.980704 0.757482
0.980689 0.757028
0.980673 0.756572
0.980658 0.756112
0.980642 0.75565
0.980626 0.755185
0.98061 0.754718
0.980594 0.754247
0.980578 0.753773
0.980562 0.753297
0.980546 0.752817
0.980529 0.752335
0.980513 0.75185
0.980496 0.751361
0.98048 0.75087
0.980463 0.750375
0.980446 0.749878
0.980429 0.749377
0.980412 0.748873
0.980395 0.748366
0.980378 0.747856
0.98036 0.747342
0.980343 0.746825
0.980325 0.746305
0.980307 0.745781
0.98029 0.745254
0.980272 0.744724
0.980254 0.74419
0.980236 0.743653
0.980218 0.743112
0.980199 0.742568
0.980181 0.74202
0.980162 0.741469
0.980144 0.740914
0.980125 0.740355
0.980106 0.739793
0.980087 0.739226
0.980068 0.738656
0.980049 0.738082
0.980029 0.737505
0.98001 0.736923
0.97999 0.736338
0.97997 0.735748
0.97995 0.735155
0.97993 0.734557
0.97991 0.733955
0.97989 0.73335
0.97987 0.73274
0.979849 0.732126
0.979829 0.731507
0.979808 0.730885
0.979787 0.730257
0.979766 0.729626
0.979745 0.72899
0.979723 0.72835
0.979702 0.727705
0.97968 0.727056
0.979659 0.726402
0.979637 0.725743
0.979615 0.72508
0.979592 0.724411
0.97957 0.723739
0.979548 0.723061
0.979525 0.722378
0.979502 0.721691
0.979479 0.720998
0.979456 0.7203
0.979433 0.719598
0.979409 0.71889
0.979386 0.718177
0.979362 0.717458
0.979338 0.716735
0.979314 0.716006
0.97929 0.715271
0.979265 0.714531
0.979241 0.713786
0.979216 0.713035
0.979191 0.712278
0.979166 0.711515
0.979141 0.710747
0.979115 0.709973
0.979089 0.709193
0.979063 0.708407
0.979037 0.707615
0.979011 0.706817
0.978985 0.706013
0.978958 0.705202
0.978931 0.704386
0.978904 0.703563
0.978877 0.702733
0.978849 0.701897
0.978822 0.701054
0.978794 0.700205
0.978766 0.699349
0.978738 0.698487
0.978709 0.697617
0.97868 0.696741
0.978651 0.695857
0.978622 0.694967
0.978593 0.694069
0.978563 0.693164
0.978533 0.692252
0.978503 0.691332
0.978473 0.690405
0.978442 0.68947
0.978412 0.688528
0.97838 0.687578
0.978349 0.68662
0.978318 0.685654
0.978286 0.68468
0.978254 0.683698
0.978221 0.682708
0.978189 0.68171
0.978156 0.680704
0.978123 0.679689
0.978089 0.678665
0.978056 0.677633
0.978022 0.676592
0.977988 0.675542
0.977953 0.674483
0.977918 0.673416
0.977883 0.672339
0.977848 0.671253
0.977812 0.670157
0.977776 0.669053
0.97774 0.667938
0.977703 0.666814
0.977666 0.665681
0.977629 0.664537
0.977591 0.663383
0.977553 0.66222
0.977515 0.661046
0.977476 0.659862
0.977438 0.658667
0.977398 0.657462
0.977359 0.656246
0.977319 0.655019
0.977278 0.653782
0.977238 0.652533
0.977197 0.651273
0.977155 0.650002
0.977113 0.64872
0.977071 0.647426
0.977029 0.64612
0.976986 0.644803
0.976942 0.643474
0.976898 0.642132
0.976854 0.640778
0.97681 0.639413
0.976765 0.638034
0.976719 0.636643
0.976673 0.635239
0.976627 0.633823
0.97658 0.632393
0.976533 0.63095
0.976485 0.629494
0.976437 0.628024
0.976389 0.626541
0.97634 0.625044
0.97629 0.623533
0.97624 0.622008
0.976189 0.620469
0.976138 0.618915
0.976087 0.617347
0.976035 0.615764
0.975982 0.614166
0.975929 0.612554
0.975876 0.610926
0.975821 0.609283
0.975767 0.607624
0.975711 0.60595
0.975656 0.60426
0.975599 0.602554
0.975542 0.600832
0.975485 0.599093
0.975426 0.597338
0.975368 0.595567
0.975308 0.593779
0.975248 0.591973
0.975188 0.590151
0.975126 0.588311
0.975064 0.586454
0.975002 0.58458
0.974938 0.582687
0.974874 0.580777
0.97481 0.578848
0.974744 0.576901
0.974678 0.574936
0.974612 0.572952
0.974544 0.570949
0.974476 0.568928
0.974407 0.566887
0.974337 0.564827
0.974266 0.562747
0.974195 0.560648
0.974123 0.558529
0.97405 0.556391
0.973976 0.554232
0.973902 0.552053
0.973826 0.549853
0.97375 0.547633
0.973673 0.545393
0.973595 0.543131
0.973516 0.540849
0.973436 0.538546
0.973355 0.536221
0.973274 0.533875
0.973191 0.531508
0.973107 0.529118
0.973023 0.526708
0.972937 0.524275
0.97285 0.521821
0.972763 0.519344
0.972674 0.516845
0.972584 0.514324
0.972494 0.511781
0.972402 0.509216
0.972309 0.506627
0.972215 0.504017
0.97212 0.501384
0.972023 0.498728
0.971926 0.496049
0.971827 0.493348
0.971727 0.490624
0.971626 0.487877
0.971524 0.485108
0.97142 0.482316
0.971315 0.479501
0.971209 0.476663
0.971102 0.473803
0.970993 0.47092
0.970883 0.468014
0.970771 0.465086
0.970658 0.462136
0.970544 0.459163
0.970428 0.456168
0.970311 0.453151
0.970193 0.450112
0.970072 0.447051
0.969951 0.443968
0.969828 0.440865
0.969703 0.437739
0.969577 0.434593
0.969449 0.431426
0.96932 0.428239
0.969189 0.425031
0.969056 0.421803
0.968922 0.418556
0.968786 0.415289
0.968648 0.412003
0.968508 0.408699
0.968367 0.405376
0.968224 0.402035
0.968079 0.398677
0.967932 0.395302
0.967784 0.39191
0.967633 0.388502
0.967481 0.385078
0.967327 0.38164
0.967171 0.378186
0.967012 0.374719
0.966852 0.371238
0.96669 0.367745
0.966526 0.364239
0.96636 0.360721
0.966191 0.357193
0.966021 0.353654
0.965848 0.350106
0.965674 0.346549
0.965497 0.342983
0.965318 0.33941
0.965136 0.335831
0.964953 0.332245
0.964767 0.328655
0.964579 0.32506
0.964388 0.321462
0.964196 0.317861
0.964001 0.314258
0.963803 0.310655
0.963603 0.307051
0.963401 0.303448
0.963196 0.299847
0.962989 0.296248
0.96278 0.292653
0.962568 0.289063
0.962353 0.285477
0.962136 0.281898
0.961916 0.278326
0.961694 0.274763
0.961469 0.271208
0.961242 0.267663
0.961012 0.26413
0.960779 0.260608
0.960544 0.257098
0.960306 0.253603
0.960065 0.250122
0.959822 0.246656
0.959576 0.243207
0.959327 0.239775
0.959075 0.236361
0.958821 0.232966
0.958564 0.229591
0.958304 0.226237
0.958042 0.222903
0.957776 0.219592
0.957508 0.216304
0.957237 0.21304
0.956963 0.2098
0.956687 0.206586
0.956408 0.203397
0.956125 0.200235
0.95584 0.1971
0.955552 0.193992
0.955262 0.190913
0.954968 0.187863
0.954671 0.184843
0.954372 0.181852
0.95407 0.178892
0.953765 0.175963
0.953457 0.173066
0.953146 0.1702
0.952833 0.167366
0.952516 0.164565
0.952197 0.161797
0.951875 0.159062
0.95155 0.15636
0.951222 0.153692
0.950891 0.151058
0.950557 0.148458
0.950221 0.145892
0.949882 0.143361
0.94954 0.140864
0.949195 0.138401
0.948847 0.135973
0.948497 0.13358
0.948143 0.131221
0.947787 0.128897
0.947428 0.126608
0.947067 0.124353
0.946702 0.122133
0.946335 0.119947
0.945965 0.117795
0.945593 0.115677
0.945218 0.113594
0.94484 0.111543
0.944459 0.109527
0.944075 0.107544
0.943689 0.105594
0.943301 0.103677
0.942909 0.101792
0.942515 0.0999399
0.942119 0.0981197
0.94172 0.0963314
0.941318 0.0945745
0.940913 0.0928488
0.940507 0.0911539
0.940097 0.0894894
0.939685 0.0878552
0.939271 0.0862507
0.938854 0.0846757
0.938434 0.0831298
0.938012 0.0816126
0.937588 0.0801237
0.937161 0.0786628
0.936732 0.0772294
0.9363 0.0758233
0.935866 0.0744439
0.93543 0.073091
0.934991 0.0717641
0.93455 0.0704629
0.934106 0.0691868
0.933661 0.0679356
0.933213 0.0667088
0.932762 0.0655061
0.93231 0.0643271
0.931855 0.0631713
0.931398 0.0620383
0.930939 0.0609279
0.930477 0.0598395
0.930014 0.0587728
0.929548 0.0577275
0.92908 0.056703
0.92861 0.0556992
0.928138 0.0547155
0.927663 0.0537517
0.927187 0.0528072
0.926709 0.0518819
0.926228 0.0509753
0.925746 0.050087
0.925261 0.0492168
0.924774 0.0483642
0.924286 0.047529
0.923795 0.0467107
0.923303 0.0459091
0.922809 0.0451238
0.922312 0.0443545
0.921814 0.0436008
0.921314 0.0428625
0.920812 0.0421393
0.920308 0.0414308
0.919802 0.0407368
0.919294 0.0400569
0.918785 0.0393908
0.918274 0.0387384
0.917761 0.0380992
0.917246 0.037473
0.916729 0.0368596
0.916211 0.0362586
0.915691 0.0356699
0.915169 0.0350931
0.914645 0.034528
0.91412 0.0339744
0.913593 0.033432
0.913064 0.0329005
0.912534 0.0323798
0.912002 0.0318697
0.911469 0.0313698
0.910933 0.0308799
0.910396 0.0304
0.909858 0.0299297
0.909318 0.0294688
0.908776 0.0290171
0.908233 0.0285745
0.907688 0.0281407
0.907142 0.0277156
0.906594 0.0272989
0.906045 0.0268905
0.905494 0.0264902
0.904941 0.0260979
0.904388 0.0257133
0.903832 0.0253363
0.903275 0.0249667
0.902717 0.0246044
0.902157 0.0242492
0.901596 0.0239009
0.901033 0.0235595
0.900469 0.0232247
0.899904 0.0228964
0.899337 0.0225745
0.898769 0.0222589
0.898199 0.0219493
0.897628 0.0216458
0.897056 0.021348
0.896482 0.021056
0.895907 0.0207696
0.89533 0.0204887
0.894753 0.0202131
0.894174 0.0199428
0.893593 0.0196776
0.893011 0.0194174
0.892428 0.0191621
0.891844 0.0189117
0.891258 0.0186659
0.890672 0.0184248
0.890083 0.0181882
0.889494 0.017956
0.888903 0.0177281
0.888311 0.0175045
0.887718 0.017285
0.887124 0.0170696
0.886528 0.0168581
0.885931 0.0166505
0.885333 0.0164467
0.884734 0.0162467
0.884133 0.0160503
0.883532 0.0158575
0.882929 0.0156681
0.882325 0.0154822
0.88172 0.0152997
0.881113 0.0151204
0.880506 0.0149444
0.879897 0.0147715
0.879287 0.0146017
0.878676 0.0144349
0.878064 0.0142711
0.87745 0.0141102
0.876836 0.0139522
0.87622 0.0137969
0.875604 0.0136444
0.874986 0.0134945
0.874367 0.0133472
0.873747 0.0132026
0.873125 0.0130604
0.872503 0.0129207
0.87188 0.0127834
0.871255 0.0126485
0.87063 0.0125159
0.870003 0.0123856
0.869375 0.0122575
0.868746 0.0121316
0.868116 0.0120079
0.867485 0.0118862
0.866853 0.0117666
0.86622 0.011649
0.865586 0.0115335
0.86495 0.0114198
0.864314 0.0113081
0.863677 0.0111982
0.863038 0.0110902
0.862399 0.0109839
0.861758 0.0108794
0.861117 0.0107767
0.860474 0.0106756
0.85983 0.0105762
0.859185 0.0104785
0.85854 0.0103823
0.857893 0.0102878
0.857245 0.0101947
0.856596 0.0101032
0.855946 0.0100131
0.855295 0.00992455
0.854643 0.0098374
0.85399 0.00975165
0.853336 0.00966728
0.852681 0.00958426
0.852025 0.00950256
0.851368 0.00942218
0.85071 0.00934307
0.850051 0.00926522
0.849391 0.0091886
0.848729 0.00911319
0.848067 0.00903898
0.847404 0.00896593
0.84674 0.00889403
0.846075 0.00882325
0.845408 0.00875359
0.844741 0.00868501
0.844073 0.0086175
0.843404 0.00855104
0.842733 0.00848561
0.842062 0.0084212
0.84139 0.00835778
0.840717 0.00829534
0.840042 0.00823385
0.839367 0.00817332
0.838691 0.00811371
0.838013 0.00805502
0.837335 0.00799722
0.836656 0.0079403
0.835975 0.00788425
0.835294 0.00782906
0.834611 0.0077747
0.833928 0.00772116
0.833244 0.00766843
0.832558 0.0076165
0.831872 0.00756536
0.831184 0.00751498
0.830496 0.00746536
0.829806 0.00741649
0.829116 0.00736835
0.828424 0.00732093
0.827732 0.00727422
0.827038 0.0072282
0.826343 0.00718288
0.825648 0.00713823
0.824951 0.00709424
0.824253 0.00705091
0.823555 0.00700822
0.822855 0.00696616
0.822154 0.00692473
0.821452 0.00688391
0.82075 0.0068437
0.820046 0.00680408
0.819341 0.00676504
0.818635 0.00672658
0.817928 0.00668869
0.81722 0.00665136
0.816511 0.00661457
0.8158 0.00657833
0.815089 0.00654262
0.814377 0.00650744
0.813664 0.00647278
0.812949 0.00643862
0.812234 0.00640497
0.811517 0.00637181
0.8108 0.00633914
0.810081 0.00630695
0.809361 0.00627523
0.808641 0.00624398
0.807919 0.00621319
0.807196 0.00618285
0.806472 0.00615295
0.805747 0.0061235
0.805021 0.00609448
0.804293 0.00606589
0.803565 0.00603772
0.802835 0.00600996
0.802105 0.00598261
0.801373 0.00595567
0.80064 0.00592913
0.799907 0.00590297
0.799172 0.00587721
0.798435 0.00585183
0.797698 0.00582682
0.79696 0.00580218
0.79622 0.00577792
0.79548 0.00575401
0.794738 0.00573046
0.793995 0.00570726
0.793251 0.00568441
0.792506 0.0056619
0.79176 0.00563973
0.791012 0.00561789
0.790264 0.00559639
0.789514 0.0055752
0.788763 0.00555434
0.788011 0.0055338
0.787258 0.00551357
0.786503 0.00549364
0.785748 0.00547403
0.784991 0.00545471
0.784233 0.00543569
0.783474 0.00541697
0.782713 0.00539853
0.781952 0.00538038
0.781189 0.00536252
0.780425 0.00534493
0.77966 0.00532762
0.778893 0.00531058
0.778126 0.00529381
0.777357 0.00527731
0.776587 0.00526107
0.775815 0.0052451
0.775043 0.00522938
0.774269 0.00521391
0.773494 0.0051987
0.772718 0.00518373
0.77194 0.00516901
0.771161 0.00515453
0.770381 0.00514029
0.7696 0.00512629
0.768817 0.00511253
0.768033 0.00509899
0.767248 0.00508569
0.766461 0.00507261
0.765674 0.00505976
0.764885 0.00504714
0.764094 0.00503473
0.763302 0.00502254
0.762509 0.00501056
0.761715 0.0049988
0.760919 0.00498725
0.760122 0.00497591
0.759324 0.00496477
0.758524 0.00495384
0.757723 0.00494311
0.756921 0.00493259
0.756117 0.00492226
0.755312 0.00491213
0.754506 0.00490219
0.753698 0.00489245
0.752888 0.00488289
0.752078 0.00487353
0.751266 0.00486436
0.750452 0.00485537
0.749638 0.00484656
0.748821 0.00483794
0.748004 0.0048295
0.747185 0.00482124
0.746364 0.00481315
0.745542 0.00480524
0.744719 0.00479751
0.743894 0.00478995
0.743068 0.00478256
0.74224 0.00477534
0.741411 0.00476829
0.74058 0.00476141
0.739748 0.00475469
0.738915 0.00474814
0.73808 0.00474175
0.737243 0.00473553
0.736405 0.00472946
0.735566 0.00472356
0.734724 0.00471781
0.733882 0.00471222
0.733038 0.00470679
0.732192 0.00470151
0.731345 0.00469638
0.730496 0.00469141
0.729646 0.00468659
0.728794 0.00468192
0.727941 0.0046774
0.727086 0.00467302
0.72623 0.0046688
0.725372 0.00466472
0.724512 0.00466079
0.723651 0.004657
0.722788 0.00465336
0.721924 0.00464985
0.721058 0.00464649
0.72019 0.00464328
0.719321 0.0046402
0.71845 0.00463726
0.717578 0.00463446
0.716704 0.00463179
0.715828 0.00462927
0.71495 0.00462688
0.714071 0.00462463
0.713191 0.00462251
0.712308 0.00462052
0.711424 0.00461867
0.710538 0.00461695
0.709651 0.00461536
0.708762 0.00461391
0.707871 0.00461258
0.706978 0.00461139
0.706084 0.00461032
0.705188 0.00460939
0.70429 0.00460858
0.703391 0.0046079
0.70249 0.00460735
0.701587 0.00460692
0.700682 0.00460662
0.699776 0.00460645
0.698867 0.0046064
0.697957 0.00460648
0.697046 0.00460668
0.696132 0.00460701
0.695217 0.00460745
0.6943 0.00460803
0.693381 0.00460872
0.69246 0.00460954
0.691537 0.00461048
0.690613 0.00461154
0.689687 0.00461272
0.688759 0.00461402
0.687829 0.00461545
0.686897 0.00461699
0.685963 0.00461866
0.685028 0.00462044
0.684091 0.00462234
0.683151 0.00462436
0.68221 0.00462651
0.681267 0.00462877
0.680322 0.00463114
0.679376 0.00463364
0.678427 0.00463625
0.677476 0.00463899
0.676524 0.00464184
0.675569 0.0046448
0.674613 0.00464789
0.673655 0.00465109
0.672694 0.00465441
0.671732 0.00465785
0.670768 0.0046614
0.669802 0.00466507
0.668834 0.00466885
0.667864 0.00467276
0.666892 0.00467678
0.665918 0.00468091
0.664942 0.00468516
0.663963 0.00468953
0.662983 0.00469401
0.662001 0.00469861
0.661017 0.00470333
0.660031 0.00470816
0.659043 0.00471311
0.658053 0.00471818
0.657061 0.00472336
0.656067 0.00472865
0.65507 0.00473407
0.654072 0.0047396
0.653071 0.00474524
0.652069 0.004751
0.651064 0.00475688
0.650058 0.00476288
0.649049 0.00476899
0.648038 0.00477522
0.647025 0.00478157
0.64601 0.00478803
0.644993 0.00479461
0.643974 0.00480131
0.642953 0.00480813
0.641929 0.00481506
0.640904 0.00482211
0.639876 0.00482928
0.638846 0.00483657
0.637814 0.00484397
0.63678 0.0048515
0.635744 0.00485914
0.634705 0.0048669
0.633665 0.00487479
0.632622 0.00488279
0.631577 0.00489091
0.63053 0.00489915
0.629481 0.00490752
0.628429 0.004916
0.627376 0.0049246
0.62632 0.00493333
0.625262 0.00494218
0.624202 0.00495115
0.623139 0.00496024
0.622075 0.00496945
0.621008 0.00497879
0.619939 0.00498825
0.618868 0.00499784
0.617794 0.00500754
0.616718 0.00501738
0.615641 0.00502734
0.61456 0.00503742
0.613478 0.00504763
0.612393 0.00505797
0.611307 0.00506843
0.610218 0.00507902
0.609126 0.00508973
0.608033 0.00510058
0.606937 0.00511155
0.605839 0.00512266
0.604739 0.00513389
0.603636 0.00514525
0.602531 0.00515674
0.601424 0.00516837
0.600315 0.00518012
0.599203 0.00519201
0.598089 0.00520403
0.596973 0.00521618
0.595855 0.00522847
0.594734 0.00524089
0.593611 0.00525344
0.592486 0.00526614
0.591359 0.00527896
0.590229 0.00529193
0.589097 0.00530503
0.587963 0.00531827
0.586826 0.00533165
0.585688 0.00534516
0.584547 0.00535882
0.583403 0.00537262
0.582258 0.00538656
0.58111 0.00540064
0.57996 0.00541486
0.578807 0.00542923
0.577653 0.00544374
0.576496 0.0054584
0.575337 0.0054732
0.574175 0.00548815
0.573012 0.00550324
0.571846 0.00551848
0.570677 0.00553387
0.569507 0.00554942
0.568334 0.00556511
0.567159 0.00558095
0.565982 0.00559694
0.564803 0.00561309
0.563621 0.00562939
0.562437 0.00564584
0.561251 0.00566245
0.560062 0.00567922
0.558872 0.00569614
0.557679 0.00571322
0.556484 0.00573046
0.555287 0.00574786
0.554087 0.00576542
0.552885 0.00578315
0.551682 0.00580103
0.550476 0.00581908
0.549267 0.00583729
0.548057 0.00585567
0.546844 0.00587421
0.545629 0.00589292
0.544412 0.0059118
0.543193 0.00593085
0.541972 0.00595007
0.540749 0.00596946
0.539523 0.00598903
0.538295 0.00600876
0.537066 0.00602868
0.535834 0.00604876
0.5346 0.00606903
0.533363 0.00608947
0.532125 0.00611009
0.530885 0.0061309
0.529643 0.00615188
0.528398 0.00617304
0.527152 0.00619439
0.525903 0.00621593
0.524652 0.00623765
0.5234 0.00625956
0.522145 0.00628165
0.520889 0.00630394
0.51963 0.00632642
0.518369 0.00634909
0.517107 0.00637195
0.515842 0.00639501
0.514576 0.00641826
0.513307 0.00644171
0.512037 0.00646536
0.510765 0.00648921
0.509491 0.00651326
0.508215 0.00653752
0.506937 0.00656197
0.505657 0.00658664
0.504376 0.00661151
0.503092 0.00663658
0.501807 0.00666187
0.50052 0.00668737
0.499231 0.00671308
0.497941 0.006739
0.496648 0.00676514
0.495354 0.0067915
0.494058 0.00681807
0.492761 0.00684486
0.491462 0.00687188
0.490161 0.00689912
0.488859 0.00692658
0.487554 0.00695427
0.486249 0.00698218
0.484941 0.00701032
0.483632 0.0070387
0.482322 0.0070673
0.48101 0.00709614
0.479697 0.00712522
0.478381 0.00715453
0.477065 0.00718408
0.475747 0.00721387
0.474428 0.0072439
0.473107 0.00727418
0.471785 0.0073047
0.470461 0.00733547
0.469136 0.00736648
0.46781 0.00739775
0.466482 0.00742927
0.465153 0.00746104
0.463823 0.00749307
0.462492 0.00752535
0.461159 0.0075579
0.459825 0.0075907
0.45849 0.00762377
0.457154 0.0076571
0.455817 0.0076907
0.454479 0.00772457
0.453139 0.00775871
0.451799 0.00779312
0.450458 0.0078278
0.449115 0.00786276
0.447772 0.007898
0.446427 0.00793352
0.445082 0.00796932
0.443736 0.0080054
0.442389 0.00804177
0.441041 0.00807843
0.439693 0.00811537
0.438343 0.00815261
0.436993 0.00819014
0.435642 0.00822797
0.434291 0.00826609
0.432938 0.00830451
0.431586 0.00834324
0.430232 0.00838227
0.428878 0.00842161
0.427524 0.00846125
0.426169 0.00850121
0.424813 0.00854147
0.423457 0.00858205
0.422101 0.00862295
0.420744 0.00866417
0.419387 0.00870571
0.418029 0.00874757
0.416672 0.00878976
0.415314 0.00883227
0.413956 0.00887512
0.412597 0.0089183
0.411239 0.00896181
0.40988 0.00900566
0.408521 0.00904985
0.407163 0.00909438
0.405804 0.00913925
0.404445 0.00918447
0.403086 0.00923004
0.401728 0.00927595
0.400369 0.00932223
0.399011 0.00936885
0.397653 0.00941584
0.396295 0.00946318
0.394937 0.00951089
0.39358 0.00955896
0.392223 0.0096074
0.390866 0.00965622
0.38951 0.0097054
0.388154 0.00975496
0.386799 0.00980489
0.385444 0.00985521
0.38409 0.0099059
0.382736 0.00995698
0.381383 0.0100085
0.380031 0.0100603
0.378679 0.0101126
0.377328 0.0101652
0.375978 0.0102183
0.374629 0.0102717
0.37328 0.0103255
0.371933 0.0103798
0.370586 0.0104345
0.369241 0.0104895
0.367896 0.010545
0.366552 0.0106009
0.36521 0.0106572
0.363868 0.010714
0.362528 0.0107711
0.361189 0.0108287
0.359851 0.0108867
0.358515 0.0109452
0.357179 0.0110041
0.355845 0.0110634
0.354513 0.0111231
0.353182 0.0111833
0.351852 0.011244
0.350524 0.0113051
0.349198 0.0113666
0.347873 0.0114286
0.346549 0.0114911
0.345227 0.011554
0.343907 0.0116174
0.342589 0.0116812
0.341273 0.0117455
0.339958 0.0118103
0.338645 0.0118755
0.337334 0.0119412
0.336025 0.0120074
0.334718 0.0120741
0.333413 0.0121413
0.332109 0.012209
0.330808 0.0122771
0.32951 0.0123457
0.328213 0.0124149
0.326918 0.0124845
0.325626 0.0125546
0.324336 0.0126252
0.323048 0.0126964
0.321762 0.012768
0.320479 0.0128402
0.319199 0.0129129
0.31792 0.0129861
0.316644 0.0130598
0.315371 0.013134
0.3141 0.0132088
0.312832 0.0132841
0.311567 0.0133599
0.310304 0.0134362
0.309044 0.0135131
0.307786 0.0135906
0.306531 0.0136686
0.305279 0.0137471
0.30403 0.0138262
0.302784 0.0139058
0.30154 0.013986
0.3003 0.0140667
0.299062 0.014148
0.297828 0.0142299
0.296596 0.0143123
0.295367 0.0143953
0.294142 0.0144789
0.29292 0.0145631
0.2917 0.0146478
0.290484 0.0147331
0.289272 0.014819
0.288062 0.0149055
0.286856 0.0149926
0.285653 0.0150802
0.284453 0.0151685
0.283256 0.0152574
0.282063 0.0153468
0.280874 0.0154369
0.279688 0.0155276
0.278505 0.0156188
0.277326 0.0157107
0.27615 0.0158033
0.274978 0.0158964
0.273809 0.0159901
0.272644 0.0160845
0.271482 0.0161795
0.270325 0.0162751
0.269171 0.0163714
0.26802 0.0164683
0.266873 0.0165658
0.26573 0.016664
0.264591 0.0167628
0.263456 0.0168623
0.262324 0.0169624
0.261196 0.0170632
0.260072 0.0171646
0.258952 0.0172667
0.257836 0.0173695
0.256723 0.0174729
0.255615 0.0175769
0.25451 0.0176817
0.25341 0.0177871
0.252313 0.0178932
0.251221 0.018
0.250132 0.0181074
0.249048 0.0182155
0.247968 0.0183243
0.246891 0.0184339
0.245819 0.018544
0.244751 0.0186549
0.243687 0.0187665
0.242627 0.0188788
0.241571 0.0189918
0.24052 0.0191055
0.239472 0.0192199
0.238429 0.019335
0.23739 0.0194508
0.236355 0.0195673
0.235325 0.0196845
0.234298 0.0198025
0.233276 0.0199212
0.232258 0.0200406
0.231245 0.0201608
0.230236 0.0202816
0.229231 0.0204032
0.22823 0.0205256
0.227234 0.0206486
0.226242 0.0207725
0.225254 0.020897
0.22427 0.0210223
0.223291 0.0211484
0.222317 0.0212752
0.221346 0.0214027
0.220381 0.021531
0.219419 0.0216601
0.218462 0.0217899
0.217509 0.0219205
0.21656 0.0220519
0.215616 0.022184
0.214677 0.0223169
0.213741 0.0224505
0.212811 0.022585
0.211884 0.0227202
0.210962 0.0228562
0.210044 0.022993
0.209131 0.0231305
0.208222 0.0232689
0.207318 0.023408
0.206418 0.0235479
0.205522 0.0236886
0.204631 0.0238301
0.203744 0.0239724
0.202862 0.0241156
0.201984 0.0242595
0.201111 0.0244042
0.200241 0.0245497
0.199377 0.024696
0.198516 0.0248432
0.19766 0.0249911
0.196809 0.0251399
0.195962 0.0252895
0.195119 0.0254399
0.194281 0.0255911
0.193447 0.0257431
0.192617 0.025896
0.191792 0.0260497
0.190971 0.0262042
0.190155 0.0263596
0.189343 0.0265158
0.188535 0.0266728
0.187732 0.0268307
0.186933 0.0269894
0.186138 0.027149
0.185347 0.0273094
0.184561 0.0274706
0.18378 0.0276327
0.183002 0.0277957
0.182229 0.0279595
0.18146 0.0281241
0.180696 0.0282896
0.179935 0.028456
0.179179 0.0286232
0.178428 0.0287913
0.17768 0.0289603
0.176937 0.0291301
0.176198 0.0293008
0.175463 0.0294723
0.174732 0.0296447
0.174006 0.029818
0.173283 0.0299922
0.172565 0.0301673
0.171852 0.0303432
0.171142 0.03052
0.170436 0.0306977
0.169735 0.0308763
0.169037 0.0310558
0.168344 0.0312361
0.167655 0.0314174
0.16697 0.0315995
0.166289 0.0317826
0.165612 0.0319665
0.164939 0.0321513
0.16427 0.032337
0.163605 0.0325237
0.162945 0.0327112
0.162288 0.0328997
0.161635 0.033089
0.160986 0.0332792
0.160341 0.0334704
0.1597 0.0336625
0.159063 0.0338555
0.15843 0.0340494
0.157801 0.0342442
0.157175 0.0344399
0.156554 0.0346366
0.155936 0.0348342
0.155323 0.0350327
0.154713 0.0352321
0.154107 0.0354325
0.153504 0.0356338
0.152906 0.035836
0.152311 0.0360392
0.15172 0.0362433
0.151133 0.0364483
0.150549 0.0366543
0.149969 0.0368612
0.149393 0.037069
0.148821 0.0372778
0.148252 0.0374876
0.147687 0.0376983
0.147125 0.0379099
0.146567 0.0381225
0.146013 0.038336
0.145462 0.0385505
0.144915 0.038766
0.144372 0.0389824
0.143832 0.0391998
0.143295 0.0394181
0.142762 0.0396374
0.142233 0.0398577
0.141706 0.0400789
0.141184 0.0403011
0.140665 0.0405243
0.140149 0.0407484
0.139637 0.0409735
0.139128 0.0411996
0.138622 0.0414267
0.13812 0.0416548
0.137621 0.0418838
0.137126 0.0421138
0.136634 0.0423448
0.136145 0.0425768
0.135659 0.0428098
0.135177 0.0430437
0.134698 0.0432787
0.134222 0.0435147
0.13375 0.0437516
0.13328 0.0439896
0.132814 0.0442286
0.132351 0.0444685
0.131891 0.0447095
0.131434 0.0449515
0.130981 0.0451944
0.13053 0.0454384
0.130083 0.0456834
0.129638 0.0459295
0.129197 0.0461765
0.128759 0.0464246
0.128324 0.0466737
0.127891 0.0469238
0.127462 0.0471749
0.127036 0.0474271
0.126613 0.0476803
0.126192 0.0479345
0.125775 0.0481898
0.125361 0.0484461
0.124949 0.0487034
0.12454 0.0489618
0.124135 0.0492212
0.123732 0.0494817
0.123332 0.0497432
0.122934 0.0500058
0.12254 0.0502694
0.122148 0.0505341
0.121759 0.0507998
0.121373 0.0510666
0.12099 0.0513345
0.120609 0.0516034
0.120231 0.0518734
0.119856 0.0521445
0.119483 0.0524166
0.119114 0.0526898
0.118746 0.0529641
0.118382 0.0532395
0.11802 0.053516
0.117661 0.0537935
0.117304 0.0540722
0.11695 0.0543519
0.116598 0.0546327
0.116249 0.0549147
0.115903 0.0551977
0.115559 0.0554818
0.115217 0.0557671
0.114878 0.0560534
0.114542 0.0563409
0.114208 0.0566295
0.113876 0.0569192
0.113547 0.05721
0.113221 0.0575019
0.112896 0.057795
0.112575 0.0580892
0.112255 0.0583846
0.111938 0.058681
0.111623 0.0589787
0.111311 0.0592774
0.111001 0.0595773
0.110693 0.0598784
0.110388 0.0601806
0.110085 0.060484
0.109784 0.0607886
0.109485 0.0610943
0.109189 0.0614011
0.108895 0.0617092
0.108603 0.0620184
0.108314 0.0623288
0.108026 0.0626404
0.107741 0.0629532
0.107458 0.0632672
0.107177 0.0635823
0.106898 0.0638987
0.106622 0.0642163
0.106347 0.0645351
0.106075 0.0648551
0.105805 0.0651763
0.105537 0.0654987
0.105271 0.0658224
0.105007 0.0661473
0.104745 0.0664734
0.104485 0.0668007
0.104227 0.0671293
0.103971 0.0674592
0.103717 0.0677903
0.103465 0.0681227
0.103216 0.0684563
0.102968 0.0687912
0.102722 0.0691273
0.102478 0.0694647
0.102236 0.0698035
0.101996 0.0701435
0.101758 0.0704847
0.101521 0.0708273
0.101287 0.0711712
0.101055 0.0715164
0.100824 0.0718629
0.100595 0.0722107
0.100368 0.0725599
0.100143 0.0729103
0.0999202 0.0732621
0.0996988 0.0736153
0.0994793 0.0739698
0.0992616 0.0743256
0.0990456 0.0746828
0.0988315 0.0750414
0.0986191 0.0754013
0.0984085 0.0757626
0.0981996 0.0761253
0.0979925 0.0764893
0.0977872 0.0768548
0.0975835 0.0772216
0.0973816 0.0775899
0.0971814 0.0779596
0.0969829 0.0783307
0.096786 0.0787032
0.0965909 0.0790771
0.0963974 0.0794525
0.0962056 0.0798293
0.0960154 0.0802076
0.0958269 0.0805874
0.09564 0.0809686
0.0954548 0.0813512
0.0952712 0.0817354
0.0950891 0.0821211
0.0949087 0.0825082
0.0947299 0.0828968
0.0945526 0.083287
0.094377 0.0836787
0.0942029 0.0840719
0.0940303 0.0844666
0.0938594 0.0848629
0.0936899 0.0852607
0.093522 0.0856601
0.0933556 0.0860611
0.0931908 0.0864636
0.0930274 0.0868677
0.0928656 0.0872734
0.0927052 0.0876807
0.0925464 0.0880897
0.092389 0.0885002
0.0922331 0.0889124
0.0920787 0.0893262
0.0919257 0.0897416
0.0917742 0.0901587
0.0916242 0.0905775
0.0914756 0.0909979
0.0913284 0.09142
0.0911826 0.0918439
0.0910383 0.0922694
0.0908953 0.0926966
0.0907538 0.0931256
0.0906137 0.0935563
0.0904749 0.0939887
0.0903376 0.0944229
0.0902016 0.0948589
0.090067 0.0952966
0.0899338 0.0957361
0.0898019 0.0961774
0.0896714 0.0966205
0.0895423 0.0970655
0.0894144 0.0975123
0.0892879 0.0979609
0.0891628 0.0984114
0.089039 0.0988637
0.0889165 0.0993179
0.0887953 0.099774
0.0886754 0.100232
0.0885568 0.100692
0.0884395 0.101154
0.0883235 0.101618
0.0882088 0.102083
0.0880954 0.102551
0.0879833 0.103021
0.0878724 0.103492
0.0877628 0.103966
0.0876544 0.104442
0.0875473 0.10492
0.0874415 0.105399
0.0873369 0.105881
0.0872336 0.106365
0.0871314 0.106851
0.0870306 0.107339
0.0869309 0.107829
0.0868325 0.108322
0.0867353 0.108816
0.0866393 0.109313
0.0865445 0.109812
0.0864509 0.110313
0.0863585 0.110816
0.0862674 0.111322
0.0861774 0.111829
0.0860886 0.112339
0.086001 0.112852
0.0859146 0.113366
0.0858293 0.113883
0.0857452 0.114402
0.0856623 0.114924
0.0855806 0.115448
0.0855001 0.115974
0.0854207 0.116503
0.0853424 0.117034
0.0852653 0.117567
0.0851894 0.118103
0.0851146 0.118642
0.085041 0.119183
0.0849684 0.119726
0.0848971 0.120272
0.0848269 0.120821
0.0847578 0.121372
0.0846898 0.121926
0.084623 0.122482
0.0845573 0.123041
0.0844927 0.123603
0.0844292 0.124167
0.0843669 0.124734
0.0843056 0.125304
0.0842455 0.125876
0.0841865 0.126451
0.0841286 0.127029
0.0840718 0.12761
0.0840161 0.128194
0.0839615 0.12878
0.0839081 0.129369
0.0838557 0.129962
0.0838044 0.130557
0.0837542 0.131155
0.0837051 0.131756
0.0836571 0.13236
0.0836102 0.132967
0.0835644 0.133578
0.0835196 0.134191
0.083476 0.134807
0.0834334 0.135427
0.083392 0.13605
0.0833516 0.136675
0.0833123 0.137305
0.083274 0.137937
0.0832369 0.138573
0.0832008 0.139211
0.0831658 0.139854
0.0831319 0.140499
0.0830991 0.141148
0.0830674 0.141801
0.0830367 0.142457
0.0830071 0.143116
0.0829786 0.143779
0.0829512 0.144446
0.0829248 0.145116
0.0828995 0.145789
0.0828753 0.146467
0.0828522 0.147148
0.0828301 0.147832
0.0828092 0.148521
0.0827893 0.149213
0.0827705 0.149909
0.0827527 0.150609
0.0827361 0.151313
0.0827205 0.152021
0.082706 0.152732
0.0826926 0.153448
0.0826803 0.154168
0.082669 0.154892
0.0826589 0.15562
0.0826498 0.156352
0.0826418 0.157088
0.082635 0.157829
0.0826292 0.158574
0.0826245 0.159323
0.0826209 0.160077
0.0826183 0.160835
0.0826169 0.161597
0.0826166 0.162365
0.0826174 0.163136
0.0826193 0.163912
0.0826223 0.164693
0.0826264 0.165479
0.0826316 0.166269
0.082638 0.167064
0.0826454 0.167864
0.082654 0.168669
0.0826637 0.169478
0.0826746 0.170293
0.0826865 0.171113
0.0826996 0.171937
0.0827138 0.172767
0.0827292 0.173603
0.0827457 0.174443
0.0827633 0.175289
0.0827821 0.17614
0.0828021 0.176996
0.0828232 0.177858
0.0828455 0.178726
0.0828689 0.179599
0.0828935 0.180477
0.0829193 0.181362
0.0829463 0.182252
0.0829744 0.183148
0.0830038 0.18405
0.0830343 0.184958
0.0830661 0.185872
0.083099 0.186792
0.0831331 0.187718
0.0831685 0.188651
0.0832051 0.189589
0.0832429 0.190535
0.083282 0.191486
0.0833222 0.192444
0.0833638 0.193409
0.0834066 0.19438
0.0834506 0.195358
0.0834959 0.196343
0.0835425 0.197335
0.0835903 0.198333
0.0836395 0.199339
0.0836899 0.200352
0.0837417 0.201372
0.0837947 0.202399
0.0838491 0.203434
0.0839048 0.204476
0.0839618 0.205525
0.0840202 0.206583
0.0840799 0.207648
0.0841409 0.20872
0.0842034 0.209801
0.0842672 0.21089
0.0843324 0.211986
0.084399 0.213091
0.084467 0.214204
0.0845364 0.215326
0.0846072 0.216456
0.0846795 0.217594
0.0847532 0.218741
0.0848284 0.219897
0.084905 0.221062
0.0849832 0.222236
0.0850628 0.223419
0.0851439 0.224611
0.0852265 0.225812
0.0853107 0.227023
0.0853964 0.228243
0.0854836 0.229473
0.0855724 0.230712
0.0856628 0.231962
0.0857548 0.233221
0.0858483 0.234491
0.0859435 0.23577
0.0860404 0.237061
0.0861388 0.238361
0.086239 0.239672
0.0863408 0.240994
0.0864443 0.242327
0.0865495 0.243671
0.0866564 0.245026
0.0867651 0.246392
0.0868755 0.24777
0.0869877 0.249159
0.0871017 0.25056
0.0872175 0.251972
0.0873351 0.253397
0.0874546 0.254834
0.0875759 0.256283
0.0876991 0.257745
0.0878242 0.259219
0.0879513 0.260706
0.0880802 0.262206
0.0882112 0.263718
0.0883441 0.265244
0.088479 0.266784
0.0886159 0.268337
0.0887549 0.269904
0.088896 0.271484
0.0890392 0.273079
0.0891844 0.274688
0.0893318 0.276311
0.0894814 0.277949
0.0896332 0.279602
0.0897872 0.28127
0.0899434 0.282953
0.0901019 0.284651
0.0902626 0.286365
0.0904257 0.288094
0.0905912 0.28984
0.090759 0.291601
0.0909292 0.293379
0.0911019 0.295173
0.091277 0.296984
0.0914546 0.298812
0.0916348 0.300657
0.0918175 0.30252
0.0920028 0.3044
0.0921907 0.306298
0.0923813 0.308213
0.0925746 0.310147
0.0927706 0.3121
0.0929693 0.314071
0.0931709 0.31606
0.0933753 0.318069
0.0935826 0.320097
0.0937927 0.322145
0.0940059 0.324213
0.094222 0.3263
0.0944411 0.328408
0.0946633 0.330536
0.0948887 0.332685
0.0951172 0.334855
0.0953489 0.337046
0.0955838 0.339259
0.095822 0.341493
0.0960636 0.343749
0.0963086 0.346027
0.0965569 0.348328
0.0968088 0.350651
0.0970642 0.352997
0.0973232 0.355366
0.0975858 0.357759
0.0978521 0.360175
0.0981221 0.362615
0.098396 0.365079
0.0986737 0.367568
0.0989553 0.370081
0.0992408 0.372619
0.0995304 0.375182
0.0998241 0.37777
0.100122 0.380384
0.100424 0.383023
0.10073 0.385688
0.101041 0.38838
0.101356 0.391098
0.101675 0.393843
0.101999 0.396615
0.102328 0.399413
0.102661 0.40224
0.103 0.405093
0.103342 0.407974
0.10369 0.410883
0.104043 0.413821
0.104401 0.416786
0.104764 0.41978
0.105132 0.422803
0.105505 0.425854
0.105884 0.428934
0.106268 0.432043
0.106658 0.435181
0.107053 0.438349
0.107455 0.441546
0.107862 0.444773
0.108274 0.448029
0.108693 0.451315
0.109118 0.45463
0.109549 0.457975
0.109986 0.461351
0.11043 0.464755
0.11088 0.46819
0.111337 0.471655
0.1118 0.475149
0.11227 0.478673
0.112747 0.482226
0.113231 0.485809
0.113723 0.489422
0.114221 0.493064
0.114726 0.496735
0.115239 0.500435
0.11576 0.504164
0.116288 0.507921
0.116824 0.511706
0.117368 0.51552
0.11792 0.519361
0.11848 0.52323
0.119048 0.527126
0.119625 0.531048
0.12021 0.534997
0.120804 0.538972
0.121407 0.542972
0.122018 0.546996
0.122638 0.551045
0.123268 0.555118
0.123907 0.559214
0.124555 0.563332
0.125213 0.567472
0.12588 0.571634
0.126557 0.575815
0.127245 0.580017
0.127942 0.584237
0.128649 0.588475
0.129367 0.592731
0.130095 0.597003
0.130834 0.60129
0.131584 0.605591
0.132345 0.609906
0.133116 0.614234
0.133899 0.618572
0.134693 0.622921
0.135499 0.627279
0.136316 0.631645
0.137145 0.636018
0.137986 0.640397
0.138839 0.64478
0.139704 0.649166
0.140581 0.653554
0.141471 0.657943
0.142373 0.66233
0.143288 0.666716
0.144215 0.671099
0.145156 0.675477
0.14611 0.679849
0.147077 0.684214
0.148057 0.688569
0.149051 0.692915
0.150059 0.697249
0.15108 0.70157
0.152115 0.705876
0.153164 0.710167
0.154227 0.714441
0.155305 0.718696
0.156396 0.722932
0.157502 0.727146
0.158623 0.731338
0.159758 0.735506
0.160908 0.739648
0.162073 0.743765
0.163253 0.747853
0.164448 0.751913
0.165658 0.755942
0.166884 0.759941
0.168124 0.763907
0.16938 0.767839
0.170652 0.771737
0.171939 0.775599
0.173243 0.779425
0.174561 0.783213
0.175896 0.786963
0.177246 0.790673
0.178613 0.794344
0.179996 0.797973
0.181394 0.801561
0.182809 0.805106
0.18424 0.808609
0.185688 0.812067
0.187151 0.815482
0.188632 0.818852
0.190128 0.822177
0.191641 0.825457
0.193171 0.828691
0.194717 0.831878
0.19628 0.835019
0.19786 0.838114
0.199456 0.841162
0.201069 0.844162
0.202699 0.847116
0.204345 0.850023
0.206009 0.852882
0.207689 0.855694
0.209386 0.858459
0.2111 0.861178
0.21283 0.863849
0.214578 0.866474
0.216343 0.869052
0.218124 0.871585
0.219923 0.874071
0.221738 0.876512
0.22357 0.878907
0.22542 0.881258
0.227286 0.883563
0.229169 0.885825
0.231069 0.888043
0.232987 0.890218
0.234921 0.892349
0.236872 0.894439
0.23884 0.896486
0.240825 0.898493
0.242827 0.900458
0.244846 0.902383
0.246881 0.904268
0.248934 0.906114
0.251004 0.907921
0.25309 0.909691
0.255194 0.911422
0.257314 0.913117
0.259451 0.914776
0.261604 0.916399
0.263775 0.917986
0.265962 0.91954
0.268167 0.921059
0.270387 0.922545
0.272625 0.923998
0.274879 0.925419
0.27715 0.926808
0.279437 0.928167
0.281741 0.929495
0.284062 0.930793
0.286399 0.932062
0.288753 0.933303
0.291123 0.934515
0.293509 0.9357
0.295912 0.936858
0.298331 0.93799
0.300767 0.939096
0.303218 0.940176
0.305686 0.941232
0.30817 0.942264
0.310671 0.943272
0.313187 0.944257
0.315719 0.945219
0.318267 0.946159
0.320831 0.947077
0.323411 0.947974
0.326007 0.94885
0.328618 0.949706
0.331246 0.950542
0.333888 0.951359
0.336546 0.952157
0.33922 0.952936
0.341909 0.953698
0.344613 0.954441
0.347333 0.955167
0.350067 0.955877
0.352817 0.95657
0.355582 0.957247
0.358361 0.957908
0.361156 0.958554
0.363965 0.959184
0.366788 0.9598
0.369626 0.960402
0.372478 0.96099
0.375345 0.961564
0.378226 0.962125
0.38112 0.962673
0.384029 0.963208
0.386952 0.963731
0.389888 0.964241
0.392837 0.96474
0.3958 0.965227
0.398776 0.965703
0.401765 0.966168
0.404768 0.966622
0.407783 0.967065
0.41081 0.967498
0.41385 0.967921
0.416902 0.968335
0.419967 0.968738
0.423043 0.969133
0.426131 0.969518
0.429231 0.969894
0.432342 0.970262
0.435464 0.970621
0.438598 0.970972
0.441742 0.971315
0.444896 0.971649
0.448061 0.971976
0.451236 0.972295
0.454421 0.972607
0.457616 0.972912
0.46082 0.97321
0.464033 0.9735
0.467256 0.973784
0.470486 0.974061
0.473726 0.974332
0.476974 0.974596
0.480229 0.974855
0.483492 0.975107
0.486763 0.975353
0.490041 0.975593
0.493325 0.975828
0.496616 0.976057
0.499913 0.976281
0.503217 0.9765
0.506525 0.976713
0.509839 0.976921
0.513158 0.977125
0.516482 0.977323
0.51981 0.977517
0.523142 0.977706
0.526478 0.97789
0.529818 0.97807
0.53316 0.978246
0.536505 0.978417
0.539852 0.978584
0.543201 0.978747
0.546552 0.978906
0.549904 0.979061
0.553257 0.979212
0.55661 0.979359
0.559964 0.979503
0.563317 0.979643
0.56667 0.979779
0.570021 0.979912
0.573372 0.980041
0.57672 0.980168
0.580067 0.98029
0.583411 0.98041
0.586752 0.980526
0.59009 0.980639
0.593424 0.98075
0.596754 0.980857
0.60008 0.980961
0.603401 0.981062
0.606716 0.981161
0.610026 0.981256
0.61333 0.981349
0.616628 0.98144
0.619918 0.981527
0.623202 0.981612
0.626478 0.981695
0.629746 0.981775
0.633005 0.981852
0.636256 0.981927
0.639498 0.982
0.64273 0.98207
0.645952 0.982138
0.649164 0.982204
0.652365 0.982268
0.655555 0.982329
0.658734 0.982388
0.661902 0.982445
0.665057 0.9825
0.668199 0.982553
0.671329 0.982604
0.674446 0.982654
0.677549 0.982701
0.680638 0.982746
0.683713 0.982789
0.686774 0.98283
0.68982 0.98287
0.692851 0.982908
0.695866 0.982944
0.698866 0.982978
0.70185 0.98301
0.704817 0.983041
0.707768 0.98307
0.710702 0.983098
0.713618 0.983124
0.716518 0.983148
0.7194 0.983171
0.722263 0.983192
0.725109 0.983211
0.727937 0.98323
0.730745 0.983246
0.733535 0.983261
0.736306 0.983275
0.739058 0.983287
0.741791 0.983298
0.744503 0.983307
0.747196 0.983316
0.74987 0.983322
0.752523 0.983328
0.755155 0.983332
0.757768 0.983335
0.76036 0.983336
0.762931 0.983336
0.765481 0.983335
0.768011 0.983333
0.77052 0.98333
0.773007 0.983325
0.775473 0.983319
0.777918 0.983312
0.780342 0.983304
0.782744 0.983294
0.785125 0.983284
0.787485 0.983272
0.789823 0.98326
0.792139 0.983246
0.794433 0.983231
0.796706 0.983215
0.798958 0.983198
0.801188 0.98318
0.803396 0.983161
0.805582 0.983141
0.807747 0.98312
0.80989 0.983098
0.812012 0.983075
0.814112 0.983052
0.81619 0.983027
0.818247 0.983001
0.820283 0.982974
0.822297 0.982946
0.82429 0.982918
0.826262 0.982888
0.828212 0.982858
0.830142 0.982827
0.83205 0.982795
0.833938 0.982762
0.835805 0.982728
0.837651 0.982693
0.839476 0.982658
0.841281 0.982622
0.843065 0.982585
0.844829 0.982547
0.846573 0.982508
0.848297 0.982469
0.850001 0.982428
0.851685 0.982387
0.85335 0.982346
0.854995 0.982303
0.85662 0.98226
0.858226 0.982216
0.859813 0.982171
0.861381 0.982126
0.862931 0.98208
0.864461 0.982033
0.865973 0.981985
0.867467 0.981937
0.868942 0.981888
0.870399 0.981839
0.871838 0.981789
0.87326 0.981738
0.874664 0.981686
0.87605 0.981634
0.877419 0.981582
0.878771 0.981528
0.880106 0.981474
0.881424 0.98142
0.882726 0.981364
0.884011 0.981309
0.88528 0.981252
0.886532 0.981195
0.887769 0.981138
0.88899 0.98108
0.890195 0.981021
0.891385 0.980962
0.892559 0.980902
0.893718 0.980841
0.894863 0.980781
0.895992 0.980719
0.897107 0.980657
0.898207 0.980595
0.899293 0.980532
0.900365 0.980468
0.901423 0.980404
0.902467 0.98034
0.903497 0.980275
0.904514 0.980209
0.905518 0.980143
0.906508 0.980077
0.907485 0.98001
0.90845 0.979942
0.909401 0.979875
0.910341 0.979806
0.911268 0.979738
0.912182 0.979668
0.913085 0.979599
0.913975 0.979529
0.914854 0.979458
0.915721 0.979387
0.916577 0.979316
0.917421 0.979244
0.918254 0.979172
0.919077 0.979099
0.919888 0.979026
0.920688 0.978953
0.921478 0.978879
0.922258 0.978805
0.923027 0.97873
0.923786 0.978655
0.924534 0.97858
0.925273 0.978504
0.926002 0.978428
0.926722 0.978352
0.927432 0.978275
0.928132 0.978198
0.928823 0.97812
0.929505 0.978043
0.930178 0.977964
0.930843 0.977886
0.931498 0.977807
0.932145 0.977728
0.932783 0.977648
0.933413 0.977569
0.934034 0.977488
0.934647 0.977408
0.935252 0.977327
0.93585 0.977246
0.936439 0.977165
0.937021 0.977083
0.937595 0.977001
0.938161 0.976919
0.93872 0.976836
0.939272 0.976754
0.939816 0.976671
0.940354 0.976587
0.940884 0.976504
0.941408 0.97642
0.941924 0.976335
0.942434 0.976251
0.942937 0.976166
0.943434 0.976081
0.943924 0.975996
0.944408 0.975911
0.944886 0.975825
0.945358 0.975739
0.945823 0.975653
0.946282 0.975566
0.946736 0.97548
0.947184 0.975393
0.947626 0.975306
0.948062 0.975218
0.948493 0.975131
0.948918 0.975043
0.949338 0.974955
0.949752 0.974867
0.950161 0.974779
0.950565 0.97469
0.950964 0.974601
0.951358 0.974512
0.951746 0.974423
0.95213 0.974334
0.952509 0.974244
0.952883 0.974154
0.953253 0.974064
0.953618 0.973974
0.953978 0.973884
0.954334 0.973793
0.954685 0.973703
0.955032 0.973612
0.955375 0.973521
0.955713 0.97343
0.956048 0.973338
0.956378 0.973247
0.956704 0.973155
0.957026 0.973063
0.957344 0.972971
0.957658 0.972879
0.957968 0.972787
0.958274 0.972695
0.958577 0.972602
0.958876 0.972509
0.959171 0.972416
0.959463 0.972324
0.959751 0.97223
0.960036 0.972137
0.960317 0.972044
0.960595 0.97195
0.96087 0.971857
0.961141 0.971763
0.961409 0.971669
0.961674 0.971575
0.961935 0.971481
0.962194 0.971387
0.962449 0.971293
0.962701 0.971198
0.962951 0.971104
0.963197 0.971009
0.96344 0.970914
0.963681 0.970819
0.963919 0.970724
0.964154 0.970629
0.964386 0.970534
0.964615 0.970439
0.964842 0.970344
0.965066 0.970248
0.965288 0.970153
0.965507 0.970057
0.965723 0.969962
0.965937 0.969866
0.966148 0.96977
0.966357 0.969674
0.966564 0.969578
0.966768 0.969482
0.96697 0.969386
0.96717 0.96929
0.967367 0.969194
0.967562 0.969097
0.967755 0.969001
0.967945 0.968905
0.968134 0.968808
0.96832 0.968712
0.968504 0.968615
0.968686 0.968518
0.968866 0.968422
0.969044 0.968325
0.969221 0.968228
0.969395 0.968131
0.969567 0.968034
0.969737 0.967937
0.969905 0.96784
0.970072 0.967743
0.970237 0.967646
0.970399 0.967549
0.97056 0.967452
0.97072 0.967355
0.970877 0.967257
0.971033 0.96716
0.971187 0.967063
0.971339 0.966965
0.97149 0.966868
0.971639 0.966771
0.971787 0.966673
0.971933 0.966576
0.972077 0.966478
0.97222 0.966381
0.972361 0.966283
0.972501 0.966186
0.972639 0.966088
0.972775 0.965991
0.972911 0.965893
0.973045 0.965795
0.973177 0.965698
0.973308 0.9656
0.973437 0.965502
0.973566 0.965405
0.973693 0.965307
0.973818 0.96521
0.973942 0.965112
0.974065 0.965014
0.974187 0.964917
0.974307 0.964819
0.974426 0.964721
0.974544 0.964624
0.974661 0.964526
0.974776 0.964428
0.97489 0.964331
0.975003 0.964233
0.975115 0.964135
0.975226 0.964038
0.975336 0.96394
0.975444 0.963842
0.975551 0.963745
0.975658 0.963647
0.975763 0.963549
0.975867 0.963452
0.97597 0.963354
0.976072 0.963257
0.976173 0.963159
0.976273 0.963062
0.976372 0.962964
0.976469 0.962867
0.976566 0.962769
0.976662 0.962672
0.976757 0.962574
0.976851 0.962477
0.976944 0.96238
0.977037 0.962282
0.977128 0.962185
0.977218 0.962088
0.977308 0.961991
0.977396 0.961893
0.977484 0.961796
0.977571 0.961699
0.977657 0.961602
0.977742 0.961505
0.977826 0.961408
0.97791 0.961311
0.977992 0.961214
0.978074 0.961117
0.978155 0.96102
0.978235 0.960923
0.978315 0.960826
0.978394 0.960729
0.978471 0.960632
0.978549 0.960536
0.978625 0.960439
0.978701 0.960342
0.978776 0.960246
0.97885 0.960149
0.978924 0.960053
0.978996 0.959956
0.979068 0.95986
0.97914 0.959763
0.979211 0.959667
0.979281 0.959571
0.97935 0.959475
0.979419 0.959378
0.979487 0.959282
0.979555 0.959186
0.979621 0.95909
0.979688 0.958994
0.979753 0.958898
0.979818 0.958802
0.979883 0.958707
0.979946 0.958611
0.980009 0.958515
0.980072 0.958419
0.980134 0.958324
0.980195 0.958228
0.980256 0.958133
0.980316 0.958037
0.980376 0.957942
0.980435 0.957847
0.980494 0.957751
0.980552 0.957656
0.980609 0.957561
0.980666 0.957466
0.980723 0.957371
0.980779 0.957276
0.980834 0.957181
0.980889 0.957086
0.980944 0.956992
0.980998 0.956897
0.981051 0.956802
0.981104 0.956708
0.981157 0.956613
0.981209 0.956519
0.98126 0.956424
0.981311 0.95633
0.981362 0.956236
0.981412 0.956142
0.981461 0.956048
0.981511 0.955954
0.98156 0.95586
0.981608 0.955766
0.981656 0.955672
0.981703 0.955578
0.98175 0.955484
0.981797 0.955391
0.981843 0.955297
0.981889 0.955204
0.981934 0.95511
0.981979 0.955017
0.982024 0.954924
0.982068 0.954831
0.982112 0.954738
0.982155 0.954645
0.982198 0.954552
0.982241 0.954459
0.982283 0.954366
0.982325 0.954273
0.982367 0.954181
0.982408 0.954088
0.982449 0.953996
0.982489 0.953903
0.982529 0.953811
0.982569 0.953719
0.982608 0.953626
0.982647 0.953534
0.982686 0.953442
0.982724 0.95335
0.982762 0.953258
0.9828 0.953167
0.982838 0.953075
0.982875 0.952983
0.982911 0.952892
0.982948 0.9528
0.982984 0.952709
0.98302 0.952617
0.983055 0.952526
0.98309 0.952435
0.983125 0.952344
0.98316 0.952253
0.983194 0.952162
0.983228 0.952071
0.983261 0.951981
0.983295 0.95189
0.983328 0.951799
0.983361 0.951709
0.983393 0.951619
0.983425 0.951528
0.983457 0.951438
0.983489 0.951348
0.98352 0.951258
0.983552 0.951168
0.983582 0.951078
0.983613 0.950988
0.983643 0.950898
0.983673 0.950809
0.983703 0.950719
0.983733 0.95063
0.983762 0.95054
0.983791 0.950451
0.98382 0.950362
0.983849 0.950273
0.983877 0.950184
0.983905 0.950095
0.983933 0.950006
0.983961 0.949917
0.983988 0.949828
0.984015 0.94974
0.984042 0.949651
0.984069 0.949563
0.984095 0.949474
0.984121 0.949386
0.984148 0.949298
0.984173 0.94921
0.984199 0.949122
0.984224 0.949034
0.984249 0.948946
0.984274 0.948859
0.984299 0.948771
0.984324 0.948683
0.984348 0.948596
0.984372 0.948509
0.984396 0.948421
0.98442 0.948334
0.984443 0.948247
0.984467 0.94816
0.98449 0.948073
0.984513 0.947986
0.984535 0.9479
0.984558 0.947813
0.98458 0.947726
0.984602 0.94764
0.984624 0.947553
0.984646 0.947467
0.984668 0.947381
0.984689 0.947295
0.98471 0.947209
0.984732 0.947123
0.984752 0.947037
0.984773 0.946951
0.984794 0.946866
0.984814 0.94678
0.984834 0.946695
0.984854 0.946609
0.984874 0.946524
0.984894 0.946439
0.984913 0.946354
0.984933 0.946269
0.984952 0.946184
0.984971 0.946099
0.98499 0.946014
0.985009 0.94593
0.985027 0.945845
0.985046 0.945761
0.985064 0.945676
0.985082 0.945592
0.9851 0.945508
0.985118 0.945424
0.985136 0.94534
0.985153 0.945256
0.98517 0.945172
0.985188 0.945088
0.985205 0.945004
0.985222 0.944921
0.985238 0.944837
0.985255 0.944754
0.985272 0.944671
0.985288 0.944588
0.985304 0.944504
0.98532 0.944421
0.985336 0.944339
0.985352 0.944256
0.985368 0.944173
0.985383 0.94409
0.985399 0.944008
0.985414 0.943925
0.985429 0.943843
0.985444 0.943761
0.985459 0.943679
0.985474 0.943596
0.985489 0.943514
0.985503 0.943433
0.985518 0.943351
0.985532 0.943269
0.985546 0.943187
0.98556 0.943106
0.985574 0.943024
0.985588 0.942943
0.985602 0.942862
0.985616 0.942781
0.985629 0.942699
0.985642 0.942618
0.985656 0.942538
0.985669 0.942457
0.985682 0.942376
0.985695 0.942295
0.985708 0.942215
0.98572 0.942134
0.985733 0.942054
0.985745 0.941974
0.985758 0.941894
0.98577 0.941814
0.985782 0.941734
0.985794 0.941654
0.985806 0.941574
0.985818 0.941494
0.98583 0.941414
0.985842 0.941335
0.985853 0.941256
0.985865 0.941176
0.985876 0.941097
0.985887 0.941018
0.985899 0.940939
0.98591 0.94086
0.985921 0.940781
0.985932 0.940702
0.985942 0.940623
0.985953 0.940545
0.985964 0.940466
0.985974 0.940388
0.985985 0.940309
0.985995 0.940231
0.986005 0.940153
0.986016 0.940075
0.986026 0.939997
0.986036 0.939919
0.986046 0.939841
0.986055 0.939763
0.986065 0.939685
0.986075 0.939608
0.986084 0.93953
0.986094 0.939453
0.986103 0.939376
0.986113 0.939298
0.986122 0.939221
0.986131 0.939144
0.98614 0.939067
0.986149 0.938991
0.986158 0.938914
0.986167 0.938837
0.986176 0.93876
0.986184 0.938684
0.986193 0.938608
0.986202 0.938531
0.98621 0.938455
0.986218 0.938379
0.986227 0.938303
0.986235 0.938227
0.986243 0.938151
0.986251 0.938075
0.986259 0.937999
0.986267 0.937924
0.986275 0.937848
0.986283 0.937773
0.986291 0.937697
0.986298 0.937622
0.986306 0.937547
0.986314 0.937472
0.986321 0.937397
0.986328 0.937322
0.986336 0.937247
0.986343 0.937172
0.98635 0.937098
0.986357 0.937023
0.986364 0.936949
0.986371 0.936874
0.986378 0.9368
0.986385 0.936726
0.986392 0.936651
0.986399 0.936577
0.986406 0.936503
0.986412 0.936429
0.986419 0.936356
0.986425 0.936282
0.986432 0.936208
0.986438 0.936135
0.986444 0.936061
0.986451 0.935988
0.986457 0.935914
0.986463 0.935841
0.986469 0.935768
0.986475 0.935695
0.986481 0.935622
0.986487 0.935549
0.986493 0.935476
0.986499 0.935404
0.986505 0.935331
0.98651 0.935258
0.986516 0.935186
0.986521 0.935114
0.986527 0.935041
0.986533 0.934969
0.986538 0.934897
0.986543 0.934825
0.986549 0.934753
0.986554 0.934681
0.986559 0.934609
0.986564 0.934538
0.986569 0.934466
0.986575 0.934394
0.98658 0.934323
0.986585 0.934251
0.986589 0.93418
0.986594 0.934109
0.986599 0.934038
0.986604 0.933967
0.986609 0.933896
0.986613 0.933825
0.986618 0.933754
0.986623 0.933683
0.986627 0.933613
0.986632 0.933542
0.986636 0.933471
0.986641 0.933401
0.986645 0.933331
0.986649 0.93326
0.986653 0.93319
0.986658 0.93312
0.986662 0.93305
0.986666 0.93298
0.98667 0.93291
0.986674 0.932841
0.986678 0.932771
0.986682 0.932701
0.986686 0.932632
0.98669 0.932562
0.986694 0.932493
0.986698 0.932424
0.986701 0.932354
0.986705 0.932285
0.986709 0.932216
0.986712 0.932147
0.986716 0.932078
0.98672 0.932009
0.986723 0.931941
0.986727 0.931872
0.98673 0.931803
0.986734 0.931735
0.986737 0.931666
0.98674 0.931598
0.986744 0.93153
0.986747 0.931461
0.98675 0.931393
0.986753 0.931325
0.986756 0.931257
0.986759 0.931189
0.986763 0.931121
0.986766 0.931054
0.986769 0.930986
0.986772 0.930918
0.986774 0.930851
0.986777 0.930783
0.98678 0.930716
0.986783 0.930649
0.986786 0.930581
0.986789 0.930514
0.986791 0.930447
0.986794 0.93038
0.986797 0.930313
0.986799 0.930246
0.986802 0.93018
0.986805 0.930113
0.986807 0.930046
0.98681 0.92998
0.986812 0.929913
0.986814 0.929847
0.986817 0.929781
0.986819 0.929714
0.986822 0.929648
0.986824 0.929582
0.986826 0.929516
0.986828 0.92945
0.986831 0.929384
0.986833 0.929318
0.986835 0.929253
0.986837 0.929187
0.986839 0.929121
0.986841 0.929056
0.986843 0.92899
0.986845 0.928925
0.986847 0.92886
0.986849 0.928794
0.986851 0.928729
0.986853 0.928664
0.986855 0.928599
0.986857 0.928534
0.986859 0.928469
0.986861 0.928404
0.986862 0.92834
0.986864 0.928275
0.986866 0.92821
0.986867 0.928146
0.986869 0.928081
0.986871 0.928017
0.986872 0.927953
0.986874 0.927888
0.986876 0.927824
0.986877 0.92776
0.986879 0.927696
0.98688 0.927632
0.986882 0.927568
0.986883 0.927504
0.986884 0.927441
0.986886 0.927377
0.986887 0.927313
0.986889 0.92725
0.98689 0.927186
0.986891 0.927123
0.986892 0.927059
0.986894 0.926996
0.986895 0.926933
0.986896 0.92687
0.986897 0.926807
0.986898 0.926744
0.9869 0.926681
0.986901 0.926618
0.986902 0.926555
0.986903 0.926492
0.986904 0.92643
0.986905 0.926367
0.986906 0.926304
0.986907 0.926242
0.986908 0.926179
0.986909 0.926117
0.98691 0.926055
0.986911 0.925993
0.986911 0.92593
0.986912 0.925868
0.986913 0.925806
0.986914 0.925744
0.986915 0.925683
0.986916 0.925621
0.986916 0.925559
0.986917 0.925497
0.986918 0.925436
0.986918 0.925374
0.986919 0.925313
0.98692 0.925251
0.98692 0.92519
0.986921 0.925128
0.986922 0.925067
0.986922 0.925006
0.986923 0.924945
0.986923 0.924884
0.986924 0.924823
0.986924 0.924762
0.986925 0.924701
0.986925 0.92464
0.986926 0.92458
0.986926 0.924519
0.986927 0.924458
0.986927 0.924398
0.986928 0.924337
0.986928 0.924277
0.986928 0.924217
0.986929 0.924156
0.986929 0.924096
0.986929 0.924036
0.986929 0.923976
0.98693 0.923916
0.98693 0.923856
0.98693 0.923796
0.98693 0.923736
0.986931 0.923676
0.986931 0.923616
0.986931 0.923557
0.986931 0.923497
0.986931 0.923437
0.986931 0.923378
0.986932 0.923319
0.986932 0.923259
0.986932 0.9232
0.986932 0.923141
0.986932 0.923081
0.986932 0.923022
0.986932 0.922963
0.986932 0.922904
0.986932 0.922845
0.986932 0.922786
0.986932 0.922727
0.986932 0.922669
0.986932 0.92261
0.986932 0.922551
0.986932 0.922493
0.986932 0.922434
0.986931 0.922376
0.986931 0.922317
0.986931 0.922259
0.986931 0.922201
0.986931 0.922142
0.986931 0.922084
0.98693 0.922026
0.98693 0.921968
0.98693 0.92191
0.98693 0.921852
0.98693 0.921794
0.986929 0.921736
0.986929 0.921678
0.986929 0.921621
0.986928 0.921563
0.986928 0.921505
0.986928 0.921448
0.986927 0.92139
0.986927 0.921333
0.986927 0.921275
0.986926 0.921218
0.986926 0.921161
0.986926 0.921103
0.986925 0.921046
0.986925 0.920989
0.986924 0.920932
0.986924 0.920875
0.986923 0.920818
0.986923 0.920761
0.986922 0.920704
0.986922 0.920647
0.986921 0.920591
0.986921 0.920534
0.98692 0.920477
0.98692 0.920421
0.986919 0.920364
0.986919 0.920308
0.986918 0.920251
0.986918 0.920195
0.986917 0.920139
0.986917 0.920082
0.986916 0.920026
0.986915 0.91997
0.986915 0.919914
0.986914 0.919858
0.986913 0.919802
0.986913 0.919746
0.986912 0.91969
0.986911 0.919634
0.986911 0.919579
0.98691 0.919523
0.986909 0.919467
0.986909 0.919411
0.986908 0.919356
0.986907 0.9193
0.986906 0.919245
0.986906 0.91919
0.986905 0.919134
0.986904 0.919079
0.986903 0.919024
0.986903 0.918968
0.986902 0.918913
0.986901 0.918858
0.9869 0.918803
0.986899 0.918748
0.986899 0.918693
0.986898 0.918638
0.986897 0.918583
0.986896 0.918528
0.986895 0.918474
0.986894 0.918419
0.986893 0.918364
0.986892 0.91831
0.986892 0.918255
0.986891 0.918201
0.98689 0.918146
0.986889 0.918092
0.986888 0.918037
0.986887 0.917983
0.986886 0.917929
0.986885 0.917875
0.986884 0.91782
0.986883 0.917766
0.986882 0.917712
0.986881 0.917658
0.98688 0.917604
0.986879 0.91755
0.986878 0.917496
0.986877 0.917443
0.986876 0.917389
0.986875 0.917335
0.986874 0.917281
0.986873 0.917228
0.986872 0.917174
0.986871 0.917121
0.98687 0.917067
0.986869 0.917014
0.986868 0.91696
0.986867 0.916907
0.986866 0.916853
0.986865 0.9168
0.986863 0.916747
0.986862 0.916694
0.986861 0.916641
0.98686 0.916588
0.986859 0.916535
0.986858 0.916482
0.986857 0.916429
0.986856 0.916376
0.986854 0.916323
0.986853 0.91627
0.986852 0.916217
0.986851 0.916165
0.98685 0.916112
0.986848 0.916059
0.986847 0.916007
0.986846 0.915954
0.986845 0.915902
0.986844 0.915849
0.986842 0.915797
0.986841 0.915744
0.98684 0.915692
0.986839 0.91564
0.986838 0.915588
0.986836 0.915535
0.986835 0.915483
0.986834 0.915431
0.986833 0.915379
0.986831 0.915327
0.98683 0.915275
0.986829 0.915223
0.986827 0.915171
0.986826 0.915119
0.986825 0.915068
0.986824 0.915016
0.986822 0.914964
0.986821 0.914912
0.98682 0.914861
0.986818 0.914809
0.986817 0.914758
0.986816 0.914706
0.986814 0.914655
0.986813 0.914603
0.986812 0.914552
0.98681 0.914501
0.986809 0.914449
0.986808 0.914398
0.986806 0.914347
0.986805 0.914296
0.986804 0.914245
0.986802 0.914193
0.986801 0.914142
0.986799 0.914091
0.986798 0.91404
0.986797 0.91399
0.986795 0.913939
0.986794 0.913888
0.986792 0.913837
0.986791 0.913786
0.98679 0.913735
0.986788 0.913685
0.986787 0.913634
0.986785 0.913584
0.986784 0.913533
0.986782 0.913482
0.986781 0.913432
0.98678 0.913382
0.986778 0.913331
0.986777 0.913281
0.986775 0.91323
0.986774 0.91318
0.986772 0.91313
0.986771 0.91308
0.986769 0.913029
0.986768 0.912979
0.986766 0.912929
0.986765 0.912879
0.986763 0.912829
0.986762 0.912779
0.98676 0.912729
0.986759 0.912679
0.986757 0.912629
0.986756 0.91258
0.986754 0.91253
0.986753 0.91248
0.986751 0.91243
0.98675 0.912381
0.986748 0.912331
0.986747 0.912281
0.986745 0.912232
0.986744 0.912182
0.986742 0.912133
0.986741 0.912083
0.986739 0.912034
0.986738 0.911985
0.986736 0.911935
0.986734 0.911886
0.986733 0.911837
0.986731 0.911787
0.98673 0.911738
0.986728 0.911689
0.986727 0.91164
0.986725 0.911591
0.986723 0.911542
0.986722 0.911493
0.98672 0.911444
0.986719 0.911395
0.986717 0.911346
0.986716 0.911297
0.986714 0.911248
0.986712 0.911199
0.986711 0.91115
0.986709 0.911102
0.986708 0.911053
0.986706 0.911004
0.986704 0.910956
0.986703 0.910907
0.986701 0.910858
0.986699 0.91081
0.986698 0.910761
0.986696 0.910713
0.986695 0.910664
0.986693 0.910616
0.986691 0.910568
0.98669 0.910519
0.986688 0.910471
0.986686 0.910423
0.986685 0.910375
0.986683 0.910326
0.986682 0.910278
0.98668 0.91023
0.986678 0.910182
0.986677 0.910134
0.986675 0.910086
0.986673 0.910038
0.986672 0.90999
0.98667 0.909942
0.986668 0.909894
0.986667 0.909846
0.986665 0.909798
0.986663 0.90975
0.986662 0.909703
0.98666 0.909655
0.986658 0.909607
0.986657 0.909559
0.986655 0.909512
0.986653 0.909464
0.986651 0.909417
0.98665 0.909369
0.986648 0.909322
0.986646 0.909274
0.986645 0.909227
0.986643 0.909179
0.986641 0.909132
0.98664 0.909084
0.986638 0.909037
0.986636 0.90899
0.986635 0.908942
0.986633 0.908895
0.986631 0.908848
0.986629 0.908801
0.986628 0.908754
0.986626 0.908706
0.986624 0.908659
0.986623 0.908612
0.986621 0.908565
0.986619 0.908518
0.986617 0.908471
0.986616 0.908424
0.986614 0.908377
0.986612 0.90833
0.98661 0.908284
0.986609 0.908237
0.986607 0.90819
0.986605 0.908143
0.986603 0.908096
0.986602 0.90805
0.9866 0.908003
0.986598 0.907956
0.986597 0.90791
0.986595 0.907863
0.986593 0.907816
0.986591 0.90777
0.98659 0.907723
0.986588 0.907677
0.986586 0.90763
0.986584 0.907584
0.986582 0.907538
0.986581 0.907491
0.986579 0.907445
0.986577 0.907399
0.986575 0.907352
0.986574 0.907306
0.986572 0.90726
0.98657 0.907213
0.986568 0.907167
0.986567 0.907121
0.986565 0.907075
0.986563 0.907029
0.986561 0.906983
0.98656 0.906937
0.986558 0.906891
0.986556 0.906845
0.986554 0.906799
0.986552 0.906753
0.986551 0.906707
0.986549 0.906661
0.986547 0.906615
0.986545 0.906569
0.986543 0.906523
0.986542 0.906478
0.98654 0.906432
0.986538 0.906386
0.986536 0.90634
0.986535 0.906295
0.986533 0.906249
0.986531 0.906203
0.986529 0.906158
0.986527 0.906112
0.986526 0.906067
0.986524 0.906021
0.986522 0.905976
0.98652 0.90593
0.986518 0.905885
0.986517 0.905839
0.986515 0.905794
0.986513 0.905748
0.986511 0.905703
0.986509 0.905658
0.986508 0.905612
0.986506 0.905567
0.986504 0.905522
0.986502 0.905476
0.9865 0.905431
0.986498 0.905386
0.986497 0.905341
0.986495 0.905296
0.986493 0.905251
0.986491 0.905205
0.986489 0.90516
0.986488 0.905115
0.986486 0.90507
0.986484 0.905025
0.986482 0.90498
0.98648 0.904935
0.986478 0.90489
0.986477 0.904845
0.986475 0.904801
0.986473 0.904756
0.986471 0.904711
0.986469 0.904666
0.986468 0.904621
0.986466 0.904576
0.986464 0.904532
0.986462 0.904487
0.98646 0.904442
0.986458 0.904397
0.986457 0.904353
0.986455 0.904308
0.986453 0.904264
0.986451 0.904219
0.986449 0.904174
0.986447 0.90413
0.986446 0.904085
0.986444 0.904041
0.986442 0.903996
0.98644 0.903952
0.986438 0.903907
0.986436 0.903863
0.986435 0.903818
0.986433 0.903774
0.986431 0.90373
0.986429 0.903685
0.986427 0.903641
0.986425 0.903597
0.986423 0.903552
0.986422 0.903508
0.98642 0.903464
0.986418 0.90342
0.986416 0.903375
0.986414 0.903331
0.986412 0.903287
0.986411 0.903243
0.986409 0.903199
0.986407 0.903155
0.986405 0.90311
0.986403 0.903066
0.986401 0.903022
0.986399 0.902978
0.986398 0.902934
0.986396 0.90289
0.986394 0.902846
0.986392 0.902802
0.98639 0.902758
0.986388 0.902714
0.986387 0.902671
0.986385 0.902627
0.986383 0.902583
0.986381 0.902539
0.986379 0.902495
0.986377 0.902451
0.986375 0.902408
0.986374 0.902364
0.986372 0.90232
0.98637 0.902276
0.986368 0.902233
0.986366 0.902189
0.986364 0.902145
0.986362 0.902102
0.986361 0.902058
0.986359 0.902014
0.986357 0.901971
0.986355 0.901927
0.986353 0.901884
0.986351 0.90184
0.986349 0.901796
0.986348 0.901753
0.986346 0.901709
0.986344 0.901666
0.986342 0.901622
0.98634 0.901579
0.986338 0.901536
0.986336 0.901492
0.986334 0.901449
0.986333 0.901405
0.986331 0.901362
0.986329 0.901319
0.986327 0.901275
0.986325 0.901232
0.986323 0.901189
0.986321 0.901145
0.98632 0.901102
0.986318 0.901059
0.986316 0.901016
0.986314 0.900972
0.986312 0.900929
0.98631 0.900886
0.986308 0.900843
0.986306 0.9008
0.986305 0.900756
0.986303 0.900713
0.986301 0.90067
0.986299 0.900627
0.986297 0.900584
0.986295 0.900541
0.986293 0.900498
0.986292 0.900455
0.98629 0.900412
0.986288 0.900369
0.986286 0.900326
0.986284 0.900283
0.986282 0.90024
0.98628 0.900197
0.986278 0.900154
0.986277 0.900111
0.986275 0.900068
0.986273 0.900025
0.986271 0.899982
0.986269 0.89994
0.986267 0.899897
0.986265 0.899854
0.986263 0.899811
0.986262 0.899768
0.98626 0.899725
0.986258 0.899683
0.986256 0.89964
0.986254 0.899597
0.986252 0.899554
0.98625 0.899512
0.986249 0.899469
0.986247 0.899426
0.986245 0.899384
0.986243 0.899341
0.986241 0.899298
0.986239 0.899256
0.986237 0.899213
0.986235 0.89917
0.986234 0.899128
0.986232 0.899085
0.98623 0.899043
0.986228 0.899
0.986226 0.898957
0.986224 0.898915
0.986222 0.898872
0.98622 0.89883
0.986219 0.898787
0.986217 0.898745
0.986215 0.898702
0.986213 0.89866
0.986211 0.898617
0.986209 0.898575
0.986207 0.898532
0.986205 0.89849
0.986204 0.898448
0.986202 0.898405
0.9862 0.898363
0.986198 0.89832
0.986196 0.898278
0.986194 0.898236
0.986192 0.898193
0.98619 0.898151
0.986189 0.898109
0.986187 0.898066
0.986185 0.898024
0.986183 0.897982
0.986181 0.897939
0.986179 0.897897
0.986177 0.897855
0.986175 0.897813
0.986173 0.89777
0.986172 0.897728
0.98617 0.897686
0.986168 0.897644
0.986166 0.897602
0.986164 0.897559
0.986162 0.897517
0.98616 0.897475
0.986158 0.897433
0.986157 0.897391
0.986155 0.897349
0.986153 0.897306
0.986151 0.897264
0.986149 0.897222
0.986147 0.89718
0.986145 0.897138
0.986143 0.897096
0.986142 0.897054
0.98614 0.897012
0.986138 0.89697
0.986136 0.896928
0.986134 0.896886
0.986132 0.896844
0.98613 0.896802
0.986128 0.89676
0.986127 0.896718
0.986125 0.896676
0.986123 0.896634
0.986121 0.896592
0.986119 0.89655
0.986117 0.896508
0.986115 0.896466
0.986113 0.896424
0.986112 0.896382
0.98611 0.89634
0.986108 0.896298
0.986106 0.896256
0.986104 0.896214
0.986102 0.896172
0.9861 0.89613
0.986098 0.896089
0.986096 0.896047
0.986095 0.896005
0.986093 0.895963
0.986091 0.895921
0.986089 0.895879
0.986087 0.895837
0.986085 0.895796
0.986083 0.895754
0.986081 0.895712
0.98608 0.89567
0.986078 0.895628
0.986076 0.895586
0.986074 0.895545
0.986072 0.895503
0.98607 0.895461
0.986068 0.895419
0.986066 0.895378
0.986065 0.895336
0.986063 0.895294
0.986061 0.895252
0.986059 0.895211
0.986057 0.895169
0.986055 0.895127
0.986053 0.895085
0.986051 0.895044
0.98605 0.895002
0.986048 0.89496
0.986046 0.894919
0.986044 0.894877
0.986042 0.894835
0.98604 0.894793
0.986038 0.894752
0.986036 0.89471
0.986034 0.894668
0.986033 0.894627
0.986031 0.894585
0.986029 0.894543
0.986027 0.894502
0.986025 0.89446
0.986023 0.894419
0.986021 0.894377
0.986019 0.894335
0.986018 0.894294
0.986016 0.894252
0.986014 0.89421
0.986012 0.894169
0.98601 0.894127
0.986008 0.894086
0.986006 0.894044
0.986004 0.894002
0.986003 0.893961
0.986001 0.893919
0.985999 0.893878
0.985997 0.893836
0.985995 0.893794
0.985993 0.893753
0.985991 0.893711
0.985989 0.89367
0.985987 0.893628
0.985986 0.893587
0.985984 0.893545
0.985982 0.893504
0.98598 0.893462
0.985978 0.89342
0.985976 0.893379
0.985974 0.893337
0.985972 0.893296
0.985971 0.893254
0.985969 0.893213
0.985967 0.893171
0.985965 0.89313
0.985963 0.893088
0.985961 0.893047
0.985959 0.893005
0.985957 0.892964
0.985956 0.892922
0.985954 0.892881
0.985952 0.892839
0.98595 0.892798
0.985948 0.892756
0.985946 0.892715
0.985944 0.892673
0.985942 0.892632
0.98594 0.89259
0.985939 0.892549
0.985937 0.892507
0.985935 0.892466
0.985933 0.892424
0.985931 0.892383
0.985929 0.892341
0.985927 0.8923
0.985925 0.892258
0.985924 0.892217
0.985922 0.892175
0.98592 0.892134
0.985918 0.892092
0.985916 0.892051
0.985914 0.892009
0.985912 0.891968
0.98591 0.891926
0.985909 0.891885
0.985907 0.891843
0.985905 0.891802
0.985903 0.89176
0.985901 0.891719
0.985899 0.891677
0.985897 0.891636
0.985895 0.891594
0.985893 0.891553
0.985892 0.891511
0.98589 0.89147
0.985888 0.891428
0.985886 0.891387
0.985884 0.891345
0.985882 0.891304
0.98588 0.891262
0.985878 0.891221
0.985877 0.891179
0.985875 0.891138
0.985873 0.891096
0.985871 0.891055
0.985869 0.891014
0.985867 0.890972
0.985865 0.890931
0.985863 0.890889
0.985861 0.890848
0.98586 0.890806
0.985858 0.890765
0.985856 0.890723
0.985854 0.890682
0.985852 0.89064
0.98585 0.890599
0.985848 0.890557
0.985846 0.890515
0.985845 0.890474
0.985843 0.890432
0.985841 0.890391
0.985839 0.890349
0.985837 0.890308
0.985835 0.890266
0.985833 0.890225
0.985831 0.890183
0.985829 0.890142
0.985828 0.8901
0.985826 0.890059
0.985824 0.890017
0.985822 0.889976
0.98582 0.889934
0.985818 0.889893
0.985816 0.889851
0.985814 0.889809
0.985812 0.889768
0.985811 0.889726
0.985809 0.889685
0.985807 0.889643
0.985805 0.889602
0.985803 0.88956
0.985801 0.889518
0.985799 0.889477
0.985797 0.889435
0.985796 0.889394
0.985794 0.889352
0.985792 0.889311
0.98579 0.889269
0.985788 0.889227
0.985786 0.889186
0.985784 0.889144
0.985782 0.889102
0.98578 0.889061
0.985779 0.889019
0.985777 0.888978
0.985775 0.888936
0.985773 0.888894
0.985771 0.888853
0.985769 0.888811
0.985767 0.888769
0.985765 0.888728
0.985763 0.888686
0.985762 0.888644
0.98576 0.888603
0.985758 0.888561
0.985756 0.888519
0.985754 0.888478
0.985752 0.888436
0.98575 0.888394
0.985748 0.888352
0.985746 0.888311
0.985745 0.888269
0.985743 0.888227
0.985741 0.888186
0.985739 0.888144
0.985737 0.888102
0.985735 0.88806
0.985733 0.888019
0.985731 0.887977
0.985729 0.887935
0.985727 0.887893
0.985726 0.887851
0.985724 0.88781
0.985722 0.887768
0.98572 0.887726
0.985718 0.887684
0.985716 0.887642
0.985714 0.887601
0.985712 0.887559
0.98571 0.887517
0.985709 0.887475
0.985707 0.887433
0.985705 0.887391
0.985703 0.887349
0.985701 0.887308
0.985699 0.887266
0.985697 0.887224
0.985695 0.887182
0.985693 0.88714
0.985691 0.887098
0.98569 0.887056
0.985688 0.887014
0.985686 0.886972
0.985684 0.88693
0.985682 0.886888
0.98568 0.886846
0.985678 0.886804
0.985676 0.886762
0.985674 0.88672
0.985672 0.886678
0.985671 0.886636
0.985669 0.886594
0.985667 0.886552
0.985665 0.88651
0.985663 0.886468
0.985661 0.886426
0.985659 0.886384
0.985657 0.886342
0.985655 0.8863
0.985653 0.886258
0.985652 0.886216
0.98565 0.886174
0.985648 0.886131
0.985646 0.886089
0.985644 0.886047
0.985642 0.886005
0.98564 0.885963
0.985638 0.885921
0.985636 0.885879
0.985634 0.885836
0.985633 0.885794
0.985631 0.885752
0.985629 0.88571
0.985627 0.885667
0.985625 0.885625
0.985623 0.885583
0.985621 0.885541
0.985619 0.885498
0.985617 0.885456
0.985615 0.885414
0.985613 0.885371
0.985612 0.885329
0.98561 0.885287
0.985608 0.885244
0.985606 0.885202
0.985604 0.88516
0.985602 0.885117
0.9856 0.885075
0.985598 0.885032
0.985596 0.88499
0.985594 0.884948
0.985592 0.884905
0.98559 0.884863
0.985589 0.88482
0.985587 0.884778
0.985585 0.884735
0.985583 0.884693
0.985581 0.88465
0.985579 0.884608
0.985577 0.884565
0.985575 0.884523
0.985573 0.88448
0.985571 0.884437
0.985569 0.884395
0.985567 0.884352
0.985566 0.88431
0.985564 0.884267
0.985562 0.884224
0.98556 0.884182
0.985558 0.884139
0.985556 0.884096
0.985554 0.884054
0.985552 0.884011
0.98555 0.883968
0.985548 0.883925
0.985546 0.883883
0.985544 0.88384
0.985543 0.883797
0.985541 0.883754
0.985539 0.883711
0.985537 0.883669
0.985535 0.883626
0.985533 0.883583
0.985531 0.88354
0.985529 0.883497
0.985527 0.883454
0.985525 0.883411
0.985523 0.883368
0.985521 0.883325
0.985519 0.883282
0.985517 0.883239
0.985516 0.883196
0.985514 0.883153
0.985512 0.88311
0.98551 0.883067
0.985508 0.883024
0.985506 0.882981
0.985504 0.882938
0.985502 0.882895
0.9855 0.882852
0.985498 0.882809
0.985496 0.882765
0.985494 0.882722
0.985492 0.882679
0.98549 0.882636
0.985488 0.882593
0.985486 0.882549
0.985485 0.882506
0.985483 0.882463
0.985481 0.88242
0.985479 0.882376
0.985477 0.882333
0.985475 0.88229
0.985473 0.882246
0.985471 0.882203
0.985469 0.882159
0.985467 0.882116
0.985465 0.882073
0.985463 0.882029
0.985461 0.881986
0.985459 0.881942
0.985457 0.881899
0.985455 0.881855
0.985453 0.881812
0.985451 0.881768
0.98545 0.881724
0.985448 0.881681
0.985446 0.881637
0.985444 0.881594
0.985442 0.88155
0.98544 0.881506
0.985438 0.881463
0.985436 0.881419
0.985434 0.881375
0.985432 0.881331
0.98543 0.881288
0.985428 0.881244
0.985426 0.8812
0.985424 0.881156
0.985422 0.881112
0.98542 0.881068
0.985418 0.881025
0.985416 0.880981
0.985414 0.880937
0.985412 0.880893
0.98541 0.880849
0.985408 0.880805
0.985406 0.880761
0.985404 0.880717
0.985403 0.880673
0.985401 0.880629
0.985399 0.880584
0.985397 0.88054
0.985395 0.880496
0.985393 0.880452
0.985391 0.880408
0.985389 0.880364
0.985387 0.880319
0.985385 0.880275
0.985383 0.880231
0.985381 0.880187
0.985379 0.880142
0.985377 0.880098
0.985375 0.880054
0.985373 0.880009
0.985371 0.879965
0.985369 0.87992
0.985367 0.879876
0.985365 0.879832
0.985363 0.879787
0.985361 0.879743
0.985359 0.879698
0.985357 0.879653
0.985355 0.879609
0.985353 0.879564
0.985351 0.87952
0.985349 0.879475
0.985347 0.87943
0.985345 0.879386
0.985343 0.879341
0.985341 0.879296
0.985339 0.879251
0.985337 0.879206
0.985335 0.879162
0.985333 0.879117
0.985331 0.879072
0.985329 0.879027
0.985327 0.878982
0.985325 0.878937
0.985323 0.878892
0.985321 0.878847
0.985319 0.878802
0.985317 0.878757
0.985315 0.878712
0.985313 0.878667
0.985311 0.878622
0.985309 0.878577
0.985307 0.878532
0.985305 0.878486
0.985303 0.878441
0.985301 0.878396
0.985299 0.878351
0.985297 0.878305
0.985295 0.87826
0.985293 0.878215
0.985291 0.878169
0.985289 0.878124
0.985287 0.878078
0.985285 0.878033
0.985283 0.877987
0.985281 0.877942
0.985279 0.877896
0.985277 0.877851
0.985275 0.877805
0.985273 0.87776
0.985271 0.877714
0.985269 0.877668
0.985267 0.877623
0.985265 0.877577
0.985263 0.877531
0.985261 0.877485
0.985259 0.877439
0.985257 0.877394
0.985255 0.877348
0.985253 0.877302
0.985251 0.877256
0.985249 0.87721
0.985247 0.877164
0.985245 0.877118
0.985243 0.877072
0.985241 0.877026
0.985239 0.87698
0.985237 0.876933
0.985235 0.876887
0.985233 0.876841
0.985231 0.876795
0.985228 0.876749
0.985226 0.876702
0.985224 0.876656
0.985222 0.87661
0.98522 0.876563
0.985218 0.876517
0.985216 0.87647
0.985214 0.876424
0.985212 0.876377
0.98521 0.876331
0.985208 0.876284
0.985206 0.876238
0.985204 0.876191
0.985202 0.876144
0.9852 0.876098
0.985198 0.876051
0.985196 0.876004
0.985194 0.875957
0.985192 0.875911
0.98519 0.875864
0.985187 0.875817
0.985185 0.87577
0.985183 0.875723
0.985181 0.875676
0.985179 0.875629
0.985177 0.875582
0.985175 0.875535
0.985173 0.875488
0.985171 0.875441
0.985169 0.875393
0.985167 0.875346
0.985165 0.875299
0.985163 0.875252
0.985161 0.875204
0.985159 0.875157
0.985156 0.87511
0.985154 0.875062
0.985152 0.875015
0.98515 0.874967
0.985148 0.87492
0.985146 0.874872
0.985144 0.874825
0.985142 0.874777
0.98514 0.874729
0.985138 0.874682
0.985136 0.874634
0.985134 0.874586
0.985131 0.874538
0.985129 0.87449
0.985127 0.874443
0.985125 0.874395
0.985123 0.874347
0.985121 0.874299
0.985119 0.874251
0.985117 0.874203
0.985115 0.874155
0.985113 0.874106
0.98511 0.874058
0.985108 0.87401
0.985106 0.873962
0.985104 0.873913
0.985102 0.873865
0.9851 0.873817
0.985098 0.873768
0.985096 0.87372
0.985094 0.873671
0.985091 0.873623
0.985089 0.873574
0.985087 0.873526
0.985085 0.873477
0.985083 0.873429
0.985081 0.87338
0.985079 0.873331
0.985077 0.873282
0.985074 0.873233
0.985072 0.873185
0.98507 0.873136
0.985068 0.873087
0.985066 0.873038
0.985064 0.872989
0.985062 0.87294
0.985059 0.872891
0.985057 0.872841
0.985055 0.872792
0.985053 0.872743
0.985051 0.872694
0.985049 0.872644
0.985047 0.872595
0.985044 0.872546
0.985042 0.872496
0.98504 0.872447
0.985038 0.872397
0.985036 0.872348
0.985034 0.872298
0.985032 0.872248
0.985029 0.872199
0.985027 0.872149
0.985025 0.872099
0.985023 0.872049
0.985021 0.872
0.985019 0.87195
0.985016 0.8719
0.985014 0.87185
0.985012 0.8718
0.98501 0.87175
0.985008 0.871699
0.985006 0.871649
0.985003 0.871599
0.985001 0.871549
0.984999 0.871499
0.984997 0.871448
0.984995 0.871398
0.984992 0.871347
0.98499 0.871297
0.984988 0.871246
0.984986 0.871196
0.984984 0.871145
0.984982 0.871095
0.984979 0.871044
0.984977 0.870993
0.984975 0.870942
0.984973 0.870891
0.984971 0.870841
0.984968 0.87079
0.984966 0.870739
0.984964 0.870688
0.984962 0.870636
0.98496 0.870585
0.984957 0.870534
0.984955 0.870483
0.984953 0.870432
0.984951 0.87038
0.984948 0.870329
0.984946 0.870278
0.984944 0.870226
0.984942 0.870175
0.98494 0.870123
0.984937 0.870071
0.984935 0.87002
0.984933 0.869968
0.984931 0.869916
0.984928 0.869864
0.984926 0.869813
0.984924 0.869761
0.984922 0.869709
0.984919 0.869657
0.984917 0.869605
0.984915 0.869552
0.984913 0.8695
0.98491 0.869448
0.984908 0.869396
0.984906 0.869343
0.984904 0.869291
0.984901 0.869239
0.984899 0.869186
0.984897 0.869134
0.984895 0.869081
0.984892 0.869028
0.98489 0.868976
0.984888 0.868923
0.984886 0.86887
0.984883 0.868817
0.984881 0.868764
0.984879 0.868711
0.984877 0.868658
0.984874 0.868605
0.984872 0.868552
0.98487 0.868499
0.984867 0.868446
0.984865 0.868393
0.984863 0.868339
0.984861 0.868286
0.984858 0.868232
0.984856 0.868179
0.984854 0.868125
0.984851 0.868072
0.984849 0.868018
0.984847 0.867964
0.984844 0.867911
0.984842 0.867857
0.98484 0.867803
0.984838 0.867749
0.984835 0.867695
0.984833 0.867641
0.984831 0.867587
0.984828 0.867532
0.984826 0.867478
0.984824 0.867424
0.984821 0.867369
0.984819 0.867315
0.984817 0.867261
0.984814 0.867206
0.984812 0.867151
0.98481 0.867097
0.984807 0.867042
0.984805 0.866987
0.984803 0.866932
0.9848 0.866877
0.984798 0.866823
0.984796 0.866767
0.984793 0.866712
0.984791 0.866657
0.984789 0.866602
0.984786 0.866547
0.984784 0.866491
0.984782 0.866436
0.984779 0.866381
0.984777 0.866325
0.984774 0.866269
0.984772 0.866214
0.98477 0.866158
0.984767 0.866102
0.984765 0.866047
0.984763 0.865991
0.98476 0.865935
0.984758 0.865879
0.984755 0.865823
0.984753 0.865766
0.984751 0.86571
0.984748 0.865654
0.984746 0.865598
0.984743 0.865541
0.984741 0.865485
0.984739 0.865428
0.984736 0.865371
0.984734 0.865315
0.984731 0.865258
0.984729 0.865201
0.984727 0.865144
0.984724 0.865087
0.984722 0.86503
0.984719 0.864973
0.984717 0.864916
0.984714 0.864859
0.984712 0.864802
0.98471 0.864744
0.984707 0.864687
0.984705 0.864629
0.984702 0.864572
0.9847 0.864514
0.984697 0.864456
0.984695 0.864399
0.984693 0.864341
0.98469 0.864283
0.984688 0.864225
0.984685 0.864167
0.984683 0.864109
0.98468 0.86405
0.984678 0.863992
0.984675 0.863934
0.984673 0.863875
0.98467 0.863817
0.984668 0.863758
0.984665 0.8637
0.984663 0.863641
0.98466 0.863582
0.984658 0.863523
0.984656 0.863464
0.984653 0.863405
0.984651 0.863346
0.984648 0.863287
0.984646 0.863228
0.984643 0.863168
0.984641 0.863109
0.984638 0.86305
0.984636 0.86299
0.984633 0.86293
0.98463 0.862871
0.984628 0.862811
0.984625 0.862751
0.984623 0.862691
0.98462 0.862631
0.984618 0.862571
0.984615 0.862511
0.984613 0.862451
0.98461 0.86239
0.984608 0.86233
0.984605 0.862269
0.984603 0.862209
0.9846 0.862148
0.984598 0.862087
0.984595 0.862027
0.984592 0.861966
0.98459 0.861905
0.984587 0.861844
0.984585 0.861783
0.984582 0.861721
0.98458 0.86166
0.984577 0.861599
0.984574 0.861537
0.984572 0.861476
0.984569 0.861414
0.984567 0.861352
0.984564 0.861291
0.984562 0.861229
0.984559 0.861167
0.984556 0.861105
0.984554 0.861043
0.984551 0.86098
0.984549 0.860918
0.984546 0.860856
0.984543 0.860793
0.984541 0.860731
0.984538 0.860668
0.984535 0.860605
0.984533 0.860542
0.98453 0.860479
0.984528 0.860416
0.984525 0.860353
0.984522 0.86029
0.98452 0.860227
0.984517 0.860163
0.984514 0.8601
0.984512 0.860036
0.984509 0.859973
0.984506 0.859909
0.984504 0.859845
0.984501 0.859781
0.984498 0.859717
0.984496 0.859653
0.984493 0.859589
0.98449 0.859525
0.984488 0.85946
0.984485 0.859396
0.984482 0.859331
0.98448 0.859267
0.984477 0.859202
0.984474 0.859137
0.984471 0.859072
0.984469 0.859007
0.984466 0.858942
0.984463 0.858877
0.984461 0.858811
0.984458 0.858746
0.984455 0.858681
0.984452 0.858615
0.98445 0.858549
0.984447 0.858483
0.984444 0.858417
0.984442 0.858351
0.984439 0.858285
0.984436 0.858219
0.984433 0.858153
0.984431 0.858086
0.984428 0.85802
0.984425 0.857953
0.984422 0.857887
0.984419 0.85782
0.984417 0.857753
0.984414 0.857686
0.984411 0.857619
0.984408 0.857551
0.984406 0.857484
0.984403 0.857417
0.9844 0.857349
0.984397 0.857281
0.984394 0.857214
0.984392 0.857146
0.984389 0.857078
0.984386 0.85701
0.984383 0.856942
0.98438 0.856873
0.984377 0.856805
0.984375 0.856736
0.984372 0.856668
0.984369 0.856599
0.984366 0.85653
0.984363 0.856461
0.98436 0.856392
0.984358 0.856323
0.984355 0.856254
0.984352 0.856185
0.984349 0.856115
0.984346 0.856045
0.984343 0.855976
0.98434 0.855906
0.984338 0.855836
0.984335 0.855766
0.984332 0.855696
0.984329 0.855625
0.984326 0.855555
0.984323 0.855485
0.98432 0.855414
0.984317 0.855343
0.984314 0.855272
0.984311 0.855201
0.984308 0.85513
0.984306 0.855059
0.984303 0.854988
0.9843 0.854916
0.984297 0.854845
0.984294 0.854773
0.984291 0.854701
0.984288 0.854629
0.984285 0.854557
0.984282 0.854485
0.984279 0.854413
0.984276 0.85434
0.984273 0.854268
0.98427 0.854195
0.984267 0.854122
0.984264 0.854049
0.984261 0.853976
0.984258 0.853903
0.984255 0.85383
0.984252 0.853756
0.984249 0.853683
0.984246 0.853609
0.984243 0.853535
0.98424 0.853461
0.984237 0.853387
0.984234 0.853313
0.984231 0.853239
0.984228 0.853164
0.984225 0.85309
0.984222 0.853015
0.984219 0.85294
0.984216 0.852865
0.984213 0.85279
0.98421 0.852715
0.984206 0.85264
0.984203 0.852564
0.9842 0.852489
0.984197 0.852413
0.984194 0.852337
0.984191 0.852261
0.984188 0.852185
0.984185 0.852108
0.984182 0.852032
0.984179 0.851955
0.984175 0.851879
0.984172 0.851802
0.984169 0.851725
0.984166 0.851647
0.984163 0.85157
0.98416 0.851493
0.984157 0.851415
0.984153 0.851337
0.98415 0.85126
0.984147 0.851182
0.984144 0.851103
0.984141 0.851025
0.984138 0.850947
0.984134 0.850868
0.984131 0.850789
0.984128 0.850711
0.984125 0.850632
0.984122 0.850552
0.984118 0.850473
0.984115 0.850394
0.984112 0.850314
0.984109 0.850234
0.984105 0.850154
0.984102 0.850074
0.984099 0.849994
0.984096 0.849914
0.984092 0.849833
0.984089 0.849752
0.984086 0.849672
0.984083 0.849591
0.984079 0.849509
0.984076 0.849428
0.984073 0.849347
0.984069 0.849265
0.984066 0.849183
0.984063 0.849101
0.98406 0.849019
0.984056 0.848937
0.984053 0.848855
0.98405 0.848772
0.984046 0.848689
0.984043 0.848606
0.98404 0.848523
0.984036 0.84844
0.984033 0.848357
0.984029 0.848273
0.984026 0.848189
0.984023 0.848105
0.984019 0.848021
0.984016 0.847937
0.984013 0.847853
0.984009 0.847768
0.984006 0.847683
0.984002 0.847599
0.983999 0.847513
0.983995 0.847428
0.983992 0.847343
0.983989 0.847257
0.983985 0.847171
0.983982 0.847085
0.983978 0.846999
0.983975 0.846913
0.983971 0.846827
0.983968 0.84674
0.983964 0.846653
0.983961 0.846566
0.983957 0.846479
0.983954 0.846391
0.98395 0.846304
0.983947 0.846216
0.983943 0.846128
0.98394 0.84604
0.983936 0.845952
0.983933 0.845863
0.983929 0.845775
0.983926 0.845686
0.983922 0.845597
0.983919 0.845508
0.983915 0.845418
0.983911 0.845329
0.983908 0.845239
0.983904 0.845149
0.983901 0.845059
0.983897 0.844968
0.983893 0.844878
0.98389 0.844787
0.983886 0.844696
0.983882 0.844605
0.983879 0.844514
0.983875 0.844422
0.983872 0.84433
0.983868 0.844238
0.983864 0.844146
0.983861 0.844054
0.983857 0.843961
0.983853 0.843869
0.983849 0.843776
0.983846 0.843683
0.983842 0.843589
0.983838 0.843496
0.983835 0.843402
0.983831 0.843308
0.983827 0.843214
0.983823 0.843119
0.98382 0.843025
0.983816 0.84293
0.983812 0.842835
0.983808 0.84274
0.983804 0.842644
0.983801 0.842549
0.983797 0.842453
0.983793 0.842357
0.983789 0.84226
0.983785 0.842164
0.983782 0.842067
0.983778 0.84197
0.983774 0.841873
0.98377 0.841775
0.983766 0.841678
0.983762 0.84158
0.983758 0.841482
0.983755 0.841383
0.983751 0.841285
0.983747 0.841186
0.983743 0.841087
0.983739 0.840988
0.983735 0.840888
0.983731 0.840789
0.983727 0.840689
0.983723 0.840588
0.983719 0.840488
0.983715 0.840387
0.983711 0.840287
0.983707 0.840185
0.983703 0.840084
0.983699 0.839982
0.983695 0.839881
0.983691 0.839778
0.983687 0.839676
0.983683 0.839574
0.983679 0.839471
0.983675 0.839368
0.983671 0.839264
0.983667 0.839161
0.983663 0.839057
0.983659 0.838953
0.983655 0.838849
0.983651 0.838744
0.983646 0.838639
0.983642 0.838534
0.983638 0.838429
0.983634 0.838323
0.98363 0.838217
0.983626 0.838111
0.983622 0.838005
0.983617 0.837898
0.983613 0.837791
0.983609 0.837684
0.983605 0.837576
0.983601 0.837469
0.983596 0.837361
0.983592 0.837253
0.983588 0.837144
0.983584 0.837035
0.983579 0.836926
0.983575 0.836817
0.983571 0.836707
0.983567 0.836597
0.983562 0.836487
0.983558 0.836377
0.983554 0.836266
0.983549 0.836155
0.983545 0.836043
0.983541 0.835932
0.983536 0.83582
0.983532 0.835708
0.983527 0.835595
0.983523 0.835483
0.983519 0.83537
0.983514 0.835256
0.98351 0.835143
0.983505 0.835029
0.983501 0.834914
0.983497 0.8348
0.983492 0.834685
0.983488 0.83457
0.983483 0.834454
0.983479 0.834339
0.983474 0.834223
0.98347 0.834106
0.983465 0.83399
0.983461 0.833873
0.983456 0.833755
0.983451 0.833638
0.983447 0.83352
0.983442 0.833401
0.983438 0.833283
0.983433 0.833164
0.983428 0.833045
0.983424 0.832925
0.983419 0.832805
0.983415 0.832685
0.98341 0.832565
0.983405 0.832444
0.983401 0.832323
0.983396 0.832201
0.983391 0.832079
0.983386 0.831957
0.983382 0.831835
0.983377 0.831712
0.983372 0.831589
0.983367 0.831465
0.983363 0.831341
0.983358 0.831217
0.983353 0.831093
0.983348 0.830968
0.983343 0.830842
0.983339 0.830717
0.983334 0.830591
0.983329 0.830464
0.983324 0.830338
0.983319 0.830211
0.983314 0.830083
0.983309 0.829956
0.983304 0.829827
0.983299 0.829699
0.983295 0.82957
0.98329 0.829441
0.983285 0.829311
0.98328 0.829181
0.983275 0.829051
0.98327 0.82892
0.983265 0.828789
0.98326 0.828657
0.983255 0.828526
0.983249 0.828393
0.983244 0.828261
0.983239 0.828128
0.983234 0.827994
0.983229 0.82786
0.983224 0.827726
0.983219 0.827591
0.983214 0.827456
0.983208 0.827321
0.983203 0.827185
0.983198 0.827049
0.983193 0.826912
0.983188 0.826775
0.983182 0.826638
0.983177 0.8265
0.983172 0.826362
0.983167 0.826223
0.983161 0.826084
0.983156 0.825944
0.983151 0.825804
0.983145 0.825664
0.98314 0.825523
0.983135 0.825382
0.983129 0.82524
0.983124 0.825098
0.983118 0.824955
0.983113 0.824812
0.983107 0.824669
0.983102 0.824525
0.983097 0.82438
0.983091 0.824236
0.983086 0.82409
0.98308 0.823945
0.983074 0.823798
0.983069 0.823652
0.983063 0.823505
0.983058 0.823357
0.983052 0.823209
0.983047 0.823061
0.983041 0.822912
0.983035 0.822762
0.98303 0.822612
0.983024 0.822462
0.983018 0.822311
0.983013 0.82216
0.983007 0.822008
0.983001 0.821855
0.982995 0.821703
0.98299 0.821549
0.982984 0.821395
0.982978 0.821241
0.982972 0.821086
0.982966 0.820931
0.98296 0.820775
0.982954 0.820619
0.982949 0.820462
0.982943 0.820304
0.982937 0.820146
0.982931 0.819988
0.982925 0.819829
0.982919 0.819669
0.982913 0.819509
0.982907 0.819349
0.982901 0.819188
0.982895 0.819026
0.982889 0.818864
0.982882 0.818701
0.982876 0.818538
0.98287 0.818374
0.982864 0.81821
0.982858 0.818045
0.982852 0.817879
0.982845 0.817713
0.982839 0.817546
0.982833 0.817379
0.982827 0.817211
0.98282 0.817043
0.982814 0.816874
0.982808 0.816704
0.982801 0.816534
0.982795 0.816363
0.982789 0.816192
0.982782 0.81602
0.982776 0.815847
0.982769 0.815674
0.982763 0.815501
0.982756 0.815326
0.98275 0.815151
0.982743 0.814976
0.982737 0.814799
0.98273 0.814622
0.982724 0.814445
0.982717 0.814267
0.98271 0.814088
0.982704 0.813909
0.982697 0.813728
0.98269 0.813548
0.982684 0.813366
0.982677 0.813184
0.98267 0.813002
0.982663 0.812818
0.982657 0.812634
0.98265 0.812449
0.982643 0.812264
0.982636 0.812078
0.982629 0.811891
0.982622 0.811704
0.982615 0.811516
0.982608 0.811327
0.982601 0.811137
0.982594 0.810947
0.982587 0.810756
0.98258 0.810564
0.982573 0.810372
0.982566 0.810179
0.982559 0.809985
0.982552 0.80979
0.982544 0.809595
0.982537 0.809399
0.98253 0.809202
0.982523 0.809005
0.982515 0.808806
0.982508 0.808607
0.982501 0.808407
0.982493 0.808207
0.982486 0.808005
0.982479 0.807803
0.982471 0.8076
0.982464 0.807396
0.982456 0.807192
0.982449 0.806986
0.982441 0.80678
0.982434 0.806573
0.982426 0.806365
0.982418 0.806157
0.982411 0.805947
0.982403 0.805737
0.982395 0.805526
0.982388 0.805314
0.98238 0.805101
0.982372 0.804887
0.982364 0.804673
0.982356 0.804458
0.982348 0.804241
0.982341 0.804024
0.982333 0.803806
0.982325 0.803587
0.982317 0.803368
0.982309 0.803147
0.982301 0.802925
0.982293 0.802703
0.982284 0.802479
0.982276 0.802255
0.982268 0.80203
0.98226 0.801804
0.982252 0.801576
0.982243 0.801348
0.982235 0.801119
0.982227 0.800889
0.982218 0.800658
0.98221 0.800426
0.982202 0.800193
0.982193 0.79996
0.982185 0.799725
0.982176 0.799489
0.982168 0.799252
0.982159 0.799014
0.98215 0.798775
0.982142 0.798535
0.982133 0.798294
0.982124 0.798052
0.982115 0.797809
0.982107 0.797565
0.982098 0.79732
0.982089 0.797074
0.98208 0.796826
0.982071 0.796578
0.982062 0.796328
0.982053 0.796078
0.982044 0.795826
0.982035 0.795573
0.982026 0.795319
0.982017 0.795064
0.982008 0.794808
0.981998 0.794551
0.981989 0.794292
0.98198 0.794032
0.981971 0.793772
0.981961 0.79351
0.981952 0.793246
0.981942 0.792982
0.981933 0.792716
0.981923 0.79245
0.981914 0.792182
0.981904 0.791912
0.981894 0.791642
0.981885 0.79137
0.981875 0.791097
0.981865 0.790823
0.981855 0.790547
0.981846 0.79027
0.981836 0.789992
0.981826 0.789713
0.981816 0.789432
0.981806 0.78915
0.981796 0.788867
0.981786 0.788582
0.981775 0.788296
0.981765 0.788009
0.981755 0.78772
0.981745 0.78743
0.981734 0.787138
0.981724 0.786845
0.981714 0.786551
0.981703 0.786255
0.981693 0.785958
0.981682 0.785659
0.981671 0.785359
0.981661 0.785057
0.98165 0.784754
0.981639 0.78445
0.981629 0.784144
0.981618 0.783836
0.981607 0.783527
0.981596 0.783217
0.981585 0.782904
0.981574 0.782591
0.981563 0.782275
0.981552 0.781959
0.98154 0.78164
0.981529 0.78132
0.981518 0.780998
0.981507 0.780675
0.981495 0.78035
0.981484 0.780024
0.981472 0.779695
0.981461 0.779366
0.981449 0.779034
0.981437 0.778701
0.981426 0.778365
0.981414 0.778029
0.981402 0.77769
0.98139 0.77735
0.981378 0.777008
0.981366 0.776664
0.981354 0.776318
0.981342 0.775971
0.98133 0.775622
0.981318 0.77527
0.981305 0.774917
0.981293 0.774562
0.98128 0.774206
0.981268 0.773847
0.981255 0.773486
0.981243 0.773124
0.98123 0.772759
0.981217 0.772393
0.981205 0.772024
0.981192 0.771654
0.981179 0.771281
0.981166 0.770907
0.981153 0.77053
0.98114 0.770152
0.981127 0.769771
0.981113 0.769388
0.9811 0.769003
0.981087 0.768616
0.981073 0.768227
0.98106 0.767835
0.981046 0.767442
0.981032 0.767046
0.981019 0.766648
0.981005 0.766247
0.980991 0.765845
0.980977 0.76544
0.980963 0.765033
0.980949 0.764623
0.980935 0.764211
0.980921 0.763797
0.980906 0.76338
0.980892 0.762961
0.980877 0.76254
0.980863 0.762116
0.980848 0.761689
0.980834 0.761261
0.980819 0.760829
0.980804 0.760395
0.980789 0.759959
0.980774 0.75952
0.980759 0.759078
0.980744 0.758634
0.980728 0.758187
0.980713 0.757737
0.980698 0.757285
0.980682 0.75683
0.980667 0.756372
0.980651 0.755911
0.980635 0.755448
0.980619 0.754982
0.980603 0.754513
0.980587 0.754041
0.980571 0.753566
0.980555 0.753088
0.980539 0.752607
0.980522 0.752124
0.980506 0.751637
0.980489 0.751147
0.980472 0.750654
0.980455 0.750159
0.980439 0.74966
0.980422 0.749157
0.980404 0.748652
0.980387 0.748144
0.98037 0.747632
0.980353 0.747117
0.980335 0.746599
0.980317 0.746077
0.9803 0.745552
0.980282 0.745024
0.980264 0.744492
0.980246 0.743956
0.980228 0.743418
0.98021 0.742875
0.980191 0.74233
0.980173 0.74178
0.980154 0.741227
0.980135 0.74067
0.980117 0.74011
0.980098 0.739546
0.980079 0.738978
0.980059 0.738406
0.98004 0.737831
0.980021 0.737252
0.980001 0.736668
0.979981 0.736081
0.979962 0.73549
0.979942 0.734894
0.979922 0.734295
0.979902 0.733692
0.979881 0.733084
0.979861 0.732472
0.97984 0.731856
0.97982 0.731236
0.979799 0.730611
0.979778 0.729983
0.979757 0.729349
0.979735 0.728711
0.979714 0.728069
0.979693 0.727422
0.979671 0.726771
0.979649 0.726115
0.979627 0.725454
0.979605 0.724789
0.979583 0.724119
0.97956 0.723444
0.979538 0.722764
0.979515 0.722079
0.979492 0.721389
0.979469 0.720694
0.979446 0.719994
0.979423 0.719289
0.979399 0.718579
0.979375 0.717864
0.979352 0.717143
0.979328 0.716417
0.979303 0.715686
0.979279 0.714949
0.979255 0.714207
0.97923 0.713459
0.979205 0.712705
0.97918 0.711946
0.979155 0.711181
0.979129 0.71041
0.979104 0.709633
0.979078 0.708851
0.979052 0.708062
0.979026 0.707268
0.979 0.706467
0.978973 0.70566
0.978946 0.704847
0.978919 0.704027
0.978892 0.703201
0.978865 0.702369
0.978837 0.70153
0.97881 0.700685
0.978782 0.699833
0.978754 0.698974
0.978725 0.698108
0.978697 0.697236
0.978668 0.696356
0.978639 0.695469
0.978609 0.694576
0.97858 0.693675
0.97855 0.692767
0.97852 0.691851
0.97849 0.690928
0.97846 0.689998
0.978429 0.68906
0.978398 0.688114
0.978367 0.687161
0.978335 0.686199
0.978304 0.68523
0.978272 0.684253
0.97824 0.683268
0.978207 0.682274
0.978175 0.681272
0.978142 0.680262
0.978108 0.679243
0.978075 0.678216
0.978041 0.67718
0.978007 0.676135
0.977973 0.675081
0.977938 0.674019
0.977903 0.672947
0.977868 0.671866
0.977832 0.670776
0.977796 0.669677
0.97776 0.668568
0.977724 0.667449
0.977687 0.666321
0.97765 0.665183
0.977612 0.664035
0.977575 0.662877
0.977537 0.661709
0.977498 0.66053
0.97746 0.659342
0.97742 0.658142
0.977381 0.656933
0.977341 0.655712
0.977301 0.654481
0.977261 0.653238
0.97722 0.651985
0.977179 0.65072
0.977137 0.649444
0.977095 0.648157
0.977053 0.646858
0.97701 0.645547
0.976967 0.644224
0.976923 0.64289
0.976879 0.641543
0.976835 0.640184
0.97679 0.638813
0.976745 0.637429
0.976699 0.636032
0.976653 0.634623
0.976607 0.6332
0.97656 0.631765
0.976512 0.630316
0.976464 0.628854
0.976416 0.627379
0.976367 0.625889
0.976318 0.624386
0.976268 0.622869
0.976218 0.621338
0.976167 0.619793
0.976116 0.618233
0.976064 0.616658
0.976012 0.615069
0.975959 0.613465
0.975906 0.611845
0.975852 0.610211
0.975798 0.608561
0.975743 0.606896
0.975687 0.605214
0.975631 0.603517
0.975574 0.601804
0.975517 0.600075
0.975459 0.59833
0.975401 0.596568
0.975342 0.594789
0.975282 0.592993
0.975222 0.59118
0.975161 0.589351
0.975099 0.587503
0.975037 0.585639
0.974974 0.583756
0.974911 0.581856
0.974846 0.579937
0.974781 0.578001
0.974716 0.576046
0.974649 0.574073
0.974582 0.572081
0.974514 0.57007
0.974446 0.56804
0.974376 0.56599
0.974306 0.563922
0.974235 0.561834
0.974164 0.559726
0.974091 0.557599
0.974018 0.555451
0.973944 0.553284
0.973869 0.551096
0.973793 0.548887
0.973716 0.546658
0.973639 0.544409
0.97356 0.542138
0.973481 0.539847
0.973401 0.537534
0.97332 0.5352
0.973238 0.532845
0.973154 0.530468
0.97307 0.528069
0.972985 0.525649
0.972899 0.523207
0.972812 0.520743
0.972724 0.518257
0.972635 0.515748
0.972545 0.513218
0.972454 0.510665
0.972361 0.508089
0.972268 0.505491
0.972173 0.502871
0.972078 0.500228
0.971981 0.497562
0.971883 0.494874
0.971784 0.492163
0.971683 0.489429
0.971582 0.486672
0.971479 0.483893
0.971374 0.48109
0.971269 0.478266
0.971162 0.475418
0.971054 0.472548
0.970945 0.469655
0.970834 0.46674
0.970722 0.463802
0.970609 0.460841
0.970494 0.457859
0.970377 0.454854
0.97026 0.451828
0.97014 0.448779
0.97002 0.445709
0.969897 0.442617
0.969774 0.439504
0.969648 0.436369
0.969521 0.433214
0.969393 0.430038
0.969263 0.426842
0.969131 0.423625
0.968998 0.420389
0.968862 0.417133
0.968726 0.413858
0.968587 0.410564
0.968447 0.407251
0.968305 0.403921
0.968161 0.400572
0.968015 0.397207
0.967868 0.393824
0.967718 0.390425
0.967567 0.38701
0.967414 0.38358
0.967259 0.380135
0.967102 0.376675
0.966943 0.373202
0.966782 0.369716
0.966619 0.366217
0.966454 0.362706
0.966286 0.359183
0.966117 0.35565
0.965946 0.352107
0.965772 0.348555
0.965597 0.344994
0.965419 0.341425
0.965239 0.33785
0.965057 0.334267
0.964872 0.33068
0.964685 0.327087
0.964496 0.323491
0.964305 0.319891
0.964111 0.316289
0.963915 0.312686
0.963716 0.309082
0.963515 0.305479
0.963312 0.301877
0.963106 0.298277
0.962898 0.294679
0.962688 0.291086
0.962474 0.287498
0.962259 0.283915
0.96204 0.280339
0.96182 0.276771
0.961596 0.273211
0.96137 0.26966
0.961142 0.26612
0.96091 0.262592
0.960677 0.259075
0.96044 0.255572
0.960201 0.252082
0.959959 0.248608
0.959715 0.24515
0.959467 0.241708
0.959217 0.238284
0.958965 0.234878
0.958709 0.231491
0.958451 0.228125
0.95819 0.22478
0.957926 0.221456
0.95766 0.218155
0.95739 0.214877
0.957118 0.211624
0.956843 0.208395
0.956565 0.205191
0.956285 0.202014
0.956001 0.198864
0.955715 0.195741
0.955426 0.192646
0.955134 0.189579
0.954839 0.186542
0.954541 0.183535
0.954241 0.180557
0.953937 0.177611
0.953631 0.174695
0.953322 0.171812
0.95301 0.16896
0.952695 0.16614
0.952377 0.163354
0.952057 0.1606
0.951733 0.157879
0.951407 0.155192
0.951078 0.152539
0.950746 0.14992
0.950411 0.147334
0.950073 0.144784
0.949733 0.142267
0.94939 0.139785
0.949043 0.137338
0.948695 0.134925
0.948343 0.132547
0.947988 0.130203
0.947631 0.127894
0.947271 0.12562
0.946908 0.12338
0.946543 0.121175
0.946174 0.119004
0.945803 0.116867
0.945429 0.114764
0.945053 0.112695
0.944674 0.11066
0.944292 0.108658
0.943907 0.106689
0.94352 0.104753
0.94313 0.10285
0.942738 0.10098
0.942343 0.0991419
0.941945 0.0973357
0.941545 0.0955611
0.941142 0.0938178
0.940736 0.0921056
0.940328 0.090424
0.939918 0.0887728
0.939505 0.0871516
0.939089 0.08556
0.938671 0.0839977
0.93825 0.0824644
0.937827 0.0809596
0.937402 0.0794829
0.936974 0.0780341
0.936544 0.0766127
0.936111 0.0752183
0.935676 0.0738505
0.935239 0.072509
0.934799 0.0711933
0.934357 0.0699031
0.933912 0.0686379
0.933466 0.0673974
0.933017 0.0661812
0.932565 0.0649889
0.932112 0.06382
0.931656 0.0626742
0.931198 0.0615511
0.930738 0.0604504
0.930275 0.0593715
0.929811 0.0583142
0.929344 0.057278
0.928875 0.0562626
0.928404 0.0552676
0.927931 0.0542926
0.927456 0.0533373
0.926979 0.0524012
0.926499 0.0514841
0.926018 0.0505855
0.925534 0.0497052
0.925049 0.0488427
0.924562 0.0479977
0.924072 0.0471699
0.923581 0.0463589
0.923087 0.0455645
0.922592 0.0447862
0.922095 0.0440238
0.921596 0.0432769
0.921095 0.0425452
0.920592 0.0418284
0.920087 0.0411263
0.919581 0.0404385
0.919072 0.0397646
0.918562 0.0391046
0.91805 0.0384579
0.917536 0.0378244
0.917021 0.0372039
0.916503 0.0365959
0.915984 0.0360003
0.915463 0.0354168
0.914941 0.0348452
0.914416 0.0342851
0.91389 0.0337364
0.913363 0.0331988
0.912833 0.0326721
0.912302 0.032156
0.91177 0.0316503
0.911235 0.0311549
0.910699 0.0306694
0.910162 0.0301936
0.909623 0.0297274
0.909082 0.0292706
0.90854 0.0288229
0.907996 0.0283842
0.90745 0.0279542
0.906903 0.0275328
0.906355 0.0271197
0.905805 0.0267149
0.905253 0.0263181
0.9047 0.0259292
0.904145 0.0255479
0.903589 0.0251741
0.903032 0.0248077
0.902473 0.0244486
0.901913 0.0240964
0.901351 0.0237511
0.900788 0.0234126
0.900223 0.0230807
0.899657 0.0227552
0.899089 0.0224361
0.89852 0.0221231
0.89795 0.0218162
0.897379 0.0215152
0.896806 0.0212199
0.896231 0.0209304
0.895656 0.0206464
0.895079 0.0203678
0.8945 0.0200945
0.89392 0.0198264
0.893339 0.0195634
0.892757 0.0193054
0.892174 0.0190523
0.891589 0.0188039
0.891003 0.0185602
0.890415 0.018321
0.889826 0.0180864
0.889236 0.0178561
0.888645 0.0176301
0.888053 0.0174082
0.887459 0.0171905
0.886864 0.0169768
0.886268 0.0167671
0.885671 0.0165611
0.885072 0.016359
0.884472 0.0161606
0.883871 0.0159657
0.883269 0.0157744
0.882666 0.0155866
0.882061 0.0154022
0.881455 0.0152211
0.880848 0.0150432
0.88024 0.0148686
0.879631 0.0146971
0.879021 0.0145286
0.878409 0.0143631
0.877796 0.0142006
0.877182 0.0140409
0.876567 0.0138841
0.875951 0.01373
0.875334 0.0135786
0.874716 0.0134299
0.874096 0.0132838
0.873476 0.0131402
0.872854 0.0129991
0.872231 0.0128605
0.871607 0.0127243
0.870982 0.0125904
0.870356 0.0124588
0.869729 0.0123294
0.869101 0.0122023
0.868472 0.0120774
0.867841 0.0119545
0.86721 0.0118338
0.866577 0.0117151
0.865943 0.0115984
0.865309 0.0114836
0.864673 0.0113708
0.864036 0.0112599
0.863398 0.0111508
0.862759 0.0110436
0.862119 0.0109381
0.861478 0.0108344
0.860836 0.0107324
0.860193 0.0106321
0.859549 0.0105334
0.858904 0.0104363
0.858258 0.0103409
0.85761 0.010247
0.856962 0.0101546
0.856313 0.0100637
0.855662 0.00997432
0.855011 0.00988636
0.854358 0.00979982
0.853705 0.00971467
0.853051 0.00963089
0.852395 0.00954846
0.851739 0.00946734
0.851081 0.00938751
0.850422 0.00930895
0.849763 0.00923164
0.849102 0.00915555
0.848441 0.00908067
0.847778 0.00900697
0.847114 0.00893442
0.84645 0.00886302
0.845784 0.00879273
0.845118 0.00872354
0.84445 0.00865543
0.843781 0.00858838
0.843111 0.00852237
0.842441 0.00845739
0.841769 0.00839341
0.841096 0.00833042
0.840423 0.0082684
0.839748 0.00820733
0.839072 0.0081472
0.838395 0.00808799
0.837718 0.00802969
0.837039 0.00797228
0.836359 0.00791574
0.835678 0.00786007
0.834996 0.00780524
0.834313 0.00775124
0.83363 0.00769806
0.832945 0.00764568
0.832259 0.0075941
0.831572 0.00754329
0.830884 0.00749324
0.830195 0.00744395
0.829505 0.0073954
0.828814 0.00734757
0.828122 0.00730046
0.827429 0.00725406
0.826735 0.00720835
0.82604 0.00716332
0.825344 0.00711896
0.824647 0.00707526
0.823949 0.00703221
0.82325 0.00698979
0.822549 0.00694801
0.821848 0.00690685
0.821146 0.00686629
0.820443 0.00682634
0.819738 0.00678697
0.819033 0.00674819
0.818326 0.00670998
0.817619 0.00667233
0.81691 0.00663524
0.816201 0.0065987
0.81549 0.00656269
0.814779 0.00652721
0.814066 0.00649226
0.813352 0.00645781
0.812637 0.00642388
0.811921 0.00639044
0.811204 0.0063575
0.810486 0.00632504
0.809767 0.00629305
0.809047 0.00626154
0.808326 0.00623049
0.807604 0.0061999
0.80688 0.00616975
0.806156 0.00614005
0.80543 0.00611079
0.804703 0.00608196
0.803976 0.00605355
0.803247 0.00602556
0.802517 0.00599798
0.801786 0.00597081
0.801054 0.00594404
0.80032 0.00591767
0.799586 0.00589169
0.798851 0.00586609
0.798114 0.00584087
0.797376 0.00581603
0.796637 0.00579155
0.795897 0.00576744
0.795156 0.00574369
0.794414 0.0057203
0.793671 0.00569725
0.792926 0.00567455
0.792181 0.00565219
0.791434 0.00563016
0.790686 0.00560847
0.789937 0.00558711
0.789186 0.00556606
0.788435 0.00554534
0.787682 0.00552493
0.786929 0.00550484
0.786174 0.00548505
0.785417 0.00546556
0.78466 0.00544638
0.783902 0.00542749
0.783142 0.00540889
0.782381 0.00539058
0.781619 0.00537255
0.780856 0.00535481
0.780091 0.00533734
0.779325 0.00532015
0.778558 0.00530323
0.77779 0.00528658
0.777021 0.0052702
0.77625 0.00525407
0.775478 0.00523821
0.774705 0.0052226
0.773931 0.00520724
0.773155 0.00519214
0.772379 0.00517728
0.7716 0.00516266
0.770821 0.00514829
0.77004 0.00513416
0.769258 0.00512026
0.768475 0.00510659
0.767691 0.00509316
0.766905 0.00507996
0.766118 0.00506698
0.76533 0.00505423
0.76454 0.00504169
0.763749 0.00502938
0.762957 0.00501729
0.762163 0.0050054
0.761368 0.00499373
0.760572 0.00498227
0.759774 0.00497102
0.758975 0.00495998
0.758175 0.00494914
0.757373 0.0049385
0.75657 0.00492806
0.755766 0.00491781
0.75496 0.00490777
0.754153 0.00489792
0.753345 0.00488826
0.752535 0.00487879
0.751724 0.00486951
0.750911 0.00486041
0.750097 0.0048515
0.749282 0.00484278
0.748465 0.00483423
0.747647 0.00482587
0.746827 0.00481769
0.746006 0.00480968
0.745183 0.00480185
0.744359 0.00479419
0.743534 0.0047867
0.742707 0.00477939
0.741879 0.00477224
0.741049 0.00476527
0.740218 0.00475846
0.739385 0.00475181
0.738551 0.00474533
0.737715 0.00473902
0.736878 0.00473286
0.736039 0.00472687
0.735199 0.00472103
0.734357 0.00471535
0.733514 0.00470983
0.732669 0.00470446
0.731823 0.00469925
0.730975 0.00469419
0.730126 0.00468929
0.729275 0.00468453
0.728422 0.00467993
0.727568 0.00467547
0.726713 0.00467116
0.725856 0.004667
0.724997 0.00466299
0.724137 0.00465912
0.723275 0.00465539
0.722411 0.00465181
0.721546 0.00464837
0.720679 0.00464507
0.719811 0.00464192
0.718941 0.0046389
0.71807 0.00463602
0.717196 0.00463328
0.716322 0.00463068
0.715445 0.00462821
0.714567 0.00462588
0.713687 0.00462368
0.712806 0.00462162
0.711923 0.0046197
0.711038 0.0046179
0.710151 0.00461624
0.709263 0.00461471
0.708373 0.00461331
0.707482 0.00461205
0.706588 0.00461091
0.705693 0.0046099
0.704797 0.00460902
0.703898 0.00460827
0.702998 0.00460764
0.702096 0.00460715
0.701192 0.00460678
0.700287 0.00460653
0.69938 0.00460641
0.698471 0.00460642
0.69756 0.00460655
0.696647 0.00460681
0.695733 0.00460719
0.694817 0.00460769
0.693899 0.00460831
0.692979 0.00460906
0.692058 0.00460993
0.691134 0.00461093
0.690209 0.00461204
0.689282 0.00461327
0.688353 0.00461463
0.687423 0.00461611
0.68649 0.0046177
0.685556 0.00461942
0.684619 0.00462125
0.683681 0.00462321
0.682741 0.00462528
0.681799 0.00462748
0.680855 0.00462979
0.67991 0.00463222
0.678962 0.00463477
0.678012 0.00463743
0.677061 0.00464022
0.676108 0.00464312
0.675152 0.00464614
0.674195 0.00464927
0.673236 0.00465253
0.672275 0.0046559
0.671312 0.00465938
0.670347 0.00466299
0.66938 0.00466671
0.668411 0.00467054
0.66744 0.0046745
0.666467 0.00467857
0.665492 0.00468275
0.664515 0.00468705
0.663536 0.00469147
0.662555 0.00469601
0.661572 0.00470066
0.660587 0.00470542
0.6596 0.00471031
0.658611 0.00471531
0.65762 0.00472042
0.656627 0.00472565
0.655632 0.004731
0.654635 0.00473646
0.653636 0.00474204
0.652634 0.00474774
0.651631 0.00475356
0.650626 0.00475949
0.649618 0.00476553
0.648608 0.0047717
0.647597 0.00477798
0.646583 0.00478437
0.645567 0.00479089
0.644549 0.00479752
0.643529 0.00480427
0.642507 0.00481114
0.641482 0.00481812
0.640456 0.00482522
0.639427 0.00483244
0.638396 0.00483978
0.637363 0.00484724
0.636328 0.00485482
0.635291 0.00486251
0.634252 0.00487033
0.63321 0.00487826
0.632166 0.00488632
0.631121 0.00489449
0.630073 0.00490279
0.629022 0.0049112
0.62797 0.00491974
0.626915 0.00492839
0.625859 0.00493717
0.6248 0.00494607
0.623738 0.0049551
0.622675 0.00496424
0.62161 0.00497351
0.620542 0.0049829
0.619472 0.00499242
0.6184 0.00500206
0.617325 0.00501182
0.616248 0.00502171
0.61517 0.00503172
0.614089 0.00504186
0.613005 0.00505212
0.61192 0.00506251
0.610832 0.00507303
0.609742 0.00508368
0.608649 0.00509445
0.607555 0.00510535
0.606458 0.00511638
0.605359 0.00512754
0.604258 0.00513883
0.603154 0.00515025
0.602049 0.0051618
0.600941 0.00517348
0.59983 0.00518529
0.598718 0.00519724
0.597603 0.00520931
0.596486 0.00522152
0.595366 0.00523387
0.594245 0.00524635
0.593121 0.00525896
0.591995 0.00527171
0.590866 0.0052846
0.589736 0.00529763
0.588603 0.00531079
0.587467 0.00532409
0.58633 0.00533753
0.58519 0.0053511
0.584048 0.00536482
0.582904 0.00537868
0.581757 0.00539268
0.580608 0.00540683
0.579457 0.00542111
0.578304 0.00543554
0.577148 0.00545012
0.57599 0.00546484
0.57483 0.0054797
0.573668 0.00549471
0.572503 0.00550987
0.571336 0.00552518
0.570167 0.00554064
0.568996 0.00555624
0.567822 0.005572
0.566646 0.00558791
0.565468 0.00560397
0.564287 0.00562018
0.563105 0.00563655
0.56192 0.00565307
0.560733 0.00566975
0.559543 0.00568658
0.558352 0.00570358
0.557158 0.00572073
0.555962 0.00573804
0.554764 0.0057555
0.553563 0.00577314
0.552361 0.00579093
0.551156 0.00580888
0.549949 0.005827
0.548739 0.00584529
0.547528 0.00586374
0.546315 0.00588235
0.545099 0.00590114
0.543881 0.00592009
0.542661 0.00593922
0.541439 0.00595851
0.540214 0.00597798
0.538988 0.00599762
0.537759 0.00601743
0.536528 0.00603742
0.535296 0.00605758
0.534061 0.00607792
0.532824 0.00609845
0.531584 0.00611915
0.530343 0.00614003
0.5291 0.00616109
0.527855 0.00618234
0.526607 0.00620377
0.525358 0.00622538
0.524106 0.00624718
0.522853 0.00626917
0.521597 0.00629135
0.52034 0.00631372
0.51908 0.00633628
0.517819 0.00635904
0.516555 0.00638199
0.51529 0.00640513
0.514023 0.00642847
0.512754 0.00645201
0.511482 0.00647574
0.510209 0.00649968
0.508934 0.00652382
0.507658 0.00654816
0.506379 0.00657271
0.505098 0.00659746
0.503816 0.00662242
0.502532 0.00664759
0.501246 0.00667297
0.499958 0.00669856
0.498668 0.00672436
0.497377 0.00675038
0.496084 0.00677661
0.494789 0.00680306
0.493493 0.00682973
0.492194 0.00685662
0.490895 0.00688373
0.489593 0.00691107
0.48829 0.00693863
0.486985 0.00696642
0.485679 0.00699443
0.484371 0.00702267
0.483061 0.00705115
0.48175 0.00707986
0.480437 0.0071088
0.479123 0.00713798
0.477807 0.00716739
0.47649 0.00719705
0.475172 0.00722694
0.473852 0.00725708
0.47253 0.00728746
0.471207 0.00731809
0.469883 0.00734897
0.468558 0.00738009
0.467231 0.00741147
0.465903 0.0074431
0.464573 0.00747498
0.463243 0.00750712
0.461911 0.00753952
0.460578 0.00757218
0.459243 0.0076051
0.457908 0.00763828
0.456571 0.00767173
0.455233 0.00770545
0.453895 0.00773943
0.452555 0.00777369
0.451214 0.00780822
0.449872 0.00784302
0.448529 0.0078781
0.447185 0.00791346
0.445841 0.0079491
0.444495 0.00798502
0.443148 0.00802123
0.441801 0.00805772
0.440453 0.00809451
0.439104 0.00813158
0.437754 0.00816894
0.436404 0.0082066
0.435053 0.00824456
0.433701 0.00828282
0.432348 0.00832137
0.430995 0.00836023
0.429642 0.00839939
0.428287 0.00843886
0.426933 0.00847864
0.425577 0.00851873
0.424222 0.00855914
0.422865 0.00859986
0.421509 0.00864089
0.420152 0.00868225
0.418795 0.00872393
0.417437 0.00876594
0.416079 0.00880827
0.414721 0.00885092
0.413363 0.00889391
0.412005 0.00893724
0.410646 0.0089809
0.409287 0.00902489
0.407929 0.00906923
0.40657 0.00911391
0.405211 0.00915893
0.403852 0.0092043
0.402494 0.00925003
0.401135 0.0092961
0.399777 0.00934252
0.398419 0.00938931
0.39706 0.00943645
0.395703 0.00948395
0.394345 0.00953182
0.392988 0.00958005
0.391631 0.00962865
0.390275 0.00967763
0.388919 0.00972697
0.387563 0.00977669
0.386208 0.00982679
0.384853 0.00987727
0.383499 0.00992814
0.382146 0.00997939
0.380793 0.010031
0.379441 0.0100831
0.37809 0.0101355
0.376739 0.0101883
0.37539 0.0102415
0.374041 0.0102951
0.372692 0.0103492
0.371345 0.0104036
0.369999 0.0104584
0.368654 0.0105137
0.36731 0.0105693
0.365966 0.0106254
0.364624 0.0106819
0.363284 0.0107388
0.361944 0.0107962
0.360605 0.010854
0.359268 0.0109122
0.357932 0.0109708
0.356597 0.0110299
0.355264 0.0110894
0.353932 0.0111493
0.352602 0.0112097
0.351273 0.0112706
0.349945 0.0113319
0.348619 0.0113936
0.347295 0.0114558
0.345972 0.0115185
0.344651 0.0115816
0.343332 0.0116452
0.342014 0.0117092
0.340699 0.0117737
0.339385 0.0118387
0.338073 0.0119041
0.336763 0.0119701
0.335454 0.0120365
0.334148 0.0121034
0.332844 0.0121708
0.331542 0.0122386
0.330242 0.012307
0.328944 0.0123758
0.327648 0.0124452
0.326354 0.012515
0.325063 0.0125854
0.323774 0.0126562
0.322487 0.0127276
0.321202 0.0127994
0.31992 0.0128718
0.318641 0.0129447
0.317363 0.0130182
0.316089 0.0130921
0.314816 0.0131666
0.313547 0.0132416
0.31228 0.0133171
0.311015 0.0133931
0.309754 0.0134697
0.308495 0.0135469
0.307238 0.0136245
0.305985 0.0137028
0.304734 0.0137815
0.303486 0.0138608
0.302241 0.0139407
0.300999 0.0140211
0.299759 0.0141021
0.298523 0.0141837
0.29729 0.0142658
0.29606 0.0143485
0.294832 0.0144317
0.293608 0.0145156
0.292387 0.0146
0.29117 0.014685
0.289955 0.0147705
0.288743 0.0148567
0.287535 0.0149434
0.28633 0.0150307
0.285129 0.0151187
0.28393 0.0152072
0.282736 0.0152963
0.281544 0.015386
0.280356 0.0154764
0.279171 0.0155673
0.27799 0.0156589
0.276812 0.015751
0.275638 0.0158438
0.274467 0.0159372
0.2733 0.0160312
0.272137 0.0161259
0.270977 0.0162212
0.269821 0.0163171
0.268668 0.0164136
0.267519 0.0165108
0.266374 0.0166086
0.265233 0.0167071
0.264095 0.0168062
0.262961 0.0169059
0.261831 0.0170063
0.260705 0.0171074
0.259583 0.0172091
0.258464 0.0173115
0.25735 0.0174145
0.256239 0.0175182
0.255133 0.0176226
0.25403 0.0177276
0.252931 0.0178333
0.251836 0.0179397
0.250746 0.0180467
0.249659 0.0181545
0.248576 0.0182629
0.247497 0.018372
0.246423 0.0184818
0.245352 0.0185923
0.244286 0.0187035
0.243224 0.0188154
0.242166 0.018928
0.241112 0.0190413
0.240062 0.0191553
0.239017 0.01927
0.237975 0.0193854
0.236938 0.0195015
0.235905 0.0196184
0.234876 0.0197359
0.233852 0.0198542
0.232832 0.0199732
0.231816 0.0200929
0.230804 0.0202134
0.229797 0.0203346
0.228794 0.0204565
0.227795 0.0205792
0.2268 0.0207026
0.22581 0.0208267
0.224824 0.0209516
0.223843 0.0210772
0.222866 0.0212036
0.221893 0.0213307
0.220925 0.0214586
0.21996 0.0215873
0.219001 0.0217166
0.218046 0.0218468
0.217095 0.0219777
0.216148 0.0221094
0.215206 0.0222419
0.214268 0.0223751
0.213335 0.0225091
0.212406 0.0226439
0.211481 0.0227794
0.210561 0.0229158
0.209645 0.0230529
0.208734 0.0231908
0.207827 0.0233295
0.206925 0.0234689
0.206027 0.0236092
0.205133 0.0237503
0.204244 0.0238921
0.203359 0.0240348
0.202478 0.0241782
0.201602 0.0243225
0.200731 0.0244676
0.199864 0.0246134
0.199001 0.0247601
0.198142 0.0249076
0.197288 0.0250559
0.196439 0.025205
0.195594 0.025355
0.194753 0.0255057
0.193916 0.0256573
0.193084 0.0258097
0.192257 0.025963
0.191433 0.026117
0.190615 0.0262719
0.1898 0.0264277
0.18899 0.0265842
0.188184 0.0267416
0.187382 0.0268999
0.186585 0.0270589
0.185792 0.0272189
0.185004 0.0273796
0.18422 0.0275412
0.18344 0.0277037
0.182664 0.027867
0.181893 0.0280312
0.181126 0.0281962
0.180363 0.0283621
0.179605 0.0285288
0.178851 0.0286964
0.178101 0.0288649
0.177355 0.0290342
0.176614 0.0292044
0.175877 0.0293755
0.175144 0.0295474
0.174415 0.0297202
0.17369 0.0298939
0.17297 0.0300685
0.172253 0.0302439
0.171541 0.0304202
0.170833 0.0305974
0.17013 0.0307755
0.16943 0.0309545
0.168734 0.0311343
0.168043 0.0313151
0.167356 0.0314967
0.166672 0.0316793
0.165993 0.0318627
0.165318 0.032047
0.164647 0.0322322
0.16398 0.0324184
0.163317 0.0326054
0.162658 0.0327933
0.162002 0.0329821
0.161351 0.0331719
0.160704 0.0333625
0.160061 0.0335541
0.159422 0.0337466
0.158786 0.03394
0.158155 0.0341343
0.157527 0.0343295
0.156904 0.0345256
0.156284 0.0347227
0.155668 0.0349207
0.155056 0.0351196
0.154448 0.0353194
0.153843 0.0355202
0.153243 0.0357219
0.152646 0.0359245
0.152053 0.0361281
0.151463 0.0363326
0.150878 0.0365381
0.150296 0.0367444
0.149717 0.0369518
0.149143 0.03716
0.148572 0.0373692
0.148005 0.0375794
0.147441 0.0377905
0.146881 0.0380025
0.146325 0.0382155
0.145772 0.0384295
0.145223 0.0386444
0.144678 0.0388603
0.144136 0.0390771
0.143597 0.0392949
0.143062 0.0395137
0.142531 0.0397334
0.142003 0.0399541
0.141478 0.0401757
0.140957 0.0403983
0.140439 0.0406219
0.139925 0.0408465
0.139414 0.041072
0.138907 0.0412986
0.138403 0.0415261
0.137902 0.0417545
0.137405 0.041984
0.136911 0.0422145
0.13642 0.0424459
0.135933 0.0426783
0.135449 0.0429117
0.134968 0.0431461
0.13449 0.0433815
0.134016 0.0436179
0.133544 0.0438553
0.133076 0.0440937
0.132612 0.0443331
0.13215 0.0445735
0.131691 0.0448149
0.131236 0.0450573
0.130784 0.0453008
0.130335 0.0455452
0.129889 0.0457907
0.129446 0.0460371
0.129006 0.0462846
0.128569 0.0465331
0.128135 0.0467827
0.127704 0.0470332
0.127276 0.0472848
0.126851 0.0475374
0.126429 0.047791
0.12601 0.0480457
0.125594 0.0483014
0.125181 0.0485582
0.12477 0.048816
0.124363 0.0490748
0.123958 0.0493347
0.123557 0.0495956
0.123158 0.0498576
0.122762 0.0501206
0.122369 0.0503847
0.121978 0.0506499
0.12159 0.0509161
0.121206 0.0511833
0.120823 0.0514517
0.120444 0.0517211
0.120067 0.0519915
0.119693 0.0522631
0.119322 0.0525357
0.118953 0.0528094
0.118587 0.0530841
0.118224 0.05336
0.117863 0.0536369
0.117505 0.053915
0.117149 0.0541941
0.116796 0.0544743
0.116446 0.0547556
0.116098 0.055038
0.115752 0.0553215
0.115409 0.0556061
0.115069 0.0558919
0.114731 0.0561787
0.114396 0.0564666
0.114063 0.0567557
0.113733 0.0570459
0.113405 0.0573372
0.113079 0.0576297
0.112756 0.0579232
0.112435 0.0582179
0.112117 0.0585138
0.111801 0.0588107
0.111487 0.0591089
0.111176 0.0594081
0.110866 0.0597085
0.11056 0.0600101
0.110255 0.0603128
0.109953 0.0606167
0.109653 0.0609218
0.109356 0.061228
0.109061 0.0615354
0.108767 0.0618439
0.108477 0.0621537
0.108188 0.0624646
0.107902 0.0627767
0.107617 0.06309
0.107335 0.0634045
0.107055 0.0637202
0.106777 0.0640371
0.106502 0.0643552
0.106228 0.0646745
0.105957 0.064995
0.105687 0.0653168
0.10542 0.0656398
0.105155 0.065964
0.104892 0.0662894
0.104631 0.066616
0.104372 0.0669439
0.104115 0.0672731
0.10386 0.0676035
0.103607 0.0679351
0.103356 0.068268
0.103107 0.0686022
0.10286 0.0689376
0.102615 0.0692744
0.102372 0.0696124
0.102131 0.0699516
0.101892 0.0702922
0.101654 0.070634
0.101419 0.0709772
0.101185 0.0713216
0.100954 0.0716674
0.100724 0.0720145
0.100496 0.0723629
0.10027 0.0727126
0.100046 0.0730637
0.0998234 0.073416
0.0996028 0.0737698
0.0993841 0.0741248
0.0991671 0.0744813
0.098952 0.0748391
0.0987386 0.0751982
0.098527 0.0755587
0.0983172 0.0759206
0.0981091 0.0762839
0.0979027 0.0766486
0.0976981 0.0770146
0.0974952 0.0773821
0.097294 0.077751
0.0970946 0.0781213
0.0968968 0.078493
0.0967007 0.0788661
0.0965063 0.0792407
0.0963135 0.0796167
0.0961224 0.0799942
0.095933 0.0803731
0.0957452 0.0807535
0.095559 0.0811353
0.0953745 0.0815187
0.0951916 0.0819035
0.0950102 0.0822898
0.0948305 0.0826776
0.0946524 0.0830669
0.0944758 0.0834577
0.0943008 0.08385
0.0941274 0.0842439
0.0939556 0.0846393
0.0937852 0.0850363
0.0936165 0.0854348
0.0934492 0.0858349
0.0932835 0.0862365
0.0931193 0.0866397
0.0929566 0.0870445
0.0927955 0.0874509
0.0926358 0.0878589
0.0924776 0.0882686
0.0923208 0.0886798
0.0921656 0.0890927
0.0920118 0.0895072
0.0918595 0.0899234
0.0917086 0.0903412
0.0915592 0.0907607
0.0914112 0.0911819
0.0912646 0.0916047
0.0911195 0.0920293
0.0909757 0.0924556
0.0908334 0.0928835
0.0906925 0.0933133
0.090553 0.0937447
0.0904148 0.0941779
0.0902781 0.0946129
0.0901427 0.0950496
0.0900087 0.0954881
0.0898761 0.0959284
0.0897448 0.0963705
0.0896149 0.0968144
0.0894863 0.0972602
0.0893591 0.0977077
0.0892332 0.0981572
0.0891086 0.0986085
0.0889854 0.0990616
0.0888634 0.0995167
0.0887428 0.0999736
0.0886235 0.100432
0.0885055 0.100893
0.0883888 0.101356
0.0882733 0.101821
0.0881592 0.102287
0.0880463 0.102756
0.0879347 0.103226
0.0878244 0.103699
0.0877154 0.104173
0.0876076 0.10465
0.087501 0.105129
0.0873957 0.105609
0.0872917 0.106092
0.0871889 0.106577
0.0870873 0.107064
0.0869869 0.107553
0.0868878 0.108044
0.0867899 0.108537
0.0866932 0.109033
0.0865978 0.10953
0.0865035 0.11003
0.0864105 0.110532
0.0863186 0.111036
0.086228 0.111543
0.0861385 0.112052
0.0860502 0.112563
0.0859631 0.113076
0.0858772 0.113592
0.0857925 0.114109
0.0857089 0.11463
0.0856266 0.115152
0.0855453 0.115677
0.0854653 0.116204
0.0853864 0.116734
0.0853086 0.117266
0.0852321 0.117801
0.0851566 0.118338
0.0850823 0.118878
0.0850092 0.11942
0.0849372 0.119964
0.0848663 0.120511
0.0847966 0.121061
0.084728 0.121613
0.0846605 0.122168
0.0845942 0.122726
0.0845289 0.123286
0.0844648 0.123848
0.0844019 0.124414
0.08434 0.124982
0.0842793 0.125553
0.0842196 0.126127
0.0841611 0.126703
0.0841037 0.127282
0.0840474 0.127864
0.0839922 0.128449
0.0839381 0.129037
0.0838851 0.129627
0.0838332 0.130221
0.0837824 0.130817
0.0837327 0.131417
0.083684 0.132019
0.0836365 0.132625
0.0835901 0.133233
0.0835447 0.133845
0.0835005 0.134459
0.0834573 0.135077
0.0834152 0.135698
0.0833742 0.136322
0.0833343 0.13695
0.0832955 0.13758
0.0832577 0.138214
0.083221 0.138851
0.0831854 0.139491
0.0831509 0.140135
0.0831175 0.140782
0.0830851 0.141433
0.0830539 0.142087
0.0830237 0.142744
0.0829945 0.143405
0.0829665 0.144069
0.0829395 0.144737
0.0829136 0.145409
0.0828888 0.146084
0.0828651 0.146763
0.0828424 0.147446
0.0828209 0.148132
0.0828004 0.148822
0.0827809 0.149516
0.0827626 0.150214
0.0827453 0.150916
0.0827291 0.151621
0.082714 0.152331
0.0827 0.153044
0.0826871 0.153762
0.0826752 0.154483
0.0826645 0.155209
0.0826548 0.155939
0.0826462 0.156673
0.0826387 0.157411
0.0826323 0.158154
0.082627 0.1589
0.0826228 0.159652
0.0826196 0.160407
0.0826176 0.161167
0.0826167 0.161932
0.0826168 0.162701
0.0826181 0.163474
0.0826205 0.164252
0.082624 0.165035
0.0826286 0.165823
0.0826343 0.166615
0.0826411 0.167412
0.0826491 0.168214
0.0826581 0.169021
0.0826683 0.169833
0.0826796 0.17065
0.0826921 0.171472
0.0827057 0.172299
0.0827204 0.173131
0.0827362 0.173968
0.0827532 0.174811
0.0827714 0.175659
0.0827907 0.176513
0.0828112 0.177372
0.0828328 0.178236
0.0828556 0.179106
0.0828795 0.179981
0.0829046 0.180863
0.0829309 0.18175
0.0829584 0.182642
0.0829871 0.183541
0.083017 0.184446
0.083048 0.185356
0.0830803 0.186273
0.0831137 0.187195
0.0831484 0.188124
0.0831843 0.189059
0.0832214 0.190001
0.0832598 0.190949
0.0832994 0.191903
0.0833402 0.192864
0.0833823 0.193832
0.0834256 0.194806
0.0834702 0.195787
0.0835161 0.196775
0.0835632 0.197769
0.0836116 0.198771
0.0836613 0.19978
0.0837123 0.200796
0.0837647 0.201819
0.0838183 0.20285
0.0838732 0.203887
0.0839295 0.204933
0.0839871 0.205986
0.084046 0.207046
0.0841063 0.208115
0.084168 0.209191
0.084231 0.210275
0.0842955 0.211367
0.0843613 0.212467
0.0844285 0.213576
0.0844971 0.214693
0.0845671 0.215818
0.0846386 0.216951
0.0847115 0.218094
0.0847858 0.219245
0.0848616 0.220404
0.0849389 0.221573
0.0850177 0.222751
0.085098 0.223937
0.0851797 0.225134
0.085263 0.226339
0.0853479 0.227554
0.0854342 0.228778
0.0855221 0.230012
0.0856116 0.231256
0.0857027 0.23251
0.0857954 0.233774
0.0858897 0.235048
0.0859856 0.236332
0.0860831 0.237627
0.0861823 0.238932
0.0862832 0.240248
0.0863857 0.241574
0.08649 0.242912
0.0865959 0.244261
0.0867036 0.24562
0.086813 0.246992
0.0869242 0.248374
0.0870372 0.249769
0.087152 0.251175
0.0872686 0.252593
0.087387 0.254023
0.0875073 0.255465
0.0876294 0.256919
0.0877535 0.258386
0.0878794 0.259866
0.0880073 0.261358
0.0881371 0.262864
0.0882689 0.264382
0.0884027 0.265914
0.0885385 0.26746
0.0886763 0.269019
0.0888162 0.270592
0.0889582 0.272178
0.0891023 0.273779
0.0892485 0.275394
0.0893968 0.277024
0.0895473 0.278669
0.0897001 0.280328
0.089855 0.282002
0.0900122 0.283692
0.0901717 0.285397
0.0903335 0.287117
0.0904976 0.288854
0.0906641 0.290606
0.090833 0.292375
0.0910043 0.29416
0.091178 0.295961
0.0913542 0.29778
0.0915329 0.299615
0.0917142 0.301468
0.091898 0.303338
0.0920845 0.305226
0.0922735 0.307131
0.0924653 0.309055
0.0926597 0.310997
0.0928569 0.312957
0.0930569 0.314936
0.0932597 0.316934
0.0934654 0.318952
0.0936739 0.320988
0.0938853 0.323045
0.0940998 0.325121
0.0943172 0.327217
0.0945377 0.329334
0.0947613 0.331471
0.094988 0.333629
0.0952179 0.335808
0.095451 0.338009
0.0956873 0.340231
0.095927 0.342474
0.09617 0.34474
0.0964165 0.347028
0.0966664 0.349339
0.0969198 0.351672
0.0971767 0.354028
0.0974373 0.356407
0.0977015 0.35881
0.0979695 0.361237
0.0982411 0.363687
0.0985167 0.366162
0.098796 0.368661
0.0990794 0.371185
0.0993667 0.373734
0.099658 0.376308
0.0999535 0.378907
0.100253 0.381532
0.100557 0.384183
0.100865 0.38686
0.101178 0.389563
0.101495 0.392292
0.101816 0.395049
0.102142 0.397832
0.102473 0.400643
0.102808 0.403481
0.103148 0.406347
0.103494 0.40924
0.103843 0.412161
0.104198 0.415111
0.104558 0.418089
0.104924 0.421095
0.105294 0.42413
0.10567 0.427194
0.106051 0.430287
0.106438 0.433409
0.10683 0.43656
0.107228 0.43974
0.107631 0.44295
0.108041 0.44619
0.108456 0.449459
0.108878 0.452757
0.109305 0.456086
0.109739 0.459444
0.110179 0.462832
0.110626 0.46625
0.111079 0.469698
0.111538 0.473175
0.112004 0.476682
0.112478 0.480219
0.112958 0.483786
0.113445 0.487382
0.113939 0.491007
0.114441 0.494662
0.114949 0.498345
0.115466 0.502058
0.11599 0.505799
0.116521 0.509569
0.117061 0.513367
0.117608 0.517193
0.118163 0.521046
0.118727 0.524926
0.119299 0.528834
0.119879 0.532768
0.120468 0.536728
0.121066 0.540714
0.121672 0.544724
0.122288 0.54876
0.122912 0.552819
0.123546 0.556902
0.124188 0.561008
0.124841 0.565136
0.125503 0.569285
0.126174 0.573455
0.126856 0.577646
0.127548 0.581856
0.128249 0.586084
0.128961 0.59033
0.129684 0.594593
0.130417 0.598871
0.13116 0.603165
0.131915 0.607472
0.13268 0.611793
0.133456 0.616125
0.134244 0.620468
0.135043 0.624821
0.135854 0.629183
0.136676 0.633552
0.13751 0.637928
0.138356 0.642308
0.139214 0.646693
0.140085 0.65108
0.140967 0.655468
0.141863 0.659857
0.14277 0.664244
0.143691 0.668629
0.144624 0.67301
0.145571 0.677385
0.14653 0.681754
0.147503 0.686115
0.148489 0.690466
0.149489 0.694807
0.150503 0.699135
0.15153 0.70345
0.152571 0.70775
0.153626 0.712034
0.154695 0.7163
0.155779 0.720547
0.156877 0.724773
0.157989 0.728978
0.159116 0.733159
0.160258 0.737316
0.161415 0.741447
0.162586 0.745552
0.163773 0.749628
0.164974 0.753675
0.166191 0.757691
0.167423 0.761675
0.16867 0.765626
0.169933 0.769544
0.171212 0.773426
0.172506 0.777273
0.173816 0.781082
0.175142 0.784854
0.176483 0.788587
0.177841 0.79228
0.179214 0.795932
0.180604 0.799543
0.182009 0.803113
0.183431 0.806639
0.18487 0.810123
0.186324 0.813563
0.187795 0.816958
0.189282 0.820308
0.190786 0.823614
0.192307 0.826873
0.193844 0.830087
0.195397 0.833254
0.196967 0.836375
0.198554 0.839449
0.200158 0.842477
0.201778 0.845457
0.203415 0.84839
0.205069 0.851276
0.206739 0.854115
0.208427 0.856906
0.210131 0.859651
0.211853 0.862349
0.213591 0.865
0.215346 0.867605
0.217118 0.870163
0.218907 0.872675
0.220712 0.875141
0.222535 0.877562
0.224375 0.879938
0.226232 0.882269
0.228105 0.884555
0.229996 0.886798
0.231904 0.888997
0.233828 0.891153
0.23577 0.893266
0.237728 0.895337
0.239704 0.897367
0.241696 0.899355
0.243706 0.901303
0.245732 0.90321
0.247775 0.905078
0.249835 0.906907
0.251912 0.908698
0.254006 0.910451
0.256116 0.912166
0.258244 0.913845
0.260388 0.915488
0.262549 0.917096
0.264727 0.918668
0.266922 0.920206
0.269133 0.921711
0.271361 0.923183
0.273606 0.924622
0.275868 0.926029
0.278146 0.927405
0.28044 0.92875
0.282752 0.930065
0.28508 0.93135
0.287424 0.932607
0.289785 0.933835
0.292162 0.935036
0.294555 0.936209
0.296965 0.937355
0.299392 0.938476
0.301834 0.93957
0.304293 0.94064
0.306768 0.941685
0.309259 0.942707
0.311766 0.943704
0.314289 0.944679
0.316829 0.945632
0.319384 0.946562
0.321955 0.947471
0.324542 0.948359
0.327144 0.949226
0.329763 0.950073
0.332396 0.950901
0.335046 0.951709
0.337711 0.952499
0.340391 0.953271
0.343087 0.954024
0.345798 0.95476
0.348524 0.955479
0.351265 0.956181
0.354021 0.956867
0.356793 0.957537
0.359579 0.958191
0.362379 0.958831
0.365195 0.959455
0.368024 0.960065
0.370869 0.96066
0.373727 0.961242
0.3766 0.96181
0.379487 0.962366
0.382388 0.962908
0.385302 0.963437
0.388231 0.963955
0.391173 0.96446
0.394128 0.964954
0.397097 0.965436
0.400079 0.965907
0.403074 0.966367
0.406081 0.966816
0.409102 0.967255
0.412135 0.967684
0.41518 0.968103
0.418238 0.968512
0.421307 0.968912
0.424389 0.969302
0.427482 0.969683
0.430587 0.970056
0.433703 0.97042
0.43683 0.970775
0.439968 0.971122
0.443116 0.971462
0.446276 0.971793
0.449445 0.972116
0.452624 0.972432
0.455814 0.972741
0.459012 0.973043
0.462221 0.973337
0.465438 0.973625
0.468664 0.973906
0.471899 0.97418
0.475142 0.974448
0.478393 0.97471
0.481652 0.974965
0.484918 0.975215
0.488192 0.975459
0.491473 0.975697
0.49476 0.975929
0.498054 0.976156
0.501354 0.976377
0.504659 0.976594
0.50797 0.976805
0.511287 0.977011
0.514608 0.977212
0.517934 0.977408
0.521264 0.9776
0.524597 0.977787
0.527935 0.977969
0.531275 0.978147
0.534619 0.978321
0.537965 0.97849
0.541313 0.978656
0.544663 0.978817
0.548014 0.978974
0.551366 0.979127
0.554719 0.979277
0.558073 0.979422
0.561426 0.979564
0.56478 0.979703
0.568132 0.979838
0.571483 0.979969
0.574833 0.980097
0.578181 0.980221
0.581526 0.980343
0.584869 0.980461
0.588209 0.980576
0.591545 0.980688
0.594878 0.980797
0.598206 0.980903
0.601529 0.981005
0.604848 0.981106
0.608161 0.981203
0.611468 0.981297
0.61477 0.981389
0.618064 0.981478
0.621352 0.981565
0.624632 0.981648
0.627904 0.98173
0.631169 0.981809
0.634424 0.981885
0.637671 0.981959
0.640909 0.982031
0.644137 0.9821
0.647354 0.982167
0.650562 0.982232
0.653758 0.982295
0.656944 0.982355
0.660118 0.982413
0.663279 0.98247
0.666429 0.982524
0.669566 0.982576
0.67269 0.982626
0.675801 0.982674
0.678898 0.98272
0.681982 0.982765
0.68505 0.982807
0.688105 0.982848
0.691144 0.982887
0.694168 0.982924
0.697177 0.982959
0.70017 0.982992
0.703146 0.983024
0.706106 0.983054
0.70905 0.983083
0.711976 0.983109
0.714885 0.983135
0.717777 0.983158
0.720651 0.98318
0.723507 0.983201
0.726345 0.983219
0.729164 0.983237
0.731965 0.983253
0.734747 0.983267
0.737509 0.98328
0.740253 0.983292
0.742976 0.983302
0.745681 0.983311
0.748365 0.983319
0.751029 0.983325
0.753674 0.98333
0.756298 0.983333
0.758901 0.983335
0.761484 0.983336
0.764046 0.983336
0.766588 0.983334
0.769108 0.983332
0.771607 0.983328
0.774086 0.983322
0.776543 0.983316
0.778978 0.983309
0.781393 0.9833
0.783786 0.98329
0.786157 0.983279
0.788507 0.983267
0.790836 0.983254
0.793142 0.98324
0.795428 0.983224
0.797691 0.983208
0.799933 0.983191
0.802153 0.983172
0.804352 0.983153
0.806529 0.983132
0.808684 0.983111
0.810818 0.983089
0.81293 0.983065
0.815021 0.983041
0.81709 0.983016
0.819138 0.982989
0.821164 0.982962
0.823169 0.982934
0.825153 0.982905
0.827115 0.982875
0.829057 0.982845
0.830977 0.982813
0.832876 0.982781
0.834755 0.982747
0.836612 0.982713
0.838449 0.982678
0.840266 0.982642
0.842062 0.982606
0.843837 0.982568
0.845593 0.98253
0.847328 0.982491
0.849043 0.982451
0.850738 0.982411
0.852414 0.982369
0.85407 0.982327
0.855706 0.982284
0.857323 0.982241
0.858921 0.982197
0.8605 0.982152
0.86206 0.982106
0.863601 0.982059
0.865123 0.982012
0.866627 0.981965
0.868112 0.981916
0.86958 0.981867
0.871029 0.981817
0.872461 0.981767
0.873874 0.981716
0.875271 0.981664
0.87665 0.981611
0.878011 0.981558
0.879356 0.981505
0.880683 0.98145
0.881994 0.981396
0.883289 0.98134
0.884566 0.981284
0.885828 0.981227
0.887074 0.98117
0.888303 0.981112
0.889517 0.981054
0.890716 0.980995
0.891899 0.980936
0.893067 0.980876
0.894219 0.980815
0.895357 0.980754
0.89648 0.980692
0.897589 0.98063
0.898683 0.980567
0.899762 0.980504
0.900828 0.98044
0.90188 0.980376
0.902918 0.980311
0.903942 0.980246
0.904953 0.980181
0.905951 0.980114
0.906936 0.980048
0.907908 0.979981
0.908866 0.979913
0.909813 0.979845
0.910747 0.979776
0.911668 0.979707
0.912577 0.979638
0.913475 0.979568
0.91436 0.979498
0.915234 0.979427
0.916096 0.979356
0.916947 0.979285
0.917786 0.979213
0.918614 0.97914
0.919432 0.979067
0.920238 0.978994
0.921034 0.978921
0.921819 0.978847
0.922594 0.978772
0.923359 0.978698
0.924113 0.978623
0.924858 0.978547
0.925592 0.978471
0.926317 0.978395
0.927033 0.978318
0.927738 0.978241
0.928435 0.978164
0.929122 0.978087
0.9298 0.978009
0.930469 0.97793
0.93113 0.977852
0.931781 0.977773
0.932424 0.977693
0.933059 0.977614
0.933685 0.977534
0.934303 0.977453
0.934912 0.977373
0.935514 0.977292
0.936108 0.977211
0.936694 0.977129
0.937272 0.977047
0.937843 0.976965
0.938406 0.976883
0.938962 0.9768
0.93951 0.976717
0.940052 0.976634
0.940586 0.976551
0.941113 0.976467
0.941634 0.976383
0.942147 0.976299
0.942654 0.976214
0.943155 0.976129
0.943649 0.976044
0.944136 0.975959
0.944618 0.975873
0.945093 0.975787
0.945561 0.975701
0.946024 0.975615
0.946481 0.975529
0.946932 0.975442
0.947377 0.975355
0.947817 0.975268
0.94825 0.97518
0.948679 0.975093
0.949102 0.975005
0.949519 0.974917
0.949931 0.974828
0.950338 0.97474
0.95074 0.974651
0.951136 0.974562
0.951528 0.974473
0.951914 0.974384
0.952296 0.974295
0.952673 0.974205
0.953045 0.974115
0.953413 0.974025
0.953776 0.973935
0.954134 0.973844
0.954488 0.973754
0.954837 0.973663
0.955182 0.973572
0.955523 0.973481
0.95586 0.97339
0.956192 0.973298
0.95652 0.973207
0.956845 0.973115
0.957165 0.973023
0.957481 0.972931
0.957794 0.972839
0.958102 0.972747
0.958407 0.972654
0.958708 0.972562
0.959005 0.972469
0.959299 0.972376
0.959589 0.972283
0.959876 0.97219
0.960159 0.972096
0.960439 0.972003
0.960715 0.97191
0.960988 0.971816
0.961258 0.971722
0.961525 0.971628
0.961788 0.971534
0.962048 0.97144
0.962305 0.971346
0.962559 0.971251
0.96281 0.971157
0.963058 0.971062
0.963303 0.970968
0.963546 0.970873
0.963785 0.970778
0.964022 0.970683
0.964255 0.970588
0.964486 0.970493
0.964715 0.970398
0.96494 0.970302
0.965163 0.970207
0.965384 0.970111
0.965601 0.970016
0.965817 0.96992
0.966029 0.969824
0.96624 0.969728
0.966448 0.969632
0.966653 0.969536
0.966856 0.96944
0.967057 0.969344
0.967256 0.969248
0.967452 0.969152
0.967646 0.969055
0.967838 0.968959
0.968028 0.968863
0.968215 0.968766
0.968401 0.968669
0.968584 0.968573
0.968765 0.968476
0.968944 0.968379
0.969122 0.968283
0.969297 0.968186
0.96947 0.968089
0.969641 0.967992
0.969811 0.967895
0.969978 0.967798
0.970144 0.967701
0.970308 0.967604
0.97047 0.967507
0.97063 0.967409
0.970789 0.967312
0.970945 0.967215
0.9711 0.967118
0.971254 0.96702
0.971405 0.966923
0.971555 0.966825
0.971704 0.966728
0.971851 0.966631
0.971996 0.966533
0.972139 0.966436
0.972281 0.966338
0.972422 0.966241
0.972561 0.966143
0.972699 0.966046
0.972835 0.965948
0.972969 0.96585
0.973102 0.965753
0.973234 0.965655
0.973365 0.965558
0.973494 0.96546
0.973621 0.965362
0.973748 0.965265
0.973872 0.965167
0.973996 0.965069
0.974118 0.964972
0.974239 0.964874
0.974359 0.964776
0.974478 0.964679
0.974595 0.964581
0.974711 0.964483
0.974826 0.964386
0.97494 0.964288
0.975052 0.96419
0.975164 0.964093
0.975274 0.963995
0.975383 0.963897
0.975491 0.9638
0.975598 0.963702
0.975704 0.963605
0.975808 0.963507
0.975912 0.963409
0.976014 0.963312
0.976116 0.963214
0.976216 0.963117
0.976316 0.963019
0.976414 0.962922
0.976512 0.962824
0.976608 0.962727
0.976704 0.962629
0.976798 0.962532
0.976892 0.962435
0.976985 0.962337
0.977077 0.96224
0.977167 0.962143
0.977257 0.962045
0.977346 0.961948
0.977435 0.961851
0.977522 0.961754
0.977608 0.961657
0.977694 0.96156
0.977779 0.961462
0.977863 0.961365
0.977946 0.961268
0.978028 0.961171
0.97811 0.961074
0.97819 0.960978
0.97827 0.960881
0.978349 0.960784
0.978428 0.960687
0.978505 0.96059
0.978582 0.960494
0.978658 0.960397
0.978734 0.9603
0.978808 0.960204
0.978882 0.960107
0.978955 0.960011
0.979028 0.959914
0.9791 0.959818
0.979171 0.959721
0.979241 0.959625
0.979311 0.959529
0.97938 0.959433
0.979449 0.959337
0.979517 0.95924
0.979584 0.959144
0.97965 0.959048
0.979716 0.958952
0.979782 0.958856
0.979846 0.958761
0.97991 0.958665
0.979974 0.958569
0.980037 0.958473
0.980099 0.958378
0.980161 0.958282
0.980222 0.958187
0.980283 0.958091
0.980343 0.957996
0.980402 0.9579
0.980461 0.957805
0.980519 0.95771
0.980577 0.957615
0.980634 0.95752
0.980691 0.957425
0.980747 0.95733
0.980803 0.957235
0.980858 0.95714
0.980913 0.957045
0.980967 0.95695
0.981021 0.956856
0.981074 0.956761
0.981127 0.956666
0.981179 0.956572
0.981231 0.956478
0.981282 0.956383
0.981333 0.956289
0.981384 0.956195
0.981434 0.956101
0.981483 0.956007
0.981532 0.955913
0.981581 0.955819
0.981629 0.955725
0.981677 0.955631
0.981724 0.955537
0.981771 0.955444
0.981817 0.95535
0.981863 0.955257
0.981909 0.955163
0.981954 0.95507
0.981999 0.954976
0.982043 0.954883
0.982087 0.95479
0.982131 0.954697
0.982174 0.954604
0.982217 0.954511
0.98226 0.954418
0.982302 0.954326
0.982343 0.954233
0.982385 0.95414
0.982426 0.954048
0.982466 0.953955
0.982507 0.953863
0.982547 0.953771
0.982586 0.953678
0.982625 0.953586
0.982664 0.953494
0.982703 0.953402
0.982741 0.95331
0.982779 0.953218
0.982816 0.953127
0.982854 0.953035
0.982891 0.952943
0.982927 0.952852
0.982963 0.95276
0.982999 0.952669
0.983035 0.952578
0.98307 0.952486
0.983105 0.952395
0.98314 0.952304
0.983174 0.952213
0.983209 0.952123
0.983242 0.952032
0.983276 0.951941
0.983309 0.95185
0.983342 0.95176
0.983375 0.951669
0.983407 0.951579
0.983439 0.951489
0.983471 0.951399
0.983503 0.951309
0.983534 0.951218
0.983565 0.951129
0.983596 0.951039
0.983626 0.950949
0.983657 0.950859
0.983687 0.95077
0.983716 0.95068
0.983746 0.950591
0.983775 0.950501
0.983804 0.950412
0.983833 0.950323
0.983861 0.950234
0.983889 0.950145
0.983917 0.950056
0.983945 0.949967
0.983973 0.949878
0.984 0.94979
0.984027 0.949701
0.984054 0.949613
0.98408 0.949524
0.984107 0.949436
0.984133 0.949348
0.984159 0.94926
0.984185 0.949172
0.98421 0.949084
0.984235 0.948996
0.98426 0.948908
0.984285 0.94882
0.98431 0.948733
0.984334 0.948645
0.984359 0.948558
0.984383 0.94847
0.984406 0.948383
0.98443 0.948296
0.984453 0.948209
0.984477 0.948122
0.9845 0.948035
0.984523 0.947948
0.984545 0.947862
0.984568 0.947775
0.98459 0.947689
0.984612 0.947602
0.984634 0.947516
0.984656 0.94743
0.984677 0.947343
0.984698 0.947257
0.98472 0.947171
0.984741 0.947085
0.984761 0.947
0.984782 0.946914
0.984803 0.946828
0.984823 0.946743
0.984843 0.946657
0.984863 0.946572
0.984883 0.946487
0.984902 0.946402
0.984922 0.946317
0.984941 0.946232
0.98496 0.946147
0.984979 0.946062
0.984998 0.945977
0.985017 0.945893
0.985035 0.945808
0.985054 0.945724
0.985072 0.945639
0.98509 0.945555
0.985108 0.945471
0.985126 0.945387
0.985143 0.945303
0.985161 0.945219
0.985178 0.945135
0.985195 0.945052
0.985212 0.944968
0.985229 0.944884
0.985246 0.944801
0.985262 0.944718
0.985279 0.944634
0.985295 0.944551
0.985311 0.944468
0.985327 0.944385
0.985343 0.944302
0.985359 0.94422
0.985375 0.944137
0.98539 0.944054
0.985406 0.943972
0.985421 0.943889
0.985436 0.943807
0.985451 0.943725
0.985466 0.943643
0.985481 0.943561
0.985495 0.943479
0.98551 0.943397
0.985524 0.943315
0.985538 0.943233
0.985553 0.943152
0.985567 0.94307
0.98558 0.942989
0.985594 0.942908
0.985608 0.942826
0.985621 0.942745
0.985635 0.942664
0.985648 0.942583
0.985661 0.942502
0.985675 0.942422
0.985688 0.942341
0.9857 0.94226
0.985713 0.94218
0.985726 0.942099
0.985738 0.942019
0.985751 0.941939
0.985763 0.941859
0.985775 0.941779
0.985788 0.941699
0.9858 0.941619
0.985812 0.941539
0.985823 0.941459
0.985835 0.94138
0.985847 0.9413
0.985858 0.941221
0.98587 0.941142
0.985881 0.941062
0.985892 0.940983
0.985904 0.940904
0.985915 0.940825
0.985926 0.940746
0.985936 0.940668
0.985947 0.940589
0.985958 0.94051
0.985968 0.940432
0.985979 0.940353
0.985989 0.940275
0.986 0.940197
0.98601 0.940119
0.98602 0.940041
0.98603 0.939963
0.98604 0.939885
0.98605 0.939807
0.98606 0.939729
0.986069 0.939652
0.986079 0.939574
0.986089 0.939497
0.986098 0.939419
0.986107 0.939342
0.986117 0.939265
0.986126 0.939188
0.986135 0.939111
0.986144 0.939034
0.986153 0.938957
0.986162 0.93888
0.986171 0.938804
0.98618 0.938727
0.986188 0.938651
0.986197 0.938574
0.986205 0.938498
0.986214 0.938422
0.986222 0.938346
0.98623 0.93827
0.986239 0.938194
0.986247 0.938118
0.986255 0.938042
0.986263 0.937966
0.986271 0.937891
0.986279 0.937815
0.986286 0.93774
0.986294 0.937665
0.986302 0.937589
0.986309 0.937514
0.986317 0.937439
0.986324 0.937364
0.986332 0.937289
0.986339 0.937214
0.986346 0.93714
0.986353 0.937065
0.98636 0.936991
0.986367 0.936916
0.986374 0.936842
0.986381 0.936767
0.986388 0.936693
0.986395 0.936619
0.986402 0.936545
0.986408 0.936471
0.986415 0.936397
0.986422 0.936323
0.986428 0.93625
0.986434 0.936176
0.986441 0.936103
0.986447 0.936029
0.986453 0.935956
0.98646 0.935883
0.986466 0.935809
0.986472 0.935736
0.986478 0.935663
0.986484 0.93559
0.98649 0.935517
0.986495 0.935445
0.986501 0.935372
0.986507 0.935299
0.986513 0.935227
0.986518 0.935154
0.986524 0.935082
0.986529 0.93501
0.986535 0.934938
0.98654 0.934866
0.986546 0.934794
0.986551 0.934722
0.986556 0.93465
0.986561 0.934578
0.986567 0.934506
0.986572 0.934435
0.986577 0.934363
0.986582 0.934292
0.986587 0.93422
0.986592 0.934149
0.986596 0.934078
0.986601 0.934007
0.986606 0.933936
0.986611 0.933865
0.986615 0.933794
0.98662 0.933723
0.986625 0.933652
0.986629 0.933582
0.986634 0.933511
0.986638 0.933441
0.986642 0.93337
0.986647 0.9333
0.986651 0.93323
0.986655 0.93316
0.98666 0.93309
0.986664 0.93302
0.986668 0.93295
0.986672 0.93288
0.986676 0.93281
0.98668 0.93274
0.986684 0.932671
0.986688 0.932601
0.986692 0.932532
0.986696 0.932463
0.986699 0.932393
0.986703 0.932324
0.986707 0.932255
0.98671 0.932186
0.986714 0.932117
0.986718 0.932048
0.986721 0.931979
0.986725 0.931911
0.986728 0.931842
0.986732 0.931773
0.986735 0.931705
0.986738 0.931636
0.986742 0.931568
0.986745 0.9315
0.986748 0.931432
0.986751 0.931364
0.986755 0.931296
0.986758 0.931228
0.986761 0.93116
0.986764 0.931092
0.986767 0.931024
0.98677 0.930957
0.986773 0.930889
0.986776 0.930821
0.986779 0.930754
0.986781 0.930687
0.986784 0.930619
0.986787 0.930552
0.98679 0.930485
0.986793 0.930418
0.986795 0.930351
0.986798 0.930284
0.9868 0.930217
0.986803 0.930151
0.986806 0.930084
0.986808 0.930017
0.986811 0.929951
0.986813 0.929884
0.986816 0.929818
0.986818 0.929752
0.98682 0.929685
0.986823 0.929619
0.986825 0.929553
0.986827 0.929487
0.986829 0.929421
0.986832 0.929355
0.986834 0.92929
0.986836 0.929224
0.986838 0.929158
0.98684 0.929093
0.986842 0.929027
0.986844 0.928962
0.986846 0.928896
0.986848 0.928831
0.98685 0.928766
0.986852 0.928701
0.986854 0.928636
0.986856 0.928571
0.986858 0.928506
0.98686 0.928441
0.986861 0.928376
0.986863 0.928311
0.986865 0.928247
0.986867 0.928182
0.986868 0.928118
0.98687 0.928053
0.986872 0.927989
0.986873 0.927925
0.986875 0.92786
0.986876 0.927796
0.986878 0.927732
0.986879 0.927668
0.986881 0.927604
0.986882 0.92754
0.986884 0.927476
0.986885 0.927413
0.986886 0.927349
0.986888 0.927285
0.986889 0.927222
0.98689 0.927158
0.986892 0.927095
0.986893 0.927032
0.986894 0.926968
0.986895 0.926905
0.986897 0.926842
0.986898 0.926779
0.986899 0.926716
0.9869 0.926653
0.986901 0.92659
0.986902 0.926528
0.986903 0.926465
0.986904 0.926402
0.986905 0.92634
0.986906 0.926277
0.986907 0.926215
0.986908 0.926152
0.986909 0.92609
0.98691 0.926028
0.986911 0.925965
0.986912 0.925903
0.986913 0.925841
0.986914 0.925779
0.986914 0.925717
0.986915 0.925656
0.986916 0.925594
0.986917 0.925532
0.986917 0.92547
0.986918 0.925409
0.986919 0.925347
0.986919 0.925286
0.98692 0.925224
0.986921 0.925163
0.986921 0.925102
0.986922 0.925041
0.986923 0.924979
0.986923 0.924918
0.986924 0.924857
0.986924 0.924796
0.986925 0.924735
0.986925 0.924675
0.986926 0.924614
0.986926 0.924553
0.986926 0.924492
0.986927 0.924432
0.986927 0.924371
0.986928 0.924311
0.986928 0.924251
0.986928 0.92419
0.986929 0.92413
0.986929 0.92407
0.986929 0.92401
0.98693 0.923949
0.98693 0.923889
0.98693 0.92383
0.98693 0.92377
0.986931 0.92371
0.986931 0.92365
0.986931 0.92359
0.986931 0.923531
0.986931 0.923471
0.986931 0.923412
0.986932 0.923352
0.986932 0.923293
0.986932 0.923233
0.986932 0.923174
0.986932 0.923115
0.986932 0.923056
0.986932 0.922996
0.986932 0.922937
0.986932 0.922878
0.986932 0.922819
0.986932 0.922761
0.986932 0.922702
0.986932 0.922643
0.986932 0.922584
0.986932 0.922526
0.986932 0.922467
0.986931 0.922409
0.986931 0.92235
0.986931 0.922292
0.986931 0.922233
0.986931 0.922175
0.986931 0.922117
0.986931 0.922059
0.98693 0.922001
0.98693 0.921943
0.98693 0.921885
0.98693 0.921827
0.986929 0.921769
0.986929 0.921711
0.986929 0.921653
0.986929 0.921595
0.986928 0.921538
0.986928 0.92148
0.986928 0.921423
0.986927 0.921365
0.986927 0.921308
0.986927 0.92125
0.986926 0.921193
0.986926 0.921136
0.986925 0.921078
0.986925 0.921021
0.986925 0.920964
0.986924 0.920907
0.986924 0.92085
0.986923 0.920793
0.986923 0.920736
0.986922 0.920679
0.986922 0.920623
0.986921 0.920566
0.986921 0.920509
0.98692 0.920453
0.98692 0.920396
0.986919 0.92034
0.986919 0.920283
0.986918 0.920227
0.986917 0.92017
0.986917 0.920114
0.986916 0.920058
0.986916 0.920002
0.986915 0.919946
0.986914 0.91989
0.986914 0.919834
0.986913 0.919778
0.986912 0.919722
0.986912 0.919666
0.986911 0.91961
0.98691 0.919554
0.98691 0.919498
0.986909 0.919443
0.986908 0.919387
0.986908 0.919332
0.986907 0.919276
0.986906 0.919221
0.986905 0.919165
0.986905 0.91911
0.986904 0.919055
0.986903 0.918999
0.986902 0.918944
0.986901 0.918889
0.986901 0.918834
0.9869 0.918779
0.986899 0.918724
0.986898 0.918669
0.986897 0.918614
0.986896 0.918559
0.986896 0.918505
0.986895 0.91845
0.986894 0.918395
0.986893 0.91834
0.986892 0.918286
0.986891 0.918231
0.98689 0.918177
0.986889 0.918122
0.986888 0.918068
0.986888 0.918014
0.986887 0.917959
0.986886 0.917905
0.986885 0.917851
0.986884 0.917797
0.986883 0.917743
0.986882 0.917689
0.986881 0.917635
0.98688 0.917581
0.986879 0.917527
0.986878 0.917473
0.986877 0.917419
0.986876 0.917365
0.986875 0.917312
0.986874 0.917258
0.986873 0.917204
0.986872 0.917151
0.986871 0.917097
0.986869 0.917044
0.986868 0.91699
0.986867 0.916937
0.986866 0.916884
0.986865 0.91683
0.986864 0.916777
0.986863 0.916724
0.986862 0.916671
0.986861 0.916618
0.98686 0.916564
0.986858 0.916511
0.986857 0.916458
0.986856 0.916406
0.986855 0.916353
0.986854 0.9163
0.986853 0.916247
0.986852 0.916194
0.98685 0.916142
0.986849 0.916089
0.986848 0.916036
0.986847 0.915984
0.986846 0.915931
0.986844 0.915879
0.986843 0.915826
0.986842 0.915774
0.986841 0.915722
0.986839 0.915669
0.986838 0.915617
0.986837 0.915565
0.986836 0.915513
0.986835 0.915461
0.986833 0.915408
0.986832 0.915356
0.986831 0.915304
0.986829 0.915252
0.986828 0.915201
0.986827 0.915149
0.986826 0.915097
0.986824 0.915045
0.986823 0.914993
0.986822 0.914942
0.98682 0.91489
0.986819 0.914838
0.986818 0.914787
0.986816 0.914735
0.986815 0.914684
0.986814 0.914632
0.986812 0.914581
0.986811 0.91453
0.98681 0.914478
0.986808 0.914427
0.986807 0.914376
0.986806 0.914325
0.986804 0.914273
0.986803 0.914222
0.986802 0.914171
0.9868 0.91412
0.986799 0.914069
0.986797 0.914018
0.986796 0.913967
0.986795 0.913916
0.986793 0.913866
0.986792 0.913815
0.98679 0.913764
0.986789 0.913713
0.986788 0.913663
0.986786 0.913612
0.986785 0.913561
0.986783 0.913511
0.986782 0.91346
0.98678 0.91341
0.986779 0.91336
0.986777 0.913309
0.986776 0.913259
0.986775 0.913208
0.986773 0.913158
0.986772 0.913108
0.98677 0.913058
0.986769 0.913008
0.986767 0.912957
0.986766 0.912907
0.986764 0.912857
0.986763 0.912807
0.986761 0.912757
0.98676 0.912707
0.986758 0.912658
0.986757 0.912608
0.986755 0.912558
0.986754 0.912508
0.986752 0.912458
0.986751 0.912409
0.986749 0.912359
0.986748 0.912309
0.986746 0.91226
0.986745 0.91221
0.986743 0.912161
0.986742 0.912111
0.98674 0.912062
0.986738 0.912012
0.986737 0.911963
0.986735 0.911914
0.986734 0.911864
0.986732 0.911815
0.986731 0.911766
0.986729 0.911717
0.986728 0.911668
0.986726 0.911618
0.986724 0.911569
0.986723 0.91152
0.986721 0.911471
0.98672 0.911422
0.986718 0.911373
0.986716 0.911324
0.986715 0.911276
0.986713 0.911227
0.986712 0.911178
0.98671 0.911129
0.986708 0.91108
0.986707 0.911032
0.986705 0.910983
0.986704 0.910934
0.986702 0.910886
0.9867 0.910837
0.986699 0.910789
0.986697 0.91074
0.986696 0.910692
0.986694 0.910643
0.986692 0.910595
0.986691 0.910547
0.986689 0.910498
0.986687 0.91045
0.986686 0.910402
0.986684 0.910354
0.986682 0.910305
0.986681 0.910257
0.986679 0.910209
0.986678 0.910161
0.986676 0.910113
0.986674 0.910065
0.986673 0.910017
0.986671 0.909969
0.986669 0.909921
0.986668 0.909873
0.986666 0.909825
0.986664 0.909777
0.986663 0.90973
0.986661 0.909682
0.986659 0.909634
0.986657 0.909586
0.986656 0.909539
0.986654 0.909491
0.986652 0.909443
0.986651 0.909396
0.986649 0.909348
0.986647 0.909301
0.986646 0.909253
0.986644 0.909206
0.986642 0.909158
0.986641 0.909111
0.986639 0.909064
0.986637 0.909016
0.986635 0.908969
0.986634 0.908922
0.986632 0.908875
0.98663 0.908827
0.986629 0.90878
0.986627 0.908733
0.986625 0.908686
0.986623 0.908639
0.986622 0.908592
0.98662 0.908545
0.986618 0.908498
0.986617 0.908451
0.986615 0.908404
0.986613 0.908357
0.986611 0.90831
0.98661 0.908263
0.986608 0.908216
0.986606 0.908169
0.986604 0.908123
0.986603 0.908076
0.986601 0.908029
0.986599 0.907983
0.986597 0.907936
0.986596 0.907889
0.986594 0.907843
0.986592 0.907796
0.98659 0.90775
0.986589 0.907703
0.986587 0.907657
0.986585 0.90761
0.986583 0.907564
0.986582 0.907517
0.98658 0.907471
0.986578 0.907425
0.986576 0.907378
0.986575 0.907332
0.986573 0.907286
0.986571 0.90724
0.986569 0.907193
0.986568 0.907147
0.986566 0.907101
0.986564 0.907055
0.986562 0.907009
0.986561 0.906963
0.986559 0.906917
0.986557 0.906871
0.986555 0.906825
0.986553 0.906779
0.986552 0.906733
0.98655 0.906687
0.986548 0.906641
0.986546 0.906595
0.986544 0.906549
0.986543 0.906503
0.986541 0.906458
0.986539 0.906412
0.986537 0.906366
0.986536 0.90632
0.986534 0.906275
0.986532 0.906229
0.98653 0.906183
0.986528 0.906138
0.986527 0.906092
0.986525 0.906047
0.986523 0.906001
0.986521 0.905956
0.986519 0.90591
0.986518 0.905865
0.986516 0.905819
0.986514 0.905774
0.986512 0.905729
0.98651 0.905683
0.986509 0.905638
0.986507 0.905593
0.986505 0.905547
0.986503 0.905502
0.986501 0.905457
0.986499 0.905412
0.986498 0.905366
0.986496 0.905321
0.986494 0.905276
0.986492 0.905231
0.98649 0.905186
0.986489 0.905141
0.986487 0.905096
0.986485 0.905051
0.986483 0.905006
0.986481 0.904961
0.98648 0.904916
0.986478 0.904871
0.986476 0.904826
0.986474 0.904781
0.986472 0.904736
0.98647 0.904691
0.986469 0.904646
0.986467 0.904602
0.986465 0.904557
0.986463 0.904512
0.986461 0.904467
0.986459 0.904423
0.986458 0.904378
0.986456 0.904333
0.986454 0.904289
0.986452 0.904244
0.98645 0.904199
0.986448 0.904155
0.986447 0.90411
0.986445 0.904066
0.986443 0.904021
0.986441 0.903977
0.986439 0.903932
0.986437 0.903888
0.986436 0.903843
0.986434 0.903799
0.986432 0.903755
0.98643 0.90371
0.986428 0.903666
0.986426 0.903622
0.986425 0.903577
0.986423 0.903533
0.986421 0.903489
0.986419 0.903444
0.986417 0.9034
0.986415 0.903356
0.986413 0.903312
0.986412 0.903268
0.98641 0.903224
0.986408 0.903179
0.986406 0.903135
0.986404 0.903091
0.986402 0.903047
0.986401 0.903003
0.986399 0.902959
0.986397 0.902915
0.986395 0.902871
0.986393 0.902827
0.986391 0.902783
0.986389 0.902739
0.986388 0.902695
0.986386 0.902651
0.986384 0.902608
0.986382 0.902564
0.98638 0.90252
0.986378 0.902476
0.986376 0.902432
0.986375 0.902388
0.986373 0.902345
0.986371 0.902301
0.986369 0.902257
0.986367 0.902214
0.986365 0.90217
0.986363 0.902126
0.986362 0.902083
0.98636 0.902039
0.986358 0.901995
0.986356 0.901952
0.986354 0.901908
0.986352 0.901864
0.98635 0.901821
0.986349 0.901777
0.986347 0.901734
0.986345 0.90169
0.986343 0.901647
0.986341 0.901603
0.986339 0.90156
0.986337 0.901517
0.986336 0.901473
0.986334 0.90143
0.986332 0.901386
0.98633 0.901343
0.986328 0.9013
0.986326 0.901256
0.986324 0.901213
0.986322 0.90117
0.986321 0.901126
0.986319 0.901083
0.986317 0.90104
0.986315 0.900997
0.986313 0.900953
0.986311 0.90091
0.986309 0.900867
0.986308 0.900824
0.986306 0.900781
0.986304 0.900738
0.986302 0.900695
0.9863 0.900651
0.986298 0.900608
0.986296 0.900565
0.986294 0.900522
0.986293 0.900479
0.986291 0.900436
0.986289 0.900393
0.986287 0.90035
0.986285 0.900307
0.986283 0.900264
0.986281 0.900221
0.98628 0.900178
0.986278 0.900135
0.986276 0.900092
0.986274 0.900049
0.986272 0.900007
0.98627 0.899964
0.986268 0.899921
0.986266 0.899878
0.986265 0.899835
0.986263 0.899792
0.986261 0.89975
0.986259 0.899707
0.986257 0.899664
0.986255 0.899621
0.986253 0.899578
0.986251 0.899536
0.98625 0.899493
0.986248 0.89945
0.986246 0.899408
0.986244 0.899365
0.986242 0.899322
0.98624 0.89928
0.986238 0.899237
0.986236 0.899194
0.986235 0.899152
0.986233 0.899109
0.986231 0.899067
0.986229 0.899024
0.986227 0.898981
0.986225 0.898939
0.986223 0.898896
0.986221 0.898854
0.98622 0.898811
0.986218 0.898769
0.986216 0.898726
0.986214 0.898684
0.986212 0.898641
0.98621 0.898599
0.986208 0.898556
0.986206 0.898514
0.986205 0.898472
0.986203 0.898429
0.986201 0.898387
0.986199 0.898344
0.986197 0.898302
0.986195 0.89826
0.986193 0.898217
0.986191 0.898175
0.98619 0.898133
0.986188 0.89809
0.986186 0.898048
0.986184 0.898006
0.986182 0.897963
0.98618 0.897921
0.986178 0.897879
0.986176 0.897837
0.986175 0.897794
0.986173 0.897752
0.986171 0.89771
0.986169 0.897668
0.986167 0.897625
0.986165 0.897583
0.986163 0.897541
0.986161 0.897499
0.98616 0.897457
0.986158 0.897414
0.986156 0.897372
0.986154 0.89733
0.986152 0.897288
0.98615 0.897246
0.986148 0.897204
0.986146 0.897162
0.986145 0.89712
0.986143 0.897078
0.986141 0.897036
0.986139 0.896993
0.986137 0.896951
0.986135 0.896909
0.986133 0.896867
0.986131 0.896825
0.986129 0.896783
0.986128 0.896741
0.986126 0.896699
0.986124 0.896657
0.986122 0.896615
0.98612 0.896573
0.986118 0.896531
0.986116 0.896489
0.986114 0.896447
0.986113 0.896405
0.986111 0.896364
0.986109 0.896322
0.986107 0.89628
0.986105 0.896238
0.986103 0.896196
0.986101 0.896154
0.986099 0.896112
0.986098 0.89607
0.986096 0.896028
0.986094 0.895986
0.986092 0.895945
0.98609 0.895903
0.986088 0.895861
0.986086 0.895819
0.986084 0.895777
0.986083 0.895735
0.986081 0.895694
0.986079 0.895652
0.986077 0.89561
0.986075 0.895568
0.986073 0.895526
0.986071 0.895485
0.986069 0.895443
0.986067 0.895401
0.986066 0.895359
0.986064 0.895318
0.986062 0.895276
0.98606 0.895234
0.986058 0.895192
0.986056 0.895151
0.986054 0.895109
0.986052 0.895067
0.986051 0.895025
0.986049 0.894984
0.986047 0.894942
0.986045 0.8949
0.986043 0.894859
0.986041 0.894817
0.986039 0.894775
0.986037 0.894734
0.986036 0.894692
0.986034 0.89465
0.986032 0.894609
0.98603 0.894567
0.986028 0.894525
0.986026 0.894484
0.986024 0.894442
0.986022 0.8944
0.986021 0.894359
0.986019 0.894317
0.986017 0.894275
0.986015 0.894234
0.986013 0.894192
0.986011 0.894151
0.986009 0.894109
0.986007 0.894067
0.986005 0.894026
0.986004 0.893984
0.986002 0.893943
0.986 0.893901
0.985998 0.893859
0.985996 0.893818
0.985994 0.893776
0.985992 0.893735
0.98599 0.893693
0.985989 0.893652
0.985987 0.89361
0.985985 0.893569
0.985983 0.893527
0.985981 0.893485
0.985979 0.893444
0.985977 0.893402
0.985975 0.893361
0.985974 0.893319
0.985972 0.893278
0.98597 0.893236
0.985968 0.893195
0.985966 0.893153
0.985964 0.893112
0.985962 0.89307
0.98596 0.893029
0.985958 0.892987
0.985957 0.892945
0.985955 0.892904
0.985953 0.892862
0.985951 0.892821
0.985949 0.892779
0.985947 0.892738
0.985945 0.892696
0.985943 0.892655
0.985942 0.892613
0.98594 0.892572
0.985938 0.89253
0.985936 0.892489
0.985934 0.892447
0.985932 0.892406
0.98593 0.892364
0.985928 0.892323
0.985927 0.892281
0.985925 0.89224
0.985923 0.892198
0.985921 0.892157
0.985919 0.892116
0.985917 0.892074
0.985915 0.892033
0.985913 0.891991
0.985911 0.89195
0.98591 0.891908
0.985908 0.891867
0.985906 0.891825
0.985904 0.891784
0.985902 0.891742
0.9859 0.891701
0.985898 0.891659
0.985896 0.891618
0.985895 0.891576
0.985893 0.891535
0.985891 0.891493
0.985889 0.891452
0.985887 0.89141
0.985885 0.891369
0.985883 0.891327
0.985881 0.891286
0.985879 0.891244
0.985878 0.891203
0.985876 0.891161
0.985874 0.89112
0.985872 0.891078
0.98587 0.891037
0.985868 0.890995
0.985866 0.890954
0.985864 0.890912
0.985863 0.890871
0.985861 0.890829
0.985859 0.890788
0.985857 0.890746
0.985855 0.890705
0.985853 0.890663
0.985851 0.890622
0.985849 0.89058
0.985847 0.890539
0.985846 0.890497
0.985844 0.890456
0.985842 0.890414
0.98584 0.890373
0.985838 0.890331
0.985836 0.89029
0.985834 0.890248
0.985832 0.890207
0.985831 0.890165
0.985829 0.890124
0.985827 0.890082
0.985825 0.890041
0.985823 0.889999
0.985821 0.889958
0.985819 0.889916
0.985817 0.889874
0.985815 0.889833
0.985814 0.889791
0.985812 0.88975
0.98581 0.889708
0.985808 0.889667
0.985806 0.889625
0.985804 0.889583
0.985802 0.889542
0.9858 0.8895
0.985798 0.889459
0.985797 0.889417
0.985795 0.889376
0.985793 0.889334
0.985791 0.889292
0.985789 0.889251
0.985787 0.889209
0.985785 0.889168
0.985783 0.889126
0.985781 0.889084
0.98578 0.889043
0.985778 0.889001
0.985776 0.888959
0.985774 0.888918
0.985772 0.888876
0.98577 0.888834
0.985768 0.888793
0.985766 0.888751
0.985764 0.888709
0.985763 0.888668
0.985761 0.888626
0.985759 0.888584
0.985757 0.888543
0.985755 0.888501
0.985753 0.888459
0.985751 0.888418
0.985749 0.888376
0.985747 0.888334
0.985746 0.888293
0.985744 0.888251
0.985742 0.888209
0.98574 0.888167
0.985738 0.888126
0.985736 0.888084
0.985734 0.888042
0.985732 0.888
0.98573 0.887959
0.985729 0.887917
0.985727 0.887875
0.985725 0.887833
0.985723 0.887791
0.985721 0.88775
0.985719 0.887708
0.985717 0.887666
0.985715 0.887624
0.985713 0.887582
0.985712 0.88754
0.98571 0.887499
0.985708 0.887457
0.985706 0.887415
0.985704 0.887373
0.985702 0.887331
0.9857 0.887289
0.985698 0.887247
0.985696 0.887206
0.985694 0.887164
0.985693 0.887122
0.985691 0.88708
0.985689 0.887038
0.985687 0.886996
0.985685 0.886954
0.985683 0.886912
0.985681 0.88687
0.985679 0.886828
0.985677 0.886786
0.985675 0.886744
0.985674 0.886702
0.985672 0.88666
0.98567 0.886618
0.985668 0.886576
0.985666 0.886534
0.985664 0.886492
0.985662 0.88645
0.98566 0.886408
0.985658 0.886366
0.985656 0.886324
0.985655 0.886282
0.985653 0.886239
0.985651 0.886197
0.985649 0.886155
0.985647 0.886113
0.985645 0.886071
0.985643 0.886029
0.985641 0.885987
0.985639 0.885944
0.985637 0.885902
0.985635 0.88586
0.985634 0.885818
0.985632 0.885776
0.98563 0.885733
0.985628 0.885691
0.985626 0.885649
0.985624 0.885607
0.985622 0.885564
0.98562 0.885522
0.985618 0.88548
0.985616 0.885438
0.985615 0.885395
0.985613 0.885353
0.985611 0.885311
0.985609 0.885268
0.985607 0.885226
0.985605 0.885184
0.985603 0.885141
0.985601 0.885099
0.985599 0.885056
0.985597 0.885014
0.985595 0.884972
0.985593 0.884929
0.985592 0.884887
0.98559 0.884844
0.985588 0.884802
0.985586 0.884759
0.985584 0.884717
0.985582 0.884674
0.98558 0.884632
0.985578 0.884589
0.985576 0.884547
0.985574 0.884504
0.985572 0.884461
0.98557 0.884419
0.985569 0.884376
0.985567 0.884334
0.985565 0.884291
0.985563 0.884248
0.985561 0.884206
0.985559 0.884163
0.985557 0.88412
0.985555 0.884078
0.985553 0.884035
0.985551 0.883992
0.985549 0.883949
0.985547 0.883907
0.985546 0.883864
0.985544 0.883821
0.985542 0.883778
0.98554 0.883736
0.985538 0.883693
0.985536 0.88365
0.985534 0.883607
0.985532 0.883564
0.98553 0.883521
0.985528 0.883478
0.985526 0.883435
0.985524 0.883393
0.985522 0.88335
0.98552 0.883307
0.985519 0.883264
0.985517 0.883221
0.985515 0.883178
0.985513 0.883135
0.985511 0.883092
0.985509 0.883049
0.985507 0.883005
0.985505 0.882962
0.985503 0.882919
0.985501 0.882876
0.985499 0.882833
0.985497 0.88279
0.985495 0.882747
0.985493 0.882703
0.985491 0.88266
0.98549 0.882617
0.985488 0.882574
0.985486 0.882531
0.985484 0.882487
0.985482 0.882444
0.98548 0.882401
0.985478 0.882357
0.985476 0.882314
0.985474 0.882271
0.985472 0.882227
0.98547 0.882184
0.985468 0.882141
0.985466 0.882097
0.985464 0.882054
0.985462 0.88201
0.98546 0.881967
0.985458 0.881923
0.985456 0.88188
0.985455 0.881836
0.985453 0.881793
0.985451 0.881749
0.985449 0.881705
0.985447 0.881662
0.985445 0.881618
0.985443 0.881575
0.985441 0.881531
0.985439 0.881487
0.985437 0.881444
0.985435 0.8814
0.985433 0.881356
0.985431 0.881312
0.985429 0.881268
0.985427 0.881225
0.985425 0.881181
0.985423 0.881137
0.985421 0.881093
0.985419 0.881049
0.985417 0.881005
0.985415 0.880961
0.985413 0.880918
0.985411 0.880874
0.98541 0.88083
0.985408 0.880786
0.985406 0.880742
0.985404 0.880698
0.985402 0.880653
0.9854 0.880609
0.985398 0.880565
0.985396 0.880521
0.985394 0.880477
0.985392 0.880433
0.98539 0.880389
0.985388 0.880344
0.985386 0.8803
0.985384 0.880256
0.985382 0.880212
0.98538 0.880167
0.985378 0.880123
0.985376 0.880079
0.985374 0.880034
0.985372 0.87999
0.98537 0.879945
0.985368 0.879901
0.985366 0.879857
0.985364 0.879812
0.985362 0.879768
0.98536 0.879723
0.985358 0.879679
0.985356 0.879634
0.985354 0.879589
0.985352 0.879545
0.98535 0.8795
0.985348 0.879455
0.985346 0.879411
0.985344 0.879366
0.985342 0.879321
0.98534 0.879277
0.985338 0.879232
0.985336 0.879187
0.985334 0.879142
0.985332 0.879097
0.98533 0.879052
0.985328 0.879007
0.985326 0.878963
0.985324 0.878918
0.985322 0.878873
0.98532 0.878828
0.985318 0.878783
0.985316 0.878737
0.985314 0.878692
0.985312 0.878647
0.98531 0.878602
0.985308 0.878557
0.985306 0.878512
0.985304 0.878467
0.985302 0.878421
0.9853 0.878376
0.985298 0.878331
0.985296 0.878286
0.985294 0.87824
0.985292 0.878195
0.98529 0.878149
0.985288 0.878104
0.985286 0.878059
0.985284 0.878013
0.985282 0.877968
0.98528 0.877922
0.985278 0.877876
0.985276 0.877831
0.985274 0.877785
0.985272 0.87774
0.98527 0.877694
0.985268 0.877648
0.985266 0.877603
0.985264 0.877557
0.985262 0.877511
0.98526 0.877465
0.985258 0.877419
0.985256 0.877374
0.985254 0.877328
0.985252 0.877282
0.98525 0.877236
0.985248 0.87719
0.985246 0.877144
0.985244 0.877098
0.985242 0.877052
0.98524 0.877006
0.985238 0.876959
0.985236 0.876913
0.985234 0.876867
0.985232 0.876821
0.98523 0.876775
0.985228 0.876728
0.985226 0.876682
0.985224 0.876636
0.985221 0.876589
0.985219 0.876543
0.985217 0.876497
0.985215 0.87645
0.985213 0.876404
0.985211 0.876357
0.985209 0.876311
0.985207 0.876264
0.985205 0.876217
0.985203 0.876171
0.985201 0.876124
0.985199 0.876077
0.985197 0.876031
0.985195 0.875984
0.985193 0.875937
0.985191 0.87589
0.985189 0.875843
0.985187 0.875796
0.985185 0.87575
0.985182 0.875703
0.98518 0.875656
0.985178 0.875609
0.985176 0.875561
0.985174 0.875514
0.985172 0.875467
0.98517 0.87542
0.985168 0.875373
0.985166 0.875326
0.985164 0.875278
0.985162 0.875231
0.98516 0.875184
0.985158 0.875136
0.985156 0.875089
0.985153 0.875042
0.985151 0.874994
0.985149 0.874947
0.985147 0.874899
0.985145 0.874851
0.985143 0.874804
0.985141 0.874756
0.985139 0.874709
0.985137 0.874661
0.985135 0.874613
0.985133 0.874565
0.98513 0.874517
0.985128 0.87447
0.985126 0.874422
0.985124 0.874374
0.985122 0.874326
0.98512 0.874278
0.985118 0.87423
0.985116 0.874182
0.985114 0.874134
0.985112 0.874085
0.985109 0.874037
0.985107 0.873989
0.985105 0.873941
0.985103 0.873892
0.985101 0.873844
0.985099 0.873796
0.985097 0.873747
0.985095 0.873699
0.985093 0.87365
0.98509 0.873602
0.985088 0.873553
0.985086 0.873505
0.985084 0.873456
0.985082 0.873407
0.98508 0.873359
0.985078 0.87331
0.985076 0.873261
0.985073 0.873212
0.985071 0.873163
0.985069 0.873114
0.985067 0.873065
0.985065 0.873016
0.985063 0.872967
0.985061 0.872918
0.985059 0.872869
0.985056 0.87282
0.985054 0.872771
0.985052 0.872722
0.98505 0.872672
0.985048 0.872623
0.985046 0.872574
0.985044 0.872524
0.985041 0.872475
0.985039 0.872425
0.985037 0.872376
0.985035 0.872326
0.985033 0.872276
0.985031 0.872227
0.985028 0.872177
0.985026 0.872127
0.985024 0.872078
0.985022 0.872028
0.98502 0.871978
0.985018 0.871928
0.985015 0.871878
0.985013 0.871828
0.985011 0.871778
0.985009 0.871728
0.985007 0.871678
0.985005 0.871627
0.985002 0.871577
0.985 0.871527
0.984998 0.871477
0.984996 0.871426
0.984994 0.871376
0.984992 0.871325
0.984989 0.871275
0.984987 0.871224
0.984985 0.871174
0.984983 0.871123
0.984981 0.871072
0.984978 0.871022
0.984976 0.870971
0.984974 0.87092
0.984972 0.870869
0.98497 0.870818
0.984967 0.870767
0.984965 0.870716
0.984963 0.870665
0.984961 0.870614
0.984959 0.870563
0.984956 0.870512
0.984954 0.870461
0.984952 0.870409
0.98495 0.870358
0.984947 0.870307
0.984945 0.870255
0.984943 0.870204
0.984941 0.870152
0.984939 0.8701
0.984936 0.870049
0.984934 0.869997
0.984932 0.869945
0.98493 0.869894
0.984927 0.869842
0.984925 0.86979
0.984923 0.869738
0.984921 0.869686
0.984918 0.869634
0.984916 0.869582
0.984914 0.86953
0.984912 0.869478
0.98491 0.869425
0.984907 0.869373
0.984905 0.869321
0.984903 0.869268
0.9849 0.869216
0.984898 0.869163
0.984896 0.869111
0.984894 0.869058
0.984891 0.869005
0.984889 0.868953
0.984887 0.8689
0.984885 0.868847
0.984882 0.868794
0.98488 0.868741
0.984878 0.868688
0.984876 0.868635
0.984873 0.868582
0.984871 0.868529
0.984869 0.868476
0.984866 0.868423
0.984864 0.868369
0.984862 0.868316
0.98486 0.868263
0.984857 0.868209
0.984855 0.868156
0.984853 0.868102
0.98485 0.868048
0.984848 0.867995
0.984846 0.867941
0.984843 0.867887
0.984841 0.867833
0.984839 0.867779
0.984837 0.867725
0.984834 0.867671
0.984832 0.867617
0.98483 0.867563
0.984827 0.867509
0.984825 0.867454
0.984823 0.8674
0.98482 0.867346
0.984818 0.867291
0.984816 0.867237
0.984813 0.867182
0.984811 0.867128
0.984809 0.867073
0.984806 0.867018
0.984804 0.866963
0.984802 0.866908
0.984799 0.866854
0.984797 0.866799
0.984795 0.866743
0.984792 0.866688
0.98479 0.866633
0.984788 0.866578
0.984785 0.866523
0.984783 0.866467
0.98478 0.866412
0.984778 0.866356
0.984776 0.866301
0.984773 0.866245
0.984771 0.86619
0.984769 0.866134
0.984766 0.866078
0.984764 0.866022
0.984762 0.865966
0.984759 0.86591
0.984757 0.865854
0.984754 0.865798
0.984752 0.865742
0.98475 0.865686
0.984747 0.865629
0.984745 0.865573
0.984742 0.865516
0.98474 0.86546
0.984738 0.865403
0.984735 0.865347
0.984733 0.86529
0.98473 0.865233
0.984728 0.865176
0.984726 0.865119
0.984723 0.865062
0.984721 0.865005
0.984718 0.864948
0.984716 0.864891
0.984713 0.864834
0.984711 0.864777
0.984709 0.864719
0.984706 0.864662
0.984704 0.864604
0.984701 0.864547
0.984699 0.864489
0.984696 0.864431
0.984694 0.864373
0.984691 0.864315
0.984689 0.864257
0.984687 0.864199
0.984684 0.864141
0.984682 0.864083
0.984679 0.864025
0.984677 0.863967
0.984674 0.863908
0.984672 0.86385
0.984669 0.863791
0.984667 0.863733
0.984664 0.863674
0.984662 0.863615
0.984659 0.863556
0.984657 0.863497
0.984654 0.863438
0.984652 0.863379
0.984649 0.86332
0.984647 0.863261
0.984644 0.863202
0.984642 0.863142
0.984639 0.863083
0.984637 0.863024
0.984634 0.862964
0.984632 0.862904
0.984629 0.862845
0.984627 0.862785
0.984624 0.862725
0.984622 0.862665
0.984619 0.862605
0.984617 0.862545
0.984614 0.862485
0.984612 0.862424
0.984609 0.862364
0.984607 0.862303
0.984604 0.862243
0.984602 0.862182
0.984599 0.862122
0.984596 0.862061
0.984594 0.862
0.984591 0.861939
0.984589 0.861878
0.984586 0.861817
0.984584 0.861756
0.984581 0.861695
0.984578 0.861633
0.984576 0.861572
0.984573 0.86151
0.984571 0.861449
0.984568 0.861387
0.984566 0.861325
0.984563 0.861264
0.98456 0.861202
0.984558 0.86114
0.984555 0.861078
0.984553 0.861015
0.98455 0.860953
0.984547 0.860891
0.984545 0.860828
0.984542 0.860766
0.98454 0.860703
0.984537 0.860641
0.984534 0.860578
0.984532 0.860515
0.984529 0.860452
0.984526 0.860389
0.984524 0.860326
0.984521 0.860262
0.984518 0.860199
0.984516 0.860136
0.984513 0.860072
0.984511 0.860009
0.984508 0.859945
0.984505 0.859881
0.984503 0.859817
0.9845 0.859753
0.984497 0.859689
0.984495 0.859625
0.984492 0.859561
0.984489 0.859497
0.984486 0.859432
0.984484 0.859368
0.984481 0.859303
0.984478 0.859238
0.984476 0.859174
0.984473 0.859109
0.98447 0.859044
0.984468 0.858979
0.984465 0.858914
0.984462 0.858848
0.984459 0.858783
0.984457 0.858717
0.984454 0.858652
0.984451 0.858586
0.984449 0.85852
0.984446 0.858455
0.984443 0.858389
0.98444 0.858323
0.984438 0.858256
0.984435 0.85819
0.984432 0.858124
0.984429 0.858057
0.984427 0.857991
0.984424 0.857924
0.984421 0.857857
0.984418 0.857791
0.984415 0.857724
0.984413 0.857657
0.98441 0.857589
0.984407 0.857522
0.984404 0.857455
0.984402 0.857387
0.984399 0.85732
0.984396 0.857252
0.984393 0.857184
0.98439 0.857116
0.984388 0.857048
0.984385 0.85698
0.984382 0.856912
0.984379 0.856844
0.984376 0.856775
0.984373 0.856707
0.984371 0.856638
0.984368 0.856569
0.984365 0.8565
0.984362 0.856431
0.984359 0.856362
0.984356 0.856293
0.984353 0.856224
0.984351 0.856154
0.984348 0.856085
0.984345 0.856015
0.984342 0.855945
0.984339 0.855875
0.984336 0.855805
0.984333 0.855735
0.98433 0.855665
0.984328 0.855595
0.984325 0.855524
0.984322 0.855454
0.984319 0.855383
0.984316 0.855312
0.984313 0.855241
0.98431 0.85517
0.984307 0.855099
0.984304 0.855028
0.984301 0.854956
0.984298 0.854885
0.984295 0.854813
0.984293 0.854742
0.98429 0.85467
0.984287 0.854598
0.984284 0.854526
0.984281 0.854453
0.984278 0.854381
0.984275 0.854309
0.984272 0.854236
0.984269 0.854163
0.984266 0.85409
0.984263 0.854017
0.98426 0.853944
0.984257 0.853871
0.984254 0.853798
0.984251 0.853724
0.984248 0.853651
0.984245 0.853577
0.984242 0.853503
0.984239 0.853429
0.984236 0.853355
0.984233 0.853281
0.98423 0.853206
0.984227 0.853132
0.984224 0.853057
0.98422 0.852983
0.984217 0.852908
0.984214 0.852833
0.984211 0.852757
0.984208 0.852682
0.984205 0.852607
0.984202 0.852531
0.984199 0.852455
0.984196 0.85238
0.984193 0.852304
0.98419 0.852228
0.984187 0.852151
0.984183 0.852075
0.98418 0.851998
0.984177 0.851922
0.984174 0.851845
0.984171 0.851768
0.984168 0.851691
0.984165 0.851614
0.984162 0.851536
0.984158 0.851459
0.984155 0.851381
0.984152 0.851304
0.984149 0.851226
0.984146 0.851148
0.984143 0.851069
0.984139 0.850991
0.984136 0.850912
0.984133 0.850834
0.98413 0.850755
0.984127 0.850676
0.984123 0.850597
0.98412 0.850518
0.984117 0.850438
0.984114 0.850359
0.984111 0.850279
0.984107 0.850199
0.984104 0.850119
0.984101 0.850039
0.984098 0.849959
0.984094 0.849878
0.984091 0.849798
0.984088 0.849717
0.984084 0.849636
0.984081 0.849555
0.984078 0.849474
0.984075 0.849393
0.984071 0.849311
0.984068 0.849229
0.984065 0.849147
0.984061 0.849065
0.984058 0.848983
0.984055 0.848901
0.984051 0.848819
0.984048 0.848736
0.984045 0.848653
0.984041 0.84857
0.984038 0.848487
0.984035 0.848404
0.984031 0.84832
0.984028 0.848237
0.984025 0.848153
0.984021 0.848069
0.984018 0.847985
0.984014 0.8479
0.984011 0.847816
0.984008 0.847731
0.984004 0.847646
0.984001 0.847561
0.983997 0.847476
0.983994 0.847391
0.983991 0.847305
0.983987 0.84722
0.983984 0.847134
0.98398 0.847048
0.983977 0.846962
0.983973 0.846875
0.98397 0.846789
0.983966 0.846702
0.983963 0.846615
0.983959 0.846528
0.983956 0.846441
0.983952 0.846353
0.983949 0.846266
0.983945 0.846178
0.983942 0.84609
0.983938 0.846002
0.983935 0.845913
0.983931 0.845825
0.983928 0.845736
0.983924 0.845647
0.983921 0.845558
0.983917 0.845469
0.983913 0.845379
0.98391 0.84529
0.983906 0.8452
0.983903 0.84511
0.983899 0.845019
0.983895 0.844929
0.983892 0.844838
0.983888 0.844747
0.983885 0.844656
0.983881 0.844565
0.983877 0.844474
0.983874 0.844382
0.98387 0.84429
0.983866 0.844198
0.983863 0.844106
0.983859 0.844014
0.983855 0.843921
0.983852 0.843828
0.983848 0.843735
0.983844 0.843642
0.98384 0.843548
0.983837 0.843455
0.983833 0.843361
0.983829 0.843267
0.983825 0.843173
0.983822 0.843078
0.983818 0.842983
0.983814 0.842889
0.98381 0.842793
0.983807 0.842698
0.983803 0.842602
0.983799 0.842507
0.983795 0.842411
0.983791 0.842315
0.983788 0.842218
0.983784 0.842121
0.98378 0.842025
0.983776 0.841928
0.983772 0.84183
0.983768 0.841733
0.983765 0.841635
0.983761 0.841537
0.983757 0.841439
0.983753 0.84134
0.983749 0.841242
0.983745 0.841143
0.983741 0.841044
0.983737 0.840944
0.983733 0.840845
0.983729 0.840745
0.983725 0.840645
0.983721 0.840545
0.983717 0.840444
0.983714 0.840343
0.98371 0.840242
0.983706 0.840141
0.983702 0.84004
0.983698 0.839938
0.983694 0.839836
0.98369 0.839734
0.983685 0.839631
0.983681 0.839529
0.983677 0.839426
0.983673 0.839323
0.983669 0.839219
0.983665 0.839116
0.983661 0.839012
0.983657 0.838907
0.983653 0.838803
0.983649 0.838698
0.983645 0.838593
0.983641 0.838488
0.983636 0.838383
0.983632 0.838277
0.983628 0.838171
0.983624 0.838065
0.98362 0.837958
0.983616 0.837851
0.983611 0.837744
0.983607 0.837637
0.983603 0.83753
0.983599 0.837422
0.983595 0.837314
0.98359 0.837205
0.983586 0.837097
0.983582 0.836988
0.983578 0.836878
0.983573 0.836769
0.983569 0.836659
0.983565 0.836549
0.98356 0.836439
0.983556 0.836328
0.983552 0.836217
0.983547 0.836106
0.983543 0.835995
0.983539 0.835883
0.983534 0.835771
0.98353 0.835659
0.983526 0.835546
0.983521 0.835433
0.983517 0.83532
0.983512 0.835207
0.983508 0.835093
0.983503 0.834979
0.983499 0.834864
0.983495 0.83475
0.98349 0.834635
0.983486 0.83452
0.983481 0.834404
0.983477 0.834288
0.983472 0.834172
0.983468 0.834055
0.983463 0.833939
0.983459 0.833821
0.983454 0.833704
0.983449 0.833586
0.983445 0.833468
0.98344 0.83335
0.983436 0.833231
0.983431 0.833112
0.983426 0.832993
0.983422 0.832873
0.983417 0.832753
0.983413 0.832633
0.983408 0.832512
0.983403 0.832391
0.983398 0.83227
0.983394 0.832148
0.983389 0.832026
0.983384 0.831904
0.98338 0.831781
0.983375 0.831658
0.98337 0.831535
0.983365 0.831411
0.983361 0.831287
0.983356 0.831163
0.983351 0.831038
0.983346 0.830913
0.983341 0.830788
0.983337 0.830662
0.983332 0.830536
0.983327 0.830409
0.983322 0.830282
0.983317 0.830155
0.983312 0.830028
0.983307 0.8299
0.983302 0.829771
0.983297 0.829643
0.983292 0.829514
0.983287 0.829384
0.983282 0.829255
0.983277 0.829124
0.983272 0.828994
0.983267 0.828863
0.983262 0.828732
0.983257 0.8286
0.983252 0.828468
0.983247 0.828335
0.983242 0.828203
0.983237 0.828069
0.983232 0.827936
0.983227 0.827802
0.983222 0.827667
0.983217 0.827533
0.983211 0.827397
0.983206 0.827262
0.983201 0.827126
0.983196 0.826989
0.983191 0.826853
0.983185 0.826715
0.98318 0.826578
0.983175 0.82644
0.98317 0.826301
0.983164 0.826162
0.983159 0.826023
0.983154 0.825883
0.983148 0.825743
0.983143 0.825602
0.983138 0.825461
0.983132 0.82532
0.983127 0.825178
0.983121 0.825036
0.983116 0.824893
0.983111 0.82475
0.983105 0.824606
0.9831 0.824462
0.983094 0.824317
0.983089 0.824172
0.983083 0.824027
0.983078 0.823881
0.983072 0.823735
0.983067 0.823588
0.983061 0.82344
0.983055 0.823293
0.98305 0.823144
0.983044 0.822996
0.983038 0.822847
0.983033 0.822697
0.983027 0.822547
0.983021 0.822396
0.983016 0.822245
0.98301 0.822093
0.983004 0.821941
0.982999 0.821789
0.982993 0.821636
0.982987 0.821482
0.982981 0.821328
0.982975 0.821174
0.98297 0.821018
0.982964 0.820863
0.982958 0.820707
0.982952 0.82055
0.982946 0.820393
0.98294 0.820235
0.982934 0.820077
0.982928 0.819919
0.982922 0.819759
0.982916 0.8196
0.98291 0.819439
0.982904 0.819279
0.982898 0.819117
0.982892 0.818955
0.982886 0.818793
0.98288 0.81863
0.982874 0.818466
0.982868 0.818302
0.982861 0.818138
0.982855 0.817972
0.982849 0.817807
0.982843 0.81764
0.982837 0.817473
0.98283 0.817306
0.982824 0.817138
0.982818 0.816969
0.982811 0.8168
0.982805 0.81663
0.982799 0.81646
0.982792 0.816289
0.982786 0.816117
0.98278 0.815945
0.982773 0.815772
0.982767 0.815599
0.98276 0.815425
0.982754 0.81525
0.982747 0.815075
0.982741 0.814899
0.982734 0.814722
0.982727 0.814545
0.982721 0.814367
0.982714 0.814189
0.982708 0.81401
0.982701 0.81383
0.982694 0.81365
0.982687 0.813469
0.982681 0.813287
0.982674 0.813105
0.982667 0.812922
0.98266 0.812738
0.982654 0.812554
0.982647 0.812369
0.98264 0.812183
0.982633 0.811997
0.982626 0.81181
0.982619 0.811622
0.982612 0.811433
0.982605 0.811244
0.982598 0.811054
0.982591 0.810864
0.982584 0.810672
0.982577 0.81048
0.98257 0.810288
0.982563 0.810094
0.982556 0.8099
0.982549 0.809705
0.982541 0.80951
0.982534 0.809313
0.982527 0.809116
0.98252 0.808918
0.982512 0.808719
0.982505 0.80852
0.982498 0.80832
0.98249 0.808119
0.982483 0.807917
0.982475 0.807715
0.982468 0.807511
0.98246 0.807307
0.982453 0.807102
0.982445 0.806896
0.982438 0.80669
0.98243 0.806483
0.982423 0.806274
0.982415 0.806065
0.982407 0.805856
0.9824 0.805645
0.982392 0.805434
0.982384 0.805221
0.982376 0.805008
0.982369 0.804794
0.982361 0.804579
0.982353 0.804363
0.982345 0.804147
0.982337 0.803929
0.982329 0.803711
0.982321 0.803492
0.982313 0.803271
0.982305 0.80305
0.982297 0.802828
0.982289 0.802605
0.982281 0.802382
0.982273 0.802157
0.982264 0.801931
0.982256 0.801705
0.982248 0.801477
0.98224 0.801249
0.982231 0.801019
0.982223 0.800789
0.982215 0.800557
0.982206 0.800325
0.982198 0.800092
0.982189 0.799857
0.982181 0.799622
0.982172 0.799386
0.982164 0.799148
0.982155 0.79891
0.982147 0.798671
0.982138 0.79843
0.982129 0.798189
0.98212 0.797946
0.982112 0.797703
0.982103 0.797458
0.982094 0.797212
0.982085 0.796966
0.982076 0.796718
0.982067 0.796469
0.982058 0.796219
0.982049 0.795968
0.98204 0.795716
0.982031 0.795462
0.982022 0.795208
0.982013 0.794953
0.982004 0.794696
0.981994 0.794438
0.981985 0.794179
0.981976 0.793919
0.981966 0.793657
0.981957 0.793395
0.981948 0.793131
0.981938 0.792866
0.981929 0.7926
0.981919 0.792333
0.98191 0.792064
0.9819 0.791794
0.98189 0.791523
0.981881 0.791251
0.981871 0.790978
0.981861 0.790703
0.981851 0.790427
0.981841 0.790149
0.981831 0.789871
0.981821 0.789591
0.981811 0.789309
0.981801 0.789027
0.981791 0.788743
0.981781 0.788457
0.981771 0.788171
0.981761 0.787883
0.981751 0.787593
0.98174 0.787303
0.98173 0.78701
0.981719 0.786717
0.981709 0.786422
0.981699 0.786126
0.981688 0.785828
0.981677 0.785528
0.981667 0.785228
0.981656 0.784925
0.981645 0.784622
0.981635 0.784317
0.981624 0.78401
0.981613 0.783702
0.981602 0.783392
0.981591 0.783081
0.98158 0.782768
0.981569 0.782453
0.981558 0.782137
0.981547 0.78182
0.981536 0.781501
0.981524 0.78118
0.981513 0.780858
0.981502 0.780534
0.98149 0.780208
0.981479 0.779881
0.981467 0.779552
0.981456 0.779221
0.981444 0.778889
0.981432 0.778555
0.98142 0.778219
0.981409 0.777881
0.981397 0.777542
0.981385 0.777201
0.981373 0.776858
0.981361 0.776513
0.981349 0.776167
0.981337 0.775819
0.981324 0.775469
0.981312 0.775117
0.9813 0.774763
0.981287 0.774407
0.981275 0.774049
0.981263 0.77369
0.98125 0.773328
0.981237 0.772965
0.981225 0.7726
0.981212 0.772232
0.981199 0.771863
0.981186 0.771492
0.981173 0.771118
0.98116 0.770743
0.981147 0.770365
0.981134 0.769986
0.981121 0.769604
0.981108 0.76922
0.981094 0.768834
0.981081 0.768446
0.981067 0.768056
0.981054 0.767664
0.98104 0.767269
0.981027 0.766872
0.981013 0.766473
0.980999 0.766072
0.980985 0.765668
0.980971 0.765262
0.980957 0.764854
0.980943 0.764444
0.980929 0.764031
0.980914 0.763615
0.9809 0.763198
0.980886 0.762778
0.980871 0.762355
0.980857 0.76193
0.980842 0.761503
0.980827 0.761073
0.980812 0.76064
0.980797 0.760205
0.980783 0.759767
0.980767 0.759327
0.980752 0.758884
0.980737 0.758439
0.980722 0.757991
0.980706 0.75754
0.980691 0.757086
0.980675 0.75663
0.98066 0.756171
0.980644 0.755709
0.980628 0.755245
0.980612 0.754777
0.980596 0.754307
0.98058 0.753834
0.980564 0.753358
0.980548 0.752879
0.980531 0.752397
0.980515 0.751912
0.980498 0.751424
0.980482 0.750933
0.980465 0.750439
0.980448 0.749941
0.980431 0.749441
0.980414 0.748937
0.980397 0.748431
0.98038 0.747921
0.980362 0.747408
0.980345 0.746891
0.980327 0.746371
0.98031 0.745848
0.980292 0.745322
0.980274 0.744792
0.980256 0.744259
0.980238 0.743722
0.98022 0.743182
0.980202 0.742638
0.980183 0.74209
0.980165 0.741539
0.980146 0.740985
0.980127 0.740426
0.980108 0.739864
0.980089 0.739299
0.98007 0.738729
0.980051 0.738156
0.980032 0.737579
0.980012 0.736998
0.979993 0.736413
0.979973 0.735824
0.979953 0.735231
0.979933 0.734634
0.979913 0.734032
0.979893 0.733427
0.979872 0.732818
0.979852 0.732204
0.979831 0.731586
0.979811 0.730964
0.97979 0.730338
0.979769 0.729707
0.979747 0.729071
0.979726 0.728432
0.979705 0.727787
0.979683 0.727139
0.979661 0.726485
0.97964 0.725827
0.979617 0.725164
0.979595 0.724497
0.979573 0.723825
0.979551 0.723148
0.979528 0.722465
0.979505 0.721779
0.979482 0.721087
0.979459 0.72039
0.979436 0.719687
0.979412 0.71898
0.979389 0.718268
0.979365 0.71755
0.979341 0.716827
0.979317 0.716099
0.979293 0.715365
0.979268 0.714626
0.979244 0.713881
0.979219 0.713131
0.979194 0.712375
0.979169 0.711613
0.979144 0.710845
0.979118 0.710072
0.979093 0.709293
0.979067 0.708508
0.979041 0.707716
0.979014 0.706919
0.978988 0.706116
0.978961 0.705306
0.978935 0.70449
0.978908 0.703668
0.97888 0.702839
0.978853 0.702004
0.978825 0.701162
0.978797 0.700314
0.978769 0.699459
0.978741 0.698597
0.978713 0.697728
0.978684 0.696853
0.978655 0.69597
0.978626 0.69508
0.978597 0.694184
0.978567 0.69328
0.978537 0.692368
0.978507 0.69145
0.978477 0.690523
0.978446 0.68959
0.978415 0.688648
0.978384 0.687699
0.978353 0.686742
0.978322 0.685778
0.97829 0.684805
0.978258 0.683824
0.978226 0.682835
0.978193 0.681838
0.97816 0.680832
0.978127 0.679818
0.978094 0.678796
0.97806 0.677765
0.978026 0.676725
0.977992 0.675676
0.977957 0.674619
0.977923 0.673552
0.977888 0.672477
0.977852 0.671392
0.977817 0.670298
0.977781 0.669194
0.977744 0.668081
0.977708 0.666958
0.977671 0.665826
0.977634 0.664683
0.977596 0.663531
0.977558 0.662369
0.97752 0.661196
0.977481 0.660013
0.977443 0.65882
0.977403 0.657616
0.977364 0.656401
0.977324 0.655176
0.977283 0.65394
0.977243 0.652693
0.977202 0.651435
0.97716 0.650165
0.977119 0.648884
0.977077 0.647592
0.977034 0.646287
0.976991 0.644971
0.976948 0.643644
0.976904 0.642304
0.97686 0.640952
0.976815 0.639587
0.97677 0.638211
0.976725 0.636821
0.976679 0.635419
0.976633 0.634004
0.976586 0.632576
0.976539 0.631135
0.976491 0.62968
0.976443 0.628212
0.976395 0.626731
0.976346 0.625235
0.976296 0.623726
0.976246 0.622203
0.976196 0.620666
0.976145 0.619114
0.976094 0.617547
0.976042 0.615967
0.975989 0.614371
0.975936 0.61276
0.975882 0.611134
0.975828 0.609493
0.975774 0.607836
0.975719 0.606164
0.975663 0.604476
0.975606 0.602772
0.97555 0.601052
0.975492 0.599316
0.975434 0.597563
0.975375 0.595794
0.975316 0.594007
0.975256 0.592204
0.975195 0.590384
0.975134 0.588547
0.975072 0.586692
0.97501 0.58482
0.974947 0.582929
0.974883 0.581021
0.974818 0.579095
0.974753 0.57715
0.974687 0.575187
0.97462 0.573206
0.974553 0.571206
0.974485 0.569186
0.974416 0.567148
0.974346 0.56509
0.974276 0.563013
0.974204 0.560917
0.974132 0.558801
0.974059 0.556664
0.973986 0.554508
0.973911 0.552332
0.973836 0.550135
0.97376 0.547918
0.973683 0.54568
0.973605 0.543421
0.973526 0.541141
0.973446 0.53884
0.973366 0.536519
0.973284 0.534175
0.973201 0.531811
0.973118 0.529424
0.973033 0.527016
0.972948 0.524586
0.972862 0.522135
0.972774 0.519661
0.972686 0.517165
0.972596 0.514647
0.972505 0.512107
0.972414 0.509544
0.972321 0.506959
0.972227 0.504351
0.972132 0.501721
0.972036 0.499068
0.971938 0.496392
0.97184 0.493694
0.97174 0.490973
0.971639 0.488229
0.971537 0.485462
0.971433 0.482673
0.971329 0.479861
0.971223 0.477026
0.971115 0.474169
0.971007 0.471289
0.970897 0.468386
0.970785 0.465461
0.970673 0.462513
0.970559 0.459543
0.970443 0.456551
0.970326 0.453537
0.970208 0.4505
0.970088 0.447442
0.969966 0.444363
0.969844 0.441261
0.969719 0.438139
0.969593 0.434995
0.969465 0.431831
0.969336 0.428646
0.969205 0.425441
0.969073 0.422216
0.968939 0.418971
0.968803 0.415707
0.968665 0.412423
0.968526 0.409121
0.968385 0.4058
0.968242 0.402462
0.968098 0.399106
0.967951 0.395733
0.967803 0.392343
0.967653 0.388937
0.967501 0.385516
0.967347 0.382079
0.967191 0.378627
0.967033 0.375162
0.966873 0.371683
0.966711 0.368191
0.966547 0.364686
0.966381 0.36117
0.966213 0.357643
0.966043 0.354106
0.96587 0.350559
0.965696 0.347003
0.965519 0.343438
0.965341 0.339866
0.96516 0.336288
0.964976 0.332703
0.964791 0.329113
0.964603 0.325519
0.964413 0.321921
0.96422 0.31832
0.964026 0.314718
0.963829 0.311114
0.963629 0.30751
0.963427 0.303907
0.963223 0.300306
0.963016 0.296707
0.962807 0.293111
0.962595 0.28952
0.962381 0.285934
0.962164 0.282354
0.961944 0.278781
0.961722 0.275217
0.961498 0.271661
0.961271 0.268115
0.961041 0.26458
0.960809 0.261056
0.960574 0.257545
0.960336 0.254048
0.960096 0.250565
0.959853 0.247097
0.959607 0.243646
0.959359 0.240212
0.959108 0.236795
0.958854 0.233398
0.958597 0.23002
0.958338 0.226663
0.958075 0.223327
0.95781 0.220013
0.957543 0.216722
0.957272 0.213455
0.956999 0.210212
0.956722 0.206994
0.956443 0.203802
0.956161 0.200636
0.955877 0.197498
0.955589 0.194387
0.955299 0.191304
0.955006 0.188251
0.954709 0.185226
0.95441 0.182232
0.954109 0.179268
0.953804 0.176335
0.953496 0.173434
0.953186 0.170564
0.952873 0.167726
0.952557 0.164921
0.952238 0.162148
0.951916 0.159409
0.951591 0.156703
0.951264 0.154031
0.950933 0.151392
0.9506 0.148788
0.950264 0.146217
0.949925 0.143682
0.949583 0.14118
0.949239 0.138713
0.948892 0.136281
0.948541 0.133883
0.948188 0.13152
0.947833 0.129192
0.947474 0.126898
0.947113 0.124639
0.946749 0.122414
0.946382 0.120224
0.946013 0.118067
0.94564 0.115945
0.945266 0.113857
0.944888 0.111803
0.944507 0.109782
0.944124 0.107795
0.943739 0.105841
0.94335 0.103919
0.942959 0.102031
0.942566 0.100174
0.942169 0.09835
0.941771 0.0965576
0.941369 0.0947967
0.940965 0.093067
0.940559 0.0913682
0.940149 0.0896999
0.939738 0.0880619
0.939324 0.0864536
0.938907 0.0848749
0.938488 0.0833253
0.938066 0.0818044
0.937642 0.0803119
0.937216 0.0788475
0.936787 0.0774106
0.936355 0.0760011
0.935922 0.0746183
0.935486 0.0732621
0.935047 0.0719319
0.934606 0.0706273
0.934163 0.0693481
0.933718 0.0680938
0.93327 0.0668639
0.93282 0.0656581
0.932368 0.0644761
0.931913 0.0633173
0.931456 0.0621815
0.930997 0.0610682
0.930536 0.059977
0.930073 0.0589076
0.929607 0.0578596
0.92914 0.0568325
0.92867 0.055826
0.928198 0.0548398
0.927724 0.0538734
0.927248 0.0529266
0.92677 0.0519988
0.926289 0.0510898
0.925807 0.0501993
0.925323 0.0493267
0.924837 0.0484719
0.924348 0.0476345
0.923858 0.0468141
0.923366 0.0460103
0.922872 0.045223
0.922376 0.0444517
0.921878 0.043696
0.921378 0.0429558
0.920876 0.0422307
0.920372 0.0415203
0.919867 0.0408245
0.919359 0.0401428
0.91885 0.039475
0.918339 0.0388208
0.917826 0.03818
0.917312 0.0375521
0.916795 0.0369371
0.916277 0.0363346
0.915757 0.0357443
0.915235 0.035166
0.914712 0.0345994
0.914187 0.0340443
0.91366 0.0335005
0.913132 0.0329677
0.912602 0.0324456
0.91207 0.0319341
0.911537 0.0314329
0.911002 0.0309418
0.910465 0.0304606
0.909927 0.0299891
0.909387 0.029527
0.908845 0.0290742
0.908302 0.0286304
0.907758 0.0281955
0.907212 0.0277693
0.906664 0.0273516
0.906115 0.0269421
0.905564 0.0265408
0.905012 0.0261475
0.904458 0.0257619
0.903903 0.0253839
0.903346 0.0250134
0.902788 0.0246502
0.902229 0.0242941
0.901668 0.0239449
0.901105 0.0236026
0.900541 0.023267
0.899976 0.0229379
0.899409 0.0226152
0.898841 0.0222988
0.898272 0.0219885
0.897701 0.0216841
0.897129 0.0213857
0.896555 0.0210929
0.89598 0.0208058
0.895404 0.0205242
0.894826 0.0202479
0.894247 0.0199769
0.893667 0.0197111
0.893086 0.0194503
0.892503 0.0191944
0.891919 0.0189433
0.891333 0.018697
0.890746 0.0184553
0.890158 0.0182181
0.889569 0.0179854
0.888979 0.0177569
0.888387 0.0175328
0.887794 0.0173127
0.8872 0.0170968
0.886604 0.0168848
0.886007 0.0166768
0.88541 0.0164725
0.88481 0.016272
0.88421 0.0160751
0.883609 0.0158818
0.883006 0.0156921
0.882402 0.0155057
0.881797 0.0153228
0.881191 0.0151431
0.880583 0.0149667
0.879975 0.0147934
0.879365 0.0146232
0.878754 0.014456
0.878142 0.0142919
0.877529 0.0141306
0.876914 0.0139722
0.876299 0.0138165
0.875682 0.0136637
0.875065 0.0135134
0.874446 0.0133659
0.873826 0.0132209
0.873205 0.0130784
0.872583 0.0129384
0.871959 0.0128008
0.871335 0.0126656
0.870709 0.0125327
0.870083 0.0124021
0.869455 0.0122737
0.868826 0.0121475
0.868197 0.0120235
0.867566 0.0119016
0.866934 0.0117818
0.866301 0.0116639
0.865667 0.0115481
0.865032 0.0114342
0.864395 0.0113222
0.863758 0.0112121
0.86312 0.0111038
0.86248 0.0109974
0.86184 0.0108927
0.861198 0.0107897
0.860556 0.0106884
0.859912 0.0105888
0.859268 0.0104909
0.858622 0.0103945
0.857975 0.0102997
0.857328 0.0102065
0.856679 0.0101148
0.856029 0.0100245
0.855378 0.00993577
0.854726 0.00984843
0.854074 0.0097625
0.85342 0.00967796
0.852765 0.00959477
0.852109 0.00951291
0.851452 0.00943235
0.850794 0.00935308
0.850135 0.00927507
0.849475 0.0091983
0.848814 0.00912274
0.848152 0.00904837
0.847489 0.00897518
0.846825 0.00890313
0.84616 0.00883222
0.845493 0.00876241
0.844826 0.00869369
0.844158 0.00862605
0.843489 0.00855946
0.842819 0.0084939
0.842148 0.00842935
0.841476 0.00836581
0.840803 0.00830324
0.840128 0.00824164
0.839453 0.00818098
0.838777 0.00812126
0.8381 0.00806245
0.837422 0.00800454
0.836742 0.00794751
0.836062 0.00789135
0.835381 0.00783605
0.834699 0.00778158
0.834015 0.00772794
0.833331 0.00767511
0.832646 0.00762308
0.831959 0.00757184
0.831272 0.00752136
0.830584 0.00747165
0.829894 0.00742268
0.829204 0.00737445
0.828512 0.00732693
0.82782 0.00728013
0.827127 0.00723403
0.826432 0.00718862
0.825737 0.00714388
0.82504 0.00709981
0.824342 0.0070564
0.823644 0.00701362
0.822944 0.00697149
0.822244 0.00692998
0.821542 0.00688908
0.820839 0.00684879
0.820135 0.00680909
0.819431 0.00676998
0.818725 0.00673145
0.818018 0.00669349
0.81731 0.00665609
0.816601 0.00661923
0.815891 0.00658292
0.81518 0.00654715
0.814468 0.0065119
0.813755 0.00647717
0.81304 0.00644295
0.812325 0.00640923
0.811609 0.00637601
0.810891 0.00634328
0.810173 0.00631103
0.809453 0.00627925
0.808733 0.00624794
0.808011 0.00621709
0.807288 0.00618669
0.806564 0.00615674
0.805839 0.00612723
0.805113 0.00609816
0.804386 0.00606951
0.803658 0.00604129
0.802929 0.00601348
0.802198 0.00598608
0.801467 0.00595908
0.800734 0.00593249
0.8 0.00590629
0.799265 0.00588047
0.798529 0.00585504
0.797792 0.00582999
0.797054 0.0058053
0.796315 0.00578099
0.795574 0.00575704
0.794833 0.00573344
0.79409 0.0057102
0.793346 0.0056873
0.792601 0.00566475
0.791855 0.00564254
0.791108 0.00562066
0.790359 0.00559911
0.78961 0.00557789
0.788859 0.00555698
0.788107 0.0055364
0.787354 0.00551613
0.786599 0.00549617
0.785844 0.00547651
0.785087 0.00545716
0.784329 0.0054381
0.78357 0.00541934
0.78281 0.00540086
0.782049 0.00538268
0.781286 0.00536478
0.780522 0.00534716
0.779757 0.00532981
0.778991 0.00531274
0.778224 0.00529594
0.777455 0.0052794
0.776685 0.00526313
0.775914 0.00524712
0.775141 0.00523137
0.774368 0.00521587
0.773593 0.00520062
0.772817 0.00518562
0.772039 0.00517087
0.771261 0.00515636
0.770481 0.00514209
0.769699 0.00512806
0.768917 0.00511427
0.768133 0.00510071
0.767348 0.00508737
0.766562 0.00507427
0.765774 0.00506139
0.764985 0.00504873
0.764195 0.0050363
0.763403 0.00502408
0.762611 0.00501208
0.761816 0.00500029
0.761021 0.00498871
0.760224 0.00497734
0.759426 0.00496618
0.758626 0.00495522
0.757825 0.00494447
0.757023 0.00493392
0.75622 0.00492356
0.755415 0.00491341
0.754608 0.00490345
0.753801 0.00489368
0.752992 0.0048841
0.752181 0.00487471
0.751369 0.00486552
0.750556 0.0048565
0.749742 0.00484767
0.748925 0.00483903
0.748108 0.00483056
0.747289 0.00482228
0.746469 0.00481417
0.745647 0.00480624
0.744824 0.00479849
0.743999 0.0047909
0.743173 0.00478349
0.742346 0.00477625
0.741517 0.00476918
0.740686 0.00476228
0.739854 0.00475554
0.739021 0.00474897
0.738186 0.00474256
0.73735 0.00473631
0.736512 0.00473023
0.735673 0.0047243
0.734832 0.00471853
0.733989 0.00471292
0.733146 0.00470747
0.7323 0.00470217
0.731453 0.00469703
0.730605 0.00469203
0.729755 0.00468719
0.728903 0.0046825
0.72805 0.00467796
0.727195 0.00467357
0.726339 0.00466933
0.725481 0.00466523
0.724622 0.00466128
0.723761 0.00465748
0.722898 0.00465381
0.722034 0.00465029
0.721168 0.00464691
0.720301 0.00464368
0.719432 0.00464058
0.718561 0.00463762
0.717689 0.00463481
0.716815 0.00463213
0.715939 0.00462958
0.715062 0.00462718
0.714183 0.00462491
0.713303 0.00462277
0.712421 0.00462077
0.711537 0.0046189
0.710651 0.00461716
0.709764 0.00461556
0.708875 0.00461409
0.707985 0.00461274
0.707092 0.00461153
0.706198 0.00461045
0.705302 0.0046095
0.704405 0.00460868
0.703506 0.00460798
0.702605 0.00460741
0.701702 0.00460697
0.700798 0.00460665
0.699891 0.00460647
0.698983 0.0046064
0.698074 0.00460646
0.697162 0.00460665
0.696249 0.00460696
0.695334 0.00460739
0.694417 0.00460795
0.693498 0.00460863
0.692577 0.00460943
0.691655 0.00461035
0.690731 0.0046114
0.689805 0.00461256
0.688877 0.00461385
0.687947 0.00461526
0.687016 0.00461679
0.686083 0.00461844
0.685147 0.00462021
0.68421 0.00462209
0.683271 0.0046241
0.68233 0.00462623
0.681388 0.00462847
0.680443 0.00463083
0.679496 0.00463332
0.678548 0.00463592
0.677598 0.00463863
0.676645 0.00464147
0.675691 0.00464442
0.674735 0.00464749
0.673777 0.00465068
0.672817 0.00465398
0.671855 0.0046574
0.670891 0.00466094
0.669925 0.00466459
0.668957 0.00466837
0.667987 0.00467225
0.667016 0.00467626
0.666042 0.00468038
0.665066 0.00468461
0.664088 0.00468897
0.663108 0.00469344
0.662127 0.00469802
0.661143 0.00470272
0.660157 0.00470754
0.659169 0.00471247
0.658179 0.00471752
0.657187 0.00472269
0.656193 0.00472797
0.655197 0.00473337
0.654199 0.00473888
0.653199 0.00474452
0.652197 0.00475026
0.651193 0.00475613
0.650186 0.00476211
0.649178 0.00476821
0.648167 0.00477442
0.647155 0.00478075
0.64614 0.0047872
0.645123 0.00479377
0.644104 0.00480045
0.643083 0.00480725
0.64206 0.00481417
0.641035 0.0048212
0.640007 0.00482836
0.638978 0.00483563
0.637946 0.00484302
0.636912 0.00485053
0.635876 0.00485816
0.634838 0.00486591
0.633798 0.00487377
0.632755 0.00488176
0.63171 0.00488987
0.630664 0.00489809
0.629615 0.00490644
0.628564 0.00491491
0.62751 0.0049235
0.626455 0.00493221
0.625397 0.00494104
0.624337 0.00495
0.623275 0.00495907
0.622211 0.00496827
0.621144 0.00497759
0.620075 0.00498704
0.619004 0.00499661
0.617931 0.0050063
0.616856 0.00501612
0.615778 0.00502606
0.614698 0.00503613
0.613616 0.00504632
0.612532 0.00505664
0.611445 0.00506709
0.610357 0.00507766
0.609266 0.00508836
0.608172 0.00509919
0.607077 0.00511015
0.605979 0.00512123
0.604879 0.00513245
0.603777 0.00514379
0.602672 0.00515527
0.601565 0.00516688
0.600456 0.00517862
0.599345 0.00519049
0.598232 0.00520249
0.597116 0.00521462
0.595998 0.00522689
0.594877 0.0052393
0.593755 0.00525184
0.59263 0.00526451
0.591503 0.00527732
0.590373 0.00529027
0.589242 0.00530335
0.588108 0.00531657
0.586971 0.00532993
0.585833 0.00534343
0.584692 0.00535707
0.583549 0.00537085
0.582404 0.00538477
0.581256 0.00539883
0.580107 0.00541304
0.578954 0.00542739
0.5778 0.00544188
0.576643 0.00545652
0.575485 0.0054713
0.574323 0.00548623
0.57316 0.00550131
0.571994 0.00551653
0.570826 0.0055319
0.569656 0.00554743
0.568484 0.0055631
0.567309 0.00557892
0.566132 0.0055949
0.564953 0.00561102
0.563772 0.0056273
0.562588 0.00564374
0.561402 0.00566033
0.560214 0.00567707
0.559024 0.00569398
0.557831 0.00571104
0.556636 0.00572826
0.555439 0.00574564
0.55424 0.00576318
0.553039 0.00578088
0.551835 0.00579874
0.550629 0.00581677
0.549421 0.00583496
0.548211 0.00585332
0.546999 0.00587184
0.545784 0.00589053
0.544568 0.00590939
0.543349 0.00592841
0.542128 0.00594761
0.540905 0.00596698
0.539679 0.00598652
0.538452 0.00600624
0.537222 0.00602613
0.535991 0.00604619
0.534757 0.00606643
0.533521 0.00608685
0.532283 0.00610745
0.531043 0.00612823
0.529801 0.00614919
0.528557 0.00617034
0.527311 0.00619166
0.526062 0.00621317
0.524812 0.00623487
0.52356 0.00625675
0.522305 0.00627883
0.521049 0.00630109
0.519791 0.00632354
0.51853 0.00634619
0.517268 0.00636902
0.516004 0.00639206
0.514737 0.00641529
0.513469 0.00643871
0.512199 0.00646234
0.510927 0.00648616
0.509653 0.00651019
0.508378 0.00653441
0.5071 0.00655884
0.50582 0.00658348
0.504539 0.00660832
0.503256 0.00663337
0.501971 0.00665863
0.500684 0.0066841
0.499396 0.00670979
0.498105 0.00673568
0.496813 0.0067618
0.495519 0.00678812
0.494224 0.00681467
0.492926 0.00684144
0.491628 0.00686842
0.490327 0.00689563
0.489025 0.00692306
0.487721 0.00695072
0.486415 0.00697861
0.485108 0.00700672
0.483799 0.00703507
0.482489 0.00706364
0.481177 0.00709245
0.479864 0.0071215
0.478549 0.00715078
0.477233 0.0071803
0.475915 0.00721006
0.474596 0.00724006
0.473275 0.0072703
0.471953 0.00730079
0.47063 0.00733153
0.469305 0.00736251
0.467979 0.00739375
0.466652 0.00742524
0.465323 0.00745698
0.463993 0.00748897
0.462662 0.00752122
0.461329 0.00755373
0.459996 0.00758651
0.458661 0.00761954
0.457325 0.00765284
0.455988 0.00768641
0.45465 0.00772024
0.45331 0.00775434
0.45197 0.00778872
0.450629 0.00782337
0.449286 0.00785829
0.447943 0.00789349
0.446599 0.00792898
0.445254 0.00796474
0.443908 0.00800078
0.442561 0.00803712
0.441213 0.00807374
0.439865 0.00811064
0.438515 0.00814784
0.437165 0.00818534
0.435814 0.00822313
0.434463 0.00826121
0.433111 0.0082996
0.431758 0.00833829
0.430405 0.00837728
0.429051 0.00841657
0.427696 0.00845618
0.426341 0.00849609
0.424986 0.00853632
0.42363 0.00857686
0.422274 0.00861772
0.420917 0.0086589
0.41956 0.0087004
0.418203 0.00874222
0.416845 0.00878436
0.415487 0.00882684
0.414129 0.00886964
0.41277 0.00891277
0.411412 0.00895624
0.410053 0.00900005
0.408695 0.00904419
0.407336 0.00908868
0.405977 0.00913351
0.404618 0.00917868
0.40326 0.00922421
0.401901 0.00927008
0.400543 0.00931631
0.399184 0.00936289
0.397826 0.00940983
0.396468 0.00945713
0.39511 0.00950479
0.393753 0.00955282
0.392396 0.00960121
0.391039 0.00964997
0.389683 0.00969911
0.388327 0.00974862
0.386972 0.0097985
0.385617 0.00984877
0.384263 0.00989942
0.382909 0.00995045
0.381556 0.0100019
0.380203 0.0100537
0.378852 0.0101059
0.377501 0.0101585
0.37615 0.0102115
0.374801 0.0102649
0.373452 0.0103187
0.372105 0.0103729
0.370758 0.0104275
0.369412 0.0104825
0.368067 0.0105379
0.366724 0.0105938
0.365381 0.01065
0.364039 0.0107067
0.362699 0.0107638
0.36136 0.0108213
0.360022 0.0108793
0.358685 0.0109377
0.35735 0.0109965
0.356015 0.0110558
0.354683 0.0111155
0.353351 0.0111756
0.352022 0.0112362
0.350693 0.0112973
0.349367 0.0113587
0.348041 0.0114207
0.346718 0.0114831
0.345396 0.0115459
0.344076 0.0116093
0.342757 0.011673
0.34144 0.0117373
0.340125 0.011802
0.338812 0.0118672
0.337501 0.0119328
0.336192 0.011999
0.334884 0.0120656
0.333579 0.0121327
0.332276 0.0122003
0.330974 0.0122684
0.329675 0.0123369
0.328378 0.012406
0.327083 0.0124756
0.32579 0.0125456
0.3245 0.0126162
0.323212 0.0126873
0.321926 0.0127589
0.320643 0.012831
0.319362 0.0129036
0.318083 0.0129767
0.316807 0.0130503
0.315533 0.0131245
0.314262 0.0131992
0.312994 0.0132744
0.311728 0.0133502
0.310465 0.0134265
0.309204 0.0135033
0.307946 0.0135807
0.306691 0.0136586
0.305439 0.0137371
0.304189 0.0138161
0.302942 0.0138956
0.301699 0.0139757
0.300458 0.0140564
0.29922 0.0141376
0.297985 0.0142194
0.296753 0.0143018
0.295524 0.0143847
0.294298 0.0144682
0.293075 0.0145523
0.291856 0.014637
0.290639 0.0147222
0.289426 0.014808
0.288216 0.0148944
0.287009 0.0149814
0.285806 0.015069
0.284606 0.0151572
0.283409 0.015246
0.282215 0.0153354
0.281025 0.0154254
0.279839 0.015516
0.278655 0.0156072
0.277476 0.015699
0.2763 0.0157914
0.275127 0.0158845
0.273958 0.0159781
0.272792 0.0160724
0.27163 0.0161674
0.270472 0.0162629
0.269317 0.0163591
0.268167 0.0164559
0.267019 0.0165534
0.265876 0.0166515
0.264736 0.0167502
0.2636 0.0168496
0.262468 0.0169496
0.26134 0.0170503
0.260215 0.0171517
0.259095 0.0172537
0.257978 0.0173563
0.256865 0.0174596
0.255756 0.0175636
0.254651 0.0176683
0.25355 0.0177736
0.252453 0.0178796
0.25136 0.0179863
0.250271 0.0180937
0.249186 0.0182017
0.248105 0.0183104
0.247028 0.0184199
0.245955 0.01853
0.244887 0.0186408
0.243822 0.0187522
0.242762 0.0188644
0.241706 0.0189773
0.240653 0.0190909
0.239605 0.0192052
0.238562 0.0193202
0.237522 0.019436
0.236487 0.0195524
0.235456 0.0196696
0.234429 0.0197874
0.233406 0.019906
0.232388 0.0200254
0.231374 0.0201454
0.230364 0.0202662
0.229358 0.0203877
0.228357 0.0205099
0.22736 0.0206329
0.226368 0.0207566
0.22538 0.0208811
0.224396 0.0210063
0.223416 0.0211323
0.222441 0.021259
0.22147 0.0213864
0.220503 0.0215146
0.219541 0.0216436
0.218584 0.0217733
0.21763 0.0219038
0.216681 0.0220351
0.215737 0.0221671
0.214796 0.0222999
0.21386 0.0224335
0.212929 0.0225678
0.212002 0.0227029
0.211079 0.0228388
0.210161 0.0229755
0.209247 0.0231129
0.208338 0.0232512
0.207433 0.0233902
0.206532 0.02353
0.205636 0.0236706
0.204745 0.0238121
0.203857 0.0239543
0.202974 0.0240973
0.202096 0.0242411
0.201222 0.0243857
0.200352 0.0245311
0.199487 0.0246773
0.198626 0.0248244
0.197769 0.0249722
0.196917 0.0251209
0.19607 0.0252703
0.195226 0.0254206
0.194387 0.0255718
0.193553 0.0257237
0.192723 0.0258765
0.191897 0.0260301
0.191076 0.0261845
0.190259 0.0263398
0.189446 0.0264958
0.188638 0.0266528
0.187834 0.0268105
0.187034 0.0269691
0.186239 0.0271286
0.185448 0.0272889
0.184661 0.02745
0.183879 0.027612
0.183101 0.0277748
0.182327 0.0279385
0.181558 0.0281031
0.180793 0.0282685
0.180032 0.0284347
0.179275 0.0286018
0.178523 0.0287698
0.177775 0.0289387
0.177031 0.0291084
0.176292 0.0292789
0.175556 0.0294504
0.174825 0.0296227
0.174098 0.0297959
0.173375 0.02997
0.172657 0.0301449
0.171942 0.0303207
0.171232 0.0304974
0.170526 0.030675
0.169824 0.0308535
0.169126 0.0310328
0.168432 0.0312131
0.167743 0.0313942
0.167057 0.0315763
0.166375 0.0317592
0.165698 0.031943
0.165025 0.0321277
0.164355 0.0323133
0.16369 0.0324998
0.163029 0.0326873
0.162371 0.0328756
0.161718 0.0330648
0.161069 0.0332549
0.160423 0.033446
0.159782 0.033638
0.159144 0.0338308
0.15851 0.0340246
0.157881 0.0342193
0.157255 0.0344149
0.156633 0.0346115
0.156015 0.034809
0.155401 0.0350073
0.15479 0.0352067
0.154184 0.0354069
0.153581 0.0356081
0.152982 0.0358102
0.152387 0.0360132
0.151795 0.0362172
0.151207 0.0364221
0.150623 0.036628
0.150043 0.0368348
0.149466 0.0370425
0.148893 0.0372512
0.148324 0.0374608
0.147759 0.0376714
0.147197 0.0378829
0.146638 0.0380953
0.146083 0.0383088
0.145532 0.0385231
0.144985 0.0387385
0.144441 0.0389548
0.1439 0.039172
0.143363 0.0393902
0.14283 0.0396094
0.1423 0.0398295
0.141773 0.0400506
0.14125 0.0402727
0.140731 0.0404958
0.140215 0.0407198
0.139702 0.0409448
0.139193 0.0411707
0.138687 0.0413977
0.138184 0.0416256
0.137685 0.0418545
0.137189 0.0420844
0.136696 0.0423153
0.136207 0.0425472
0.135721 0.04278
0.135238 0.0430139
0.134759 0.0432487
0.134283 0.0434845
0.13381 0.0437214
0.13334 0.0439592
0.132873 0.044198
0.13241 0.0444379
0.131949 0.0446787
0.131492 0.0449206
0.131038 0.0451634
0.130587 0.0454073
0.13014 0.0456522
0.129695 0.0458981
0.129253 0.046145
0.128815 0.0463929
0.128379 0.0466419
0.127946 0.0468918
0.127517 0.0471428
0.12709 0.0473949
0.126667 0.0476479
0.126246 0.047902
0.125828 0.0481572
0.125413 0.0484133
0.125001 0.0486705
0.124592 0.0489288
0.124186 0.0491881
0.123783 0.0494484
0.123382 0.0497098
0.122985 0.0499722
0.12259 0.0502357
0.122198 0.0505003
0.121809 0.0507659
0.121422 0.0510325
0.121038 0.0513003
0.120657 0.0515691
0.120279 0.0518389
0.119904 0.0521099
0.119531 0.0523819
0.119161 0.0526549
0.118793 0.0529291
0.118428 0.0532044
0.118066 0.0534807
0.117706 0.0537581
0.117349 0.0540366
0.116995 0.0543162
0.116643 0.0545969
0.116293 0.0548787
0.115947 0.0551616
0.115602 0.0554456
0.115261 0.0557306
0.114921 0.0560169
0.114585 0.0563042
0.11425 0.0565926
0.113919 0.0568822
0.113589 0.0571729
0.113262 0.0574647
0.112938 0.0577576
0.112616 0.0580516
0.112296 0.0583468
0.111978 0.0586432
0.111663 0.0589407
0.111351 0.0592393
0.11104 0.059539
0.110732 0.05984
0.110427 0.060142
0.110123 0.0604453
0.109822 0.0607497
0.109523 0.0610552
0.109227 0.0613619
0.108932 0.0616699
0.10864 0.0619789
0.10835 0.0622892
0.108063 0.0626006
0.107777 0.0629133
0.107494 0.0632271
0.107213 0.0635421
0.106934 0.0638583
0.106657 0.0641757
0.106382 0.0644944
0.10611 0.0648142
0.105839 0.0651353
0.105571 0.0654575
0.105304 0.065781
0.10504 0.0661058
0.104778 0.0664317
0.104518 0.0667589
0.10426 0.0670874
0.104004 0.0674171
0.103749 0.067748
0.103497 0.0680802
0.103247 0.0684137
0.102999 0.0687484
0.102753 0.0690844
0.102509 0.0694217
0.102267 0.0697602
0.102026 0.0701
0.101788 0.0704412
0.101551 0.0707836
0.101317 0.0711273
0.101084 0.0714723
0.100853 0.0718187
0.100624 0.0721663
0.100397 0.0725153
0.100172 0.0728656
0.0999485 0.0732172
0.0997269 0.0735702
0.0995072 0.0739245
0.0992892 0.0742802
0.0990731 0.0746372
0.0988587 0.0749956
0.0986461 0.0753553
0.0984352 0.0757164
0.0982262 0.0760789
0.0980188 0.0764428
0.0978133 0.0768081
0.0976094 0.0771748
0.0974072 0.0775429
0.0972068 0.0779124
0.0970081 0.0782833
0.096811 0.0786556
0.0966157 0.0790294
0.096422 0.0794046
0.09623 0.0797812
0.0960396 0.0801593
0.0958509 0.0805389
0.0956638 0.0809199
0.0954783 0.0813024
0.0952945 0.0816863
0.0951123 0.0820718
0.0949316 0.0824588
0.0947526 0.0828472
0.0945752 0.0832372
0.0943993 0.0836287
0.094225 0.0840217
0.0940523 0.0844162
0.0938811 0.0848123
0.0937114 0.0852099
0.0935433 0.0856091
0.0933768 0.0860099
0.0932117 0.0864122
0.0930482 0.0868161
0.0928861 0.0872216
0.0927256 0.0876287
0.0925666 0.0880374
0.092409 0.0884478
0.0922529 0.0888597
0.0920983 0.0892733
0.0919452 0.0896886
0.0917935 0.0901054
0.0916432 0.090524
0.0914944 0.0909442
0.091347 0.0913661
0.0912011 0.0917897
0.0910566 0.092215
0.0909135 0.0926421
0.0907718 0.0930708
0.0906315 0.0935013
0.0904925 0.0939335
0.090355 0.0943674
0.0902189 0.0948032
0.0900841 0.0952407
0.0899507 0.09568
0.0898187 0.0961211
0.089688 0.0965639
0.0895586 0.0970087
0.0894307 0.0974552
0.089304 0.0979036
0.0891787 0.0983538
0.0890547 0.0988059
0.088932 0.0992599
0.0888107 0.0997158
0.0886906 0.100174
0.0885719 0.100633
0.0884544 0.101095
0.0883382 0.101558
0.0882234 0.102024
0.0881098 0.102491
0.0879975 0.102961
0.0878864 0.103432
0.0877767 0.103906
0.0876682 0.104381
0.0875609 0.104859
0.0874549 0.105338
0.0873502 0.10582
0.0872467 0.106303
0.0871444 0.106789
0.0870433 0.107277
0.0869435 0.107767
0.086845 0.108259
0.0867476 0.108753
0.0866514 0.10925
0.0865565 0.109748
0.0864628 0.110249
0.0863702 0.110752
0.0862789 0.111257
0.0861888 0.111765
0.0860998 0.112274
0.0860121 0.112786
0.0859255 0.113301
0.0858401 0.113817
0.0857559 0.114336
0.0856729 0.114857
0.085591 0.115381
0.0855103 0.115907
0.0854307 0.116435
0.0853523 0.116966
0.0852751 0.117499
0.085199 0.118035
0.0851241 0.118573
0.0850503 0.119114
0.0849776 0.119657
0.0849061 0.120203
0.0848357 0.120751
0.0847665 0.121302
0.0846984 0.121855
0.0846314 0.122411
0.0845656 0.12297
0.0845008 0.123531
0.0844372 0.124095
0.0843747 0.124661
0.0843134 0.125231
0.0842531 0.125803
0.084194 0.126378
0.0841359 0.126955
0.084079 0.127536
0.0840232 0.128119
0.0839684 0.128705
0.0839148 0.129294
0.0838623 0.129886
0.0838109 0.130481
0.0837605 0.131079
0.0837113 0.131679
0.0836632 0.132283
0.0836161 0.13289
0.0835702 0.1335
0.0835253 0.134113
0.0834815 0.134729
0.0834388 0.135348
0.0833972 0.13597
0.0833567 0.136595
0.0833172 0.137224
0.0832789 0.137856
0.0832416 0.138491
0.0832054 0.13913
0.0831702 0.139772
0.0831362 0.140417
0.0831032 0.141065
0.0830714 0.141717
0.0830406 0.142373
0.0830108 0.143032
0.0829822 0.143694
0.0829546 0.14436
0.0829281 0.14503
0.0829027 0.145703
0.0828783 0.14638
0.0828551 0.147061
0.0828329 0.147745
0.0828118 0.148433
0.0827918 0.149125
0.0827728 0.14982
0.0827549 0.15052
0.0827381 0.151223
0.0827224 0.15193
0.0827078 0.152641
0.0826943 0.153357
0.0826818 0.154076
0.0826704 0.154799
0.0826601 0.155527
0.0826509 0.156258
0.0826428 0.156994
0.0826358 0.157734
0.0826298 0.158479
0.082625 0.159228
0.0826213 0.159981
0.0826186 0.160738
0.082617 0.1615
0.0826166 0.162266
0.0826172 0.163037
0.082619 0.163813
0.0826219 0.164593
0.0826258 0.165378
0.0826309 0.166168
0.0826371 0.166962
0.0826444 0.167762
0.0826529 0.168566
0.0826624 0.169375
0.0826731 0.170189
0.0826849 0.171008
0.0826979 0.171832
0.0827119 0.172661
0.0827272 0.173496
0.0827435 0.174335
0.082761 0.17518
0.0827797 0.176031
0.0827995 0.176887
0.0828205 0.177748
0.0828426 0.178615
0.0828659 0.179487
0.0828903 0.180365
0.082916 0.181249
0.0829428 0.182138
0.0829708 0.183034
0.083 0.183935
0.0830304 0.184842
0.0830619 0.185755
0.0830947 0.186674
0.0831287 0.1876
0.0831639 0.188532
0.0832004 0.189469
0.083238 0.190414
0.0832769 0.191364
0.083317 0.192322
0.0833584 0.193285
0.083401 0.194256
0.0834449 0.195233
0.0834901 0.196217
0.0835365 0.197208
0.0835842 0.198206
0.0836332 0.19921
0.0836834 0.200222
0.083735 0.201241
0.0837879 0.202268
0.0838421 0.203301
0.0838976 0.204343
0.0839544 0.205391
0.0840126 0.206448
0.0840722 0.207511
0.0841331 0.208583
0.0841953 0.209663
0.084259 0.21075
0.084324 0.211846
0.0843904 0.21295
0.0844582 0.214062
0.0845275 0.215182
0.0845981 0.216311
0.0846702 0.217449
0.0847437 0.218595
0.0848187 0.219749
0.0848952 0.220913
0.0849731 0.222086
0.0850525 0.223267
0.0851335 0.224458
0.0852159 0.225658
0.0852999 0.226868
0.0853853 0.228087
0.0854724 0.229315
0.085561 0.230554
0.0856512 0.231802
0.0857429 0.23306
0.0858363 0.234328
0.0859313 0.235607
0.0860279 0.236895
0.0861262 0.238195
0.0862261 0.239505
0.0863277 0.240825
0.086431 0.242157
0.086536 0.243499
0.0866427 0.244852
0.0867511 0.246217
0.0868613 0.247593
0.0869733 0.248981
0.0870871 0.250381
0.0872026 0.251792
0.08732 0.253215
0.0874392 0.25465
0.0875603 0.256098
0.0876833 0.257558
0.0878082 0.25903
0.087935 0.260515
0.0880637 0.262014
0.0881944 0.263525
0.088327 0.265049
0.0884617 0.266587
0.0885984 0.268138
0.0887371 0.269703
0.0888779 0.271282
0.0890208 0.272875
0.0891658 0.274482
0.0893129 0.276104
0.0894622 0.27774
0.0896137 0.279391
0.0897674 0.281056
0.0899233 0.282737
0.0900815 0.284434
0.090242 0.286145
0.0904048 0.287873
0.09057 0.289616
0.0907375 0.291376
0.0909074 0.293151
0.0910797 0.294944
0.0912546 0.296753
0.0914319 0.298578
0.0916117 0.300421
0.0917941 0.302281
0.091979 0.304159
0.0921666 0.306055
0.0923569 0.307968
0.0925498 0.3099
0.0927454 0.31185
0.0929438 0.313818
0.093145 0.315806
0.0933491 0.317812
0.093556 0.319838
0.0937658 0.321883
0.0939785 0.323948
0.0941943 0.326033
0.094413 0.328138
0.0946348 0.330264
0.0948598 0.33241
0.0950879 0.334577
0.0953192 0.336766
0.0955537 0.338976
0.0957915 0.341207
0.0960326 0.34346
0.0962771 0.345736
0.0965251 0.348033
0.0967765 0.350354
0.0970315 0.352697
0.09729 0.355063
0.0975521 0.357453
0.0978179 0.359866
0.0980875 0.362303
0.0983609 0.364764
0.0986381 0.367249
0.0989192 0.369759
0.0992042 0.372294
0.0994933 0.374853
0.0997864 0.377438
0.100084 0.380049
0.100385 0.382685
0.100691 0.385347
0.101001 0.388036
0.101316 0.39075
0.101634 0.393492
0.101958 0.39626
0.102286 0.399055
0.102619 0.401878
0.102956 0.404728
0.103298 0.407605
0.103646 0.410511
0.103998 0.413445
0.104355 0.416406
0.104717 0.419397
0.105085 0.422416
0.105457 0.425463
0.105835 0.42854
0.106219 0.431645
0.106608 0.43478
0.107003 0.437944
0.107403 0.441137
0.107809 0.44436
0.108221 0.447612
0.108639 0.450894
0.109063 0.454206
0.109494 0.457547
0.10993 0.460919
0.110373 0.46432
0.110822 0.467751
0.111278 0.471211
0.111741 0.474702
0.11221 0.478222
0.112686 0.481772
0.113169 0.485351
0.11366 0.48896
0.114157 0.492598
0.114662 0.496265
0.115174 0.499962
0.115693 0.503687
0.116221 0.50744
0.116756 0.511222
0.117298 0.515032
0.117849 0.51887
0.118408 0.522735
0.118976 0.526628
0.119551 0.530547
0.120135 0.534492
0.120728 0.538464
0.121329 0.54246
0.12194 0.546482
0.122559 0.550528
0.123187 0.554597
0.123825 0.55869
0.124472 0.562806
0.125128 0.566943
0.125795 0.571102
0.126471 0.575281
0.127156 0.57948
0.127852 0.583698
0.128559 0.587934
0.129275 0.592187
0.130002 0.596457
0.13074 0.600742
0.131488 0.605042
0.132247 0.609355
0.133017 0.613681
0.133799 0.618019
0.134591 0.622366
0.135396 0.626723
0.136211 0.631088
0.137039 0.63546
0.137878 0.639838
0.138729 0.644221
0.139593 0.648606
0.140468 0.652994
0.141356 0.657383
0.142257 0.661771
0.14317 0.666157
0.144096 0.670541
0.145036 0.674919
0.145988 0.679292
0.146953 0.683658
0.147932 0.688015
0.148924 0.692361
0.14993 0.696697
0.150949 0.70102
0.151982 0.705328
0.15303 0.709621
0.154091 0.713897
0.155166 0.718155
0.156256 0.722393
0.15736 0.72661
0.158479 0.730805
0.159613 0.734976
0.160761 0.739122
0.161924 0.743241
0.163102 0.747334
0.164295 0.751397
0.165503 0.75543
0.166726 0.759433
0.167965 0.763403
0.169219 0.76734
0.170489 0.771242
0.171775 0.775109
0.173076 0.778939
0.174392 0.782732
0.175725 0.786487
0.177073 0.790203
0.178438 0.793878
0.179818 0.797513
0.181215 0.801106
0.182628 0.804657
0.184057 0.808164
0.185502 0.811629
0.186964 0.815049
0.188442 0.818425
0.189937 0.821756
0.191448 0.825041
0.192975 0.828281
0.194519 0.831475
0.19608 0.834622
0.197657 0.837722
0.199252 0.840776
0.200862 0.843782
0.20249 0.846742
0.204134 0.849655
0.205796 0.85252
0.207474 0.855338
0.209168 0.858109
0.21088 0.860834
0.212609 0.863511
0.214354 0.866142
0.216117 0.868726
0.217896 0.871264
0.219692 0.873757
0.221506 0.876203
0.223336 0.878604
0.225183 0.88096
0.227047 0.883272
0.228928 0.885539
0.230826 0.887763
0.232741 0.889943
0.234673 0.89208
0.236622 0.894175
0.238588 0.896228
0.240571 0.898239
0.242571 0.90021
0.244587 0.90214
0.246621 0.90403
0.248672 0.905881
0.250739 0.907693
0.252823 0.909467
0.254924 0.911204
0.257042 0.912903
0.259177 0.914566
0.261329 0.916194
0.263497 0.917786
0.265683 0.919343
0.267885 0.920867
0.270103 0.922357
0.272339 0.923814
0.274591 0.925239
0.276859 0.926633
0.279145 0.927995
0.281447 0.929327
0.283765 0.930629
0.2861 0.931902
0.288452 0.933146
0.29082 0.934362
0.293204 0.935551
0.295605 0.936712
0.298022 0.937847
0.300455 0.938956
0.302905 0.94004
0.305371 0.941099
0.307853 0.942134
0.310351 0.943145
0.312865 0.944132
0.315395 0.945097
0.317941 0.94604
0.320504 0.946961
0.323081 0.947861
0.325675 0.94874
0.328285 0.949598
0.33091 0.950437
0.33355 0.951256
0.336207 0.952056
0.338878 0.952838
0.341565 0.953601
0.344268 0.954347
0.346985 0.955076
0.349718 0.955787
0.352466 0.956482
0.355229 0.957161
0.358006 0.957824
0.360799 0.958472
0.363606 0.959105
0.366427 0.959723
0.369263 0.960326
0.372114 0.960916
0.374979 0.961492
0.377858 0.962054
0.380751 0.962604
0.383658 0.96314
0.386578 0.963665
0.389513 0.964177
0.39246 0.964677
0.395422 0.965165
0.398396 0.965643
0.401384 0.966109
0.404384 0.966564
0.407397 0.967009
0.410423 0.967444
0.413462 0.967868
0.416513 0.968283
0.419575 0.968688
0.42265 0.969083
0.425737 0.96947
0.428835 0.969847
0.431945 0.970216
0.435066 0.970576
0.438197 0.970928
0.44134 0.971271
0.444493 0.971607
0.447657 0.971935
0.450831 0.972255
0.454015 0.972568
0.457208 0.972874
0.460411 0.973172
0.463623 0.973463
0.466844 0.973748
0.470074 0.974026
0.473312 0.974298
0.476559 0.974563
0.479814 0.974822
0.483076 0.975075
0.486346 0.975322
0.489622 0.975563
0.492906 0.975799
0.496196 0.976029
0.499493 0.976253
0.502795 0.976472
0.506103 0.976686
0.509417 0.976895
0.512735 0.977099
0.516058 0.977298
0.519386 0.977492
0.522717 0.977682
0.526053 0.977867
0.529392 0.978047
0.532733 0.978223
0.536078 0.978395
0.539425 0.978563
0.542774 0.978726
0.546124 0.978886
0.549476 0.979041
0.552829 0.979193
0.556182 0.979341
0.559536 0.979485
0.562889 0.979625
0.566242 0.979762
0.569594 0.979895
0.572945 0.980025
0.576294 0.980152
0.57964 0.980275
0.582985 0.980395
0.586326 0.980511
0.589665 0.980625
0.592999 0.980736
0.59633 0.980843
0.599656 0.980948
0.602978 0.981049
0.606294 0.981148
0.609605 0.981244
0.612909 0.981338
0.616208 0.981428
0.619499 0.981516
0.622784 0.981601
0.626061 0.981684
0.629329 0.981765
0.63259 0.981842
0.635842 0.981918
0.639085 0.981991
0.642318 0.982061
0.645542 0.98213
0.648755 0.982196
0.651958 0.98226
0.655149 0.982321
0.65833 0.982381
0.661498 0.982438
0.664655 0.982494
0.667799 0.982547
0.670931 0.982598
0.674049 0.982647
0.677154 0.982695
0.680245 0.98274
0.683322 0.982784
0.686385 0.982825
0.689433 0.982865
0.692465 0.982903
0.695483 0.982939
0.698484 0.982974
0.70147 0.983006
0.70444 0.983037
0.707392 0.983067
0.710328 0.983094
0.713247 0.983121
0.716149 0.983145
0.719033 0.983168
0.721899 0.983189
0.724747 0.983209
0.727577 0.983227
0.730388 0.983244
0.733181 0.983259
0.735954 0.983273
0.738708 0.983286
0.741443 0.983297
0.744159 0.983306
0.746854 0.983315
0.74953 0.983322
0.752186 0.983327
0.754821 0.983331
0.757436 0.983334
0.76003 0.983336
0.762604 0.983336
0.765157 0.983335
0.76769 0.983333
0.770201 0.98333
0.772691 0.983326
0.77516 0.98332
0.777608 0.983313
0.780034 0.983305
0.782439 0.983296
0.784823 0.983285
0.787185 0.983274
0.789526 0.983261
0.791845 0.983248
0.794142 0.983233
0.796418 0.983217
0.798672 0.983201
0.800904 0.983183
0.803115 0.983164
0.805304 0.983144
0.807472 0.983123
0.809618 0.983101
0.811742 0.983078
0.813845 0.983055
0.815926 0.98303
0.817986 0.983004
0.820024 0.982978
0.822041 0.98295
0.824037 0.982922
0.826012 0.982892
0.827965 0.982862
0.829897 0.982831
0.831808 0.982799
0.833698 0.982766
0.835568 0.982732
0.837416 0.982698
0.839244 0.982663
0.841052 0.982626
0.842839 0.982589
0.844606 0.982552
0.846352 0.982513
0.848079 0.982474
0.849785 0.982434
0.851472 0.982393
0.853139 0.982351
0.854786 0.982309
0.856414 0.982265
0.858023 0.982222
0.859612 0.982177
0.861183 0.982132
0.862734 0.982086
0.864267 0.982039
0.865781 0.981992
0.867277 0.981943
0.868755 0.981895
0.870214 0.981845
0.871656 0.981795
0.87308 0.981744
0.874486 0.981693
0.875874 0.981641
0.877246 0.981588
0.8786 0.981535
0.879937 0.981481
0.881257 0.981427
0.882561 0.981371
0.883848 0.981316
0.885119 0.981259
0.886374 0.981203
0.887612 0.981145
0.888835 0.981087
0.890042 0.981028
0.891234 0.980969
0.89241 0.980909
0.893571 0.980849
0.894717 0.980788
0.895849 0.980727
0.896965 0.980665
0.898068 0.980603
0.899155 0.98054
0.900229 0.980476
0.901289 0.980412
0.902334 0.980348
0.903367 0.980283
0.904385 0.980218
0.90539 0.980152
0.906382 0.980085
0.907361 0.980018
0.908327 0.979951
0.909281 0.979883
0.910222 0.979815
0.91115 0.979746
0.912066 0.979677
0.91297 0.979608
0.913862 0.979538
0.914743 0.979467
0.915611 0.979396
0.916468 0.979325
0.917314 0.979253
0.918149 0.979181
0.918972 0.979108
0.919785 0.979036
0.920587 0.978962
0.921378 0.978888
0.922159 0.978814
0.922929 0.97874
0.923689 0.978665
0.924439 0.97859
0.92518 0.978514
0.92591 0.978438
0.926631 0.978362
0.927342 0.978285
0.928043 0.978208
0.928736 0.97813
0.929419 0.978053
0.930093 0.977974
0.930758 0.977896
0.931415 0.977817
0.932063 0.977738
0.932702 0.977659
0.933333 0.977579
0.933955 0.977499
0.93457 0.977418
0.935176 0.977338
0.935774 0.977257
0.936364 0.977175
0.936947 0.977094
0.937522 0.977012
0.938089 0.976929
0.938649 0.976847
0.939202 0.976764
0.939747 0.976681
0.940286 0.976598
0.940817 0.976514
0.941341 0.97643
0.941859 0.976346
0.942369 0.976262
0.942874 0.976177
0.943371 0.976092
0.943862 0.976007
0.944347 0.975922
0.944825 0.975836
0.945298 0.97575
0.945764 0.975664
0.946224 0.975577
0.946678 0.975491
0.947127 0.975404
0.94757 0.975317
0.948007 0.97523
0.948438 0.975142
0.948864 0.975054
0.949284 0.974966
0.949699 0.974878
0.950109 0.97479
0.950514 0.974701
0.950913 0.974612
0.951308 0.974524
0.951697 0.974434
0.952081 0.974345
0.952461 0.974255
0.952836 0.974166
0.953206 0.974076
0.953572 0.973986
0.953933 0.973895
0.954289 0.973805
0.954641 0.973714
0.954988 0.973623
0.955332 0.973532
0.955671 0.973441
0.956005 0.97335
0.956336 0.973258
0.956662 0.973167
0.956985 0.973075
0.957303 0.972983
0.957618 0.972891
0.957929 0.972799
0.958236 0.972706
0.958539 0.972614
0.958838 0.972521
0.959134 0.972428
0.959426 0.972335
0.959715 0.972242
0.96 0.972149
0.960282 0.972056
0.96056 0.971962
0.960835 0.971869
0.961106 0.971775
0.961375 0.971681
0.96164 0.971587
0.961902 0.971493
0.962161 0.971399
0.962417 0.971305
0.962669 0.97121
0.962919 0.971116
0.963166 0.971021
0.963409 0.970926
0.96365 0.970832
0.963889 0.970737
0.964124 0.970642
0.964356 0.970546
0.964586 0.970451
0.964813 0.970356
0.965038 0.970261
0.96526 0.970165
0.965479 0.97007
0.965696 0.969974
0.96591 0.969878
0.966122 0.969782
0.966331 0.969687
0.966538 0.969591
0.966742 0.969495
0.966944 0.969398
0.967144 0.969302
0.967342 0.969206
0.967537 0.96911
0.96773 0.969013
0.967921 0.968917
0.96811 0.96882
0.968296 0.968724
0.968481 0.968627
0.968663 0.968531
0.968844 0.968434
0.969022 0.968337
0.969198 0.96824
0.969373 0.968143
0.969545 0.968047
0.969715 0.96795
0.969884 0.967853
0.970051 0.967756
0.970216 0.967658
0.970379 0.967561
0.97054 0.967464
0.970699 0.967367
0.970857 0.96727
0.971013 0.967172
0.971167 0.967075
0.97132 0.966978
0.971471 0.96688
0.97162 0.966783
0.971768 0.966686
0.971914 0.966588
0.972059 0.966491
0.972202 0.966393
0.972343 0.966296
0.972483 0.966198
0.972621 0.966101
0.972758 0.966003
0.972894 0.965905
0.973028 0.965808
0.97316 0.96571
0.973291 0.965613
0.973421 0.965515
0.973549 0.965417
0.973676 0.96532
0.973802 0.965222
0.973927 0.965124
0.97405 0.965027
0.974171 0.964929
0.974292 0.964831
0.974411 0.964734
0.974529 0.964636
0.974646 0.964538
0.974761 0.964441
0.974876 0.964343
0.974989 0.964245
0.975101 0.964148
0.975212 0.96405
0.975322 0.963952
0.97543 0.963855
0.975538 0.963757
0.975644 0.96366
0.975749 0.963562
0.975854 0.963464
0.975957 0.963367
0.976059 0.963269
0.97616 0.963172
0.97626 0.963074
0.976359 0.962977
0.976457 0.962879
0.976554 0.962782
0.97665 0.962684
0.976745 0.962587
0.976839 0.96249
0.976933 0.962392
0.977025 0.962295
0.977116 0.962198
0.977207 0.9621
0.977296 0.962003
0.977385 0.961906
0.977473 0.961809
0.97756 0.961711
0.977646 0.961614
0.977731 0.961517
0.977815 0.96142
0.977899 0.961323
0.977982 0.961226
0.978064 0.961129
0.978145 0.961032
0.978225 0.960935
0.978305 0.960838
0.978384 0.960742
0.978462 0.960645
0.978539 0.960548
0.978615 0.960451
0.978691 0.960355
0.978766 0.960258
0.978841 0.960162
0.978914 0.960065
0.978987 0.959969
0.979059 0.959872
0.979131 0.959776
0.979202 0.959679
0.979272 0.959583
0.979341 0.959487
0.97941 0.959391
0.979478 0.959295
0.979546 0.959198
0.979613 0.959102
0.979679 0.959006
0.979745 0.958911
0.97981 0.958815
0.979874 0.958719
0.979938 0.958623
0.980001 0.958527
0.980064 0.958432
0.980126 0.958336
0.980188 0.95824
0.980248 0.958145
0.980309 0.95805
0.980369 0.957954
0.980428 0.957859
0.980486 0.957764
0.980545 0.957668
0.980602 0.957573
0.980659 0.957478
0.980716 0.957383
0.980772 0.957288
0.980827 0.957193
0.980882 0.957098
0.980937 0.957004
0.980991 0.956909
0.981044 0.956814
0.981097 0.95672
0.98115 0.956625
0.981202 0.956531
0.981253 0.956436
0.981305 0.956342
0.981355 0.956248
0.981405 0.956154
0.981455 0.95606
0.981504 0.955966
0.981553 0.955872
0.981602 0.955778
0.98165 0.955684
0.981697 0.95559
0.981744 0.955496
0.981791 0.955403
0.981837 0.955309
0.981883 0.955216
0.981929 0.955122
0.981974 0.955029
0.982018 0.954936
0.982063 0.954843
0.982106 0.954749
0.98215 0.954656
0.982193 0.954563
0.982236 0.954471
0.982278 0.954378
0.98232 0.954285
0.982361 0.954192
0.982403 0.9541
0.982444 0.954007
0.982484 0.953915
0.982524 0.953823
0.982564 0.95373
0.982603 0.953638
0.982642 0.953546
0.982681 0.953454
0.98272 0.953362
0.982758 0.95327
0.982795 0.953178
0.982833 0.953087
0.98287 0.952995
0.982907 0.952903
0.982943 0.952812
0.982979 0.95272
0.983015 0.952629
0.98305 0.952538
0.983086 0.952447
0.983121 0.952356
0.983155 0.952265
0.983189 0.952174
0.983223 0.952083
0.983257 0.951992
0.98329 0.951902
0.983324 0.951811
0.983356 0.95172
0.983389 0.95163
0.983421 0.95154
0.983453 0.951449
0.983485 0.951359
0.983516 0.951269
0.983548 0.951179
0.983578 0.951089
0.983609 0.950999
0.98364 0.95091
0.98367 0.95082
0.983699 0.950731
0.983729 0.950641
0.983758 0.950552
0.983788 0.950462
0.983816 0.950373
0.983845 0.950284
0.983873 0.950195
0.983902 0.950106
0.983929 0.950017
0.983957 0.949928
0.983985 0.94984
0.984012 0.949751
0.984039 0.949662
0.984065 0.949574
0.984092 0.949486
0.984118 0.949397
0.984144 0.949309
0.98417 0.949221
0.984196 0.949133
0.984221 0.949045
0.984246 0.948957
0.984271 0.94887
0.984296 0.948782
0.984321 0.948695
0.984345 0.948607
0.984369 0.94852
0.984393 0.948432
0.984417 0.948345
0.98444 0.948258
0.984464 0.948171
0.984487 0.948084
0.98451 0.947997
0.984532 0.947911
0.984555 0.947824
0.984577 0.947737
0.9846 0.947651
0.984622 0.947564
0.984643 0.947478
0.984665 0.947392
0.984686 0.947306
0.984708 0.94722
0.984729 0.947134
0.98475 0.947048
0.984771 0.946962
0.984791 0.946877
0.984811 0.946791
0.984832 0.946706
0.984852 0.94662
0.984872 0.946535
0.984891 0.94645
0.984911 0.946365
0.98493 0.94628
0.98495 0.946195
0.984969 0.94611
0.984988 0.946025
0.985006 0.94594
0.985025 0.945856
0.985043 0.945771
0.985062 0.945687
0.98508 0.945603
0.985098 0.945518
0.985116 0.945434
0.985133 0.94535
0.985151 0.945266
0.985168 0.945182
0.985185 0.945099
0.985203 0.945015
0.985219 0.944932
0.985236 0.944848
0.985253 0.944765
0.98527 0.944681
0.985286 0.944598
0.985302 0.944515
0.985318 0.944432
0.985334 0.944349
0.98535 0.944266
0.985366 0.944184
0.985381 0.944101
0.985397 0.944018
0.985412 0.943936
0.985427 0.943853
0.985443 0.943771
0.985457 0.943689
0.985472 0.943607
0.985487 0.943525
0.985502 0.943443
0.985516 0.943361
0.98553 0.943279
0.985545 0.943198
0.985559 0.943116
0.985573 0.943035
0.985586 0.942953
0.9856 0.942872
0.985614 0.942791
0.985627 0.94271
0.985641 0.942629
0.985654 0.942548
0.985667 0.942467
0.98568 0.942386
0.985693 0.942306
0.985706 0.942225
0.985719 0.942145
0.985731 0.942064
0.985744 0.941984
0.985756 0.941904
0.985769 0.941824
0.985781 0.941744
0.985793 0.941664
0.985805 0.941584
0.985817 0.941504
0.985829 0.941425
0.98584 0.941345
0.985852 0.941266
0.985863 0.941186
0.985875 0.941107
0.985886 0.941028
0.985897 0.940949
0.985908 0.94087
0.985919 0.940791
0.98593 0.940712
0.985941 0.940633
0.985952 0.940555
0.985962 0.940476
0.985973 0.940398
0.985983 0.940319
0.985994 0.940241
0.986004 0.940163
0.986014 0.940085
0.986024 0.940006
0.986034 0.939929
0.986044 0.939851
0.986054 0.939773
0.986064 0.939695
0.986074 0.939618
0.986083 0.93954
0.986093 0.939463
0.986102 0.939386
0.986111 0.939308
0.986121 0.939231
0.98613 0.939154
0.986139 0.939077
0.986148 0.939
0.986157 0.938924
0.986166 0.938847
0.986175 0.93877
0.986183 0.938694
0.986192 0.938617
0.9862 0.938541
0.986209 0.938465
0.986217 0.938389
0.986226 0.938312
0.986234 0.938236
0.986242 0.938161
0.98625 0.938085
0.986258 0.938009
0.986266 0.937933
0.986274 0.937858
0.986282 0.937782
0.98629 0.937707
0.986297 0.937632
0.986305 0.937557
0.986313 0.937481
0.98632 0.937406
0.986327 0.937331
0.986335 0.937257
0.986342 0.937182
0.986349 0.937107
0.986356 0.937033
0.986364 0.936958
0.986371 0.936884
0.986377 0.936809
0.986384 0.936735
0.986391 0.936661
0.986398 0.936587
0.986405 0.936513
0.986411 0.936439
0.986418 0.936365
0.986424 0.936291
0.986431 0.936218
0.986437 0.936144
0.986444 0.936071
0.98645 0.935997
0.986456 0.935924
0.986462 0.935851
0.986468 0.935777
0.986474 0.935704
0.98648 0.935631
0.986486 0.935558
0.986492 0.935486
0.986498 0.935413
0.986504 0.93534
0.98651 0.935268
0.986515 0.935195
0.986521 0.935123
0.986526 0.935051
0.986532 0.934978
0.986537 0.934906
0.986543 0.934834
0.986548 0.934762
0.986553 0.93469
0.986559 0.934618
0.986564 0.934547
0.986569 0.934475
0.986574 0.934403
0.986579 0.934332
0.986584 0.934261
0.986589 0.934189
0.986594 0.934118
0.986599 0.934047
0.986603 0.933976
0.986608 0.933905
0.986613 0.933834
0.986617 0.933763
0.986622 0.933692
0.986627 0.933622
0.986631 0.933551
0.986636 0.93348
0.98664 0.93341
0.986644 0.93334
0.986649 0.933269
0.986653 0.933199
0.986657 0.933129
0.986661 0.933059
0.986666 0.932989
0.98667 0.932919
0.986674 0.932849
0.986678 0.93278
0.986682 0.93271
0.986686 0.932641
0.98669 0.932571
0.986693 0.932502
0.986697 0.932432
0.986701 0.932363
0.986705 0.932294
0.986708 0.932225
0.986712 0.932156
0.986716 0.932087
0.986719 0.932018
0.986723 0.931949
0.986726 0.931881
0.98673 0.931812
0.986733 0.931743
0.986736 0.931675
0.98674 0.931607
0.986743 0.931538
0.986746 0.93147
0.98675 0.931402
0.986753 0.931334
0.986756 0.931266
0.986759 0.931198
0.986762 0.93113
0.986765 0.931062
0.986768 0.930995
0.986771 0.930927
0.986774 0.930859
0.986777 0.930792
0.98678 0.930725
0.986783 0.930657
0.986786 0.93059
0.986788 0.930523
0.986791 0.930456
0.986794 0.930389
0.986796 0.930322
0.986799 0.930255
0.986802 0.930188
0.986804 0.930121
0.986807 0.930055
0.986809 0.929988
0.986812 0.929922
0.986814 0.929855
0.986817 0.929789
0.986819 0.929723
0.986821 0.929657
0.986824 0.92959
0.986826 0.929524
0.986828 0.929458
0.98683 0.929392
0.986833 0.929327
0.986835 0.929261
0.986837 0.929195
0.986839 0.92913
0.986841 0.929064
0.986843 0.928999
0.986845 0.928933
0.986847 0.928868
0.986849 0.928803
0.986851 0.928737
0.986853 0.928672
0.986855 0.928607
0.986857 0.928542
0.986859 0.928477
0.98686 0.928413
0.986862 0.928348
0.986864 0.928283
0.986866 0.928219
0.986867 0.928154
0.986869 0.92809
0.986871 0.928025
0.986872 0.927961
0.986874 0.927897
0.986875 0.927832
0.986877 0.927768
0.986878 0.927704
0.98688 0.92764
0.986881 0.927576
0.986883 0.927512
0.986884 0.927449
0.986886 0.927385
0.986887 0.927321
0.986888 0.927258
0.98689 0.927194
0.986891 0.927131
0.986892 0.927067
0.986893 0.927004
0.986895 0.926941
0.986896 0.926878
0.986897 0.926815
0.986898 0.926752
0.986899 0.926689
0.986901 0.926626
0.986902 0.926563
0.986903 0.9265
0.986904 0.926437
0.986905 0.926375
0.986906 0.926312
0.986907 0.92625
0.986908 0.926187
0.986909 0.926125
0.98691 0.926063
0.98691 0.926001
0.986911 0.925938
0.986912 0.925876
0.986913 0.925814
0.986914 0.925752
0.986915 0.92569
0.986915 0.925629
0.986916 0.925567
0.986917 0.925505
0.986918 0.925443
0.986918 0.925382
0.986919 0.92532
0.98692 0.925259
0.98692 0.925198
0.986921 0.925136
0.986922 0.925075
0.986922 0.925014
0.986923 0.924953
0.986923 0.924892
0.986924 0.924831
0.986924 0.92477
0.986925 0.924709
0.986925 0.924648
0.986926 0.924587
0.986926 0.924527
0.986927 0.924466
0.986927 0.924405
0.986927 0.924345
0.986928 0.924285
0.986928 0.924224
0.986929 0.924164
0.986929 0.924104
0.986929 0.924043
0.986929 0.923983
0.98693 0.923923
0.98693 0.923863
0.98693 0.923803
0.98693 0.923744
0.986931 0.923684
0.986931 0.923624
0.986931 0.923564
0.986931 0.923505
0.986931 0.923445
0.986931 0.923386
0.986932 0.923326
0.986932 0.923267
0.986932 0.923207
0.986932 0.923148
0.986932 0.923089
0.986932 0.92303
0.986932 0.922971
0.986932 0.922912
0.986932 0.922853
0.986932 0.922794
0.986932 0.922735
0.986932 0.922676
0.986932 0.922617
0.986932 0.922559
0.986932 0.9225
0.986932 0.922442
0.986931 0.922383
0.986931 0.922325
0.986931 0.922266
0.986931 0.922208
0.986931 0.92215
0.986931 0.922091
0.98693 0.922033
0.98693 0.921975
0.98693 0.921917
0.98693 0.921859
0.98693 0.921801
0.986929 0.921743
0.986929 0.921686
0.986929 0.921628
0.986928 0.92157
0.986928 0.921513
0.986928 0.921455
0.986927 0.921397
0.986927 0.92134
0.986927 0.921283
0.986926 0.921225
0.986926 0.921168
0.986926 0.921111
0.986925 0.921053
0.986925 0.920996
0.986924 0.920939
0.986924 0.920882
0.986923 0.920825
0.986923 0.920768
0.986923 0.920712
0.986922 0.920655
0.986922 0.920598
0.986921 0.920541
0.986921 0.920485
0.98692 0.920428
0.986919 0.920371
0.986919 0.920315
0.986918 0.920259
0.986918 0.920202
0.986917 0.920146
0.986917 0.92009
0.986916 0.920033
0.986915 0.919977
0.986915 0.919921
0.986914 0.919865
0.986913 0.919809
0.986913 0.919753
0.986912 0.919697
0.986912 0.919641
0.986911 0.919586
0.98691 0.91953
0.986909 0.919474
0.986909 0.919419
0.986908 0.919363
0.986907 0.919307
0.986907 0.919252
0.986906 0.919197
0.986905 0.919141
0.986904 0.919086
0.986903 0.919031
0.986903 0.918975
0.986902 0.91892
0.986901 0.918865
0.9869 0.91881
0.986899 0.918755
0.986899 0.9187
0.986898 0.918645
0.986897 0.91859
0.986896 0.918535
0.986895 0.918481
0.986894 0.918426
0.986893 0.918371
0.986893 0.918317
0.986892 0.918262
0.986891 0.918208
0.98689 0.918153
0.986889 0.918099
0.986888 0.918044
0.986887 0.91799
0.986886 0.917936
0.986885 0.917881
0.986884 0.917827
0.986883 0.917773
0.986882 0.917719
0.986881 0.917665
0.98688 0.917611
0.986879 0.917557
0.986878 0.917503
0.986877 0.917449
0.986876 0.917396
0.986875 0.917342
0.986874 0.917288
0.986873 0.917235
0.986872 0.917181
0.986871 0.917127
0.98687 0.917074
0.986869 0.91702
0.986868 0.916967
0.986867 0.916914
0.986866 0.91686
0.986865 0.916807
0.986864 0.916754
0.986862 0.916701
0.986861 0.916647
0.98686 0.916594
0.986859 0.916541
0.986858 0.916488
0.986857 0.916435
0.986856 0.916382
0.986854 0.91633
0.986853 0.916277
0.986852 0.916224
0.986851 0.916171
0.98685 0.916119
0.986849 0.916066
0.986847 0.916013
0.986846 0.915961
0.986845 0.915908
0.986844 0.915856
0.986843 0.915803
0.986841 0.915751
0.98684 0.915699
0.986839 0.915646
0.986838 0.915594
0.986836 0.915542
0.986835 0.91549
0.986834 0.915438
0.986833 0.915386
0.986831 0.915334
0.98683 0.915282
0.986829 0.91523
0.986828 0.915178
0.986826 0.915126
0.986825 0.915074
0.986824 0.915022
0.986822 0.914971
0.986821 0.914919
0.98682 0.914867
0.986819 0.914816
0.986817 0.914764
0.986816 0.914713
0.986815 0.914661
0.986813 0.91461
0.986812 0.914559
0.986811 0.914507
0.986809 0.914456
0.986808 0.914405
0.986806 0.914353
0.986805 0.914302
0.986804 0.914251
0.986802 0.9142
0.986801 0.914149
0.9868 0.914098
0.986798 0.914047
0.986797 0.913996
0.986795 0.913945
0.986794 0.913894
0.986793 0.913843
0.986791 0.913793
0.98679 0.913742
0.986788 0.913691
0.986787 0.913641
0.986785 0.91359
0.986784 0.913539
0.986783 0.913489
0.986781 0.913438
0.98678 0.913388
0.986778 0.913338
0.986777 0.913287
0.986775 0.913237
0.986774 0.913187
0.986772 0.913136
0.986771 0.913086
0.986769 0.913036
0.986768 0.912986
0.986767 0.912936
0.986765 0.912886
0.986764 0.912836
0.986762 0.912786
0.986761 0.912736
0.986759 0.912686
0.986758 0.912636
0.986756 0.912586
0.986755 0.912536
0.986753 0.912486
0.986752 0.912437
0.98675 0.912387
0.986748 0.912337
0.986747 0.912288
0.986745 0.912238
0.986744 0.912189
0.986742 0.912139
0.986741 0.91209
0.986739 0.91204
0.986738 0.911991
0.986736 0.911941
0.986735 0.911892
0.986733 0.911843
0.986732 0.911794
0.98673 0.911744
0.986728 0.911695
0.986727 0.911646
0.986725 0.911597
0.986724 0.911548
0.986722 0.911499
0.986721 0.91145
0.986719 0.911401
0.986717 0.911352
0.986716 0.911303
0.986714 0.911254
0.986713 0.911205
0.986711 0.911157
0.986709 0.911108
0.986708 0.911059
0.986706 0.91101
0.986705 0.910962
0.986703 0.910913
0.986701 0.910865
0.9867 0.910816
0.986698 0.910768
0.986696 0.910719
0.986695 0.910671
0.986693 0.910622
0.986692 0.910574
0.98669 0.910526
0.986688 0.910477
0.986687 0.910429
0.986685 0.910381
0.986683 0.910332
0.986682 0.910284
0.98668 0.910236
0.986678 0.910188
0.986677 0.91014
0.986675 0.910092
0.986673 0.910044
0.986672 0.909996
0.98667 0.909948
0.986668 0.9099
0.986667 0.909852
0.986665 0.909804
0.986663 0.909757
0.986662 0.909709
0.98666 0.909661
0.986658 0.909613
0.986657 0.909566
0.986655 0.909518
0.986653 0.90947
0.986652 0.909423
0.98665 0.909375
0.986648 0.909328
0.986647 0.90928
0.986645 0.909233
0.986643 0.909185
0.986642 0.909138
0.98664 0.90909
0.986638 0.909043
0.986636 0.908996
0.986635 0.908948
0.986633 0.908901
0.986631 0.908854
0.98663 0.908807
0.986628 0.90876
0.986626 0.908712
0.986624 0.908665
0.986623 0.908618
0.986621 0.908571
0.986619 0.908524
0.986618 0.908477
0.986616 0.90843
0.986614 0.908383
0.986612 0.908336
0.986611 0.90829
0.986609 0.908243
0.986607 0.908196
0.986605 0.908149
0.986604 0.908102
0.986602 0.908056
0.9866 0.908009
0.986598 0.907962
0.986597 0.907916
0.986595 0.907869
0.986593 0.907822
0.986591 0.907776
0.98659 0.907729
0.986588 0.907683
0.986586 0.907636
0.986584 0.90759
0.986583 0.907543
0.986581 0.907497
0.986579 0.907451
0.986577 0.907404
0.986576 0.907358
0.986574 0.907312
0.986572 0.907266
0.98657 0.907219
0.986569 0.907173
0.986567 0.907127
0.986565 0.907081
0.986563 0.907035
0.986562 0.906989
0.98656 0.906943
0.986558 0.906897
0.986556 0.906851
0.986554 0.906805
0.986553 0.906759
0.986551 0.906713
0.986549 0.906667
0.986547 0.906621
0.986545 0.906575
0.986544 0.906529
0.986542 0.906483
0.98654 0.906438
0.986538 0.906392
0.986537 0.906346
0.986535 0.906301
0.986533 0.906255
0.986531 0.906209
0.986529 0.906164
0.986528 0.906118
0.986526 0.906072
0.986524 0.906027
0.986522 0.905981
0.98652 0.905936
0.986519 0.90589
0.986517 0.905845
0.986515 0.9058
0.986513 0.905754
0.986511 0.905709
0.98651 0.905663
0.986508 0.905618
0.986506 0.905573
0.986504 0.905527
0.986502 0.905482
0.986501 0.905437
0.986499 0.905392
0.986497 0.905347
0.986495 0.905301
0.986493 0.905256
0.986491 0.905211
0.98649 0.905166
0.986488 0.905121
0.986486 0.905076
0.986484 0.905031
0.986482 0.904986
0.986481 0.904941
0.986479 0.904896
0.986477 0.904851
0.986475 0.904806
0.986473 0.904761
0.986471 0.904717
0.98647 0.904672
0.986468 0.904627
0.986466 0.904582
0.986464 0.904537
0.986462 0.904493
0.98646 0.904448
0.986459 0.904403
0.986457 0.904359
0.986455 0.904314
0.986453 0.904269
0.986451 0.904225
0.986449 0.90418
0.986448 0.904135
0.986446 0.904091
0.986444 0.904046
0.986442 0.904002
0.98644 0.903957
0.986438 0.903913
0.986437 0.903868
0.986435 0.903824
0.986433 0.90378
0.986431 0.903735
0.986429 0.903691
0.986427 0.903647
0.986426 0.903602
0.986424 0.903558
0.986422 0.903514
0.98642 0.903469
0.986418 0.903425
0.986416 0.903381
0.986414 0.903337
0.986413 0.903293
0.986411 0.903248
0.986409 0.903204
0.986407 0.90316
0.986405 0.903116
0.986403 0.903072
0.986402 0.903028
0.9864 0.902984
0.986398 0.90294
0.986396 0.902896
0.986394 0.902852
0.986392 0.902808
0.98639 0.902764
0.986389 0.90272
0.986387 0.902676
0.986385 0.902632
0.986383 0.902588
0.986381 0.902545
0.986379 0.902501
0.986377 0.902457
0.986376 0.902413
0.986374 0.902369
0.986372 0.902326
0.98637 0.902282
0.986368 0.902238
0.986366 0.902194
0.986364 0.902151
0.986363 0.902107
0.986361 0.902063
0.986359 0.90202
0.986357 0.901976
0.986355 0.901933
0.986353 0.901889
0.986351 0.901845
0.98635 0.901802
0.986348 0.901758
0.986346 0.901715
0.986344 0.901671
0.986342 0.901628
0.98634 0.901585
0.986338 0.901541
0.986337 0.901498
0.986335 0.901454
0.986333 0.901411
0.986331 0.901367
0.986329 0.901324
0.986327 0.901281
0.986325 0.901237
0.986324 0.901194
0.986322 0.901151
0.98632 0.901108
0.986318 0.901064
0.986316 0.901021
0.986314 0.900978
0.986312 0.900935
0.98631 0.900891
0.986309 0.900848
0.986307 0.900805
0.986305 0.900762
0.986303 0.900719
0.986301 0.900676
0.986299 0.900633
0.986297 0.90059
0.986296 0.900546
0.986294 0.900503
0.986292 0.90046
0.98629 0.900417
0.986288 0.900374
0.986286 0.900331
0.986284 0.900288
0.986282 0.900245
0.986281 0.900202
0.986279 0.900159
0.986277 0.900117
0.986275 0.900074
0.986273 0.900031
0.986271 0.899988
0.986269 0.899945
0.986267 0.899902
0.986266 0.899859
0.986264 0.899816
0.986262 0.899774
0.98626 0.899731
0.986258 0.899688
0.986256 0.899645
0.986254 0.899603
0.986252 0.89956
0.986251 0.899517
0.986249 0.899474
0.986247 0.899432
0.986245 0.899389
0.986243 0.899346
0.986241 0.899304
0.986239 0.899261
0.986238 0.899218
0.986236 0.899176
0.986234 0.899133
0.986232 0.899091
0.98623 0.899048
0.986228 0.899005
0.986226 0.898963
0.986224 0.89892
0.986223 0.898878
0.986221 0.898835
0.986219 0.898793
0.986217 0.89875
0.986215 0.898708
0.986213 0.898665
0.986211 0.898623
0.986209 0.89858
0.986208 0.898538
0.986206 0.898495
0.986204 0.898453
0.986202 0.898411
0.9862 0.898368
0.986198 0.898326
0.986196 0.898283
0.986194 0.898241
0.986192 0.898199
0.986191 0.898156
0.986189 0.898114
0.986187 0.898072
0.986185 0.898029
0.986183 0.897987
0.986181 0.897945
0.986179 0.897903
0.986177 0.89786
0.986176 0.897818
0.986174 0.897776
0.986172 0.897734
0.98617 0.897691
0.986168 0.897649
0.986166 0.897607
0.986164 0.897565
0.986162 0.897523
0.986161 0.89748
0.986159 0.897438
0.986157 0.897396
0.986155 0.897354
0.986153 0.897312
0.986151 0.89727
0.986149 0.897228
0.986147 0.897185
0.986146 0.897143
0.986144 0.897101
0.986142 0.897059
0.98614 0.897017
0.986138 0.896975
0.986136 0.896933
0.986134 0.896891
0.986132 0.896849
0.986131 0.896807
0.986129 0.896765
0.986127 0.896723
0.986125 0.896681
0.986123 0.896639
0.986121 0.896597
0.986119 0.896555
0.986117 0.896513
0.986116 0.896471
0.986114 0.896429
0.986112 0.896387
0.98611 0.896345
0.986108 0.896303
0.986106 0.896261
0.986104 0.89622
0.986102 0.896178
0.9861 0.896136
0.986099 0.896094
0.986097 0.896052
0.986095 0.89601
0.986093 0.895968
0.986091 0.895926
0.986089 0.895885
0.986087 0.895843
0.986085 0.895801
0.986084 0.895759
0.986082 0.895717
0.98608 0.895675
0.986078 0.895634
0.986076 0.895592
0.986074 0.89555
0.986072 0.895508
0.98607 0.895466
0.986069 0.895425
0.986067 0.895383
0.986065 0.895341
0.986063 0.895299
0.986061 0.895258
0.986059 0.895216
0.986057 0.895174
0.986055 0.895132
0.986054 0.895091
0.986052 0.895049
0.98605 0.895007
0.986048 0.894966
0.986046 0.894924
0.986044 0.894882
0.986042 0.89484
0.98604 0.894799
0.986038 0.894757
0.986037 0.894715
0.986035 0.894674
0.986033 0.894632
0.986031 0.89459
0.986029 0.894549
0.986027 0.894507
0.986025 0.894465
0.986023 0.894424
0.986022 0.894382
0.98602 0.894341
0.986018 0.894299
0.986016 0.894257
0.986014 0.894216
0.986012 0.894174
0.98601 0.894133
0.986008 0.894091
0.986007 0.894049
0.986005 0.894008
0.986003 0.893966
0.986001 0.893925
0.985999 0.893883
0.985997 0.893841
0.985995 0.8938
0.985993 0.893758
0.985991 0.893717
0.98599 0.893675
0.985988 0.893634
0.985986 0.893592
0.985984 0.89355
0.985982 0.893509
0.98598 0.893467
0.985978 0.893426
0.985976 0.893384
0.985975 0.893343
0.985973 0.893301
0.985971 0.89326
0.985969 0.893218
0.985967 0.893177
0.985965 0.893135
0.985963 0.893093
0.985961 0.893052
0.98596 0.89301
0.985958 0.892969
0.985956 0.892927
0.985954 0.892886
0.985952 0.892844
0.98595 0.892803
0.985948 0.892761
0.985946 0.89272
0.985944 0.892678
0.985943 0.892637
0.985941 0.892595
0.985939 0.892554
0.985937 0.892512
0.985935 0.892471
0.985933 0.892429
0.985931 0.892388
0.985929 0.892346
0.985928 0.892305
0.985926 0.892263
0.985924 0.892222
0.985922 0.89218
0.98592 0.892139
0.985918 0.892097
0.985916 0.892056
0.985914 0.892014
0.985913 0.891973
0.985911 0.891931
0.985909 0.89189
0.985907 0.891849
0.985905 0.891807
0.985903 0.891766
0.985901 0.891724
0.985899 0.891683
0.985897 0.891641
0.985896 0.8916
0.985894 0.891558
0.985892 0.891517
0.98589 0.891475
0.985888 0.891434
0.985886 0.891392
0.985884 0.891351
0.985882 0.891309
0.985881 0.891268
0.985879 0.891226
0.985877 0.891185
0.985875 0.891143
0.985873 0.891102
0.985871 0.89106
0.985869 0.891019
0.985867 0.890977
0.985865 0.890936
0.985864 0.890894
0.985862 0.890853
0.98586 0.890811
0.985858 0.89077
0.985856 0.890728
0.985854 0.890687
0.985852 0.890645
0.98585 0.890604
0.985849 0.890562
0.985847 0.890521
0.985845 0.890479
0.985843 0.890438
0.985841 0.890396
0.985839 0.890355
0.985837 0.890313
0.985835 0.890272
0.985833 0.89023
0.985832 0.890189
0.98583 0.890147
0.985828 0.890106
0.985826 0.890064
0.985824 0.890022
0.985822 0.889981
0.98582 0.889939
0.985818 0.889898
0.985817 0.889856
0.985815 0.889815
0.985813 0.889773
0.985811 0.889732
0.985809 0.88969
0.985807 0.889648
0.985805 0.889607
0.985803 0.889565
0.985801 0.889524
0.9858 0.889482
0.985798 0.889441
0.985796 0.889399
0.985794 0.889357
0.985792 0.889316
0.98579 0.889274
0.985788 0.889233
0.985786 0.889191
0.985784 0.889149
0.985783 0.889108
0.985781 0.889066
0.985779 0.889025
0.985777 0.888983
0.985775 0.888941
0.985773 0.8889
0.985771 0.888858
0.985769 0.888816
0.985767 0.888775
0.985766 0.888733
0.985764 0.888691
0.985762 0.88865
0.98576 0.888608
0.985758 0.888566
0.985756 0.888525
0.985754 0.888483
0.985752 0.888441
0.98575 0.888399
0.985749 0.888358
0.985747 0.888316
0.985745 0.888274
0.985743 0.888233
0.985741 0.888191
0.985739 0.888149
0.985737 0.888107
0.985735 0.888066
0.985733 0.888024
0.985732 0.887982
0.98573 0.88794
0.985728 0.887899
0.985726 0.887857
0.985724 0.887815
0.985722 0.887773
0.98572 0.887731
0.985718 0.88769
0.985716 0.887648
0.985714 0.887606
0.985713 0.887564
0.985711 0.887522
0.985709 0.88748
0.985707 0.887439
0.985705 0.887397
0.985703 0.887355
0.985701 0.887313
0.985699 0.887271
0.985697 0.887229
0.985696 0.887187
0.985694 0.887145
0.985692 0.887103
0.98569 0.887061
0.985688 0.88702
0.985686 0.886978
0.985684 0.886936
0.985682 0.886894
0.98568 0.886852
0.985678 0.88681
0.985677 0.886768
0.985675 0.886726
0.985673 0.886684
0.985671 0.886642
0.985669 0.8866
0.985667 0.886558
0.985665 0.886516
0.985663 0.886474
0.985661 0.886432
0.985659 0.886389
0.985658 0.886347
0.985656 0.886305
0.985654 0.886263
0.985652 0.886221
0.98565 0.886179
0.985648 0.886137
0.985646 0.886095
0.985644 0.886053
0.985642 0.88601
0.98564 0.885968
0.985638 0.885926
0.985637 0.885884
0.985635 0.885842
0.985633 0.885799
0.985631 0.885757
0.985629 0.885715
0.985627 0.885673
0.985625 0.885631
0.985623 0.885588
0.985621 0.885546
0.985619 0.885504
0.985617 0.885461
0.985616 0.885419
0.985614 0.885377
0.985612 0.885334
0.98561 0.885292
0.985608 0.88525
0.985606 0.885207
0.985604 0.885165
0.985602 0.885123
0.9856 0.88508
0.985598 0.885038
0.985596 0.884995
0.985595 0.884953
0.985593 0.884911
0.985591 0.884868
0.985589 0.884826
0.985587 0.884783
0.985585 0.884741
0.985583 0.884698
0.985581 0.884656
0.985579 0.884613
0.985577 0.884571
0.985575 0.884528
0.985573 0.884485
0.985572 0.884443
0.98557 0.8844
0.985568 0.884358
0.985566 0.884315
0.985564 0.884272
0.985562 0.88423
0.98556 0.884187
0.985558 0.884144
0.985556 0.884102
0.985554 0.884059
0.985552 0.884016
0.98555 0.883974
0.985549 0.883931
0.985547 0.883888
0.985545 0.883845
0.985543 0.883802
0.985541 0.88376
0.985539 0.883717
0.985537 0.883674
0.985535 0.883631
0.985533 0.883588
0.985531 0.883545
0.985529 0.883503
0.985527 0.88346
0.985525 0.883417
0.985523 0.883374
0.985522 0.883331
0.98552 0.883288
0.985518 0.883245
0.985516 0.883202
0.985514 0.883159
0.985512 0.883116
0.98551 0.883073
0.985508 0.88303
0.985506 0.882987
0.985504 0.882944
0.985502 0.8829
0.9855 0.882857
0.985498 0.882814
0.985496 0.882771
0.985494 0.882728
0.985493 0.882685
0.985491 0.882641
0.985489 0.882598
0.985487 0.882555
0.985485 0.882512
0.985483 0.882468
0.985481 0.882425
0.985479 0.882382
0.985477 0.882338
0.985475 0.882295
0.985473 0.882252
0.985471 0.882208
0.985469 0.882165
0.985467 0.882122
0.985465 0.882078
0.985463 0.882035
0.985461 0.881991
0.98546 0.881948
0.985458 0.881904
0.985456 0.881861
0.985454 0.881817
0.985452 0.881774
0.98545 0.88173
0.985448 0.881686
0.985446 0.881643
0.985444 0.881599
0.985442 0.881556
0.98544 0.881512
0.985438 0.881468
0.985436 0.881424
0.985434 0.881381
0.985432 0.881337
0.98543 0.881293
0.985428 0.881249
0.985426 0.881206
0.985424 0.881162
0.985422 0.881118
0.98542 0.881074
0.985418 0.88103
0.985417 0.880986
0.985415 0.880942
0.985413 0.880898
0.985411 0.880854
0.985409 0.88081
0.985407 0.880766
0.985405 0.880722
0.985403 0.880678
0.985401 0.880634
0.985399 0.88059
0.985397 0.880546
0.985395 0.880502
0.985393 0.880458
0.985391 0.880414
0.985389 0.880369
0.985387 0.880325
0.985385 0.880281
0.985383 0.880237
0.985381 0.880192
0.985379 0.880148
0.985377 0.880104
0.985375 0.880059
0.985373 0.880015
0.985371 0.879971
0.985369 0.879926
0.985367 0.879882
0.985365 0.879837
0.985363 0.879793
0.985361 0.879748
0.985359 0.879704
0.985357 0.879659
0.985355 0.879615
0.985353 0.87957
0.985351 0.879525
0.985349 0.879481
0.985347 0.879436
0.985345 0.879391
0.985343 0.879347
0.985341 0.879302
0.98534 0.879257
0.985338 0.879212
0.985336 0.879167
0.985334 0.879123
0.985332 0.879078
0.98533 0.879033
0.985328 0.878988
0.985326 0.878943
0.985324 0.878898
0.985322 0.878853
0.98532 0.878808
0.985318 0.878763
0.985316 0.878718
0.985314 0.878673
0.985312 0.878628
0.98531 0.878582
0.985308 0.878537
0.985306 0.878492
0.985304 0.878447
0.985302 0.878402
0.9853 0.878356
0.985298 0.878311
0.985296 0.878266
0.985294 0.87822
0.985292 0.878175
0.98529 0.87813
0.985287 0.878084
0.985285 0.878039
0.985283 0.877993
0.985281 0.877948
0.985279 0.877902
0.985277 0.877857
0.985275 0.877811
0.985273 0.877765
0.985271 0.87772
0.985269 0.877674
0.985267 0.877628
0.985265 0.877583
0.985263 0.877537
0.985261 0.877491
0.985259 0.877445
0.985257 0.877399
0.985255 0.877354
0.985253 0.877308
0.985251 0.877262
0.985249 0.877216
0.985247 0.87717
0.985245 0.877124
0.985243 0.877078
0.985241 0.877032
0.985239 0.876985
0.985237 0.876939
0.985235 0.876893
0.985233 0.876847
0.985231 0.876801
0.985229 0.876754
0.985227 0.876708
0.985225 0.876662
0.985223 0.876616
0.985221 0.876569
0.985219 0.876523
0.985217 0.876476
0.985214 0.87643
0.985212 0.876383
0.98521 0.876337
0.985208 0.87629
0.985206 0.876244
0.985204 0.876197
0.985202 0.87615
0.9852 0.876104
0.985198 0.876057
0.985196 0.87601
0.985194 0.875963
0.985192 0.875917
0.98519 0.87587
0.985188 0.875823
0.985186 0.875776
0.985184 0.875729
0.985182 0.875682
0.985179 0.875635
0.985177 0.875588
0.985175 0.875541
0.985173 0.875494
0.985171 0.875447
0.985169 0.875399
0.985167 0.875352
0.985165 0.875305
0.985163 0.875258
0.985161 0.87521
0.985159 0.875163
0.985157 0.875116
0.985155 0.875068
0.985153 0.875021
0.98515 0.874973
0.985148 0.874926
0.985146 0.874878
0.985144 0.874831
0.985142 0.874783
0.98514 0.874735
0.985138 0.874688
0.985136 0.87464
0.985134 0.874592
0.985132 0.874544
0.98513 0.874497
0.985127 0.874449
0.985125 0.874401
0.985123 0.874353
0.985121 0.874305
0.985119 0.874257
0.985117 0.874209
0.985115 0.874161
0.985113 0.874113
0.985111 0.874064
0.985109 0.874016
0.985106 0.873968
0.985104 0.87392
0.985102 0.873871
0.9851 0.873823
0.985098 0.873775
0.985096 0.873726
0.985094 0.873678
0.985092 0.873629
0.98509 0.873581
0.985087 0.873532
0.985085 0.873483
0.985083 0.873435
0.985081 0.873386
0.985079 0.873337
0.985077 0.873289
0.985075 0.87324
0.985073 0.873191
0.98507 0.873142
0.985068 0.873093
0.985066 0.873044
0.985064 0.872995
0.985062 0.872946
0.98506 0.872897
0.985058 0.872848
0.985055 0.872798
0.985053 0.872749
0.985051 0.8727
0.985049 0.872651
0.985047 0.872601
0.985045 0.872552
0.985043 0.872503
0.98504 0.872453
0.985038 0.872404
0.985036 0.872354
0.985034 0.872304
0.985032 0.872255
0.98503 0.872205
0.985028 0.872155
0.985025 0.872106
0.985023 0.872056
0.985021 0.872006
0.985019 0.871956
0.985017 0.871906
0.985015 0.871856
0.985012 0.871806
0.98501 0.871756
0.985008 0.871706
0.985006 0.871656
0.985004 0.871606
0.985001 0.871555
0.984999 0.871505
0.984997 0.871455
0.984995 0.871404
0.984993 0.871354
0.984991 0.871303
0.984988 0.871253
0.984986 0.871202
0.984984 0.871152
0.984982 0.871101
0.98498 0.87105
0.984977 0.871
0.984975 0.870949
0.984973 0.870898
0.984971 0.870847
0.984969 0.870796
0.984966 0.870745
0.984964 0.870694
0.984962 0.870643
0.98496 0.870592
0.984958 0.870541
0.984955 0.870489
0.984953 0.870438
0.984951 0.870387
0.984949 0.870336
0.984947 0.870284
0.984944 0.870233
0.984942 0.870181
0.98494 0.87013
0.984938 0.870078
0.984935 0.870026
0.984933 0.869975
0.984931 0.869923
0.984929 0.869871
0.984926 0.869819
0.984924 0.869767
0.984922 0.869715
0.98492 0.869663
0.984918 0.869611
0.984915 0.869559
0.984913 0.869507
0.984911 0.869455
0.984909 0.869402
0.984906 0.86935
0.984904 0.869298
0.984902 0.869245
0.9849 0.869193
0.984897 0.86914
0.984895 0.869088
0.984893 0.869035
0.98489 0.868982
0.984888 0.86893
0.984886 0.868877
0.984884 0.868824
0.984881 0.868771
0.984879 0.868718
0.984877 0.868665
0.984875 0.868612
0.984872 0.868559
0.98487 0.868506
0.984868 0.868453
0.984865 0.868399
0.984863 0.868346
0.984861 0.868293
0.984859 0.868239
0.984856 0.868186
0.984854 0.868132
0.984852 0.868079
0.984849 0.868025
0.984847 0.867971
0.984845 0.867917
0.984842 0.867864
0.98484 0.86781
0.984838 0.867756
0.984836 0.867702
0.984833 0.867648
0.984831 0.867593
0.984829 0.867539
0.984826 0.867485
0.984824 0.867431
0.984822 0.867376
0.984819 0.867322
0.984817 0.867267
0.984815 0.867213
0.984812 0.867158
0.98481 0.867104
0.984808 0.867049
0.984805 0.866994
0.984803 0.866939
0.984801 0.866884
0.984798 0.86683
0.984796 0.866775
0.984794 0.866719
0.984791 0.866664
0.984789 0.866609
0.984787 0.866554
0.984784 0.866499
0.984782 0.866443
0.984779 0.866388
0.984777 0.866332
0.984775 0.866277
0.984772 0.866221
0.98477 0.866165
0.984768 0.866109
0.984765 0.866054
0.984763 0.865998
0.98476 0.865942
0.984758 0.865886
0.984756 0.86583
0.984753 0.865774
0.984751 0.865717
0.984749 0.865661
0.984746 0.865605
0.984744 0.865548
0.984741 0.865492
0.984739 0.865435
0.984737 0.865379
0.984734 0.865322
0.984732 0.865265
0.984729 0.865208
0.984727 0.865152
0.984724 0.865095
0.984722 0.865038
0.98472 0.86498
0.984717 0.864923
0.984715 0.864866
0.984712 0.864809
0.98471 0.864751
0.984708 0.864694
0.984705 0.864637
0.984703 0.864579
0.9847 0.864521
0.984698 0.864464
0.984695 0.864406
0.984693 0.864348
0.98469 0.86429
0.984688 0.864232
0.984685 0.864174
0.984683 0.864116
0.984681 0.864058
0.984678 0.863999
0.984676 0.863941
0.984673 0.863883
0.984671 0.863824
0.984668 0.863766
0.984666 0.863707
0.984663 0.863648
0.984661 0.86359
0.984658 0.863531
0.984656 0.863472
0.984653 0.863413
0.984651 0.863354
0.984648 0.863295
0.984646 0.863235
0.984643 0.863176
0.984641 0.863117
0.984638 0.863057
0.984636 0.862998
0.984633 0.862938
0.984631 0.862878
0.984628 0.862819
0.984626 0.862759
0.984623 0.862699
0.984621 0.862639
0.984618 0.862579
0.984616 0.862519
0.984613 0.862458
0.984611 0.862398
0.984608 0.862338
0.984606 0.862277
0.984603 0.862217
0.9846 0.862156
0.984598 0.862095
0.984595 0.862034
0.984593 0.861974
0.98459 0.861913
0.984588 0.861852
0.984585 0.86179
0.984583 0.861729
0.98458 0.861668
0.984577 0.861607
0.984575 0.861545
0.984572 0.861484
0.98457 0.861422
0.984567 0.86136
0.984564 0.861298
0.984562 0.861237
0.984559 0.861175
0.984557 0.861113
0.984554 0.86105
0.984551 0.860988
0.984549 0.860926
0.984546 0.860864
0.984544 0.860801
0.984541 0.860739
0.984538 0.860676
0.984536 0.860613
0.984533 0.86055
0.984531 0.860487
0.984528 0.860424
0.984525 0.860361
0.984523 0.860298
0.98452 0.860235
0.984517 0.860172
0.984515 0.860108
0.984512 0.860045
0.984509 0.859981
0.984507 0.859917
0.984504 0.859853
0.984501 0.859789
0.984499 0.859726
0.984496 0.859661
0.984493 0.859597
0.984491 0.859533
0.984488 0.859469
0.984485 0.859404
0.984483 0.85934
0.98448 0.859275
0.984477 0.85921
0.984475 0.859145
0.984472 0.85908
0.984469 0.859015
0.984466 0.85895
0.984464 0.858885
0.984461 0.85882
0.984458 0.858754
0.984456 0.858689
0.984453 0.858623
0.98445 0.858558
0.984447 0.858492
0.984445 0.858426
0.984442 0.85836
0.984439 0.858294
0.984436 0.858228
0.984434 0.858161
0.984431 0.858095
0.984428 0.858028
0.984425 0.857962
0.984423 0.857895
0.98442 0.857828
0.984417 0.857761
0.984414 0.857694
0.984412 0.857627
0.984409 0.85756
0.984406 0.857493
0.984403 0.857425
0.9844 0.857358
0.984398 0.85729
0.984395 0.857222
0.984392 0.857155
0.984389 0.857087
0.984386 0.857019
0.984383 0.85695
0.984381 0.856882
0.984378 0.856814
0.984375 0.856745
0.984372 0.856677
0.984369 0.856608
0.984367 0.856539
0.984364 0.85647
0.984361 0.856401
0.984358 0.856332
0.984355 0.856263
0.984352 0.856193
0.984349 0.856124
0.984347 0.856054
0.984344 0.855985
0.984341 0.855915
0.984338 0.855845
0.984335 0.855775
0.984332 0.855705
0.984329 0.855634
0.984326 0.855564
0.984323 0.855494
0.984321 0.855423
0.984318 0.855352
0.984315 0.855281
0.984312 0.85521
0.984309 0.855139
0.984306 0.855068
0.984303 0.854997
0.9843 0.854925
0.984297 0.854854
0.984294 0.854782
0.984291 0.85471
0.984288 0.854638
0.984285 0.854566
0.984282 0.854494
0.984279 0.854422
0.984276 0.854349
0.984273 0.854277
0.98427 0.854204
0.984267 0.854131
0.984264 0.854059
0.984262 0.853986
0.984259 0.853912
0.984256 0.853839
0.984253 0.853766
0.984249 0.853692
0.984246 0.853619
0.984243 0.853545
0.98424 0.853471
0.984237 0.853397
0.984234 0.853323
0.984231 0.853248
0.984228 0.853174
0.984225 0.853099
0.984222 0.853025
0.984219 0.85295
0.984216 0.852875
0.984213 0.8528
0.98421 0.852725
0.984207 0.852649
0.984204 0.852574
0.984201 0.852498
0.984198 0.852422
0.984195 0.852347
0.984191 0.85227
0.984188 0.852194
0.984185 0.852118
0.984182 0.852042
0.984179 0.851965
0.984176 0.851888
0.984173 0.851811
0.98417 0.851734
0.984166 0.851657
0.984163 0.85158
0.98416 0.851503
0.984157 0.851425
0.984154 0.851347
0.984151 0.85127
0.984148 0.851192
0.984144 0.851113
0.984141 0.851035
0.984138 0.850957
0.984135 0.850878
0.984132 0.850799
0.984128 0.850721
0.984125 0.850642
0.984122 0.850562
0.984119 0.850483
0.984116 0.850404
0.984112 0.850324
0.984109 0.850244
0.984106 0.850164
0.984103 0.850084
0.984099 0.850004
0.984096 0.849924
0.984093 0.849843
0.98409 0.849763
0.984086 0.849682
0.984083 0.849601
0.98408 0.84952
0.984076 0.849438
0.984073 0.849357
0.98407 0.849275
0.984067 0.849194
0.984063 0.849112
0.98406 0.84903
0.984057 0.848947
0.984053 0.848865
0.98405 0.848782
0.984047 0.8487
0.984043 0.848617
0.98404 0.848534
0.984037 0.848451
0.984033 0.848367
0.98403 0.848284
0.984027 0.8482
0.984023 0.848116
0.98402 0.848032
0.984016 0.847948
0.984013 0.847863
0.98401 0.847779
0.984006 0.847694
0.984003 0.847609
0.983999 0.847524
0.983996 0.847439
0.983992 0.847354
0.983989 0.847268
0.983986 0.847182
0.983982 0.847096
0.983979 0.84701
0.983975 0.846924
0.983972 0.846838
0.983968 0.846751
0.983965 0.846664
0.983961 0.846577
0.983958 0.84649
0.983954 0.846403
0.983951 0.846315
0.983947 0.846227
0.983944 0.84614
0.98394 0.846051
0.983937 0.845963
0.983933 0.845875
0.98393 0.845786
0.983926 0.845697
0.983923 0.845608
0.983919 0.845519
0.983915 0.84543
0.983912 0.84534
0.983908 0.84525
0.983905 0.84516
0.983901 0.84507
0.983897 0.84498
0.983894 0.844889
0.98389 0.844799
0.983887 0.844708
0.983883 0.844617
0.983879 0.844525
0.983876 0.844434
0.983872 0.844342
0.983868 0.84425
0.983865 0.844158
0.983861 0.844066
0.983857 0.843973
0.983854 0.843881
0.98385 0.843788
0.983846 0.843694
0.983842 0.843601
0.983839 0.843508
0.983835 0.843414
0.983831 0.84332
0.983828 0.843226
0.983824 0.843131
0.98382 0.843037
0.983816 0.842942
0.983813 0.842847
0.983809 0.842752
0.983805 0.842656
0.983801 0.842561
0.983797 0.842465
0.983794 0.842369
0.98379 0.842273
0.983786 0.842176
0.983782 0.842079
0.983778 0.841982
0.983774 0.841885
0.983771 0.841788
0.983767 0.84169
0.983763 0.841592
0.983759 0.841494
0.983755 0.841396
0.983751 0.841297
0.983747 0.841199
0.983743 0.8411
0.983739 0.841
0.983736 0.840901
0.983732 0.840801
0.983728 0.840701
0.983724 0.840601
0.98372 0.840501
0.983716 0.8404
0.983712 0.840299
0.983708 0.840198
0.983704 0.840097
0.9837 0.839995
0.983696 0.839894
0.983692 0.839792
0.983688 0.839689
0.983684 0.839587
0.98368 0.839484
0.983676 0.839381
0.983672 0.839278
0.983667 0.839174
0.983663 0.83907
0.983659 0.838966
0.983655 0.838862
0.983651 0.838757
0.983647 0.838653
0.983643 0.838547
0.983639 0.838442
0.983635 0.838337
0.98363 0.838231
0.983626 0.838125
0.983622 0.838018
0.983618 0.837912
0.983614 0.837805
0.98361 0.837698
0.983605 0.83759
0.983601 0.837483
0.983597 0.837375
0.983593 0.837266
0.983588 0.837158
0.983584 0.837049
0.98358 0.83694
0.983576 0.836831
0.983571 0.836721
0.983567 0.836611
0.983563 0.836501
0.983558 0.836391
0.983554 0.83628
0.98355 0.836169
0.983545 0.836058
0.983541 0.835946
0.983537 0.835834
0.983532 0.835722
0.983528 0.83561
0.983524 0.835497
0.983519 0.835384
0.983515 0.835271
0.98351 0.835157
0.983506 0.835043
0.983502 0.834929
0.983497 0.834814
0.983493 0.8347
0.983488 0.834585
0.983484 0.834469
0.983479 0.834353
0.983475 0.834237
0.98347 0.834121
0.983466 0.834004
0.983461 0.833887
0.983457 0.83377
0.983452 0.833653
0.983447 0.833535
0.983443 0.833417
0.983438 0.833298
0.983434 0.833179
0.983429 0.83306
0.983424 0.832941
0.98342 0.832821
0.983415 0.832701
0.98341 0.83258
0.983406 0.832459
0.983401 0.832338
0.983396 0.832217
0.983392 0.832095
0.983387 0.831973
0.983382 0.83185
0.983378 0.831728
0.983373 0.831604
0.983368 0.831481
0.983363 0.831357
0.983358 0.831233
0.983354 0.831108
0.983349 0.830984
0.983344 0.830858
0.983339 0.830733
0.983334 0.830607
0.98333 0.830481
0.983325 0.830354
0.98332 0.830227
0.983315 0.8301
0.98331 0.829972
0.983305 0.829844
0.9833 0.829715
0.983295 0.829587
0.98329 0.829457
0.983285 0.829328
0.98328 0.829198
0.983275 0.829067
0.98327 0.828937
0.983265 0.828806
0.98326 0.828674
0.983255 0.828542
0.98325 0.82841
0.983245 0.828278
0.98324 0.828145
0.983235 0.828011
0.98323 0.827877
0.983225 0.827743
0.983219 0.827609
0.983214 0.827474
0.983209 0.827338
0.983204 0.827203
0.983199 0.827066
0.983194 0.82693
0.983188 0.826793
0.983183 0.826655
0.983178 0.826518
0.983173 0.826379
0.983167 0.826241
0.983162 0.826102
0.983157 0.825962
0.983151 0.825822
0.983146 0.825682
0.983141 0.825541
0.983135 0.8254
0.98313 0.825258
0.983124 0.825116
0.983119 0.824973
0.983114 0.82483
0.983108 0.824687
0.983103 0.824543
0.983097 0.824399
0.983092 0.824254
0.983086 0.824109
0.983081 0.823963
0.983075 0.823817
0.98307 0.823671
0.983064 0.823524
0.983059 0.823376
0.983053 0.823228
0.983047 0.82308
0.983042 0.822931
0.983036 0.822781
0.98303 0.822631
0.983025 0.822481
0.983019 0.82233
0.983013 0.822179
0.983008 0.822027
0.983002 0.821875
0.982996 0.821722
0.98299 0.821569
0.982984 0.821415
0.982979 0.821261
0.982973 0.821106
0.982967 0.820951
0.982961 0.820795
0.982955 0.820639
0.982949 0.820482
0.982943 0.820324
0.982937 0.820167
0.982932 0.820008
0.982926 0.819849
0.98292 0.81969
0.982914 0.81953
0.982908 0.819369
0.982901 0.819208
0.982895 0.819047
0.982889 0.818885
0.982883 0.818722
0.982877 0.818559
0.982871 0.818395
0.982865 0.818231
0.982859 0.818066
0.982852 0.8179
0.982846 0.817734
0.98284 0.817568
0.982834 0.8174
0.982828 0.817233
0.982821 0.817064
0.982815 0.816895
0.982809 0.816726
0.982802 0.816556
0.982796 0.816385
0.98279 0.816214
0.982783 0.816042
0.982777 0.815869
0.98277 0.815696
0.982764 0.815523
0.982757 0.815348
0.982751 0.815173
0.982744 0.814998
0.982738 0.814822
0.982731 0.814645
0.982725 0.814468
0.982718 0.814289
0.982711 0.814111
0.982705 0.813931
0.982698 0.813751
0.982691 0.813571
0.982685 0.813389
0.982678 0.813208
0.982671 0.813025
0.982664 0.812842
0.982657 0.812658
0.982651 0.812473
0.982644 0.812288
0.982637 0.812102
0.98263 0.811915
0.982623 0.811728
0.982616 0.81154
0.982609 0.811351
0.982602 0.811161
0.982595 0.810971
0.982588 0.81078
0.982581 0.810589
0.982574 0.810396
0.982567 0.810203
0.98256 0.81001
0.982553 0.809815
0.982545 0.80962
0.982538 0.809424
0.982531 0.809227
0.982524 0.80903
0.982516 0.808832
0.982509 0.808633
0.982502 0.808433
0.982494 0.808232
0.982487 0.808031
0.98248 0.807829
0.982472 0.807626
0.982465 0.807422
0.982457 0.807218
0.98245 0.807013
0.982442 0.806806
0.982435 0.8066
0.982427 0.806392
0.982419 0.806183
0.982412 0.805974
0.982404 0.805764
0.982396 0.805553
0.982389 0.805341
0.982381 0.805128
0.982373 0.804915
0.982365 0.8047
0.982357 0.804485
0.982349 0.804269
0.982342 0.804052
0.982334 0.803834
0.982326 0.803615
0.982318 0.803396
0.98231 0.803175
0.982302 0.802954
0.982294 0.802731
0.982285 0.802508
0.982277 0.802284
0.982269 0.802059
0.982261 0.801832
0.982253 0.801605
0.982244 0.801377
0.982236 0.801149
0.982228 0.800919
0.982219 0.800688
0.982211 0.800456
0.982203 0.800223
0.982194 0.799989
0.982186 0.799755
0.982177 0.799519
0.982169 0.799282
0.98216 0.799044
0.982151 0.798806
0.982143 0.798566
0.982134 0.798325
0.982125 0.798083
0.982117 0.79784
0.982108 0.797596
0.982099 0.797351
0.98209 0.797105
0.982081 0.796858
0.982072 0.79661
0.982063 0.79636
0.982054 0.79611
0.982045 0.795858
0.982036 0.795605
0.982027 0.795352
0.982018 0.795097
0.982009 0.794841
0.982 0.794583
0.98199 0.794325
0.981981 0.794066
0.981972 0.793805
0.981962 0.793543
0.981953 0.79328
0.981943 0.793016
0.981934 0.79275
0.981924 0.792484
0.981915 0.792216
0.981905 0.791947
0.981896 0.791676
0.981886 0.791405
0.981876 0.791132
0.981866 0.790858
0.981857 0.790582
0.981847 0.790306
0.981837 0.790028
0.981827 0.789749
0.981817 0.789468
0.981807 0.789186
0.981797 0.788903
0.981787 0.788618
0.981777 0.788333
0.981767 0.788045
0.981756 0.787757
0.981746 0.787467
0.981736 0.787175
0.981725 0.786883
0.981715 0.786588
0.981704 0.786293
0.981694 0.785996
0.981683 0.785697
0.981673 0.785397
0.981662 0.785096
0.981651 0.784793
0.981641 0.784489
0.98163 0.784183
0.981619 0.783876
0.981608 0.783567
0.981597 0.783256
0.981586 0.782944
0.981575 0.782631
0.981564 0.782316
0.981553 0.781999
0.981542 0.781681
0.981531 0.781361
0.981519 0.78104
0.981508 0.780717
0.981497 0.780392
0.981485 0.780065
0.981474 0.779737
0.981462 0.779408
0.98145 0.779076
0.981439 0.778743
0.981427 0.778408
0.981415 0.778072
0.981404 0.777733
0.981392 0.777393
0.98138 0.777052
0.981368 0.776708
0.981356 0.776362
0.981344 0.776015
0.981331 0.775666
0.981319 0.775315
0.981307 0.774962
0.981294 0.774608
0.981282 0.774251
0.98127 0.773893
0.981257 0.773532
0.981244 0.77317
0.981232 0.772806
0.981219 0.77244
0.981206 0.772071
0.981193 0.771701
0.981181 0.771329
0.981168 0.770955
0.981155 0.770578
0.981141 0.7702
0.981128 0.769819
0.981115 0.769437
0.981102 0.769052
0.981088 0.768665
0.981075 0.768276
0.981061 0.767885
0.981048 0.767492
0.981034 0.767096
0.981021 0.766698
0.981007 0.766298
0.980993 0.765896
0.980979 0.765492
0.980965 0.765085
0.980951 0.764675
0.980937 0.764264
0.980922 0.76385
0.980908 0.763434
0.980894 0.763015
0.980879 0.762594
0.980865 0.76217
0.98085 0.761744
0.980836 0.761315
0.980821 0.760884
0.980806 0.760451
0.980791 0.760015
0.980776 0.759576
0.980761 0.759134
0.980746 0.75869
0.98073 0.758244
0.980715 0.757794
0.9807 0.757342
0.980684 0.756888
0.980669 0.75643
0.980653 0.75597
0.980637 0.755507
0.980621 0.755041
0.980605 0.754573
0.980589 0.754101
0.980573 0.753627
0.980557 0.753149
0.980541 0.752669
0.980524 0.752186
0.980508 0.751699
0.980491 0.75121
0.980474 0.750717
0.980458 0.750222
0.980441 0.749723
0.980424 0.749222
0.980407 0.748717
0.980389 0.748209
0.980372 0.747697
0.980355 0.747183
0.980337 0.746665
0.98032 0.746144
0.980302 0.745619
0.980284 0.745091
0.980266 0.74456
0.980248 0.744025
0.98023 0.743487
0.980212 0.742945
0.980194 0.742399
0.980175 0.74185
0.980156 0.741298
0.980138 0.740742
0.980119 0.740182
0.9801 0.739618
0.980081 0.739051
0.980062 0.73848
0.980043 0.737904
0.980023 0.737326
0.980004 0.736743
0.979984 0.736156
0.979964 0.735565
0.979944 0.734971
0.979924 0.734372
0.979904 0.733769
0.979884 0.733162
0.979863 0.732551
0.979843 0.731935
0.979822 0.731315
0.979801 0.730691
0.97978 0.730063
0.979759 0.72943
0.979738 0.728793
0.979717 0.728151
0.979695 0.727505
0.979674 0.726854
0.979652 0.726199
0.97963 0.725539
0.979608 0.724874
0.979586 0.724204
0.979563 0.72353
0.979541 0.722851
0.979518 0.722166
0.979495 0.721477
0.979472 0.720783
0.979449 0.720084
0.979426 0.71938
0.979402 0.71867
0.979379 0.717955
0.979355 0.717235
0.979331 0.71651
0.979307 0.715779
0.979282 0.715043
0.979258 0.714302
0.979233 0.713554
0.979208 0.712801
0.979183 0.712043
0.979158 0.711279
0.979133 0.710509
0.979107 0.709733
0.979081 0.708951
0.979055 0.708163
0.979029 0.707369
0.979003 0.706569
0.978976 0.705763
0.97895 0.704951
0.978923 0.704132
0.978896 0.703307
0.978868 0.702476
0.978841 0.701638
0.978813 0.700793
0.978785 0.699942
0.978757 0.699084
0.978729 0.698219
0.9787 0.697347
0.978671 0.696469
0.978642 0.695583
0.978613 0.69469
0.978584 0.69379
0.978554 0.692883
0.978524 0.691968
0.978494 0.691046
0.978463 0.690117
0.978433 0.68918
0.978402 0.688235
0.978371 0.687283
0.978339 0.686322
0.978308 0.685354
0.978276 0.684378
0.978244 0.683394
0.978211 0.682401
0.978179 0.6814
0.978146 0.680391
0.978113 0.679373
0.978079 0.678347
0.978045 0.677312
0.978011 0.676269
0.977977 0.675216
0.977942 0.674155
0.977907 0.673084
0.977872 0.672005
0.977837 0.670916
0.977801 0.669817
0.977765 0.66871
0.977728 0.667592
0.977692 0.666465
0.977655 0.665328
0.977617 0.664182
0.97758 0.663025
0.977542 0.661858
0.977503 0.660681
0.977464 0.659494
0.977425 0.658296
0.977386 0.657087
0.977346 0.655868
0.977306 0.654638
0.977266 0.653397
0.977225 0.652145
0.977184 0.650882
0.977142 0.649608
0.9771 0.648322
0.977058 0.647024
0.977015 0.645715
0.976972 0.644394
0.976929 0.643061
0.976885 0.641715
0.97684 0.640358
0.976796 0.638988
0.976751 0.637606
0.976705 0.636211
0.976659 0.634803
0.976613 0.633383
0.976566 0.631949
0.976518 0.630502
0.97647 0.629041
0.976422 0.627568
0.976374 0.62608
0.976324 0.624579
0.976275 0.623063
0.976224 0.621534
0.976174 0.61999
0.976123 0.618432
0.976071 0.61686
0.976019 0.615272
0.975966 0.61367
0.975913 0.612053
0.975859 0.61042
0.975805 0.608772
0.97575 0.607109
0.975694 0.60543
0.975638 0.603735
0.975582 0.602024
0.975525 0.600297
0.975467 0.598553
0.975408 0.596793
0.975349 0.595016
0.97529 0.593223
0.97523 0.591412
0.975169 0.589585
0.975107 0.58774
0.975045 0.585877
0.974982 0.583997
0.974919 0.582099
0.974855 0.580183
0.97479 0.578249
0.974724 0.576296
0.974658 0.574325
0.974591 0.572336
0.974523 0.570327
0.974455 0.568299
0.974385 0.566253
0.974315 0.564187
0.974245 0.562101
0.974173 0.559996
0.974101 0.557871
0.974027 0.555726
0.973953 0.553561
0.973879 0.551376
0.973803 0.54917
0.973726 0.546944
0.973649 0.544697
0.973571 0.542429
0.973491 0.54014
0.973411 0.53783
0.97333 0.535499
0.973248 0.533146
0.973165 0.530772
0.973081 0.528376
0.972996 0.525959
0.97291 0.52352
0.972823 0.521058
0.972736 0.518575
0.972647 0.516069
0.972557 0.513542
0.972465 0.510991
0.972373 0.508419
0.97228 0.505824
0.972186 0.503206
0.97209 0.500566
0.971993 0.497903
0.971895 0.495218
0.971796 0.492509
0.971696 0.489778
0.971595 0.487025
0.971492 0.484248
0.971388 0.481449
0.971283 0.478627
0.971176 0.475782
0.971068 0.472915
0.970959 0.470025
0.970848 0.467112
0.970736 0.464177
0.970623 0.46122
0.970508 0.45824
0.970392 0.455239
0.970275 0.452215
0.970156 0.449169
0.970035 0.446101
0.969913 0.443012
0.969789 0.439902
0.969664 0.43677
0.969538 0.433618
0.969409 0.430444
0.969279 0.42725
0.969148 0.424037
0.969015 0.420803
0.96888 0.417549
0.968743 0.414276
0.968605 0.410985
0.968465 0.407675
0.968323 0.404346
0.968179 0.401
0.968034 0.397637
0.967887 0.394256
0.967738 0.390859
0.967587 0.387446
0.967434 0.384018
0.967279 0.380575
0.967122 0.377117
0.966963 0.373646
0.966802 0.370161
0.96664 0.366663
0.966475 0.363154
0.966308 0.359633
0.966139 0.356101
0.965968 0.35256
0.965795 0.349008
0.965619 0.345449
0.965442 0.341881
0.965262 0.338306
0.96508 0.334724
0.964896 0.331137
0.964709 0.327545
0.96452 0.323949
0.964329 0.32035
0.964136 0.316749
0.96394 0.313146
0.963742 0.309542
0.963541 0.305938
0.963338 0.302336
0.963133 0.298735
0.962925 0.295138
0.962715 0.291544
0.962502 0.287955
0.962286 0.284371
0.962068 0.280795
0.961848 0.277225
0.961625 0.273664
0.961399 0.270112
0.961171 0.266571
0.96094 0.263041
0.960707 0.259523
0.96047 0.256018
0.960232 0.252526
0.95999 0.24905
0.959746 0.24559
0.959499 0.242146
0.959249 0.238719
0.958997 0.235311
0.958742 0.231922
0.958484 0.228553
0.958223 0.225205
0.95796 0.221879
0.957694 0.218575
0.957425 0.215294
0.957153 0.212037
0.956878 0.208805
0.956601 0.205598
0.956321 0.202418
0.956038 0.199264
0.955752 0.196137
0.955463 0.193039
0.955171 0.189969
0.954877 0.186928
0.954579 0.183916
0.954279 0.180935
0.953976 0.177985
0.95367 0.175065
0.953361 0.172178
0.95305 0.169322
0.952735 0.166498
0.952418 0.163707
0.952098 0.160949
0.951775 0.158224
0.951449 0.155533
0.95112 0.152875
0.950788 0.150252
0.950454 0.147662
0.950117 0.145107
0.949776 0.142586
0.949433 0.1401
0.949088 0.137648
0.948739 0.135231
0.948388 0.132848
0.948034 0.1305
0.947677 0.128187
0.947317 0.125908
0.946955 0.123664
0.946589 0.121454
0.946221 0.119279
0.945851 0.117138
0.945477 0.11503
0.945101 0.112957
0.944722 0.110917
0.944341 0.108911
0.943957 0.106938
0.94357 0.104998
0.94318 0.103091
0.942788 0.101217
0.942393 0.0993745
0.941996 0.0975642
0.941596 0.0957856
0.941193 0.0940383
0.940788 0.0923222
0.94038 0.0906367
0.93997 0.0889816
0.939557 0.0873566
0.939142 0.0857613
0.938724 0.0841953
0.938304 0.0826583
0.937882 0.0811498
0.937456 0.0796696
0.937029 0.0782173
0.936599 0.0767924
0.936166 0.0753946
0.935732 0.0740234
0.935295 0.0726786
0.934855 0.0713596
0.934413 0.0700662
0.933969 0.0687978
0.933523 0.0675542
0.933074 0.0663349
0.932623 0.0651396
0.93217 0.0639677
0.931714 0.062819
0.931256 0.0616931
0.930796 0.0605895
0.930334 0.0595078
0.92987 0.0584478
0.929404 0.0574089
0.928935 0.0563909
0.928464 0.0553933
0.927991 0.0544158
0.927516 0.053458
0.927039 0.0525195
0.92656 0.0516
0.926079 0.0506991
0.925596 0.0498164
0.925111 0.0489517
0.924624 0.0481045
0.924135 0.0472745
0.923644 0.0464614
0.92315 0.0456649
0.922655 0.0448845
0.922159 0.0441201
0.92166 0.0433712
0.921159 0.0426376
0.920656 0.041919
0.920152 0.041215
0.919645 0.0405254
0.919137 0.0398498
0.918627 0.039188
0.918115 0.0385396
0.917602 0.0379045
0.917086 0.0372823
0.916569 0.0366727
0.91605 0.0360756
0.91553 0.0354905
0.915007 0.0349174
0.914483 0.0343559
0.913958 0.0338057
0.91343 0.0332667
0.912901 0.0327386
0.91237 0.0322212
0.911838 0.0317142
0.911303 0.0312175
0.910768 0.0307307
0.91023 0.0302537
0.909691 0.0297863
0.909151 0.0293283
0.908609 0.0288795
0.908065 0.0284396
0.90752 0.0280085
0.906973 0.027586
0.906425 0.0271719
0.905875 0.0267661
0.905323 0.0263682
0.904771 0.0259783
0.904216 0.0255961
0.90366 0.0252214
0.903103 0.0248541
0.902544 0.024494
0.901984 0.0241409
0.901423 0.0237948
0.900859 0.0234554
0.900295 0.0231227
0.899729 0.0227964
0.899162 0.0224764
0.898593 0.0221627
0.898023 0.021855
0.897452 0.0215532
0.896879 0.0212573
0.896305 0.020967
0.895729 0.0206823
0.895152 0.020403
0.894574 0.0201291
0.893994 0.0198603
0.893414 0.0195967
0.892832 0.019338
0.892248 0.0190843
0.891663 0.0188353
0.891077 0.018591
0.89049 0.0183513
0.889902 0.018116
0.889312 0.0178852
0.888721 0.0176586
0.888128 0.0174363
0.887535 0.017218
0.88694 0.0170038
0.886344 0.0167936
0.885747 0.0165872
0.885148 0.0163846
0.884549 0.0161857
0.883948 0.0159904
0.883346 0.0157986
0.882743 0.0156104
0.882138 0.0154255
0.881532 0.015244
0.880926 0.0150657
0.880318 0.0148907
0.879709 0.0147188
0.879098 0.0145499
0.878487 0.0143841
0.877874 0.0142211
0.877261 0.0140611
0.876646 0.0139039
0.87603 0.0137495
0.875413 0.0135978
0.874795 0.0134487
0.874175 0.0133023
0.873555 0.0131584
0.872933 0.013017
0.872311 0.012878
0.871687 0.0127415
0.871062 0.0126073
0.870436 0.0124754
0.869809 0.0123458
0.869181 0.0122184
0.868552 0.0120932
0.867922 0.0119701
0.86729 0.0118491
0.866658 0.0117301
0.866024 0.0116131
0.86539 0.0114982
0.864754 0.0113851
0.864117 0.011274
0.86348 0.0111646
0.862841 0.0110572
0.862201 0.0109515
0.86156 0.0108475
0.860918 0.0107453
0.860275 0.0106448
0.859631 0.0105459
0.858986 0.0104486
0.85834 0.010353
0.857693 0.0102589
0.857045 0.0101663
0.856395 0.0100752
0.855745 0.00998563
0.855094 0.00989749
0.854442 0.00981077
0.853788 0.00972545
0.853134 0.0096415
0.852479 0.00955889
0.851822 0.0094776
0.851165 0.00939761
0.850506 0.0093189
0.849847 0.00924143
0.849187 0.00916519
0.848525 0.00909015
0.847863 0.0090163
0.847199 0.00894361
0.846535 0.00887206
0.845869 0.00880163
0.845203 0.0087323
0.844535 0.00866405
0.843866 0.00859687
0.843197 0.00853073
0.842526 0.00846562
0.841855 0.00840151
0.841182 0.00833839
0.840509 0.00827625
0.839834 0.00821506
0.839158 0.00815482
0.838482 0.00809549
0.837804 0.00803708
0.837125 0.00797955
0.836446 0.0079229
0.835765 0.00786712
0.835083 0.00781218
0.834401 0.00775808
0.833717 0.00770479
0.833032 0.00765232
0.832346 0.00760063
0.83166 0.00754972
0.830972 0.00749958
0.830283 0.00745019
0.829593 0.00740155
0.828902 0.00735363
0.82821 0.00730643
0.827518 0.00725994
0.826824 0.00721414
0.826129 0.00716902
0.825433 0.00712457
0.824736 0.00708079
0.824038 0.00703766
0.823339 0.00699517
0.822639 0.0069533
0.821938 0.00691206
0.821236 0.00687143
0.820532 0.0068314
0.819828 0.00679196
0.819123 0.0067531
0.818417 0.00671482
0.817709 0.0066771
0.817001 0.00663994
0.816291 0.00660333
0.815581 0.00656725
0.814869 0.00653171
0.814157 0.00649668
0.813443 0.00646218
0.812728 0.00642818
0.812013 0.00639468
0.811296 0.00636167
0.810578 0.00632915
0.809859 0.00629711
0.809139 0.00626553
0.808418 0.00623442
0.807696 0.00620377
0.806972 0.00617357
0.806248 0.00614381
0.805523 0.0061145
0.804796 0.00608561
0.804069 0.00605715
0.80334 0.0060291
0.80261 0.00600147
0.801879 0.00597425
0.801147 0.00594743
0.800414 0.00592101
0.79968 0.00589498
0.798944 0.00586933
0.798208 0.00584407
0.79747 0.00581917
0.796732 0.00579465
0.795992 0.0057705
0.795251 0.0057467
0.794509 0.00572326
0.793766 0.00570017
0.793021 0.00567742
0.792276 0.00565502
0.791529 0.00563295
0.790781 0.00561122
0.790032 0.00558981
0.789282 0.00556873
0.788531 0.00554797
0.787778 0.00552752
0.787025 0.00550738
0.78627 0.00548755
0.785514 0.00546803
0.784757 0.00544881
0.783998 0.00542988
0.783239 0.00541124
0.782478 0.0053929
0.781716 0.00537483
0.780953 0.00535706
0.780189 0.00533955
0.779423 0.00532233
0.778656 0.00530538
0.777888 0.00528869
0.777119 0.00527227
0.776349 0.00525611
0.775577 0.00524022
0.774804 0.00522457
0.77403 0.00520919
0.773254 0.00519405
0.772478 0.00517916
0.7717 0.00516451
0.77092 0.00515011
0.77014 0.00513594
0.769358 0.00512202
0.768575 0.00510832
0.767791 0.00509486
0.767005 0.00508163
0.766218 0.00506862
0.76543 0.00505584
0.764641 0.00504328
0.76385 0.00503094
0.763058 0.00501882
0.762264 0.00500691
0.76147 0.00499521
0.760673 0.00498372
0.759876 0.00497245
0.759077 0.00496137
0.758277 0.00495051
0.757476 0.00493984
0.756673 0.00492938
0.755869 0.00491911
0.755063 0.00490904
0.754256 0.00489916
0.753448 0.00488948
0.752638 0.00487998
0.751827 0.00487068
0.751015 0.00486156
0.750201 0.00485263
0.749386 0.00484388
0.748569 0.00483531
0.747751 0.00482693
0.746931 0.00481872
0.746111 0.00481069
0.745288 0.00480284
0.744464 0.00479516
0.743639 0.00478765
0.742812 0.00478031
0.741984 0.00477315
0.741155 0.00476615
0.740324 0.00475932
0.739491 0.00475265
0.738657 0.00474615
0.737822 0.00473981
0.736985 0.00473364
0.736146 0.00472762
0.735306 0.00472176
0.734464 0.00471607
0.733621 0.00471052
0.732777 0.00470514
0.731931 0.00469991
0.731083 0.00469483
0.730234 0.0046899
0.729383 0.00468513
0.728531 0.00468051
0.727677 0.00467603
0.726822 0.0046717
0.725965 0.00466752
0.725107 0.00466349
0.724246 0.0046596
0.723385 0.00465586
0.722521 0.00465226
0.721657 0.0046488
0.72079 0.00464549
0.719922 0.00464231
0.719052 0.00463927
0.718181 0.00463638
0.717308 0.00463362
0.716433 0.004631
0.715557 0.00462852
0.714679 0.00462617
0.713799 0.00462396
0.712918 0.00462188
0.712035 0.00461993
0.711151 0.00461812
0.710264 0.00461645
0.709376 0.0046149
0.708487 0.00461348
0.707595 0.0046122
0.706702 0.00461105
0.705808 0.00461002
0.704911 0.00460912
0.704013 0.00460836
0.703113 0.00460772
0.702211 0.0046072
0.701308 0.00460682
0.700402 0.00460656
0.699495 0.00460642
0.698587 0.00460641
0.697676 0.00460653
0.696764 0.00460677
0.69585 0.00460713
0.694934 0.00460762
0.694016 0.00460823
0.693097 0.00460896
0.692175 0.00460982
0.691252 0.00461079
0.690327 0.00461189
0.6894 0.00461311
0.688472 0.00461445
0.687541 0.00461591
0.686609 0.00461749
0.685675 0.00461919
0.684739 0.00462101
0.683801 0.00462295
0.682861 0.00462501
0.681919 0.00462719
0.680976 0.00462949
0.68003 0.0046319
0.679083 0.00463444
0.678134 0.00463709
0.677182 0.00463985
0.676229 0.00464274
0.675274 0.00464574
0.674317 0.00464887
0.673358 0.0046521
0.672397 0.00465546
0.671435 0.00465893
0.67047 0.00466252
0.669503 0.00466623
0.668534 0.00467005
0.667564 0.00467399
0.666591 0.00467804
0.665616 0.00468221
0.66464 0.0046865
0.663661 0.0046909
0.66268 0.00469542
0.661698 0.00470006
0.660713 0.00470481
0.659726 0.00470968
0.658738 0.00471466
0.657747 0.00471976
0.656754 0.00472498
0.655759 0.00473031
0.654762 0.00473576
0.653763 0.00474133
0.652762 0.00474701
0.651759 0.00475281
0.650754 0.00475872
0.649747 0.00476475
0.648737 0.0047709
0.647726 0.00477717
0.646712 0.00478355
0.645697 0.00479005
0.644679 0.00479667
0.643659 0.0048034
0.642637 0.00481025
0.641613 0.00481722
0.640587 0.00482431
0.639558 0.00483152
0.638528 0.00483884
0.637495 0.00484628
0.63646 0.00485384
0.635423 0.00486153
0.634384 0.00486933
0.633343 0.00487724
0.6323 0.00488528
0.631254 0.00489344
0.630206 0.00490172
0.629156 0.00491012
0.628104 0.00491864
0.62705 0.00492728
0.625993 0.00493605
0.624935 0.00494493
0.623874 0.00495394
0.622811 0.00496307
0.621746 0.00497232
0.620678 0.0049817
0.619608 0.0049912
0.618536 0.00500082
0.617462 0.00501057
0.616386 0.00502044
0.615307 0.00503044
0.614226 0.00504056
0.613143 0.00505081
0.612058 0.00506118
0.610971 0.00507168
0.609881 0.00508231
0.608789 0.00509307
0.607695 0.00510395
0.606598 0.00511497
0.605499 0.00512611
0.604398 0.00513738
0.603295 0.00514878
0.60219 0.00516032
0.601082 0.00517198
0.599972 0.00518378
0.59886 0.00519571
0.597745 0.00520777
0.596628 0.00521996
0.595509 0.00523229
0.594388 0.00524475
0.593264 0.00525735
0.592138 0.00527008
0.59101 0.00528295
0.58988 0.00529596
0.588747 0.0053091
0.587612 0.00532238
0.586475 0.0053358
0.585336 0.00534936
0.584194 0.00536307
0.58305 0.00537691
0.581904 0.00539089
0.580755 0.00540501
0.579604 0.00541928
0.578451 0.00543369
0.577296 0.00544825
0.576138 0.00546295
0.574978 0.0054778
0.573816 0.00549279
0.572652 0.00550793
0.571485 0.00552322
0.570316 0.00553866
0.569145 0.00555424
0.567972 0.00556998
0.566796 0.00558587
0.565618 0.00560191
0.564438 0.00561811
0.563256 0.00563445
0.562071 0.00565096
0.560884 0.00566761
0.559695 0.00568443
0.558504 0.0057014
0.55731 0.00571853
0.556114 0.00573582
0.554917 0.00575327
0.553716 0.00577088
0.552514 0.00578865
0.551309 0.00580659
0.550103 0.00582468
0.548894 0.00584295
0.547683 0.00586138
0.546469 0.00587997
0.545254 0.00589873
0.544036 0.00591767
0.542816 0.00593677
0.541595 0.00595604
0.54037 0.00597548
0.539144 0.0059951
0.537916 0.00601489
0.536685 0.00603486
0.535453 0.006055
0.534218 0.00607532
0.532981 0.00609582
0.531742 0.0061165
0.530502 0.00613735
0.529259 0.00615839
0.528013 0.00617962
0.526766 0.00620102
0.525517 0.00622262
0.524266 0.00624439
0.523013 0.00626636
0.521757 0.00628852
0.5205 0.00631086
0.519241 0.0063334
0.51798 0.00635613
0.516717 0.00637905
0.515452 0.00640217
0.514184 0.00642548
0.512915 0.00644899
0.511645 0.0064727
0.510372 0.00649662
0.509097 0.00652073
0.50782 0.00654505
0.506542 0.00656957
0.505262 0.00659429
0.50398 0.00661923
0.502696 0.00664437
0.50141 0.00666972
0.500122 0.00669528
0.498833 0.00672106
0.497542 0.00674705
0.496249 0.00677326
0.494954 0.00679968
0.493658 0.00682632
0.49236 0.00685318
0.49106 0.00688027
0.489759 0.00690757
0.488456 0.0069351
0.487151 0.00696286
0.485845 0.00699085
0.484537 0.00701906
0.483228 0.00704751
0.481917 0.00707618
0.480605 0.0071051
0.479291 0.00713424
0.477975 0.00716363
0.476658 0.00719325
0.47534 0.00722312
0.47402 0.00725322
0.472699 0.00728358
0.471376 0.00731417
0.470052 0.00734502
0.468727 0.00737611
0.4674 0.00740745
0.466072 0.00743905
0.464743 0.0074709
0.463412 0.00750301
0.462081 0.00753537
0.460748 0.007568
0.459413 0.00760089
0.458078 0.00763404
0.456742 0.00766745
0.455404 0.00770113
0.454065 0.00773508
0.452726 0.00776931
0.451385 0.0078038
0.450043 0.00783857
0.4487 0.00787361
0.447357 0.00790894
0.446012 0.00794454
0.444667 0.00798043
0.44332 0.0080166
0.441973 0.00805306
0.440625 0.0080898
0.439276 0.00812684
0.437926 0.00816416
0.436576 0.00820179
0.435225 0.00823971
0.433873 0.00827792
0.432521 0.00831644
0.431168 0.00835526
0.429814 0.00839438
0.42846 0.00843381
0.427105 0.00847355
0.42575 0.0085136
0.424394 0.00855397
0.423038 0.00859465
0.421682 0.00863565
0.420325 0.00867696
0.418968 0.0087186
0.41761 0.00876056
0.416253 0.00880285
0.414894 0.00884547
0.413536 0.00888842
0.412178 0.0089317
0.410819 0.00897531
0.409461 0.00901927
0.408102 0.00906356
0.406743 0.00910819
0.405384 0.00915317
0.404026 0.0091985
0.402667 0.00924418
0.401308 0.0092902
0.39995 0.00933659
0.398592 0.00938332
0.397234 0.00943042
0.395876 0.00947788
0.394518 0.0095257
0.393161 0.00957388
0.391804 0.00962244
0.390448 0.00967136
0.389091 0.00972066
0.387736 0.00977033
0.386381 0.00982039
0.385026 0.00987082
0.383672 0.00992163
0.382318 0.00997283
0.380966 0.0100244
0.379614 0.0100764
0.378262 0.0101288
0.376911 0.0101815
0.375562 0.0102347
0.374213 0.0102883
0.372864 0.0103423
0.371517 0.0103966
0.370171 0.0104514
0.368825 0.0105066
0.367481 0.0105622
0.366138 0.0106183
0.364795 0.0106747
0.363454 0.0107316
0.362114 0.0107889
0.360776 0.0108466
0.359438 0.0109047
0.358102 0.0109633
0.356767 0.0110223
0.355434 0.0110818
0.354102 0.0111417
0.352771 0.011202
0.351442 0.0112628
0.350114 0.011324
0.348788 0.0113857
0.347464 0.0114479
0.346141 0.0115104
0.34482 0.0115735
0.3435 0.011637
0.342182 0.011701
0.340866 0.0117655
0.339552 0.0118304
0.33824 0.0118958
0.336929 0.0119616
0.335621 0.012028
0.334315 0.0120948
0.33301 0.0121621
0.331708 0.0122299
0.330407 0.0122982
0.329109 0.012367
0.327813 0.0124363
0.326519 0.0125061
0.325227 0.0125764
0.323938 0.0126472
0.322651 0.0127185
0.321366 0.0127903
0.320084 0.0128626
0.318804 0.0129354
0.317526 0.0130088
0.316251 0.0130826
0.314979 0.013157
0.313709 0.013232
0.312441 0.0133074
0.311176 0.0133834
0.309914 0.0134599
0.308655 0.013537
0.307398 0.0136146
0.306144 0.0136928
0.304893 0.0137715
0.303645 0.0138507
0.302399 0.0139305
0.301157 0.0140109
0.299917 0.0140918
0.298681 0.0141733
0.297447 0.0142553
0.296216 0.0143379
0.294989 0.0144211
0.293764 0.0145048
0.292543 0.0145892
0.291325 0.0146741
0.29011 0.0147596
0.288898 0.0148457
0.287689 0.0149323
0.286484 0.0150196
0.285282 0.0151074
0.284083 0.0151959
0.282888 0.0152849
0.281696 0.0153746
0.280507 0.0154648
0.279322 0.0155557
0.27814 0.0156472
0.276962 0.0157392
0.275788 0.0158319
0.274616 0.0159253
0.273449 0.0160192
0.272285 0.0161138
0.271125 0.016209
0.269968 0.0163048
0.268815 0.0164013
0.267666 0.0164984
0.26652 0.0165961
0.265378 0.0166945
0.26424 0.0167935
0.263106 0.0168932
0.261975 0.0169935
0.260849 0.0170945
0.259726 0.0171961
0.258607 0.0172984
0.257492 0.0174013
0.256381 0.0175049
0.255273 0.0176092
0.25417 0.0177142
0.253071 0.0178198
0.251976 0.0179261
0.250884 0.0180331
0.249797 0.0181407
0.248714 0.0182491
0.247635 0.0183581
0.24656 0.0184678
0.245489 0.0185782
0.244422 0.0186893
0.243359 0.0188011
0.2423 0.0189136
0.241246 0.0190268
0.240196 0.0191407
0.23915 0.0192553
0.238108 0.0193706
0.23707 0.0194867
0.236037 0.0196034
0.235007 0.0197209
0.233982 0.0198391
0.232961 0.019958
0.231945 0.0200776
0.230933 0.020198
0.229925 0.0203191
0.228921 0.0204409
0.227922 0.0205635
0.226927 0.0206868
0.225936 0.0208108
0.22495 0.0209356
0.223968 0.0210612
0.22299 0.0211874
0.222017 0.0213145
0.221048 0.0214423
0.220083 0.0215708
0.219123 0.0217001
0.218167 0.0218302
0.217216 0.021961
0.216268 0.0220926
0.215326 0.0222249
0.214387 0.0223581
0.213454 0.022492
0.212524 0.0226266
0.211599 0.0227621
0.210678 0.0228983
0.209762 0.0230354
0.20885 0.0231732
0.207943 0.0233117
0.20704 0.0234511
0.206141 0.0235913
0.205247 0.0237322
0.204357 0.023874
0.203471 0.0240166
0.20259 0.0241599
0.201714 0.0243041
0.200842 0.024449
0.199974 0.0245948
0.199111 0.0247414
0.198252 0.0248888
0.197397 0.025037
0.196547 0.025186
0.195701 0.0253358
0.19486 0.0254865
0.194023 0.025638
0.19319 0.0257903
0.192362 0.0259434
0.191538 0.0260973
0.190719 0.0262521
0.189904 0.0264078
0.189093 0.0265642
0.188286 0.0267215
0.187484 0.0268796
0.186687 0.0270386
0.185893 0.0271984
0.185104 0.0273591
0.18432 0.0275206
0.183539 0.0276829
0.182763 0.0278462
0.181991 0.0280102
0.181224 0.0281751
0.18046 0.0283409
0.179701 0.0285075
0.178947 0.028675
0.178196 0.0288434
0.17745 0.0290126
0.176708 0.0291827
0.17597 0.0293536
0.175237 0.0295255
0.174507 0.0296982
0.173782 0.0298717
0.173061 0.0300462
0.172345 0.0302215
0.171632 0.0303977
0.170923 0.0305748
0.170219 0.0307528
0.169519 0.0309316
0.168823 0.0311114
0.168131 0.031292
0.167443 0.0314735
0.166759 0.0316559
0.166079 0.0318393
0.165404 0.0320235
0.164732 0.0322086
0.164064 0.0323946
0.163401 0.0325815
0.162741 0.0327693
0.162086 0.032958
0.161434 0.0331476
0.160786 0.0333382
0.160143 0.0335296
0.159503 0.033722
0.158867 0.0339153
0.158235 0.0341094
0.157607 0.0343045
0.156983 0.0345006
0.156363 0.0346975
0.155746 0.0348954
0.155134 0.0350942
0.154525 0.0352939
0.15392 0.0354946
0.153319 0.0356961
0.152722 0.0358987
0.152128 0.0361021
0.151538 0.0363065
0.150952 0.0365118
0.15037 0.0367181
0.149791 0.0369253
0.149216 0.0371334
0.148645 0.0373425
0.148077 0.0375525
0.147513 0.0377635
0.146953 0.0379755
0.146396 0.0381883
0.145843 0.0384022
0.145293 0.038617
0.144747 0.0388327
0.144204 0.0390494
0.143666 0.0392671
0.14313 0.0394857
0.142598 0.0397053
0.14207 0.0399259
0.141545 0.0401474
0.141023 0.0403699
0.140505 0.0405934
0.13999 0.0408178
0.139479 0.0410432
0.138971 0.0412696
0.138467 0.041497
0.137966 0.0417254
0.137468 0.0419547
0.136974 0.042185
0.136482 0.0424163
0.135995 0.0426486
0.13551 0.0428819
0.135029 0.0431162
0.134551 0.0433515
0.134076 0.0435877
0.133604 0.043825
0.133136 0.0440633
0.132671 0.0443025
0.132209 0.0445428
0.13175 0.0447841
0.131294 0.0450264
0.130841 0.0452697
0.130392 0.045514
0.129945 0.0457593
0.129502 0.0460056
0.129061 0.046253
0.128624 0.0465014
0.12819 0.0467508
0.127759 0.0470012
0.12733 0.0472527
0.126905 0.0475051
0.126483 0.0477587
0.126063 0.0480132
0.125647 0.0482688
0.125233 0.0485254
0.124823 0.0487831
0.124415 0.0490418
0.12401 0.0493015
0.123608 0.0495623
0.123209 0.0498242
0.122812 0.050087
0.122419 0.050351
0.122028 0.050616
0.12164 0.0508821
0.121254 0.0511492
0.120872 0.0514174
0.120492 0.0516867
0.120115 0.051957
0.119741 0.0522284
0.119369 0.0525009
0.119 0.0527744
0.118633 0.0530491
0.11827 0.0533248
0.117909 0.0536016
0.11755 0.0538795
0.117194 0.0541584
0.116841 0.0544385
0.11649 0.0547197
0.116142 0.0550019
0.115796 0.0552853
0.115453 0.0555698
0.115112 0.0558554
0.114774 0.0561421
0.114438 0.0564299
0.114105 0.0567188
0.113775 0.0570088
0.113446 0.0573
0.11312 0.0575923
0.112797 0.0578857
0.112476 0.0581803
0.112157 0.058476
0.111841 0.0587728
0.111527 0.0590708
0.111215 0.0593699
0.110906 0.0596702
0.110599 0.0599716
0.110294 0.0602742
0.109992 0.0605779
0.109692 0.0608828
0.109394 0.0611889
0.109098 0.0614961
0.108805 0.0618045
0.108514 0.0621141
0.108225 0.0624249
0.107938 0.0627369
0.107653 0.06305
0.107371 0.0633644
0.107091 0.0636799
0.106813 0.0639966
0.106537 0.0643146
0.106263 0.0646337
0.105991 0.0649541
0.105722 0.0652757
0.105454 0.0655985
0.105189 0.0659226
0.104925 0.0662478
0.104664 0.0665743
0.104405 0.0669021
0.104148 0.0672311
0.103892 0.0675613
0.103639 0.0678928
0.103388 0.0682255
0.103139 0.0685595
0.102892 0.0688948
0.102646 0.0692314
0.102403 0.0695692
0.102161 0.0699083
0.101922 0.0702487
0.101684 0.0705904
0.101449 0.0709334
0.101215 0.0712777
0.100983 0.0716233
0.100753 0.0719702
0.100525 0.0723184
0.100299 0.0726679
0.100074 0.0730188
0.0998516 0.073371
0.0996308 0.0737246
0.0994119 0.0740795
0.0991947 0.0744358
0.0989793 0.0747934
0.0987657 0.0751523
0.0985539 0.0755127
0.0983438 0.0758744
0.0981355 0.0762375
0.0979289 0.076602
0.0977241 0.0769679
0.097521 0.0773352
0.0973196 0.0777039
0.0971199 0.078074
0.0969219 0.0784455
0.0967256 0.0788185
0.096531 0.0791929
0.096338 0.0795687
0.0961467 0.079946
0.0959571 0.0803247
0.095769 0.0807049
0.0955827 0.0810866
0.0953979 0.0814697
0.0952148 0.0818543
0.0950333 0.0822404
0.0948533 0.082628
0.094675 0.0830172
0.0944982 0.0834078
0.0943231 0.0837999
0.0941494 0.0841936
0.0939774 0.0845888
0.0938069 0.0849856
0.0936379 0.0853839
0.0934705 0.0857838
0.0933046 0.0861852
0.0931402 0.0865882
0.0929773 0.0869928
0.0928159 0.087399
0.092656 0.0878068
0.0924976 0.0882163
0.0923407 0.0886273
0.0921853 0.08904
0.0920313 0.0894543
0.0918788 0.0898702
0.0917277 0.0902878
0.0915781 0.0907071
0.09143 0.0911281
0.0912832 0.0915507
0.0911379 0.0919751
0.090994 0.0924011
0.0908515 0.0928289
0.0907104 0.0932584
0.0905707 0.0936896
0.0904324 0.0941226
0.0902955 0.0945573
0.0901599 0.0949938
0.0900257 0.0954321
0.0898929 0.0958722
0.0897615 0.096314
0.0896314 0.0967577
0.0895026 0.0972032
0.0893752 0.0976506
0.0892492 0.0980998
0.0891244 0.0985508
0.089001 0.0990037
0.0888789 0.0994585
0.0887581 0.0999152
0.0886386 0.100374
0.0885205 0.100834
0.0884036 0.101297
0.088288 0.101761
0.0881737 0.102228
0.0880606 0.102696
0.0879489 0.103166
0.0878384 0.103638
0.0877292 0.104113
0.0876212 0.104589
0.0875145 0.105067
0.0874091 0.105548
0.0873049 0.10603
0.0872019 0.106515
0.0871002 0.107002
0.0869997 0.10749
0.0869004 0.107981
0.0868023 0.108474
0.0867055 0.10897
0.0866099 0.109467
0.0865155 0.109966
0.0864223 0.110468
0.0863303 0.110972
0.0862394 0.111478
0.0861498 0.111987
0.0860614 0.112497
0.0859742 0.11301
0.0858881 0.113526
0.0858032 0.114043
0.0857195 0.114563
0.085637 0.115085
0.0855556 0.11561
0.0854754 0.116137
0.0853964 0.116667
0.0853185 0.117198
0.0852418 0.117733
0.0851662 0.118269
0.0850917 0.118809
0.0850184 0.11935
0.0849463 0.119895
0.0848753 0.120441
0.0848054 0.120991
0.0847367 0.121543
0.084669 0.122097
0.0846026 0.122654
0.0845372 0.123214
0.084473 0.123777
0.0844098 0.124342
0.0843478 0.124909
0.0842869 0.12548
0.0842272 0.126053
0.0841685 0.126629
0.084111 0.127208
0.0840545 0.12779
0.0839992 0.128374
0.0839449 0.128962
0.0838918 0.129552
0.0838397 0.130145
0.0837888 0.130741
0.0837389 0.13134
0.0836902 0.131942
0.0836425 0.132547
0.0835959 0.133156
0.0835504 0.133767
0.083506 0.134381
0.0834627 0.134998
0.0834205 0.135619
0.0833794 0.136242
0.0833393 0.136869
0.0833003 0.137499
0.0832625 0.138133
0.0832256 0.138769
0.0831899 0.139409
0.0831553 0.140053
0.0831217 0.140699
0.0830892 0.14135
0.0830578 0.142003
0.0830275 0.14266
0.0829982 0.14332
0.08297 0.143984
0.0829429 0.144652
0.0829169 0.145323
0.0828919 0.145998
0.0828681 0.146676
0.0828453 0.147359
0.0828235 0.148044
0.0828029 0.148734
0.0827834 0.149428
0.0827649 0.150125
0.0827475 0.150826
0.0827312 0.151531
0.0827159 0.15224
0.0827018 0.152953
0.0826887 0.15367
0.0826767 0.154391
0.0826658 0.155116
0.082656 0.155845
0.0826472 0.156579
0.0826396 0.157317
0.0826331 0.158059
0.0826276 0.158805
0.0826232 0.159556
0.08262 0.16031
0.0826178 0.16107
0.0826167 0.161834
0.0826167 0.162602
0.0826179 0.163375
0.0826201 0.164153
0.0826235 0.164935
0.0826279 0.165722
0.0826335 0.166514
0.0826402 0.16731
0.082648 0.168112
0.0826569 0.168918
0.0826669 0.169729
0.0826781 0.170545
0.0826904 0.171367
0.0827039 0.172193
0.0827184 0.173025
0.0827342 0.173861
0.082751 0.174703
0.082769 0.175551
0.0827882 0.176404
0.0828085 0.177262
0.08283 0.178125
0.0828526 0.178995
0.0828764 0.179869
0.0829014 0.18075
0.0829275 0.181636
0.0829549 0.182528
0.0829834 0.183426
0.0830131 0.18433
0.083044 0.18524
0.0830761 0.186155
0.0831094 0.187077
0.0831439 0.188006
0.0831797 0.18894
0.0832166 0.189881
0.0832548 0.190828
0.0832943 0.191781
0.0833349 0.192741
0.0833769 0.193708
0.08342 0.194681
0.0834645 0.195661
0.0835102 0.196648
0.0835571 0.197642
0.0836054 0.198643
0.0836549 0.199651
0.0837058 0.200666
0.0837579 0.201688
0.0838114 0.202718
0.0838661 0.203755
0.0839222 0.204799
0.0839797 0.205851
0.0840384 0.206911
0.0840986 0.207978
0.0841601 0.209053
0.0842229 0.210136
0.0842872 0.211227
0.0843528 0.212327
0.0844198 0.213434
0.0844883 0.21455
0.0845581 0.215674
0.0846294 0.216806
0.0847021 0.217948
0.0847763 0.219097
0.0848519 0.220256
0.084929 0.221424
0.0850076 0.2226
0.0850877 0.223786
0.0851692 0.224981
0.0852523 0.226185
0.085337 0.227398
0.0854231 0.228621
0.0855108 0.229854
0.0856001 0.231097
0.085691 0.232349
0.0857835 0.233612
0.0858776 0.234885
0.0859732 0.236168
0.0860706 0.237461
0.0861696 0.238765
0.0862702 0.240079
0.0863725 0.241405
0.0864766 0.242741
0.0865823 0.244088
0.0866898 0.245446
0.086799 0.246816
0.08691 0.248197
0.0870227 0.24959
0.0871372 0.250995
0.0872536 0.252411
0.0873718 0.25384
0.0874918 0.25528
0.0876137 0.256733
0.0877375 0.258199
0.0878632 0.259677
0.0879909 0.261167
0.0881205 0.262671
0.088252 0.264188
0.0883855 0.265718
0.0885211 0.267262
0.0886586 0.268819
0.0887983 0.27039
0.08894 0.271975
0.0890838 0.273574
0.0892297 0.275188
0.0893778 0.276816
0.089528 0.278458
0.0896805 0.280116
0.0898351 0.281788
0.0899921 0.283475
0.0901513 0.285178
0.0903127 0.286897
0.0904766 0.288631
0.0906427 0.290382
0.0908113 0.292148
0.0909823 0.293931
0.0911557 0.295731
0.0913316 0.297547
0.09151 0.29938
0.0916909 0.301231
0.0918744 0.303098
0.0920605 0.304984
0.0922493 0.306887
0.0924407 0.308808
0.0926348 0.310748
0.0928317 0.312706
0.0930313 0.314683
0.0932337 0.316679
0.093439 0.318693
0.0936471 0.320728
0.0938582 0.322782
0.0940723 0.324855
0.0942893 0.326949
0.0945094 0.329063
0.0947326 0.331198
0.0949589 0.333353
0.0951884 0.335529
0.0954211 0.337727
0.095657 0.339946
0.0958963 0.342187
0.0961389 0.34445
0.0963849 0.346735
0.0966343 0.349043
0.0968873 0.351373
0.0971438 0.353726
0.0974039 0.356103
0.0976676 0.358502
0.0979351 0.360926
0.0982063 0.363373
0.0984813 0.365845
0.0987602 0.368341
0.099043 0.370862
0.0993298 0.373407
0.0996207 0.375978
0.0999156 0.378574
0.100215 0.381196
0.100518 0.383843
0.100826 0.386517
0.101138 0.389217
0.101454 0.391943
0.101775 0.394696
0.1021 0.397476
0.102431 0.400283
0.102765 0.403118
0.103105 0.40598
0.103449 0.40887
0.103799 0.411787
0.104153 0.414733
0.104512 0.417708
0.104877 0.42071
0.105247 0.423742
0.105622 0.426802
0.106002 0.429891
0.106388 0.433009
0.10678 0.436156
0.107177 0.439333
0.10758 0.442539
0.107988 0.445775
0.108403 0.44904
0.108824 0.452335
0.10925 0.45566
0.109683 0.459014
0.110123 0.462399
0.110568 0.465813
0.11102 0.469257
0.111479 0.47273
0.111945 0.476234
0.112417 0.479767
0.112896 0.48333
0.113382 0.486922
0.113876 0.490543
0.114376 0.494194
0.114884 0.497874
0.115399 0.501583
0.115922 0.505321
0.116453 0.509087
0.116991 0.512881
0.117538 0.516703
0.118092 0.520553
0.118655 0.52443
0.119226 0.528334
0.119805 0.532265
0.120393 0.536222
0.120989 0.540204
0.121594 0.544212
0.122209 0.548244
0.122832 0.5523
0.123464 0.55638
0.124106 0.560483
0.124757 0.564608
0.125418 0.568755
0.126088 0.572923
0.126769 0.577111
0.127459 0.581318
0.128159 0.585544
0.12887 0.589788
0.129591 0.594048
0.130323 0.598325
0.131065 0.602616
0.131818 0.606922
0.132582 0.611241
0.133357 0.615572
0.134143 0.619914
0.134941 0.624266
0.13575 0.628627
0.136571 0.632995
0.137403 0.63737
0.138248 0.64175
0.139104 0.646134
0.139973 0.650521
0.140854 0.654909
0.141748 0.659298
0.142654 0.663685
0.143573 0.66807
0.144505 0.672451
0.145449 0.676828
0.146407 0.681198
0.147378 0.685559
0.148363 0.689912
0.149361 0.694254
0.150373 0.698584
0.151398 0.702901
0.152437 0.707203
0.153491 0.711489
0.154558 0.715757
0.15564 0.720006
0.156736 0.724235
0.157847 0.728443
0.158972 0.732627
0.160112 0.736787
0.161266 0.740922
0.162436 0.74503
0.16362 0.74911
0.16482 0.75316
0.166035 0.75718
0.167265 0.761169
0.168511 0.765125
0.169771 0.769046
0.171048 0.772933
0.17234 0.776785
0.173648 0.780599
0.174972 0.784375
0.176311 0.788113
0.177667 0.791811
0.179038 0.795469
0.180426 0.799085
0.181829 0.80266
0.183249 0.806192
0.184685 0.809681
0.186138 0.813127
0.187607 0.816528
0.189092 0.819884
0.190594 0.823195
0.192112 0.82646
0.193647 0.82968
0.195198 0.832853
0.196766 0.83598
0.198351 0.83906
0.199952 0.842093
0.20157 0.845079
0.203205 0.848018
0.204857 0.85091
0.206525 0.853755
0.208211 0.856553
0.209913 0.859304
0.211632 0.862008
0.213368 0.864665
0.215121 0.867275
0.216891 0.869839
0.218678 0.872357
0.220481 0.874829
0.222302 0.877256
0.22414 0.879638
0.225994 0.881974
0.227866 0.884266
0.229754 0.886515
0.23166 0.888719
0.233582 0.89088
0.235521 0.892999
0.237478 0.895076
0.239451 0.89711
0.241441 0.899104
0.243448 0.901056
0.245472 0.902969
0.247513 0.904842
0.249571 0.906676
0.251646 0.908472
0.253738 0.910229
0.255846 0.91195
0.257972 0.913633
0.260114 0.915281
0.262273 0.916893
0.264449 0.91847
0.266641 0.920012
0.26885 0.921521
0.271076 0.922997
0.273319 0.92444
0.275578 0.925851
0.277854 0.927231
0.280147 0.92858
0.282456 0.929899
0.284782 0.931188
0.287124 0.932448
0.289483 0.93368
0.291858 0.934884
0.294249 0.936061
0.296657 0.937211
0.299081 0.938334
0.301522 0.939432
0.303979 0.940505
0.306452 0.941553
0.308941 0.942578
0.311446 0.943578
0.313967 0.944556
0.316504 0.945511
0.319057 0.946445
0.321626 0.947356
0.324211 0.948247
0.326812 0.949117
0.329428 0.949966
0.33206 0.950797
0.334707 0.951607
0.33737 0.9524
0.340049 0.953173
0.342742 0.953929
0.345451 0.954667
0.348176 0.955388
0.350915 0.956093
0.353669 0.95678
0.356438 0.957452
0.359223 0.958109
0.362021 0.95875
0.364835 0.959376
0.367663 0.959988
0.370505 0.960585
0.373362 0.961169
0.376233 0.961739
0.379118 0.962296
0.382017 0.962839
0.38493 0.963371
0.387857 0.96389
0.390797 0.964396
0.393751 0.964891
0.396718 0.965375
0.399698 0.965847
0.402691 0.966309
0.405697 0.96676
0.408716 0.9672
0.411747 0.96763
0.414791 0.96805
0.417847 0.96846
0.420915 0.968861
0.423995 0.969253
0.427087 0.969635
0.43019 0.970009
0.433305 0.970374
0.436431 0.97073
0.439567 0.971079
0.442714 0.971419
0.445872 0.971751
0.44904 0.972076
0.452219 0.972393
0.455407 0.972702
0.458604 0.973005
0.461811 0.9733
0.465027 0.973588
0.468252 0.97387
0.471486 0.974145
0.474728 0.974414
0.477978 0.974677
0.481236 0.974933
0.484501 0.975183
0.487774 0.975428
0.491054 0.975667
0.494341 0.9759
0.497634 0.976127
0.500933 0.976349
0.504238 0.976566
0.507548 0.976778
0.510864 0.976985
0.514184 0.977186
0.517509 0.977383
0.520839 0.977576
0.524172 0.977763
0.527509 0.977946
0.530849 0.978125
0.534192 0.978299
0.537538 0.978469
0.540886 0.978635
0.544235 0.978796
0.547587 0.978954
0.550939 0.979108
0.554292 0.979258
0.557645 0.979404
0.560999 0.979546
0.564352 0.979685
0.567705 0.979821
0.571056 0.979952
0.574406 0.980081
0.577754 0.980206
0.5811 0.980328
0.584443 0.980446
0.587783 0.980561
0.59112 0.980674
0.594453 0.980783
0.597782 0.980889
0.601106 0.980992
0.604425 0.981093
0.607739 0.981191
0.611047 0.981285
0.614349 0.981377
0.617645 0.981467
0.620933 0.981554
0.624214 0.981638
0.627488 0.98172
0.630753 0.981799
0.63401 0.981876
0.637258 0.98195
0.640497 0.982022
0.643726 0.982091
0.646945 0.982159
0.650153 0.982224
0.653351 0.982287
0.656538 0.982348
0.659714 0.982406
0.662877 0.982463
0.666028 0.982517
0.669167 0.982569
0.672293 0.98262
0.675405 0.982668
0.678504 0.982715
0.681589 0.982759
0.68466 0.982802
0.687716 0.982843
0.690757 0.982882
0.693784 0.982919
0.696794 0.982954
0.699789 0.982988
0.702768 0.98302
0.70573 0.98305
0.708675 0.983079
0.711604 0.983106
0.714515 0.983131
0.717409 0.983155
0.720286 0.983177
0.723144 0.983198
0.725984 0.983217
0.728806 0.983235
0.731609 0.983251
0.734393 0.983266
0.737158 0.983279
0.739904 0.983291
0.74263 0.983301
0.745337 0.98331
0.748024 0.983318
0.750691 0.983324
0.753338 0.983329
0.755964 0.983333
0.75857 0.983335
0.761156 0.983336
0.763721 0.983336
0.766265 0.983335
0.768788 0.983332
0.77129 0.983328
0.773771 0.983323
0.776231 0.983317
0.778669 0.98331
0.781086 0.983301
0.783482 0.983291
0.785856 0.983281
0.788209 0.983269
0.79054 0.983256
0.79285 0.983242
0.795138 0.983226
0.797404 0.98321
0.799649 0.983193
0.801872 0.983175
0.804073 0.983155
0.806253 0.983135
0.808411 0.983114
0.810547 0.983091
0.812662 0.983068
0.814756 0.983044
0.816828 0.983019
0.818878 0.982993
0.820907 0.982966
0.822915 0.982938
0.824901 0.982909
0.826866 0.982879
0.82881 0.982849
0.830733 0.982817
0.832635 0.982785
0.834516 0.982751
0.836377 0.982717
0.838216 0.982683
0.840035 0.982647
0.841834 0.98261
0.843612 0.982573
0.84537 0.982535
0.847108 0.982496
0.848826 0.982456
0.850523 0.982416
0.852201 0.982375
0.85386 0.982333
0.855499 0.98229
0.857118 0.982246
0.858718 0.982202
0.8603 0.982157
0.861862 0.982112
0.863405 0.982065
0.86493 0.982018
0.866436 0.981971
0.867924 0.981922
0.869394 0.981873
0.870845 0.981824
0.872279 0.981773
0.873695 0.981722
0.875094 0.98167
0.876475 0.981618
0.877838 0.981565
0.879185 0.981512
0.880515 0.981457
0.881828 0.981403
0.883124 0.981347
0.884404 0.981291
0.885668 0.981235
0.886916 0.981178
0.888148 0.98112
0.889364 0.981062
0.890564 0.981003
0.891749 0.980943
0.892919 0.980883
0.894073 0.980823
0.895213 0.980762
0.896338 0.9807
0.897448 0.980638
0.898544 0.980575
0.899625 0.980512
0.900693 0.980449
0.901747 0.980384
0.902786 0.98032
0.903813 0.980255
0.904825 0.980189
0.905825 0.980123
0.906811 0.980056
0.907784 0.979989
0.908745 0.979922
0.909693 0.979854
0.910628 0.979785
0.911551 0.979716
0.912462 0.979647
0.913361 0.979577
0.914248 0.979507
0.915123 0.979436
0.915987 0.979365
0.916839 0.979294
0.91768 0.979222
0.918509 0.979149
0.919328 0.979077
0.920136 0.979004
0.920933 0.97893
0.92172 0.978856
0.922496 0.978782
0.923262 0.978707
0.924018 0.978632
0.924764 0.978557
0.925499 0.978481
0.926225 0.978405
0.926942 0.978328
0.927649 0.978251
0.928347 0.978174
0.929035 0.978096
0.929714 0.978018
0.930384 0.97794
0.931046 0.977862
0.931699 0.977783
0.932343 0.977703
0.932978 0.977624
0.933605 0.977544
0.934224 0.977464
0.934835 0.977383
0.935438 0.977302
0.936033 0.977221
0.936619 0.97714
0.937199 0.977058
0.93777 0.976976
0.938335 0.976894
0.938891 0.976811
0.939441 0.976728
0.939983 0.976645
0.940518 0.976561
0.941046 0.976478
0.941568 0.976394
0.942082 0.976309
0.94259 0.976225
0.943091 0.97614
0.943586 0.976055
0.944075 0.97597
0.944557 0.975884
0.945032 0.975798
0.945502 0.975712
0.945965 0.975626
0.946423 0.97554
0.946875 0.975453
0.947321 0.975366
0.947761 0.975279
0.948195 0.975191
0.948624 0.975104
0.949048 0.975016
0.949466 0.974928
0.949879 0.97484
0.950286 0.974751
0.950689 0.974663
0.951086 0.974574
0.951478 0.974485
0.951865 0.974395
0.952248 0.974306
0.952625 0.974216
0.952998 0.974126
0.953366 0.974036
0.95373 0.973946
0.954089 0.973856
0.954443 0.973765
0.954793 0.973675
0.955139 0.973584
0.95548 0.973493
0.955817 0.973401
0.95615 0.97331
0.956479 0.973218
0.956804 0.973127
0.957124 0.973035
0.957441 0.972943
0.957754 0.972851
0.958063 0.972758
0.958368 0.972666
0.95867 0.972573
0.958968 0.972481
0.959262 0.972388
0.959553 0.972295
0.95984 0.972202
0.960123 0.972108
0.960403 0.972015
0.96068 0.971921
0.960954 0.971828
0.961224 0.971734
0.961491 0.97164
0.961755 0.971546
0.962015 0.971452
0.962273 0.971358
0.962527 0.971263
0.962779 0.971169
0.963027 0.971074
0.963272 0.97098
0.963515 0.970885
0.963755 0.97079
0.963992 0.970695
0.964226 0.9706
0.964457 0.970505
0.964686 0.97041
0.964912 0.970314
0.965135 0.970219
0.965356 0.970123
0.965574 0.970028
0.965789 0.969932
0.966002 0.969836
0.966213 0.969741
0.966421 0.969645
0.966627 0.969549
0.966831 0.969453
0.967032 0.969356
0.967231 0.96926
0.967427 0.969164
0.967622 0.969068
0.967814 0.968971
0.968004 0.968875
0.968191 0.968778
0.968377 0.968682
0.968561 0.968585
0.968742 0.968488
0.968922 0.968392
0.969099 0.968295
0.969275 0.968198
0.969448 0.968101
0.96962 0.968004
0.969789 0.967907
0.969957 0.96781
0.970123 0.967713
0.970287 0.967616
0.970449 0.967519
0.97061 0.967422
0.970768 0.967325
0.970925 0.967227
0.971081 0.96713
0.971234 0.967033
0.971386 0.966935
0.971536 0.966838
0.971685 0.966741
0.971832 0.966643
0.971977 0.966546
0.972121 0.966448
0.972263 0.966351
0.972404 0.966253
0.972543 0.966156
0.972681 0.966058
0.972817 0.96596
0.972952 0.965863
0.973086 0.965765
0.973218 0.965668
0.973348 0.96557
0.973477 0.965472
0.973605 0.965375
0.973731 0.965277
0.973857 0.965179
0.97398 0.965082
0.974103 0.964984
0.974224 0.964886
0.974344 0.964789
0.974463 0.964691
0.97458 0.964593
0.974696 0.964496
0.974812 0.964398
0.974925 0.9643
0.975038 0.964203
0.97515 0.964105
0.97526 0.964007
0.975369 0.96391
0.975477 0.963812
0.975584 0.963715
0.97569 0.963617
0.975795 0.963519
0.975899 0.963422
0.976001 0.963324
0.976103 0.963227
0.976204 0.963129
0.976303 0.963032
0.976402 0.962934
0.976499 0.962837
0.976596 0.962739
0.976692 0.962642
0.976786 0.962544
0.97688 0.962447
0.976973 0.96235
0.977065 0.962252
0.977156 0.962155
0.977246 0.962058
0.977335 0.961961
0.977423 0.961863
0.977511 0.961766
0.977597 0.961669
0.977683 0.961572
0.977768 0.961475
0.977852 0.961378
0.977935 0.961281
0.978018 0.961184
0.978099 0.961087
0.97818 0.96099
0.97826 0.960893
0.978339 0.960796
0.978418 0.960699
0.978495 0.960603
0.978572 0.960506
0.978649 0.960409
0.978724 0.960313
0.978799 0.960216
0.978873 0.960119
0.978946 0.960023
0.979019 0.959927
0.979091 0.95983
0.979162 0.959734
0.979232 0.959637
0.979302 0.959541
0.979372 0.959445
0.97944 0.959349
0.979508 0.959253
0.979575 0.959157
0.979642 0.959061
0.979708 0.958965
0.979773 0.958869
0.979838 0.958773
0.979902 0.958677
0.979966 0.958581
0.980029 0.958486
0.980091 0.95839
0.980153 0.958294
0.980214 0.958199
0.980275 0.958103
0.980335 0.958008
0.980394 0.957913
0.980453 0.957817
0.980512 0.957722
0.98057 0.957627
0.980627 0.957532
0.980684 0.957437
0.98074 0.957342
0.980796 0.957247
0.980851 0.957152
0.980906 0.957057
0.98096 0.956962
0.981014 0.956868
0.981067 0.956773
0.98112 0.956679
0.981173 0.956584
0.981224 0.95649
0.981276 0.956395
0.981327 0.956301
0.981377 0.956207
0.981427 0.956113
0.981477 0.956019
0.981526 0.955925
0.981574 0.955831
0.981623 0.955737
0.98167 0.955643
0.981718 0.955549
0.981765 0.955456
0.981811 0.955362
0.981857 0.955268
0.981903 0.955175
0.981948 0.955082
0.981993 0.954988
0.982038 0.954895
0.982082 0.954802
0.982125 0.954709
0.982169 0.954616
0.982212 0.954523
0.982254 0.95443
0.982296 0.954337
0.982338 0.954245
0.982379 0.954152
0.982421 0.954059
0.982461 0.953967
0.982502 0.953875
0.982542 0.953782
0.982581 0.95369
0.98262 0.953598
0.982659 0.953506
0.982698 0.953414
0.982736 0.953322
0.982774 0.95323
0.982812 0.953138
0.982849 0.953047
0.982886 0.952955
0.982923 0.952863
0.982959 0.952772
0.982995 0.952681
0.98303 0.952589
0.983066 0.952498
0.983101 0.952407
0.983136 0.952316
0.98317 0.952225
0.983204 0.952134
0.983238 0.952043
0.983272 0.951953
0.983305 0.951862
0.983338 0.951771
0.983371 0.951681
0.983403 0.951591
0.983435 0.9515
0.983467 0.95141
0.983499 0.95132
0.98353 0.95123
0.983561 0.95114
0.983592 0.95105
0.983622 0.95096
0.983653 0.950871
0.983683 0.950781
0.983712 0.950691
0.983742 0.950602
0.983771 0.950513
0.9838 0.950423
0.983829 0.950334
0.983857 0.950245
0.983886 0.950156
0.983914 0.950067
0.983942 0.949978
0.983969 0.94989
0.983996 0.949801
0.984023 0.949712
0.98405 0.949624
0.984077 0.949536
0.984103 0.949447
0.98413 0.949359
0.984156 0.949271
0.984181 0.949183
0.984207 0.949095
0.984232 0.949007
0.984257 0.948919
0.984282 0.948831
0.984307 0.948744
0.984331 0.948656
0.984355 0.948569
0.98438 0.948482
0.984403 0.948394
0.984427 0.948307
0.98445 0.94822
0.984474 0.948133
0.984497 0.948046
0.98452 0.947959
0.984542 0.947873
0.984565 0.947786
0.984587 0.9477
0.984609 0.947613
0.984631 0.947527
0.984653 0.947441
0.984674 0.947354
0.984696 0.947268
0.984717 0.947182
0.984738 0.947096
0.984759 0.947011
0.98478 0.946925
0.9848 0.946839
0.98482 0.946754
0.98484 0.946668
0.98486 0.946583
0.98488 0.946498
0.9849 0.946413
0.984919 0.946327
0.984939 0.946242
0.984958 0.946158
0.984977 0.946073
0.984996 0.945988
0.985014 0.945903
0.985033 0.945819
0.985051 0.945734
0.98507 0.94565
0.985088 0.945566
0.985106 0.945482
0.985123 0.945398
0.985141 0.945314
0.985158 0.94523
0.985176 0.945146
0.985193 0.945062
0.98521 0.944979
0.985227 0.944895
0.985244 0.944812
0.98526 0.944728
0.985277 0.944645
0.985293 0.944562
0.985309 0.944479
0.985325 0.944396
0.985341 0.944313
0.985357 0.94423
0.985373 0.944147
0.985388 0.944065
0.985404 0.943982
0.985419 0.9439
0.985434 0.943818
0.985449 0.943735
0.985464 0.943653
0.985479 0.943571
0.985493 0.943489
0.985508 0.943407
0.985522 0.943325
0.985537 0.943244
0.985551 0.943162
0.985565 0.943081
0.985579 0.942999
0.985592 0.942918
0.985606 0.942837
0.98562 0.942756
0.985633 0.942674
0.985647 0.942593
0.98566 0.942513
0.985673 0.942432
0.985686 0.942351
0.985699 0.942271
0.985712 0.94219
0.985724 0.94211
0.985737 0.942029
0.985749 0.941949
0.985762 0.941869
0.985774 0.941789
0.985786 0.941709
0.985798 0.941629
0.98581 0.941549
0.985822 0.94147
0.985834 0.94139
0.985845 0.94131
0.985857 0.941231
0.985868 0.941152
0.98588 0.941072
0.985891 0.940993
0.985902 0.940914
0.985913 0.940835
0.985924 0.940756
0.985935 0.940678
0.985946 0.940599
0.985956 0.94052
0.985967 0.940442
0.985978 0.940363
0.985988 0.940285
0.985998 0.940207
0.986009 0.940129
0.986019 0.94005
0.986029 0.939972
0.986039 0.939895
0.986049 0.939817
0.986058 0.939739
0.986068 0.939661
0.986078 0.939584
0.986087 0.939506
0.986097 0.939429
0.986106 0.939352
0.986116 0.939275
0.986125 0.939198
0.986134 0.939121
0.986143 0.939044
0.986152 0.938967
0.986161 0.93889
0.98617 0.938813
0.986178 0.938737
0.986187 0.93866
0.986196 0.938584
0.986204 0.938508
0.986213 0.938431
0.986221 0.938355
0.986229 0.938279
0.986238 0.938203
0.986246 0.938127
0.986254 0.938052
0.986262 0.937976
0.98627 0.9379
0.986278 0.937825
0.986285 0.937749
0.986293 0.937674
0.986301 0.937599
0.986308 0.937524
0.986316 0.937449
0.986323 0.937374
0.986331 0.937299
0.986338 0.937224
0.986345 0.937149
0.986352 0.937075
0.98636 0.937
0.986367 0.936926
0.986374 0.936851
0.98638 0.936777
0.986387 0.936703
0.986394 0.936628
0.986401 0.936554
0.986408 0.93648
0.986414 0.936407
0.986421 0.936333
0.986427 0.936259
0.986434 0.936185
0.98644 0.936112
0.986446 0.936039
0.986453 0.935965
0.986459 0.935892
0.986465 0.935819
0.986471 0.935746
0.986477 0.935673
0.986483 0.9356
0.986489 0.935527
0.986495 0.935454
0.986501 0.935381
0.986506 0.935309
0.986512 0.935236
0.986518 0.935164
0.986523 0.935091
0.986529 0.935019
0.986534 0.934947
0.98654 0.934875
0.986545 0.934803
0.98655 0.934731
0.986556 0.934659
0.986561 0.934587
0.986566 0.934515
0.986571 0.934444
0.986576 0.934372
0.986581 0.934301
0.986586 0.934229
0.986591 0.934158
0.986596 0.934087
0.986601 0.934016
0.986605 0.933945
0.98661 0.933874
0.986615 0.933803
0.986619 0.933732
0.986624 0.933661
0.986629 0.933591
0.986633 0.93352
0.986637 0.93345
0.986642 0.933379
0.986646 0.933309
0.986651 0.933239
0.986655 0.933169
0.986659 0.933099
0.986663 0.933029
0.986667 0.932959
0.986671 0.932889
0.986675 0.932819
0.986679 0.932749
0.986683 0.93268
0.986687 0.93261
0.986691 0.932541
0.986695 0.932471
0.986699 0.932402
0.986703 0.932333
0.986706 0.932264
0.98671 0.932195
0.986714 0.932126
0.986717 0.932057
0.986721 0.931988
0.986724 0.931919
0.986728 0.931851
0.986731 0.931782
0.986735 0.931714
0.986738 0.931645
0.986741 0.931577
0.986745 0.931509
0.986748 0.93144
0.986751 0.931372
0.986754 0.931304
0.986757 0.931236
0.98676 0.931168
0.986763 0.931101
0.986766 0.931033
0.986769 0.930965
0.986772 0.930898
0.986775 0.93083
0.986778 0.930763
0.986781 0.930695
0.986784 0.930628
0.986787 0.930561
0.986789 0.930494
0.986792 0.930427
0.986795 0.93036
0.986798 0.930293
0.9868 0.930226
0.986803 0.930159
0.986805 0.930092
0.986808 0.930026
0.98681 0.929959
0.986813 0.929893
0.986815 0.929826
0.986818 0.92976
0.98682 0.929694
0.986822 0.929628
0.986825 0.929562
0.986827 0.929496
0.986829 0.92943
0.986831 0.929364
0.986834 0.929298
0.986836 0.929232
0.986838 0.929167
0.98684 0.929101
0.986842 0.929035
0.986844 0.92897
0.986846 0.928905
0.986848 0.928839
0.98685 0.928774
0.986852 0.928709
0.986854 0.928644
0.986856 0.928579
0.986858 0.928514
0.986859 0.928449
0.986861 0.928384
0.986863 0.92832
0.986865 0.928255
0.986866 0.92819
0.986868 0.928126
0.98687 0.928061
0.986871 0.927997
0.986873 0.927933
0.986874 0.927869
0.986876 0.927804
0.986878 0.92774
0.986879 0.927676
0.986881 0.927612
0.986882 0.927548
0.986883 0.927485
0.986885 0.927421
0.986886 0.927357
0.986888 0.927294
0.986889 0.92723
0.98689 0.927167
0.986892 0.927103
0.986893 0.92704
0.986894 0.926977
0.986895 0.926913
0.986896 0.92685
0.986898 0.926787
0.986899 0.926724
0.9869 0.926661
0.986901 0.926598
0.986902 0.926536
0.986903 0.926473
0.986904 0.92641
0.986905 0.926348
0.986906 0.926285
0.986907 0.926223
0.986908 0.92616
0.986909 0.926098
0.98691 0.926036
0.986911 0.925973
0.986912 0.925911
0.986913 0.925849
0.986913 0.925787
0.986914 0.925725
0.986915 0.925663
0.986916 0.925602
0.986917 0.92554
0.986917 0.925478
0.986918 0.925417
0.986919 0.925355
0.986919 0.925294
0.98692 0.925232
0.986921 0.925171
0.986921 0.92511
0.986922 0.925048
0.986922 0.924987
0.986923 0.924926
0.986924 0.924865
0.986924 0.924804
0.986925 0.924743
0.986925 0.924682
0.986926 0.924622
0.986926 0.924561
0.986926 0.9245
0.986927 0.92444
0.986927 0.924379
0.986928 0.924319
0.986928 0.924258
0.986928 0.924198
0.986929 0.924138
0.986929 0.924077
0.986929 0.924017
0.98693 0.923957
0.98693 0.923897
0.98693 0.923837
0.98693 0.923777
0.986931 0.923717
0.986931 0.923658
0.986931 0.923598
0.986931 0.923538
0.986931 0.923479
0.986931 0.923419
0.986932 0.92336
0.986932 0.9233
0.986932 0.923241
0.986932 0.923182
0.986932 0.923122
0.986932 0.923063
0.986932 0.923004
0.986932 0.922945
0.986932 0.922886
0.986932 0.922827
0.986932 0.922768
0.986932 0.922709
0.986932 0.922651
0.986932 0.922592
0.986932 0.922533
0.986932 0.922475
0.986932 0.922416
0.986931 0.922358
0.986931 0.922299
0.986931 0.922241
0.986931 0.922183
0.986931 0.922124
0.986931 0.922066
0.98693 0.922008
0.98693 0.92195
0.98693 0.921892
0.98693 0.921834
0.986929 0.921776
0.986929 0.921718
0.986929 0.92166
0.986929 0.921603
0.986928 0.921545
0.986928 0.921487
0.986928 0.92143
0.986927 0.921372
0.986927 0.921315
0.986927 0.921258
0.986926 0.9212
0.986926 0.921143
0.986925 0.921086
0.986925 0.921029
0.986925 0.920971
0.986924 0.920914
0.986924 0.920857
0.986923 0.9208
0.986923 0.920744
0.986922 0.920687
0.986922 0.92063
0.986921 0.920573
0.986921 0.920517
0.98692 0.92046
0.98692 0.920403
0.986919 0.920347
0.986919 0.92029
0.986918 0.920234
0.986918 0.920178
0.986917 0.920121
0.986916 0.920065
0.986916 0.920009
0.986915 0.919953
0.986914 0.919897
0.986914 0.919841
0.986913 0.919785
0.986913 0.919729
0.986912 0.919673
0.986911 0.919617
0.986911 0.919561
0.98691 0.919506
0.986909 0.91945
0.986908 0.919394
0.986908 0.919339
0.986907 0.919283
0.986906 0.919228
0.986905 0.919172
0.986905 0.919117
0.986904 0.919062
0.986903 0.919006
0.986902 0.918951
0.986902 0.918896
0.986901 0.918841
0.9869 0.918786
0.986899 0.918731
0.986898 0.918676
0.986897 0.918621
0.986897 0.918566
0.986896 0.918512
0.986895 0.918457
0.986894 0.918402
0.986893 0.918347
0.986892 0.918293
0.986891 0.918238
0.98689 0.918184
0.986889 0.918129
0.986889 0.918075
0.986888 0.918021
0.986887 0.917966
0.986886 0.917912
0.986885 0.917858
0.986884 0.917804
0.986883 0.91775
0.986882 0.917696
0.986881 0.917641
0.98688 0.917588
0.986879 0.917534
0.986878 0.91748
0.986877 0.917426
0.986876 0.917372
0.986875 0.917318
0.986874 0.917265
0.986873 0.917211
0.986872 0.917158
0.986871 0.917104
0.98687 0.917051
0.986869 0.916997
0.986867 0.916944
0.986866 0.91689
0.986865 0.916837
0.986864 0.916784
0.986863 0.916731
0.986862 0.916677
0.986861 0.916624
0.98686 0.916571
0.986859 0.916518
0.986857 0.916465
0.986856 0.916412
0.986855 0.916359
0.986854 0.916307
0.986853 0.916254
0.986852 0.916201
0.98685 0.916148
0.986849 0.916096
0.986848 0.916043
0.986847 0.91599
0.986846 0.915938
0.986845 0.915885
0.986843 0.915833
0.986842 0.915781
0.986841 0.915728
0.98684 0.915676
0.986838 0.915624
0.986837 0.915571
0.986836 0.915519
0.986835 0.915467
0.986833 0.915415
0.986832 0.915363
0.986831 0.915311
0.98683 0.915259
0.986828 0.915207
0.986827 0.915155
0.986826 0.915103
0.986824 0.915052
0.986823 0.915
0.986822 0.914948
0.986821 0.914897
0.986819 0.914845
0.986818 0.914793
0.986817 0.914742
0.986815 0.91469
0.986814 0.914639
0.986813 0.914587
0.986811 0.914536
0.98681 0.914485
0.986809 0.914433
0.986807 0.914382
0.986806 0.914331
0.986804 0.91428
0.986803 0.914229
0.986802 0.914178
0.9868 0.914127
0.986799 0.914076
0.986798 0.914025
0.986796 0.913974
0.986795 0.913923
0.986793 0.913872
0.986792 0.913821
0.986791 0.913771
0.986789 0.91372
0.986788 0.913669
0.986786 0.913619
0.986785 0.913568
0.986783 0.913517
0.986782 0.913467
0.986781 0.913416
0.986779 0.913366
0.986778 0.913316
0.986776 0.913265
0.986775 0.913215
0.986773 0.913165
0.986772 0.913114
0.98677 0.913064
0.986769 0.913014
0.986767 0.912964
0.986766 0.912914
0.986764 0.912864
0.986763 0.912814
0.986761 0.912764
0.98676 0.912714
0.986758 0.912664
0.986757 0.912614
0.986755 0.912564
0.986754 0.912514
0.986752 0.912465
0.986751 0.912415
0.986749 0.912365
0.986748 0.912316
0.986746 0.912266
0.986745 0.912217
0.986743 0.912167
0.986742 0.912118
0.98674 0.912068
0.986739 0.912019
0.986737 0.911969
0.986736 0.91192
0.986734 0.911871
0.986732 0.911821
0.986731 0.911772
0.986729 0.911723
0.986728 0.911674
0.986726 0.911625
0.986725 0.911576
0.986723 0.911527
0.986721 0.911478
0.98672 0.911429
0.986718 0.91138
0.986717 0.911331
0.986715 0.911282
0.986713 0.911233
0.986712 0.911184
0.98671 0.911135
0.986709 0.911087
0.986707 0.911038
0.986705 0.910989
0.986704 0.910941
0.986702 0.910892
0.986701 0.910843
0.986699 0.910795
0.986697 0.910746
0.986696 0.910698
0.986694 0.91065
0.986692 0.910601
0.986691 0.910553
0.986689 0.910504
0.986688 0.910456
0.986686 0.910408
0.986684 0.91036
0.986683 0.910311
0.986681 0.910263
0.986679 0.910215
0.986678 0.910167
0.986676 0.910119
0.986674 0.910071
0.986673 0.910023
0.986671 0.909975
0.986669 0.909927
0.986668 0.909879
0.986666 0.909831
0.986664 0.909783
0.986663 0.909736
0.986661 0.909688
0.986659 0.90964
0.986658 0.909592
0.986656 0.909545
0.986654 0.909497
0.986653 0.909449
0.986651 0.909402
0.986649 0.909354
0.986648 0.909307
0.986646 0.909259
0.986644 0.909212
0.986643 0.909164
0.986641 0.909117
0.986639 0.90907
0.986637 0.909022
0.986636 0.908975
0.986634 0.908928
0.986632 0.908881
0.986631 0.908833
0.986629 0.908786
0.986627 0.908739
0.986625 0.908692
0.986624 0.908645
0.986622 0.908598
0.98662 0.908551
0.986619 0.908504
0.986617 0.908457
0.986615 0.90841
0.986613 0.908363
0.986612 0.908316
0.98661 0.908269
0.986608 0.908222
0.986606 0.908175
0.986605 0.908129
0.986603 0.908082
0.986601 0.908035
0.986599 0.907989
0.986598 0.907942
0.986596 0.907895
0.986594 0.907849
0.986592 0.907802
0.986591 0.907756
0.986589 0.907709
0.986587 0.907663
0.986585 0.907616
0.986584 0.90757
0.986582 0.907523
0.98658 0.907477
0.986578 0.907431
0.986577 0.907384
0.986575 0.907338
0.986573 0.907292
0.986571 0.907245
0.98657 0.907199
0.986568 0.907153
0.986566 0.907107
0.986564 0.907061
0.986563 0.907015
0.986561 0.906969
0.986559 0.906923
0.986557 0.906876
0.986555 0.90683
0.986554 0.906785
0.986552 0.906739
0.98655 0.906693
0.986548 0.906647
0.986546 0.906601
0.986545 0.906555
0.986543 0.906509
0.986541 0.906463
0.986539 0.906418
0.986538 0.906372
0.986536 0.906326
0.986534 0.906281
0.986532 0.906235
0.98653 0.906189
0.986529 0.906144
0.986527 0.906098
0.986525 0.906053
0.986523 0.906007
0.986521 0.905961
0.98652 0.905916
0.986518 0.905871
0.986516 0.905825
0.986514 0.90578
0.986512 0.905734
0.986511 0.905689
0.986509 0.905644
0.986507 0.905598
0.986505 0.905553
0.986503 0.905508
0.986502 0.905463
0.9865 0.905417
0.986498 0.905372
0.986496 0.905327
0.986494 0.905282
0.986492 0.905237
0.986491 0.905192
0.986489 0.905146
0.986487 0.905101
0.986485 0.905056
0.986483 0.905011
0.986482 0.904966
0.98648 0.904921
0.986478 0.904877
0.986476 0.904832
0.986474 0.904787
0.986472 0.904742
0.986471 0.904697
0.986469 0.904652
0.986467 0.904607
0.986465 0.904563
0.986463 0.904518
0.986461 0.904473
0.98646 0.904428
0.986458 0.904384
0.986456 0.904339
0.986454 0.904294
0.986452 0.90425
0.98645 0.904205
0.986449 0.904161
0.986447 0.904116
0.986445 0.904071
0.986443 0.904027
0.986441 0.903982
0.986439 0.903938
0.986438 0.903894
0.986436 0.903849
0.986434 0.903805
0.986432 0.90376
0.98643 0.903716
0.986428 0.903672
0.986427 0.903627
0.986425 0.903583
0.986423 0.903539
0.986421 0.903494
0.986419 0.90345
0.986417 0.903406
0.986416 0.903362
0.986414 0.903317
0.986412 0.903273
0.98641 0.903229
0.986408 0.903185
0.986406 0.903141
0.986404 0.903097
0.986403 0.903053
0.986401 0.903009
0.986399 0.902965
0.986397 0.902921
0.986395 0.902877
0.986393 0.902833
0.986392 0.902789
0.98639 0.902745
0.986388 0.902701
0.986386 0.902657
0.986384 0.902613
0.986382 0.902569
0.98638 0.902525
0.986379 0.902482
0.986377 0.902438
0.986375 0.902394
0.986373 0.90235
0.986371 0.902307
0.986369 0.902263
0.986367 0.902219
0.986366 0.902175
0.986364 0.902132
0.986362 0.902088
0.98636 0.902044
0.986358 0.902001
0.986356 0.901957
0.986354 0.901914
0.986353 0.90187
0.986351 0.901826
0.986349 0.901783
0.986347 0.901739
0.986345 0.901696
0.986343 0.901652
0.986341 0.901609
0.986339 0.901566
0.986338 0.901522
0.986336 0.901479
0.986334 0.901435
0.986332 0.901392
0.98633 0.901349
0.986328 0.901305
0.986326 0.901262
0.986325 0.901219
0.986323 0.901175
0.986321 0.901132
0.986319 0.901089
0.986317 0.901045
0.986315 0.901002
0.986313 0.900959
0.986312 0.900916
0.98631 0.900873
0.986308 0.900829
0.986306 0.900786
0.986304 0.900743
0.986302 0.9007
0.9863 0.900657
0.986298 0.900614
0.986297 0.900571
0.986295 0.900528
0.986293 0.900485
0.986291 0.900442
0.986289 0.900399
0.986287 0.900356
0.986285 0.900313
0.986283 0.90027
0.986282 0.900227
0.98628 0.900184
0.986278 0.900141
0.986276 0.900098
0.986274 0.900055
0.986272 0.900012
0.98627 0.899969
0.986269 0.899926
0.986267 0.899883
0.986265 0.899841
0.986263 0.899798
0.986261 0.899755
0.986259 0.899712
0.986257 0.899669
0.986255 0.899627
0.986254 0.899584
0.986252 0.899541
0.98625 0.899498
0.986248 0.899456
0.986246 0.899413
0.986244 0.89937
0.986242 0.899328
0.98624 0.899285
0.986239 0.899242
0.986237 0.8992
0.986235 0.899157
0.986233 0.899115
0.986231 0.899072
0.986229 0.899029
0.986227 0.898987
0.986225 0.898944
0.986224 0.898902
0.986222 0.898859
0.98622 0.898817
0.986218 0.898774
0.986216 0.898732
0.986214 0.898689
0.986212 0.898647
0.98621 0.898604
0.986209 0.898562
0.986207 0.898519
0.986205 0.898477
0.986203 0.898434
0.986201 0.898392
0.986199 0.89835
0.986197 0.898307
0.986195 0.898265
0.986194 0.898223
0.986192 0.89818
0.98619 0.898138
0.986188 0.898096
0.986186 0.898053
0.986184 0.898011
0.986182 0.897969
0.98618 0.897926
0.986179 0.897884
0.986177 0.897842
0.986175 0.8978
0.986173 0.897757
0.986171 0.897715
0.986169 0.897673
0.986167 0.897631
0.986165 0.897589
0.986164 0.897546
0.986162 0.897504
0.98616 0.897462
0.986158 0.89742
0.986156 0.897378
0.986154 0.897336
0.986152 0.897293
0.98615 0.897251
0.986148 0.897209
0.986147 0.897167
0.986145 0.897125
0.986143 0.897083
0.986141 0.897041
0.986139 0.896999
0.986137 0.896957
0.986135 0.896915
0.986133 0.896873
0.986132 0.896831
0.98613 0.896789
0.986128 0.896747
0.986126 0.896705
0.986124 0.896663
0.986122 0.896621
0.98612 0.896579
0.986118 0.896537
0.986117 0.896495
0.986115 0.896453
0.986113 0.896411
0.986111 0.896369
0.986109 0.896327
0.986107 0.896285
0.986105 0.896243
0.986103 0.896201
0.986102 0.896159
0.9861 0.896117
0.986098 0.896076
0.986096 0.896034
0.986094 0.895992
0.986092 0.89595
0.98609 0.895908
0.986088 0.895866
0.986087 0.895824
0.986085 0.895783
0.986083 0.895741
0.986081 0.895699
0.986079 0.895657
0.986077 0.895615
0.986075 0.895574
0.986073 0.895532
0.986071 0.89549
0.98607 0.895448
0.986068 0.895406
0.986066 0.895365
0.986064 0.895323
0.986062 0.895281
0.98606 0.895239
0.986058 0.895198
0.986056 0.895156
0.986055 0.895114
0.986053 0.895072
0.986051 0.895031
0.986049 0.894989
0.986047 0.894947
0.986045 0.894906
0.986043 0.894864
0.986041 0.894822
0.98604 0.894781
0.986038 0.894739
0.986036 0.894697
0.986034 0.894656
0.986032 0.894614
0.98603 0.894572
0.986028 0.894531
0.986026 0.894489
0.986025 0.894447
0.986023 0.894406
0.986021 0.894364
0.986019 0.894322
0.986017 0.894281
0.986015 0.894239
0.986013 0.894198
0.986011 0.894156
0.986009 0.894114
0.986008 0.894073
0.986006 0.894031
0.986004 0.89399
0.986002 0.893948
0.986 0.893906
0.985998 0.893865
0.985996 0.893823
0.985994 0.893782
0.985993 0.89374
0.985991 0.893699
0.985989 0.893657
0.985987 0.893615
0.985985 0.893574
0.985983 0.893532
0.985981 0.893491
0.985979 0.893449
0.985978 0.893408
0.985976 0.893366
0.985974 0.893325
0.985972 0.893283
0.98597 0.893241
0.985968 0.8932
0.985966 0.893158
0.985964 0.893117
0.985962 0.893075
0.985961 0.893034
0.985959 0.892992
0.985957 0.892951
0.985955 0.892909
0.985953 0.892868
0.985951 0.892826
0.985949 0.892785
0.985947 0.892743
0.985946 0.892702
0.985944 0.89266
0.985942 0.892619
0.98594 0.892577
0.985938 0.892536
0.985936 0.892494
0.985934 0.892453
0.985932 0.892411
0.985931 0.89237
0.985929 0.892328
0.985927 0.892287
0.985925 0.892245
0.985923 0.892204
0.985921 0.892162
0.985919 0.892121
0.985917 0.892079
0.985915 0.892038
0.985914 0.891996
0.985912 0.891955
0.98591 0.891913
0.985908 0.891872
0.985906 0.89183
0.985904 0.891789
0.985902 0.891747
0.9859 0.891706
0.985899 0.891664
0.985897 0.891623
0.985895 0.891582
0.985893 0.89154
0.985891 0.891499
0.985889 0.891457
0.985887 0.891416
0.985885 0.891374
0.985883 0.891333
0.985882 0.891291
0.98588 0.89125
0.985878 0.891208
0.985876 0.891167
0.985874 0.891125
0.985872 0.891084
0.98587 0.891042
0.985868 0.891001
0.985867 0.890959
0.985865 0.890918
0.985863 0.890876
0.985861 0.890835
0.985859 0.890793
0.985857 0.890752
0.985855 0.89071
0.985853 0.890669
0.985851 0.890627
0.98585 0.890586
0.985848 0.890544
0.985846 0.890503
0.985844 0.890461
0.985842 0.89042
0.98584 0.890378
0.985838 0.890337
0.985836 0.890295
0.985835 0.890254
0.985833 0.890212
0.985831 0.890171
0.985829 0.890129
0.985827 0.890087
0.985825 0.890046
0.985823 0.890004
0.985821 0.889963
0.985819 0.889921
0.985818 0.88988
0.985816 0.889838
0.985814 0.889797
0.985812 0.889755
0.98581 0.889713
0.985808 0.889672
0.985806 0.88963
0.985804 0.889589
0.985802 0.889547
0.985801 0.889506
0.985799 0.889464
0.985797 0.889422
0.985795 0.889381
0.985793 0.889339
0.985791 0.889298
0.985789 0.889256
0.985787 0.889214
0.985785 0.889173
0.985784 0.889131
0.985782 0.88909
0.98578 0.889048
0.985778 0.889006
0.985776 0.888965
0.985774 0.888923
0.985772 0.888881
0.98577 0.88884
0.985769 0.888798
0.985767 0.888756
0.985765 0.888715
0.985763 0.888673
0.985761 0.888631
0.985759 0.88859
0.985757 0.888548
0.985755 0.888506
0.985753 0.888465
0.985751 0.888423
0.98575 0.888381
0.985748 0.88834
0.985746 0.888298
0.985744 0.888256
0.985742 0.888214
0.98574 0.888173
0.985738 0.888131
0.985736 0.888089
0.985734 0.888047
0.985733 0.888006
0.985731 0.887964
0.985729 0.887922
0.985727 0.88788
0.985725 0.887839
0.985723 0.887797
0.985721 0.887755
0.985719 0.887713
0.985717 0.887671
0.985716 0.887629
0.985714 0.887588
0.985712 0.887546
0.98571 0.887504
0.985708 0.887462
0.985706 0.88742
0.985704 0.887378
0.985702 0.887337
0.9857 0.887295
0.985698 0.887253
0.985697 0.887211
0.985695 0.887169
0.985693 0.887127
0.985691 0.887085
0.985689 0.887043
0.985687 0.887001
0.985685 0.886959
0.985683 0.886917
0.985681 0.886875
0.985679 0.886833
0.985678 0.886791
0.985676 0.886749
0.985674 0.886707
0.985672 0.886665
0.98567 0.886623
0.985668 0.886581
0.985666 0.886539
0.985664 0.886497
0.985662 0.886455
0.98566 0.886413
0.985659 0.886371
0.985657 0.886329
0.985655 0.886287
0.985653 0.886245
0.985651 0.886203
0.985649 0.886161
0.985647 0.886118
0.985645 0.886076
0.985643 0.886034
0.985641 0.885992
0.98564 0.88595
0.985638 0.885908
0.985636 0.885865
0.985634 0.885823
0.985632 0.885781
0.98563 0.885739
0.985628 0.885697
0.985626 0.885654
0.985624 0.885612
0.985622 0.88557
0.98562 0.885528
0.985619 0.885485
0.985617 0.885443
0.985615 0.885401
0.985613 0.885358
0.985611 0.885316
0.985609 0.885274
0.985607 0.885231
0.985605 0.885189
0.985603 0.885147
0.985601 0.885104
0.985599 0.885062
0.985598 0.885019
0.985596 0.884977
0.985594 0.884935
0.985592 0.884892
0.98559 0.88485
0.985588 0.884807
0.985586 0.884765
0.985584 0.884722
0.985582 0.88468
0.98558 0.884637
0.985578 0.884595
0.985576 0.884552
0.985575 0.884509
0.985573 0.884467
0.985571 0.884424
0.985569 0.884382
0.985567 0.884339
0.985565 0.884296
0.985563 0.884254
0.985561 0.884211
0.985559 0.884168
0.985557 0.884126
0.985555 0.884083
0.985553 0.88404
0.985552 0.883998
0.98555 0.883955
0.985548 0.883912
0.985546 0.883869
0.985544 0.883827
0.985542 0.883784
0.98554 0.883741
0.985538 0.883698
0.985536 0.883655
0.985534 0.883612
0.985532 0.88357
0.98553 0.883527
0.985528 0.883484
0.985526 0.883441
0.985525 0.883398
0.985523 0.883355
0.985521 0.883312
0.985519 0.883269
0.985517 0.883226
0.985515 0.883183
0.985513 0.88314
0.985511 0.883097
0.985509 0.883054
0.985507 0.883011
0.985505 0.882968
0.985503 0.882925
0.985501 0.882882
0.985499 0.882838
0.985498 0.882795
0.985496 0.882752
0.985494 0.882709
0.985492 0.882666
0.98549 0.882623
0.985488 0.882579
0.985486 0.882536
0.985484 0.882493
0.985482 0.88245
0.98548 0.882406
0.985478 0.882363
0.985476 0.88232
0.985474 0.882276
0.985472 0.882233
0.98547 0.882189
0.985468 0.882146
0.985466 0.882103
0.985465 0.882059
0.985463 0.882016
0.985461 0.881972
0.985459 0.881929
0.985457 0.881885
0.985455 0.881842
0.985453 0.881798
0.985451 0.881755
0.985449 0.881711
0.985447 0.881667
0.985445 0.881624
0.985443 0.88158
0.985441 0.881536
0.985439 0.881493
0.985437 0.881449
0.985435 0.881405
0.985433 0.881362
0.985431 0.881318
0.985429 0.881274
0.985427 0.88123
0.985425 0.881186
0.985424 0.881143
0.985422 0.881099
0.98542 0.881055
0.985418 0.881011
0.985416 0.880967
0.985414 0.880923
0.985412 0.880879
0.98541 0.880835
0.985408 0.880791
0.985406 0.880747
0.985404 0.880703
0.985402 0.880659
0.9854 0.880615
0.985398 0.880571
0.985396 0.880527
0.985394 0.880483
0.985392 0.880438
0.98539 0.880394
0.985388 0.88035
0.985386 0.880306
0.985384 0.880262
0.985382 0.880217
0.98538 0.880173
0.985378 0.880129
0.985376 0.880084
0.985374 0.88004
0.985372 0.879996
0.98537 0.879951
0.985368 0.879907
0.985366 0.879862
0.985364 0.879818
0.985362 0.879773
0.98536 0.879729
0.985359 0.879684
0.985357 0.87964
0.985355 0.879595
0.985353 0.87955
0.985351 0.879506
0.985349 0.879461
0.985347 0.879416
0.985345 0.879372
0.985343 0.879327
0.985341 0.879282
0.985339 0.879237
0.985337 0.879193
0.985335 0.879148
0.985333 0.879103
0.985331 0.879058
0.985329 0.879013
0.985327 0.878968
0.985325 0.878923
0.985323 0.878878
0.985321 0.878833
0.985319 0.878788
0.985317 0.878743
0.985315 0.878698
0.985313 0.878653
0.985311 0.878608
0.985309 0.878563
0.985307 0.878518
0.985305 0.878472
0.985303 0.878427
0.985301 0.878382
0.985299 0.878337
0.985297 0.878291
0.985295 0.878246
0.985293 0.878201
0.985291 0.878155
0.985289 0.87811
0.985287 0.878064
0.985285 0.878019
0.985283 0.877973
0.985281 0.877928
0.985279 0.877882
0.985277 0.877837
0.985275 0.877791
0.985273 0.877745
0.98527 0.8777
0.985268 0.877654
0.985266 0.877608
0.985264 0.877563
0.985262 0.877517
0.98526 0.877471
0.985258 0.877425
0.985256 0.877379
0.985254 0.877333
0.985252 0.877288
0.98525 0.877242
0.985248 0.877196
0.985246 0.87715
0.985244 0.877104
0.985242 0.877058
0.98524 0.877011
0.985238 0.876965
0.985236 0.876919
0.985234 0.876873
0.985232 0.876827
0.98523 0.876781
0.985228 0.876734
0.985226 0.876688
0.985224 0.876642
0.985222 0.876595
0.98522 0.876549
0.985218 0.876503
0.985216 0.876456
0.985214 0.87641
0.985212 0.876363
0.985209 0.876317
0.985207 0.87627
0.985205 0.876223
0.985203 0.876177
0.985201 0.87613
0.985199 0.876083
0.985197 0.876037
0.985195 0.87599
0.985193 0.875943
0.985191 0.875896
0.985189 0.875849
0.985187 0.875802
0.985185 0.875755
0.985183 0.875709
0.985181 0.875662
0.985179 0.875615
0.985177 0.875567
0.985174 0.87552
0.985172 0.875473
0.98517 0.875426
0.985168 0.875379
0.985166 0.875332
0.985164 0.875284
0.985162 0.875237
0.98516 0.87519
0.985158 0.875142
0.985156 0.875095
0.985154 0.875048
0.985152 0.875
0.98515 0.874953
0.985147 0.874905
0.985145 0.874858
0.985143 0.87481
0.985141 0.874762
0.985139 0.874715
0.985137 0.874667
0.985135 0.874619
0.985133 0.874571
0.985131 0.874524
0.985129 0.874476
0.985127 0.874428
0.985124 0.87438
0.985122 0.874332
0.98512 0.874284
0.985118 0.874236
0.985116 0.874188
0.985114 0.87414
0.985112 0.874092
0.98511 0.874043
0.985108 0.873995
0.985106 0.873947
0.985103 0.873899
0.985101 0.87385
0.985099 0.873802
0.985097 0.873753
0.985095 0.873705
0.985093 0.873657
0.985091 0.873608
0.985089 0.873559
0.985087 0.873511
0.985084 0.873462
0.985082 0.873413
0.98508 0.873365
0.985078 0.873316
0.985076 0.873267
0.985074 0.873218
0.985072 0.873169
0.98507 0.873121
0.985067 0.873072
0.985065 0.873023
0.985063 0.872974
0.985061 0.872925
0.985059 0.872875
0.985057 0.872826
0.985055 0.872777
0.985052 0.872728
0.98505 0.872679
0.985048 0.872629
0.985046 0.87258
0.985044 0.87253
0.985042 0.872481
0.98504 0.872431
0.985037 0.872382
0.985035 0.872332
0.985033 0.872283
0.985031 0.872233
0.985029 0.872183
0.985027 0.872134
0.985024 0.872084
0.985022 0.872034
0.98502 0.871984
0.985018 0.871934
0.985016 0.871884
0.985014 0.871834
0.985011 0.871784
0.985009 0.871734
0.985007 0.871684
0.985005 0.871634
0.985003 0.871584
0.985001 0.871533
0.984998 0.871483
0.984996 0.871433
0.984994 0.871382
0.984992 0.871332
0.98499 0.871281
0.984987 0.871231
0.984985 0.87118
0.984983 0.87113
0.984981 0.871079
0.984979 0.871028
0.984976 0.870977
0.984974 0.870927
0.984972 0.870876
0.98497 0.870825
0.984968 0.870774
0.984965 0.870723
0.984963 0.870672
0.984961 0.870621
0.984959 0.87057
0.984957 0.870518
0.984954 0.870467
0.984952 0.870416
0.98495 0.870364
0.984948 0.870313
0.984946 0.870262
0.984943 0.87021
0.984941 0.870159
0.984939 0.870107
0.984937 0.870055
0.984934 0.870004
0.984932 0.869952
0.98493 0.8699
0.984928 0.869848
0.984925 0.869797
0.984923 0.869745
0.984921 0.869693
0.984919 0.869641
0.984917 0.869588
0.984914 0.869536
0.984912 0.869484
0.98491 0.869432
0.984908 0.86938
0.984905 0.869327
0.984903 0.869275
0.984901 0.869222
0.984899 0.86917
0.984896 0.869117
0.984894 0.869065
0.984892 0.869012
0.984889 0.868959
0.984887 0.868907
0.984885 0.868854
0.984883 0.868801
0.98488 0.868748
0.984878 0.868695
0.984876 0.868642
0.984874 0.868589
0.984871 0.868536
0.984869 0.868483
0.984867 0.868429
0.984864 0.868376
0.984862 0.868323
0.98486 0.868269
0.984858 0.868216
0.984855 0.868162
0.984853 0.868109
0.984851 0.868055
0.984848 0.868001
0.984846 0.867948
0.984844 0.867894
0.984841 0.86784
0.984839 0.867786
0.984837 0.867732
0.984835 0.867678
0.984832 0.867624
0.98483 0.86757
0.984828 0.867516
0.984825 0.867461
0.984823 0.867407
0.984821 0.867353
0.984818 0.867298
0.984816 0.867244
0.984814 0.867189
0.984811 0.867135
0.984809 0.86708
0.984807 0.867025
0.984804 0.86697
0.984802 0.866915
0.9848 0.866861
0.984797 0.866806
0.984795 0.86675
0.984793 0.866695
0.98479 0.86664
0.984788 0.866585
0.984786 0.86653
0.984783 0.866474
0.984781 0.866419
0.984778 0.866363
0.984776 0.866308
0.984774 0.866252
0.984771 0.866197
0.984769 0.866141
0.984767 0.866085
0.984764 0.866029
0.984762 0.865973
0.984759 0.865917
0.984757 0.865861
0.984755 0.865805
0.984752 0.865749
0.98475 0.865693
0.984747 0.865636
0.984745 0.86558
0.984743 0.865524
0.98474 0.865467
0.984738 0.865411
0.984735 0.865354
0.984733 0.865297
0.984731 0.86524
0.984728 0.865184
0.984726 0.865127
0.984723 0.86507
0.984721 0.865013
0.984719 0.864956
0.984716 0.864898
0.984714 0.864841
0.984711 0.864784
0.984709 0.864726
0.984706 0.864669
0.984704 0.864611
0.984702 0.864554
0.984699 0.864496
0.984697 0.864438
0.984694 0.864381
0.984692 0.864323
0.984689 0.864265
0.984687 0.864207
0.984684 0.864149
0.984682 0.864091
0.984679 0.864032
0.984677 0.863974
0.984675 0.863916
0.984672 0.863857
0.98467 0.863799
0.984667 0.86374
0.984665 0.863681
0.984662 0.863623
0.98466 0.863564
0.984657 0.863505
0.984655 0.863446
0.984652 0.863387
0.98465 0.863328
0.984647 0.863269
0.984645 0.863209
0.984642 0.86315
0.98464 0.863091
0.984637 0.863031
0.984635 0.862972
0.984632 0.862912
0.98463 0.862852
0.984627 0.862792
0.984625 0.862733
0.984622 0.862673
0.98462 0.862613
0.984617 0.862552
0.984615 0.862492
0.984612 0.862432
0.984609 0.862372
0.984607 0.862311
0.984604 0.862251
0.984602 0.86219
0.984599 0.862129
0.984597 0.862069
0.984594 0.862008
0.984592 0.861947
0.984589 0.861886
0.984587 0.861825
0.984584 0.861764
0.984581 0.861702
0.984579 0.861641
0.984576 0.86158
0.984574 0.861518
0.984571 0.861457
0.984568 0.861395
0.984566 0.861333
0.984563 0.861271
0.984561 0.86121
0.984558 0.861148
0.984556 0.861085
0.984553 0.861023
0.98455 0.860961
0.984548 0.860899
0.984545 0.860836
0.984542 0.860774
0.98454 0.860711
0.984537 0.860649
0.984535 0.860586
0.984532 0.860523
0.984529 0.86046
0.984527 0.860397
0.984524 0.860334
0.984521 0.860271
0.984519 0.860207
0.984516 0.860144
0.984514 0.86008
0.984511 0.860017
0.984508 0.859953
0.984506 0.859889
0.984503 0.859826
0.9845 0.859762
0.984498 0.859698
0.984495 0.859633
0.984492 0.859569
0.98449 0.859505
0.984487 0.859441
0.984484 0.859376
0.984481 0.859311
0.984479 0.859247
0.984476 0.859182
0.984473 0.859117
0.984471 0.859052
0.984468 0.858987
0.984465 0.858922
0.984463 0.858857
0.98446 0.858791
0.984457 0.858726
0.984454 0.85866
0.984452 0.858595
0.984449 0.858529
0.984446 0.858463
0.984443 0.858397
0.984441 0.858331
0.984438 0.858265
0.984435 0.858199
0.984432 0.858132
0.98443 0.858066
0.984427 0.857999
0.984424 0.857933
0.984421 0.857866
0.984419 0.857799
0.984416 0.857732
0.984413 0.857665
0.98441 0.857598
0.984408 0.857531
0.984405 0.857463
0.984402 0.857396
0.984399 0.857328
0.984396 0.857261
0.984394 0.857193
0.984391 0.857125
0.984388 0.857057
0.984385 0.856989
0.984382 0.856921
0.984379 0.856852
0.984377 0.856784
0.984374 0.856715
0.984371 0.856647
0.984368 0.856578
0.984365 0.856509
0.984362 0.85644
0.98436 0.856371
0.984357 0.856302
0.984354 0.856232
0.984351 0.856163
0.984348 0.856094
0.984345 0.856024
0.984342 0.855954
0.98434 0.855884
0.984337 0.855814
0.984334 0.855744
0.984331 0.855674
0.984328 0.855604
0.984325 0.855533
0.984322 0.855463
0.984319 0.855392
0.984316 0.855321
0.984313 0.85525
0.98431 0.855179
0.984308 0.855108
0.984305 0.855037
0.984302 0.854966
0.984299 0.854894
0.984296 0.854822
0.984293 0.854751
0.98429 0.854679
0.984287 0.854607
0.984284 0.854535
0.984281 0.854463
0.984278 0.85439
0.984275 0.854318
0.984272 0.854245
0.984269 0.854173
0.984266 0.8541
0.984263 0.854027
0.98426 0.853954
0.984257 0.85388
0.984254 0.853807
0.984251 0.853734
0.984248 0.85366
0.984245 0.853586
0.984242 0.853513
0.984239 0.853439
0.984236 0.853364
0.984233 0.85329
0.98423 0.853216
0.984227 0.853141
0.984224 0.853067
0.984221 0.852992
0.984218 0.852917
0.984215 0.852842
0.984212 0.852767
0.984209 0.852692
0.984206 0.852616
0.984202 0.852541
0.984199 0.852465
0.984196 0.852389
0.984193 0.852313
0.98419 0.852237
0.984187 0.852161
0.984184 0.852085
0.984181 0.852008
0.984178 0.851932
0.984175 0.851855
0.984171 0.851778
0.984168 0.851701
0.984165 0.851624
0.984162 0.851546
0.984159 0.851469
0.984156 0.851391
0.984152 0.851313
0.984149 0.851236
0.984146 0.851158
0.984143 0.851079
0.98414 0.851001
0.984137 0.850922
0.984133 0.850844
0.98413 0.850765
0.984127 0.850686
0.984124 0.850607
0.984121 0.850528
0.984117 0.850449
0.984114 0.850369
0.984111 0.850289
0.984108 0.85021
0.984104 0.85013
0.984101 0.850049
0.984098 0.849969
0.984095 0.849889
0.984091 0.849808
0.984088 0.849727
0.984085 0.849647
0.984082 0.849565
0.984078 0.849484
0.984075 0.849403
0.984072 0.849321
0.984068 0.84924
0.984065 0.849158
0.984062 0.849076
0.984059 0.848994
0.984055 0.848911
0.984052 0.848829
0.984049 0.848746
0.984045 0.848664
0.984042 0.848581
0.984039 0.848498
0.984035 0.848414
0.984032 0.848331
0.984028 0.848247
0.984025 0.848163
0.984022 0.848079
0.984018 0.847995
0.984015 0.847911
0.984011 0.847827
0.984008 0.847742
0.984005 0.847657
0.984001 0.847572
0.983998 0.847487
0.983994 0.847402
0.983991 0.847316
0.983988 0.847231
0.983984 0.847145
0.983981 0.847059
0.983977 0.846973
0.983974 0.846886
0.98397 0.8468
0.983967 0.846713
0.983963 0.846626
0.98396 0.846539
0.983956 0.846452
0.983953 0.846364
0.983949 0.846277
0.983946 0.846189
0.983942 0.846101
0.983939 0.846013
0.983935 0.845925
0.983932 0.845836
0.983928 0.845747
0.983925 0.845658
0.983921 0.845569
0.983917 0.84548
0.983914 0.845391
0.98391 0.845301
0.983907 0.845211
0.983903 0.845121
0.983899 0.845031
0.983896 0.84494
0.983892 0.84485
0.983889 0.844759
0.983885 0.844668
0.983881 0.844577
0.983878 0.844485
0.983874 0.844394
0.98387 0.844302
0.983867 0.84421
0.983863 0.844118
0.983859 0.844025
0.983856 0.843933
0.983852 0.84384
0.983848 0.843747
0.983845 0.843654
0.983841 0.84356
0.983837 0.843467
0.983833 0.843373
0.98383 0.843279
0.983826 0.843185
0.983822 0.84309
0.983818 0.842995
0.983815 0.842901
0.983811 0.842806
0.983807 0.84271
0.983803 0.842615
0.9838 0.842519
0.983796 0.842423
0.983792 0.842327
0.983788 0.84223
0.983784 0.842134
0.98378 0.842037
0.983777 0.84194
0.983773 0.841843
0.983769 0.841745
0.983765 0.841647
0.983761 0.84155
0.983757 0.841451
0.983753 0.841353
0.983749 0.841254
0.983746 0.841155
0.983742 0.841056
0.983738 0.840957
0.983734 0.840858
0.98373 0.840758
0.983726 0.840658
0.983722 0.840557
0.983718 0.840457
0.983714 0.840356
0.98371 0.840255
0.983706 0.840154
0.983702 0.840053
0.983698 0.839951
0.983694 0.839849
0.98369 0.839747
0.983686 0.839644
0.983682 0.839542
0.983678 0.839439
0.983674 0.839336
0.98367 0.839232
0.983666 0.839129
0.983662 0.839025
0.983658 0.838921
0.983653 0.838816
0.983649 0.838712
0.983645 0.838607
0.983641 0.838502
0.983637 0.838396
0.983633 0.83829
0.983629 0.838184
0.983624 0.838078
0.98362 0.837972
0.983616 0.837865
0.983612 0.837758
0.983608 0.837651
0.983604 0.837543
0.983599 0.837435
0.983595 0.837327
0.983591 0.837219
0.983587 0.83711
0.983582 0.837002
0.983578 0.836892
0.983574 0.836783
0.98357 0.836673
0.983565 0.836563
0.983561 0.836453
0.983557 0.836342
0.983552 0.836232
0.983548 0.83612
0.983544 0.836009
0.983539 0.835897
0.983535 0.835785
0.983531 0.835673
0.983526 0.835561
0.983522 0.835448
0.983517 0.835335
0.983513 0.835221
0.983508 0.835107
0.983504 0.834993
0.9835 0.834879
0.983495 0.834764
0.983491 0.834649
0.983486 0.834534
0.983482 0.834419
0.983477 0.834303
0.983473 0.834187
0.983468 0.83407
0.983464 0.833953
0.983459 0.833836
0.983455 0.833719
0.98345 0.833601
0.983445 0.833483
0.983441 0.833365
0.983436 0.833246
0.983432 0.833127
0.983427 0.833008
0.983422 0.832888
0.983418 0.832768
0.983413 0.832648
0.983408 0.832528
0.983404 0.832407
0.983399 0.832285
0.983394 0.832164
0.98339 0.832042
0.983385 0.831919
0.98338 0.831797
0.983375 0.831674
0.983371 0.831551
0.983366 0.831427
0.983361 0.831303
0.983356 0.831179
0.983352 0.831054
0.983347 0.830929
0.983342 0.830804
0.983337 0.830678
0.983332 0.830552
0.983327 0.830425
0.983323 0.830299
0.983318 0.830171
0.983313 0.830044
0.983308 0.829916
0.983303 0.829788
0.983298 0.829659
0.983293 0.82953
0.983288 0.829401
0.983283 0.829271
0.983278 0.829141
0.983273 0.829011
0.983268 0.82888
0.983263 0.828748
0.983258 0.828617
0.983253 0.828485
0.983248 0.828352
0.983243 0.82822
0.983238 0.828086
0.983233 0.827953
0.983227 0.827819
0.983222 0.827685
0.983217 0.82755
0.983212 0.827415
0.983207 0.827279
0.983202 0.827143
0.983196 0.827007
0.983191 0.82687
0.983186 0.826733
0.983181 0.826595
0.983176 0.826457
0.98317 0.826319
0.983165 0.82618
0.98316 0.826041
0.983154 0.825901
0.983149 0.825761
0.983144 0.82562
0.983138 0.825479
0.983133 0.825338
0.983128 0.825196
0.983122 0.825054
0.983117 0.824911
0.983111 0.824768
0.983106 0.824624
0.9831 0.82448
0.983095 0.824336
0.983089 0.824191
0.983084 0.824045
0.983078 0.8239
0.983073 0.823753
0.983067 0.823606
0.983062 0.823459
0.983056 0.823312
0.98305 0.823163
0.983045 0.823015
0.983039 0.822866
0.983034 0.822716
0.983028 0.822566
0.983022 0.822415
0.983016 0.822264
0.983011 0.822113
0.983005 0.821961
0.982999 0.821808
0.982994 0.821655
0.982988 0.821502
0.982982 0.821348
0.982976 0.821193
0.98297 0.821038
0.982964 0.820883
0.982959 0.820727
0.982953 0.82057
0.982947 0.820413
0.982941 0.820256
0.982935 0.820098
0.982929 0.819939
0.982923 0.81978
0.982917 0.81962
0.982911 0.81946
0.982905 0.819299
0.982899 0.819138
0.982893 0.818976
0.982887 0.818814
0.982881 0.818651
0.982874 0.818487
0.982868 0.818323
0.982862 0.818159
0.982856 0.817994
0.98285 0.817828
0.982844 0.817662
0.982837 0.817495
0.982831 0.817327
0.982825 0.817159
0.982819 0.816991
0.982812 0.816821
0.982806 0.816652
0.9828 0.816481
0.982793 0.81631
0.982787 0.816139
0.98278 0.815967
0.982774 0.815794
0.982767 0.815621
0.982761 0.815447
0.982754 0.815272
0.982748 0.815097
0.982741 0.814921
0.982735 0.814745
0.982728 0.814568
0.982722 0.81439
0.982715 0.814212
0.982708 0.814033
0.982702 0.813853
0.982695 0.813673
0.982688 0.813492
0.982682 0.81331
0.982675 0.813128
0.982668 0.812945
0.982661 0.812761
0.982654 0.812577
0.982648 0.812392
0.982641 0.812207
0.982634 0.81202
0.982627 0.811833
0.98262 0.811646
0.982613 0.811457
0.982606 0.811268
0.982599 0.811079
0.982592 0.810888
0.982585 0.810697
0.982578 0.810505
0.982571 0.810312
0.982564 0.810119
0.982557 0.809925
0.982549 0.80973
0.982542 0.809535
0.982535 0.809338
0.982528 0.809141
0.98252 0.808943
0.982513 0.808745
0.982506 0.808545
0.982499 0.808345
0.982491 0.808144
0.982484 0.807943
0.982476 0.80774
0.982469 0.807537
0.982461 0.807333
0.982454 0.807128
0.982446 0.806923
0.982439 0.806716
0.982431 0.806509
0.982424 0.806301
0.982416 0.806092
0.982408 0.805882
0.982401 0.805672
0.982393 0.805461
0.982385 0.805248
0.982377 0.805035
0.98237 0.804821
0.982362 0.804607
0.982354 0.804391
0.982346 0.804174
0.982338 0.803957
0.98233 0.803739
0.982322 0.80352
0.982314 0.803299
0.982306 0.803079
0.982298 0.802857
0.98229 0.802634
0.982282 0.80241
0.982274 0.802186
0.982266 0.80196
0.982257 0.801734
0.982249 0.801506
0.982241 0.801278
0.982232 0.801048
0.982224 0.800818
0.982216 0.800587
0.982207 0.800355
0.982199 0.800121
0.98219 0.799887
0.982182 0.799652
0.982173 0.799416
0.982165 0.799179
0.982156 0.79894
0.982148 0.798701
0.982139 0.798461
0.98213 0.79822
0.982122 0.797977
0.982113 0.797734
0.982104 0.797489
0.982095 0.797244
0.982086 0.796997
0.982077 0.79675
0.982068 0.796501
0.982059 0.796251
0.98205 0.796
0.982041 0.795748
0.982032 0.795495
0.982023 0.795241
0.982014 0.794985
0.982005 0.794729
0.981996 0.794471
0.981986 0.794212
0.981977 0.793952
0.981968 0.793691
0.981958 0.793428
0.981949 0.793165
0.981939 0.7929
0.98193 0.792634
0.98192 0.792367
0.981911 0.792099
0.981901 0.791829
0.981891 0.791558
0.981882 0.791286
0.981872 0.791013
0.981862 0.790738
0.981852 0.790462
0.981843 0.790185
0.981833 0.789906
0.981823 0.789626
0.981813 0.789345
0.981803 0.789063
0.981793 0.788779
0.981782 0.788494
0.981772 0.788207
0.981762 0.78792
0.981752 0.78763
0.981742 0.78734
0.981731 0.787048
0.981721 0.786754
0.98171 0.78646
0.9817 0.786163
0.981689 0.785866
0.981679 0.785567
0.981668 0.785266
0.981657 0.784964
0.981647 0.784661
0.981636 0.784356
0.981625 0.784049
0.981614 0.783741
0.981603 0.783431
0.981592 0.78312
0.981581 0.782808
0.98157 0.782494
0.981559 0.782178
0.981548 0.78186
0.981537 0.781542
0.981526 0.781221
0.981514 0.780899
0.981503 0.780575
0.981492 0.78025
0.98148 0.779923
0.981469 0.779594
0.981457 0.779263
0.981445 0.778931
0.981434 0.778597
0.981422 0.778262
0.98141 0.777924
0.981398 0.777585
0.981386 0.777244
0.981374 0.776902
0.981362 0.776557
0.98135 0.776211
0.981338 0.775863
0.981326 0.775513
0.981314 0.775162
0.981301 0.774808
0.981289 0.774452
0.981277 0.774095
0.981264 0.773736
0.981252 0.773375
0.981239 0.773011
0.981226 0.772646
0.981214 0.772279
0.981201 0.77191
0.981188 0.771539
0.981175 0.771166
0.981162 0.770791
0.981149 0.770413
0.981136 0.770034
0.981123 0.769653
0.981109 0.769269
0.981096 0.768884
0.981083 0.768496
0.981069 0.768106
0.981056 0.767714
0.981042 0.76732
0.981028 0.766923
0.981015 0.766524
0.981001 0.766123
0.980987 0.76572
0.980973 0.765314
0.980959 0.764906
0.980945 0.764496
0.980931 0.764084
0.980916 0.763669
0.980902 0.763251
0.980888 0.762831
0.980873 0.762409
0.980858 0.761984
0.980844 0.761557
0.980829 0.761128
0.980814 0.760695
0.980799 0.760261
0.980784 0.759823
0.980769 0.759384
0.980754 0.758941
0.980739 0.758496
0.980724 0.758048
0.980708 0.757598
0.980693 0.757144
0.980677 0.756689
0.980662 0.75623
0.980646 0.755768
0.98063 0.755304
0.980614 0.754837
0.980598 0.754367
0.980582 0.753894
0.980566 0.753419
0.98055 0.75294
0.980533 0.752458
0.980517 0.751974
0.9805 0.751486
0.980484 0.750995
0.980467 0.750502
0.98045 0.750005
0.980433 0.749505
0.980416 0.749002
0.980399 0.748496
0.980382 0.747986
0.980365 0.747473
0.980347 0.746957
0.98033 0.746438
0.980312 0.745915
0.980294 0.745389
0.980276 0.74486
0.980258 0.744327
0.98024 0.74379
0.980222 0.743251
0.980204 0.742707
0.980185 0.74216
0.980167 0.74161
0.980148 0.741056
0.98013 0.740498
0.980111 0.739936
0.980092 0.739371
0.980073 0.738802
0.980053 0.738229
0.980034 0.737652
0.980015 0.737072
0.979995 0.736487
0.979975 0.735899
0.979956 0.735306
0.979936 0.73471
0.979916 0.734109
0.979895 0.733505
0.979875 0.732896
0.979855 0.732283
0.979834 0.731665
0.979813 0.731044
0.979792 0.730418
0.979771 0.729787
0.97975 0.729153
0.979729 0.728514
0.979707 0.72787
0.979686 0.727222
0.979664 0.726569
0.979642 0.725911
0.97962 0.725249
0.979598 0.724582
0.979576 0.723911
0.979553 0.723234
0.979531 0.722553
0.979508 0.721866
0.979485 0.721175
0.979462 0.720479
0.979439 0.719777
0.979415 0.719071
0.979392 0.718359
0.979368 0.717642
0.979344 0.71692
0.97932 0.716192
0.979296 0.715459
0.979272 0.71472
0.979247 0.713976
0.979222 0.713227
0.979197 0.712471
0.979172 0.71171
0.979147 0.710944
0.979122 0.710171
0.979096 0.709392
0.97907 0.708608
0.979044 0.707818
0.979018 0.707021
0.978991 0.706218
0.978965 0.70541
0.978938 0.704594
0.978911 0.703773
0.978884 0.702945
0.978856 0.702111
0.978829 0.70127
0.978801 0.700422
0.978773 0.699568
0.978745 0.698707
0.978716 0.697839
0.978688 0.696965
0.978659 0.696083
0.97863 0.695194
0.9786 0.694298
0.978571 0.693395
0.978541 0.692485
0.978511 0.691567
0.978481 0.690642
0.97845 0.689709
0.978419 0.688769
0.978388 0.687821
0.978357 0.686865
0.978326 0.685901
0.978294 0.684929
0.978262 0.68395
0.97823 0.682962
0.978197 0.681965
0.978164 0.680961
0.978131 0.679948
0.978098 0.678927
0.978064 0.677897
0.97803 0.676858
0.977996 0.675811
0.977962 0.674754
0.977927 0.673689
0.977892 0.672614
0.977857 0.671531
0.977821 0.670438
0.977785 0.669335
0.977749 0.668223
0.977712 0.667102
0.977676 0.665971
0.977638 0.664829
0.977601 0.663678
0.977563 0.662517
0.977525 0.661346
0.977486 0.660164
0.977448 0.658973
0.977408 0.65777
0.977369 0.656557
0.977329 0.655333
0.977289 0.654098
0.977248 0.652853
0.977207 0.651596
0.977166 0.650328
0.977124 0.649048
0.977082 0.647757
0.977039 0.646454
0.976997 0.64514
0.976953 0.643814
0.97691 0.642475
0.976865 0.641125
0.976821 0.639762
0.976776 0.638387
0.976731 0.636999
0.976685 0.635598
0.976639 0.634185
0.976592 0.632759
0.976545 0.631319
0.976497 0.629866
0.976449 0.6284
0.976401 0.62692
0.976352 0.625427
0.976303 0.623919
0.976253 0.622398
0.976202 0.620862
0.976151 0.619312
0.9761 0.617748
0.976048 0.616169
0.975996 0.614575
0.975943 0.612966
0.975889 0.611342
0.975835 0.609703
0.975781 0.608048
0.975726 0.606378
0.97567 0.604692
0.975614 0.60299
0.975557 0.601272
0.975499 0.599538
0.975441 0.597787
0.975383 0.59602
0.975323 0.594236
0.975264 0.592435
0.975203 0.590617
0.975142 0.588782
0.97508 0.586929
0.975018 0.585059
0.974955 0.583171
0.974891 0.581265
0.974826 0.579341
0.974761 0.577399
0.974695 0.575439
0.974629 0.57346
0.974561 0.571462
0.974493 0.569445
0.974424 0.567409
0.974355 0.565354
0.974285 0.563279
0.974213 0.561185
0.974141 0.559071
0.974069 0.556938
0.973995 0.554784
0.973921 0.55261
0.973846 0.550416
0.97377 0.548201
0.973693 0.545966
0.973615 0.54371
0.973536 0.541433
0.973456 0.539135
0.973376 0.536816
0.973294 0.534475
0.973212 0.532113
0.973129 0.52973
0.973044 0.527324
0.972959 0.524897
0.972873 0.522449
0.972785 0.519978
0.972697 0.517485
0.972607 0.514969
0.972517 0.512432
0.972425 0.509872
0.972333 0.507289
0.972239 0.504685
0.972144 0.502057
0.972048 0.499407
0.971951 0.496734
0.971852 0.494039
0.971753 0.491321
0.971652 0.48858
0.97155 0.485816
0.971447 0.48303
0.971342 0.480221
0.971236 0.477389
0.971129 0.474534
0.971021 0.471657
0.970911 0.468757
0.9708 0.465835
0.970687 0.46289
0.970573 0.459923
0.970458 0.456934
0.970341 0.453922
0.970223 0.450889
0.970103 0.447833
0.969982 0.444756
0.969859 0.441658
0.969735 0.438538
0.969609 0.435397
0.969482 0.432236
0.969353 0.429053
0.969222 0.425851
0.96909 0.422628
0.968956 0.419386
0.96882 0.416124
0.968683 0.412843
0.968544 0.409543
0.968403 0.406225
0.968261 0.402889
0.968116 0.399535
0.96797 0.396164
0.967822 0.392776
0.967672 0.389372
0.96752 0.385953
0.967366 0.382518
0.967211 0.379068
0.967053 0.375604
0.966893 0.372127
0.966732 0.368637
0.966568 0.365134
0.966402 0.361619
0.966234 0.358094
0.966065 0.354557
0.965893 0.351011
0.965718 0.347456
0.965542 0.343893
0.965363 0.340322
0.965183 0.336744
0.965 0.33316
0.964815 0.329571
0.964627 0.325977
0.964437 0.32238
0.964245 0.318779
0.964051 0.315177
0.963854 0.311573
0.963655 0.30797
0.963453 0.304367
0.963249 0.300765
0.963042 0.297165
0.962833 0.293569
0.962622 0.289978
0.962408 0.286391
0.962192 0.28281
0.961972 0.279236
0.961751 0.275671
0.961527 0.272114
0.9613 0.268566
0.961071 0.26503
0.960839 0.261505
0.960604 0.257992
0.960367 0.254493
0.960127 0.251008
0.959884 0.247538
0.959639 0.244085
0.95939 0.240649
0.95914 0.23723
0.958886 0.23383
0.95863 0.23045
0.958371 0.22709
0.958109 0.223751
0.957844 0.220434
0.957577 0.217141
0.957307 0.21387
0.957034 0.210624
0.956758 0.207403
0.956479 0.204207
0.956198 0.201038
0.955913 0.197896
0.955626 0.194782
0.955336 0.191696
0.955043 0.188638
0.954747 0.18561
0.954449 0.182612
0.954147 0.179644
0.953843 0.176707
0.953536 0.173802
0.953226 0.170928
0.952913 0.168086
0.952597 0.165276
0.952278 0.1625
0.951957 0.159756
0.951633 0.157046
0.951306 0.154369
0.950976 0.151727
0.950643 0.149118
0.950307 0.146543
0.949968 0.144003
0.949627 0.141497
0.949283 0.139026
0.948936 0.136589
0.948586 0.134187
0.948234 0.13182
0.947878 0.129487
0.94752 0.127189
0.947159 0.124925
0.946796 0.122696
0.946429 0.120501
0.94606 0.11834
0.945688 0.116214
0.945313 0.114122
0.944936 0.112063
0.944556 0.110038
0.944173 0.108046
0.943788 0.106088
0.9434 0.104162
0.943009 0.102269
0.942616 0.100409
0.94222 0.0985808
0.941822 0.0967844
0.941421 0.0950195
0.941017 0.0932858
0.940611 0.0915831
0.940202 0.0899109
0.93979 0.088269
0.939377 0.086657
0.93896 0.0850745
0.938541 0.0835212
0.93812 0.0819967
0.937696 0.0805006
0.93727 0.0790326
0.936842 0.0775923
0.93641 0.0761793
0.935977 0.0747931
0.935541 0.0734335
0.935103 0.0721
0.934663 0.0707922
0.93422 0.0695098
0.933775 0.0682523
0.933327 0.0670193
0.932877 0.0658105
0.932425 0.0646255
0.931971 0.0634638
0.931515 0.0623251
0.931056 0.0612089
0.930595 0.0601149
0.930132 0.0590428
0.929667 0.057992
0.929199 0.0569623
0.92873 0.0559532
0.928258 0.0549644
0.927784 0.0539956
0.927309 0.0530462
0.926831 0.052116
0.926351 0.0512047
0.925869 0.0503118
0.925385 0.049437
0.924899 0.0485799
0.924411 0.0477403
0.923921 0.0469177
0.923429 0.0461119
0.922935 0.0453225
0.922439 0.0445491
0.921941 0.0437915
0.921441 0.0430493
0.92094 0.0423223
0.920436 0.0416101
0.919931 0.0409124
0.919424 0.0402289
0.918915 0.0395594
0.918404 0.0389035
0.917892 0.0382609
0.917377 0.0376315
0.916861 0.0370148
0.916343 0.0364107
0.915824 0.0358189
0.915302 0.0352391
0.914779 0.034671
0.914254 0.0341145
0.913728 0.0335692
0.913199 0.033035
0.912669 0.0325116
0.912138 0.0319988
0.911605 0.0314963
0.91107 0.0310039
0.910533 0.0305214
0.909995 0.0300487
0.909456 0.0295854
0.908915 0.0291314
0.908372 0.0286865
0.907827 0.0282505
0.907281 0.0278232
0.906734 0.0274043
0.906185 0.0269939
0.905634 0.0265915
0.905082 0.0261972
0.904529 0.0258106
0.903974 0.0254317
0.903418 0.0250602
0.90286 0.0246961
0.9023 0.0243391
0.901739 0.0239891
0.901177 0.0236459
0.900613 0.0233094
0.900048 0.0229795
0.899482 0.022656
0.898914 0.0223388
0.898345 0.0220277
0.897774 0.0217226
0.897202 0.0214234
0.896628 0.0211299
0.896054 0.0208421
0.895478 0.0205598
0.8949 0.0202829
0.894321 0.0200112
0.893741 0.0197447
0.89316 0.0194833
0.892577 0.0192267
0.891993 0.0189751
0.891408 0.0187282
0.890821 0.0184859
0.890233 0.0182481
0.889644 0.0180148
0.889054 0.0177858
0.888462 0.0175611
0.88787 0.0173406
0.887275 0.0171241
0.88668 0.0169116
0.886084 0.0167031
0.885486 0.0164983
0.884887 0.0162973
0.884287 0.0161
0.883685 0.0159063
0.883083 0.0157161
0.882479 0.0155293
0.881874 0.0153459
0.881268 0.0151658
0.880661 0.014989
0.880052 0.0148153
0.879443 0.0146447
0.878832 0.0144772
0.87822 0.0143126
0.877607 0.014151
0.876993 0.0139922
0.876377 0.0138362
0.875761 0.013683
0.875143 0.0135324
0.874525 0.0133845
0.873905 0.0132392
0.873284 0.0130964
0.872662 0.0129561
0.872039 0.0128182
0.871415 0.0126827
0.870789 0.0125495
0.870163 0.0124186
0.869535 0.01229
0.868907 0.0121635
0.868277 0.0120392
0.867646 0.011917
0.867014 0.0117969
0.866382 0.0116788
0.865748 0.0115627
0.865113 0.0114486
0.864476 0.0113364
0.863839 0.011226
0.863201 0.0111175
0.862562 0.0110108
0.861922 0.0109059
0.86128 0.0108027
0.860638 0.0107012
0.859994 0.0106014
0.85935 0.0105033
0.858704 0.0104067
0.858058 0.0103117
0.85741 0.0102183
0.856762 0.0101264
0.856112 0.010036
0.855461 0.00994701
0.85481 0.00985949
0.854157 0.00977338
0.853503 0.00968866
0.852848 0.0096053
0.852192 0.00952327
0.851536 0.00944255
0.850878 0.00936312
0.850219 0.00928495
0.849559 0.00920802
0.848898 0.0091323
0.848236 0.00905779
0.847573 0.00898444
0.846909 0.00891225
0.846244 0.00884119
0.845578 0.00877125
0.844911 0.0087024
0.844243 0.00863461
0.843574 0.00856789
0.842904 0.0085022
0.842233 0.00843753
0.841561 0.00837385
0.840888 0.00831116
0.840214 0.00824944
0.839539 0.00818867
0.838863 0.00812882
0.838186 0.0080699
0.837508 0.00801187
0.836829 0.00795473
0.836149 0.00789846
0.835468 0.00784305
0.834786 0.00778848
0.834102 0.00773473
0.833418 0.0076818
0.832733 0.00762967
0.832047 0.00757833
0.83136 0.00752775
0.830671 0.00747794
0.829982 0.00742888
0.829292 0.00738055
0.828601 0.00733295
0.827908 0.00728606
0.827215 0.00723987
0.826521 0.00719437
0.825825 0.00714955
0.825129 0.00710539
0.824431 0.00706189
0.823733 0.00701904
0.823034 0.00697683
0.822333 0.00693524
0.821631 0.00689426
0.820929 0.00685389
0.820225 0.00681412
0.819521 0.00677494
0.818815 0.00673633
0.818108 0.0066983
0.8174 0.00666082
0.816692 0.0066239
0.815982 0.00658752
0.815271 0.00655168
0.814559 0.00651636
0.813846 0.00648157
0.813132 0.00644728
0.812416 0.0064135
0.8117 0.00638022
0.810983 0.00634742
0.810264 0.00631511
0.809545 0.00628327
0.808825 0.0062519
0.808103 0.006221
0.80738 0.00619054
0.806657 0.00616054
0.805932 0.00613097
0.805206 0.00610184
0.804479 0.00607314
0.803751 0.00604486
0.803022 0.006017
0.802291 0.00598955
0.80156 0.0059625
0.800827 0.00593586
0.800094 0.00590961
0.799359 0.00588374
0.798623 0.00585826
0.797886 0.00583316
0.797148 0.00580843
0.796409 0.00578407
0.795669 0.00576007
0.794927 0.00573643
0.794185 0.00571314
0.793441 0.0056902
0.792696 0.00566761
0.79195 0.00564535
0.791203 0.00562343
0.790455 0.00560184
0.789705 0.00558057
0.788955 0.00555963
0.788203 0.00553901
0.78745 0.0055187
0.786696 0.0054987
0.78594 0.005479
0.785184 0.00545961
0.784426 0.00544051
0.783667 0.00542171
0.782907 0.0054032
0.782146 0.00538498
0.781383 0.00536704
0.78062 0.00534939
0.779855 0.00533201
0.779089 0.0053149
0.778321 0.00529806
0.777553 0.00528149
0.776783 0.00526519
0.776012 0.00524915
0.77524 0.00523336
0.774466 0.00521783
0.773692 0.00520255
0.772916 0.00518752
0.772138 0.00517274
0.77136 0.0051582
0.77058 0.0051439
0.769799 0.00512984
0.769017 0.00511601
0.768233 0.00510242
0.767448 0.00508906
0.766662 0.00507593
0.765875 0.00506302
0.765086 0.00505033
0.764296 0.00503787
0.763504 0.00502562
0.762712 0.00501359
0.761918 0.00500178
0.761122 0.00499017
0.760326 0.00497878
0.759528 0.00496759
0.758728 0.00495661
0.757928 0.00494583
0.757126 0.00493525
0.756322 0.00492487
0.755517 0.00491469
0.754711 0.0049047
0.753904 0.00489491
0.753095 0.00488531
0.752285 0.0048759
0.751473 0.00486668
0.75066 0.00485764
0.749845 0.00484879
0.74903 0.00484012
0.748212 0.00483163
0.747394 0.00482333
0.746573 0.0048152
0.745752 0.00480724
0.744929 0.00479946
0.744105 0.00479186
0.743279 0.00478443
0.742451 0.00477717
0.741623 0.00477007
0.740792 0.00476315
0.739961 0.00475639
0.739127 0.0047498
0.738293 0.00474337
0.737457 0.0047371
0.736619 0.00473099
0.73578 0.00472505
0.734939 0.00471926
0.734097 0.00471363
0.733253 0.00470816
0.732408 0.00470284
0.731561 0.00469767
0.730713 0.00469266
0.729863 0.0046878
0.729012 0.00468309
0.728159 0.00467854
0.727304 0.00467413
0.726448 0.00466986
0.725591 0.00466575
0.724731 0.00466178
0.723871 0.00465795
0.723008 0.00465427
0.722144 0.00465073
0.721279 0.00464734
0.720412 0.00464408
0.719543 0.00464097
0.718672 0.00463799
0.7178 0.00463516
0.716927 0.00463246
0.716051 0.0046299
0.715174 0.00462748
0.714296 0.00462519
0.713415 0.00462303
0.712533 0.00462101
0.71165 0.00461913
0.710764 0.00461738
0.709877 0.00461576
0.708989 0.00461427
0.708098 0.00461291
0.707206 0.00461168
0.706312 0.00461058
0.705417 0.00460961
0.704519 0.00460877
0.70362 0.00460806
0.70272 0.00460748
0.701817 0.00460702
0.700913 0.00460669
0.700007 0.00460648
0.699099 0.0046064
0.69819 0.00460645
0.697278 0.00460662
0.696365 0.00460691
0.69545 0.00460733
0.694534 0.00460787
0.693615 0.00460853
0.692695 0.00460932
0.691773 0.00461023
0.690849 0.00461126
0.689923 0.00461241
0.688996 0.00461368
0.688066 0.00461507
0.687135 0.00461659
0.686202 0.00461822
0.685267 0.00461997
0.68433 0.00462185
0.683391 0.00462384
0.68245 0.00462595
0.681508 0.00462818
0.680563 0.00463053
0.679617 0.00463299
0.678669 0.00463558
0.677719 0.00463828
0.676767 0.0046411
0.675813 0.00464404
0.674857 0.00464709
0.673899 0.00465026
0.672939 0.00465355
0.671978 0.00465696
0.671014 0.00466048
0.670048 0.00466412
0.669081 0.00466788
0.668111 0.00467175
0.66714 0.00467574
0.666166 0.00467985
0.665191 0.00468407
0.664213 0.00468841
0.663234 0.00469286
0.662252 0.00469743
0.661268 0.00470212
0.660283 0.00470692
0.659295 0.00471184
0.658306 0.00471687
0.657314 0.00472202
0.65632 0.00472729
0.655324 0.00473268
0.654327 0.00473818
0.653327 0.00474379
0.652325 0.00474952
0.651321 0.00475537
0.650315 0.00476134
0.649306 0.00476742
0.648296 0.00477362
0.647284 0.00477994
0.646269 0.00478637
0.645253 0.00479292
0.644234 0.00479959
0.643213 0.00480638
0.64219 0.00481328
0.641165 0.0048203
0.640138 0.00482744
0.639109 0.0048347
0.638078 0.00484207
0.637044 0.00484957
0.636008 0.00485718
0.63497 0.00486491
0.63393 0.00487277
0.632888 0.00488074
0.631844 0.00488883
0.630797 0.00489704
0.629749 0.00490537
0.628698 0.00491382
0.627645 0.0049224
0.626589 0.00493109
0.625532 0.00493991
0.624472 0.00494885
0.62341 0.00495791
0.622346 0.00496709
0.62128 0.0049764
0.620212 0.00498583
0.619141 0.00499538
0.618068 0.00500506
0.616993 0.00501486
0.615916 0.00502479
0.614836 0.00503484
0.613754 0.00504501
0.61267 0.00505532
0.611584 0.00506575
0.610495 0.00507631
0.609405 0.00508699
0.608312 0.0050978
0.607217 0.00510874
0.606119 0.00511981
0.605019 0.00513101
0.603917 0.00514234
0.602813 0.0051538
0.601707 0.00516539
0.600598 0.00517711
0.599487 0.00518896
0.598374 0.00520095
0.597258 0.00521307
0.59614 0.00522532
0.59502 0.00523771
0.593898 0.00525023
0.592773 0.00526289
0.591647 0.00527568
0.590517 0.00528861
0.589386 0.00530167
0.588252 0.00531488
0.587116 0.00532822
0.585978 0.0053417
0.584838 0.00535532
0.583695 0.00536909
0.58255 0.00538299
0.581403 0.00539703
0.580253 0.00541122
0.579101 0.00542555
0.577947 0.00544003
0.576791 0.00545465
0.575632 0.00546941
0.574472 0.00548432
0.573308 0.00549938
0.572143 0.00551458
0.570975 0.00552994
0.569806 0.00554544
0.568633 0.00556109
0.567459 0.0055769
0.566282 0.00559285
0.565104 0.00560896
0.563922 0.00562522
0.562739 0.00564163
0.561553 0.0056582
0.560366 0.00567493
0.559176 0.00569181
0.557983 0.00570885
0.556789 0.00572605
0.555592 0.00574341
0.554393 0.00576093
0.553192 0.00577861
0.551989 0.00579645
0.550783 0.00581446
0.549576 0.00583263
0.548366 0.00585097
0.547154 0.00586947
0.545939 0.00588814
0.544723 0.00590697
0.543504 0.00592598
0.542284 0.00594515
0.541061 0.0059645
0.539836 0.00598402
0.538609 0.00600371
0.537379 0.00602358
0.536148 0.00604362
0.534914 0.00606384
0.533679 0.00608424
0.532441 0.00610482
0.531201 0.00612557
0.52996 0.00614651
0.528716 0.00616763
0.52747 0.00618893
0.526222 0.00621042
0.524972 0.00623209
0.523719 0.00625395
0.522465 0.006276
0.521209 0.00629824
0.519951 0.00632067
0.518691 0.00634329
0.517429 0.0063661
0.516165 0.00638911
0.514899 0.00641231
0.513631 0.00643571
0.512361 0.00645931
0.511089 0.00648311
0.509816 0.00650711
0.50854 0.00653131
0.507263 0.00655572
0.505984 0.00658033
0.504703 0.00660514
0.50342 0.00663017
0.502135 0.0066554
0.500848 0.00668085
0.49956 0.0067065
0.49827 0.00673237
0.496978 0.00675846
0.495684 0.00678476
0.494389 0.00681127
0.493092 0.00683801
0.491793 0.00686497
0.490493 0.00689215
0.489191 0.00691955
0.487887 0.00694718
0.486582 0.00697504
0.485275 0.00700313
0.483966 0.00703144
0.482656 0.00705999
0.481345 0.00708877
0.480032 0.00711778
0.478717 0.00714703
0.477401 0.00717652
0.476083 0.00720625
0.474764 0.00723622
0.473444 0.00726643
0.472122 0.00729689
0.470799 0.0073276
0.469474 0.00735855
0.468148 0.00738975
0.466821 0.00742121
0.465492 0.00745291
0.464162 0.00748488
0.462831 0.0075171
0.461499 0.00754958
0.460166 0.00758231
0.458831 0.00761532
0.457495 0.00764858
0.456158 0.00768211
0.45482 0.00771591
0.453481 0.00774998
0.452141 0.00778432
0.4508 0.00781893
0.449458 0.00785382
0.448114 0.00788899
0.44677 0.00792444
0.445425 0.00796016
0.444079 0.00799617
0.442733 0.00803247
0.441385 0.00806905
0.440037 0.00810592
0.438687 0.00814309
0.437337 0.00818054
0.435987 0.00821829
0.434635 0.00825634
0.433283 0.00829469
0.431931 0.00833334
0.430577 0.00837229
0.429223 0.00841155
0.427869 0.00845111
0.426514 0.00849099
0.425159 0.00853118
0.423803 0.00857168
0.422447 0.00861249
0.42109 0.00865363
0.419733 0.00869509
0.418376 0.00873687
0.417018 0.00877897
0.41566 0.0088214
0.414302 0.00886416
0.412944 0.00890726
0.411585 0.00895068
0.410227 0.00899445
0.408868 0.00903855
0.407509 0.00908299
0.40615 0.00912777
0.404792 0.00917291
0.403433 0.00921838
0.402074 0.00926421
0.400716 0.00931039
0.399357 0.00935693
0.397999 0.00940382
0.396641 0.00945108
0.395283 0.00949869
0.393926 0.00954667
0.392569 0.00959502
0.391212 0.00964373
0.389856 0.00969282
0.3885 0.00974228
0.387145 0.00979212
0.38579 0.00984234
0.384435 0.00989294
0.383081 0.00994392
0.381728 0.00999529
0.380376 0.0100471
0.379024 0.0100992
0.377673 0.0101517
0.376322 0.0102047
0.374973 0.010258
0.373624 0.0103118
0.372276 0.0103659
0.37093 0.0104205
0.369584 0.0104754
0.368239 0.0105308
0.366895 0.0105866
0.365552 0.0106428
0.36421 0.0106995
0.36287 0.0107565
0.36153 0.010814
0.360192 0.0108719
0.358855 0.0109302
0.35752 0.010989
0.356185 0.0110482
0.354853 0.0111079
0.353521 0.0111679
0.352191 0.0112285
0.350863 0.0112895
0.349536 0.0113509
0.34821 0.0114128
0.346886 0.0114751
0.345564 0.0115379
0.344244 0.0116012
0.342925 0.0116649
0.341608 0.0117291
0.340293 0.0117937
0.338979 0.0118588
0.337668 0.0119244
0.336358 0.0119905
0.335051 0.0120571
0.333745 0.0121241
0.332442 0.0121917
0.33114 0.0122597
0.329841 0.0123282
0.328543 0.0123972
0.327248 0.0124667
0.325955 0.0125367
0.324664 0.0126072
0.323376 0.0126782
0.32209 0.0127497
0.320806 0.0128217
0.319525 0.0128943
0.318246 0.0129673
0.31697 0.0130409
0.315696 0.013115
0.314424 0.0131897
0.313155 0.0132648
0.311889 0.0133405
0.310626 0.0134167
0.309365 0.0134935
0.308106 0.0135708
0.306851 0.0136486
0.305598 0.013727
0.304348 0.013806
0.303101 0.0138854
0.301857 0.0139655
0.300616 0.0140461
0.299377 0.0141273
0.298142 0.014209
0.29691 0.0142913
0.29568 0.0143741
0.294454 0.0144576
0.293231 0.0145416
0.292011 0.0146262
0.290794 0.0147113
0.289581 0.0147971
0.28837 0.0148834
0.287163 0.0149703
0.285959 0.0150578
0.284758 0.0151459
0.283561 0.0152347
0.282367 0.015324
0.281177 0.0154139
0.27999 0.0155044
0.278806 0.0155955
0.277626 0.0156873
0.276449 0.0157796
0.275276 0.0158726
0.274107 0.0159662
0.272941 0.0160604
0.271778 0.0161552
0.27062 0.0162507
0.269464 0.0163468
0.268313 0.0164435
0.267165 0.0165409
0.266021 0.0166389
0.264881 0.0167376
0.263745 0.0168369
0.262612 0.0169368
0.261483 0.0170374
0.260358 0.0171387
0.259237 0.0172406
0.25812 0.0173432
0.257007 0.0174464
0.255897 0.0175503
0.254792 0.0176549
0.25369 0.0177602
0.252593 0.0178661
0.251499 0.0179727
0.25041 0.0180799
0.249324 0.0181879
0.248243 0.0182965
0.247165 0.0184059
0.246092 0.0185159
0.245023 0.0186266
0.243958 0.018738
0.242897 0.0188501
0.24184 0.0189629
0.240787 0.0190764
0.239739 0.0191906
0.238695 0.0193055
0.237654 0.0194212
0.236619 0.0195375
0.235587 0.0196546
0.23456 0.0197724
0.233536 0.0198909
0.232517 0.0200101
0.231503 0.0201301
0.230493 0.0202507
0.229486 0.0203722
0.228485 0.0204943
0.227487 0.0206172
0.226494 0.0207408
0.225505 0.0208652
0.224521 0.0209903
0.223541 0.0211162
0.222565 0.0212428
0.221593 0.0213701
0.220626 0.0214982
0.219664 0.0216271
0.218705 0.0217568
0.217751 0.0218871
0.216802 0.0220183
0.215857 0.0221502
0.214916 0.0222829
0.21398 0.0224164
0.213048 0.0225506
0.21212 0.0226856
0.211197 0.0228214
0.210278 0.022958
0.209364 0.0230954
0.208454 0.0232335
0.207548 0.0233724
0.206647 0.0235122
0.20575 0.0236527
0.204858 0.023794
0.20397 0.0239361
0.203087 0.024079
0.202208 0.0242227
0.201333 0.0243672
0.200463 0.0245125
0.199597 0.0246586
0.198735 0.0248056
0.197878 0.0249533
0.197026 0.0251019
0.196177 0.0252512
0.195334 0.0254014
0.194494 0.0255525
0.193659 0.0257043
0.192828 0.025857
0.192002 0.0260104
0.19118 0.0261648
0.190363 0.0263199
0.189549 0.0264759
0.188741 0.0266327
0.187936 0.0267904
0.187136 0.0269489
0.18634 0.0271082
0.185549 0.0272684
0.184761 0.0274294
0.183979 0.0275913
0.1832 0.027754
0.182426 0.0279176
0.181656 0.0280821
0.18089 0.0282473
0.180129 0.0284135
0.179372 0.0285805
0.178619 0.0287484
0.17787 0.0289171
0.177126 0.0290867
0.176386 0.0292572
0.17565 0.0294285
0.174918 0.0296007
0.174191 0.0297738
0.173467 0.0299477
0.172748 0.0301226
0.172033 0.0302983
0.171322 0.0304749
0.170616 0.0306523
0.169913 0.0308307
0.169215 0.0310099
0.16852 0.0311901
0.16783 0.0313711
0.167144 0.031553
0.166462 0.0317358
0.165784 0.0319195
0.16511 0.0321041
0.16444 0.0322896
0.163775 0.032476
0.163113 0.0326633
0.162455 0.0328515
0.161801 0.0330406
0.161151 0.0332307
0.160505 0.0334216
0.159863 0.0336134
0.159225 0.0338062
0.158591 0.0339999
0.157961 0.0341944
0.157334 0.03439
0.156712 0.0345864
0.156093 0.0347837
0.155479 0.034982
0.154868 0.0351812
0.154261 0.0353813
0.153657 0.0355824
0.153058 0.0357844
0.152462 0.0359873
0.15187 0.0361912
0.151282 0.0363959
0.150698 0.0366017
0.150117 0.0368083
0.14954 0.037016
0.148966 0.0372245
0.148397 0.037434
0.14783 0.0376445
0.147268 0.0378559
0.146709 0.0380682
0.146154 0.0382815
0.145602 0.0384958
0.145054 0.038711
0.14451 0.0389271
0.143969 0.0391443
0.143431 0.0393624
0.142898 0.0395814
0.142367 0.0398014
0.14184 0.0400224
0.141317 0.0402444
0.140797 0.0404673
0.14028 0.0406912
0.139767 0.040916
0.139257 0.0411419
0.138751 0.0413687
0.138248 0.0415965
0.137748 0.0418253
0.137252 0.0420551
0.136759 0.0422858
0.136269 0.0425176
0.135783 0.0427503
0.1353 0.042984
0.13482 0.0432187
0.134343 0.0434544
0.13387 0.0436911
0.1334 0.0439288
0.132933 0.0441675
0.132469 0.0444072
0.132008 0.0446479
0.13155 0.0448897
0.131096 0.0451324
0.130645 0.0453761
0.130197 0.0456209
0.129751 0.0458666
0.129309 0.0461134
0.12887 0.0463612
0.128434 0.0466101
0.128001 0.0468599
0.127571 0.0471108
0.127144 0.0473627
0.12672 0.0476156
0.126299 0.0478696
0.125881 0.0481246
0.125466 0.0483806
0.125054 0.0486377
0.124644 0.0488958
0.124238 0.049155
0.123834 0.0494152
0.123433 0.0496764
0.123035 0.0499387
0.12264 0.0502021
0.122248 0.0504665
0.121858 0.050732
0.121471 0.0509985
0.121087 0.0512661
0.120706 0.0515347
0.120327 0.0518045
0.119951 0.0520753
0.119578 0.0523471
0.119208 0.0526201
0.11884 0.0528941
0.118474 0.0531692
0.118112 0.0534454
0.117752 0.0537227
0.117395 0.054001
0.11704 0.0542805
0.116687 0.054561
0.116338 0.0548427
0.115991 0.0551254
0.115646 0.0554093
0.115304 0.0556942
0.114965 0.0559803
0.114627 0.0562675
0.114293 0.0565558
0.113961 0.0568452
0.113631 0.0571357
0.113304 0.0574274
0.112979 0.0577202
0.112656 0.0580141
0.112336 0.0583091
0.112019 0.0586053
0.111703 0.0589027
0.11139 0.0592011
0.11108 0.0595008
0.110772 0.0598015
0.110466 0.0601035
0.110162 0.0604065
0.10986 0.0607108
0.109561 0.0610162
0.109264 0.0613228
0.10897 0.0616305
0.108677 0.0619395
0.108387 0.0622496
0.108099 0.0625609
0.107814 0.0628733
0.10753 0.063187
0.107248 0.0635019
0.106969 0.0638179
0.106692 0.0641352
0.106417 0.0644537
0.106144 0.0647734
0.105873 0.0650943
0.105605 0.0654164
0.105338 0.0657397
0.105074 0.0660643
0.104811 0.0663901
0.104551 0.0667172
0.104292 0.0670454
0.104036 0.067375
0.103782 0.0677057
0.103529 0.0680378
0.103279 0.0683711
0.103031 0.0687056
0.102784 0.0690415
0.10254 0.0693786
0.102297 0.069717
0.102057 0.0700566
0.101818 0.0703976
0.101581 0.0707399
0.101347 0.0710834
0.101114 0.0714283
0.100883 0.0717744
0.100653 0.0721219
0.100426 0.0724707
0.100201 0.0728209
0.0999769 0.0731723
0.0997551 0.0735251
0.0995351 0.0738793
0.0993169 0.0742347
0.0991005 0.0745916
0.0988859 0.0749498
0.0986731 0.0753094
0.098462 0.0756703
0.0982527 0.0760326
0.0980452 0.0763964
0.0978394 0.0767615
0.0976353 0.077128
0.0974329 0.0774959
0.0972323 0.0778652
0.0970333 0.0782359
0.0968361 0.078608
0.0966405 0.0789816
0.0964466 0.0793566
0.0962544 0.0797331
0.0960638 0.080111
0.0958748 0.0804904
0.0956875 0.0808712
0.0955019 0.0812535
0.0953178 0.0816373
0.0951354 0.0820226
0.0949546 0.0824093
0.0947753 0.0827976
0.0945977 0.0831874
0.0944216 0.0835787
0.0942471 0.0839715
0.0940742 0.0843658
0.0939028 0.0847617
0.093733 0.0851592
0.0935647 0.0855581
0.0933979 0.0859587
0.0932327 0.0863608
0.0930689 0.0867645
0.0929067 0.0871698
0.092746 0.0875767
0.0925868 0.0879852
0.092429 0.0883954
0.0922727 0.0888071
0.0921179 0.0892205
0.0919646 0.0896355
0.0918127 0.0900522
0.0916623 0.0904705
0.0915133 0.0908906
0.0913658 0.0913123
0.0912196 0.0917356
0.0910749 0.0921607
0.0909316 0.0925875
0.0907897 0.093016
0.0906493 0.0934463
0.0905102 0.0938783
0.0903725 0.094312
0.0902362 0.0947475
0.0901012 0.0951848
0.0899676 0.0956239
0.0898354 0.0960647
0.0897046 0.0965074
0.0895751 0.0969519
0.0894469 0.0973982
0.0893201 0.0978463
0.0891946 0.0982963
0.0890704 0.0987482
0.0889476 0.0992019
0.088826 0.0996575
0.0887058 0.100115
0.0885869 0.100575
0.0884693 0.101036
0.088353 0.101499
0.088238 0.101964
0.0881242 0.102432
0.0880117 0.102901
0.0879005 0.103372
0.0877906 0.103845
0.0876819 0.10432
0.0875745 0.104798
0.0874684 0.105277
0.0873635 0.105758
0.0872598 0.106242
0.0871574 0.106727
0.0870562 0.107215
0.0869562 0.107704
0.0868575 0.108196
0.0867599 0.10869
0.0866636 0.109186
0.0865685 0.109685
0.0864747 0.110185
0.086382 0.110688
0.0862905 0.111193
0.0862002 0.1117
0.0861111 0.112209
0.0860232 0.112721
0.0859365 0.113235
0.0858509 0.113751
0.0857666 0.11427
0.0856834 0.114791
0.0856013 0.115314
0.0855205 0.11584
0.0854408 0.116368
0.0853623 0.116898
0.0852849 0.117431
0.0852086 0.117967
0.0851336 0.118504
0.0850596 0.119045
0.0849868 0.119588
0.0849152 0.120133
0.0848447 0.120681
0.0847753 0.121231
0.084707 0.121784
0.0846399 0.12234
0.0845739 0.122898
0.084509 0.123459
0.0844453 0.124023
0.0843827 0.124589
0.0843211 0.125158
0.0842607 0.12573
0.0842014 0.126304
0.0841433 0.126882
0.0840862 0.127462
0.0840302 0.128044
0.0839754 0.12863
0.0839216 0.129219
0.0838689 0.12981
0.0838174 0.130405
0.0837669 0.131002
0.0837175 0.131603
0.0836692 0.132206
0.0836221 0.132812
0.083576 0.133422
0.0835309 0.134034
0.083487 0.13465
0.0834442 0.135269
0.0834024 0.135891
0.0833618 0.136516
0.0833222 0.137144
0.0832837 0.137775
0.0832463 0.13841
0.0832099 0.139048
0.0831747 0.13969
0.0831405 0.140334
0.0831074 0.140983
0.0830754 0.141634
0.0830444 0.142289
0.0830146 0.142948
0.0829858 0.14361
0.0829581 0.144275
0.0829314 0.144944
0.0829059 0.145617
0.0828814 0.146294
0.082858 0.146974
0.0828357 0.147657
0.0828144 0.148345
0.0827942 0.149036
0.0827752 0.149731
0.0827571 0.15043
0.0827402 0.151133
0.0827244 0.15184
0.0827096 0.152551
0.0826959 0.153265
0.0826833 0.153984
0.0826718 0.154707
0.0826614 0.155434
0.082652 0.156165
0.0826438 0.1569
0.0826366 0.15764
0.0826305 0.158384
0.0826256 0.159132
0.0826217 0.159884
0.0826189 0.160641
0.0826172 0.161403
0.0826166 0.162169
0.0826171 0.162939
0.0826187 0.163714
0.0826214 0.164494
0.0826253 0.165278
0.0826302 0.166067
0.0826363 0.166861
0.0826434 0.167659
0.0826517 0.168463
0.0826611 0.169271
0.0826717 0.170085
0.0826834 0.170903
0.0826962 0.171727
0.0827101 0.172555
0.0827252 0.173389
0.0827414 0.174228
0.0827587 0.175072
0.0827772 0.175922
0.0827969 0.176777
0.0828177 0.177638
0.0828397 0.178504
0.0828628 0.179376
0.0828872 0.180253
0.0829126 0.181136
0.0829393 0.182025
0.0829672 0.182919
0.0829962 0.18382
0.0830264 0.184726
0.0830579 0.185638
0.0830905 0.186557
0.0831243 0.187482
0.0831594 0.188412
0.0831957 0.18935
0.0832332 0.190293
0.0832719 0.191243
0.0833119 0.192199
0.0833531 0.193162
0.0833955 0.194132
0.0834393 0.195108
0.0834842 0.196091
0.0835305 0.197081
0.083578 0.198078
0.0836268 0.199082
0.0836769 0.200093
0.0837284 0.201111
0.0837811 0.202136
0.0838351 0.203169
0.0838904 0.204209
0.0839471 0.205257
0.0840051 0.206312
0.0840645 0.207375
0.0841252 0.208446
0.0841873 0.209525
0.0842508 0.210611
0.0843156 0.211706
0.0843819 0.212809
0.0844495 0.21392
0.0845186 0.215039
0.084589 0.216167
0.0846609 0.217303
0.0847343 0.218448
0.0848091 0.219602
0.0848854 0.220764
0.0849631 0.221936
0.0850423 0.223116
0.0851231 0.224306
0.0852053 0.225505
0.0852891 0.226713
0.0853744 0.227931
0.0854612 0.229158
0.0855496 0.230395
0.0856396 0.231642
0.0857312 0.232899
0.0858243 0.234166
0.0859191 0.235443
0.0860155 0.236731
0.0861136 0.238028
0.0862133 0.239337
0.0863146 0.240656
0.0864177 0.241986
0.0865225 0.243327
0.086629 0.244679
0.0867372 0.246043
0.0868472 0.247417
0.0869589 0.248804
0.0870725 0.250201
0.0871878 0.251611
0.0873049 0.253033
0.0874239 0.254467
0.0875448 0.255912
0.0876675 0.257371
0.0877921 0.258842
0.0879187 0.260325
0.0880472 0.261822
0.0881776 0.263331
0.08831 0.264854
0.0884444 0.26639
0.0885808 0.26794
0.0887193 0.269503
0.0888598 0.27108
0.0890025 0.272671
0.0891472 0.274276
0.089294 0.275896
0.0894431 0.27753
0.0895943 0.279179
0.0897477 0.280843
0.0899033 0.282522
0.0900612 0.284217
0.0902214 0.285926
0.0903839 0.287652
0.0905488 0.289393
0.090716 0.29115
0.0908856 0.292924
0.0910576 0.294714
0.0912321 0.296521
0.0914091 0.298345
0.0915886 0.300185
0.0917707 0.302043
0.0919553 0.303919
0.0921426 0.305812
0.0923325 0.307723
0.092525 0.309652
0.0927203 0.3116
0.0929184 0.313566
0.0931192 0.315551
0.0933229 0.317555
0.0935294 0.319578
0.0937389 0.321621
0.0939512 0.323684
0.0941666 0.325766
0.094385 0.327869
0.0946064 0.329992
0.0948309 0.332135
0.0950586 0.3343
0.0952895 0.336486
0.0955236 0.338693
0.095761 0.340921
0.0960017 0.343172
0.0962458 0.345444
0.0964933 0.347739
0.0967443 0.350057
0.0969987 0.352397
0.0972568 0.35476
0.0975185 0.357147
0.0977839 0.359557
0.0980529 0.361991
0.0983258 0.364449
0.0986025 0.366931
0.0988831 0.369438
0.0991676 0.371969
0.0994562 0.374526
0.0997488 0.377107
0.100046 0.379715
0.100347 0.382348
0.100652 0.385006
0.100961 0.387691
0.101275 0.390403
0.101594 0.393141
0.101916 0.395905
0.102244 0.398697
0.102576 0.401516
0.102913 0.404363
0.103255 0.407237
0.103601 0.410139
0.103953 0.413069
0.104309 0.416027
0.104671 0.419014
0.105037 0.422029
0.10541 0.425073
0.105787 0.428146
0.10617 0.431248
0.106558 0.434379
0.106952 0.437539
0.107352 0.440728
0.107757 0.443947
0.108168 0.447196
0.108586 0.450474
0.109009 0.453782
0.109439 0.45712
0.109874 0.460487
0.110316 0.463884
0.110765 0.467311
0.11122 0.470768
0.111681 0.474255
0.11215 0.477771
0.112625 0.481317
0.113107 0.484893
0.113597 0.488498
0.114093 0.492132
0.114597 0.495796
0.115108 0.499489
0.115627 0.50321
0.116153 0.50696
0.116687 0.510739
0.117229 0.514545
0.117779 0.518379
0.118337 0.522241
0.118903 0.52613
0.119477 0.530046
0.12006 0.533988
0.120652 0.537956
0.121252 0.541949
0.121861 0.545968
0.122479 0.55001
0.123107 0.554077
0.123743 0.558167
0.124389 0.56228
0.125044 0.566415
0.125709 0.570571
0.126384 0.574747
0.127068 0.578944
0.127763 0.583159
0.128468 0.587393
0.129183 0.591644
0.129909 0.595912
0.130645 0.600195
0.131392 0.604493
0.13215 0.608805
0.132919 0.613129
0.133698 0.617465
0.13449 0.621811
0.135292 0.626167
0.136107 0.630531
0.136933 0.634903
0.13777 0.63928
0.13862 0.643662
0.139482 0.648047
0.140356 0.652435
0.141242 0.656824
0.142142 0.661212
0.143053 0.665598
0.143978 0.669982
0.144915 0.674361
0.145866 0.678735
0.146829 0.683101
0.147806 0.68746
0.148797 0.691808
0.149801 0.696145
0.150818 0.700469
0.15185 0.70478
0.152895 0.709075
0.153955 0.713353
0.155028 0.717613
0.156116 0.721854
0.157219 0.726074
0.158336 0.730271
0.159467 0.734445
0.160614 0.738594
0.161775 0.742718
0.162951 0.746813
0.164142 0.750881
0.165348 0.754918
0.16657 0.758924
0.167806 0.762899
0.169059 0.76684
0.170326 0.770747
0.17161 0.774618
0.172909 0.778453
0.174224 0.782251
0.175554 0.786011
0.176901 0.789731
0.178263 0.793412
0.179641 0.797052
0.181036 0.80065
0.182447 0.804206
0.183874 0.80772
0.185317 0.81119
0.186777 0.814616
0.188253 0.817997
0.189745 0.821334
0.191254 0.824625
0.192779 0.827871
0.194321 0.83107
0.19588 0.834223
0.197455 0.837329
0.199047 0.840389
0.200656 0.843402
0.202282 0.846367
0.203924 0.849286
0.205583 0.852157
0.207259 0.854982
0.208951 0.857759
0.210661 0.860489
0.212387 0.863172
0.214131 0.865809
0.215891 0.868399
0.217668 0.870943
0.219462 0.873441
0.221273 0.875894
0.223102 0.878301
0.224947 0.880662
0.226808 0.88298
0.228687 0.885253
0.230583 0.887482
0.232496 0.889667
0.234426 0.89181
0.236373 0.89391
0.238336 0.895968
0.240317 0.897985
0.242315 0.899961
0.244329 0.901896
0.246361 0.903791
0.248409 0.905647
0.250474 0.907464
0.252557 0.909243
0.254656 0.910984
0.256771 0.912689
0.258904 0.914356
0.261054 0.915988
0.26322 0.917585
0.265403 0.919147
0.267603 0.920675
0.26982 0.922169
0.272053 0.92363
0.274303 0.925059
0.276569 0.926457
0.278853 0.927823
0.281152 0.929159
0.283469 0.930465
0.285802 0.931741
0.288151 0.932989
0.290517 0.934209
0.292899 0.935401
0.295298 0.936566
0.297713 0.937704
0.300144 0.938816
0.302592 0.939903
0.305055 0.940965
0.307535 0.942003
0.310031 0.943017
0.312544 0.944008
0.315072 0.944976
0.317616 0.945921
0.320176 0.946845
0.322752 0.947747
0.325344 0.948629
0.327951 0.94949
0.330574 0.950331
0.333213 0.951153
0.335867 0.951955
0.338537 0.952739
0.341222 0.953505
0.343922 0.954253
0.346638 0.954984
0.349369 0.955698
0.352115 0.956395
0.354875 0.957076
0.357651 0.957741
0.360442 0.95839
0.363247 0.959025
0.366067 0.959645
0.368901 0.96025
0.37175 0.960841
0.374613 0.961419
0.37749 0.961983
0.380381 0.962534
0.383286 0.963073
0.386205 0.963598
0.389138 0.964112
0.392084 0.964614
0.395043 0.965104
0.398016 0.965582
0.401002 0.96605
0.404001 0.966507
0.407013 0.966953
0.410037 0.967389
0.413074 0.967814
0.416123 0.96823
0.419184 0.968636
0.422258 0.969033
0.425343 0.969421
0.42844 0.969799
0.431548 0.970169
0.434667 0.97053
0.437798 0.970883
0.440939 0.971228
0.444091 0.971565
0.447253 0.971894
0.450426 0.972215
0.453608 0.972529
0.4568 0.972835
0.460002 0.973134
0.463213 0.973427
0.466433 0.973712
0.469662 0.973991
0.472899 0.974264
0.476145 0.97453
0.479398 0.974789
0.48266 0.975043
0.485928 0.975291
0.489204 0.975533
0.492487 0.975769
0.495776 0.976
0.499072 0.976225
0.502374 0.976445
0.505681 0.976659
0.508994 0.976869
0.512312 0.977073
0.515634 0.977273
0.518961 0.977468
0.522293 0.977658
0.525627 0.977844
0.528966 0.978025
0.532307 0.978201
0.535651 0.978374
0.538998 0.978542
0.542347 0.978706
0.545697 0.978866
0.549049 0.979022
0.552402 0.979174
0.555755 0.979322
0.559108 0.979467
0.562462 0.979607
0.565815 0.979745
0.569167 0.979878
0.572518 0.980009
0.575867 0.980136
0.579214 0.980259
0.582559 0.98038
0.585901 0.980497
0.589239 0.980611
0.592574 0.980722
0.595906 0.98083
0.599233 0.980935
0.602555 0.981037
0.605872 0.981136
0.609183 0.981232
0.612488 0.981326
0.615788 0.981417
0.61908 0.981505
0.622365 0.981591
0.625643 0.981674
0.628913 0.981754
0.632175 0.981833
0.635428 0.981908
0.638672 0.981982
0.641907 0.982052
0.645131 0.982121
0.648346 0.982188
0.65155 0.982252
0.654743 0.982314
0.657925 0.982373
0.661095 0.982431
0.664253 0.982487
0.667399 0.98254
0.670532 0.982592
0.673652 0.982641
0.676759 0.982689
0.679852 0.982734
0.682931 0.982778
0.685995 0.98282
0.689045 0.98286
0.692079 0.982898
0.695099 0.982935
0.698103 0.982969
0.70109 0.983002
0.704062 0.983034
0.707017 0.983063
0.709955 0.983091
0.712876 0.983117
0.71578 0.983142
0.718666 0.983165
0.721535 0.983187
0.724385 0.983207
0.727217 0.983225
0.730031 0.983242
0.732826 0.983258
0.735602 0.983272
0.738358 0.983284
0.741096 0.983295
0.743814 0.983305
0.746512 0.983314
0.74919 0.983321
0.751848 0.983326
0.754486 0.983331
0.757104 0.983334
0.759701 0.983336
0.762277 0.983336
0.764833 0.983336
0.767368 0.983334
0.769882 0.983331
0.772375 0.983326
0.774847 0.983321
0.777297 0.983314
0.779726 0.983306
0.782134 0.983297
0.78452 0.983287
0.786885 0.983276
0.789228 0.983263
0.79155 0.98325
0.79385 0.983235
0.796129 0.983219
0.798386 0.983203
0.800621 0.983185
0.802835 0.983166
0.805027 0.983147
0.807197 0.983126
0.809346 0.983104
0.811473 0.983081
0.813578 0.983058
0.815662 0.983033
0.817725 0.983008
0.819766 0.982981
0.821785 0.982954
0.823784 0.982925
0.825761 0.982896
0.827717 0.982866
0.829652 0.982835
0.831566 0.982803
0.833459 0.98277
0.835331 0.982737
0.837182 0.982702
0.839012 0.982667
0.840823 0.982631
0.842612 0.982594
0.844382 0.982556
0.846131 0.982518
0.84786 0.982479
0.849569 0.982439
0.851258 0.982398
0.852927 0.982356
0.854577 0.982314
0.856208 0.982271
0.857819 0.982227
0.859411 0.982183
0.860983 0.982138
0.862537 0.982092
0.864073 0.982045
0.865589 0.981998
0.867088 0.98195
0.868567 0.981901
0.870029 0.981852
0.871473 0.981802
0.872899 0.981751
0.874307 0.9817
0.875698 0.981648
0.877072 0.981595
0.878428 0.981542
0.879767 0.981488
0.88109 0.981434
0.882396 0.981379
0.883685 0.981323
0.884958 0.981267
0.886214 0.98121
0.887455 0.981152
0.88868 0.981094
0.889889 0.981036
0.891083 0.980977
0.892261 0.980917
0.893424 0.980857
0.894572 0.980796
0.895705 0.980735
0.896824 0.980673
0.897928 0.980611
0.899017 0.980548
0.900093 0.980484
0.901154 0.980421
0.902202 0.980356
0.903236 0.980291
0.904256 0.980226
0.905263 0.98016
0.906257 0.980094
0.907237 0.980027
0.908205 0.97996
0.90916 0.979892
0.910102 0.979824
0.911032 0.979755
0.91195 0.979686
0.912856 0.979617
0.913749 0.979547
0.914631 0.979476
0.915501 0.979405
0.91636 0.979334
0.917207 0.979262
0.918043 0.97919
0.918868 0.979118
0.919682 0.979045
0.920485 0.978972
0.921278 0.978898
0.92206 0.978824
0.922832 0.978749
0.923593 0.978674
0.924344 0.978599
0.925086 0.978524
0.925817 0.978448
0.926539 0.978371
0.927252 0.978295
0.927954 0.978218
0.928648 0.97814
0.929332 0.978062
0.930008 0.977984
0.930674 0.977906
0.931332 0.977827
0.931981 0.977748
0.932621 0.977669
0.933253 0.977589
0.933876 0.977509
0.934492 0.977429
0.935099 0.977348
0.935698 0.977267
0.93629 0.977186
0.936873 0.977104
0.937449 0.977022
0.938017 0.97694
0.938578 0.976858
0.939132 0.976775
0.939678 0.976692
0.940217 0.976608
0.94075 0.976525
0.941275 0.976441
0.941793 0.976357
0.942305 0.976273
0.94281 0.976188
0.943308 0.976103
0.9438 0.976018
0.944286 0.975932
0.944765 0.975847
0.945238 0.975761
0.945705 0.975675
0.946166 0.975588
0.946621 0.975502
0.94707 0.975415
0.947513 0.975328
0.947951 0.975241
0.948383 0.975153
0.94881 0.975066
0.949231 0.974978
0.949647 0.974889
0.950057 0.974801
0.950462 0.974713
0.950863 0.974624
0.951258 0.974535
0.951648 0.974446
0.952033 0.974356
0.952413 0.974267
0.952788 0.974177
0.953159 0.974087
0.953525 0.973997
0.953887 0.973907
0.954244 0.973816
0.954596 0.973726
0.954944 0.973635
0.955288 0.973544
0.955628 0.973453
0.955963 0.973362
0.956294 0.97327
0.956621 0.973179
0.956944 0.973087
0.957263 0.972995
0.957578 0.972903
0.957889 0.972811
0.958197 0.972718
0.9585 0.972626
0.9588 0.972533
0.959096 0.97244
0.959389 0.972347
0.959678 0.972254
0.959964 0.972161
0.960246 0.972068
0.960525 0.971974
0.9608 0.971881
0.961072 0.971787
0.961341 0.971693
0.961606 0.971599
0.961869 0.971505
0.962128 0.971411
0.962384 0.971317
0.962637 0.971222
0.962887 0.971128
0.963134 0.971033
0.963379 0.970938
0.96362 0.970844
0.963858 0.970749
0.964094 0.970654
0.964327 0.970559
0.964557 0.970463
0.964784 0.970368
0.965009 0.970273
0.965231 0.970177
0.965451 0.970082
0.965668 0.969986
0.965883 0.96989
0.966095 0.969795
0.966304 0.969699
0.966511 0.969603
0.966716 0.969507
0.966919 0.969411
0.967119 0.969315
0.967317 0.969218
0.967512 0.969122
0.967706 0.969026
0.967897 0.968929
0.968086 0.968833
0.968273 0.968736
0.968457 0.96864
0.96864 0.968543
0.968821 0.968446
0.968999 0.968349
0.969176 0.968253
0.96935 0.968156
0.969523 0.968059
0.969694 0.967962
0.969863 0.967865
0.97003 0.967768
0.970195 0.967671
0.970358 0.967574
0.97052 0.967477
0.970679 0.967379
0.970837 0.967282
0.970993 0.967185
0.971148 0.967088
0.971301 0.96699
0.971452 0.966893
0.971601 0.966795
0.971749 0.966698
0.971896 0.966601
0.97204 0.966503
0.972183 0.966406
0.972325 0.966308
0.972465 0.966211
0.972604 0.966113
0.972741 0.966015
0.972876 0.965918
0.973011 0.96582
0.973143 0.965723
0.973275 0.965625
0.973405 0.965527
0.973533 0.96543
0.97366 0.965332
0.973786 0.965234
0.973911 0.965137
0.974034 0.965039
0.974156 0.964941
0.974277 0.964844
0.974396 0.964746
0.974514 0.964648
0.974631 0.964551
0.974747 0.964453
0.974861 0.964355
0.974975 0.964258
0.975087 0.96416
0.975198 0.964062
0.975308 0.963965
0.975416 0.963867
0.975524 0.96377
0.975631 0.963672
0.975736 0.963574
0.97584 0.963477
0.975944 0.963379
0.976046 0.963282
0.976147 0.963184
0.976247 0.963087
0.976346 0.962989
0.976445 0.962892
0.976542 0.962794
0.976638 0.962697
0.976733 0.962599
0.976827 0.962502
0.976921 0.962405
0.977013 0.962307
0.977105 0.96221
0.977195 0.962113
0.977285 0.962015
0.977374 0.961918
0.977462 0.961821
0.977549 0.961724
0.977635 0.961627
0.97772 0.96153
0.977805 0.961432
0.977888 0.961335
0.977971 0.961238
0.978053 0.961141
0.978135 0.961045
0.978215 0.960948
0.978295 0.960851
0.978374 0.960754
0.978452 0.960657
0.978529 0.96056
0.978606 0.960464
0.978682 0.960367
0.978757 0.96027
0.978831 0.960174
0.978905 0.960077
0.978978 0.959981
0.97905 0.959884
0.979122 0.959788
0.979193 0.959692
0.979263 0.959595
0.979333 0.959499
0.979402 0.959403
0.97947 0.959307
0.979537 0.959211
0.979604 0.959115
0.979671 0.959019
0.979737 0.958923
0.979802 0.958827
0.979866 0.958731
0.97993 0.958635
0.979993 0.958539
0.980056 0.958444
0.980118 0.958348
0.98018 0.958253
0.980241 0.958157
0.980301 0.958062
0.980361 0.957966
0.98042 0.957871
0.980479 0.957776
0.980537 0.957681
0.980595 0.957585
0.980652 0.95749
0.980709 0.957395
0.980765 0.9573
0.98082 0.957205
0.980875 0.957111
0.98093 0.957016
0.980984 0.956921
0.981038 0.956826
0.981091 0.956732
0.981143 0.956637
0.981195 0.956543
0.981247 0.956448
0.981298 0.956354
0.981349 0.95626
0.981399 0.956166
0.981449 0.956072
0.981498 0.955978
0.981547 0.955884
0.981596 0.95579
0.981644 0.955696
0.981691 0.955602
0.981738 0.955508
0.981785 0.955415
0.981831 0.955321
0.981877 0.955228
0.981923 0.955134
0.981968 0.955041
0.982013 0.954948
0.982057 0.954854
0.982101 0.954761
0.982144 0.954668
0.982187 0.954575
0.98223 0.954482
0.982273 0.95439
0.982315 0.954297
0.982356 0.954204
0.982397 0.954112
0.982438 0.954019
0.982479 0.953927
0.982519 0.953834
0.982559 0.953742
0.982598 0.95365
0.982637 0.953558
0.982676 0.953466
0.982715 0.953374
0.982753 0.953282
0.982791 0.95319
0.982828 0.953098
0.982865 0.953007
0.982902 0.952915
0.982938 0.952824
0.982975 0.952732
0.98301 0.952641
0.983046 0.95255
0.983081 0.952458
0.983116 0.952367
0.983151 0.952276
0.983185 0.952185
0.983219 0.952095
0.983253 0.952004
0.983286 0.951913
0.983319 0.951822
0.983352 0.951732
0.983385 0.951642
0.983417 0.951551
0.983449 0.951461
0.983481 0.951371
0.983512 0.951281
0.983544 0.951191
0.983575 0.951101
0.983605 0.951011
0.983636 0.950921
0.983666 0.950832
0.983696 0.950742
0.983725 0.950652
0.983755 0.950563
0.983784 0.950474
0.983813 0.950385
0.983841 0.950295
0.98387 0.950206
0.983898 0.950117
0.983926 0.950028
0.983954 0.94994
0.983981 0.949851
0.984008 0.949762
0.984035 0.949674
0.984062 0.949585
0.984089 0.949497
0.984115 0.949409
0.984141 0.949321
0.984167 0.949232
0.984192 0.949144
0.984218 0.949056
0.984243 0.948969
0.984268 0.948881
0.984293 0.948793
0.984317 0.948706
0.984342 0.948618
0.984366 0.948531
0.98439 0.948444
0.984414 0.948356
0.984437 0.948269
0.984461 0.948182
0.984484 0.948095
0.984507 0.948008
0.98453 0.947922
0.984552 0.947835
0.984575 0.947748
0.984597 0.947662
0.984619 0.947575
0.984641 0.947489
0.984662 0.947403
0.984684 0.947317
0.984705 0.947231
0.984726 0.947145
0.984747 0.947059
0.984768 0.946973
0.984788 0.946888
0.984809 0.946802
0.984829 0.946716
0.984849 0.946631
0.984869 0.946546
0.984889 0.946461
0.984908 0.946375
0.984928 0.94629
0.984947 0.946205
0.984966 0.946121
0.984985 0.946036
0.985004 0.945951
0.985023 0.945867
0.985041 0.945782
0.985059 0.945698
0.985077 0.945613
0.985095 0.945529
0.985113 0.945445
0.985131 0.945361
0.985149 0.945277
0.985166 0.945193
0.985183 0.945109
0.9852 0.945026
0.985217 0.944942
0.985234 0.944859
0.985251 0.944775
0.985267 0.944692
0.985284 0.944609
0.9853 0.944526
0.985316 0.944443
0.985332 0.94436
0.985348 0.944277
0.985364 0.944194
0.985379 0.944111
0.985395 0.944029
0.98541 0.943946
0.985426 0.943864
0.985441 0.943782
0.985456 0.943699
0.98547 0.943617
0.985485 0.943535
0.9855 0.943453
0.985514 0.943372
0.985529 0.94329
0.985543 0.943208
0.985557 0.943127
0.985571 0.943045
0.985585 0.942964
0.985598 0.942882
0.985612 0.942801
0.985626 0.94272
0.985639 0.942639
0.985652 0.942558
0.985666 0.942477
0.985679 0.942397
0.985692 0.942316
0.985704 0.942235
0.985717 0.942155
0.98573 0.942075
0.985742 0.941994
0.985755 0.941914
0.985767 0.941834
0.985779 0.941754
0.985791 0.941674
0.985803 0.941594
0.985815 0.941514
0.985827 0.941435
0.985839 0.941355
0.98585 0.941276
0.985862 0.941196
0.985873 0.941117
0.985885 0.941038
0.985896 0.940959
0.985907 0.94088
0.985918 0.940801
0.985929 0.940722
0.98594 0.940643
0.98595 0.940565
0.985961 0.940486
0.985972 0.940408
0.985982 0.940329
0.985993 0.940251
0.986003 0.940173
0.986013 0.940094
0.986023 0.940016
0.986033 0.939938
0.986043 0.939861
0.986053 0.939783
0.986063 0.939705
0.986072 0.939628
0.986082 0.93955
0.986092 0.939473
0.986101 0.939395
0.98611 0.939318
0.98612 0.939241
0.986129 0.939164
0.986138 0.939087
0.986147 0.93901
0.986156 0.938933
0.986165 0.938857
0.986173 0.93878
0.986182 0.938703
0.986191 0.938627
0.986199 0.938551
0.986208 0.938474
0.986216 0.938398
0.986225 0.938322
0.986233 0.938246
0.986241 0.93817
0.986249 0.938094
0.986257 0.938019
0.986265 0.937943
0.986273 0.937867
0.986281 0.937792
0.986289 0.937717
0.986296 0.937641
0.986304 0.937566
0.986312 0.937491
0.986319 0.937416
0.986327 0.937341
0.986334 0.937266
0.986341 0.937191
0.986348 0.937117
0.986356 0.937042
0.986363 0.936968
0.98637 0.936893
0.986377 0.936819
0.986383 0.936744
0.98639 0.93667
0.986397 0.936596
0.986404 0.936522
0.98641 0.936448
0.986417 0.936374
0.986424 0.936301
0.98643 0.936227
0.986436 0.936153
0.986443 0.93608
0.986449 0.936006
0.986455 0.935933
0.986461 0.93586
0.986468 0.935787
0.986474 0.935714
0.98648 0.935641
0.986486 0.935568
0.986491 0.935495
0.986497 0.935422
0.986503 0.93535
0.986509 0.935277
0.986514 0.935204
0.98652 0.935132
0.986526 0.93506
0.986531 0.934988
0.986537 0.934915
0.986542 0.934843
0.986547 0.934771
0.986553 0.934699
0.986558 0.934628
0.986563 0.934556
0.986568 0.934484
0.986573 0.934413
0.986578 0.934341
0.986583 0.93427
0.986588 0.934198
0.986593 0.934127
0.986598 0.934056
0.986603 0.933985
0.986608 0.933914
0.986612 0.933843
0.986617 0.933772
0.986621 0.933701
0.986626 0.933631
0.986631 0.93356
0.986635 0.933489
0.986639 0.933419
0.986644 0.933349
0.986648 0.933278
0.986652 0.933208
0.986657 0.933138
0.986661 0.933068
0.986665 0.932998
0.986669 0.932928
0.986673 0.932858
0.986677 0.932789
0.986681 0.932719
0.986685 0.932649
0.986689 0.93258
0.986693 0.932511
0.986697 0.932441
0.9867 0.932372
0.986704 0.932303
0.986708 0.932234
0.986712 0.932165
0.986715 0.932096
0.986719 0.932027
0.986722 0.931958
0.986726 0.931889
0.986729 0.931821
0.986733 0.931752
0.986736 0.931684
0.986739 0.931615
0.986743 0.931547
0.986746 0.931479
0.986749 0.931411
0.986752 0.931343
0.986756 0.931275
0.986759 0.931207
0.986762 0.931139
0.986765 0.931071
0.986768 0.931003
0.986771 0.930936
0.986774 0.930868
0.986777 0.930801
0.98678 0.930733
0.986782 0.930666
0.986785 0.930599
0.986788 0.930531
0.986791 0.930464
0.986793 0.930397
0.986796 0.93033
0.986799 0.930264
0.986801 0.930197
0.986804 0.93013
0.986806 0.930063
0.986809 0.929997
0.986811 0.92993
0.986814 0.929864
0.986816 0.929797
0.986819 0.929731
0.986821 0.929665
0.986823 0.929599
0.986826 0.929533
0.986828 0.929467
0.98683 0.929401
0.986832 0.929335
0.986834 0.929269
0.986837 0.929204
0.986839 0.929138
0.986841 0.929072
0.986843 0.929007
0.986845 0.928942
0.986847 0.928876
0.986849 0.928811
0.986851 0.928746
0.986853 0.928681
0.986855 0.928616
0.986856 0.928551
0.986858 0.928486
0.98686 0.928421
0.986862 0.928356
0.986864 0.928291
0.986865 0.928227
0.986867 0.928162
0.986869 0.928098
0.98687 0.928033
0.986872 0.927969
0.986874 0.927905
0.986875 0.927841
0.986877 0.927776
0.986878 0.927712
0.98688 0.927648
0.986881 0.927584
0.986883 0.927521
0.986884 0.927457
0.986885 0.927393
0.986887 0.927329
0.986888 0.927266
0.986889 0.927202
0.986891 0.927139
0.986892 0.927075
0.986893 0.927012
0.986895 0.926949
0.986896 0.926886
0.986897 0.926823
0.986898 0.92676
0.986899 0.926697
0.9869 0.926634
0.986901 0.926571
0.986903 0.926508
0.986904 0.926445
0.986905 0.926383
0.986906 0.92632
0.986907 0.926258
0.986908 0.926195
0.986909 0.926133
0.986909 0.926071
0.98691 0.926008
0.986911 0.925946
0.986912 0.925884
0.986913 0.925822
0.986914 0.92576
0.986915 0.925698
0.986915 0.925636
0.986916 0.925575
0.986917 0.925513
0.986918 0.925451
0.986918 0.92539
0.986919 0.925328
0.98692 0.925267
0.98692 0.925205
0.986921 0.925144
0.986922 0.925083
0.986922 0.925022
0.986923 0.924961
0.986923 0.924899
0.986924 0.924838
0.986924 0.924777
0.986925 0.924717
0.986925 0.924656
0.986926 0.924595
0.986926 0.924534
0.986927 0.924474
0.986927 0.924413
0.986927 0.924353
0.986928 0.924292
0.986928 0.924232
0.986928 0.924172
0.986929 0.924111
0.986929 0.924051
0.986929 0.923991
0.98693 0.923931
0.98693 0.923871
0.98693 0.923811
0.98693 0.923751
0.986931 0.923691
0.986931 0.923632
0.986931 0.923572
0.986931 0.923512
0.986931 0.923453
0.986931 0.923393
0.986932 0.923334
0.986932 0.923274
0.986932 0.923215
0.986932 0.923156
0.986932 0.923096
0.986932 0.923037
0.986932 0.922978
0.986932 0.922919
0.986932 0.92286
0.986932 0.922801
0.986932 0.922742
0.986932 0.922684
0.986932 0.922625
0.986932 0.922566
0.986932 0.922508
0.986932 0.922449
0.986931 0.922391
0.986931 0.922332
0.986931 0.922274
0.986931 0.922215
0.986931 0.922157
0.986931 0.922099
0.98693 0.922041
0.98693 0.921983
0.98693 0.921925
0.98693 0.921867
0.98693 0.921809
0.986929 0.921751
0.986929 0.921693
0.986929 0.921635
0.986928 0.921578
0.986928 0.92152
0.986928 0.921462
0.986928 0.921405
0.986927 0.921347
0.986927 0.92129
0.986926 0.921233
0.986926 0.921175
0.986926 0.921118
0.986925 0.921061
0.986925 0.921004
0.986924 0.920947
0.986924 0.92089
0.986924 0.920833
0.986923 0.920776
0.986923 0.920719
0.986922 0.920662
0.986922 0.920605
0.986921 0.920548
0.986921 0.920492
0.98692 0.920435
0.98692 0.920379
0.986919 0.920322
0.986918 0.920266
0.986918 0.920209
0.986917 0.920153
0.986917 0.920097
0.986916 0.920041
0.986915 0.919984
0.986915 0.919928
0.986914 0.919872
0.986914 0.919816
0.986913 0.91976
0.986912 0.919704
0.986912 0.919649
0.986911 0.919593
0.98691 0.919537
0.98691 0.919481
0.986909 0.919426
0.986908 0.91937
0.986907 0.919315
0.986907 0.919259
0.986906 0.919204
0.986905 0.919148
0.986904 0.919093
0.986904 0.919038
0.986903 0.918982
0.986902 0.918927
0.986901 0.918872
0.9869 0.918817
0.9869 0.918762
0.986899 0.918707
0.986898 0.918652
0.986897 0.918597
0.986896 0.918542
0.986895 0.918488
0.986894 0.918433
0.986894 0.918378
0.986893 0.918324
0.986892 0.918269
0.986891 0.918215
0.98689 0.91816
0.986889 0.918106
0.986888 0.918051
0.986887 0.917997
0.986886 0.917943
0.986885 0.917888
0.986884 0.917834
0.986883 0.91778
0.986882 0.917726
0.986881 0.917672
0.98688 0.917618
0.986879 0.917564
0.986878 0.91751
0.986877 0.917456
0.986876 0.917402
0.986875 0.917349
0.986874 0.917295
0.986873 0.917241
0.986872 0.917188
0.986871 0.917134
0.98687 0.917081
0.986869 0.917027
0.986868 0.916974
0.986867 0.91692
0.986866 0.916867
0.986865 0.916814
0.986864 0.916761
0.986863 0.916707
0.986861 0.916654
0.98686 0.916601
0.986859 0.916548
0.986858 0.916495
0.986857 0.916442
0.986856 0.916389
0.986855 0.916336
0.986853 0.916284
0.986852 0.916231
0.986851 0.916178
0.98685 0.916125
0.986849 0.916073
0.986848 0.91602
0.986846 0.915968
0.986845 0.915915
0.986844 0.915863
0.986843 0.91581
0.986842 0.915758
0.98684 0.915705
0.986839 0.915653
0.986838 0.915601
0.986837 0.915549
0.986835 0.915497
0.986834 0.915444
0.986833 0.915392
0.986832 0.91534
0.98683 0.915288
0.986829 0.915236
0.986828 0.915185
0.986826 0.915133
0.986825 0.915081
0.986824 0.915029
0.986823 0.914977
0.986821 0.914926
0.98682 0.914874
0.986819 0.914822
0.986817 0.914771
0.986816 0.914719
0.986815 0.914668
0.986813 0.914616
0.986812 0.914565
0.986811 0.914514
0.986809 0.914462
0.986808 0.914411
0.986807 0.91436
0.986805 0.914309
0.986804 0.914258
0.986802 0.914206
0.986801 0.914155
0.9868 0.914104
0.986798 0.914053
0.986797 0.914003
0.986796 0.913952
0.986794 0.913901
0.986793 0.91385
0.986791 0.913799
0.98679 0.913748
0.986789 0.913698
0.986787 0.913647
0.986786 0.913596
0.986784 0.913546
0.986783 0.913495
0.986781 0.913445
0.98678 0.913394
0.986778 0.913344
0.986777 0.913294
0.986776 0.913243
0.986774 0.913193
0.986773 0.913143
0.986771 0.913092
0.98677 0.913042
0.986768 0.912992
0.986767 0.912942
0.986765 0.912892
0.986764 0.912842
0.986762 0.912792
0.986761 0.912742
0.986759 0.912692
0.986758 0.912642
0.986756 0.912592
0.986755 0.912543
0.986753 0.912493
0.986752 0.912443
0.98675 0.912393
0.986749 0.912344
0.986747 0.912294
0.986746 0.912244
0.986744 0.912195
0.986743 0.912145
0.986741 0.912096
0.986739 0.912047
0.986738 0.911997
0.986736 0.911948
0.986735 0.911898
0.986733 0.911849
0.986732 0.9118
0.98673 0.911751
0.986729 0.911701
0.986727 0.911652
0.986725 0.911603
0.986724 0.911554
0.986722 0.911505
0.986721 0.911456
0.986719 0.911407
0.986718 0.911358
0.986716 0.911309
0.986714 0.91126
0.986713 0.911212
0.986711 0.911163
0.98671 0.911114
0.986708 0.911065
0.986706 0.911017
0.986705 0.910968
0.986703 0.910919
0.986702 0.910871
0.9867 0.910822
0.986698 0.910774
0.986697 0.910725
0.986695 0.910677
0.986693 0.910628
0.986692 0.91058
0.98669 0.910532
0.986689 0.910483
0.986687 0.910435
0.986685 0.910387
0.986684 0.910339
0.986682 0.91029
0.98668 0.910242
0.986679 0.910194
0.986677 0.910146
0.986675 0.910098
0.986674 0.91005
0.986672 0.910002
0.98667 0.909954
0.986669 0.909906
0.986667 0.909858
0.986665 0.90981
0.986664 0.909763
0.986662 0.909715
0.98666 0.909667
0.986659 0.909619
0.986657 0.909572
0.986655 0.909524
0.986654 0.909476
0.986652 0.909429
0.98665 0.909381
0.986649 0.909334
0.986647 0.909286
0.986645 0.909239
0.986643 0.909191
0.986642 0.909144
0.98664 0.909096
0.986638 0.909049
0.986637 0.909002
0.986635 0.908954
0.986633 0.908907
0.986632 0.90886
0.98663 0.908813
0.986628 0.908766
0.986626 0.908718
0.986625 0.908671
0.986623 0.908624
0.986621 0.908577
0.98662 0.90853
0.986618 0.908483
0.986616 0.908436
0.986614 0.908389
0.986613 0.908342
0.986611 0.908295
0.986609 0.908249
0.986607 0.908202
0.986606 0.908155
0.986604 0.908108
0.986602 0.908062
0.9866 0.908015
0.986599 0.907968
0.986597 0.907922
0.986595 0.907875
0.986593 0.907828
0.986592 0.907782
0.98659 0.907735
0.986588 0.907689
0.986586 0.907642
0.986585 0.907596
0.986583 0.907549
0.986581 0.907503
0.986579 0.907457
0.986578 0.90741
0.986576 0.907364
0.986574 0.907318
0.986572 0.907271
0.986571 0.907225
0.986569 0.907179
0.986567 0.907133
0.986565 0.907087
0.986564 0.907041
0.986562 0.906995
0.98656 0.906948
0.986558 0.906902
0.986556 0.906856
0.986555 0.90681
0.986553 0.906764
0.986551 0.906719
0.986549 0.906673
0.986548 0.906627
0.986546 0.906581
0.986544 0.906535
0.986542 0.906489
0.98654 0.906444
0.986539 0.906398
0.986537 0.906352
0.986535 0.906306
0.986533 0.906261
0.986531 0.906215
0.98653 0.906169
0.986528 0.906124
0.986526 0.906078
0.986524 0.906033
0.986522 0.905987
0.986521 0.905942
0.986519 0.905896
0.986517 0.905851
0.986515 0.905805
0.986513 0.90576
0.986512 0.905715
0.98651 0.905669
0.986508 0.905624
0.986506 0.905579
0.986504 0.905533
0.986503 0.905488
0.986501 0.905443
0.986499 0.905398
0.986497 0.905352
0.986495 0.905307
0.986493 0.905262
0.986492 0.905217
0.98649 0.905172
0.986488 0.905127
0.986486 0.905082
0.986484 0.905037
0.986483 0.904992
0.986481 0.904947
0.986479 0.904902
0.986477 0.904857
0.986475 0.904812
0.986473 0.904767
0.986472 0.904722
0.98647 0.904677
0.986468 0.904633
0.986466 0.904588
0.986464 0.904543
0.986463 0.904498
0.986461 0.904454
0.986459 0.904409
0.986457 0.904364
0.986455 0.90432
0.986453 0.904275
0.986452 0.90423
0.98645 0.904186
0.986448 0.904141
0.986446 0.904097
0.986444 0.904052
0.986442 0.904008
0.986441 0.903963
0.986439 0.903919
0.986437 0.903874
0.986435 0.90383
0.986433 0.903785
0.986431 0.903741
0.986429 0.903697
0.986428 0.903652
0.986426 0.903608
0.986424 0.903564
0.986422 0.903519
0.98642 0.903475
0.986418 0.903431
0.986417 0.903387
0.986415 0.903342
0.986413 0.903298
0.986411 0.903254
0.986409 0.90321
0.986407 0.903166
0.986405 0.903122
0.986404 0.903078
0.986402 0.903034
0.9864 0.90299
0.986398 0.902946
0.986396 0.902902
0.986394 0.902858
0.986393 0.902814
0.986391 0.90277
0.986389 0.902726
0.986387 0.902682
0.986385 0.902638
0.986383 0.902594
0.986381 0.90255
0.98638 0.902506
0.986378 0.902463
0.986376 0.902419
0.986374 0.902375
0.986372 0.902331
0.98637 0.902287
0.986368 0.902244
0.986367 0.9022
0.986365 0.902156
0.986363 0.902113
0.986361 0.902069
0.986359 0.902025
0.986357 0.901982
0.986355 0.901938
0.986354 0.901895
0.986352 0.901851
0.98635 0.901808
0.986348 0.901764
0.986346 0.90172
0.986344 0.901677
0.986342 0.901633
0.986341 0.90159
0.986339 0.901547
0.986337 0.901503
0.986335 0.90146
0.986333 0.901416
0.986331 0.901373
0.986329 0.90133
0.986328 0.901286
0.986326 0.901243
0.986324 0.9012
0.986322 0.901156
0.98632 0.901113
0.986318 0.90107
0.986316 0.901027
0.986314 0.900983
0.986313 0.90094
0.986311 0.900897
0.986309 0.900854
0.986307 0.900811
0.986305 0.900767
0.986303 0.900724
0.986301 0.900681
0.9863 0.900638
0.986298 0.900595
0.986296 0.900552
0.986294 0.900509
0.986292 0.900466
0.98629 0.900423
0.986288 0.90038
0.986286 0.900337
0.986285 0.900294
0.986283 0.900251
0.986281 0.900208
0.986279 0.900165
0.986277 0.900122
0.986275 0.900079
0.986273 0.900036
0.986271 0.899993
0.98627 0.89995
0.986268 0.899908
0.986266 0.899865
0.986264 0.899822
0.986262 0.899779
0.98626 0.899736
0.986258 0.899694
0.986256 0.899651
0.986255 0.899608
0.986253 0.899565
0.986251 0.899523
0.986249 0.89948
0.986247 0.899437
0.986245 0.899394
0.986243 0.899352
0.986241 0.899309
0.98624 0.899266
0.986238 0.899224
0.986236 0.899181
0.986234 0.899139
0.986232 0.899096
0.98623 0.899053
0.986228 0.899011
0.986226 0.898968
0.986225 0.898926
0.986223 0.898883
0.986221 0.898841
0.986219 0.898798
0.986217 0.898756
0.986215 0.898713
0.986213 0.898671
0.986211 0.898628
0.98621 0.898586
0.986208 0.898543
0.986206 0.898501
0.986204 0.898458
0.986202 0.898416
0.9862 0.898374
0.986198 0.898331
0.986196 0.898289
0.986195 0.898246
0.986193 0.898204
0.986191 0.898162
0.986189 0.898119
0.986187 0.898077
0.986185 0.898035
0.986183 0.897993
0.986181 0.89795
0.98618 0.897908
0.986178 0.897866
0.986176 0.897823
0.986174 0.897781
0.986172 0.897739
0.98617 0.897697
0.986168 0.897655
0.986166 0.897612
0.986165 0.89757
0.986163 0.897528
0.986161 0.897486
0.986159 0.897444
0.986157 0.897401
0.986155 0.897359
0.986153 0.897317
0.986151 0.897275
0.98615 0.897233
0.986148 0.897191
0.986146 0.897149
0.986144 0.897107
0.986142 0.897065
0.98614 0.897023
0.986138 0.89698
0.986136 0.896938
0.986135 0.896896
0.986133 0.896854
0.986131 0.896812
0.986129 0.89677
0.986127 0.896728
0.986125 0.896686
0.986123 0.896644
0.986121 0.896602
0.98612 0.89656
0.986118 0.896518
0.986116 0.896476
0.986114 0.896434
0.986112 0.896393
0.98611 0.896351
0.986108 0.896309
0.986106 0.896267
0.986104 0.896225
0.986103 0.896183
0.986101 0.896141
0.986099 0.896099
0.986097 0.896057
0.986095 0.896015
0.986093 0.895974
0.986091 0.895932
0.986089 0.89589
0.986088 0.895848
0.986086 0.895806
0.986084 0.895764
0.986082 0.895723
0.98608 0.895681
0.986078 0.895639
0.986076 0.895597
0.986074 0.895555
0.986073 0.895514
0.986071 0.895472
0.986069 0.89543
0.986067 0.895388
0.986065 0.895346
0.986063 0.895305
0.986061 0.895263
0.986059 0.895221
0.986058 0.895179
0.986056 0.895138
0.986054 0.895096
0.986052 0.895054
0.98605 0.895013
0.986048 0.894971
0.986046 0.894929
0.986044 0.894887
0.986042 0.894846
0.986041 0.894804
0.986039 0.894762
0.986037 0.894721
0.986035 0.894679
0.986033 0.894637
0.986031 0.894596
0.986029 0.894554
0.986027 0.894512
0.986026 0.894471
0.986024 0.894429
0.986022 0.894388
0.98602 0.894346
0.986018 0.894304
0.986016 0.894263
0.986014 0.894221
0.986012 0.894179
0.986011 0.894138
0.986009 0.894096
0.986007 0.894055
0.986005 0.894013
0.986003 0.893971
0.986001 0.89393
0.985999 0.893888
0.985997 0.893847
0.985995 0.893805
0.985994 0.893764
0.985992 0.893722
0.98599 0.89368
0.985988 0.893639
0.985986 0.893597
0.985984 0.893556
0.985982 0.893514
0.98598 0.893473
0.985979 0.893431
0.985977 0.893389
0.985975 0.893348
0.985973 0.893306
0.985971 0.893265
0.985969 0.893223
0.985967 0.893182
0.985965 0.89314
0.985964 0.893099
0.985962 0.893057
0.98596 0.893016
0.985958 0.892974
0.985956 0.892933
0.985954 0.892891
0.985952 0.89285
0.98595 0.892808
0.985948 0.892767
0.985947 0.892725
0.985945 0.892684
0.985943 0.892642
0.985941 0.892601
0.985939 0.892559
0.985937 0.892518
0.985935 0.892476
0.985933 0.892435
0.985932 0.892393
0.98593 0.892352
0.985928 0.89231
0.985926 0.892269
0.985924 0.892227
0.985922 0.892186
0.98592 0.892144
0.985918 0.892103
0.985917 0.892061
0.985915 0.89202
0.985913 0.891978
0.985911 0.891937
0.985909 0.891895
0.985907 0.891854
0.985905 0.891812
0.985903 0.891771
0.985901 0.891729
0.9859 0.891688
0.985898 0.891646
0.985896 0.891605
0.985894 0.891563
0.985892 0.891522
0.98589 0.89148
0.985888 0.891439
0.985886 0.891397
0.985885 0.891356
0.985883 0.891315
0.985881 0.891273
0.985879 0.891232
0.985877 0.89119
0.985875 0.891149
0.985873 0.891107
0.985871 0.891066
0.985869 0.891024
0.985868 0.890983
0.985866 0.890941
0.985864 0.8909
0.985862 0.890858
0.98586 0.890817
0.985858 0.890775
0.985856 0.890734
0.985854 0.890692
0.985853 0.890651
0.985851 0.890609
0.985849 0.890568
0.985847 0.890526
0.985845 0.890485
0.985843 0.890443
0.985841 0.890402
0.985839 0.89036
0.985837 0.890318
0.985836 0.890277
0.985834 0.890235
0.985832 0.890194
0.98583 0.890152
0.985828 0.890111
0.985826 0.890069
0.985824 0.890028
0.985822 0.889986
0.985821 0.889945
0.985819 0.889903
0.985817 0.889862
0.985815 0.88982
0.985813 0.889778
0.985811 0.889737
0.985809 0.889695
0.985807 0.889654
0.985805 0.889612
0.985804 0.889571
0.985802 0.889529
0.9858 0.889487
0.985798 0.889446
0.985796 0.889404
0.985794 0.889363
0.985792 0.889321
0.98579 0.88928
0.985788 0.889238
0.985787 0.889196
0.985785 0.889155
0.985783 0.889113
0.985781 0.889071
0.985779 0.88903
0.985777 0.888988
0.985775 0.888947
0.985773 0.888905
0.985771 0.888863
0.98577 0.888822
0.985768 0.88878
0.985766 0.888738
0.985764 0.888697
0.985762 0.888655
0.98576 0.888613
0.985758 0.888572
0.985756 0.88853
0.985754 0.888488
0.985753 0.888447
0.985751 0.888405
0.985749 0.888363
0.985747 0.888321
0.985745 0.88828
0.985743 0.888238
0.985741 0.888196
0.985739 0.888154
0.985737 0.888113
0.985736 0.888071
0.985734 0.888029
0.985732 0.887987
0.98573 0.887946
0.985728 0.887904
0.985726 0.887862
0.985724 0.88782
0.985722 0.887779
0.98572 0.887737
0.985718 0.887695
0.985717 0.887653
0.985715 0.887611
0.985713 0.887569
0.985711 0.887528
0.985709 0.887486
0.985707 0.887444
0.985705 0.887402
0.985703 0.88736
0.985701 0.887318
0.9857 0.887276
0.985698 0.887234
0.985696 0.887193
0.985694 0.887151
0.985692 0.887109
0.98569 0.887067
0.985688 0.887025
0.985686 0.886983
0.985684 0.886941
0.985682 0.886899
0.985681 0.886857
0.985679 0.886815
0.985677 0.886773
0.985675 0.886731
0.985673 0.886689
0.985671 0.886647
0.985669 0.886605
0.985667 0.886563
0.985665 0.886521
0.985663 0.886479
0.985662 0.886437
0.98566 0.886395
0.985658 0.886353
0.985656 0.886311
0.985654 0.886269
0.985652 0.886226
0.98565 0.886184
0.985648 0.886142
0.985646 0.8861
0.985644 0.886058
0.985643 0.886016
0.985641 0.885974
0.985639 0.885931
0.985637 0.885889
0.985635 0.885847
0.985633 0.885805
0.985631 0.885763
0.985629 0.88572
0.985627 0.885678
0.985625 0.885636
0.985623 0.885594
0.985622 0.885551
0.98562 0.885509
0.985618 0.885467
0.985616 0.885425
0.985614 0.885382
0.985612 0.88534
0.98561 0.885298
0.985608 0.885255
0.985606 0.885213
0.985604 0.88517
0.985602 0.885128
0.985601 0.885086
0.985599 0.885043
0.985597 0.885001
0.985595 0.884958
0.985593 0.884916
0.985591 0.884874
0.985589 0.884831
0.985587 0.884789
0.985585 0.884746
0.985583 0.884704
0.985581 0.884661
0.985579 0.884619
0.985578 0.884576
0.985576 0.884533
0.985574 0.884491
0.985572 0.884448
0.98557 0.884406
0.985568 0.884363
0.985566 0.88432
0.985564 0.884278
0.985562 0.884235
0.98556 0.884193
0.985558 0.88415
0.985556 0.884107
0.985555 0.884064
0.985553 0.884022
0.985551 0.883979
0.985549 0.883936
0.985547 0.883893
0.985545 0.883851
0.985543 0.883808
0.985541 0.883765
0.985539 0.883722
0.985537 0.883679
0.985535 0.883637
0.985533 0.883594
0.985531 0.883551
0.98553 0.883508
0.985528 0.883465
0.985526 0.883422
0.985524 0.883379
0.985522 0.883336
0.98552 0.883293
0.985518 0.88325
0.985516 0.883207
0.985514 0.883164
0.985512 0.883121
0.98551 0.883078
0.985508 0.883035
0.985506 0.882992
0.985504 0.882949
0.985502 0.882906
0.985501 0.882863
0.985499 0.88282
0.985497 0.882777
0.985495 0.882733
0.985493 0.88269
0.985491 0.882647
0.985489 0.882604
0.985487 0.88256
0.985485 0.882517
0.985483 0.882474
0.985481 0.882431
0.985479 0.882387
0.985477 0.882344
0.985475 0.882301
0.985473 0.882257
0.985471 0.882214
0.985469 0.882171
0.985468 0.882127
0.985466 0.882084
0.985464 0.88204
0.985462 0.881997
0.98546 0.881953
0.985458 0.88191
0.985456 0.881866
0.985454 0.881823
0.985452 0.881779
0.98545 0.881736
0.985448 0.881692
0.985446 0.881648
0.985444 0.881605
0.985442 0.881561
0.98544 0.881517
0.985438 0.881474
0.985436 0.88143
0.985434 0.881386
0.985432 0.881343
0.98543 0.881299
0.985429 0.881255
0.985427 0.881211
0.985425 0.881167
0.985423 0.881123
0.985421 0.88108
0.985419 0.881036
0.985417 0.880992
0.985415 0.880948
0.985413 0.880904
0.985411 0.88086
0.985409 0.880816
0.985407 0.880772
0.985405 0.880728
0.985403 0.880684
0.985401 0.88064
0.985399 0.880596
0.985397 0.880552
0.985395 0.880507
0.985393 0.880463
0.985391 0.880419
0.985389 0.880375
0.985387 0.880331
0.985385 0.880286
0.985383 0.880242
0.985381 0.880198
0.985379 0.880154
0.985377 0.880109
0.985375 0.880065
0.985373 0.880021
0.985371 0.879976
0.98537 0.879932
0.985368 0.879887
0.985366 0.879843
0.985364 0.879798
0.985362 0.879754
0.98536 0.879709
0.985358 0.879665
0.985356 0.87962
0.985354 0.879576
0.985352 0.879531
0.98535 0.879486
0.985348 0.879442
0.985346 0.879397
0.985344 0.879352
0.985342 0.879307
0.98534 0.879263
0.985338 0.879218
0.985336 0.879173
0.985334 0.879128
0.985332 0.879083
0.98533 0.879038
0.985328 0.878994
0.985326 0.878949
0.985324 0.878904
0.985322 0.878859
0.98532 0.878814
0.985318 0.878769
0.985316 0.878724
0.985314 0.878678
0.985312 0.878633
0.98531 0.878588
0.985308 0.878543
0.985306 0.878498
0.985304 0.878453
0.985302 0.878407
0.9853 0.878362
0.985298 0.878317
0.985296 0.878272
0.985294 0.878226
0.985292 0.878181
0.98529 0.878135
0.985288 0.87809
0.985286 0.878045
0.985284 0.877999
0.985282 0.877954
0.98528 0.877908
0.985278 0.877862
0.985276 0.877817
0.985274 0.877771
0.985272 0.877726
0.98527 0.87768
0.985268 0.877634
0.985266 0.877588
0.985264 0.877543
0.985262 0.877497
0.985259 0.877451
0.985257 0.877405
0.985255 0.877359
0.985253 0.877313
0.985251 0.877268
0.985249 0.877222
0.985247 0.877176
0.985245 0.87713
0.985243 0.877084
0.985241 0.877037
0.985239 0.876991
0.985237 0.876945
0.985235 0.876899
0.985233 0.876853
0.985231 0.876807
0.985229 0.87676
0.985227 0.876714
0.985225 0.876668
0.985223 0.876621
0.985221 0.876575
0.985219 0.876529
0.985217 0.876482
0.985215 0.876436
0.985213 0.876389
0.985211 0.876343
0.985209 0.876296
0.985207 0.87625
0.985204 0.876203
0.985202 0.876156
0.9852 0.87611
0.985198 0.876063
0.985196 0.876016
0.985194 0.875969
0.985192 0.875923
0.98519 0.875876
0.985188 0.875829
0.985186 0.875782
0.985184 0.875735
0.985182 0.875688
0.98518 0.875641
0.985178 0.875594
0.985176 0.875547
0.985174 0.8755
0.985171 0.875453
0.985169 0.875405
0.985167 0.875358
0.985165 0.875311
0.985163 0.875264
0.985161 0.875216
0.985159 0.875169
0.985157 0.875122
0.985155 0.875074
0.985153 0.875027
0.985151 0.874979
0.985149 0.874932
0.985147 0.874884
0.985144 0.874837
0.985142 0.874789
0.98514 0.874741
0.985138 0.874694
0.985136 0.874646
0.985134 0.874598
0.985132 0.87455
0.98513 0.874503
0.985128 0.874455
0.985126 0.874407
0.985124 0.874359
0.985121 0.874311
0.985119 0.874263
0.985117 0.874215
0.985115 0.874167
0.985113 0.874119
0.985111 0.874071
0.985109 0.874022
0.985107 0.873974
0.985105 0.873926
0.985103 0.873877
0.9851 0.873829
0.985098 0.873781
0.985096 0.873732
0.985094 0.873684
0.985092 0.873635
0.98509 0.873587
0.985088 0.873538
0.985086 0.87349
0.985083 0.873441
0.985081 0.873392
0.985079 0.873344
0.985077 0.873295
0.985075 0.873246
0.985073 0.873197
0.985071 0.873148
0.985069 0.873099
0.985066 0.87305
0.985064 0.873001
0.985062 0.872952
0.98506 0.872903
0.985058 0.872854
0.985056 0.872805
0.985054 0.872756
0.985051 0.872706
0.985049 0.872657
0.985047 0.872608
0.985045 0.872558
0.985043 0.872509
0.985041 0.872459
0.985039 0.87241
0.985036 0.87236
0.985034 0.872311
0.985032 0.872261
0.98503 0.872211
0.985028 0.872162
0.985026 0.872112
0.985023 0.872062
0.985021 0.872012
0.985019 0.871962
0.985017 0.871912
0.985015 0.871862
0.985013 0.871812
0.98501 0.871762
0.985008 0.871712
0.985006 0.871662
0.985004 0.871612
0.985002 0.871562
0.985 0.871511
0.984997 0.871461
0.984995 0.871411
0.984993 0.87136
0.984991 0.87131
0.984989 0.871259
0.984986 0.871209
0.984984 0.871158
0.984982 0.871107
0.98498 0.871057
0.984978 0.871006
0.984976 0.870955
0.984973 0.870904
0.984971 0.870853
0.984969 0.870803
0.984967 0.870752
0.984965 0.870701
0.984962 0.870649
0.98496 0.870598
0.984958 0.870547
0.984956 0.870496
0.984953 0.870445
0.984951 0.870393
0.984949 0.870342
0.984947 0.870291
0.984945 0.870239
0.984942 0.870188
0.98494 0.870136
0.984938 0.870085
0.984936 0.870033
0.984933 0.869981
0.984931 0.869929
0.984929 0.869878
0.984927 0.869826
0.984925 0.869774
0.984922 0.869722
0.98492 0.86967
0.984918 0.869618
0.984916 0.869566
0.984913 0.869514
0.984911 0.869461
0.984909 0.869409
0.984907 0.869357
0.984904 0.869304
0.984902 0.869252
0.9849 0.8692
0.984898 0.869147
0.984895 0.869094
0.984893 0.869042
0.984891 0.868989
0.984888 0.868936
0.984886 0.868884
0.984884 0.868831
0.984882 0.868778
0.984879 0.868725
0.984877 0.868672
0.984875 0.868619
0.984873 0.868566
0.98487 0.868513
0.984868 0.868459
0.984866 0.868406
0.984863 0.868353
0.984861 0.868299
0.984859 0.868246
0.984857 0.868193
0.984854 0.868139
0.984852 0.868085
0.98485 0.868032
0.984847 0.867978
0.984845 0.867924
0.984843 0.86787
0.98484 0.867817
0.984838 0.867763
0.984836 0.867709
0.984834 0.867655
0.984831 0.8676
0.984829 0.867546
0.984827 0.867492
0.984824 0.867438
0.984822 0.867383
0.98482 0.867329
0.984817 0.867274
0.984815 0.86722
0.984813 0.867165
0.98481 0.867111
0.984808 0.867056
0.984806 0.867001
0.984803 0.866946
0.984801 0.866891
0.984799 0.866837
0.984796 0.866782
0.984794 0.866726
0.984792 0.866671
0.984789 0.866616
0.984787 0.866561
0.984784 0.866506
0.984782 0.86645
0.98478 0.866395
0.984777 0.866339
0.984775 0.866284
0.984773 0.866228
0.98477 0.866172
0.984768 0.866117
0.984766 0.866061
0.984763 0.866005
0.984761 0.865949
0.984758 0.865893
0.984756 0.865837
0.984754 0.865781
0.984751 0.865724
0.984749 0.865668
0.984746 0.865612
0.984744 0.865555
0.984742 0.865499
0.984739 0.865442
0.984737 0.865386
0.984734 0.865329
0.984732 0.865272
0.98473 0.865216
0.984727 0.865159
0.984725 0.865102
0.984722 0.865045
0.98472 0.864988
0.984718 0.864931
0.984715 0.864873
0.984713 0.864816
0.98471 0.864759
0.984708 0.864701
0.984705 0.864644
0.984703 0.864586
0.9847 0.864529
0.984698 0.864471
0.984696 0.864413
0.984693 0.864355
0.984691 0.864298
0.984688 0.86424
0.984686 0.864181
0.984683 0.864123
0.984681 0.864065
0.984678 0.864007
0.984676 0.863949
0.984673 0.86389
0.984671 0.863832
0.984669 0.863773
0.984666 0.863715
0.984664 0.863656
0.984661 0.863597
0.984659 0.863538
0.984656 0.863479
0.984654 0.86342
0.984651 0.863361
0.984649 0.863302
0.984646 0.863243
0.984644 0.863184
0.984641 0.863124
0.984639 0.863065
0.984636 0.863005
0.984634 0.862946
0.984631 0.862886
0.984629 0.862826
0.984626 0.862766
0.984624 0.862706
0.984621 0.862646
0.984619 0.862586
0.984616 0.862526
0.984613 0.862466
0.984611 0.862406
0.984608 0.862345
0.984606 0.862285
0.984603 0.862224
0.984601 0.862164
0.984598 0.862103
0.984596 0.862042
0.984593 0.861981
0.984591 0.86192
0.984588 0.861859
0.984585 0.861798
0.984583 0.861737
0.98458 0.861676
0.984578 0.861614
0.984575 0.861553
0.984573 0.861491
0.98457 0.86143
0.984567 0.861368
0.984565 0.861306
0.984562 0.861244
0.98456 0.861183
0.984557 0.86112
0.984554 0.861058
0.984552 0.860996
0.984549 0.860934
0.984547 0.860871
0.984544 0.860809
0.984541 0.860746
0.984539 0.860684
0.984536 0.860621
0.984533 0.860558
0.984531 0.860495
0.984528 0.860432
0.984526 0.860369
0.984523 0.860306
0.98452 0.860243
0.984518 0.86018
0.984515 0.860116
0.984512 0.860053
0.98451 0.859989
0.984507 0.859925
0.984504 0.859862
0.984502 0.859798
0.984499 0.859734
0.984496 0.85967
0.984494 0.859605
0.984491 0.859541
0.984488 0.859477
0.984486 0.859412
0.984483 0.859348
0.98448 0.859283
0.984478 0.859218
0.984475 0.859154
0.984472 0.859089
0.984469 0.859024
0.984467 0.858959
0.984464 0.858893
0.984461 0.858828
0.984459 0.858763
0.984456 0.858697
0.984453 0.858632
0.98445 0.858566
0.984448 0.8585
0.984445 0.858434
0.984442 0.858368
0.984439 0.858302
0.984437 0.858236
0.984434 0.85817
0.984431 0.858103
0.984428 0.858037
0.984426 0.85797
0.984423 0.857904
0.98442 0.857837
0.984417 0.85777
0.984415 0.857703
0.984412 0.857636
0.984409 0.857569
0.984406 0.857501
0.984403 0.857434
0.984401 0.857366
0.984398 0.857299
0.984395 0.857231
0.984392 0.857163
0.984389 0.857095
0.984387 0.857027
0.984384 0.856959
0.984381 0.856891
0.984378 0.856822
0.984375 0.856754
0.984373 0.856685
0.98437 0.856617
0.984367 0.856548
0.984364 0.856479
0.984361 0.85641
0.984358 0.856341
0.984355 0.856272
0.984353 0.856202
0.98435 0.856133
0.984347 0.856063
0.984344 0.855993
0.984341 0.855924
0.984338 0.855854
0.984335 0.855784
0.984332 0.855714
0.98433 0.855643
0.984327 0.855573
0.984324 0.855502
0.984321 0.855432
0.984318 0.855361
0.984315 0.85529
0.984312 0.855219
0.984309 0.855148
0.984306 0.855077
0.984303 0.855006
0.9843 0.854934
0.984297 0.854863
0.984295 0.854791
0.984292 0.854719
0.984289 0.854648
0.984286 0.854575
0.984283 0.854503
0.98428 0.854431
0.984277 0.854359
0.984274 0.854286
0.984271 0.854214
0.984268 0.854141
0.984265 0.854068
0.984262 0.853995
0.984259 0.853922
0.984256 0.853848
0.984253 0.853775
0.98425 0.853702
0.984247 0.853628
0.984244 0.853554
0.984241 0.85348
0.984238 0.853406
0.984235 0.853332
0.984232 0.853258
0.984229 0.853183
0.984226 0.853109
0.984223 0.853034
0.98422 0.852959
0.984216 0.852884
0.984213 0.852809
0.98421 0.852734
0.984207 0.852659
0.984204 0.852583
0.984201 0.852508
0.984198 0.852432
0.984195 0.852356
0.984192 0.85228
0.984189 0.852204
0.984186 0.852128
0.984183 0.852051
0.984179 0.851975
0.984176 0.851898
0.984173 0.851821
0.98417 0.851744
0.984167 0.851667
0.984164 0.85159
0.984161 0.851513
0.984157 0.851435
0.984154 0.851357
0.984151 0.851279
0.984148 0.851202
0.984145 0.851123
0.984142 0.851045
0.984138 0.850967
0.984135 0.850888
0.984132 0.85081
0.984129 0.850731
0.984126 0.850652
0.984122 0.850573
0.984119 0.850493
0.984116 0.850414
0.984113 0.850334
0.98411 0.850255
0.984106 0.850175
0.984103 0.850095
0.9841 0.850014
0.984097 0.849934
0.984093 0.849854
0.98409 0.849773
0.984087 0.849692
0.984083 0.849611
0.98408 0.84953
0.984077 0.849449
0.984074 0.849367
0.98407 0.849286
0.984067 0.849204
0.984064 0.849122
0.98406 0.84904
0.984057 0.848958
0.984054 0.848876
0.98405 0.848793
0.984047 0.84871
0.984044 0.848627
0.98404 0.848544
0.984037 0.848461
0.984034 0.848378
0.98403 0.848294
0.984027 0.848211
0.984024 0.848127
0.98402 0.848043
0.984017 0.847959
0.984013 0.847874
0.98401 0.84779
0.984007 0.847705
0.984003 0.84762
0.984 0.847535
0.983996 0.84745
0.983993 0.847365
0.983989 0.847279
0.983986 0.847193
0.983983 0.847107
0.983979 0.847021
0.983976 0.846935
0.983972 0.846849
0.983969 0.846762
0.983965 0.846675
0.983962 0.846588
0.983958 0.846501
0.983955 0.846414
0.983951 0.846326
0.983948 0.846239
0.983944 0.846151
0.983941 0.846063
0.983937 0.845974
0.983934 0.845886
0.98393 0.845797
0.983927 0.845709
0.983923 0.84562
0.983919 0.84553
0.983916 0.845441
0.983912 0.845352
0.983909 0.845262
0.983905 0.845172
0.983901 0.845082
0.983898 0.844991
0.983894 0.844901
0.983891 0.84481
0.983887 0.844719
0.983883 0.844628
0.98388 0.844537
0.983876 0.844445
0.983872 0.844354
0.983869 0.844262
0.983865 0.84417
0.983861 0.844078
0.983858 0.843985
0.983854 0.843892
0.98385 0.843799
0.983847 0.843706
0.983843 0.843613
0.983839 0.84352
0.983836 0.843426
0.983832 0.843332
0.983828 0.843238
0.983824 0.843143
0.983821 0.843049
0.983817 0.842954
0.983813 0.842859
0.983809 0.842764
0.983805 0.842669
0.983802 0.842573
0.983798 0.842477
0.983794 0.842381
0.98379 0.842285
0.983786 0.842188
0.983783 0.842092
0.983779 0.841995
0.983775 0.841898
0.983771 0.8418
0.983767 0.841703
0.983763 0.841605
0.983759 0.841507
0.983756 0.841408
0.983752 0.84131
0.983748 0.841211
0.983744 0.841112
0.98374 0.841013
0.983736 0.840914
0.983732 0.840814
0.983728 0.840714
0.983724 0.840614
0.98372 0.840514
0.983716 0.840413
0.983712 0.840312
0.983708 0.840211
0.983704 0.84011
0.9837 0.840008
0.983696 0.839907
0.983692 0.839805
0.983688 0.839702
0.983684 0.8396
0.98368 0.839497
0.983676 0.839394
0.983672 0.839291
0.983668 0.839187
0.983664 0.839083
0.98366 0.838979
0.983656 0.838875
0.983652 0.838771
0.983648 0.838666
0.983643 0.838561
0.983639 0.838456
0.983635 0.83835
0.983631 0.838244
0.983627 0.838138
0.983623 0.838032
0.983618 0.837925
0.983614 0.837818
0.98361 0.837711
0.983606 0.837604
0.983602 0.837496
0.983597 0.837388
0.983593 0.83728
0.983589 0.837172
0.983585 0.837063
0.98358 0.836954
0.983576 0.836845
0.983572 0.836735
0.983568 0.836625
0.983563 0.836515
0.983559 0.836405
0.983555 0.836294
0.98355 0.836183
0.983546 0.836072
0.983542 0.83596
0.983537 0.835849
0.983533 0.835736
0.983529 0.835624
0.983524 0.835511
0.98352 0.835398
0.983515 0.835285
0.983511 0.835172
0.983507 0.835058
0.983502 0.834944
0.983498 0.834829
0.983493 0.834714
0.983489 0.834599
0.983484 0.834484
0.98348 0.834368
0.983475 0.834252
0.983471 0.834136
0.983466 0.834019
0.983462 0.833902
0.983457 0.833785
0.983453 0.833668
0.983448 0.83355
0.983443 0.833432
0.983439 0.833313
0.983434 0.833194
0.98343 0.833075
0.983425 0.832956
0.98342 0.832836
0.983416 0.832716
0.983411 0.832596
0.983406 0.832475
0.983402 0.832354
0.983397 0.832232
0.983392 0.832111
0.983388 0.831988
0.983383 0.831866
0.983378 0.831743
0.983373 0.83162
0.983369 0.831497
0.983364 0.831373
0.983359 0.831249
0.983354 0.831124
0.98335 0.831
0.983345 0.830874
0.98334 0.830749
0.983335 0.830623
0.98333 0.830497
0.983325 0.83037
0.98332 0.830243
0.983316 0.830116
0.983311 0.829988
0.983306 0.82986
0.983301 0.829732
0.983296 0.829603
0.983291 0.829474
0.983286 0.829344
0.983281 0.829214
0.983276 0.829084
0.983271 0.828953
0.983266 0.828822
0.983261 0.828691
0.983256 0.828559
0.983251 0.828427
0.983246 0.828295
0.983241 0.828162
0.983235 0.828028
0.98323 0.827895
0.983225 0.82776
0.98322 0.827626
0.983215 0.827491
0.98321 0.827356
0.983205 0.82722
0.983199 0.827084
0.983194 0.826947
0.983189 0.82681
0.983184 0.826673
0.983178 0.826535
0.983173 0.826397
0.983168 0.826258
0.983163 0.826119
0.983157 0.82598
0.983152 0.82584
0.983147 0.8257
0.983141 0.825559
0.983136 0.825418
0.983131 0.825276
0.983125 0.825134
0.98312 0.824992
0.983114 0.824849
0.983109 0.824705
0.983103 0.824562
0.983098 0.824417
0.983092 0.824273
0.983087 0.824127
0.983081 0.823982
0.983076 0.823836
0.98307 0.823689
0.983065 0.823542
0.983059 0.823395
0.983054 0.823247
0.983048 0.823099
0.983042 0.82295
0.983037 0.8228
0.983031 0.822651
0.983025 0.8225
0.98302 0.82235
0.983014 0.822198
0.983008 0.822047
0.983003 0.821894
0.982997 0.821742
0.982991 0.821588
0.982985 0.821435
0.982979 0.82128
0.982974 0.821126
0.982968 0.820971
0.982962 0.820815
0.982956 0.820659
0.98295 0.820502
0.982944 0.820345
0.982938 0.820187
0.982932 0.820028
0.982926 0.81987
0.98292 0.81971
0.982914 0.81955
0.982908 0.81939
0.982902 0.819229
0.982896 0.819067
0.98289 0.818905
0.982884 0.818743
0.982878 0.818579
0.982872 0.818416
0.982866 0.818252
0.982859 0.818087
0.982853 0.817921
0.982847 0.817755
0.982841 0.817589
0.982835 0.817422
0.982828 0.817254
0.982822 0.817086
0.982816 0.816917
0.982809 0.816748
0.982803 0.816577
0.982797 0.816407
0.98279 0.816236
0.982784 0.816064
0.982778 0.815891
0.982771 0.815718
0.982765 0.815545
0.982758 0.815371
0.982752 0.815196
0.982745 0.81502
0.982739 0.814844
0.982732 0.814668
0.982725 0.81449
0.982719 0.814312
0.982712 0.814134
0.982706 0.813954
0.982699 0.813774
0.982692 0.813594
0.982685 0.813413
0.982679 0.813231
0.982672 0.813048
0.982665 0.812865
0.982658 0.812681
0.982651 0.812497
0.982645 0.812311
0.982638 0.812126
0.982631 0.811939
0.982624 0.811752
0.982617 0.811564
0.98261 0.811375
0.982603 0.811186
0.982596 0.810996
0.982589 0.810805
0.982582 0.810613
0.982575 0.810421
0.982568 0.810228
0.982561 0.810034
0.982553 0.80984
0.982546 0.809645
0.982539 0.809449
0.982532 0.809252
0.982525 0.809055
0.982517 0.808857
0.98251 0.808658
0.982503 0.808458
0.982495 0.808258
0.982488 0.808057
0.982481 0.807855
0.982473 0.807652
0.982466 0.807448
0.982458 0.807244
0.982451 0.807039
0.982443 0.806833
0.982436 0.806626
0.982428 0.806418
0.98242 0.80621
0.982413 0.806001
0.982405 0.805791
0.982397 0.80558
0.98239 0.805368
0.982382 0.805155
0.982374 0.804942
0.982366 0.804728
0.982358 0.804513
0.98235 0.804297
0.982343 0.80408
0.982335 0.803862
0.982327 0.803643
0.982319 0.803424
0.982311 0.803203
0.982303 0.802982
0.982295 0.80276
0.982286 0.802536
0.982278 0.802312
0.98227 0.802087
0.982262 0.801861
0.982254 0.801634
0.982245 0.801407
0.982237 0.801178
0.982229 0.800948
0.98222 0.800717
0.982212 0.800486
0.982204 0.800253
0.982195 0.800019
0.982187 0.799785
0.982178 0.799549
0.98217 0.799312
0.982161 0.799075
0.982153 0.798836
0.982144 0.798596
0.982135 0.798356
0.982126 0.798114
0.982118 0.797871
0.982109 0.797627
0.9821 0.797382
0.982091 0.797136
0.982082 0.796889
0.982073 0.796641
0.982064 0.796392
0.982055 0.796142
0.982046 0.79589
0.982037 0.795638
0.982028 0.795384
0.982019 0.795129
0.98201 0.794873
0.982001 0.794616
0.981992 0.794358
0.981982 0.794099
0.981973 0.793838
0.981964 0.793576
0.981954 0.793314
0.981945 0.793049
0.981935 0.792784
0.981926 0.792518
0.981916 0.79225
0.981907 0.791981
0.981897 0.791711
0.981887 0.791439
0.981878 0.791167
0.981868 0.790893
0.981858 0.790618
0.981848 0.790341
0.981838 0.790063
0.981828 0.789784
0.981818 0.789504
0.981808 0.789222
0.981798 0.788939
0.981788 0.788655
0.981778 0.788369
0.981768 0.788082
0.981758 0.787794
0.981747 0.787504
0.981737 0.787213
0.981727 0.78692
0.981716 0.786626
0.981706 0.786331
0.981695 0.786034
0.981685 0.785735
0.981674 0.785436
0.981664 0.785134
0.981653 0.784832
0.981642 0.784528
0.981631 0.784222
0.98162 0.783915
0.98161 0.783606
0.981599 0.783296
0.981588 0.782984
0.981577 0.782671
0.981566 0.782356
0.981554 0.78204
0.981543 0.781722
0.981532 0.781402
0.981521 0.781081
0.981509 0.780758
0.981498 0.780433
0.981487 0.780107
0.981475 0.779779
0.981464 0.77945
0.981452 0.779119
0.98144 0.778786
0.981429 0.778451
0.981417 0.778115
0.981405 0.777777
0.981393 0.777437
0.981381 0.777095
0.981369 0.776752
0.981357 0.776407
0.981345 0.77606
0.981333 0.775711
0.981321 0.77536
0.981308 0.775008
0.981296 0.774653
0.981284 0.774297
0.981271 0.773939
0.981259 0.773578
0.981246 0.773216
0.981233 0.772852
0.981221 0.772486
0.981208 0.772118
0.981195 0.771748
0.981182 0.771376
0.981169 0.771002
0.981156 0.770626
0.981143 0.770248
0.98113 0.769868
0.981117 0.769486
0.981103 0.769101
0.98109 0.768715
0.981077 0.768326
0.981063 0.767935
0.98105 0.767542
0.981036 0.767147
0.981022 0.766749
0.981008 0.76635
0.980995 0.765948
0.980981 0.765543
0.980967 0.765137
0.980953 0.764728
0.980939 0.764316
0.980924 0.763903
0.98091 0.763487
0.980896 0.763068
0.980881 0.762647
0.980867 0.762224
0.980852 0.761798
0.980837 0.76137
0.980823 0.760939
0.980808 0.760506
0.980793 0.76007
0.980778 0.759632
0.980763 0.759191
0.980748 0.758747
0.980732 0.758301
0.980717 0.757852
0.980702 0.7574
0.980686 0.756946
0.980671 0.756489
0.980655 0.756029
0.980639 0.755566
0.980623 0.755101
0.980607 0.754632
0.980591 0.754161
0.980575 0.753687
0.980559 0.75321
0.980543 0.75273
0.980526 0.752247
0.98051 0.751761
0.980493 0.751272
0.980477 0.75078
0.98046 0.750285
0.980443 0.749787
0.980426 0.749286
0.980409 0.748781
0.980392 0.748274
0.980374 0.747763
0.980357 0.747249
0.98034 0.746731
0.980322 0.74621
0.980304 0.745686
0.980286 0.745159
0.980269 0.744628
0.980251 0.744093
0.980232 0.743555
0.980214 0.743014
0.980196 0.742469
0.980177 0.741921
0.980159 0.741369
0.98014 0.740813
0.980121 0.740253
0.980102 0.73969
0.980083 0.739123
0.980064 0.738553
0.980045 0.737978
0.980026 0.7374
0.980006 0.736817
0.979987 0.736231
0.979967 0.735641
0.979947 0.735047
0.979927 0.734448
0.979907 0.733846
0.979886 0.733239
0.979866 0.732629
0.979846 0.732014
0.979825 0.731395
0.979804 0.730771
0.979783 0.730143
0.979762 0.729511
0.979741 0.728874
0.97972 0.728233
0.979698 0.727588
0.979676 0.726937
0.979655 0.726283
0.979633 0.725623
0.979611 0.724959
0.979588 0.72429
0.979566 0.723616
0.979544 0.722937
0.979521 0.722254
0.979498 0.721565
0.979475 0.720872
0.979452 0.720173
0.979429 0.71947
0.979405 0.718761
0.979382 0.718047
0.979358 0.717327
0.979334 0.716603
0.97931 0.715873
0.979285 0.715137
0.979261 0.714396
0.979236 0.71365
0.979211 0.712898
0.979186 0.71214
0.979161 0.711376
0.979136 0.710607
0.97911 0.709832
0.979085 0.709051
0.979059 0.708264
0.979033 0.707471
0.979006 0.706672
0.97898 0.705866
0.978953 0.705055
0.978926 0.704237
0.978899 0.703413
0.978872 0.702582
0.978844 0.701745
0.978817 0.700901
0.978789 0.700051
0.978761 0.699193
0.978732 0.698329
0.978704 0.697459
0.978675 0.696581
0.978646 0.695696
0.978617 0.694804
0.978587 0.693905
0.978558 0.692999
0.978528 0.692085
0.978498 0.691164
0.978467 0.690236
0.978437 0.6893
0.978406 0.688356
0.978375 0.687405
0.978343 0.686445
0.978312 0.685478
0.97828 0.684503
0.978248 0.68352
0.978216 0.682528
0.978183 0.681528
0.97815 0.68052
0.978117 0.679504
0.978083 0.678478
0.97805 0.677445
0.978016 0.676402
0.977981 0.675351
0.977947 0.67429
0.977912 0.673221
0.977877 0.672143
0.977841 0.671055
0.977805 0.669958
0.977769 0.668851
0.977733 0.667735
0.977696 0.666609
0.977659 0.665474
0.977622 0.664329
0.977584 0.663173
0.977546 0.662008
0.977508 0.660832
0.977469 0.659646
0.97743 0.658449
0.977391 0.657242
0.977351 0.656024
0.977311 0.654796
0.977271 0.653556
0.97723 0.652306
0.977189 0.651044
0.977148 0.649771
0.977106 0.648486
0.977063 0.64719
0.977021 0.645882
0.976978 0.644563
0.976934 0.643231
0.97689 0.641888
0.976846 0.640532
0.976801 0.639164
0.976756 0.637783
0.976711 0.63639
0.976665 0.634983
0.976618 0.633564
0.976572 0.632132
0.976524 0.630687
0.976477 0.629228
0.976428 0.627756
0.97638 0.62627
0.976331 0.624771
0.976281 0.623257
0.976231 0.62173
0.97618 0.620188
0.976129 0.618632
0.976078 0.617061
0.976025 0.615475
0.975973 0.613875
0.97592 0.61226
0.975866 0.610629
0.975812 0.608983
0.975757 0.607322
0.975701 0.605645
0.975645 0.603952
0.975589 0.602243
0.975532 0.600518
0.975474 0.598776
0.975416 0.597018
0.975357 0.595244
0.975297 0.593453
0.975237 0.591644
0.975177 0.589819
0.975115 0.587976
0.975053 0.586116
0.97499 0.584238
0.974927 0.582342
0.974863 0.580428
0.974798 0.578496
0.974733 0.576546
0.974666 0.574578
0.974599 0.57259
0.974532 0.570584
0.974463 0.568559
0.974394 0.566515
0.974324 0.564451
0.974254 0.562368
0.974182 0.560266
0.97411 0.558143
0.974037 0.556001
0.973963 0.553838
0.973888 0.551656
0.973813 0.549452
0.973736 0.547229
0.973659 0.544984
0.973581 0.542719
0.973501 0.540433
0.973421 0.538126
0.97334 0.535797
0.973259 0.533447
0.973176 0.531076
0.973092 0.528683
0.973007 0.526268
0.972921 0.523832
0.972835 0.521373
0.972747 0.518893
0.972658 0.51639
0.972568 0.513865
0.972477 0.511318
0.972385 0.508748
0.972292 0.506156
0.972198 0.503541
0.972102 0.500904
0.972006 0.498244
0.971908 0.495561
0.971809 0.492856
0.971709 0.490128
0.971608 0.487377
0.971505 0.484603
0.971401 0.481807
0.971296 0.478988
0.97119 0.476146
0.971082 0.473282
0.970973 0.470395
0.970863 0.467485
0.970751 0.464553
0.970638 0.461598
0.970523 0.458622
0.970407 0.455623
0.97029 0.452601
0.970171 0.449558
0.970051 0.446494
0.969929 0.443407
0.969805 0.4403
0.96968 0.437171
0.969554 0.434021
0.969426 0.43085
0.969296 0.427659
0.969165 0.424447
0.969032 0.421216
0.968897 0.417965
0.968761 0.414695
0.968623 0.411405
0.968483 0.408098
0.968341 0.404772
0.968198 0.401428
0.968053 0.398066
0.967906 0.394688
0.967757 0.391293
0.967606 0.387882
0.967453 0.384456
0.967299 0.381015
0.967142 0.377559
0.966984 0.374089
0.966823 0.370606
0.96666 0.36711
0.966496 0.363602
0.966329 0.360082
0.966161 0.356552
0.96599 0.353012
0.965817 0.349462
0.965642 0.345903
0.965464 0.342336
0.965285 0.338762
0.965103 0.335181
0.964919 0.331595
0.964733 0.328004
0.964545 0.324408
0.964354 0.320809
0.964161 0.317208
0.963965 0.313605
0.963767 0.310001
0.963567 0.306398
0.963364 0.302795
0.963159 0.299194
0.962952 0.295596
0.962741 0.292002
0.962529 0.288412
0.962314 0.284828
0.962096 0.28125
0.961876 0.27768
0.961653 0.274118
0.961428 0.270565
0.9612 0.267022
0.96097 0.26349
0.960737 0.259971
0.960501 0.256464
0.960262 0.252971
0.960021 0.249492
0.959777 0.24603
0.959531 0.242584
0.959281 0.239155
0.959029 0.235744
0.958775 0.232353
0.958517 0.228981
0.958257 0.225631
0.957994 0.222301
0.957728 0.218995
0.957459 0.215711
0.957188 0.212451
0.956914 0.209216
0.956636 0.206006
0.956357 0.202822
0.956074 0.199664
0.955788 0.196534
0.9555 0.193432
0.955209 0.190358
0.954914 0.187314
0.954617 0.184299
0.954318 0.181314
0.954015 0.178359
0.953709 0.175436
0.953401 0.172544
0.95309 0.169684
0.952775 0.166856
0.952458 0.164061
0.952139 0.161299
0.951816 0.15857
0.95149 0.155874
0.951162 0.153212
0.950831 0.150584
0.950497 0.14799
0.95016 0.145431
0.94982 0.142905
0.949477 0.140415
0.949132 0.137958
0.948784 0.135537
0.948433 0.13315
0.948079 0.130798
0.947722 0.12848
0.947363 0.126197
0.947001 0.123948
0.946636 0.121734
0.946268 0.119554
0.945898 0.117409
0.945525 0.115297
0.945149 0.113219
0.944771 0.111175
0.94439 0.109165
0.944006 0.107188
0.943619 0.105244
0.94323 0.103333
0.942838 0.101454
0.942444 0.0996075
0.942047 0.0977932
0.941647 0.0960106
0.941245 0.0942594
0.94084 0.0925392
0.940433 0.0908499
0.940023 0.089191
0.93961 0.0875621
0.939195 0.085963
0.938778 0.0843933
0.938358 0.0828526
0.937936 0.0813406
0.937511 0.0798568
0.937083 0.0784009
0.936654 0.0769725
0.936222 0.0755713
0.935787 0.0741967
0.93535 0.0728486
0.934911 0.0715263
0.93447 0.0702297
0.934026 0.0689582
0.93358 0.0677114
0.933131 0.066489
0.93268 0.0652906
0.932228 0.0641158
0.931772 0.0629642
0.931315 0.0618354
0.930855 0.0607289
0.930393 0.0596445
0.929929 0.0585818
0.929463 0.0575402
0.928995 0.0565196
0.928524 0.0555194
0.928052 0.0545393
0.927577 0.053579
0.9271 0.0526381
0.926622 0.0517162
0.926141 0.0508129
0.925658 0.0499279
0.925173 0.0490609
0.924686 0.0482115
0.924197 0.0473794
0.923706 0.0465641
0.923213 0.0457655
0.922719 0.0449831
0.922222 0.0442167
0.921723 0.0434659
0.921223 0.0427303
0.920721 0.0420098
0.920216 0.041304
0.91971 0.0406125
0.919202 0.0399351
0.918692 0.0392716
0.918181 0.0386215
0.917667 0.0379847
0.917152 0.0373609
0.916635 0.0367497
0.916117 0.036151
0.915596 0.0355645
0.915074 0.0349898
0.91455 0.0344268
0.914025 0.0338752
0.913497 0.0333348
0.912968 0.0328054
0.912438 0.0322866
0.911906 0.0317783
0.911372 0.0312802
0.910836 0.0307922
0.910299 0.030314
0.90976 0.0298454
0.90922 0.0293862
0.908678 0.0289362
0.908134 0.0284952
0.907589 0.028063
0.907043 0.0276394
0.906495 0.0272243
0.905945 0.0268174
0.905394 0.0264185
0.904841 0.0260276
0.904287 0.0256444
0.903731 0.0252687
0.903174 0.0249005
0.902616 0.0245395
0.902056 0.0241855
0.901494 0.0238385
0.900931 0.0234983
0.900367 0.0231647
0.899801 0.0228376
0.899234 0.0225169
0.898666 0.0222023
0.898096 0.0218939
0.897524 0.0215914
0.896952 0.0212947
0.896378 0.0210037
0.895802 0.0207183
0.895226 0.0204383
0.894648 0.0201637
0.894068 0.0198943
0.893488 0.01963
0.892906 0.0193707
0.892323 0.0191164
0.891738 0.0188668
0.891152 0.0186219
0.890565 0.0183816
0.889977 0.0181458
0.889387 0.0179144
0.888796 0.0176873
0.888204 0.0174644
0.887611 0.0172456
0.887016 0.0170309
0.88642 0.0168202
0.885823 0.0166133
0.885225 0.0164102
0.884625 0.0162108
0.884024 0.0160151
0.883423 0.0158229
0.882819 0.0156342
0.882215 0.0154489
0.88161 0.015267
0.881003 0.0150883
0.880395 0.0149128
0.879786 0.0147405
0.879176 0.0145713
0.878565 0.014405
0.877953 0.0142418
0.877339 0.0140814
0.876724 0.0139238
0.876109 0.013769
0.875492 0.013617
0.874874 0.0134676
0.874254 0.0133208
0.873634 0.0131766
0.873013 0.0130349
0.87239 0.0128956
0.871767 0.0127588
0.871142 0.0126243
0.870516 0.0124921
0.869889 0.0123622
0.869261 0.0122345
0.868632 0.012109
0.868002 0.0119857
0.867371 0.0118644
0.866738 0.0117452
0.866105 0.0116279
0.865471 0.0115127
0.864835 0.0113994
0.864199 0.011288
0.863561 0.0111785
0.862922 0.0110708
0.862283 0.0109649
0.861642 0.0108607
0.861 0.0107582
0.860357 0.0106575
0.859713 0.0105584
0.859068 0.0104609
0.858422 0.0103651
0.857775 0.0102708
0.857127 0.010178
0.856478 0.0100868
0.855828 0.00999697
0.855177 0.00990865
0.854525 0.00982175
0.853872 0.00973625
0.853218 0.00965213
0.852562 0.00956935
0.851906 0.0094879
0.851249 0.00940774
0.85059 0.00932886
0.849931 0.00925124
0.849271 0.00917484
0.84861 0.00909965
0.847947 0.00902565
0.847284 0.00895281
0.846619 0.00888112
0.845954 0.00881054
0.845288 0.00874108
0.84462 0.00867269
0.843952 0.00860538
0.843282 0.00853911
0.842612 0.00847386
0.84194 0.00840963
0.841268 0.00834639
0.840594 0.00828412
0.83992 0.00822281
0.839244 0.00816245
0.838568 0.008103
0.83789 0.00804447
0.837212 0.00798684
0.836532 0.00793008
0.835852 0.00787418
0.83517 0.00781914
0.834488 0.00776493
0.833804 0.00771154
0.833119 0.00765896
0.832434 0.00760718
0.831747 0.00755617
0.83106 0.00750593
0.830371 0.00745645
0.829681 0.00740771
0.82899 0.0073597
0.828299 0.00731241
0.827606 0.00726583
0.826912 0.00721994
0.826217 0.00717473
0.825522 0.0071302
0.824825 0.00708634
0.824127 0.00704312
0.823428 0.00700055
0.822728 0.00695861
0.822027 0.00691728
0.821325 0.00687658
0.820622 0.00683647
0.819918 0.00679696
0.819213 0.00675803
0.818507 0.00671967
0.817799 0.00668188
0.817091 0.00664465
0.816382 0.00660796
0.815672 0.00657182
0.81496 0.00653621
0.814248 0.00650112
0.813534 0.00646655
0.81282 0.00643248
0.812104 0.00639892
0.811387 0.00636585
0.81067 0.00633327
0.809951 0.00630116
0.809231 0.00626953
0.80851 0.00623836
0.807788 0.00620765
0.807065 0.0061774
0.806341 0.00614758
0.805615 0.00611821
0.804889 0.00608927
0.804161 0.00606075
0.803433 0.00603266
0.802703 0.00600497
0.801972 0.0059777
0.80124 0.00595083
0.800508 0.00592436
0.799773 0.00589828
0.799038 0.00587258
0.798302 0.00584727
0.797564 0.00582233
0.796826 0.00579776
0.796086 0.00577356
0.795345 0.00574971
0.794603 0.00572623
0.79386 0.00570309
0.793116 0.0056803
0.792371 0.00565786
0.791624 0.00563575
0.790877 0.00561397
0.790128 0.00559252
0.789378 0.0055714
0.788627 0.0055506
0.787874 0.00553011
0.787121 0.00550993
0.786366 0.00549007
0.78561 0.0054705
0.784853 0.00545124
0.784095 0.00543227
0.783336 0.0054136
0.782575 0.00539522
0.781813 0.00537712
0.78105 0.00535931
0.780286 0.00534177
0.779521 0.00532451
0.778754 0.00530752
0.777986 0.0052908
0.777217 0.00527435
0.776447 0.00525816
0.775675 0.00524223
0.774903 0.00522655
0.774129 0.00521113
0.773353 0.00519596
0.772577 0.00518104
0.771799 0.00516637
0.77102 0.00515193
0.77024 0.00513774
0.769458 0.00512378
0.768675 0.00511006
0.767891 0.00509657
0.767105 0.0050833
0.766319 0.00507027
0.765531 0.00505746
0.764741 0.00504487
0.763951 0.0050325
0.763159 0.00502035
0.762366 0.00500841
0.761571 0.00499669
0.760775 0.00498518
0.759978 0.00497387
0.759179 0.00496277
0.758379 0.00495188
0.757578 0.00494119
0.756775 0.0049307
0.755971 0.00492041
0.755166 0.00491031
0.754359 0.00490041
0.753551 0.0048907
0.752742 0.00488118
0.751931 0.00487185
0.751118 0.00486271
0.750305 0.00485376
0.74949 0.00484499
0.748673 0.0048364
0.747855 0.00482799
0.747036 0.00481976
0.746215 0.0048117
0.745393 0.00480383
0.744569 0.00479613
0.743744 0.0047886
0.742918 0.00478124
0.74209 0.00477405
0.741261 0.00476703
0.74043 0.00476018
0.739597 0.00475349
0.738763 0.00474697
0.737928 0.00474061
0.737091 0.00473442
0.736253 0.00472838
0.735413 0.0047225
0.734572 0.00471678
0.733729 0.00471122
0.732885 0.00470582
0.732039 0.00470057
0.731191 0.00469547
0.730342 0.00469052
0.729492 0.00468573
0.72864 0.00468109
0.727786 0.00467659
0.726931 0.00467225
0.726074 0.00466805
0.725216 0.004664
0.724356 0.00466009
0.723495 0.00465633
0.722632 0.00465271
0.721767 0.00464923
0.720901 0.0046459
0.720033 0.00464271
0.719163 0.00463965
0.718292 0.00463674
0.717419 0.00463396
0.716545 0.00463133
0.715669 0.00462883
0.714791 0.00462646
0.713912 0.00462423
0.713031 0.00462214
0.712148 0.00462018
0.711264 0.00461835
0.710378 0.00461665
0.70949 0.00461509
0.7086 0.00461366
0.707709 0.00461236
0.706816 0.00461119
0.705922 0.00461014
0.705025 0.00460923
0.704127 0.00460845
0.703228 0.00460779
0.702326 0.00460726
0.701423 0.00460686
0.700518 0.00460658
0.699611 0.00460643
0.698703 0.00460641
0.697792 0.00460651
0.69688 0.00460673
0.695966 0.00460708
0.695051 0.00460755
0.694133 0.00460814
0.693214 0.00460886
0.692293 0.0046097
0.69137 0.00461066
0.690445 0.00461174
0.689519 0.00461295
0.68859 0.00461427
0.68766 0.00461572
0.686728 0.00461728
0.685794 0.00461897
0.684858 0.00462078
0.68392 0.0046227
0.682981 0.00462474
0.682039 0.00462691
0.681096 0.00462919
0.680151 0.00463159
0.679204 0.00463411
0.678255 0.00463674
0.677304 0.0046395
0.676351 0.00464237
0.675396 0.00464536
0.674439 0.00464846
0.673481 0.00465168
0.67252 0.00465502
0.671558 0.00465848
0.670593 0.00466206
0.669626 0.00466575
0.668658 0.00466955
0.667688 0.00467348
0.666715 0.00467752
0.665741 0.00468167
0.664764 0.00468595
0.663786 0.00469033
0.662806 0.00469484
0.661823 0.00469946
0.660839 0.0047042
0.659852 0.00470905
0.658864 0.00471402
0.657873 0.00471911
0.656881 0.00472431
0.655886 0.00472963
0.654889 0.00473506
0.653891 0.00474061
0.65289 0.00474628
0.651887 0.00475206
0.650882 0.00475796
0.649875 0.00476398
0.648866 0.00477011
0.647855 0.00477636
0.646842 0.00478273
0.645826 0.00478922
0.644809 0.00479582
0.643789 0.00480254
0.642767 0.00480937
0.641744 0.00481633
0.640718 0.0048234
0.639689 0.00483059
0.638659 0.0048379
0.637627 0.00484533
0.636592 0.00485287
0.635556 0.00486054
0.634517 0.00486832
0.633476 0.00487623
0.632433 0.00488425
0.631387 0.0048924
0.63034 0.00490066
0.62929 0.00490904
0.628238 0.00491755
0.627184 0.00492618
0.626128 0.00493492
0.62507 0.00494379
0.624009 0.00495278
0.622946 0.0049619
0.621881 0.00497114
0.620814 0.0049805
0.619745 0.00498998
0.618673 0.00499959
0.617599 0.00500932
0.616523 0.00501917
0.615445 0.00502916
0.614364 0.00503926
0.613282 0.00504949
0.612197 0.00505985
0.611109 0.00507034
0.61002 0.00508095
0.608928 0.00509169
0.607834 0.00510256
0.606738 0.00511356
0.60564 0.00512468
0.604539 0.00513594
0.603436 0.00514732
0.602331 0.00515884
0.601223 0.00517049
0.600114 0.00518227
0.599002 0.00519418
0.597887 0.00520622
0.596771 0.0052184
0.595652 0.00523071
0.594531 0.00524315
0.593408 0.00525573
0.592282 0.00526845
0.591154 0.0052813
0.590024 0.00529429
0.588892 0.00530742
0.587757 0.00532068
0.58662 0.00533409
0.585481 0.00534763
0.58434 0.00536131
0.583196 0.00537513
0.58205 0.0053891
0.580902 0.00540321
0.579751 0.00541746
0.578598 0.00543185
0.577443 0.00544639
0.576286 0.00546107
0.575126 0.0054759
0.573964 0.00549087
0.5728 0.00550599
0.571634 0.00552126
0.570465 0.00553668
0.569295 0.00555225
0.568121 0.00556797
0.566946 0.00558384
0.565768 0.00559986
0.564589 0.00561603
0.563406 0.00563236
0.562222 0.00564884
0.561036 0.00566548
0.559847 0.00568228
0.558656 0.00569923
0.557463 0.00571634
0.556267 0.00573361
0.555069 0.00575104
0.55387 0.00576862
0.552667 0.00578638
0.551463 0.00580429
0.550257 0.00582237
0.549048 0.00584061
0.547837 0.00585902
0.546624 0.00587759
0.545409 0.00589633
0.544192 0.00591524
0.542972 0.00593432
0.54175 0.00595357
0.540527 0.005973
0.539301 0.00599259
0.538073 0.00601236
0.536842 0.0060323
0.53561 0.00605242
0.534376 0.00607272
0.533139 0.0060932
0.531901 0.00611385
0.53066 0.00613469
0.529417 0.0061557
0.528172 0.0061769
0.526925 0.00619828
0.525677 0.00621985
0.524426 0.00624161
0.523173 0.00626355
0.521918 0.00628568
0.520661 0.006308
0.519402 0.00633051
0.518141 0.00635322
0.516878 0.00637612
0.515613 0.00639921
0.514346 0.0064225
0.513077 0.00644599
0.511807 0.00646967
0.510534 0.00649356
0.50926 0.00651764
0.507983 0.00654193
0.506705 0.00656643
0.505425 0.00659113
0.504143 0.00661604
0.502859 0.00664115
0.501574 0.00666648
0.500286 0.00669201
0.498997 0.00671776
0.497706 0.00674372
0.496414 0.0067699
0.495119 0.0067963
0.493823 0.00682291
0.492526 0.00684974
0.491226 0.0068768
0.489925 0.00690408
0.488622 0.00693158
0.487318 0.00695931
0.486012 0.00698727
0.484704 0.00701545
0.483395 0.00704387
0.482084 0.00707251
0.480772 0.0071014
0.479458 0.00713051
0.478143 0.00715987
0.476826 0.00718946
0.475508 0.0072193
0.474188 0.00724937
0.472867 0.00727969
0.471545 0.00731026
0.470221 0.00734107
0.468896 0.00737213
0.467569 0.00740344
0.466241 0.00743501
0.464912 0.00746683
0.463582 0.0074989
0.46225 0.00753123
0.460918 0.00756383
0.459584 0.00759668
0.458248 0.00762979
0.456912 0.00766318
0.455575 0.00769682
0.454236 0.00773074
0.452897 0.00776493
0.451556 0.00779939
0.450214 0.00783412
0.448872 0.00786913
0.447528 0.00790442
0.446184 0.00793999
0.444838 0.00797584
0.443492 0.00801197
0.442145 0.00804839
0.440797 0.0080851
0.439448 0.0081221
0.438098 0.00815939
0.436748 0.00819697
0.435397 0.00823485
0.434046 0.00827303
0.432693 0.00831151
0.43134 0.00835029
0.429987 0.00838938
0.428633 0.00842877
0.427278 0.00846847
0.425923 0.00850848
0.424567 0.00854881
0.423211 0.00858944
0.421855 0.0086304
0.420498 0.00867168
0.419141 0.00871327
0.417783 0.00875519
0.416426 0.00879744
0.415068 0.00884002
0.413709 0.00888292
0.412351 0.00892616
0.410993 0.00896973
0.409634 0.00901364
0.408275 0.00905789
0.406916 0.00910248
0.405558 0.00914742
0.404199 0.0091927
0.40284 0.00923833
0.401482 0.00928432
0.400123 0.00933065
0.398765 0.00937734
0.397407 0.00942439
0.396049 0.0094718
0.394691 0.00951958
0.393334 0.00956772
0.391977 0.00961623
0.39062 0.0096651
0.389264 0.00971435
0.387909 0.00976398
0.386553 0.00981398
0.385199 0.00986437
0.383845 0.00991513
0.382491 0.00996629
0.381138 0.0100178
0.379786 0.0100698
0.378434 0.0101221
0.377084 0.0101748
0.375734 0.0102279
0.374384 0.0102814
0.373036 0.0103353
0.371689 0.0103897
0.370342 0.0104444
0.368997 0.0104996
0.367652 0.0105551
0.366309 0.0106111
0.364967 0.0106675
0.363625 0.0107243
0.362285 0.0107815
0.360946 0.0108392
0.359609 0.0108973
0.358272 0.0109558
0.356937 0.0110148
0.355604 0.0110742
0.354272 0.011134
0.352941 0.0111943
0.351611 0.011255
0.350284 0.0113162
0.348957 0.0113778
0.347632 0.0114399
0.346309 0.0115024
0.344988 0.0115654
0.343668 0.0116289
0.34235 0.0116928
0.341034 0.0117572
0.33972 0.0118221
0.338407 0.0118874
0.337096 0.0119532
0.335788 0.0120195
0.334481 0.0120863
0.333176 0.0121535
0.331873 0.0122213
0.330573 0.0122895
0.329274 0.0123582
0.327978 0.0124274
0.326684 0.0124972
0.325392 0.0125674
0.324102 0.0126381
0.322815 0.0127093
0.32153 0.0127811
0.320247 0.0128533
0.318967 0.0129261
0.317689 0.0129994
0.316413 0.0130732
0.315141 0.0131475
0.31387 0.0132224
0.312603 0.0132978
0.311338 0.0133737
0.310075 0.0134501
0.308815 0.0135271
0.307558 0.0136047
0.306304 0.0136828
0.305053 0.0137614
0.303804 0.0138406
0.302558 0.0139203
0.301315 0.0140006
0.300075 0.0140814
0.298838 0.0141628
0.297604 0.0142448
0.296373 0.0143273
0.295145 0.0144105
0.29392 0.0144941
0.292698 0.0145784
0.29148 0.0146632
0.290264 0.0147487
0.289052 0.0148347
0.287843 0.0149212
0.286637 0.0150084
0.285435 0.0150962
0.284236 0.0151846
0.28304 0.0152735
0.281847 0.0153631
0.280658 0.0154533
0.279473 0.0155441
0.278291 0.0156355
0.277112 0.0157275
0.275937 0.0158201
0.274766 0.0159133
0.273598 0.0160072
0.272433 0.0161017
0.271272 0.0161968
0.270115 0.0162925
0.268962 0.0163889
0.267812 0.0164859
0.266666 0.0165836
0.265524 0.0166819
0.264385 0.0167808
0.26325 0.0168804
0.262119 0.0169807
0.260992 0.0170815
0.259869 0.0171831
0.258749 0.0172853
0.257634 0.0173882
0.256522 0.0174917
0.255414 0.0175959
0.254311 0.0177007
0.253211 0.0178063
0.252115 0.0179125
0.251023 0.0180194
0.249936 0.018127
0.248852 0.0182352
0.247772 0.0183441
0.246697 0.0184538
0.245625 0.0185641
0.244558 0.0186751
0.243494 0.0187868
0.242435 0.0188992
0.24138 0.0190123
0.240329 0.0191261
0.239283 0.0192407
0.23824 0.0193559
0.237202 0.0194718
0.236168 0.0195885
0.235138 0.0197059
0.234113 0.019824
0.233091 0.0199428
0.232074 0.0200623
0.231062 0.0201826
0.230053 0.0203036
0.229049 0.0204254
0.228049 0.0205478
0.227053 0.020671
0.226062 0.020795
0.225075 0.0209197
0.224093 0.0210451
0.223114 0.0211713
0.222141 0.0212982
0.221171 0.0214259
0.220206 0.0215544
0.219245 0.0216836
0.218289 0.0218135
0.217337 0.0219443
0.216389 0.0220758
0.215446 0.022208
0.214507 0.0223411
0.213572 0.0224749
0.212642 0.0226094
0.211717 0.0227448
0.210795 0.0228809
0.209879 0.0230178
0.208966 0.0231555
0.208058 0.023294
0.207154 0.0234333
0.206255 0.0235734
0.20536 0.0237142
0.20447 0.0238559
0.203584 0.0239983
0.202703 0.0241416
0.201825 0.0242856
0.200953 0.0244305
0.200084 0.0245762
0.19922 0.0247226
0.198361 0.0248699
0.197506 0.025018
0.196655 0.0251669
0.195809 0.0253167
0.194967 0.0254672
0.194129 0.0256186
0.193296 0.0257708
0.192467 0.0259238
0.191643 0.0260777
0.190823 0.0262323
0.190007 0.0263879
0.189196 0.0265442
0.188389 0.0267014
0.187586 0.0268594
0.186788 0.0270183
0.185994 0.027178
0.185205 0.0273385
0.184419 0.0274999
0.183638 0.0276622
0.182862 0.0278253
0.182089 0.0279892
0.181321 0.0281541
0.180557 0.0283197
0.179798 0.0284862
0.179043 0.0286536
0.178292 0.0288219
0.177545 0.028991
0.176802 0.0291609
0.176064 0.0293318
0.17533 0.0295035
0.1746 0.0296761
0.173874 0.0298496
0.173153 0.0300239
0.172436 0.0301991
0.171723 0.0303752
0.171014 0.0305522
0.170309 0.03073
0.169608 0.0309088
0.168911 0.0310884
0.168219 0.0312689
0.16753 0.0314503
0.166846 0.0316326
0.166166 0.0318158
0.16549 0.0319999
0.164817 0.0321849
0.164149 0.0323708
0.163485 0.0325576
0.162825 0.0327453
0.162169 0.0329339
0.161517 0.0331234
0.160869 0.0333138
0.160225 0.0335052
0.159584 0.0336974
0.158948 0.0338906
0.158316 0.0340846
0.157687 0.0342796
0.157062 0.0344755
0.156442 0.0346724
0.155825 0.0348701
0.155212 0.0350688
0.154602 0.0352684
0.153997 0.0354689
0.153395 0.0356704
0.152798 0.0358728
0.152203 0.0360761
0.151613 0.0362804
0.151027 0.0364856
0.150444 0.0366917
0.149865 0.0368988
0.149289 0.0371068
0.148717 0.0373158
0.148149 0.0375257
0.147585 0.0377366
0.147024 0.0379484
0.146467 0.0381611
0.145913 0.0383749
0.145363 0.0385895
0.144816 0.0388052
0.144273 0.0390217
0.143734 0.0392393
0.143198 0.0394578
0.142666 0.0396773
0.142137 0.0398977
0.141611 0.0401191
0.14109 0.0403415
0.140571 0.0405648
0.140056 0.0407892
0.139544 0.0410144
0.139036 0.0412407
0.138531 0.041468
0.13803 0.0416962
0.137531 0.0419254
0.137036 0.0421556
0.136545 0.0423868
0.136057 0.042619
0.135572 0.0428521
0.13509 0.0430863
0.134611 0.0433214
0.134136 0.0435576
0.133664 0.0437947
0.133195 0.0440328
0.13273 0.044272
0.132267 0.0445121
0.131808 0.0447533
0.131352 0.0449954
0.130899 0.0452386
0.130449 0.0454828
0.130002 0.045728
0.129558 0.0459742
0.129117 0.0462214
0.12868 0.0464697
0.128245 0.0467189
0.127813 0.0469692
0.127385 0.0472205
0.126959 0.0474729
0.126536 0.0477263
0.126117 0.0479807
0.1257 0.0482361
0.125286 0.0484926
0.124875 0.0487502
0.124467 0.0490087
0.124061 0.0492683
0.123659 0.049529
0.123259 0.0497907
0.122863 0.0500535
0.122469 0.0503173
0.122077 0.0505822
0.121689 0.0508481
0.121303 0.0511151
0.120921 0.0513831
0.12054 0.0516523
0.120163 0.0519225
0.119788 0.0521937
0.119416 0.0524661
0.119047 0.0527395
0.11868 0.053014
0.118316 0.0532896
0.117955 0.0535662
0.117596 0.053844
0.117239 0.0541228
0.116886 0.0544027
0.116535 0.0546838
0.116186 0.0549659
0.11584 0.0552491
0.115497 0.0555335
0.115156 0.0558189
0.114817 0.0561055
0.114481 0.0563931
0.114148 0.0566819
0.113817 0.0569718
0.113488 0.0572628
0.113162 0.057555
0.112838 0.0578483
0.112517 0.0581427
0.112198 0.0584382
0.111881 0.0587349
0.111567 0.0590327
0.111255 0.0593317
0.110945 0.0596318
0.110638 0.0599331
0.110333 0.0602355
0.11003 0.0605391
0.10973 0.0608439
0.109432 0.0611498
0.109136 0.0614569
0.108842 0.0617652
0.108551 0.0620746
0.108261 0.0623852
0.107974 0.062697
0.10769 0.06301
0.107407 0.0633242
0.107126 0.0636396
0.106848 0.0639562
0.106572 0.064274
0.106298 0.064593
0.106026 0.0649132
0.105756 0.0652346
0.105488 0.0655573
0.105223 0.0658812
0.104959 0.0662063
0.104697 0.0665326
0.104438 0.0668602
0.10418 0.067189
0.103925 0.0675191
0.103671 0.0678504
0.10342 0.068183
0.10317 0.0685169
0.102923 0.068852
0.102677 0.0691884
0.102434 0.069526
0.102192 0.069865
0.101952 0.0702052
0.101715 0.0705467
0.101479 0.0708896
0.101245 0.0712337
0.101013 0.0715791
0.100782 0.0719259
0.100554 0.0722739
0.100327 0.0726233
0.100103 0.072974
0.0998799 0.0733261
0.0996589 0.0736794
0.0994397 0.0740342
0.0992223 0.0743903
0.0990067 0.0747477
0.0987928 0.0751065
0.0985808 0.0754667
0.0983705 0.0758282
0.098162 0.0761911
0.0979552 0.0765555
0.0977501 0.0769212
0.0975468 0.0772883
0.0973452 0.0776568
0.0971453 0.0780267
0.0969471 0.0783981
0.0967505 0.0787708
0.0965557 0.0791451
0.0963625 0.0795207
0.096171 0.0798978
0.0959811 0.0802763
0.0957929 0.0806563
0.0956063 0.0810378
0.0954214 0.0814208
0.095238 0.0818052
0.0950563 0.0821911
0.0948762 0.0825785
0.0946976 0.0829675
0.0945207 0.0833579
0.0943453 0.0837499
0.0941715 0.0841433
0.0939992 0.0845384
0.0938285 0.0849349
0.0936594 0.085333
0.0934917 0.0857327
0.0933256 0.0861339
0.093161 0.0865368
0.092998 0.0869412
0.0928364 0.0873472
0.0926763 0.0877548
0.0925178 0.088164
0.0923607 0.0885748
0.092205 0.0889873
0.0920509 0.0894014
0.0918982 0.0898171
0.0917469 0.0902345
0.0915971 0.0906536
0.0914488 0.0910743
0.0913018 0.0914967
0.0911563 0.0919209
0.0910122 0.0923467
0.0908696 0.0927743
0.0907283 0.0932035
0.0905884 0.0936345
0.0904499 0.0940673
0.0903128 0.0945018
0.0901771 0.0949381
0.0900428 0.0953761
0.0899098 0.095816
0.0897782 0.0962576
0.0896479 0.0967011
0.089519 0.0971463
0.0893914 0.0975934
0.0892652 0.0980424
0.0891403 0.0984932
0.0890167 0.0989459
0.0888944 0.0994005
0.0887734 0.0998569
0.0886538 0.100315
0.0885355 0.100776
0.0884184 0.101238
0.0883026 0.101702
0.0881882 0.102168
0.088075 0.102636
0.0879631 0.103106
0.0878524 0.103578
0.087743 0.104052
0.0876349 0.104528
0.0875281 0.105006
0.0874224 0.105487
0.0873181 0.105969
0.0872149 0.106453
0.0871131 0.106939
0.0870124 0.107428
0.086913 0.107919
0.0868148 0.108411
0.0867178 0.108906
0.086622 0.109403
0.0865274 0.109903
0.0864341 0.110404
0.0863419 0.110908
0.086251 0.111414
0.0861612 0.111922
0.0860726 0.112432
0.0859852 0.112945
0.085899 0.11346
0.085814 0.113977
0.0857301 0.114497
0.0856474 0.115019
0.0855659 0.115543
0.0854856 0.11607
0.0854064 0.116599
0.0853284 0.11713
0.0852515 0.117664
0.0851757 0.118201
0.0851012 0.11874
0.0850277 0.119281
0.0849554 0.119825
0.0848843 0.120372
0.0848142 0.120921
0.0847454 0.121472
0.0846776 0.122026
0.084611 0.122583
0.0845455 0.123143
0.0844811 0.123705
0.0844178 0.124269
0.0843557 0.124837
0.0842946 0.125407
0.0842347 0.12598
0.0841759 0.126556
0.0841182 0.127134
0.0840616 0.127716
0.0840062 0.1283
0.0839518 0.128887
0.0838985 0.129477
0.0838463 0.130069
0.0837952 0.130665
0.0837452 0.131264
0.0836963 0.131865
0.0836485 0.13247
0.0836018 0.133078
0.0835562 0.133689
0.0835116 0.134302
0.0834682 0.134919
0.0834258 0.13554
0.0833846 0.136163
0.0833444 0.136789
0.0833053 0.137419
0.0832672 0.138052
0.0832303 0.138688
0.0831944 0.139328
0.0831596 0.139971
0.0831259 0.140617
0.0830933 0.141266
0.0830617 0.14192
0.0830313 0.142576
0.0830019 0.143236
0.0829735 0.1439
0.0829463 0.144567
0.0829201 0.145237
0.0828951 0.145912
0.082871 0.14659
0.0828481 0.147271
0.0828263 0.147957
0.0828055 0.148646
0.0827858 0.149339
0.0827672 0.150036
0.0827496 0.150736
0.0827332 0.151441
0.0827178 0.152149
0.0827035 0.152862
0.0826903 0.153578
0.0826782 0.154299
0.0826671 0.155024
0.0826572 0.155752
0.0826483 0.156485
0.0826405 0.157222
0.0826338 0.157964
0.0826282 0.15871
0.0826237 0.15946
0.0826203 0.160214
0.082618 0.160973
0.0826168 0.161736
0.0826167 0.162504
0.0826177 0.163276
0.0826198 0.164053
0.082623 0.164835
0.0826273 0.165621
0.0826327 0.166413
0.0826393 0.167209
0.0826469 0.168009
0.0826557 0.168815
0.0826656 0.169626
0.0826766 0.170441
0.0826888 0.171262
0.0827021 0.172087
0.0827165 0.172918
0.0827321 0.173754
0.0827488 0.174596
0.0827667 0.175442
0.0827857 0.176295
0.0828058 0.177152
0.0828272 0.178015
0.0828496 0.178883
0.0828733 0.179758
0.0828981 0.180637
0.0829241 0.181523
0.0829513 0.182414
0.0829797 0.183311
0.0830092 0.184214
0.08304 0.185123
0.0830719 0.186038
0.0831051 0.18696
0.0831395 0.187887
0.0831751 0.18882
0.0832119 0.18976
0.0832499 0.190707
0.0832892 0.191659
0.0833297 0.192619
0.0833714 0.193584
0.0834145 0.194557
0.0834587 0.195536
0.0835043 0.196522
0.0835511 0.197515
0.0835992 0.198515
0.0836485 0.199522
0.0836992 0.200536
0.0837512 0.201557
0.0838045 0.202586
0.0838591 0.203622
0.083915 0.204666
0.0839723 0.205717
0.0840309 0.206775
0.0840908 0.207842
0.0841521 0.208916
0.0842148 0.209998
0.0842789 0.211088
0.0843443 0.212186
0.0844112 0.213292
0.0844795 0.214407
0.0845491 0.21553
0.0846202 0.216662
0.0846928 0.217802
0.0847667 0.21895
0.0848422 0.220108
0.0849191 0.221274
0.0849975 0.22245
0.0850774 0.223634
0.0851587 0.224828
0.0852417 0.226031
0.0853261 0.227243
0.0854121 0.228465
0.0854996 0.229697
0.0855887 0.230938
0.0856793 0.232189
0.0857716 0.23345
0.0858655 0.234722
0.085961 0.236003
0.0860581 0.237296
0.0861569 0.238598
0.0862573 0.239911
0.0863594 0.241235
0.0864632 0.24257
0.0865687 0.243916
0.086676 0.245273
0.086785 0.246641
0.0868957 0.248021
0.0870082 0.249412
0.0871225 0.250815
0.0872387 0.25223
0.0873566 0.253657
0.0874764 0.255096
0.0875981 0.256547
0.0877217 0.258011
0.0878471 0.259487
0.0879745 0.260977
0.0881038 0.262479
0.0882351 0.263994
0.0883684 0.265523
0.0885037 0.267064
0.088641 0.26862
0.0887804 0.270189
0.0889218 0.271772
0.0890653 0.27337
0.089211 0.274981
0.0893588 0.276607
0.0895088 0.278248
0.0896609 0.279903
0.0898153 0.281574
0.0899719 0.283259
0.0901308 0.284961
0.090292 0.286677
0.0904555 0.288409
0.0906214 0.290158
0.0907897 0.291922
0.0909603 0.293703
0.0911335 0.2955
0.091309 0.297314
0.0914871 0.299145
0.0916677 0.300994
0.0918509 0.302859
0.0920367 0.304743
0.0922251 0.306643
0.0924161 0.308563
0.0926099 0.3105
0.0928064 0.312455
0.0930057 0.31443
0.0932077 0.316423
0.0934126 0.318435
0.0936204 0.320467
0.0938311 0.322519
0.0940448 0.32459
0.0942615 0.326681
0.0944812 0.328792
0.094704 0.330924
0.0949299 0.333077
0.0951589 0.335251
0.0953912 0.337446
0.0956267 0.339662
0.0958656 0.3419
0.0961078 0.34416
0.0963533 0.346443
0.0966023 0.348747
0.0968548 0.351075
0.0971109 0.353425
0.0973705 0.355798
0.0976338 0.358195
0.0979008 0.360616
0.0981715 0.36306
0.098446 0.365529
0.0987244 0.368022
0.0990067 0.370539
0.099293 0.373081
0.0995834 0.375649
0.0998778 0.378242
0.100176 0.38086
0.100479 0.383504
0.100786 0.386174
0.101098 0.388871
0.101413 0.391594
0.101734 0.394344
0.102059 0.39712
0.102388 0.399924
0.102722 0.402755
0.103061 0.405613
0.103405 0.4085
0.103754 0.411414
0.104107 0.414356
0.104466 0.417327
0.10483 0.420326
0.105199 0.423354
0.105574 0.42641
0.105953 0.429495
0.106339 0.43261
0.106729 0.435754
0.107126 0.438927
0.107528 0.442129
0.107936 0.445361
0.10835 0.448622
0.10877 0.451914
0.109196 0.455234
0.109628 0.458585
0.110066 0.461966
0.110511 0.465376
0.110962 0.468816
0.11142 0.472286
0.111885 0.475785
0.112356 0.479315
0.112835 0.482874
0.11332 0.486462
0.113812 0.49008
0.114312 0.493727
0.114819 0.497403
0.115333 0.501109
0.115855 0.504843
0.116385 0.508605
0.116922 0.512396
0.117468 0.516214
0.118021 0.520061
0.118583 0.523934
0.119152 0.527835
0.119731 0.531762
0.120317 0.535716
0.120913 0.539695
0.121517 0.543699
0.12213 0.547728
0.122752 0.551782
0.123383 0.555859
0.124024 0.559959
0.124674 0.564081
0.125333 0.568225
0.126002 0.57239
0.126681 0.576576
0.12737 0.58078
0.128069 0.585004
0.128779 0.589246
0.129498 0.593504
0.130229 0.597779
0.13097 0.602069
0.131721 0.606373
0.132484 0.61069
0.133257 0.615019
0.134042 0.61936
0.134838 0.623711
0.135646 0.62807
0.136465 0.632438
0.137297 0.636812
0.138139 0.641191
0.138995 0.645575
0.139862 0.649961
0.140741 0.654349
0.141633 0.658738
0.142538 0.663126
0.143455 0.667511
0.144385 0.671893
0.145328 0.67627
0.146284 0.680641
0.147254 0.685004
0.148237 0.689358
0.149233 0.693701
0.150243 0.698033
0.151267 0.702352
0.152304 0.706655
0.153356 0.710943
0.154421 0.715214
0.155501 0.719466
0.156596 0.723697
0.157704 0.727908
0.158828 0.732095
0.159966 0.736258
0.161118 0.740396
0.162286 0.744508
0.163469 0.748591
0.164666 0.752646
0.165879 0.75667
0.167107 0.760662
0.168351 0.764622
0.16961 0.768548
0.170884 0.77244
0.172175 0.776296
0.17348 0.780115
0.174802 0.783896
0.17614 0.787638
0.177493 0.791342
0.178862 0.795005
0.180248 0.798627
0.18165 0.802207
0.183067 0.805744
0.184501 0.809239
0.185952 0.81269
0.187419 0.816096
0.188902 0.819458
0.190401 0.822775
0.191917 0.826047
0.19345 0.829272
0.194999 0.832451
0.196565 0.835584
0.198148 0.83867
0.199747 0.841709
0.201363 0.844701
0.202996 0.847646
0.204645 0.850544
0.206312 0.853395
0.207995 0.856199
0.209695 0.858956
0.211412 0.861665
0.213146 0.864328
0.214897 0.866945
0.216664 0.869515
0.218449 0.872039
0.22025 0.874517
0.222069 0.876949
0.223904 0.879336
0.225757 0.881679
0.227626 0.883977
0.229512 0.88623
0.231416 0.88844
0.233336 0.890607
0.235273 0.892731
0.237227 0.894813
0.239198 0.896853
0.241187 0.898852
0.243192 0.90081
0.245213 0.902728
0.247252 0.904606
0.249308 0.906445
0.251381 0.908245
0.25347 0.910007
0.255577 0.911732
0.2577 0.913421
0.25984 0.915073
0.261997 0.916689
0.26417 0.91827
0.266361 0.919817
0.268568 0.921331
0.270792 0.92281
0.273032 0.924258
0.275289 0.925673
0.277563 0.927057
0.279854 0.92841
0.282161 0.929732
0.284484 0.931025
0.286825 0.932289
0.289181 0.933525
0.291554 0.934732
0.293944 0.935912
0.296349 0.937065
0.298771 0.938192
0.30121 0.939294
0.303665 0.94037
0.306135 0.941421
0.308622 0.942448
0.311125 0.943452
0.313645 0.944433
0.31618 0.945391
0.318731 0.946327
0.321298 0.947241
0.323881 0.948134
0.326479 0.949007
0.329093 0.949859
0.331723 0.950692
0.334369 0.951505
0.33703 0.9523
0.339706 0.953076
0.342398 0.953834
0.345105 0.954574
0.347827 0.955297
0.350565 0.956004
0.353317 0.956694
0.356085 0.957368
0.358867 0.958026
0.361664 0.958669
0.364475 0.959297
0.367301 0.959911
0.370142 0.96051
0.372997 0.961095
0.375866 0.961667
0.378749 0.962225
0.381647 0.962771
0.384558 0.963304
0.387483 0.963824
0.390421 0.964332
0.393373 0.964829
0.396339 0.965314
0.399317 0.965788
0.402309 0.966251
0.405313 0.966703
0.40833 0.967144
0.41136 0.967576
0.414403 0.967997
0.417457 0.968409
0.420524 0.968811
0.423602 0.969203
0.426692 0.969587
0.429794 0.969962
0.432907 0.970328
0.436031 0.970685
0.439167 0.971035
0.442313 0.971376
0.445469 0.971709
0.448636 0.972035
0.451813 0.972353
0.455 0.972663
0.458196 0.972966
0.461402 0.973263
0.464617 0.973552
0.467841 0.973835
0.471073 0.974111
0.474314 0.97438
0.477563 0.974644
0.48082 0.974901
0.484085 0.975152
0.487357 0.975397
0.490635 0.975636
0.493921 0.97587
0.497213 0.976098
0.500512 0.976321
0.503816 0.976539
0.507126 0.976751
0.510441 0.976959
0.513761 0.977161
0.517085 0.977359
0.520414 0.977551
0.523747 0.977739
0.527083 0.977923
0.530423 0.978102
0.533766 0.978277
0.537111 0.978447
0.540459 0.978614
0.543808 0.978776
0.547159 0.978934
0.550511 0.979089
0.553864 0.979239
0.557218 0.979386
0.560571 0.979528
0.563925 0.979668
0.567277 0.979804
0.570629 0.979936
0.573979 0.980065
0.577327 0.98019
0.580673 0.980312
0.584017 0.980431
0.587358 0.980547
0.590695 0.98066
0.594028 0.980769
0.597358 0.980876
0.600682 0.980979
0.604002 0.98108
0.607317 0.981178
0.610626 0.981273
0.613929 0.981366
0.617225 0.981456
0.620514 0.981543
0.623796 0.981627
0.627071 0.981709
0.630337 0.981789
0.633595 0.981866
0.636844 0.981941
0.640084 0.982013
0.643315 0.982083
0.646535 0.98215
0.649745 0.982216
0.652944 0.982279
0.656133 0.98234
0.659309 0.982399
0.662474 0.982456
0.665627 0.98251
0.668768 0.982563
0.671895 0.982614
0.675009 0.982662
0.67811 0.982709
0.681197 0.982754
0.684269 0.982797
0.687327 0.982838
0.690371 0.982877
0.693399 0.982914
0.696411 0.98295
0.699408 0.982984
0.702389 0.983016
0.705353 0.983047
0.708301 0.983075
0.711232 0.983103
0.714145 0.983128
0.717041 0.983152
0.71992 0.983175
0.722781 0.983195
0.725623 0.983215
0.728447 0.983233
0.731253 0.983249
0.734039 0.983264
0.736807 0.983277
0.739555 0.983289
0.742284 0.9833
0.744993 0.983309
0.747683 0.983317
0.750352 0.983323
0.753001 0.983329
0.755631 0.983332
0.758239 0.983335
0.760827 0.983336
0.763395 0.983336
0.765941 0.983335
0.768467 0.983332
0.770972 0.983329
0.773456 0.983324
0.775918 0.983318
0.778359 0.983311
0.780779 0.983302
0.783178 0.983293
0.785555 0.983282
0.78791 0.98327
0.790244 0.983257
0.792556 0.983243
0.794847 0.983228
0.797116 0.983212
0.799364 0.983195
0.801589 0.983177
0.803794 0.983158
0.805976 0.983138
0.808137 0.983117
0.810276 0.983094
0.812394 0.983071
0.81449 0.983047
0.816565 0.983022
0.818618 0.982996
0.820649 0.982969
0.82266 0.982941
0.824649 0.982913
0.826617 0.982883
0.828564 0.982853
0.830489 0.982821
0.832394 0.982789
0.834278 0.982756
0.836141 0.982722
0.837983 0.982687
0.839805 0.982651
0.841606 0.982615
0.843387 0.982578
0.845147 0.98254
0.846887 0.982501
0.848608 0.982461
0.850308 0.982421
0.851989 0.98238
0.853649 0.982338
0.855291 0.982295
0.856913 0.982252
0.858515 0.982208
0.860099 0.982163
0.861664 0.982118
0.863209 0.982071
0.864737 0.982024
0.866245 0.981977
0.867735 0.981928
0.869207 0.98188
0.870661 0.98183
0.872097 0.98178
0.873516 0.981729
0.874916 0.981677
0.8763 0.981625
0.877666 0.981572
0.879014 0.981518
0.880346 0.981464
0.881662 0.98141
0.88296 0.981354
0.884242 0.981298
0.885508 0.981242
0.886758 0.981185
0.887991 0.981127
0.889209 0.981069
0.890412 0.98101
0.891599 0.980951
0.89277 0.980891
0.893927 0.98083
0.895068 0.98077
0.896195 0.980708
0.897307 0.980646
0.898405 0.980583
0.899488 0.98052
0.900558 0.980457
0.901613 0.980393
0.902655 0.980328
0.903682 0.980263
0.904697 0.980197
0.905698 0.980131
0.906686 0.980065
0.907661 0.979998
0.908623 0.97993
0.909573 0.979862
0.91051 0.979794
0.911434 0.979725
0.912347 0.979656
0.913247 0.979586
0.914135 0.979516
0.915012 0.979445
0.915877 0.979374
0.916731 0.979303
0.917573 0.979231
0.918404 0.979159
0.919224 0.979086
0.920034 0.979013
0.920832 0.978939
0.92162 0.978866
0.922398 0.978791
0.923165 0.978717
0.923922 0.978642
0.924669 0.978566
0.925406 0.978491
0.926133 0.978414
0.926851 0.978338
0.927559 0.978261
0.928258 0.978184
0.928948 0.978106
0.929628 0.978028
0.9303 0.97795
0.930962 0.977872
0.931616 0.977793
0.932261 0.977714
0.932898 0.977634
0.933526 0.977554
0.934146 0.977474
0.934758 0.977393
0.935361 0.977313
0.935957 0.977231
0.936545 0.97715
0.937125 0.977068
0.937698 0.976986
0.938263 0.976904
0.938821 0.976821
0.939371 0.976739
0.939914 0.976655
0.94045 0.976572
0.94098 0.976488
0.941502 0.976404
0.942017 0.97632
0.942526 0.976236
0.943028 0.976151
0.943523 0.976066
0.944013 0.975981
0.944495 0.975895
0.944972 0.975809
0.945442 0.975723
0.945907 0.975637
0.946365 0.975551
0.946818 0.975464
0.947264 0.975377
0.947705 0.97529
0.94814 0.975203
0.94857 0.975115
0.948994 0.975027
0.949413 0.974939
0.949826 0.974851
0.950235 0.974763
0.950638 0.974674
0.951036 0.974585
0.951428 0.974496
0.951816 0.974407
0.952199 0.974317
0.952577 0.974228
0.952951 0.974138
0.953319 0.974048
0.953684 0.973958
0.954043 0.973867
0.954398 0.973777
0.954749 0.973686
0.955095 0.973595
0.955437 0.973504
0.955774 0.973413
0.956108 0.973322
0.956437 0.97323
0.956762 0.973138
0.957084 0.973047
0.957401 0.972955
0.957714 0.972863
0.958024 0.97277
0.95833 0.972678
0.958632 0.972585
0.95893 0.972492
0.959225 0.9724
0.959516 0.972307
0.959803 0.972214
0.960087 0.97212
0.960368 0.972027
0.960645 0.971933
0.960919 0.97184
0.96119 0.971746
0.961457 0.971652
0.961721 0.971558
0.961982 0.971464
0.96224 0.97137
0.962495 0.971275
0.962747 0.971181
0.962995 0.971086
0.963241 0.970992
0.963484 0.970897
0.963724 0.970802
0.963961 0.970707
0.964196 0.970612
0.964428 0.970517
0.964657 0.970422
0.964883 0.970327
0.965107 0.970231
0.965328 0.970136
0.965546 0.97004
0.965762 0.969944
0.965975 0.969849
0.966186 0.969753
0.966395 0.969657
0.966601 0.969561
0.966805 0.969465
0.967006 0.969369
0.967205 0.969273
0.967402 0.969176
0.967597 0.96908
0.967789 0.968984
0.96798 0.968887
0.968168 0.968791
0.968354 0.968694
0.968537 0.968597
0.968719 0.968501
0.968899 0.968404
0.969077 0.968307
0.969252 0.96821
0.969426 0.968114
0.969598 0.968017
0.969768 0.96792
0.969936 0.967823
0.970102 0.967726
0.970266 0.967628
0.970429 0.967531
0.970589 0.967434
0.970748 0.967337
0.970906 0.96724
0.971061 0.967142
0.971215 0.967045
0.971367 0.966948
0.971517 0.96685
0.971666 0.966753
0.971813 0.966655
0.971959 0.966558
0.972103 0.966461
0.972245 0.966363
0.972386 0.966266
0.972526 0.966168
0.972664 0.96607
0.9728 0.965973
0.972935 0.965875
0.973069 0.965778
0.973201 0.96568
0.973332 0.965582
0.973461 0.965485
0.973589 0.965387
0.973715 0.965289
0.973841 0.965192
0.973965 0.965094
0.974087 0.964997
0.974209 0.964899
0.974329 0.964801
0.974448 0.964703
0.974565 0.964606
0.974682 0.964508
0.974797 0.96441
0.974911 0.964313
0.975024 0.964215
0.975135 0.964118
0.975246 0.96402
0.975355 0.963922
0.975463 0.963825
0.975571 0.963727
0.975677 0.963629
0.975782 0.963532
0.975886 0.963434
0.975988 0.963337
0.97609 0.963239
0.976191 0.963142
0.976291 0.963044
0.976389 0.962947
0.976487 0.962849
0.976584 0.962752
0.97668 0.962654
0.976774 0.962557
0.976868 0.962459
0.976961 0.962362
0.977053 0.962265
0.977144 0.962167
0.977235 0.96207
0.977324 0.961973
0.977412 0.961876
0.9775 0.961779
0.977586 0.961681
0.977672 0.961584
0.977757 0.961487
0.977841 0.96139
0.977925 0.961293
0.978007 0.961196
0.978089 0.961099
0.97817 0.961002
0.97825 0.960905
0.978329 0.960809
0.978408 0.960712
0.978486 0.960615
0.978563 0.960518
0.978639 0.960422
0.978714 0.960325
0.978789 0.960228
0.978863 0.960132
0.978937 0.960035
0.979009 0.959939
0.979081 0.959842
0.979153 0.959746
0.979223 0.95965
0.979293 0.959553
0.979363 0.959457
0.979431 0.959361
0.979499 0.959265
0.979567 0.959169
0.979633 0.959073
0.9797 0.958977
0.979765 0.958881
0.97983 0.958785
0.979894 0.958689
0.979958 0.958593
0.980021 0.958498
0.980083 0.958402
0.980145 0.958307
0.980206 0.958211
0.980267 0.958116
0.980327 0.95802
0.980387 0.957925
0.980446 0.957829
0.980504 0.957734
0.980562 0.957639
0.98062 0.957544
0.980677 0.957449
0.980733 0.957354
0.980789 0.957259
0.980844 0.957164
0.980899 0.957069
0.980954 0.956974
0.981007 0.95688
0.981061 0.956785
0.981114 0.956691
0.981166 0.956596
0.981218 0.956502
0.981269 0.956407
0.98132 0.956313
0.981371 0.956219
0.981421 0.956125
0.98147 0.956031
0.98152 0.955937
0.981568 0.955843
0.981617 0.955749
0.981664 0.955655
0.981712 0.955561
0.981759 0.955467
0.981805 0.955374
0.981852 0.95528
0.981897 0.955187
0.981943 0.955094
0.981987 0.955
0.982032 0.954907
0.982076 0.954814
0.98212 0.954721
0.982163 0.954628
0.982206 0.954535
0.982249 0.954442
0.982291 0.954349
0.982333 0.954256
0.982374 0.954164
0.982415 0.954071
0.982456 0.953979
0.982496 0.953886
0.982536 0.953794
0.982576 0.953702
0.982615 0.95361
0.982654 0.953518
0.982693 0.953426
0.982731 0.953334
0.982769 0.953242
0.982807 0.95315
0.982844 0.953058
0.982881 0.952967
0.982918 0.952875
0.982954 0.952784
0.98299 0.952692
0.983026 0.952601
0.983061 0.95251
0.983096 0.952419
0.983131 0.952328
0.983166 0.952237
0.9832 0.952146
0.983234 0.952055
0.983267 0.951964
0.983301 0.951874
0.983334 0.951783
0.983367 0.951693
0.983399 0.951602
0.983431 0.951512
0.983463 0.951422
0.983495 0.951331
0.983526 0.951241
0.983557 0.951151
0.983588 0.951062
0.983619 0.950972
0.983649 0.950882
0.983679 0.950792
0.983709 0.950703
0.983738 0.950613
0.983767 0.950524
0.983797 0.950435
0.983825 0.950346
0.983854 0.950256
0.983882 0.950167
0.98391 0.950079
0.983938 0.94999
0.983966 0.949901
0.983993 0.949812
0.98402 0.949724
0.984047 0.949635
0.984074 0.949547
0.9841 0.949458
0.984126 0.94937
0.984152 0.949282
0.984178 0.949194
0.984204 0.949106
0.984229 0.949018
0.984254 0.94893
0.984279 0.948843
0.984304 0.948755
0.984328 0.948668
0.984352 0.94858
0.984376 0.948493
0.9844 0.948405
0.984424 0.948318
0.984447 0.948231
0.984471 0.948144
0.984494 0.948057
0.984517 0.947971
0.984539 0.947884
0.984562 0.947797
0.984584 0.947711
0.984606 0.947624
0.984628 0.947538
0.98465 0.947452
0.984672 0.947365
0.984693 0.947279
0.984714 0.947193
0.984735 0.947107
0.984756 0.947022
0.984777 0.946936
0.984797 0.94685
0.984818 0.946765
0.984838 0.946679
0.984858 0.946594
0.984878 0.946509
0.984897 0.946423
0.984917 0.946338
0.984936 0.946253
0.984955 0.946168
0.984974 0.946084
0.984993 0.945999
0.985012 0.945914
0.985031 0.94583
0.985049 0.945745
0.985067 0.945661
0.985085 0.945577
0.985103 0.945492
0.985121 0.945408
0.985139 0.945324
0.985156 0.94524
0.985174 0.945157
0.985191 0.945073
0.985208 0.944989
0.985225 0.944906
0.985241 0.944822
0.985258 0.944739
0.985275 0.944656
0.985291 0.944572
0.985307 0.944489
0.985323 0.944406
0.985339 0.944324
0.985355 0.944241
0.985371 0.944158
0.985386 0.944075
0.985402 0.943993
0.985417 0.94391
0.985432 0.943828
0.985447 0.943746
0.985462 0.943664
0.985477 0.943582
0.985491 0.9435
0.985506 0.943418
0.98552 0.943336
0.985535 0.943254
0.985549 0.943173
0.985563 0.943091
0.985577 0.94301
0.985591 0.942928
0.985604 0.942847
0.985618 0.942766
0.985631 0.942685
0.985645 0.942604
0.985658 0.942523
0.985671 0.942442
0.985684 0.942361
0.985697 0.942281
0.98571 0.9422
0.985723 0.94212
0.985735 0.94204
0.985748 0.941959
0.98576 0.941879
0.985772 0.941799
0.985785 0.941719
0.985797 0.941639
0.985809 0.941559
0.98582 0.94148
0.985832 0.9414
0.985844 0.941321
0.985855 0.941241
0.985867 0.941162
0.985878 0.941083
0.98589 0.941003
0.985901 0.940924
0.985912 0.940845
0.985923 0.940766
0.985934 0.940688
0.985944 0.940609
0.985955 0.94053
0.985966 0.940452
0.985976 0.940373
0.985987 0.940295
0.985997 0.940217
0.986007 0.940138
0.986017 0.94006
0.986028 0.939982
0.986037 0.939905
0.986047 0.939827
0.986057 0.939749
0.986067 0.939671
0.986077 0.939594
0.986086 0.939516
0.986096 0.939439
0.986105 0.939362
0.986114 0.939284
0.986124 0.939207
0.986133 0.93913
0.986142 0.939053
0.986151 0.938977
0.98616 0.9389
0.986169 0.938823
0.986177 0.938747
0.986186 0.93867
0.986195 0.938594
0.986203 0.938517
0.986212 0.938441
0.98622 0.938365
0.986228 0.938289
0.986236 0.938213
0.986245 0.938137
0.986253 0.938061
0.986261 0.937986
0.986269 0.93791
0.986277 0.937835
0.986284 0.937759
0.986292 0.937684
0.9863 0.937608
0.986307 0.937533
0.986315 0.937458
0.986322 0.937383
0.98633 0.937308
0.986337 0.937233
0.986344 0.937159
0.986352 0.937084
0.986359 0.93701
0.986366 0.936935
0.986373 0.936861
0.98638 0.936786
0.986386 0.936712
0.986393 0.936638
0.9864 0.936564
0.986407 0.93649
0.986413 0.936416
0.98642 0.936342
0.986426 0.936269
0.986433 0.936195
0.986439 0.936121
0.986446 0.936048
0.986452 0.935974
0.986458 0.935901
0.986464 0.935828
0.98647 0.935755
0.986476 0.935682
0.986482 0.935609
0.986488 0.935536
0.986494 0.935463
0.9865 0.93539
0.986506 0.935318
0.986511 0.935245
0.986517 0.935173
0.986522 0.935101
0.986528 0.935028
0.986533 0.934956
0.986539 0.934884
0.986544 0.934812
0.98655 0.93474
0.986555 0.934668
0.98656 0.934596
0.986565 0.934525
0.98657 0.934453
0.986575 0.934381
0.98658 0.93431
0.986585 0.934239
0.98659 0.934167
0.986595 0.934096
0.9866 0.934025
0.986605 0.933954
0.98661 0.933883
0.986614 0.933812
0.986619 0.933741
0.986623 0.93367
0.986628 0.9336
0.986632 0.933529
0.986637 0.933459
0.986641 0.933388
0.986646 0.933318
0.98665 0.933248
0.986654 0.933178
0.986658 0.933107
0.986663 0.933037
0.986667 0.932968
0.986671 0.932898
0.986675 0.932828
0.986679 0.932758
0.986683 0.932689
0.986687 0.932619
0.986691 0.93255
0.986695 0.93248
0.986698 0.932411
0.986702 0.932342
0.986706 0.932273
0.98671 0.932204
0.986713 0.932135
0.986717 0.932066
0.98672 0.931997
0.986724 0.931928
0.986727 0.931859
0.986731 0.931791
0.986734 0.931722
0.986737 0.931654
0.986741 0.931586
0.986744 0.931517
0.986747 0.931449
0.986751 0.931381
0.986754 0.931313
0.986757 0.931245
0.98676 0.931177
0.986763 0.931109
0.986766 0.931041
0.986769 0.930974
0.986772 0.930906
0.986775 0.930839
0.986778 0.930771
0.986781 0.930704
0.986784 0.930637
0.986786 0.930569
0.986789 0.930502
0.986792 0.930435
0.986795 0.930368
0.986797 0.930301
0.9868 0.930234
0.986802 0.930168
0.986805 0.930101
0.986808 0.930034
0.98681 0.929968
0.986812 0.929901
0.986815 0.929835
0.986817 0.929769
0.98682 0.929702
0.986822 0.929636
0.986824 0.92957
0.986827 0.929504
0.986829 0.929438
0.986831 0.929372
0.986833 0.929306
0.986835 0.929241
0.986838 0.929175
0.98684 0.929109
0.986842 0.929044
0.986844 0.928978
0.986846 0.928913
0.986848 0.928848
0.98685 0.928782
0.986852 0.928717
0.986854 0.928652
0.986855 0.928587
0.986857 0.928522
0.986859 0.928457
0.986861 0.928393
0.986863 0.928328
0.986864 0.928263
0.986866 0.928199
0.986868 0.928134
0.986869 0.92807
0.986871 0.928005
0.986873 0.927941
0.986874 0.927877
0.986876 0.927813
0.986877 0.927748
0.986879 0.927684
0.98688 0.92762
0.986882 0.927557
0.986883 0.927493
0.986885 0.927429
0.986886 0.927365
0.986887 0.927302
0.986889 0.927238
0.98689 0.927175
0.986891 0.927111
0.986893 0.927048
0.986894 0.926985
0.986895 0.926921
0.986896 0.926858
0.986897 0.926795
0.986899 0.926732
0.9869 0.926669
0.986901 0.926606
0.986902 0.926544
0.986903 0.926481
0.986904 0.926418
0.986905 0.926356
0.986906 0.926293
0.986907 0.926231
0.986908 0.926168
0.986909 0.926106
0.98691 0.926044
0.986911 0.925981
0.986912 0.925919
0.986912 0.925857
0.986913 0.925795
0.986914 0.925733
0.986915 0.925671
0.986916 0.925609
0.986916 0.925548
0.986917 0.925486
0.986918 0.925424
0.986919 0.925363
0.986919 0.925301
0.98692 0.92524
0.986921 0.925179
0.986921 0.925117
0.986922 0.925056
0.986922 0.924995
0.986923 0.924934
0.986923 0.924873
0.986924 0.924812
0.986925 0.924751
0.986925 0.92469
0.986925 0.924629
0.986926 0.924569
0.986926 0.924508
0.986927 0.924447
0.986927 0.924387
0.986928 0.924326
0.986928 0.924266
0.986928 0.924206
0.986929 0.924145
0.986929 0.924085
0.986929 0.924025
0.98693 0.923965
0.98693 0.923905
0.98693 0.923845
0.98693 0.923785
0.986931 0.923725
0.986931 0.923665
0.986931 0.923606
0.986931 0.923546
0.986931 0.923486
0.986931 0.923427
0.986932 0.923367
0.986932 0.923308
0.986932 0.923248
0.986932 0.923189
0.986932 0.92313
0.986932 0.923071
0.986932 0.923012
0.986932 0.922952
0.986932 0.922893
0.986932 0.922835
0.986932 0.922776
0.986932 0.922717
0.986932 0.922658
0.986932 0.922599
0.986932 0.922541
0.986932 0.922482
0.986932 0.922424
0.986931 0.922365
0.986931 0.922307
0.986931 0.922248
0.986931 0.92219
0.986931 0.922132
0.986931 0.922074
0.98693 0.922015
0.98693 0.921957
0.98693 0.921899
0.98693 0.921841
0.986929 0.921783
0.986929 0.921726
0.986929 0.921668
0.986929 0.92161
0.986928 0.921552
0.986928 0.921495
0.986928 0.921437
0.986927 0.92138
0.986927 0.921322
0.986927 0.921265
0.986926 0.921208
0.986926 0.92115
0.986925 0.921093
0.986925 0.921036
0.986925 0.920979
0.986924 0.920922
0.986924 0.920865
0.986923 0.920808
0.986923 0.920751
0.986922 0.920694
0.986922 0.920637
0.986921 0.92058
0.986921 0.920524
0.98692 0.920467
0.98692 0.920411
0.986919 0.920354
0.986919 0.920298
0.986918 0.920241
0.986918 0.920185
0.986917 0.920129
0.986916 0.920072
0.986916 0.920016
0.986915 0.91996
0.986915 0.919904
0.986914 0.919848
0.986913 0.919792
0.986913 0.919736
0.986912 0.91968
0.986911 0.919624
0.986911 0.919568
0.98691 0.919513
0.986909 0.919457
0.986908 0.919401
0.986908 0.919346
0.986907 0.91929
0.986906 0.919235
0.986906 0.919179
0.986905 0.919124
0.986904 0.919069
0.986903 0.919014
0.986902 0.918958
0.986902 0.918903
0.986901 0.918848
0.9869 0.918793
0.986899 0.918738
0.986898 0.918683
0.986898 0.918628
0.986897 0.918573
0.986896 0.918519
0.986895 0.918464
0.986894 0.918409
0.986893 0.918354
0.986892 0.9183
0.986891 0.918245
0.986891 0.918191
0.98689 0.918136
0.986889 0.918082
0.986888 0.918028
0.986887 0.917973
0.986886 0.917919
0.986885 0.917865
0.986884 0.917811
0.986883 0.917756
0.986882 0.917702
0.986881 0.917648
0.98688 0.917594
0.986879 0.91754
0.986878 0.917487
0.986877 0.917433
0.986876 0.917379
0.986875 0.917325
0.986874 0.917272
0.986873 0.917218
0.986872 0.917164
0.986871 0.917111
0.98687 0.917057
0.986869 0.917004
0.986868 0.91695
0.986866 0.916897
0.986865 0.916844
0.986864 0.916791
0.986863 0.916737
0.986862 0.916684
0.986861 0.916631
0.98686 0.916578
0.986859 0.916525
0.986858 0.916472
0.986856 0.916419
0.986855 0.916366
0.986854 0.916313
0.986853 0.91626
0.986852 0.916208
0.986851 0.916155
0.986849 0.916102
0.986848 0.91605
0.986847 0.915997
0.986846 0.915945
0.986845 0.915892
0.986843 0.91584
0.986842 0.915787
0.986841 0.915735
0.98684 0.915683
0.986839 0.91563
0.986837 0.915578
0.986836 0.915526
0.986835 0.915474
0.986834 0.915422
0.986832 0.91537
0.986831 0.915318
0.98683 0.915266
0.986829 0.915214
0.986827 0.915162
0.986826 0.91511
0.986825 0.915058
0.986823 0.915006
0.986822 0.914955
0.986821 0.914903
0.986819 0.914852
0.986818 0.9148
0.986817 0.914748
0.986815 0.914697
0.986814 0.914645
0.986813 0.914594
0.986811 0.914543
0.98681 0.914491
0.986809 0.91444
0.986807 0.914389
0.986806 0.914338
0.986805 0.914286
0.986803 0.914235
0.986802 0.914184
0.986801 0.914133
0.986799 0.914082
0.986798 0.914031
0.986796 0.91398
0.986795 0.913929
0.986794 0.913879
0.986792 0.913828
0.986791 0.913777
0.986789 0.913726
0.986788 0.913676
0.986786 0.913625
0.986785 0.913574
0.986784 0.913524
0.986782 0.913473
0.986781 0.913423
0.986779 0.913372
0.986778 0.913322
0.986776 0.913272
0.986775 0.913221
0.986773 0.913171
0.986772 0.913121
0.986771 0.913071
0.986769 0.91302
0.986768 0.91297
0.986766 0.91292
0.986765 0.91287
0.986763 0.91282
0.986762 0.91277
0.98676 0.91272
0.986759 0.91267
0.986757 0.91262
0.986756 0.912571
0.986754 0.912521
0.986753 0.912471
0.986751 0.912421
0.98675 0.912372
0.986748 0.912322
0.986746 0.912272
0.986745 0.912223
0.986743 0.912173
0.986742 0.912124
0.98674 0.912074
0.986739 0.912025
0.986737 0.911976
0.986736 0.911926
0.986734 0.911877
0.986733 0.911828
0.986731 0.911778
0.986729 0.911729
0.986728 0.91168
0.986726 0.911631
0.986725 0.911582
0.986723 0.911533
0.986722 0.911484
0.98672 0.911435
0.986718 0.911386
0.986717 0.911337
0.986715 0.911288
0.986714 0.911239
0.986712 0.91119
0.98671 0.911142
0.986709 0.911093
0.986707 0.911044
0.986706 0.910995
0.986704 0.910947
0.986702 0.910898
0.986701 0.91085
0.986699 0.910801
0.986698 0.910753
0.986696 0.910704
0.986694 0.910656
0.986693 0.910607
0.986691 0.910559
0.986689 0.910511
0.986688 0.910462
0.986686 0.910414
0.986685 0.910366
0.986683 0.910318
0.986681 0.910269
0.98668 0.910221
0.986678 0.910173
0.986676 0.910125
0.986675 0.910077
0.986673 0.910029
0.986671 0.909981
0.98667 0.909933
0.986668 0.909885
0.986666 0.909837
0.986665 0.90979
0.986663 0.909742
0.986661 0.909694
0.98666 0.909646
0.986658 0.909599
0.986656 0.909551
0.986655 0.909503
0.986653 0.909456
0.986651 0.909408
0.986649 0.90936
0.986648 0.909313
0.986646 0.909265
0.986644 0.909218
0.986643 0.909171
0.986641 0.909123
0.986639 0.909076
0.986638 0.909028
0.986636 0.908981
0.986634 0.908934
0.986632 0.908887
0.986631 0.908839
0.986629 0.908792
0.986627 0.908745
0.986626 0.908698
0.986624 0.908651
0.986622 0.908604
0.98662 0.908557
0.986619 0.90851
0.986617 0.908463
0.986615 0.908416
0.986614 0.908369
0.986612 0.908322
0.98661 0.908275
0.986608 0.908228
0.986607 0.908181
0.986605 0.908135
0.986603 0.908088
0.986601 0.908041
0.9866 0.907994
0.986598 0.907948
0.986596 0.907901
0.986594 0.907855
0.986593 0.907808
0.986591 0.907761
0.986589 0.907715
0.986587 0.907668
0.986586 0.907622
0.986584 0.907576
0.986582 0.907529
0.98658 0.907483
0.986579 0.907436
0.986577 0.90739
0.986575 0.907344
0.986573 0.907298
0.986572 0.907251
0.98657 0.907205
0.986568 0.907159
0.986566 0.907113
0.986565 0.907067
0.986563 0.907021
0.986561 0.906974
0.986559 0.906928
0.986557 0.906882
0.986556 0.906836
0.986554 0.90679
0.986552 0.906744
0.98655 0.906699
0.986549 0.906653
0.986547 0.906607
0.986545 0.906561
0.986543 0.906515
0.986541 0.906469
0.98654 0.906424
0.986538 0.906378
0.986536 0.906332
0.986534 0.906286
0.986532 0.906241
0.986531 0.906195
0.986529 0.906149
0.986527 0.906104
0.986525 0.906058
0.986523 0.906013
0.986522 0.905967
0.98652 0.905922
0.986518 0.905876
0.986516 0.905831
0.986514 0.905785
0.986513 0.90574
0.986511 0.905695
0.986509 0.905649
0.986507 0.905604
0.986505 0.905559
0.986504 0.905514
0.986502 0.905468
0.9865 0.905423
0.986498 0.905378
0.986496 0.905333
0.986495 0.905288
0.986493 0.905242
0.986491 0.905197
0.986489 0.905152
0.986487 0.905107
0.986485 0.905062
0.986484 0.905017
0.986482 0.904972
0.98648 0.904927
0.986478 0.904882
0.986476 0.904837
0.986474 0.904792
0.986473 0.904748
0.986471 0.904703
0.986469 0.904658
0.986467 0.904613
0.986465 0.904568
0.986464 0.904524
0.986462 0.904479
0.98646 0.904434
0.986458 0.904389
0.986456 0.904345
0.986454 0.9043
0.986453 0.904255
0.986451 0.904211
0.986449 0.904166
0.986447 0.904122
0.986445 0.904077
0.986443 0.904033
0.986442 0.903988
0.98644 0.903944
0.986438 0.903899
0.986436 0.903855
0.986434 0.90381
0.986432 0.903766
0.986431 0.903722
0.986429 0.903677
0.986427 0.903633
0.986425 0.903589
0.986423 0.903544
0.986421 0.9035
0.986419 0.903456
0.986418 0.903412
0.986416 0.903367
0.986414 0.903323
0.986412 0.903279
0.98641 0.903235
0.986408 0.903191
0.986407 0.903147
0.986405 0.903102
0.986403 0.903058
0.986401 0.903014
0.986399 0.90297
0.986397 0.902926
0.986395 0.902882
0.986394 0.902838
0.986392 0.902794
0.98639 0.90275
0.986388 0.902707
0.986386 0.902663
0.986384 0.902619
0.986382 0.902575
0.986381 0.902531
0.986379 0.902487
0.986377 0.902443
0.986375 0.9024
0.986373 0.902356
0.986371 0.902312
0.986369 0.902268
0.986368 0.902225
0.986366 0.902181
0.986364 0.902137
0.986362 0.902094
0.98636 0.90205
0.986358 0.902006
0.986356 0.901963
0.986355 0.901919
0.986353 0.901876
0.986351 0.901832
0.986349 0.901789
0.986347 0.901745
0.986345 0.901701
0.986343 0.901658
0.986342 0.901615
0.98634 0.901571
0.986338 0.901528
0.986336 0.901484
0.986334 0.901441
0.986332 0.901397
0.98633 0.901354
0.986329 0.901311
0.986327 0.901267
0.986325 0.901224
0.986323 0.901181
0.986321 0.901137
0.986319 0.901094
0.986317 0.901051
0.986315 0.901008
0.986314 0.900965
0.986312 0.900921
0.98631 0.900878
0.986308 0.900835
0.986306 0.900792
0.986304 0.900749
0.986302 0.900706
0.986301 0.900662
0.986299 0.900619
0.986297 0.900576
0.986295 0.900533
0.986293 0.90049
0.986291 0.900447
0.986289 0.900404
0.986287 0.900361
0.986286 0.900318
0.986284 0.900275
0.986282 0.900232
0.98628 0.900189
0.986278 0.900146
0.986276 0.900103
0.986274 0.90006
0.986273 0.900018
0.986271 0.899975
0.986269 0.899932
0.986267 0.899889
0.986265 0.899846
0.986263 0.899803
0.986261 0.89976
0.986259 0.899718
0.986258 0.899675
0.986256 0.899632
0.986254 0.899589
0.986252 0.899547
0.98625 0.899504
0.986248 0.899461
0.986246 0.899418
0.986244 0.899376
0.986243 0.899333
0.986241 0.89929
0.986239 0.899248
0.986237 0.899205
0.986235 0.899163
0.986233 0.89912
0.986231 0.899077
0.986229 0.899035
0.986228 0.898992
0.986226 0.89895
0.986224 0.898907
0.986222 0.898865
0.98622 0.898822
0.986218 0.89878
0.986216 0.898737
0.986214 0.898695
0.986213 0.898652
0.986211 0.89861
0.986209 0.898567
0.986207 0.898525
0.986205 0.898482
0.986203 0.89844
0.986201 0.898398
0.986199 0.898355
0.986198 0.898313
0.986196 0.89827
0.986194 0.898228
0.986192 0.898186
0.98619 0.898143
0.986188 0.898101
0.986186 0.898059
0.986184 0.898016
0.986183 0.897974
0.986181 0.897932
0.986179 0.89789
0.986177 0.897847
0.986175 0.897805
0.986173 0.897763
0.986171 0.897721
0.986169 0.897678
0.986168 0.897636
0.986166 0.897594
0.986164 0.897552
0.986162 0.89751
0.98616 0.897467
0.986158 0.897425
0.986156 0.897383
0.986154 0.897341
0.986152 0.897299
0.986151 0.897257
0.986149 0.897215
0.986147 0.897172
0.986145 0.89713
0.986143 0.897088
0.986141 0.897046
0.986139 0.897004
0.986137 0.896962
0.986136 0.89692
0.986134 0.896878
0.986132 0.896836
0.98613 0.896794
0.986128 0.896752
0.986126 0.89671
0.986124 0.896668
0.986122 0.896626
0.986121 0.896584
0.986119 0.896542
0.986117 0.8965
0.986115 0.896458
0.986113 0.896416
0.986111 0.896374
0.986109 0.896332
0.986107 0.89629
0.986106 0.896248
0.986104 0.896207
0.986102 0.896165
0.9861 0.896123
0.986098 0.896081
0.986096 0.896039
0.986094 0.895997
0.986092 0.895955
0.986091 0.895913
0.986089 0.895872
0.986087 0.89583
0.986085 0.895788
0.986083 0.895746
0.986081 0.895704
0.986079 0.895662
0.986077 0.895621
0.986075 0.895579
0.986074 0.895537
0.986072 0.895495
0.98607 0.895454
0.986068 0.895412
0.986066 0.89537
0.986064 0.895328
0.986062 0.895286
0.98606 0.895245
0.986059 0.895203
0.986057 0.895161
0.986055 0.89512
0.986053 0.895078
0.986051 0.895036
0.986049 0.894994
0.986047 0.894953
0.986045 0.894911
0.986044 0.894869
0.986042 0.894828
0.98604 0.894786
0.986038 0.894744
0.986036 0.894703
0.986034 0.894661
0.986032 0.894619
0.98603 0.894578
0.986029 0.894536
0.986027 0.894494
0.986025 0.894453
0.986023 0.894411
0.986021 0.894369
0.986019 0.894328
0.986017 0.894286
0.986015 0.894244
0.986013 0.894203
0.986012 0.894161
0.98601 0.89412
0.986008 0.894078
0.986006 0.894036
0.986004 0.893995
0.986002 0.893953
0.986 0.893912
0.985998 0.89387
0.985997 0.893829
0.985995 0.893787
0.985993 0.893745
0.985991 0.893704
0.985989 0.893662
0.985987 0.893621
0.985985 0.893579
0.985983 0.893538
0.985982 0.893496
0.98598 0.893454
0.985978 0.893413
0.985976 0.893371
0.985974 0.89333
0.985972 0.893288
0.98597 0.893247
0.985968 0.893205
0.985966 0.893164
0.985965 0.893122
0.985963 0.893081
0.985961 0.893039
0.985959 0.892998
0.985957 0.892956
0.985955 0.892915
0.985953 0.892873
0.985951 0.892832
0.98595 0.89279
0.985948 0.892749
0.985946 0.892707
0.985944 0.892666
0.985942 0.892624
0.98594 0.892583
0.985938 0.892541
0.985936 0.8925
0.985935 0.892458
0.985933 0.892417
0.985931 0.892375
0.985929 0.892334
0.985927 0.892292
0.985925 0.892251
0.985923 0.892209
0.985921 0.892168
0.985919 0.892126
0.985918 0.892085
0.985916 0.892043
0.985914 0.892002
0.985912 0.89196
0.98591 0.891919
0.985908 0.891877
0.985906 0.891836
0.985904 0.891794
0.985903 0.891753
0.985901 0.891711
0.985899 0.89167
0.985897 0.891628
0.985895 0.891587
0.985893 0.891545
0.985891 0.891504
0.985889 0.891462
0.985887 0.891421
0.985886 0.891379
0.985884 0.891338
0.985882 0.891296
0.98588 0.891255
0.985878 0.891213
0.985876 0.891172
0.985874 0.89113
0.985872 0.891089
0.985871 0.891047
0.985869 0.891006
0.985867 0.890964
0.985865 0.890923
0.985863 0.890882
0.985861 0.89084
0.985859 0.890799
0.985857 0.890757
0.985855 0.890716
0.985854 0.890674
0.985852 0.890632
0.98585 0.890591
0.985848 0.890549
0.985846 0.890508
0.985844 0.890466
0.985842 0.890425
0.98584 0.890383
0.985839 0.890342
0.985837 0.8903
0.985835 0.890259
0.985833 0.890217
0.985831 0.890176
0.985829 0.890134
0.985827 0.890093
0.985825 0.890051
0.985823 0.89001
0.985822 0.889968
0.98582 0.889927
0.985818 0.889885
0.985816 0.889843
0.985814 0.889802
0.985812 0.88976
0.98581 0.889719
0.985808 0.889677
0.985806 0.889636
0.985805 0.889594
0.985803 0.889553
0.985801 0.889511
0.985799 0.889469
0.985797 0.889428
0.985795 0.889386
0.985793 0.889345
0.985791 0.889303
0.98579 0.889261
0.985788 0.88922
0.985786 0.889178
0.985784 0.889137
0.985782 0.889095
0.98578 0.889053
0.985778 0.889012
0.985776 0.88897
0.985774 0.888928
0.985773 0.888887
0.985771 0.888845
0.985769 0.888803
0.985767 0.888762
0.985765 0.88872
0.985763 0.888678
0.985761 0.888637
0.985759 0.888595
0.985757 0.888553
0.985756 0.888512
0.985754 0.88847
0.985752 0.888428
0.98575 0.888387
0.985748 0.888345
0.985746 0.888303
0.985744 0.888261
0.985742 0.88822
0.98574 0.888178
0.985738 0.888136
0.985737 0.888094
0.985735 0.888053
0.985733 0.888011
0.985731 0.887969
0.985729 0.887927
0.985727 0.887886
0.985725 0.887844
0.985723 0.887802
0.985721 0.88776
0.98572 0.887718
0.985718 0.887677
0.985716 0.887635
0.985714 0.887593
0.985712 0.887551
0.98571 0.887509
0.985708 0.887467
0.985706 0.887426
0.985704 0.887384
0.985703 0.887342
0.985701 0.8873
0.985699 0.887258
0.985697 0.887216
0.985695 0.887174
0.985693 0.887132
0.985691 0.88709
0.985689 0.887049
0.985687 0.887007
0.985685 0.886965
0.985684 0.886923
0.985682 0.886881
0.98568 0.886839
0.985678 0.886797
0.985676 0.886755
0.985674 0.886713
0.985672 0.886671
0.98567 0.886629
0.985668 0.886587
0.985666 0.886545
0.985665 0.886503
0.985663 0.886461
0.985661 0.886419
0.985659 0.886376
0.985657 0.886334
0.985655 0.886292
0.985653 0.88625
0.985651 0.886208
0.985649 0.886166
0.985647 0.886124
0.985646 0.886082
0.985644 0.88604
0.985642 0.885997
0.98564 0.885955
0.985638 0.885913
0.985636 0.885871
0.985634 0.885829
0.985632 0.885786
0.98563 0.885744
0.985628 0.885702
0.985626 0.88566
0.985625 0.885618
0.985623 0.885575
0.985621 0.885533
0.985619 0.885491
0.985617 0.885448
0.985615 0.885406
0.985613 0.885364
0.985611 0.885321
0.985609 0.885279
0.985607 0.885237
0.985605 0.885194
0.985604 0.885152
0.985602 0.88511
0.9856 0.885067
0.985598 0.885025
0.985596 0.884982
0.985594 0.88494
0.985592 0.884897
0.98559 0.884855
0.985588 0.884813
0.985586 0.88477
0.985584 0.884728
0.985582 0.884685
0.985581 0.884643
0.985579 0.8846
0.985577 0.884557
0.985575 0.884515
0.985573 0.884472
0.985571 0.88443
0.985569 0.884387
0.985567 0.884344
0.985565 0.884302
0.985563 0.884259
0.985561 0.884217
0.985559 0.884174
0.985558 0.884131
0.985556 0.884089
0.985554 0.884046
0.985552 0.884003
0.98555 0.88396
0.985548 0.883918
0.985546 0.883875
0.985544 0.883832
0.985542 0.883789
0.98554 0.883746
0.985538 0.883704
0.985536 0.883661
0.985534 0.883618
0.985533 0.883575
0.985531 0.883532
0.985529 0.883489
0.985527 0.883446
0.985525 0.883403
0.985523 0.883361
0.985521 0.883318
0.985519 0.883275
0.985517 0.883232
0.985515 0.883189
0.985513 0.883146
0.985511 0.883103
0.985509 0.883059
0.985507 0.883016
0.985505 0.882973
0.985504 0.88293
0.985502 0.882887
0.9855 0.882844
0.985498 0.882801
0.985496 0.882758
0.985494 0.882714
0.985492 0.882671
0.98549 0.882628
0.985488 0.882585
0.985486 0.882542
0.985484 0.882498
0.985482 0.882455
0.98548 0.882412
0.985478 0.882368
0.985476 0.882325
0.985474 0.882282
0.985473 0.882238
0.985471 0.882195
0.985469 0.882152
0.985467 0.882108
0.985465 0.882065
0.985463 0.882021
0.985461 0.881978
0.985459 0.881934
0.985457 0.881891
0.985455 0.881847
0.985453 0.881804
0.985451 0.88176
0.985449 0.881717
0.985447 0.881673
0.985445 0.881629
0.985443 0.881586
0.985441 0.881542
0.985439 0.881498
0.985437 0.881455
0.985436 0.881411
0.985434 0.881367
0.985432 0.881323
0.98543 0.88128
0.985428 0.881236
0.985426 0.881192
0.985424 0.881148
0.985422 0.881104
0.98542 0.88106
0.985418 0.881017
0.985416 0.880973
0.985414 0.880929
0.985412 0.880885
0.98541 0.880841
0.985408 0.880797
0.985406 0.880753
0.985404 0.880709
0.985402 0.880665
0.9854 0.880621
0.985398 0.880576
0.985396 0.880532
0.985394 0.880488
0.985392 0.880444
0.98539 0.8804
0.985388 0.880356
0.985386 0.880311
0.985384 0.880267
0.985382 0.880223
0.985381 0.880179
0.985379 0.880134
0.985377 0.88009
0.985375 0.880046
0.985373 0.880001
0.985371 0.879957
0.985369 0.879912
0.985367 0.879868
0.985365 0.879823
0.985363 0.879779
0.985361 0.879734
0.985359 0.87969
0.985357 0.879645
0.985355 0.879601
0.985353 0.879556
0.985351 0.879511
0.985349 0.879467
0.985347 0.879422
0.985345 0.879377
0.985343 0.879333
0.985341 0.879288
0.985339 0.879243
0.985337 0.879198
0.985335 0.879154
0.985333 0.879109
0.985331 0.879064
0.985329 0.879019
0.985327 0.878974
0.985325 0.878929
0.985323 0.878884
0.985321 0.878839
0.985319 0.878794
0.985317 0.878749
0.985315 0.878704
0.985313 0.878659
0.985311 0.878614
0.985309 0.878569
0.985307 0.878523
0.985305 0.878478
0.985303 0.878433
0.985301 0.878388
0.985299 0.878342
0.985297 0.878297
0.985295 0.878252
0.985293 0.878206
0.985291 0.878161
0.985289 0.878116
0.985287 0.87807
0.985285 0.878025
0.985283 0.877979
0.985281 0.877934
0.985279 0.877888
0.985277 0.877843
0.985275 0.877797
0.985273 0.877751
0.985271 0.877706
0.985269 0.87766
0.985267 0.877614
0.985265 0.877568
0.985263 0.877523
0.985261 0.877477
0.985259 0.877431
0.985257 0.877385
0.985255 0.877339
0.985253 0.877293
0.985251 0.877247
0.985248 0.877202
0.985246 0.877156
0.985244 0.877109
0.985242 0.877063
0.98524 0.877017
0.985238 0.876971
0.985236 0.876925
0.985234 0.876879
0.985232 0.876833
0.98523 0.876786
0.985228 0.87674
0.985226 0.876694
0.985224 0.876648
0.985222 0.876601
0.98522 0.876555
0.985218 0.876508
0.985216 0.876462
0.985214 0.876415
0.985212 0.876369
0.98521 0.876322
0.985208 0.876276
0.985206 0.876229
0.985204 0.876183
0.985202 0.876136
0.985199 0.876089
0.985197 0.876043
0.985195 0.875996
0.985193 0.875949
0.985191 0.875902
0.985189 0.875855
0.985187 0.875808
0.985185 0.875761
0.985183 0.875715
0.985181 0.875668
0.985179 0.875621
0.985177 0.875573
0.985175 0.875526
0.985173 0.875479
0.985171 0.875432
0.985169 0.875385
0.985166 0.875338
0.985164 0.87529
0.985162 0.875243
0.98516 0.875196
0.985158 0.875148
0.985156 0.875101
0.985154 0.875054
0.985152 0.875006
0.98515 0.874959
0.985148 0.874911
0.985146 0.874864
0.985144 0.874816
0.985141 0.874768
0.985139 0.874721
0.985137 0.874673
0.985135 0.874625
0.985133 0.874577
0.985131 0.87453
0.985129 0.874482
0.985127 0.874434
0.985125 0.874386
0.985123 0.874338
0.985121 0.87429
0.985118 0.874242
0.985116 0.874194
0.985114 0.874146
0.985112 0.874098
0.98511 0.874049
0.985108 0.874001
0.985106 0.873953
0.985104 0.873905
0.985102 0.873856
0.985099 0.873808
0.985097 0.87376
0.985095 0.873711
0.985093 0.873663
0.985091 0.873614
0.985089 0.873566
0.985087 0.873517
0.985085 0.873468
0.985083 0.87342
0.98508 0.873371
0.985078 0.873322
0.985076 0.873273
0.985074 0.873225
0.985072 0.873176
0.98507 0.873127
0.985068 0.873078
0.985066 0.873029
0.985063 0.87298
0.985061 0.872931
0.985059 0.872882
0.985057 0.872833
0.985055 0.872783
0.985053 0.872734
0.985051 0.872685
0.985048 0.872635
0.985046 0.872586
0.985044 0.872537
0.985042 0.872487
0.98504 0.872438
0.985038 0.872388
0.985035 0.872339
0.985033 0.872289
0.985031 0.872239
0.985029 0.87219
0.985027 0.87214
0.985025 0.87209
0.985023 0.87204
0.98502 0.871991
0.985018 0.871941
0.985016 0.871891
0.985014 0.871841
0.985012 0.871791
0.98501 0.871741
0.985007 0.87169
0.985005 0.87164
0.985003 0.87159
0.985001 0.87154
0.984999 0.871489
0.984996 0.871439
0.984994 0.871389
0.984992 0.871338
0.98499 0.871288
0.984988 0.871237
0.984986 0.871187
0.984983 0.871136
0.984981 0.871085
0.984979 0.871035
0.984977 0.870984
0.984975 0.870933
0.984972 0.870882
0.98497 0.870831
0.984968 0.87078
0.984966 0.870729
0.984964 0.870678
0.984961 0.870627
0.984959 0.870576
0.984957 0.870525
0.984955 0.870474
0.984952 0.870422
0.98495 0.870371
0.984948 0.87032
0.984946 0.870268
0.984944 0.870217
0.984941 0.870165
0.984939 0.870114
0.984937 0.870062
0.984935 0.87001
0.984932 0.869959
0.98493 0.869907
0.984928 0.869855
0.984926 0.869803
0.984924 0.869751
0.984921 0.869699
0.984919 0.869647
0.984917 0.869595
0.984915 0.869543
0.984912 0.869491
0.98491 0.869439
0.984908 0.869386
0.984906 0.869334
0.984903 0.869282
0.984901 0.869229
0.984899 0.869177
0.984897 0.869124
0.984894 0.869072
0.984892 0.869019
0.98489 0.868966
0.984887 0.868913
0.984885 0.868861
0.984883 0.868808
0.984881 0.868755
0.984878 0.868702
0.984876 0.868649
0.984874 0.868596
0.984872 0.868543
0.984869 0.868489
0.984867 0.868436
0.984865 0.868383
0.984862 0.86833
0.98486 0.868276
0.984858 0.868223
0.984856 0.868169
0.984853 0.868116
0.984851 0.868062
0.984849 0.868008
0.984846 0.867955
0.984844 0.867901
0.984842 0.867847
0.984839 0.867793
0.984837 0.867739
0.984835 0.867685
0.984833 0.867631
0.98483 0.867577
0.984828 0.867523
0.984826 0.867468
0.984823 0.867414
0.984821 0.86736
0.984819 0.867305
0.984816 0.867251
0.984814 0.867196
0.984812 0.867141
0.984809 0.867087
0.984807 0.867032
0.984805 0.866977
0.984802 0.866922
0.9848 0.866868
0.984798 0.866813
0.984795 0.866758
0.984793 0.866702
0.984791 0.866647
0.984788 0.866592
0.984786 0.866537
0.984783 0.866481
0.984781 0.866426
0.984779 0.866371
0.984776 0.866315
0.984774 0.866259
0.984772 0.866204
0.984769 0.866148
0.984767 0.866092
0.984764 0.866036
0.984762 0.86598
0.98476 0.865924
0.984757 0.865868
0.984755 0.865812
0.984753 0.865756
0.98475 0.8657
0.984748 0.865644
0.984745 0.865587
0.984743 0.865531
0.984741 0.865474
0.984738 0.865418
0.984736 0.865361
0.984733 0.865304
0.984731 0.865248
0.984729 0.865191
0.984726 0.865134
0.984724 0.865077
0.984721 0.86502
0.984719 0.864963
0.984716 0.864906
0.984714 0.864848
0.984712 0.864791
0.984709 0.864734
0.984707 0.864676
0.984704 0.864619
0.984702 0.864561
0.984699 0.864504
0.984697 0.864446
0.984695 0.864388
0.984692 0.86433
0.98469 0.864272
0.984687 0.864214
0.984685 0.864156
0.984682 0.864098
0.98468 0.86404
0.984677 0.863981
0.984675 0.863923
0.984672 0.863865
0.98467 0.863806
0.984667 0.863748
0.984665 0.863689
0.984663 0.86363
0.98466 0.863571
0.984658 0.863512
0.984655 0.863454
0.984653 0.863395
0.98465 0.863335
0.984648 0.863276
0.984645 0.863217
0.984643 0.863158
0.98464 0.863098
0.984638 0.863039
0.984635 0.862979
0.984633 0.86292
0.98463 0.86286
0.984628 0.8628
0.984625 0.86274
0.984622 0.86268
0.98462 0.86262
0.984617 0.86256
0.984615 0.8625
0.984612 0.86244
0.98461 0.862379
0.984607 0.862319
0.984605 0.862258
0.984602 0.862198
0.9846 0.862137
0.984597 0.862076
0.984595 0.862016
0.984592 0.861955
0.984589 0.861894
0.984587 0.861833
0.984584 0.861771
0.984582 0.86171
0.984579 0.861649
0.984577 0.861588
0.984574 0.861526
0.984571 0.861465
0.984569 0.861403
0.984566 0.861341
0.984564 0.861279
0.984561 0.861217
0.984558 0.861155
0.984556 0.861093
0.984553 0.861031
0.984551 0.860969
0.984548 0.860907
0.984545 0.860844
0.984543 0.860782
0.98454 0.860719
0.984538 0.860657
0.984535 0.860594
0.984532 0.860531
0.98453 0.860468
0.984527 0.860405
0.984524 0.860342
0.984522 0.860279
0.984519 0.860215
0.984516 0.860152
0.984514 0.860088
0.984511 0.860025
0.984509 0.859961
0.984506 0.859898
0.984503 0.859834
0.984501 0.85977
0.984498 0.859706
0.984495 0.859642
0.984493 0.859577
0.98449 0.859513
0.984487 0.859449
0.984484 0.859384
0.984482 0.85932
0.984479 0.859255
0.984476 0.85919
0.984474 0.859125
0.984471 0.85906
0.984468 0.858995
0.984466 0.85893
0.984463 0.858865
0.98446 0.8588
0.984457 0.858734
0.984455 0.858669
0.984452 0.858603
0.984449 0.858537
0.984447 0.858471
0.984444 0.858405
0.984441 0.858339
0.984438 0.858273
0.984436 0.858207
0.984433 0.858141
0.98443 0.858074
0.984427 0.858008
0.984425 0.857941
0.984422 0.857874
0.984419 0.857808
0.984416 0.857741
0.984413 0.857674
0.984411 0.857606
0.984408 0.857539
0.984405 0.857472
0.984402 0.857404
0.984399 0.857337
0.984397 0.857269
0.984394 0.857201
0.984391 0.857134
0.984388 0.857066
0.984385 0.856997
0.984383 0.856929
0.98438 0.856861
0.984377 0.856793
0.984374 0.856724
0.984371 0.856655
0.984368 0.856587
0.984366 0.856518
0.984363 0.856449
0.98436 0.85638
0.984357 0.856311
0.984354 0.856241
0.984351 0.856172
0.984348 0.856102
0.984346 0.856033
0.984343 0.855963
0.98434 0.855893
0.984337 0.855823
0.984334 0.855753
0.984331 0.855683
0.984328 0.855613
0.984325 0.855542
0.984323 0.855472
0.98432 0.855401
0.984317 0.85533
0.984314 0.855259
0.984311 0.855188
0.984308 0.855117
0.984305 0.855046
0.984302 0.854975
0.984299 0.854903
0.984296 0.854832
0.984293 0.85476
0.98429 0.854688
0.984287 0.854616
0.984284 0.854544
0.984281 0.854472
0.984278 0.8544
0.984276 0.854327
0.984273 0.854255
0.98427 0.854182
0.984267 0.854109
0.984264 0.854036
0.984261 0.853963
0.984258 0.85389
0.984255 0.853816
0.984252 0.853743
0.984249 0.853669
0.984246 0.853596
0.984243 0.853522
0.98424 0.853448
0.984236 0.853374
0.984233 0.8533
0.98423 0.853225
0.984227 0.853151
0.984224 0.853076
0.984221 0.853002
0.984218 0.852927
0.984215 0.852852
0.984212 0.852777
0.984209 0.852701
0.984206 0.852626
0.984203 0.85255
0.9842 0.852475
0.984197 0.852399
0.984194 0.852323
0.98419 0.852247
0.984187 0.852171
0.984184 0.852094
0.984181 0.852018
0.984178 0.851941
0.984175 0.851865
0.984172 0.851788
0.984169 0.851711
0.984165 0.851633
0.984162 0.851556
0.984159 0.851479
0.984156 0.851401
0.984153 0.851323
0.98415 0.851245
0.984147 0.851167
0.984143 0.851089
0.98414 0.851011
0.984137 0.850933
0.984134 0.850854
0.984131 0.850775
0.984127 0.850696
0.984124 0.850617
0.984121 0.850538
0.984118 0.850459
0.984115 0.850379
0.984111 0.850299
0.984108 0.85022
0.984105 0.85014
0.984102 0.85006
0.984098 0.849979
0.984095 0.849899
0.984092 0.849818
0.984089 0.849738
0.984085 0.849657
0.984082 0.849576
0.984079 0.849495
0.984075 0.849413
0.984072 0.849332
0.984069 0.84925
0.984066 0.849168
0.984062 0.849086
0.984059 0.849004
0.984056 0.848922
0.984052 0.84884
0.984049 0.848757
0.984046 0.848674
0.984042 0.848591
0.984039 0.848508
0.984036 0.848425
0.984032 0.848341
0.984029 0.848258
0.984025 0.848174
0.984022 0.84809
0.984019 0.848006
0.984015 0.847922
0.984012 0.847837
0.984009 0.847753
0.984005 0.847668
0.984002 0.847583
0.983998 0.847498
0.983995 0.847413
0.983991 0.847327
0.983988 0.847242
0.983985 0.847156
0.983981 0.84707
0.983978 0.846984
0.983974 0.846897
0.983971 0.846811
0.983967 0.846724
0.983964 0.846637
0.98396 0.84655
0.983957 0.846463
0.983953 0.846376
0.98395 0.846288
0.983946 0.8462
0.983943 0.846112
0.983939 0.846024
0.983936 0.845936
0.983932 0.845847
0.983929 0.845759
0.983925 0.84567
0.983921 0.845581
0.983918 0.845491
0.983914 0.845402
0.983911 0.845312
0.983907 0.845223
0.983904 0.845133
0.9839 0.845042
0.983896 0.844952
0.983893 0.844861
0.983889 0.844771
0.983885 0.84468
0.983882 0.844588
0.983878 0.844497
0.983875 0.844405
0.983871 0.844314
0.983867 0.844222
0.983864 0.84413
0.98386 0.844037
0.983856 0.843945
0.983852 0.843852
0.983849 0.843759
0.983845 0.843666
0.983841 0.843572
0.983838 0.843479
0.983834 0.843385
0.98383 0.843291
0.983826 0.843197
0.983823 0.843102
0.983819 0.843008
0.983815 0.842913
0.983811 0.842818
0.983808 0.842722
0.983804 0.842627
0.9838 0.842531
0.983796 0.842435
0.983792 0.842339
0.983789 0.842243
0.983785 0.842146
0.983781 0.842049
0.983777 0.841952
0.983773 0.841855
0.983769 0.841758
0.983765 0.84166
0.983762 0.841562
0.983758 0.841464
0.983754 0.841365
0.98375 0.841267
0.983746 0.841168
0.983742 0.841069
0.983738 0.84097
0.983734 0.84087
0.98373 0.84077
0.983726 0.84067
0.983722 0.84057
0.983718 0.84047
0.983715 0.840369
0.983711 0.840268
0.983707 0.840167
0.983703 0.840066
0.983699 0.839964
0.983695 0.839862
0.983691 0.83976
0.983686 0.839658
0.983682 0.839555
0.983678 0.839452
0.983674 0.839349
0.98367 0.839246
0.983666 0.839142
0.983662 0.839038
0.983658 0.838934
0.983654 0.83883
0.98365 0.838725
0.983646 0.83862
0.983642 0.838515
0.983637 0.83841
0.983633 0.838304
0.983629 0.838198
0.983625 0.838092
0.983621 0.837985
0.983617 0.837879
0.983612 0.837772
0.983608 0.837664
0.983604 0.837557
0.9836 0.837449
0.983596 0.837341
0.983591 0.837233
0.983587 0.837124
0.983583 0.837015
0.983579 0.836906
0.983574 0.836797
0.98357 0.836687
0.983566 0.836577
0.983561 0.836467
0.983557 0.836357
0.983553 0.836246
0.983548 0.836135
0.983544 0.836023
0.98354 0.835912
0.983535 0.8358
0.983531 0.835687
0.983527 0.835575
0.983522 0.835462
0.983518 0.835349
0.983513 0.835236
0.983509 0.835122
0.983505 0.835008
0.9835 0.834894
0.983496 0.834779
0.983491 0.834664
0.983487 0.834549
0.983482 0.834433
0.983478 0.834318
0.983473 0.834202
0.983469 0.834085
0.983464 0.833968
0.98346 0.833851
0.983455 0.833734
0.983451 0.833616
0.983446 0.833498
0.983441 0.83338
0.983437 0.833261
0.983432 0.833142
0.983428 0.833023
0.983423 0.832904
0.983418 0.832784
0.983414 0.832663
0.983409 0.832543
0.983404 0.832422
0.9834 0.832301
0.983395 0.832179
0.98339 0.832057
0.983386 0.831935
0.983381 0.831813
0.983376 0.83169
0.983371 0.831566
0.983367 0.831443
0.983362 0.831319
0.983357 0.831195
0.983352 0.83107
0.983347 0.830945
0.983343 0.83082
0.983338 0.830694
0.983333 0.830568
0.983328 0.830442
0.983323 0.830315
0.983318 0.830188
0.983313 0.83006
0.983308 0.829932
0.983304 0.829804
0.983299 0.829676
0.983294 0.829547
0.983289 0.829417
0.983284 0.829288
0.983279 0.829158
0.983274 0.829027
0.983269 0.828896
0.983264 0.828765
0.983259 0.828634
0.983254 0.828502
0.983249 0.828369
0.983243 0.828237
0.983238 0.828103
0.983233 0.82797
0.983228 0.827836
0.983223 0.827702
0.983218 0.827567
0.983213 0.827432
0.983208 0.827296
0.983202 0.827161
0.983197 0.827024
0.983192 0.826887
0.983187 0.82675
0.983181 0.826613
0.983176 0.826475
0.983171 0.826336
0.983166 0.826198
0.98316 0.826058
0.983155 0.825919
0.98315 0.825779
0.983144 0.825638
0.983139 0.825497
0.983134 0.825356
0.983128 0.825214
0.983123 0.825072
0.983117 0.824929
0.983112 0.824786
0.983107 0.824643
0.983101 0.824499
0.983096 0.824354
0.98309 0.824209
0.983085 0.824064
0.983079 0.823918
0.983073 0.823772
0.983068 0.823625
0.983062 0.823478
0.983057 0.82333
0.983051 0.823182
0.983046 0.823034
0.98304 0.822885
0.983034 0.822735
0.983029 0.822585
0.983023 0.822435
0.983017 0.822284
0.983011 0.822132
0.983006 0.82198
0.983 0.821828
0.982994 0.821675
0.982988 0.821521
0.982983 0.821367
0.982977 0.821213
0.982971 0.821058
0.982965 0.820903
0.982959 0.820747
0.982953 0.82059
0.982947 0.820433
0.982942 0.820276
0.982936 0.820118
0.98293 0.819959
0.982924 0.8198
0.982918 0.81964
0.982912 0.81948
0.982906 0.81932
0.9829 0.819158
0.982894 0.818997
0.982887 0.818834
0.982881 0.818672
0.982875 0.818508
0.982869 0.818344
0.982863 0.81818
0.982857 0.818015
0.982851 0.817849
0.982844 0.817683
0.982838 0.817516
0.982832 0.817349
0.982826 0.817181
0.982819 0.817012
0.982813 0.816843
0.982807 0.816673
0.9828 0.816503
0.982794 0.816332
0.982788 0.816161
0.982781 0.815989
0.982775 0.815816
0.982768 0.815643
0.982762 0.815469
0.982755 0.815294
0.982749 0.815119
0.982742 0.814944
0.982736 0.814767
0.982729 0.81459
0.982723 0.814413
0.982716 0.814234
0.982709 0.814055
0.982703 0.813876
0.982696 0.813696
0.982689 0.813515
0.982682 0.813333
0.982676 0.813151
0.982669 0.812968
0.982662 0.812785
0.982655 0.812601
0.982649 0.812416
0.982642 0.81223
0.982635 0.812044
0.982628 0.811857
0.982621 0.81167
0.982614 0.811481
0.982607 0.811292
0.9826 0.811103
0.982593 0.810912
0.982586 0.810721
0.982579 0.81053
0.982572 0.810337
0.982565 0.810144
0.982558 0.80995
0.98255 0.809755
0.982543 0.80956
0.982536 0.809363
0.982529 0.809166
0.982521 0.808969
0.982514 0.80877
0.982507 0.808571
0.982499 0.808371
0.982492 0.80817
0.982485 0.807969
0.982477 0.807766
0.98247 0.807563
0.982462 0.807359
0.982455 0.807155
0.982447 0.806949
0.98244 0.806743
0.982432 0.806536
0.982425 0.806328
0.982417 0.806119
0.982409 0.805909
0.982402 0.805699
0.982394 0.805488
0.982386 0.805275
0.982378 0.805062
0.982371 0.804849
0.982363 0.804634
0.982355 0.804418
0.982347 0.804202
0.982339 0.803985
0.982331 0.803767
0.982323 0.803548
0.982315 0.803328
0.982307 0.803107
0.982299 0.802885
0.982291 0.802662
0.982283 0.802439
0.982275 0.802214
0.982267 0.801989
0.982258 0.801762
0.98225 0.801535
0.982242 0.801307
0.982234 0.801078
0.982225 0.800848
0.982217 0.800616
0.982208 0.800384
0.9822 0.800151
0.982192 0.799917
0.982183 0.799682
0.982175 0.799446
0.982166 0.799209
0.982157 0.798971
0.982149 0.798732
0.98214 0.798492
0.982131 0.79825
0.982123 0.798008
0.982114 0.797765
0.982105 0.797521
0.982096 0.797275
0.982087 0.797029
0.982078 0.796781
0.98207 0.796533
0.982061 0.796283
0.982052 0.796032
0.982043 0.79578
0.982033 0.795527
0.982024 0.795273
0.982015 0.795018
0.982006 0.794761
0.981997 0.794504
0.981987 0.794245
0.981978 0.793985
0.981969 0.793724
0.981959 0.793462
0.98195 0.793199
0.981941 0.792934
0.981931 0.792668
0.981922 0.792401
0.981912 0.792133
0.981902 0.791863
0.981893 0.791593
0.981883 0.791321
0.981873 0.791047
0.981863 0.790773
0.981854 0.790497
0.981844 0.79022
0.981834 0.789942
0.981824 0.789662
0.981814 0.789381
0.981804 0.789099
0.981794 0.788815
0.981784 0.78853
0.981774 0.788244
0.981763 0.787956
0.981753 0.787667
0.981743 0.787377
0.981732 0.787085
0.981722 0.786792
0.981712 0.786497
0.981701 0.786201
0.981691 0.785904
0.98168 0.785605
0.98167 0.785304
0.981659 0.785003
0.981648 0.784699
0.981637 0.784394
0.981627 0.784088
0.981616 0.78378
0.981605 0.783471
0.981594 0.78316
0.981583 0.782848
0.981572 0.782534
0.981561 0.782218
0.98155 0.781901
0.981538 0.781582
0.981527 0.781262
0.981516 0.78094
0.981504 0.780616
0.981493 0.780291
0.981482 0.779964
0.98147 0.779636
0.981459 0.779306
0.981447 0.778974
0.981435 0.77864
0.981423 0.778305
0.981412 0.777967
0.9814 0.777629
0.981388 0.777288
0.981376 0.776946
0.981364 0.776601
0.981352 0.776255
0.98134 0.775908
0.981328 0.775558
0.981315 0.775206
0.981303 0.774853
0.981291 0.774498
0.981278 0.774141
0.981266 0.773782
0.981253 0.773421
0.981241 0.773058
0.981228 0.772693
0.981215 0.772326
0.981202 0.771957
0.98119 0.771586
0.981177 0.771214
0.981164 0.770839
0.981151 0.770462
0.981137 0.770083
0.981124 0.769702
0.981111 0.769318
0.981098 0.768933
0.981084 0.768545
0.981071 0.768156
0.981057 0.767764
0.981044 0.76737
0.98103 0.766974
0.981016 0.766575
0.981002 0.766174
0.980989 0.765771
0.980975 0.765366
0.980961 0.764958
0.980946 0.764549
0.980932 0.764136
0.980918 0.763722
0.980904 0.763304
0.980889 0.762885
0.980875 0.762463
0.98086 0.762039
0.980846 0.761612
0.980831 0.761183
0.980816 0.760751
0.980801 0.760316
0.980786 0.759879
0.980771 0.75944
0.980756 0.758998
0.980741 0.758553
0.980726 0.758105
0.98071 0.757655
0.980695 0.757202
0.980679 0.756747
0.980664 0.756288
0.980648 0.755827
0.980632 0.755364
0.980616 0.754897
0.9806 0.754427
0.980584 0.753955
0.980568 0.753479
0.980552 0.753001
0.980536 0.75252
0.980519 0.752036
0.980503 0.751548
0.980486 0.751058
0.980469 0.750565
0.980452 0.750068
0.980435 0.749569
0.980418 0.749066
0.980401 0.74856
0.980384 0.748051
0.980367 0.747539
0.980349 0.747023
0.980332 0.746504
0.980314 0.745982
0.980296 0.745456
0.980279 0.744927
0.980261 0.744395
0.980243 0.743859
0.980224 0.74332
0.980206 0.742777
0.980188 0.74223
0.980169 0.74168
0.980151 0.741127
0.980132 0.740569
0.980113 0.740008
0.980094 0.739443
0.980075 0.738875
0.980056 0.738302
0.980037 0.737726
0.980017 0.737146
0.979998 0.736562
0.979978 0.735974
0.979958 0.735382
0.979938 0.734786
0.979918 0.734186
0.979898 0.733582
0.979878 0.732974
0.979857 0.732361
0.979837 0.731744
0.979816 0.731123
0.979795 0.730498
0.979774 0.729868
0.979753 0.729234
0.979732 0.728595
0.97971 0.727952
0.979689 0.727305
0.979667 0.726652
0.979645 0.725995
0.979623 0.725334
0.979601 0.724668
0.979579 0.723997
0.979556 0.723321
0.979534 0.72264
0.979511 0.721954
0.979488 0.721263
0.979465 0.720568
0.979442 0.719867
0.979418 0.719161
0.979395 0.71845
0.979371 0.717734
0.979347 0.717012
0.979323 0.716285
0.979299 0.715553
0.979275 0.714815
0.97925 0.714071
0.979225 0.713322
0.979201 0.712568
0.979175 0.711808
0.97915 0.711042
0.979125 0.71027
0.979099 0.709492
0.979073 0.708708
0.979047 0.707919
0.979021 0.707123
0.978995 0.706321
0.978968 0.705513
0.978941 0.704699
0.978915 0.703878
0.978887 0.703051
0.97886 0.702218
0.978832 0.701377
0.978805 0.700531
0.978777 0.699677
0.978748 0.698817
0.97872 0.69795
0.978691 0.697077
0.978662 0.696196
0.978633 0.695308
0.978604 0.694413
0.978575 0.693511
0.978545 0.692601
0.978515 0.691685
0.978485 0.69076
0.978454 0.689828
0.978423 0.688889
0.978392 0.687942
0.978361 0.686987
0.97833 0.686024
0.978298 0.685054
0.978266 0.684075
0.978234 0.683088
0.978201 0.682093
0.978169 0.68109
0.978136 0.680078
0.978102 0.679057
0.978069 0.678029
0.978035 0.676991
0.978001 0.675945
0.977966 0.674889
0.977932 0.673825
0.977897 0.672752
0.977861 0.671669
0.977826 0.670577
0.97779 0.669476
0.977754 0.668366
0.977717 0.667245
0.97768 0.666115
0.977643 0.664975
0.977606 0.663826
0.977568 0.662666
0.97753 0.661496
0.977491 0.660316
0.977452 0.659125
0.977413 0.657924
0.977374 0.656712
0.977334 0.65549
0.977294 0.654256
0.977253 0.653012
0.977212 0.651757
0.977171 0.65049
0.977129 0.649212
0.977087 0.647922
0.977045 0.646621
0.977002 0.645308
0.976959 0.643983
0.976915 0.642647
0.976871 0.641298
0.976827 0.639936
0.976782 0.638563
0.976737 0.637177
0.976691 0.635778
0.976645 0.634366
0.976598 0.632941
0.976551 0.631503
0.976504 0.630052
0.976456 0.628588
0.976407 0.62711
0.976358 0.625618
0.976309 0.624112
0.976259 0.622593
0.976209 0.621059
0.976158 0.619511
0.976107 0.617948
0.976055 0.616371
0.976002 0.614779
0.97595 0.613172
0.975896 0.61155
0.975842 0.609913
0.975788 0.60826
0.975733 0.606592
0.975677 0.604908
0.975621 0.603208
0.975564 0.601492
0.975507 0.59976
0.975449 0.598011
0.97539 0.596246
0.975331 0.594464
0.975271 0.592666
0.975211 0.59085
0.97515 0.589017
0.975088 0.587167
0.975026 0.585299
0.974963 0.583413
0.974899 0.581509
0.974835 0.579588
0.97477 0.577648
0.974704 0.57569
0.974637 0.573713
0.97457 0.571717
0.974502 0.569703
0.974433 0.56767
0.974364 0.565617
0.974294 0.563545
0.974223 0.561453
0.974151 0.559342
0.974078 0.557211
0.974005 0.55506
0.97393 0.552888
0.973855 0.550697
0.973779 0.548485
0.973702 0.546252
0.973625 0.543999
0.973546 0.541724
0.973467 0.539429
0.973386 0.537113
0.973305 0.534775
0.973223 0.532416
0.973139 0.530035
0.973055 0.527632
0.97297 0.525208
0.972884 0.522762
0.972796 0.520294
0.972708 0.517804
0.972619 0.515291
0.972529 0.512756
0.972437 0.510199
0.972345 0.50762
0.972251 0.505018
0.972156 0.502393
0.97206 0.499746
0.971963 0.497076
0.971865 0.494384
0.971765 0.491669
0.971665 0.488931
0.971563 0.48617
0.97146 0.483386
0.971355 0.48058
0.97125 0.477751
0.971143 0.474899
0.971035 0.472025
0.970925 0.469128
0.970814 0.466209
0.970702 0.463267
0.970588 0.460302
0.970473 0.457316
0.970356 0.454307
0.970238 0.451277
0.970119 0.448224
0.969998 0.44515
0.969875 0.442054
0.969751 0.438937
0.969625 0.435799
0.969498 0.43264
0.969369 0.42946
0.969239 0.42626
0.969107 0.42304
0.968973 0.4198
0.968838 0.416541
0.968701 0.413262
0.968562 0.409965
0.968421 0.406649
0.968279 0.403315
0.968135 0.399963
0.967989 0.396595
0.967841 0.393209
0.967691 0.389807
0.967539 0.38639
0.967386 0.382957
0.967231 0.379509
0.967073 0.376047
0.966914 0.372571
0.966752 0.369082
0.966589 0.365581
0.966423 0.362068
0.966256 0.358544
0.966086 0.355009
0.965915 0.351464
0.965741 0.34791
0.965565 0.344348
0.965386 0.340778
0.965206 0.337201
0.965023 0.333617
0.964838 0.330029
0.964651 0.326435
0.964462 0.322838
0.96427 0.319238
0.964076 0.315636
0.963879 0.312033
0.96368 0.308429
0.963479 0.304826
0.963275 0.301224
0.963069 0.297624
0.96286 0.294028
0.962649 0.290435
0.962435 0.286848
0.962219 0.283266
0.962001 0.279692
0.961779 0.276125
0.961555 0.272566
0.961329 0.269018
0.9611 0.26548
0.960868 0.261953
0.960634 0.258439
0.960397 0.254938
0.960157 0.251451
0.959915 0.24798
0.95967 0.244524
0.959422 0.241086
0.959172 0.237665
0.958919 0.234262
0.958663 0.23088
0.958404 0.227517
0.958142 0.224176
0.957878 0.220856
0.957611 0.217559
0.957341 0.214286
0.957069 0.211037
0.956793 0.207812
0.956515 0.204613
0.956234 0.201441
0.95595 0.198295
0.955663 0.195177
0.955373 0.192088
0.955081 0.189026
0.954785 0.185995
0.954487 0.182993
0.954186 0.180021
0.953882 0.17708
0.953575 0.17417
0.953265 0.171292
0.952953 0.168446
0.952638 0.165633
0.952319 0.162852
0.951998 0.160104
0.951674 0.15739
0.951347 0.154709
0.951018 0.152062
0.950685 0.149448
0.95035 0.146869
0.950012 0.144325
0.949671 0.141815
0.949327 0.139339
0.94898 0.136898
0.948631 0.134491
0.948279 0.132119
0.947924 0.129782
0.947566 0.12748
0.947205 0.125212
0.946842 0.122978
0.946476 0.120779
0.946107 0.118614
0.945736 0.116483
0.945361 0.114386
0.944984 0.112324
0.944605 0.110294
0.944222 0.108298
0.943837 0.106336
0.94345 0.104406
0.943059 0.102509
0.942666 0.100644
0.942271 0.0988121
0.941873 0.0970116
0.941472 0.0952427
0.941068 0.0935051
0.940663 0.0917985
0.940254 0.0901224
0.939843 0.0884767
0.93943 0.0868609
0.939013 0.0852746
0.938595 0.0837176
0.938174 0.0821895
0.937751 0.0806898
0.937325 0.0792182
0.936896 0.0777744
0.936466 0.0763579
0.936032 0.0749684
0.935597 0.0736054
0.935159 0.0722686
0.934719 0.0709575
0.934276 0.0696719
0.933831 0.0684112
0.933384 0.0671752
0.932935 0.0659633
0.932483 0.0647753
0.932029 0.0636106
0.931573 0.062469
0.931115 0.06135
0.930654 0.0602532
0.930191 0.0591782
0.929726 0.0581248
0.929259 0.0570924
0.92879 0.0560807
0.928318 0.0550894
0.927845 0.054118
0.927369 0.0531662
0.926892 0.0522336
0.926412 0.0513198
0.92593 0.0504246
0.925447 0.0495475
0.924961 0.0486882
0.924473 0.0478464
0.923983 0.0470217
0.923492 0.0462137
0.922998 0.0454222
0.922502 0.0446468
0.922005 0.0438872
0.921505 0.0431431
0.921004 0.0424142
0.920501 0.0417001
0.919996 0.0410005
0.919489 0.0403153
0.91898 0.039644
0.918469 0.0389863
0.917957 0.0383421
0.917443 0.037711
0.916927 0.0370927
0.916409 0.036487
0.91589 0.0358936
0.915369 0.0353123
0.914846 0.0347428
0.914321 0.0341848
0.913795 0.0336381
0.913267 0.0331025
0.912737 0.0325777
0.912206 0.0320636
0.911673 0.0315598
0.911138 0.0310661
0.910602 0.0305824
0.910064 0.0301084
0.909525 0.0296439
0.908984 0.0291888
0.908441 0.0287427
0.907897 0.0283056
0.907351 0.0278772
0.906804 0.0274573
0.906255 0.0270457
0.905705 0.0266424
0.905153 0.026247
0.9046 0.0258595
0.904045 0.0254796
0.903489 0.0251072
0.902931 0.0247421
0.902372 0.0243842
0.901811 0.0240333
0.901249 0.0236893
0.900685 0.023352
0.90012 0.0230212
0.899554 0.0226969
0.898986 0.0223789
0.898417 0.022067
0.897847 0.0217612
0.897275 0.0214612
0.896702 0.021167
0.896127 0.0208785
0.895551 0.0205955
0.894974 0.0203179
0.894395 0.0200455
0.893815 0.0197784
0.893234 0.0195163
0.892651 0.0192592
0.892068 0.0190069
0.891483 0.0187594
0.890896 0.0185165
0.890308 0.0182782
0.88972 0.0180443
0.889129 0.0178148
0.888538 0.0175895
0.887945 0.0173685
0.887351 0.0171515
0.886756 0.0169385
0.88616 0.0167294
0.885562 0.0165242
0.884963 0.0163228
0.884363 0.016125
0.883762 0.0159308
0.88316 0.0157401
0.882556 0.0155529
0.881951 0.0153691
0.881345 0.0151886
0.880738 0.0150113
0.88013 0.0148373
0.87952 0.0146663
0.87891 0.0144984
0.878298 0.0143334
0.877685 0.0141714
0.877071 0.0140123
0.876456 0.013856
0.87584 0.0137024
0.875222 0.0135515
0.874604 0.0134032
0.873984 0.0132576
0.873363 0.0131145
0.872741 0.0129738
0.872118 0.0128356
0.871494 0.0126998
0.870869 0.0125663
0.870243 0.0124352
0.869615 0.0123062
0.868987 0.0121795
0.868357 0.0120549
0.867727 0.0119325
0.867095 0.0118121
0.866462 0.0116938
0.865828 0.0115774
0.865194 0.0114631
0.864558 0.0113506
0.863921 0.01124
0.863283 0.0111313
0.862643 0.0110243
0.862003 0.0109192
0.861362 0.0108158
0.86072 0.0107141
0.860076 0.0106141
0.859432 0.0105157
0.858787 0.0104189
0.85814 0.0103237
0.857493 0.0102301
0.856844 0.010138
0.856195 0.0100474
0.855544 0.00995827
0.854893 0.00987057
0.85424 0.00978428
0.853586 0.00969938
0.852932 0.00961585
0.852276 0.00953365
0.851619 0.00945277
0.850962 0.00937317
0.850303 0.00929484
0.849643 0.00921776
0.848982 0.00914189
0.848321 0.00906722
0.847658 0.00899373
0.846994 0.00892139
0.846329 0.00885019
0.845663 0.0087801
0.844997 0.00871111
0.844329 0.0086432
0.84366 0.00857634
0.84299 0.00851052
0.842319 0.00844572
0.841647 0.00838192
0.840974 0.0083191
0.8403 0.00825726
0.839625 0.00819636
0.838949 0.0081364
0.838272 0.00807736
0.837595 0.00801922
0.836916 0.00796197
0.836236 0.00790559
0.835555 0.00785007
0.834873 0.00779539
0.83419 0.00774154
0.833506 0.00768851
0.83282 0.00763627
0.832134 0.00758483
0.831447 0.00753416
0.830759 0.00748425
0.83007 0.00743509
0.82938 0.00738668
0.828689 0.00733898
0.827997 0.007292
0.827303 0.00724572
0.826609 0.00720013
0.825914 0.00715523
0.825218 0.00711099
0.82452 0.0070674
0.823822 0.00702447
0.823123 0.00698217
0.822422 0.0069405
0.821721 0.00689945
0.821018 0.00685901
0.820315 0.00681916
0.81961 0.0067799
0.818905 0.00674122
0.818198 0.00670312
0.817491 0.00666557
0.816782 0.00662858
0.816072 0.00659213
0.815361 0.00655622
0.81465 0.00652084
0.813937 0.00648597
0.813223 0.00645163
0.812508 0.00641778
0.811792 0.00638443
0.811074 0.00635158
0.810356 0.0063192
0.809637 0.00628731
0.808916 0.00625588
0.808195 0.00622491
0.807473 0.0061944
0.806749 0.00616434
0.806024 0.00613471
0.805298 0.00610553
0.804572 0.00607677
0.803844 0.00604844
0.803115 0.00602053
0.802384 0.00599303
0.801653 0.00596593
0.800921 0.00593923
0.800187 0.00591293
0.799453 0.00588702
0.798717 0.00586149
0.79798 0.00583634
0.797242 0.00581156
0.796503 0.00578715
0.795763 0.00576311
0.795022 0.00573942
0.794279 0.00571609
0.793536 0.00569311
0.792791 0.00567047
0.792045 0.00564817
0.791298 0.00562621
0.79055 0.00560457
0.789801 0.00558327
0.78905 0.00556228
0.788299 0.00554162
0.787546 0.00552127
0.786792 0.00550123
0.786037 0.00548149
0.78528 0.00546206
0.784523 0.00544293
0.783764 0.00542409
0.783004 0.00540555
0.782243 0.00538729
0.781481 0.00536931
0.780717 0.00535162
0.779952 0.00533421
0.779186 0.00531707
0.778419 0.00530019
0.777651 0.00528359
0.776881 0.00526725
0.77611 0.00525118
0.775338 0.00523536
0.774565 0.0052198
0.77379 0.00520449
0.773015 0.00518942
0.772238 0.00517461
0.771459 0.00516004
0.77068 0.00514571
0.769899 0.00513162
0.769117 0.00511776
0.768333 0.00510414
0.767548 0.00509075
0.766762 0.00507759
0.765975 0.00506465
0.765187 0.00505194
0.764397 0.00503945
0.763605 0.00502717
0.762813 0.00501512
0.762019 0.00500327
0.761224 0.00499164
0.760427 0.00498022
0.75963 0.00496901
0.75883 0.004958
0.75803 0.00494719
0.757228 0.00493659
0.756425 0.00492618
0.75562 0.00491598
0.754814 0.00490597
0.754007 0.00489615
0.753198 0.00488652
0.752388 0.00487709
0.751577 0.00486784
0.750764 0.00485878
0.749949 0.00484991
0.749134 0.00484122
0.748317 0.00483271
0.747498 0.00482437
0.746678 0.00481622
0.745857 0.00480825
0.745034 0.00480045
0.74421 0.00479282
0.743384 0.00478537
0.742557 0.00477808
0.741728 0.00477097
0.740898 0.00476402
0.740067 0.00475724
0.739234 0.00475063
0.738399 0.00474418
0.737563 0.00473789
0.736726 0.00473176
0.735887 0.0047258
0.735046 0.00471999
0.734204 0.00471434
0.733361 0.00470884
0.732516 0.00470351
0.731669 0.00469832
0.730821 0.00469329
0.729972 0.00468841
0.72912 0.00468369
0.728268 0.00467911
0.727413 0.00467468
0.726558 0.0046704
0.7257 0.00466626
0.724841 0.00466228
0.723981 0.00465843
0.723118 0.00465473
0.722255 0.00465118
0.721389 0.00464776
0.720522 0.00464449
0.719654 0.00464136
0.718783 0.00463837
0.717912 0.00463551
0.717038 0.0046328
0.716163 0.00463022
0.715286 0.00462778
0.714408 0.00462547
0.713528 0.0046233
0.712646 0.00462126
0.711762 0.00461936
0.710877 0.00461759
0.70999 0.00461595
0.709102 0.00461445
0.708212 0.00461307
0.70732 0.00461183
0.706426 0.00461072
0.705531 0.00460973
0.704634 0.00460887
0.703735 0.00460815
0.702835 0.00460754
0.701932 0.00460707
0.701028 0.00460672
0.700123 0.0046065
0.699215 0.00460641
0.698306 0.00460644
0.697395 0.00460659
0.696482 0.00460687
0.695567 0.00460727
0.694651 0.00460779
0.693732 0.00460844
0.692812 0.00460921
0.69189 0.0046101
0.690967 0.00461112
0.690041 0.00461225
0.689114 0.00461351
0.688185 0.00461489
0.687254 0.00461639
0.686321 0.004618
0.685386 0.00461974
0.684449 0.0046216
0.683511 0.00462358
0.68257 0.00462567
0.681628 0.00462789
0.680684 0.00463022
0.679738 0.00463267
0.67879 0.00463524
0.67784 0.00463793
0.676888 0.00464073
0.675935 0.00464366
0.674979 0.0046467
0.674021 0.00464985
0.673062 0.00465313
0.6721 0.00465652
0.671137 0.00466003
0.670172 0.00466365
0.669204 0.00466739
0.668235 0.00467125
0.667264 0.00467522
0.66629 0.00467932
0.665315 0.00468352
0.664338 0.00468785
0.663359 0.00469229
0.662377 0.00469684
0.661394 0.00470151
0.660409 0.0047063
0.659421 0.0047112
0.658432 0.00471622
0.65744 0.00472136
0.656447 0.00472661
0.655452 0.00473198
0.654454 0.00473747
0.653454 0.00474307
0.652453 0.00474879
0.651449 0.00475462
0.650443 0.00476057
0.649435 0.00476664
0.648425 0.00477282
0.647413 0.00477913
0.646399 0.00478554
0.645383 0.00479208
0.644364 0.00479873
0.643344 0.0048055
0.642321 0.00481239
0.641296 0.0048194
0.640269 0.00482652
0.63924 0.00483377
0.638209 0.00484113
0.637176 0.00484861
0.63614 0.0048562
0.635103 0.00486392
0.634063 0.00487176
0.633021 0.00487971
0.631977 0.00488779
0.630931 0.00489599
0.629882 0.0049043
0.628832 0.00491274
0.627779 0.0049213
0.626724 0.00492998
0.625667 0.00493878
0.624607 0.0049477
0.623546 0.00495675
0.622482 0.00496591
0.621416 0.0049752
0.620348 0.00498462
0.619278 0.00499415
0.618205 0.00500382
0.61713 0.0050136
0.616053 0.00502351
0.614974 0.00503355
0.613892 0.00504371
0.612809 0.005054
0.611723 0.00506441
0.610634 0.00507495
0.609544 0.00508562
0.608451 0.00509642
0.607356 0.00510734
0.606259 0.00511839
0.60516 0.00512958
0.604058 0.00514089
0.602954 0.00515233
0.601848 0.00516391
0.600739 0.00517561
0.599629 0.00518745
0.598516 0.00519942
0.5974 0.00521152
0.596283 0.00522375
0.595163 0.00523612
0.594041 0.00524863
0.592917 0.00526127
0.59179 0.00527404
0.590662 0.00528695
0.58953 0.0053
0.588397 0.00531319
0.587261 0.00532651
0.586123 0.00533998
0.584983 0.00535358
0.583841 0.00536732
0.582696 0.00538121
0.581549 0.00539524
0.5804 0.0054094
0.579248 0.00542372
0.578095 0.00543817
0.576939 0.00545277
0.57578 0.00546752
0.57462 0.00548241
0.573457 0.00549745
0.572292 0.00551264
0.571124 0.00552797
0.569955 0.00554345
0.568783 0.00555909
0.567609 0.00557487
0.566433 0.00559081
0.565254 0.0056069
0.564073 0.00562314
0.56289 0.00563953
0.561705 0.00565608
0.560517 0.00567279
0.559327 0.00568965
0.558135 0.00570667
0.556941 0.00572385
0.555745 0.00574119
0.554546 0.00575869
0.553345 0.00577635
0.552142 0.00579417
0.550937 0.00581216
0.54973 0.0058303
0.54852 0.00584862
0.547308 0.0058671
0.546094 0.00588575
0.544878 0.00590456
0.54366 0.00592355
0.542439 0.0059427
0.541217 0.00596203
0.539992 0.00598152
0.538765 0.00600119
0.537536 0.00602104
0.536305 0.00604106
0.535072 0.00606126
0.533836 0.00608163
0.532599 0.00610218
0.53136 0.00612292
0.530118 0.00614383
0.528874 0.00616493
0.527629 0.00618621
0.526381 0.00620767
0.525131 0.00622932
0.523879 0.00625116
0.522625 0.00627318
0.52137 0.00629539
0.520112 0.0063178
0.518852 0.00634039
0.51759 0.00636318
0.516326 0.00638617
0.515061 0.00640934
0.513793 0.00643272
0.512523 0.00645629
0.511252 0.00648007
0.509978 0.00650404
0.508703 0.00652822
0.507426 0.00655259
0.506147 0.00657718
0.504866 0.00660197
0.503583 0.00662697
0.502299 0.00665217
0.501012 0.00667759
0.499724 0.00670322
0.498434 0.00672906
0.497143 0.00675512
0.495849 0.00678139
0.494554 0.00680788
0.493257 0.00683459
0.491959 0.00686152
0.490659 0.00688867
0.489357 0.00691605
0.488053 0.00694365
0.486748 0.00697148
0.485442 0.00699953
0.484133 0.00702782
0.482823 0.00705634
0.481512 0.00708509
0.480199 0.00711407
0.478885 0.00714329
0.477569 0.00717275
0.476251 0.00720245
0.474932 0.00723239
0.473612 0.00726257
0.47229 0.007293
0.470967 0.00732367
0.469643 0.00735459
0.468317 0.00738576
0.46699 0.00741718
0.465662 0.00744886
0.464332 0.00748079
0.463001 0.00751297
0.461669 0.00754542
0.460336 0.00757813
0.459001 0.00761109
0.457666 0.00764432
0.456329 0.00767782
0.454991 0.00771159
0.453652 0.00774562
0.452312 0.00777993
0.450971 0.00781451
0.449629 0.00784936
0.448286 0.00788449
0.446942 0.0079199
0.445597 0.00795559
0.444251 0.00799157
0.442904 0.00802783
0.441557 0.00806437
0.440208 0.00810121
0.438859 0.00813833
0.437509 0.00817575
0.436159 0.00821346
0.434808 0.00825147
0.433456 0.00828978
0.432103 0.00832839
0.43075 0.00836731
0.429396 0.00840653
0.428042 0.00844605
0.426687 0.00848589
0.425332 0.00852603
0.423976 0.0085665
0.42262 0.00860727
0.421263 0.00864837
0.419906 0.00868978
0.418549 0.00873152
0.417191 0.00877358
0.415833 0.00881597
0.414475 0.00885869
0.413117 0.00890174
0.411758 0.00894513
0.4104 0.00898885
0.409041 0.00903291
0.407682 0.0090773
0.406324 0.00912205
0.404965 0.00916713
0.403606 0.00921257
0.402247 0.00925835
0.400889 0.00930449
0.399531 0.00935098
0.398172 0.00939783
0.396814 0.00944503
0.395457 0.0094926
0.394099 0.00954053
0.392742 0.00958883
0.391385 0.0096375
0.390029 0.00968654
0.388673 0.00973596
0.387317 0.00978575
0.385962 0.00983592
0.384608 0.00988647
0.383254 0.0099374
0.381901 0.00998872
0.380548 0.0100404
0.379196 0.0100925
0.377845 0.010145
0.376495 0.0101979
0.375145 0.0102512
0.373796 0.0103049
0.372448 0.010359
0.371101 0.0104135
0.369755 0.0104684
0.36841 0.0105237
0.367066 0.0105795
0.365723 0.0106356
0.364381 0.0106922
0.363041 0.0107492
0.361701 0.0108066
0.360363 0.0108645
0.359026 0.0109228
0.35769 0.0109815
0.356355 0.0110406
0.355022 0.0111002
0.353691 0.0111603
0.352361 0.0112207
0.351032 0.0112817
0.349705 0.011343
0.348379 0.0114049
0.347055 0.0114671
0.345733 0.0115299
0.344412 0.0115931
0.343093 0.0116567
0.341776 0.0117209
0.34046 0.0117854
0.339147 0.0118505
0.337835 0.0119161
0.336525 0.0119821
0.335217 0.0120486
0.333912 0.0121156
0.332608 0.012183
0.331306 0.012251
0.330006 0.0123194
0.328709 0.0123884
0.327413 0.0124578
0.32612 0.0125277
0.324829 0.0125982
0.32354 0.0126691
0.322254 0.0127406
0.32097 0.0128125
0.319688 0.012885
0.318409 0.012958
0.317132 0.0130315
0.315858 0.0131056
0.314586 0.0131801
0.313317 0.0132552
0.31205 0.0133308
0.310786 0.013407
0.309525 0.0134837
0.308267 0.0135609
0.307011 0.0136387
0.305758 0.013717
0.304507 0.0137959
0.30326 0.0138753
0.302016 0.0139553
0.300774 0.0140358
0.299535 0.0141169
0.298299 0.0141985
0.297067 0.0142807
0.295837 0.0143635
0.29461 0.0144469
0.293387 0.0145308
0.292166 0.0146153
0.290949 0.0147004
0.289735 0.0147861
0.288524 0.0148724
0.287317 0.0149592
0.286112 0.0150466
0.284911 0.0151347
0.283714 0.0152233
0.282519 0.0153125
0.281328 0.0154024
0.280141 0.0154928
0.278957 0.0155839
0.277776 0.0156755
0.276599 0.0157678
0.275426 0.0158607
0.274256 0.0159542
0.273089 0.0160483
0.271926 0.0161431
0.270767 0.0162385
0.269612 0.0163345
0.26846 0.0164312
0.267311 0.0165285
0.266167 0.0166264
0.265026 0.016725
0.263889 0.0168242
0.262756 0.0169241
0.261627 0.0170246
0.260502 0.0171258
0.25938 0.0172276
0.258262 0.0173301
0.257148 0.0174332
0.256038 0.0175371
0.254932 0.0176415
0.25383 0.0177467
0.252732 0.0178525
0.251638 0.017959
0.250548 0.0180662
0.249462 0.0181741
0.24838 0.0182827
0.247302 0.0183919
0.246229 0.0185018
0.245159 0.0186124
0.244093 0.0187238
0.243032 0.0188358
0.241974 0.0189485
0.240921 0.0190619
0.239872 0.019176
0.238827 0.0192909
0.237787 0.0194064
0.23675 0.0195226
0.235718 0.0196396
0.23469 0.0197573
0.233667 0.0198757
0.232647 0.0199949
0.231632 0.0201147
0.230621 0.0202353
0.229614 0.0203566
0.228612 0.0204787
0.227614 0.0206015
0.22662 0.020725
0.225631 0.0208493
0.224646 0.0209743
0.223665 0.0211001
0.222689 0.0212266
0.221717 0.0213539
0.220749 0.0214819
0.219786 0.0216107
0.218827 0.0217402
0.217873 0.0218705
0.216923 0.0220015
0.215977 0.0221334
0.215036 0.022266
0.214099 0.0223993
0.213166 0.0225335
0.212238 0.0226684
0.211314 0.0228041
0.210395 0.0229406
0.20948 0.0230778
0.208569 0.0232159
0.207663 0.0233547
0.206762 0.0234943
0.205864 0.0236347
0.204971 0.0237759
0.204083 0.0239179
0.203199 0.0240607
0.202319 0.0242043
0.201444 0.0243487
0.200573 0.0244939
0.199707 0.02464
0.198845 0.0247868
0.197987 0.0249344
0.197134 0.0250829
0.196285 0.0252322
0.195441 0.0253822
0.194601 0.0255332
0.193765 0.0256849
0.192934 0.0258374
0.192107 0.0259908
0.191285 0.026145
0.190467 0.0263001
0.189653 0.026456
0.188843 0.0266127
0.188038 0.0267702
0.187238 0.0269286
0.186441 0.0270879
0.185649 0.0272479
0.184862 0.0274089
0.184078 0.0275706
0.183299 0.0277332
0.182524 0.0278967
0.181754 0.028061
0.180988 0.0282262
0.180226 0.0283923
0.179468 0.0285592
0.178715 0.0287269
0.177965 0.0288955
0.17722 0.029065
0.17648 0.0292354
0.175743 0.0294066
0.175011 0.0295787
0.174283 0.0297517
0.173559 0.0299255
0.17284 0.0301002
0.172124 0.0302758
0.171413 0.0304523
0.170706 0.0306297
0.170002 0.0308079
0.169304 0.030987
0.168609 0.031167
0.167918 0.031348
0.167231 0.0315298
0.166549 0.0317124
0.16587 0.031896
0.165196 0.0320805
0.164526 0.0322659
0.163859 0.0324522
0.163197 0.0326394
0.162538 0.0328275
0.161884 0.0330165
0.161234 0.0332064
0.160587 0.0333972
0.159945 0.0335889
0.159306 0.0337816
0.158672 0.0339751
0.158041 0.0341696
0.157414 0.034365
0.156791 0.0345613
0.156172 0.0347585
0.155557 0.0349567
0.154945 0.0351558
0.154338 0.0353558
0.153734 0.0355567
0.153134 0.0357586
0.152538 0.0359614
0.151945 0.0361651
0.151357 0.0363698
0.150772 0.0365754
0.150191 0.0367819
0.149613 0.0369894
0.149039 0.0371979
0.148469 0.0374073
0.147902 0.0376176
0.14734 0.0378289
0.14678 0.0380411
0.146225 0.0382543
0.145672 0.0384684
0.145124 0.0386835
0.144579 0.0388995
0.144038 0.0391165
0.1435 0.0393345
0.142965 0.0395534
0.142435 0.0397733
0.141907 0.0399942
0.141383 0.040216
0.140863 0.0404388
0.140346 0.0406626
0.139832 0.0408873
0.139322 0.041113
0.138815 0.0413397
0.138312 0.0415674
0.137812 0.0417961
0.137315 0.0420257
0.136822 0.0422563
0.136331 0.042488
0.135845 0.0427206
0.135361 0.0429541
0.134881 0.0431887
0.134404 0.0434243
0.13393 0.0436609
0.133459 0.0438985
0.132992 0.044137
0.132528 0.0443766
0.132067 0.0446172
0.131609 0.0448588
0.131154 0.0451014
0.130702 0.045345
0.130253 0.0455896
0.129808 0.0458353
0.129366 0.0460819
0.128926 0.0463296
0.12849 0.0465783
0.128056 0.046828
0.127626 0.0470787
0.127199 0.0473305
0.126774 0.0475833
0.126353 0.0478371
0.125934 0.048092
0.125519 0.0483479
0.125106 0.0486048
0.124696 0.0488628
0.124289 0.0491219
0.123885 0.0493819
0.123484 0.049643
0.123086 0.0499052
0.12269 0.0501684
0.122298 0.0504327
0.121908 0.050698
0.12152 0.0509644
0.121136 0.0512319
0.120754 0.0515004
0.120375 0.05177
0.119999 0.0520407
0.119626 0.0523124
0.119255 0.0525852
0.118886 0.0528591
0.118521 0.0531341
0.118158 0.0534101
0.117798 0.0536873
0.11744 0.0539655
0.117085 0.0542448
0.116732 0.0545252
0.116382 0.0548067
0.116035 0.0550893
0.11569 0.055373
0.115348 0.0556579
0.115008 0.0559438
0.11467 0.0562308
0.114335 0.056519
0.114003 0.0568082
0.113673 0.0570986
0.113345 0.0573901
0.11302 0.0576828
0.112697 0.0579766
0.112377 0.0582715
0.112059 0.0585675
0.111743 0.0588647
0.11143 0.059163
0.111119 0.0594625
0.110811 0.0597631
0.110504 0.0600649
0.1102 0.0603678
0.109899 0.0606719
0.109599 0.0609772
0.109302 0.0612836
0.109007 0.0615912
0.108715 0.0619
0.108424 0.06221
0.108136 0.0625211
0.10785 0.0628334
0.107566 0.0631469
0.107284 0.0634617
0.107005 0.0637776
0.106727 0.0640947
0.106452 0.064413
0.106179 0.0647325
0.105908 0.0650533
0.105639 0.0653752
0.105372 0.0656984
0.105107 0.0660229
0.104845 0.0663485
0.104584 0.0666754
0.104325 0.0670035
0.104069 0.0673329
0.103814 0.0676635
0.103561 0.0679954
0.103311 0.0683285
0.103062 0.0686629
0.102816 0.0689986
0.102571 0.0693355
0.102328 0.0696738
0.102087 0.0700133
0.101848 0.0703541
0.101611 0.0706961
0.101376 0.0710395
0.101143 0.0713842
0.100912 0.0717302
0.100682 0.0720775
0.100455 0.0724262
0.100229 0.0727761
0.100005 0.0731274
0.0997833 0.0734801
0.099563 0.073834
0.0993446 0.0741894
0.099128 0.074546
0.0989132 0.0749041
0.0987001 0.0752635
0.0984888 0.0756242
0.0982793 0.0759864
0.0980715 0.0763499
0.0978655 0.0767148
0.0976612 0.0770812
0.0974586 0.0774489
0.0972578 0.077818
0.0970586 0.0781886
0.0968611 0.0785605
0.0966653 0.0789339
0.0964712 0.0793088
0.0962788 0.079685
0.096088 0.0800628
0.0958988 0.0804419
0.0957113 0.0808226
0.0955255 0.0812047
0.0953412 0.0815883
0.0951586 0.0819734
0.0949775 0.08236
0.0947981 0.082748
0.0946202 0.0831376
0.094444 0.0835287
0.0942693 0.0839213
0.0940961 0.0843155
0.0939246 0.0847112
0.0937545 0.0851084
0.093586 0.0855072
0.0934191 0.0859075
0.0932536 0.0863095
0.0930897 0.086713
0.0929273 0.0871181
0.0927664 0.0875248
0.092607 0.0879331
0.092449 0.088343
0.0922926 0.0887545
0.0921376 0.0891677
0.0919841 0.0895825
0.091832 0.089999
0.0916814 0.0904171
0.0915322 0.0908369
0.0913845 0.0912584
0.0912382 0.0916816
0.0910933 0.0921064
0.0909498 0.092533
0.0908078 0.0929613
0.0906671 0.0933913
0.0905278 0.0938231
0.09039 0.0942566
0.0902535 0.0946919
0.0901183 0.095129
0.0899846 0.0955678
0.0898522 0.0960084
0.0897212 0.0964508
0.0895915 0.0968951
0.0894632 0.0973412
0.0893362 0.0977891
0.0892105 0.0982388
0.0890862 0.0986905
0.0889632 0.099144
0.0888415 0.0995994
0.0887211 0.100057
0.088602 0.100516
0.0884842 0.100977
0.0883677 0.10144
0.0882525 0.101905
0.0881386 0.102372
0.088026 0.102841
0.0879146 0.103312
0.0878045 0.103785
0.0876957 0.10426
0.0875881 0.104737
0.0874818 0.105216
0.0873768 0.105697
0.0872729 0.10618
0.0871703 0.106665
0.087069 0.107152
0.0869689 0.107642
0.08687 0.108133
0.0867723 0.108627
0.0866758 0.109123
0.0865806 0.109621
0.0864866 0.110121
0.0863937 0.110624
0.0863021 0.111128
0.0862117 0.111635
0.0861224 0.112144
0.0860343 0.112656
0.0859475 0.113169
0.0858618 0.113685
0.0857773 0.114204
0.0856939 0.114724
0.0856117 0.115247
0.0855307 0.115773
0.0854509 0.1163
0.0853722 0.11683
0.0852947 0.117363
0.0852183 0.117898
0.0851431 0.118436
0.085069 0.118976
0.084996 0.119518
0.0849242 0.120063
0.0848536 0.120611
0.0847841 0.121161
0.0847157 0.121714
0.0846484 0.122269
0.0845823 0.122827
0.0845172 0.123387
0.0844534 0.123951
0.0843906 0.124517
0.0843289 0.125085
0.0842684 0.125657
0.0842089 0.126231
0.0841506 0.126808
0.0840934 0.127387
0.0840373 0.12797
0.0839823 0.128555
0.0839284 0.129144
0.0838756 0.129735
0.0838239 0.130329
0.0837733 0.130926
0.0837238 0.131526
0.0836753 0.132129
0.083628 0.132735
0.0835818 0.133344
0.0835366 0.133956
0.0834926 0.134571
0.0834496 0.13519
0.0834077 0.135811
0.0833669 0.136436
0.0833272 0.137064
0.0832885 0.137695
0.083251 0.138329
0.0832145 0.138967
0.0831791 0.139608
0.0831448 0.140252
0.0831115 0.1409
0.0830794 0.141551
0.0830483 0.142206
0.0830183 0.142864
0.0829894 0.143525
0.0829615 0.14419
0.0829348 0.144859
0.0829091 0.145531
0.0828844 0.146207
0.0828609 0.146887
0.0828384 0.14757
0.0828171 0.148257
0.0827968 0.148948
0.0827775 0.149642
0.0827594 0.150341
0.0827423 0.151043
0.0827263 0.151749
0.0827114 0.15246
0.0826976 0.153174
0.0826849 0.153892
0.0826732 0.154614
0.0826626 0.155341
0.0826532 0.156072
0.0826448 0.156806
0.0826375 0.157545
0.0826312 0.158289
0.0826261 0.159036
0.0826221 0.159788
0.0826192 0.160545
0.0826173 0.161305
0.0826166 0.162071
0.082617 0.16284
0.0826185 0.163615
0.082621 0.164394
0.0826247 0.165178
0.0826295 0.165966
0.0826354 0.166759
0.0826425 0.167557
0.0826506 0.16836
0.0826599 0.169168
0.0826703 0.169981
0.0826818 0.170798
0.0826945 0.171621
0.0827082 0.172449
0.0827232 0.173282
0.0827392 0.174121
0.0827565 0.174965
0.0827748 0.175814
0.0827943 0.176668
0.082815 0.177528
0.0828368 0.178393
0.0828598 0.179264
0.082884 0.180141
0.0829093 0.181023
0.0829358 0.181911
0.0829635 0.182805
0.0829924 0.183704
0.0830225 0.18461
0.0830538 0.185522
0.0830863 0.186439
0.0831199 0.187363
0.0831548 0.188293
0.083191 0.18923
0.0832283 0.190172
0.0832669 0.191121
0.0833067 0.192077
0.0833477 0.193039
0.0833901 0.194008
0.0834336 0.194983
0.0834784 0.195965
0.0835245 0.196955
0.0835719 0.197951
0.0836205 0.198954
0.0836705 0.199964
0.0837217 0.200981
0.0837743 0.202005
0.0838281 0.203037
0.0838833 0.204076
0.0839398 0.205123
0.0839977 0.206177
0.0840569 0.207239
0.0841174 0.208309
0.0841793 0.209387
0.0842426 0.210472
0.0843073 0.211566
0.0843733 0.212668
0.0844408 0.213778
0.0845097 0.214896
0.08458 0.216023
0.0846517 0.217158
0.0847249 0.218302
0.0847995 0.219454
0.0848755 0.220616
0.0849531 0.221786
0.0850321 0.222965
0.0851127 0.224154
0.0851947 0.225351
0.0852783 0.226558
0.0853634 0.227775
0.08545 0.229001
0.0855383 0.230237
0.085628 0.231483
0.0857194 0.232738
0.0858124 0.234004
0.0859069 0.23528
0.0860031 0.236566
0.086101 0.237862
0.0862005 0.23917
0.0863016 0.240487
0.0864045 0.241816
0.086509 0.243156
0.0866153 0.244506
0.0867233 0.245868
0.0868331 0.247241
0.0869446 0.248626
0.0870579 0.250023
0.087173 0.251431
0.0872899 0.252851
0.0874087 0.254283
0.0875293 0.255727
0.0876518 0.257184
0.0877762 0.258654
0.0879024 0.260136
0.0880307 0.26163
0.0881609 0.263138
0.088293 0.264659
0.0884272 0.266194
0.0885633 0.267741
0.0887015 0.269303
0.0888418 0.270878
0.0889842 0.272467
0.0891286 0.274071
0.0892752 0.275689
0.0894239 0.277321
0.0895749 0.278968
0.089728 0.28063
0.0898834 0.282307
0.090041 0.284
0.0902009 0.285707
0.0903631 0.287431
0.0905276 0.28917
0.0906945 0.290926
0.0908638 0.292697
0.0910356 0.294485
0.0912097 0.29629
0.0913864 0.298111
0.0915656 0.29995
0.0917473 0.301805
0.0919316 0.303679
0.0921185 0.30557
0.0923081 0.307478
0.0925003 0.309405
0.0926953 0.311351
0.092893 0.313314
0.0930935 0.315297
0.0932968 0.317299
0.0935029 0.319319
0.093712 0.32136
0.093924 0.32342
0.094139 0.3255
0.0943569 0.3276
0.094578 0.32972
0.0948021 0.331861
0.0950294 0.334023
0.0952599 0.336206
0.0954936 0.33841
0.0957305 0.340636
0.0959708 0.342884
0.0962145 0.345153
0.0964615 0.347445
0.0967121 0.34976
0.0969661 0.352097
0.0972237 0.354457
0.0974849 0.356841
0.0977498 0.359248
0.0980184 0.361679
0.0982908 0.364134
0.098567 0.366613
0.0988471 0.369117
0.0991311 0.371645
0.0994192 0.374198
0.0997113 0.376777
0.100008 0.379381
0.100308 0.38201
0.100613 0.384666
0.100922 0.387348
0.101235 0.390056
0.101553 0.39279
0.101875 0.395551
0.102202 0.39834
0.102533 0.401155
0.10287 0.403998
0.103211 0.406869
0.103557 0.409767
0.103907 0.412694
0.104263 0.415649
0.104624 0.418632
0.10499 0.421643
0.105362 0.424683
0.105739 0.427752
0.106121 0.430851
0.106508 0.433978
0.106902 0.437134
0.1073 0.44032
0.107705 0.443535
0.108116 0.44678
0.108532 0.450054
0.108955 0.453359
0.109383 0.456692
0.109818 0.460056
0.11026 0.46345
0.110707 0.466873
0.111161 0.470326
0.111622 0.473809
0.11209 0.477321
0.112564 0.480864
0.113045 0.484436
0.113534 0.488037
0.114029 0.491668
0.114532 0.495327
0.115042 0.499016
0.11556 0.502734
0.116085 0.50648
0.116618 0.510255
0.117159 0.514058
0.117708 0.517889
0.118265 0.521747
0.11883 0.525633
0.119404 0.529545
0.119985 0.533484
0.120576 0.537449
0.121175 0.541439
0.121783 0.545454
0.1224 0.549494
0.123026 0.553557
0.123661 0.557644
0.124306 0.561754
0.12496 0.565886
0.125624 0.57004
0.126297 0.574214
0.126981 0.578408
0.127674 0.582621
0.128378 0.586852
0.129091 0.591101
0.129816 0.595367
0.130551 0.599648
0.131296 0.603944
0.132053 0.608254
0.13282 0.612577
0.133598 0.616912
0.134388 0.621257
0.135189 0.625611
0.136002 0.629975
0.136827 0.634345
0.137663 0.638722
0.138511 0.643103
0.139371 0.647488
0.140244 0.651875
0.141129 0.656264
0.142026 0.660652
0.142936 0.665039
0.143859 0.669423
0.144795 0.673803
0.145744 0.678178
0.146706 0.682545
0.147681 0.686904
0.14867 0.691254
0.149672 0.695593
0.150688 0.699919
0.151718 0.704231
0.152761 0.708528
0.153819 0.712809
0.154891 0.717071
0.155977 0.721314
0.157078 0.725537
0.158193 0.729737
0.159322 0.733914
0.160467 0.738067
0.161626 0.742193
0.1628 0.746293
0.163989 0.750364
0.165194 0.754405
0.166413 0.758415
0.167648 0.762394
0.168898 0.766339
0.170164 0.77025
0.171445 0.774126
0.172742 0.777966
0.174055 0.781769
0.175384 0.785533
0.176728 0.789259
0.178088 0.792945
0.179465 0.79659
0.180857 0.800194
0.182266 0.803755
0.183691 0.807274
0.185132 0.81075
0.18659 0.814181
0.188064 0.817569
0.189554 0.820911
0.191061 0.824208
0.192584 0.827459
0.194124 0.830665
0.19568 0.833824
0.197254 0.836936
0.198844 0.840002
0.20045 0.84302
0.202073 0.845992
0.203713 0.848916
0.20537 0.851794
0.207044 0.854624
0.208735 0.857407
0.210442 0.860144
0.212166 0.862833
0.213908 0.865476
0.215666 0.868072
0.217441 0.870622
0.219233 0.873125
0.221042 0.875584
0.222868 0.877996
0.22471 0.880364
0.22657 0.882687
0.228447 0.884965
0.230341 0.8872
0.232251 0.889391
0.234179 0.891539
0.236124 0.893645
0.238085 0.895708
0.240064 0.89773
0.242059 0.899711
0.244072 0.901651
0.246101 0.903552
0.248147 0.905413
0.25021 0.907235
0.25229 0.909018
0.254387 0.910764
0.256501 0.912473
0.258631 0.914146
0.260779 0.915782
0.262943 0.917383
0.265124 0.91895
0.267322 0.920482
0.269536 0.92198
0.271767 0.923446
0.274015 0.924879
0.276279 0.92628
0.278561 0.927651
0.280858 0.92899
0.283172 0.9303
0.285503 0.93158
0.287851 0.932832
0.290214 0.934055
0.292594 0.93525
0.294991 0.936419
0.297404 0.93756
0.299833 0.938676
0.302279 0.939766
0.30474 0.940831
0.307218 0.941872
0.309712 0.942889
0.312222 0.943883
0.314749 0.944854
0.317291 0.945802
0.319849 0.946728
0.322423 0.947633
0.325012 0.948517
0.327618 0.949381
0.330239 0.950225
0.332876 0.951049
0.335528 0.951854
0.338196 0.95264
0.340879 0.953408
0.343577 0.954159
0.346291 0.954892
0.34902 0.955607
0.351764 0.956307
0.354523 0.95699
0.357297 0.957657
0.360085 0.958308
0.362888 0.958945
0.365706 0.959567
0.368539 0.960174
0.371386 0.960767
0.374247 0.961346
0.377122 0.961912
0.380012 0.962465
0.382915 0.963005
0.385832 0.963532
0.388763 0.964047
0.391707 0.96455
0.394665 0.965042
0.397636 0.965522
0.400621 0.965991
0.403618 0.966449
0.406628 0.966897
0.409651 0.967334
0.412686 0.967761
0.415734 0.968178
0.418793 0.968585
0.421865 0.968983
0.424949 0.969372
0.428044 0.969752
0.431151 0.970123
0.434269 0.970485
0.437398 0.970839
0.440538 0.971184
0.443688 0.971522
0.446849 0.971852
0.450021 0.972174
0.453202 0.972489
0.456393 0.972796
0.459593 0.973097
0.462803 0.97339
0.466022 0.973676
0.46925 0.973956
0.472486 0.974229
0.47573 0.974496
0.478983 0.974757
0.482243 0.975011
0.485511 0.975259
0.488786 0.975502
0.492068 0.975739
0.495357 0.97597
0.498652 0.976196
0.501952 0.976417
0.505259 0.976632
0.508571 0.976842
0.511888 0.977048
0.51521 0.977248
0.518537 0.977443
0.521868 0.977634
0.525202 0.97782
0.52854 0.978002
0.531881 0.978179
0.535225 0.978352
0.538571 0.978521
0.54192 0.978685
0.54527 0.978846
0.548622 0.979002
0.551974 0.979155
0.555327 0.979303
0.558681 0.979448
0.562034 0.97959
0.565387 0.979727
0.56874 0.979862
0.572091 0.979992
0.57544 0.98012
0.578787 0.980244
0.582132 0.980364
0.585475 0.980482
0.588814 0.980596
0.592149 0.980708
0.595481 0.980816
0.598809 0.980921
0.602131 0.981024
0.605449 0.981123
0.608761 0.98122
0.612067 0.981314
0.615367 0.981405
0.618661 0.981494
0.621947 0.98158
0.625226 0.981663
0.628497 0.981744
0.63176 0.981823
0.635014 0.981899
0.638259 0.981972
0.641495 0.982044
0.644721 0.982113
0.647937 0.982179
0.651142 0.982244
0.654337 0.982306
0.65752 0.982366
0.660692 0.982424
0.663851 0.98248
0.666999 0.982533
0.670133 0.982585
0.673255 0.982635
0.676364 0.982683
0.679458 0.982729
0.682539 0.982773
0.685605 0.982815
0.688657 0.982855
0.691693 0.982893
0.694715 0.98293
0.69772 0.982965
0.70071 0.982998
0.703684 0.98303
0.706641 0.983059
0.709581 0.983088
0.712505 0.983114
0.715411 0.983139
0.718299 0.983162
0.72117 0.983184
0.724023 0.983204
0.726857 0.983223
0.729673 0.98324
0.732471 0.983256
0.735249 0.98327
0.738008 0.983283
0.740748 0.983294
0.743468 0.983304
0.746169 0.983313
0.74885 0.98332
0.75151 0.983326
0.754151 0.98333
0.756771 0.983334
0.759371 0.983336
0.76195 0.983336
0.764508 0.983336
0.767046 0.983334
0.769563 0.983331
0.772058 0.983327
0.774533 0.983321
0.776986 0.983315
0.779418 0.983307
0.781828 0.983298
0.784217 0.983288
0.786585 0.983277
0.788931 0.983265
0.791255 0.983251
0.793558 0.983237
0.79584 0.983222
0.798099 0.983205
0.800337 0.983187
0.802554 0.983169
0.804748 0.983149
0.806921 0.983129
0.809073 0.983107
0.811203 0.983084
0.813311 0.983061
0.815398 0.983036
0.817463 0.983011
0.819507 0.982984
0.821529 0.982957
0.82353 0.982929
0.82551 0.9829
0.827469 0.98287
0.829406 0.982839
0.831323 0.982807
0.833218 0.982775
0.835093 0.982741
0.836947 0.982707
0.83878 0.982672
0.840593 0.982636
0.842385 0.982599
0.844157 0.982561
0.845909 0.982523
0.84764 0.982484
0.849352 0.982444
0.851044 0.982403
0.852716 0.982362
0.854368 0.982319
0.856001 0.982277
0.857614 0.982233
0.859209 0.982188
0.860784 0.982143
0.86234 0.982097
0.863878 0.982051
0.865397 0.982004
0.866898 0.981956
0.86838 0.981907
0.869844 0.981858
0.87129 0.981808
0.872718 0.981757
0.874129 0.981706
0.875522 0.981654
0.876898 0.981602
0.878256 0.981549
0.879598 0.981495
0.880922 0.981441
0.88223 0.981386
0.883521 0.98133
0.884796 0.981274
0.886055 0.981217
0.887298 0.98116
0.888525 0.981102
0.889736 0.981043
0.890931 0.980984
0.892112 0.980925
0.893277 0.980865
0.894427 0.980804
0.895562 0.980743
0.896682 0.980681
0.897788 0.980619
0.898879 0.980556
0.899957 0.980493
0.90102 0.980429
0.902069 0.980364
0.903105 0.9803
0.904127 0.980234
0.905135 0.980169
0.906131 0.980102
0.907113 0.980036
0.908082 0.979968
0.909039 0.979901
0.909983 0.979833
0.910914 0.979764
0.911834 0.979695
0.912741 0.979625
0.913636 0.979555
0.914519 0.979485
0.915391 0.979414
0.916251 0.979343
0.9171 0.979272
0.917937 0.979199
0.918763 0.979127
0.919579 0.979054
0.920383 0.978981
0.921177 0.978907
0.921961 0.978833
0.922734 0.978759
0.923496 0.978684
0.924249 0.978609
0.924992 0.978533
0.925725 0.978457
0.926448 0.978381
0.927161 0.978304
0.927865 0.978227
0.92856 0.97815
0.929246 0.978072
0.929922 0.977994
0.93059 0.977916
0.931248 0.977837
0.931898 0.977758
0.93254 0.977679
0.933173 0.977599
0.933797 0.977519
0.934414 0.977439
0.935022 0.977358
0.935622 0.977277
0.936215 0.977196
0.936799 0.977114
0.937376 0.977033
0.937945 0.97695
0.938507 0.976868
0.939062 0.976785
0.939609 0.976702
0.940149 0.976619
0.940682 0.976536
0.941208 0.976452
0.941727 0.976368
0.94224 0.976283
0.942746 0.976199
0.943245 0.976114
0.943738 0.976029
0.944224 0.975943
0.944704 0.975858
0.945178 0.975772
0.945646 0.975686
0.946107 0.975599
0.946563 0.975513
0.947013 0.975426
0.947457 0.975339
0.947896 0.975252
0.948328 0.975164
0.948756 0.975077
0.949178 0.974989
0.949594 0.974901
0.950005 0.974812
0.950411 0.974724
0.950812 0.974635
0.951208 0.974546
0.951598 0.974457
0.951984 0.974368
0.952365 0.974278
0.952741 0.974189
0.953112 0.974099
0.953479 0.974009
0.953841 0.973918
0.954198 0.973828
0.954552 0.973737
0.9549 0.973647
0.955244 0.973556
0.955585 0.973465
0.95592 0.973373
0.956252 0.973282
0.95658 0.97319
0.956903 0.973098
0.957223 0.973007
0.957538 0.972914
0.95785 0.972822
0.958158 0.97273
0.958462 0.972637
0.958762 0.972545
0.959059 0.972452
0.959352 0.972359
0.959642 0.972266
0.959928 0.972173
0.96021 0.97208
0.960489 0.971986
0.960765 0.971893
0.961038 0.971799
0.961307 0.971705
0.961573 0.971611
0.961835 0.971517
0.962095 0.971423
0.962352 0.971329
0.962605 0.971234
0.962856 0.97114
0.963103 0.971045
0.963348 0.97095
0.963589 0.970856
0.963828 0.970761
0.964064 0.970666
0.964297 0.970571
0.964528 0.970476
0.964756 0.97038
0.964981 0.970285
0.965203 0.970189
0.965423 0.970094
0.965641 0.969998
0.965855 0.969903
0.966068 0.969807
0.966278 0.969711
0.966485 0.969615
0.96669 0.969519
0.966893 0.969423
0.967093 0.969327
0.967292 0.969231
0.967487 0.969134
0.967681 0.969038
0.967873 0.968942
0.968062 0.968845
0.968249 0.968749
0.968434 0.968652
0.968617 0.968555
0.968798 0.968459
0.968977 0.968362
0.969153 0.968265
0.969328 0.968168
0.969501 0.968071
0.969672 0.967974
0.969841 0.967877
0.970008 0.96778
0.970174 0.967683
0.970337 0.967586
0.970499 0.967489
0.970659 0.967392
0.970817 0.967294
0.970974 0.967197
0.971128 0.9671
0.971281 0.967003
0.971433 0.966905
0.971582 0.966808
0.971731 0.96671
0.971877 0.966613
0.972022 0.966516
0.972165 0.966418
0.972307 0.966321
0.972447 0.966223
0.972586 0.966125
0.972723 0.966028
0.972859 0.96593
0.972994 0.965833
0.973126 0.965735
0.973258 0.965637
0.973388 0.96554
0.973517 0.965442
0.973644 0.965345
0.97377 0.965247
0.973895 0.965149
0.974018 0.965052
0.97414 0.964954
0.974261 0.964856
0.974381 0.964759
0.974499 0.964661
0.974616 0.964563
0.974732 0.964466
0.974847 0.964368
0.97496 0.96427
0.975073 0.964173
0.975184 0.964075
0.975294 0.963977
0.975403 0.96388
0.97551 0.963782
0.975617 0.963684
0.975723 0.963587
0.975827 0.963489
0.97593 0.963392
0.976033 0.963294
0.976134 0.963197
0.976235 0.963099
0.976334 0.963002
0.976432 0.962904
0.976529 0.962807
0.976626 0.962709
0.976721 0.962612
0.976815 0.962514
0.976909 0.962417
0.977001 0.96232
0.977093 0.962222
0.977184 0.962125
0.977274 0.962028
0.977362 0.961931
0.97745 0.961833
0.977538 0.961736
0.977624 0.961639
0.977709 0.961542
0.977794 0.961445
0.977878 0.961348
0.977961 0.961251
0.978043 0.961154
0.978124 0.961057
0.978205 0.96096
0.978285 0.960863
0.978364 0.960766
0.978442 0.960669
0.978519 0.960573
0.978596 0.960476
0.978672 0.960379
0.978747 0.960283
0.978822 0.960186
0.978895 0.96009
0.978969 0.959993
0.979041 0.959897
0.979113 0.9598
0.979184 0.959704
0.979254 0.959608
0.979324 0.959511
0.979393 0.959415
0.979461 0.959319
0.979529 0.959223
0.979596 0.959127
0.979662 0.959031
0.979728 0.958935
0.979793 0.958839
0.979858 0.958743
0.979922 0.958647
0.979985 0.958552
0.980048 0.958456
0.98011 0.95836
0.980172 0.958265
0.980233 0.958169
0.980293 0.958074
0.980353 0.957978
0.980413 0.957883
0.980472 0.957788
0.98053 0.957693
0.980588 0.957597
0.980645 0.957502
0.980701 0.957407
0.980758 0.957312
0.980813 0.957217
0.980868 0.957123
0.980923 0.957028
0.980977 0.956933
0.981031 0.956838
0.981084 0.956744
0.981136 0.956649
0.981189 0.956555
0.98124 0.95646
0.981292 0.956366
0.981342 0.956272
0.981393 0.956178
0.981443 0.956084
0.981492 0.95599
0.981541 0.955896
0.981589 0.955802
0.981637 0.955708
0.981685 0.955614
0.981732 0.95552
0.981779 0.955427
0.981826 0.955333
0.981872 0.95524
0.981917 0.955146
0.981962 0.955053
0.982007 0.95496
0.982051 0.954866
0.982095 0.954773
0.982139 0.95468
0.982182 0.954587
0.982225 0.954494
0.982267 0.954401
0.982309 0.954309
0.982351 0.954216
0.982392 0.954123
0.982433 0.954031
0.982474 0.953938
0.982514 0.953846
0.982554 0.953754
0.982593 0.953662
0.982632 0.953569
0.982671 0.953477
0.98271 0.953385
0.982748 0.953293
0.982786 0.953202
0.982823 0.95311
0.98286 0.953018
0.982897 0.952927
0.982934 0.952835
0.98297 0.952744
0.983006 0.952652
0.983041 0.952561
0.983077 0.95247
0.983112 0.952379
0.983146 0.952288
0.983181 0.952197
0.983215 0.952106
0.983249 0.952015
0.983282 0.951925
0.983315 0.951834
0.983348 0.951744
0.983381 0.951653
0.983413 0.951563
0.983445 0.951472
0.983477 0.951382
0.983508 0.951292
0.98354 0.951202
0.983571 0.951112
0.983601 0.951022
0.983632 0.950933
0.983662 0.950843
0.983692 0.950753
0.983722 0.950664
0.983751 0.950574
0.98378 0.950485
0.983809 0.950396
0.983838 0.950307
0.983866 0.950218
0.983894 0.950129
0.983922 0.95004
0.98395 0.949951
0.983978 0.949862
0.984005 0.949774
0.984032 0.949685
0.984059 0.949597
0.984085 0.949508
0.984111 0.94942
0.984138 0.949332
0.984163 0.949244
0.984189 0.949156
0.984215 0.949068
0.98424 0.94898
0.984265 0.948892
0.98429 0.948804
0.984314 0.948717
0.984339 0.948629
0.984363 0.948542
0.984387 0.948455
0.984411 0.948367
0.984434 0.94828
0.984458 0.948193
0.984481 0.948106
0.984504 0.948019
0.984527 0.947933
0.984549 0.947846
0.984572 0.947759
0.984594 0.947673
0.984616 0.947586
0.984638 0.9475
0.98466 0.947414
0.984681 0.947328
0.984702 0.947242
0.984723 0.947156
0.984744 0.94707
0.984765 0.946984
0.984786 0.946898
0.984806 0.946813
0.984827 0.946727
0.984847 0.946642
0.984867 0.946557
0.984886 0.946471
0.984906 0.946386
0.984925 0.946301
0.984945 0.946216
0.984964 0.946131
0.984983 0.946047
0.985002 0.945962
0.98502 0.945877
0.985039 0.945793
0.985057 0.945708
0.985075 0.945624
0.985093 0.94554
0.985111 0.945456
0.985129 0.945372
0.985146 0.945288
0.985164 0.945204
0.985181 0.94512
0.985198 0.945036
0.985215 0.944953
0.985232 0.944869
0.985249 0.944786
0.985265 0.944703
0.985282 0.944619
0.985298 0.944536
0.985314 0.944453
0.98533 0.94437
0.985346 0.944287
0.985362 0.944205
0.985377 0.944122
0.985393 0.944039
0.985408 0.943957
0.985424 0.943874
0.985439 0.943792
0.985454 0.94371
0.985469 0.943628
0.985483 0.943546
0.985498 0.943464
0.985512 0.943382
0.985527 0.9433
0.985541 0.943219
0.985555 0.943137
0.985569 0.943056
0.985583 0.942974
0.985597 0.942893
0.98561 0.942812
0.985624 0.94273
0.985637 0.942649
0.985651 0.942569
0.985664 0.942488
0.985677 0.942407
0.98569 0.942326
0.985703 0.942246
0.985716 0.942165
0.985728 0.942085
0.985741 0.942005
0.985753 0.941924
0.985765 0.941844
0.985778 0.941764
0.98579 0.941684
0.985802 0.941604
0.985814 0.941525
0.985826 0.941445
0.985837 0.941365
0.985849 0.941286
0.98586 0.941206
0.985872 0.941127
0.985883 0.941048
0.985894 0.940969
0.985906 0.94089
0.985917 0.940811
0.985928 0.940732
0.985938 0.940653
0.985949 0.940575
0.98596 0.940496
0.98597 0.940418
0.985981 0.940339
0.985991 0.940261
0.986002 0.940183
0.986012 0.940104
0.986022 0.940026
0.986032 0.939948
0.986042 0.939871
0.986052 0.939793
0.986061 0.939715
0.986071 0.939637
0.986081 0.93956
0.98609 0.939483
0.9861 0.939405
0.986109 0.939328
0.986118 0.939251
0.986128 0.939174
0.986137 0.939097
0.986146 0.93902
0.986155 0.938943
0.986164 0.938866
0.986172 0.93879
0.986181 0.938713
0.98619 0.938637
0.986198 0.93856
0.986207 0.938484
0.986215 0.938408
0.986224 0.938332
0.986232 0.938256
0.98624 0.93818
0.986248 0.938104
0.986256 0.938028
0.986264 0.937953
0.986272 0.937877
0.98628 0.937802
0.986288 0.937726
0.986295 0.937651
0.986303 0.937576
0.986311 0.937501
0.986318 0.937426
0.986326 0.937351
0.986333 0.937276
0.98634 0.937201
0.986347 0.937126
0.986355 0.937052
0.986362 0.936977
0.986369 0.936903
0.986376 0.936828
0.986383 0.936754
0.986389 0.93668
0.986396 0.936606
0.986403 0.936532
0.98641 0.936458
0.986416 0.936384
0.986423 0.93631
0.986429 0.936236
0.986436 0.936163
0.986442 0.936089
0.986448 0.936016
0.986455 0.935943
0.986461 0.935869
0.986467 0.935796
0.986473 0.935723
0.986479 0.93565
0.986485 0.935577
0.986491 0.935504
0.986497 0.935431
0.986502 0.935359
0.986508 0.935286
0.986514 0.935214
0.986519 0.935141
0.986525 0.935069
0.98653 0.934997
0.986536 0.934925
0.986541 0.934852
0.986547 0.93478
0.986552 0.934709
0.986557 0.934637
0.986562 0.934565
0.986568 0.934493
0.986573 0.934422
0.986578 0.93435
0.986583 0.934279
0.986588 0.934207
0.986592 0.934136
0.986597 0.934065
0.986602 0.933994
0.986607 0.933923
0.986612 0.933852
0.986616 0.933781
0.986621 0.93371
0.986625 0.93364
0.98663 0.933569
0.986634 0.933498
0.986639 0.933428
0.986643 0.933358
0.986648 0.933287
0.986652 0.933217
0.986656 0.933147
0.98666 0.933077
0.986664 0.933007
0.986669 0.932937
0.986673 0.932867
0.986677 0.932797
0.986681 0.932728
0.986685 0.932658
0.986689 0.932589
0.986692 0.932519
0.986696 0.93245
0.9867 0.932381
0.986704 0.932312
0.986707 0.932242
0.986711 0.932173
0.986715 0.932104
0.986718 0.932036
0.986722 0.931967
0.986725 0.931898
0.986729 0.931829
0.986732 0.931761
0.986736 0.931692
0.986739 0.931624
0.986742 0.931556
0.986746 0.931487
0.986749 0.931419
0.986752 0.931351
0.986755 0.931283
0.986758 0.931215
0.986761 0.931147
0.986764 0.93108
0.986767 0.931012
0.98677 0.930944
0.986773 0.930877
0.986776 0.930809
0.986779 0.930742
0.986782 0.930674
0.986785 0.930607
0.986788 0.93054
0.98679 0.930473
0.986793 0.930406
0.986796 0.930339
0.986798 0.930272
0.986801 0.930205
0.986804 0.930138
0.986806 0.930072
0.986809 0.930005
0.986811 0.929939
0.986814 0.929872
0.986816 0.929806
0.986818 0.92974
0.986821 0.929673
0.986823 0.929607
0.986825 0.929541
0.986828 0.929475
0.98683 0.929409
0.986832 0.929343
0.986834 0.929278
0.986836 0.929212
0.986838 0.929146
0.986841 0.929081
0.986843 0.929015
0.986845 0.92895
0.986847 0.928885
0.986849 0.928819
0.986851 0.928754
0.986852 0.928689
0.986854 0.928624
0.986856 0.928559
0.986858 0.928494
0.98686 0.928429
0.986862 0.928364
0.986863 0.9283
0.986865 0.928235
0.986867 0.92817
0.986869 0.928106
0.98687 0.928042
0.986872 0.927977
0.986873 0.927913
0.986875 0.927849
0.986877 0.927785
0.986878 0.92772
0.98688 0.927656
0.986881 0.927593
0.986882 0.927529
0.986884 0.927465
0.986885 0.927401
0.986887 0.927338
0.986888 0.927274
0.986889 0.92721
0.986891 0.927147
0.986892 0.927084
0.986893 0.92702
0.986894 0.926957
0.986896 0.926894
0.986897 0.926831
0.986898 0.926768
0.986899 0.926705
0.9869 0.926642
0.986901 0.926579
0.986902 0.926516
0.986903 0.926453
0.986905 0.926391
0.986906 0.926328
0.986907 0.926266
0.986907 0.926203
0.986908 0.926141
0.986909 0.926079
0.98691 0.926016
0.986911 0.925954
0.986912 0.925892
0.986913 0.92583
0.986914 0.925768
0.986914 0.925706
0.986915 0.925644
0.986916 0.925583
0.986917 0.925521
0.986918 0.925459
0.986918 0.925398
0.986919 0.925336
0.98692 0.925275
0.98692 0.925213
0.986921 0.925152
0.986921 0.925091
0.986922 0.925029
0.986923 0.924968
0.986923 0.924907
0.986924 0.924846
0.986924 0.924785
0.986925 0.924724
0.986925 0.924664
0.986926 0.924603
0.986926 0.924542
0.986927 0.924481
0.986927 0.924421
0.986927 0.92436
0.986928 0.9243
0.986928 0.92424
0.986928 0.924179
0.986929 0.924119
0.986929 0.924059
0.986929 0.923999
0.98693 0.923939
0.98693 0.923879
0.98693 0.923819
0.98693 0.923759
0.986931 0.923699
0.986931 0.923639
0.986931 0.923579
0.986931 0.92352
0.986931 0.92346
0.986931 0.923401
0.986932 0.923341
0.986932 0.923282
0.986932 0.923223
0.986932 0.923163
0.986932 0.923104
0.986932 0.923045
0.986932 0.922986
0.986932 0.922927
0.986932 0.922868
0.986932 0.922809
0.986932 0.92275
0.986932 0.922691
0.986932 0.922632
0.986932 0.922574
0.986932 0.922515
0.986932 0.922457
0.986931 0.922398
0.986931 0.92234
0.986931 0.922281
0.986931 0.922223
0.986931 0.922165
0.986931 0.922106
0.986931 0.922048
0.98693 0.92199
0.98693 0.921932
0.98693 0.921874
0.98693 0.921816
0.986929 0.921758
0.986929 0.9217
0.986929 0.921643
0.986929 0.921585
0.986928 0.921527
0.986928 0.92147
0.986928 0.921412
0.986927 0.921355
0.986927 0.921297
0.986926 0.92124
0.986926 0.921183
0.986926 0.921125
0.986925 0.921068
0.986925 0.921011
0.986924 0.920954
0.986924 0.920897
0.986924 0.92084
0.986923 0.920783
0.986923 0.920726
0.986922 0.920669
0.986922 0.920612
0.986921 0.920556
0.986921 0.920499
0.98692 0.920442
0.98692 0.920386
0.986919 0.920329
0.986918 0.920273
0.986918 0.920217
0.986917 0.92016
0.986917 0.920104
0.986916 0.920048
0.986916 0.919992
0.986915 0.919935
0.986914 0.919879
0.986914 0.919823
0.986913 0.919767
0.986912 0.919712
0.986912 0.919656
0.986911 0.9196
0.98691 0.919544
0.98691 0.919488
0.986909 0.919433
0.986908 0.919377
0.986907 0.919322
0.986907 0.919266
0.986906 0.919211
0.986905 0.919155
0.986904 0.9191
0.986904 0.919045
0.986903 0.918989
0.986902 0.918934
0.986901 0.918879
0.9869 0.918824
0.9869 0.918769
0.986899 0.918714
0.986898 0.918659
0.986897 0.918604
0.986896 0.918549
0.986895 0.918495
0.986895 0.91844
0.986894 0.918385
0.986893 0.918331
0.986892 0.918276
0.986891 0.918221
0.98689 0.918167
0.986889 0.918113
0.986888 0.918058
0.986887 0.918004
0.986886 0.91795
0.986885 0.917895
0.986885 0.917841
0.986884 0.917787
0.986883 0.917733
0.986882 0.917679
0.986881 0.917625
0.98688 0.917571
0.986879 0.917517
0.986878 0.917463
0.986877 0.917409
0.986876 0.917356
0.986875 0.917302
0.986873 0.917248
0.986872 0.917195
0.986871 0.917141
0.98687 0.917087
0.986869 0.917034
0.986868 0.916981
0.986867 0.916927
0.986866 0.916874
0.986865 0.916821
0.986864 0.916767
0.986863 0.916714
0.986862 0.916661
0.98686 0.916608
0.986859 0.916555
0.986858 0.916502
0.986857 0.916449
0.986856 0.916396
0.986855 0.916343
0.986854 0.91629
0.986852 0.916237
0.986851 0.916185
0.98685 0.916132
0.986849 0.916079
0.986848 0.916027
0.986847 0.915974
0.986845 0.915922
0.986844 0.915869
0.986843 0.915817
0.986842 0.915764
0.98684 0.915712
0.986839 0.91566
0.986838 0.915608
0.986837 0.915555
0.986836 0.915503
0.986834 0.915451
0.986833 0.915399
0.986832 0.915347
0.98683 0.915295
0.986829 0.915243
0.986828 0.915191
0.986827 0.915139
0.986825 0.915087
0.986824 0.915036
0.986823 0.914984
0.986821 0.914932
0.98682 0.914881
0.986819 0.914829
0.986818 0.914777
0.986816 0.914726
0.986815 0.914674
0.986814 0.914623
0.986812 0.914572
0.986811 0.91452
0.986809 0.914469
0.986808 0.914418
0.986807 0.914366
0.986805 0.914315
0.986804 0.914264
0.986803 0.914213
0.986801 0.914162
0.9868 0.914111
0.986799 0.91406
0.986797 0.914009
0.986796 0.913958
0.986794 0.913907
0.986793 0.913856
0.986792 0.913806
0.98679 0.913755
0.986789 0.913704
0.986787 0.913654
0.986786 0.913603
0.986784 0.913552
0.986783 0.913502
0.986782 0.913451
0.98678 0.913401
0.986779 0.91335
0.986777 0.9133
0.986776 0.91325
0.986774 0.913199
0.986773 0.913149
0.986771 0.913099
0.98677 0.913049
0.986768 0.912999
0.986767 0.912948
0.986765 0.912898
0.986764 0.912848
0.986762 0.912798
0.986761 0.912748
0.986759 0.912698
0.986758 0.912649
0.986756 0.912599
0.986755 0.912549
0.986753 0.912499
0.986752 0.912449
0.98675 0.9124
0.986749 0.91235
0.986747 0.9123
0.986746 0.912251
0.986744 0.912201
0.986743 0.912152
0.986741 0.912102
0.98674 0.912053
0.986738 0.912003
0.986737 0.911954
0.986735 0.911905
0.986733 0.911855
0.986732 0.911806
0.98673 0.911757
0.986729 0.911708
0.986727 0.911659
0.986726 0.91161
0.986724 0.91156
0.986723 0.911511
0.986721 0.911462
0.986719 0.911413
0.986718 0.911364
0.986716 0.911316
0.986715 0.911267
0.986713 0.911218
0.986711 0.911169
0.98671 0.91112
0.986708 0.911072
0.986707 0.911023
0.986705 0.910974
0.986703 0.910926
0.986702 0.910877
0.9867 0.910828
0.986698 0.91078
0.986697 0.910731
0.986695 0.910683
0.986694 0.910635
0.986692 0.910586
0.98669 0.910538
0.986689 0.91049
0.986687 0.910441
0.986685 0.910393
0.986684 0.910345
0.986682 0.910297
0.986681 0.910248
0.986679 0.9102
0.986677 0.910152
0.986676 0.910104
0.986674 0.910056
0.986672 0.910008
0.986671 0.90996
0.986669 0.909912
0.986667 0.909864
0.986666 0.909817
0.986664 0.909769
0.986662 0.909721
0.986661 0.909673
0.986659 0.909625
0.986657 0.909578
0.986656 0.90953
0.986654 0.909482
0.986652 0.909435
0.98665 0.909387
0.986649 0.90934
0.986647 0.909292
0.986645 0.909245
0.986644 0.909197
0.986642 0.90915
0.98664 0.909102
0.986639 0.909055
0.986637 0.909008
0.986635 0.90896
0.986633 0.908913
0.986632 0.908866
0.98663 0.908819
0.986628 0.908772
0.986627 0.908724
0.986625 0.908677
0.986623 0.90863
0.986621 0.908583
0.98662 0.908536
0.986618 0.908489
0.986616 0.908442
0.986615 0.908395
0.986613 0.908348
0.986611 0.908301
0.986609 0.908255
0.986608 0.908208
0.986606 0.908161
0.986604 0.908114
0.986602 0.908068
0.986601 0.908021
0.986599 0.907974
0.986597 0.907927
0.986595 0.907881
0.986594 0.907834
0.986592 0.907788
0.98659 0.907741
0.986588 0.907695
0.986587 0.907648
0.986585 0.907602
0.986583 0.907555
0.986581 0.907509
0.98658 0.907463
0.986578 0.907416
0.986576 0.90737
0.986574 0.907324
0.986573 0.907277
0.986571 0.907231
0.986569 0.907185
0.986567 0.907139
0.986566 0.907093
0.986564 0.907047
0.986562 0.907
0.98656 0.906954
0.986558 0.906908
0.986557 0.906862
0.986555 0.906816
0.986553 0.90677
0.986551 0.906724
0.98655 0.906678
0.986548 0.906633
0.986546 0.906587
0.986544 0.906541
0.986542 0.906495
0.986541 0.906449
0.986539 0.906404
0.986537 0.906358
0.986535 0.906312
0.986533 0.906266
0.986532 0.906221
0.98653 0.906175
0.986528 0.90613
0.986526 0.906084
0.986524 0.906038
0.986523 0.905993
0.986521 0.905947
0.986519 0.905902
0.986517 0.905857
0.986515 0.905811
0.986514 0.905766
0.986512 0.90572
0.98651 0.905675
0.986508 0.90563
0.986506 0.905584
0.986505 0.905539
0.986503 0.905494
0.986501 0.905449
0.986499 0.905403
0.986497 0.905358
0.986496 0.905313
0.986494 0.905268
0.986492 0.905223
0.98649 0.905178
0.986488 0.905133
0.986486 0.905088
0.986485 0.905043
0.986483 0.904998
0.986481 0.904953
0.986479 0.904908
0.986477 0.904863
0.986476 0.904818
0.986474 0.904773
0.986472 0.904728
0.98647 0.904683
0.986468 0.904638
0.986466 0.904594
0.986465 0.904549
0.986463 0.904504
0.986461 0.904459
0.986459 0.904415
0.986457 0.90437
0.986455 0.904325
0.986454 0.904281
0.986452 0.904236
0.98645 0.904191
0.986448 0.904147
0.986446 0.904102
0.986444 0.904058
0.986443 0.904013
0.986441 0.903969
0.986439 0.903924
0.986437 0.90388
0.986435 0.903835
0.986433 0.903791
0.986432 0.903747
0.98643 0.903702
0.986428 0.903658
0.986426 0.903614
0.986424 0.903569
0.986422 0.903525
0.98642 0.903481
0.986419 0.903436
0.986417 0.903392
0.986415 0.903348
0.986413 0.903304
0.986411 0.90326
0.986409 0.903216
0.986408 0.903171
0.986406 0.903127
0.986404 0.903083
0.986402 0.903039
0.9864 0.902995
0.986398 0.902951
0.986396 0.902907
0.986395 0.902863
0.986393 0.902819
0.986391 0.902775
0.986389 0.902731
0.986387 0.902687
0.986385 0.902643
0.986384 0.9026
0.986382 0.902556
0.98638 0.902512
0.986378 0.902468
0.986376 0.902424
0.986374 0.902381
0.986372 0.902337
0.986371 0.902293
0.986369 0.902249
0.986367 0.902206
0.986365 0.902162
0.986363 0.902118
0.986361 0.902075
0.986359 0.902031
0.986358 0.901987
0.986356 0.901944
0.986354 0.9019
0.986352 0.901857
0.98635 0.901813
0.986348 0.90177
0.986346 0.901726
0.986345 0.901683
0.986343 0.901639
0.986341 0.901596
0.986339 0.901552
0.986337 0.901509
0.986335 0.901465
0.986333 0.901422
0.986331 0.901379
0.98633 0.901335
0.986328 0.901292
0.986326 0.901248
0.986324 0.901205
0.986322 0.901162
0.98632 0.901119
0.986318 0.901075
0.986317 0.901032
0.986315 0.900989
0.986313 0.900946
0.986311 0.900902
0.986309 0.900859
0.986307 0.900816
0.986305 0.900773
0.986303 0.90073
0.986302 0.900687
0.9863 0.900644
0.986298 0.900601
0.986296 0.900557
0.986294 0.900514
0.986292 0.900471
0.98629 0.900428
0.986289 0.900385
0.986287 0.900342
0.986285 0.900299
0.986283 0.900256
0.986281 0.900213
0.986279 0.90017
0.986277 0.900127
0.986275 0.900085
0.986274 0.900042
0.986272 0.899999
0.98627 0.899956
0.986268 0.899913
0.986266 0.89987
0.986264 0.899827
0.986262 0.899785
0.98626 0.899742
0.986259 0.899699
0.986257 0.899656
0.986255 0.899613
0.986253 0.899571
0.986251 0.899528
0.986249 0.899485
0.986247 0.899443
0.986245 0.8994
0.986244 0.899357
0.986242 0.899315
0.98624 0.899272
0.986238 0.899229
0.986236 0.899187
0.986234 0.899144
0.986232 0.899101
0.98623 0.899059
0.986229 0.899016
0.986227 0.898974
0.986225 0.898931
0.986223 0.898889
0.986221 0.898846
0.986219 0.898804
0.986217 0.898761
0.986215 0.898719
0.986214 0.898676
0.986212 0.898634
0.98621 0.898591
0.986208 0.898549
0.986206 0.898506
0.986204 0.898464
0.986202 0.898421
0.9862 0.898379
0.986199 0.898337
0.986197 0.898294
0.986195 0.898252
0.986193 0.89821
0.986191 0.898167
0.986189 0.898125
0.986187 0.898083
0.986185 0.89804
0.986184 0.897998
0.986182 0.897956
0.98618 0.897913
0.986178 0.897871
0.986176 0.897829
0.986174 0.897787
0.986172 0.897744
0.98617 0.897702
0.986169 0.89766
0.986167 0.897618
0.986165 0.897576
0.986163 0.897533
0.986161 0.897491
0.986159 0.897449
0.986157 0.897407
0.986155 0.897365
0.986154 0.897323
0.986152 0.89728
0.98615 0.897238
0.986148 0.897196
0.986146 0.897154
0.986144 0.897112
0.986142 0.89707
0.98614 0.897028
0.986139 0.896986
0.986137 0.896944
0.986135 0.896902
0.986133 0.89686
0.986131 0.896818
0.986129 0.896776
0.986127 0.896734
0.986125 0.896692
0.986124 0.89665
0.986122 0.896608
0.98612 0.896566
0.986118 0.896524
0.986116 0.896482
0.986114 0.89644
0.986112 0.896398
0.98611 0.896356
0.986108 0.896314
0.986107 0.896272
0.986105 0.89623
0.986103 0.896188
0.986101 0.896146
0.986099 0.896105
0.986097 0.896063
0.986095 0.896021
0.986093 0.895979
0.986092 0.895937
0.98609 0.895895
0.986088 0.895853
0.986086 0.895812
0.986084 0.89577
0.986082 0.895728
0.98608 0.895686
0.986078 0.895644
0.986077 0.895602
0.986075 0.895561
0.986073 0.895519
0.986071 0.895477
0.986069 0.895435
0.986067 0.895394
0.986065 0.895352
0.986063 0.89531
0.986062 0.895268
0.98606 0.895227
0.986058 0.895185
0.986056 0.895143
0.986054 0.895101
0.986052 0.89506
0.98605 0.895018
0.986048 0.894976
0.986046 0.894934
0.986045 0.894893
0.986043 0.894851
0.986041 0.894809
0.986039 0.894768
0.986037 0.894726
0.986035 0.894684
0.986033 0.894643
0.986031 0.894601
0.98603 0.894559
0.986028 0.894518
0.986026 0.894476
0.986024 0.894434
0.986022 0.894393
0.98602 0.894351
0.986018 0.89431
0.986016 0.894268
0.986015 0.894226
0.986013 0.894185
0.986011 0.894143
0.986009 0.894102
0.986007 0.89406
0.986005 0.894018
0.986003 0.893977
0.986001 0.893935
0.985999 0.893894
0.985998 0.893852
0.985996 0.89381
0.985994 0.893769
0.985992 0.893727
0.98599 0.893686
0.985988 0.893644
0.985986 0.893603
0.985984 0.893561
0.985983 0.893519
0.985981 0.893478
0.985979 0.893436
0.985977 0.893395
0.985975 0.893353
0.985973 0.893312
0.985971 0.89327
0.985969 0.893229
0.985968 0.893187
0.985966 0.893146
0.985964 0.893104
0.985962 0.893063
0.98596 0.893021
0.985958 0.892979
0.985956 0.892938
0.985954 0.892896
0.985952 0.892855
0.985951 0.892813
0.985949 0.892772
0.985947 0.89273
0.985945 0.892689
0.985943 0.892647
0.985941 0.892606
0.985939 0.892564
0.985937 0.892523
0.985936 0.892481
0.985934 0.89244
0.985932 0.892398
0.98593 0.892357
0.985928 0.892315
0.985926 0.892274
0.985924 0.892232
0.985922 0.892191
0.985921 0.892149
0.985919 0.892108
0.985917 0.892067
0.985915 0.892025
0.985913 0.891984
0.985911 0.891942
0.985909 0.891901
0.985907 0.891859
0.985905 0.891818
0.985904 0.891776
0.985902 0.891735
0.9859 0.891693
0.985898 0.891652
0.985896 0.89161
0.985894 0.891569
0.985892 0.891527
0.98589 0.891486
0.985889 0.891444
0.985887 0.891403
0.985885 0.891361
0.985883 0.89132
0.985881 0.891278
0.985879 0.891237
0.985877 0.891195
0.985875 0.891154
0.985873 0.891112
0.985872 0.891071
0.98587 0.891029
0.985868 0.890988
0.985866 0.890946
0.985864 0.890905
0.985862 0.890863
0.98586 0.890822
0.985858 0.89078
0.985857 0.890739
0.985855 0.890697
0.985853 0.890656
0.985851 0.890614
0.985849 0.890573
0.985847 0.890531
0.985845 0.89049
0.985843 0.890448
0.985841 0.890407
0.98584 0.890365
0.985838 0.890324
0.985836 0.890282
0.985834 0.890241
0.985832 0.890199
0.98583 0.890158
0.985828 0.890116
0.985826 0.890075
0.985825 0.890033
0.985823 0.889992
0.985821 0.88995
0.985819 0.889908
0.985817 0.889867
0.985815 0.889825
0.985813 0.889784
0.985811 0.889742
0.985809 0.889701
0.985808 0.889659
0.985806 0.889618
0.985804 0.889576
0.985802 0.889534
0.9858 0.889493
0.985798 0.889451
0.985796 0.88941
0.985794 0.889368
0.985792 0.889326
0.985791 0.889285
0.985789 0.889243
0.985787 0.889202
0.985785 0.88916
0.985783 0.889118
0.985781 0.889077
0.985779 0.889035
0.985777 0.888994
0.985775 0.888952
0.985774 0.88891
0.985772 0.888869
0.98577 0.888827
0.985768 0.888785
0.985766 0.888744
0.985764 0.888702
0.985762 0.88866
0.98576 0.888619
0.985758 0.888577
0.985757 0.888535
0.985755 0.888494
0.985753 0.888452
0.985751 0.88841
0.985749 0.888368
0.985747 0.888327
0.985745 0.888285
0.985743 0.888243
0.985741 0.888202
0.98574 0.88816
0.985738 0.888118
0.985736 0.888076
0.985734 0.888035
0.985732 0.887993
0.98573 0.887951
0.985728 0.887909
0.985726 0.887867
0.985724 0.887826
0.985723 0.887784
0.985721 0.887742
0.985719 0.8877
0.985717 0.887658
0.985715 0.887617
0.985713 0.887575
0.985711 0.887533
0.985709 0.887491
0.985707 0.887449
0.985705 0.887407
0.985704 0.887365
0.985702 0.887324
0.9857 0.887282
0.985698 0.88724
0.985696 0.887198
0.985694 0.887156
0.985692 0.887114
0.98569 0.887072
0.985688 0.88703
0.985687 0.886988
0.985685 0.886946
0.985683 0.886904
0.985681 0.886862
0.985679 0.88682
0.985677 0.886778
0.985675 0.886736
0.985673 0.886694
0.985671 0.886652
0.985669 0.88661
0.985668 0.886568
0.985666 0.886526
0.985664 0.886484
0.985662 0.886442
0.98566 0.8864
0.985658 0.886358
0.985656 0.886316
0.985654 0.886274
0.985652 0.886232
0.98565 0.88619
0.985648 0.886148
0.985647 0.886105
0.985645 0.886063
0.985643 0.886021
0.985641 0.885979
0.985639 0.885937
0.985637 0.885895
0.985635 0.885852
0.985633 0.88581
0.985631 0.885768
0.985629 0.885726
0.985628 0.885684
0.985626 0.885641
0.985624 0.885599
0.985622 0.885557
0.98562 0.885515
0.985618 0.885472
0.985616 0.88543
0.985614 0.885388
0.985612 0.885345
0.98561 0.885303
0.985608 0.885261
0.985607 0.885218
0.985605 0.885176
0.985603 0.885133
0.985601 0.885091
0.985599 0.885049
0.985597 0.885006
0.985595 0.884964
0.985593 0.884921
0.985591 0.884879
0.985589 0.884836
0.985587 0.884794
0.985585 0.884752
0.985584 0.884709
0.985582 0.884666
0.98558 0.884624
0.985578 0.884581
0.985576 0.884539
0.985574 0.884496
0.985572 0.884454
0.98557 0.884411
0.985568 0.884369
0.985566 0.884326
0.985564 0.884283
0.985562 0.884241
0.985561 0.884198
0.985559 0.884155
0.985557 0.884113
0.985555 0.88407
0.985553 0.884027
0.985551 0.883984
0.985549 0.883942
0.985547 0.883899
0.985545 0.883856
0.985543 0.883813
0.985541 0.883771
0.985539 0.883728
0.985537 0.883685
0.985536 0.883642
0.985534 0.883599
0.985532 0.883556
0.98553 0.883513
0.985528 0.883471
0.985526 0.883428
0.985524 0.883385
0.985522 0.883342
0.98552 0.883299
0.985518 0.883256
0.985516 0.883213
0.985514 0.88317
0.985512 0.883127
0.98551 0.883084
0.985509 0.883041
0.985507 0.882998
0.985505 0.882955
0.985503 0.882911
0.985501 0.882868
0.985499 0.882825
0.985497 0.882782
0.985495 0.882739
0.985493 0.882696
0.985491 0.882652
0.985489 0.882609
0.985487 0.882566
0.985485 0.882523
0.985483 0.882479
0.985481 0.882436
0.985479 0.882393
0.985478 0.88235
0.985476 0.882306
0.985474 0.882263
0.985472 0.882219
0.98547 0.882176
0.985468 0.882133
0.985466 0.882089
0.985464 0.882046
0.985462 0.882002
0.98546 0.881959
0.985458 0.881915
0.985456 0.881872
0.985454 0.881828
0.985452 0.881785
0.98545 0.881741
0.985448 0.881698
0.985446 0.881654
0.985444 0.88161
0.985442 0.881567
0.985441 0.881523
0.985439 0.881479
0.985437 0.881436
0.985435 0.881392
0.985433 0.881348
0.985431 0.881304
0.985429 0.881261
0.985427 0.881217
0.985425 0.881173
0.985423 0.881129
0.985421 0.881085
0.985419 0.881041
0.985417 0.880997
0.985415 0.880954
0.985413 0.88091
0.985411 0.880866
0.985409 0.880822
0.985407 0.880778
0.985405 0.880734
0.985403 0.88069
0.985401 0.880645
0.985399 0.880601
0.985397 0.880557
0.985395 0.880513
0.985393 0.880469
0.985391 0.880425
0.98539 0.880381
0.985388 0.880336
0.985386 0.880292
0.985384 0.880248
0.985382 0.880204
0.98538 0.880159
0.985378 0.880115
0.985376 0.880071
0.985374 0.880026
0.985372 0.879982
0.98537 0.879937
0.985368 0.879893
0.985366 0.879849
0.985364 0.879804
0.985362 0.87976
0.98536 0.879715
0.985358 0.87967
0.985356 0.879626
0.985354 0.879581
0.985352 0.879537
0.98535 0.879492
0.985348 0.879447
0.985346 0.879403
0.985344 0.879358
0.985342 0.879313
0.98534 0.879268
0.985338 0.879224
0.985336 0.879179
0.985334 0.879134
0.985332 0.879089
0.98533 0.879044
0.985328 0.878999
0.985326 0.878954
0.985324 0.878909
0.985322 0.878864
0.98532 0.878819
0.985318 0.878774
0.985316 0.878729
0.985314 0.878684
0.985312 0.878639
0.98531 0.878594
0.985308 0.878549
0.985306 0.878504
0.985304 0.878458
0.985302 0.878413
0.9853 0.878368
0.985298 0.878323
0.985296 0.878277
0.985294 0.878232
0.985292 0.878187
0.98529 0.878141
0.985288 0.878096
0.985286 0.87805
0.985284 0.878005
0.985282 0.877959
0.98528 0.877914
0.985278 0.877868
0.985276 0.877823
0.985274 0.877777
0.985272 0.877731
0.98527 0.877686
0.985268 0.87764
0.985266 0.877594
0.985264 0.877549
0.985262 0.877503
0.98526 0.877457
0.985258 0.877411
0.985256 0.877365
0.985254 0.877319
0.985252 0.877273
0.98525 0.877227
0.985248 0.877181
0.985246 0.877135
0.985244 0.877089
0.985241 0.877043
0.985239 0.876997
0.985237 0.876951
0.985235 0.876905
0.985233 0.876859
0.985231 0.876813
0.985229 0.876766
0.985227 0.87672
0.985225 0.876674
0.985223 0.876627
0.985221 0.876581
0.985219 0.876535
0.985217 0.876488
0.985215 0.876442
0.985213 0.876395
0.985211 0.876349
0.985209 0.876302
0.985207 0.876256
0.985205 0.876209
0.985203 0.876162
0.985201 0.876116
0.985199 0.876069
0.985197 0.876022
0.985194 0.875975
0.985192 0.875929
0.98519 0.875882
0.985188 0.875835
0.985186 0.875788
0.985184 0.875741
0.985182 0.875694
0.98518 0.875647
0.985178 0.8756
0.985176 0.875553
0.985174 0.875506
0.985172 0.875459
0.98517 0.875412
0.985168 0.875364
0.985166 0.875317
0.985163 0.87527
0.985161 0.875222
0.985159 0.875175
0.985157 0.875128
0.985155 0.87508
0.985153 0.875033
0.985151 0.874985
0.985149 0.874938
0.985147 0.87489
0.985145 0.874843
0.985143 0.874795
0.985141 0.874748
0.985138 0.8747
0.985136 0.874652
0.985134 0.874604
0.985132 0.874557
0.98513 0.874509
0.985128 0.874461
0.985126 0.874413
0.985124 0.874365
0.985122 0.874317
0.98512 0.874269
0.985118 0.874221
0.985115 0.874173
0.985113 0.874125
0.985111 0.874077
0.985109 0.874028
0.985107 0.87398
0.985105 0.873932
0.985103 0.873884
0.985101 0.873835
0.985099 0.873787
0.985096 0.873738
0.985094 0.87369
0.985092 0.873642
0.98509 0.873593
0.985088 0.873544
0.985086 0.873496
0.985084 0.873447
0.985082 0.873398
0.985079 0.87335
0.985077 0.873301
0.985075 0.873252
0.985073 0.873203
0.985071 0.873154
0.985069 0.873105
0.985067 0.873056
0.985065 0.873007
0.985062 0.872958
0.98506 0.872909
0.985058 0.87286
0.985056 0.872811
0.985054 0.872762
0.985052 0.872713
0.98505 0.872663
0.985047 0.872614
0.985045 0.872565
0.985043 0.872515
0.985041 0.872466
0.985039 0.872416
0.985037 0.872367
0.985035 0.872317
0.985032 0.872267
0.98503 0.872218
0.985028 0.872168
0.985026 0.872118
0.985024 0.872068
0.985022 0.872019
0.985019 0.871969
0.985017 0.871919
0.985015 0.871869
0.985013 0.871819
0.985011 0.871769
0.985009 0.871719
0.985006 0.871669
0.985004 0.871618
0.985002 0.871568
0.985 0.871518
0.984998 0.871467
0.984996 0.871417
0.984993 0.871367
0.984991 0.871316
0.984989 0.871266
0.984987 0.871215
0.984985 0.871165
0.984982 0.871114
0.98498 0.871063
0.984978 0.871012
0.984976 0.870962
0.984974 0.870911
0.984971 0.87086
0.984969 0.870809
0.984967 0.870758
0.984965 0.870707
0.984963 0.870656
0.98496 0.870605
0.984958 0.870554
0.984956 0.870503
0.984954 0.870451
0.984952 0.8704
0.984949 0.870349
0.984947 0.870297
0.984945 0.870246
0.984943 0.870194
0.98494 0.870143
0.984938 0.870091
0.984936 0.870039
0.984934 0.869988
0.984932 0.869936
0.984929 0.869884
0.984927 0.869832
0.984925 0.86978
0.984923 0.869729
0.98492 0.869677
0.984918 0.869624
0.984916 0.869572
0.984914 0.86952
0.984911 0.869468
0.984909 0.869416
0.984907 0.869363
0.984905 0.869311
0.984902 0.869259
0.9849 0.869206
0.984898 0.869154
0.984896 0.869101
0.984893 0.869049
0.984891 0.868996
0.984889 0.868943
0.984887 0.86889
0.984884 0.868838
0.984882 0.868785
0.98488 0.868732
0.984877 0.868679
0.984875 0.868626
0.984873 0.868573
0.984871 0.868519
0.984868 0.868466
0.984866 0.868413
0.984864 0.86836
0.984861 0.868306
0.984859 0.868253
0.984857 0.868199
0.984855 0.868146
0.984852 0.868092
0.98485 0.868039
0.984848 0.867985
0.984845 0.867931
0.984843 0.867877
0.984841 0.867823
0.984838 0.867769
0.984836 0.867715
0.984834 0.867661
0.984832 0.867607
0.984829 0.867553
0.984827 0.867499
0.984825 0.867445
0.984822 0.86739
0.98482 0.867336
0.984818 0.867281
0.984815 0.867227
0.984813 0.867172
0.984811 0.867118
0.984808 0.867063
0.984806 0.867008
0.984804 0.866953
0.984801 0.866898
0.984799 0.866844
0.984797 0.866789
0.984794 0.866733
0.984792 0.866678
0.984789 0.866623
0.984787 0.866568
0.984785 0.866513
0.984782 0.866457
0.98478 0.866402
0.984778 0.866346
0.984775 0.866291
0.984773 0.866235
0.984771 0.866179
0.984768 0.866124
0.984766 0.866068
0.984763 0.866012
0.984761 0.865956
0.984759 0.8659
0.984756 0.865844
0.984754 0.865788
0.984752 0.865732
0.984749 0.865675
0.984747 0.865619
0.984744 0.865563
0.984742 0.865506
0.98474 0.86545
0.984737 0.865393
0.984735 0.865336
0.984732 0.86528
0.98473 0.865223
0.984728 0.865166
0.984725 0.865109
0.984723 0.865052
0.98472 0.864995
0.984718 0.864938
0.984715 0.864881
0.984713 0.864823
0.984711 0.864766
0.984708 0.864709
0.984706 0.864651
0.984703 0.864594
0.984701 0.864536
0.984698 0.864478
0.984696 0.864421
0.984693 0.864363
0.984691 0.864305
0.984689 0.864247
0.984686 0.864189
0.984684 0.864131
0.984681 0.864073
0.984679 0.864014
0.984676 0.863956
0.984674 0.863898
0.984671 0.863839
0.984669 0.863781
0.984666 0.863722
0.984664 0.863663
0.984661 0.863605
0.984659 0.863546
0.984656 0.863487
0.984654 0.863428
0.984651 0.863369
0.984649 0.86331
0.984646 0.86325
0.984644 0.863191
0.984641 0.863132
0.984639 0.863072
0.984636 0.863013
0.984634 0.862953
0.984631 0.862894
0.984629 0.862834
0.984626 0.862774
0.984624 0.862714
0.984621 0.862654
0.984619 0.862594
0.984616 0.862534
0.984614 0.862474
0.984611 0.862413
0.984609 0.862353
0.984606 0.862293
0.984604 0.862232
0.984601 0.862171
0.984599 0.862111
0.984596 0.86205
0.984593 0.861989
0.984591 0.861928
0.984588 0.861867
0.984586 0.861806
0.984583 0.861745
0.984581 0.861684
0.984578 0.861622
0.984575 0.861561
0.984573 0.861499
0.98457 0.861438
0.984568 0.861376
0.984565 0.861314
0.984563 0.861252
0.98456 0.86119
0.984557 0.861128
0.984555 0.861066
0.984552 0.861004
0.98455 0.860942
0.984547 0.860879
0.984544 0.860817
0.984542 0.860754
0.984539 0.860692
0.984536 0.860629
0.984534 0.860566
0.984531 0.860503
0.984529 0.86044
0.984526 0.860377
0.984523 0.860314
0.984521 0.860251
0.984518 0.860188
0.984515 0.860124
0.984513 0.860061
0.98451 0.859997
0.984507 0.859933
0.984505 0.85987
0.984502 0.859806
0.984499 0.859742
0.984497 0.859678
0.984494 0.859614
0.984491 0.859549
0.984489 0.859485
0.984486 0.859421
0.984483 0.859356
0.984481 0.859291
0.984478 0.859227
0.984475 0.859162
0.984473 0.859097
0.98447 0.859032
0.984467 0.858967
0.984464 0.858902
0.984462 0.858836
0.984459 0.858771
0.984456 0.858706
0.984454 0.85864
0.984451 0.858574
0.984448 0.858509
0.984445 0.858443
0.984443 0.858377
0.98444 0.858311
0.984437 0.858244
0.984434 0.858178
0.984432 0.858112
0.984429 0.858045
0.984426 0.857979
0.984423 0.857912
0.984421 0.857845
0.984418 0.857778
0.984415 0.857711
0.984412 0.857644
0.984409 0.857577
0.984407 0.85751
0.984404 0.857442
0.984401 0.857375
0.984398 0.857307
0.984395 0.85724
0.984393 0.857172
0.98439 0.857104
0.984387 0.857036
0.984384 0.856968
0.984381 0.856899
0.984379 0.856831
0.984376 0.856763
0.984373 0.856694
0.98437 0.856625
0.984367 0.856557
0.984364 0.856488
0.984362 0.856419
0.984359 0.85635
0.984356 0.85628
0.984353 0.856211
0.98435 0.856142
0.984347 0.856072
0.984344 0.856002
0.984341 0.855933
0.984339 0.855863
0.984336 0.855793
0.984333 0.855723
0.98433 0.855652
0.984327 0.855582
0.984324 0.855511
0.984321 0.855441
0.984318 0.85537
0.984315 0.855299
0.984313 0.855228
0.98431 0.855157
0.984307 0.855086
0.984304 0.855015
0.984301 0.854944
0.984298 0.854872
0.984295 0.8548
0.984292 0.854729
0.984289 0.854657
0.984286 0.854585
0.984283 0.854513
0.98428 0.85444
0.984277 0.854368
0.984274 0.854295
0.984271 0.854223
0.984268 0.85415
0.984265 0.854077
0.984262 0.854004
0.984259 0.853931
0.984256 0.853858
0.984253 0.853784
0.98425 0.853711
0.984247 0.853637
0.984244 0.853564
0.984241 0.85349
0.984238 0.853416
0.984235 0.853342
0.984232 0.853267
0.984229 0.853193
0.984226 0.853118
0.984223 0.853044
0.98422 0.852969
0.984217 0.852894
0.984214 0.852819
0.984211 0.852744
0.984208 0.852668
0.984205 0.852593
0.984202 0.852517
0.984198 0.852442
0.984195 0.852366
0.984192 0.85229
0.984189 0.852214
0.984186 0.852138
0.984183 0.852061
0.98418 0.851985
0.984177 0.851908
0.984174 0.851831
0.98417 0.851754
0.984167 0.851677
0.984164 0.8516
0.984161 0.851522
0.984158 0.851445
0.984155 0.851367
0.984152 0.851289
0.984148 0.851211
0.984145 0.851133
0.984142 0.851055
0.984139 0.850977
0.984136 0.850898
0.984132 0.85082
0.984129 0.850741
0.984126 0.850662
0.984123 0.850583
0.98412 0.850503
0.984116 0.850424
0.984113 0.850344
0.98411 0.850265
0.984107 0.850185
0.984103 0.850105
0.9841 0.850025
0.984097 0.849944
0.984094 0.849864
0.98409 0.849783
0.984087 0.849702
0.984084 0.849622
0.984081 0.84954
0.984077 0.849459
0.984074 0.849378
0.984071 0.849296
0.984067 0.849215
0.984064 0.849133
0.984061 0.849051
0.984058 0.848968
0.984054 0.848886
0.984051 0.848804
0.984048 0.848721
0.984044 0.848638
0.984041 0.848555
0.984037 0.848472
0.984034 0.848389
0.984031 0.848305
0.984027 0.848221
0.984024 0.848138
0.984021 0.848054
0.984017 0.847969
0.984014 0.847885
0.98401 0.847801
0.984007 0.847716
0.984004 0.847631
0.984 0.847546
0.983997 0.847461
0.983993 0.847375
0.98399 0.84729
0.983986 0.847204
0.983983 0.847118
0.98398 0.847032
0.983976 0.846946
0.983973 0.84686
0.983969 0.846773
0.983966 0.846686
0.983962 0.846599
0.983959 0.846512
0.983955 0.846425
0.983952 0.846337
0.983948 0.84625
0.983945 0.846162
0.983941 0.846074
0.983938 0.845986
0.983934 0.845897
0.983931 0.845809
0.983927 0.84572
0.983923 0.845631
0.98392 0.845542
0.983916 0.845452
0.983913 0.845363
0.983909 0.845273
0.983906 0.845183
0.983902 0.845093
0.983898 0.845003
0.983895 0.844912
0.983891 0.844822
0.983887 0.844731
0.983884 0.84464
0.98388 0.844549
0.983877 0.844457
0.983873 0.844365
0.983869 0.844274
0.983866 0.844182
0.983862 0.844089
0.983858 0.843997
0.983855 0.843904
0.983851 0.843811
0.983847 0.843718
0.983843 0.843625
0.98384 0.843531
0.983836 0.843438
0.983832 0.843344
0.983829 0.84325
0.983825 0.843155
0.983821 0.843061
0.983817 0.842966
0.983813 0.842871
0.98381 0.842776
0.983806 0.842681
0.983802 0.842585
0.983798 0.842489
0.983795 0.842393
0.983791 0.842297
0.983787 0.842201
0.983783 0.842104
0.983779 0.842007
0.983775 0.84191
0.983772 0.841813
0.983768 0.841715
0.983764 0.841617
0.98376 0.841519
0.983756 0.841421
0.983752 0.841323
0.983748 0.841224
0.983744 0.841125
0.98374 0.841026
0.983737 0.840926
0.983733 0.840827
0.983729 0.840727
0.983725 0.840627
0.983721 0.840526
0.983717 0.840426
0.983713 0.840325
0.983709 0.840224
0.983705 0.840123
0.983701 0.840021
0.983697 0.83992
0.983693 0.839818
0.983689 0.839715
0.983685 0.839613
0.983681 0.83951
0.983677 0.839407
0.983673 0.839304
0.983669 0.8392
0.983664 0.839097
0.98366 0.838993
0.983656 0.838888
0.983652 0.838784
0.983648 0.838679
0.983644 0.838574
0.98364 0.838469
0.983636 0.838364
0.983632 0.838258
0.983627 0.838152
0.983623 0.838045
0.983619 0.837939
0.983615 0.837832
0.983611 0.837725
0.983606 0.837618
0.983602 0.83751
0.983598 0.837402
0.983594 0.837294
0.98359 0.837186
0.983585 0.837077
0.983581 0.836968
0.983577 0.836859
0.983572 0.836749
0.983568 0.836639
0.983564 0.836529
0.98356 0.836419
0.983555 0.836308
0.983551 0.836197
0.983547 0.836086
0.983542 0.835975
0.983538 0.835863
0.983534 0.835751
0.983529 0.835638
0.983525 0.835526
0.98352 0.835413
0.983516 0.8353
0.983512 0.835186
0.983507 0.835072
0.983503 0.834958
0.983498 0.834844
0.983494 0.834729
0.983489 0.834614
0.983485 0.834499
0.98348 0.834383
0.983476 0.834267
0.983471 0.834151
0.983467 0.834034
0.983462 0.833917
0.983458 0.8338
0.983453 0.833683
0.983449 0.833565
0.983444 0.833447
0.983439 0.833328
0.983435 0.83321
0.98343 0.83309
0.983426 0.832971
0.983421 0.832851
0.983416 0.832731
0.983412 0.832611
0.983407 0.83249
0.983402 0.832369
0.983398 0.832248
0.983393 0.832126
0.983388 0.832004
0.983384 0.831882
0.983379 0.831759
0.983374 0.831636
0.983369 0.831513
0.983364 0.831389
0.98336 0.831265
0.983355 0.83114
0.98335 0.831015
0.983345 0.83089
0.98334 0.830765
0.983336 0.830639
0.983331 0.830513
0.983326 0.830386
0.983321 0.830259
0.983316 0.830132
0.983311 0.830004
0.983306 0.829876
0.983301 0.829748
0.983296 0.829619
0.983291 0.82949
0.983287 0.829361
0.983282 0.829231
0.983277 0.829101
0.983272 0.82897
0.983267 0.828839
0.983261 0.828708
0.983256 0.828576
0.983251 0.828444
0.983246 0.828311
0.983241 0.828179
0.983236 0.828045
0.983231 0.827912
0.983226 0.827777
0.983221 0.827643
0.983216 0.827508
0.98321 0.827373
0.983205 0.827237
0.9832 0.827101
0.983195 0.826965
0.98319 0.826828
0.983184 0.82669
0.983179 0.826553
0.983174 0.826415
0.983169 0.826276
0.983163 0.826137
0.983158 0.825998
0.983153 0.825858
0.983147 0.825718
0.983142 0.825577
0.983137 0.825436
0.983131 0.825294
0.983126 0.825152
0.98312 0.82501
0.983115 0.824867
0.98311 0.824724
0.983104 0.82458
0.983099 0.824436
0.983093 0.824291
0.983088 0.824146
0.983082 0.824
0.983077 0.823854
0.983071 0.823708
0.983066 0.823561
0.98306 0.823414
0.983054 0.823266
0.983049 0.823118
0.983043 0.822969
0.983037 0.822819
0.983032 0.82267
0.983026 0.822519
0.98302 0.822369
0.983015 0.822218
0.983009 0.822066
0.983003 0.821914
0.982997 0.821761
0.982992 0.821608
0.982986 0.821454
0.98298 0.8213
0.982974 0.821145
0.982968 0.82099
0.982963 0.820835
0.982957 0.820678
0.982951 0.820522
0.982945 0.820365
0.982939 0.820207
0.982933 0.820049
0.982927 0.81989
0.982921 0.819731
0.982915 0.819571
0.982909 0.81941
0.982903 0.819249
0.982897 0.819088
0.982891 0.818926
0.982885 0.818763
0.982879 0.8186
0.982873 0.818437
0.982866 0.818272
0.98286 0.818108
0.982854 0.817942
0.982848 0.817777
0.982842 0.81761
0.982835 0.817443
0.982829 0.817275
0.982823 0.817107
0.982817 0.816938
0.98281 0.816769
0.982804 0.816599
0.982798 0.816429
0.982791 0.816258
0.982785 0.816086
0.982778 0.815914
0.982772 0.815741
0.982765 0.815567
0.982759 0.815393
0.982752 0.815218
0.982746 0.815043
0.982739 0.814867
0.982733 0.81469
0.982726 0.814513
0.98272 0.814335
0.982713 0.814156
0.982706 0.813977
0.9827 0.813797
0.982693 0.813617
0.982686 0.813436
0.98268 0.813254
0.982673 0.813072
0.982666 0.812888
0.982659 0.812705
0.982652 0.81252
0.982646 0.812335
0.982639 0.812149
0.982632 0.811963
0.982625 0.811776
0.982618 0.811588
0.982611 0.811399
0.982604 0.81121
0.982597 0.81102
0.98259 0.810829
0.982583 0.810638
0.982576 0.810446
0.982569 0.810253
0.982562 0.810059
0.982554 0.809865
0.982547 0.80967
0.98254 0.809474
0.982533 0.809277
0.982526 0.80908
0.982518 0.808882
0.982511 0.808683
0.982504 0.808484
0.982496 0.808283
0.982489 0.808082
0.982481 0.80788
0.982474 0.807678
0.982467 0.807474
0.982459 0.80727
0.982452 0.807065
0.982444 0.806859
0.982436 0.806652
0.982429 0.806445
0.982421 0.806237
0.982414 0.806028
0.982406 0.805818
0.982398 0.805607
0.982391 0.805395
0.982383 0.805183
0.982375 0.804969
0.982367 0.804755
0.982359 0.80454
0.982351 0.804324
0.982344 0.804107
0.982336 0.80389
0.982328 0.803671
0.98232 0.803452
0.982312 0.803231
0.982304 0.80301
0.982296 0.802788
0.982287 0.802565
0.982279 0.802341
0.982271 0.802116
0.982263 0.80189
0.982255 0.801663
0.982247 0.801436
0.982238 0.801207
0.98223 0.800977
0.982222 0.800747
0.982213 0.800515
0.982205 0.800283
0.982196 0.800049
0.982188 0.799815
0.982179 0.799579
0.982171 0.799343
0.982162 0.799105
0.982154 0.798867
0.982145 0.798627
0.982136 0.798386
0.982128 0.798145
0.982119 0.797902
0.98211 0.797658
0.982101 0.797414
0.982092 0.797168
0.982084 0.796921
0.982075 0.796673
0.982066 0.796424
0.982057 0.796174
0.982048 0.795922
0.982039 0.79567
0.982029 0.795416
0.98202 0.795162
0.982011 0.794906
0.982002 0.794649
0.981993 0.794391
0.981983 0.794132
0.981974 0.793871
0.981965 0.79361
0.981955 0.793347
0.981946 0.793083
0.981936 0.792818
0.981927 0.792552
0.981917 0.792284
0.981908 0.792015
0.981898 0.791745
0.981888 0.791474
0.981879 0.791202
0.981869 0.790928
0.981859 0.790653
0.981849 0.790376
0.981839 0.790099
0.98183 0.78982
0.98182 0.78954
0.98181 0.789258
0.9818 0.788975
0.981789 0.788691
0.981779 0.788406
0.981769 0.788119
0.981759 0.78783
0.981749 0.787541
0.981738 0.78725
0.981728 0.786957
0.981718 0.786664
0.981707 0.786368
0.981697 0.786072
0.981686 0.785774
0.981676 0.785474
0.981665 0.785173
0.981654 0.78487
0.981643 0.784566
0.981633 0.784261
0.981622 0.783954
0.981611 0.783646
0.9816 0.783336
0.981589 0.783024
0.981578 0.782711
0.981567 0.782396
0.981556 0.78208
0.981545 0.781762
0.981533 0.781443
0.981522 0.781122
0.981511 0.780799
0.981499 0.780475
0.981488 0.780149
0.981477 0.779821
0.981465 0.779492
0.981453 0.779161
0.981442 0.778828
0.98143 0.778494
0.981418 0.778158
0.981407 0.77782
0.981395 0.77748
0.981383 0.777139
0.981371 0.776796
0.981359 0.776451
0.981347 0.776104
0.981334 0.775755
0.981322 0.775405
0.98131 0.775053
0.981298 0.774698
0.981285 0.774342
0.981273 0.773984
0.98126 0.773624
0.981248 0.773263
0.981235 0.772899
0.981222 0.772533
0.98121 0.772165
0.981197 0.771796
0.981184 0.771424
0.981171 0.77105
0.981158 0.770674
0.981145 0.770297
0.981132 0.769917
0.981118 0.769535
0.981105 0.76915
0.981092 0.768764
0.981078 0.768376
0.981065 0.767985
0.981051 0.767592
0.981038 0.767197
0.981024 0.7668
0.98101 0.766401
0.980996 0.765999
0.980982 0.765595
0.980969 0.765189
0.980954 0.76478
0.98094 0.764369
0.980926 0.763956
0.980912 0.76354
0.980897 0.763122
0.980883 0.762701
0.980869 0.762278
0.980854 0.761853
0.980839 0.761425
0.980825 0.760994
0.98081 0.760561
0.980795 0.760126
0.98078 0.759688
0.980765 0.759247
0.98075 0.758804
0.980734 0.758358
0.980719 0.757909
0.980704 0.757458
0.980688 0.757004
0.980673 0.756547
0.980657 0.756088
0.980641 0.755625
0.980625 0.75516
0.980609 0.754692
0.980593 0.754221
0.980577 0.753748
0.980561 0.753271
0.980545 0.752792
0.980528 0.752309
0.980512 0.751823
0.980495 0.751335
0.980479 0.750843
0.980462 0.750349
0.980445 0.749851
0.980428 0.74935
0.980411 0.748846
0.980394 0.748339
0.980377 0.747828
0.980359 0.747314
0.980342 0.746797
0.980324 0.746277
0.980307 0.745753
0.980289 0.745226
0.980271 0.744696
0.980253 0.744162
0.980235 0.743624
0.980217 0.743083
0.980198 0.742539
0.98018 0.741991
0.980161 0.741439
0.980143 0.740884
0.980124 0.740325
0.980105 0.739762
0.980086 0.739196
0.980067 0.738626
0.980047 0.738051
0.980028 0.737474
0.980009 0.736892
0.979989 0.736306
0.979969 0.735716
0.979949 0.735123
0.979929 0.734525
0.979909 0.733923
0.979889 0.733317
0.979869 0.732707
0.979848 0.732092
0.979828 0.731474
0.979807 0.730851
0.979786 0.730224
0.979765 0.729592
0.979744 0.728956
0.979722 0.728315
0.979701 0.72767
0.979679 0.727021
0.979657 0.726366
0.979636 0.725707
0.979613 0.725044
0.979591 0.724375
0.979569 0.723702
0.979546 0.723024
0.979524 0.722341
0.979501 0.721653
0.979478 0.720961
0.979455 0.720263
0.979432 0.71956
0.979408 0.718852
0.979385 0.718138
0.979361 0.717419
0.979337 0.716696
0.979313 0.715966
0.979288 0.715231
0.979264 0.714491
0.979239 0.713745
0.979215 0.712994
0.97919 0.712237
0.979165 0.711474
0.979139 0.710706
0.979114 0.709931
0.979088 0.709151
0.979062 0.708365
0.979036 0.707572
0.97901 0.706774
0.978983 0.705969
0.978957 0.705159
0.97893 0.704341
0.978903 0.703518
0.978875 0.702688
0.978848 0.701852
0.97882 0.701009
0.978792 0.700159
0.978764 0.699303
0.978736 0.69844
0.978708 0.69757
0.978679 0.696693
0.97865 0.695809
0.978621 0.694918
0.978591 0.69402
0.978562 0.693115
0.978532 0.692202
0.978502 0.691282
0.978471 0.690355
0.978441 0.68942
0.97841 0.688477
0.978379 0.687526
0.978347 0.686568
0.978316 0.685602
0.978284 0.684628
0.978252 0.683645
0.97822 0.682655
0.978187 0.681656
0.978154 0.680649
0.978121 0.679634
0.978088 0.67861
0.978054 0.677577
0.97802 0.676536
0.977986 0.675485
0.977951 0.674426
0.977916 0.673358
0.977881 0.672281
0.977846 0.671194
0.97781 0.670098
0.977774 0.668993
0.977738 0.667878
0.977701 0.666754
0.977664 0.665619
0.977627 0.664475
0.977589 0.663321
0.977551 0.662157
0.977513 0.660982
0.977474 0.659798
0.977435 0.658602
0.977396 0.657397
0.977357 0.65618
0.977317 0.654953
0.977276 0.653715
0.977235 0.652466
0.977194 0.651205
0.977153 0.649934
0.977111 0.648651
0.977069 0.647356
0.977026 0.64605
0.976983 0.644732
0.97694 0.643402
0.976896 0.64206
0.976852 0.640705
0.976807 0.639339
0.976762 0.63796
0.976717 0.636568
0.976671 0.635163
0.976624 0.633746
0.976578 0.632316
0.97653 0.630872
0.976483 0.629415
0.976435 0.627945
0.976386 0.626461
0.976337 0.624963
0.976287 0.623451
0.976237 0.621925
0.976187 0.620385
0.976136 0.618831
0.976084 0.617262
0.976032 0.615678
0.975979 0.61408
0.975926 0.612466
0.975873 0.610838
0.975819 0.609194
0.975764 0.607534
0.975708 0.605859
0.975653 0.604168
0.975596 0.602462
0.975539 0.600739
0.975482 0.598999
0.975423 0.597243
0.975364 0.595471
0.975305 0.593682
0.975245 0.591876
0.975184 0.590052
0.975123 0.588212
0.975061 0.586354
0.974998 0.584478
0.974935 0.582585
0.974871 0.580673
0.974806 0.578744
0.974741 0.576796
0.974675 0.57483
0.974608 0.572845
0.97454 0.570841
0.974472 0.568818
0.974403 0.566776
0.974333 0.564715
0.974263 0.562635
0.974191 0.560535
0.974119 0.558415
0.974046 0.556275
0.973972 0.554115
0.973898 0.551935
0.973822 0.549734
0.973746 0.547513
0.973669 0.545272
0.973591 0.543009
0.973512 0.540726
0.973432 0.538421
0.973351 0.536095
0.973269 0.533748
0.973186 0.53138
0.973103 0.528989
0.973018 0.526577
0.972932 0.524144
0.972846 0.521688
0.972758 0.51921
0.972669 0.51671
0.97258 0.514188
0.972489 0.511644
0.972397 0.509077
0.972304 0.506488
0.97221 0.503876
0.972114 0.501241
0.972018 0.498584
0.97192 0.495905
0.971822 0.493202
0.971722 0.490477
0.971621 0.487729
0.971518 0.484958
0.971414 0.482165
0.97131 0.479349
0.971203 0.47651
0.971096 0.473648
0.970987 0.470764
0.970877 0.467857
0.970765 0.464928
0.970652 0.461976
0.970538 0.459002
0.970422 0.456006
0.970305 0.452988
0.970186 0.449948
0.970066 0.446886
0.969944 0.443802
0.969821 0.440697
0.969696 0.437571
0.96957 0.434423
0.969442 0.431255
0.969313 0.428067
0.969182 0.424858
0.969049 0.421629
0.968914 0.418381
0.968778 0.415113
0.96864 0.411826
0.968501 0.40852
0.968359 0.405197
0.968216 0.401855
0.968071 0.398496
0.967924 0.39512
0.967776 0.391727
0.967625 0.388318
0.967473 0.384894
0.967318 0.381454
0.967162 0.378
0.967004 0.374532
0.966844 0.371051
0.966681 0.367556
0.966517 0.36405
0.966351 0.360532
0.966182 0.357003
0.966012 0.353464
0.965839 0.349915
0.965664 0.346357
0.965487 0.342791
0.965308 0.339218
0.965127 0.335638
0.964943 0.332052
0.964757 0.328462
0.964569 0.324867
0.964378 0.321268
0.964185 0.317667
0.96399 0.314064
0.963793 0.310461
0.963593 0.306857
0.96339 0.303254
0.963185 0.299653
0.962978 0.296055
0.962768 0.29246
0.962556 0.28887
0.962341 0.285285
0.962124 0.281706
0.961904 0.278135
0.961682 0.274571
0.961457 0.271017
0.961229 0.267473
0.960999 0.26394
0.960766 0.260419
0.960531 0.25691
0.960293 0.253415
0.960052 0.249935
0.959808 0.24647
0.959562 0.243022
0.959313 0.239591
0.959062 0.236178
0.958807 0.232784
0.95855 0.22941
0.95829 0.226057
0.958027 0.222725
0.957762 0.219415
0.957494 0.216128
0.957223 0.212865
0.956949 0.209627
0.956672 0.206414
0.956392 0.203226
0.95611 0.200065
0.955825 0.196932
0.955537 0.193826
0.955246 0.190749
0.954952 0.1877
0.954655 0.184681
0.954356 0.181692
0.954054 0.178734
0.953748 0.175807
0.95344 0.172911
0.953129 0.170047
0.952816 0.167215
0.952499 0.164416
0.95218 0.161649
0.951857 0.158916
0.951532 0.156216
0.951204 0.15355
0.950873 0.150917
0.950539 0.148319
0.950203 0.145755
0.949863 0.143226
0.949521 0.14073
0.949176 0.13827
0.948828 0.135844
0.948478 0.133452
0.948124 0.131096
0.947768 0.128773
0.947409 0.126486
0.947047 0.124233
0.946683 0.122014
0.946315 0.11983
0.945945 0.11768
0.945573 0.115564
0.945197 0.113482
0.944819 0.111434
0.944438 0.109419
0.944055 0.107438
0.943669 0.10549
0.94328 0.103574
0.942888 0.101692
0.942494 0.0998411
0.942097 0.0980227
0.941698 0.0962361
0.941296 0.0944809
0.940892 0.0927568
0.940485 0.0910636
0.940075 0.0894008
0.939663 0.0877681
0.939248 0.0861653
0.938831 0.0845918
0.938412 0.0830474
0.93799 0.0815318
0.937565 0.0800444
0.937138 0.078585
0.936709 0.0771531
0.936277 0.0757484
0.935843 0.0743705
0.935406 0.073019
0.934967 0.0716935
0.934526 0.0703936
0.934083 0.0691189
0.933637 0.067869
0.933189 0.0666435
0.932738 0.0654421
0.932285 0.0642643
0.93183 0.0631097
0.931373 0.061978
0.930914 0.0608688
0.930452 0.0597816
0.929989 0.0587161
0.929523 0.0576718
0.929055 0.0566485
0.928584 0.0556458
0.928112 0.0546632
0.927638 0.0537004
0.927161 0.052757
0.926683 0.0518327
0.926202 0.050927
0.92572 0.0500398
0.925235 0.0491705
0.924748 0.0483188
0.92426 0.0474845
0.923769 0.0466671
0.923276 0.0458664
0.922782 0.045082
0.922285 0.0443135
0.921787 0.0435607
0.921287 0.0428233
0.920785 0.0421008
0.920281 0.0413931
0.919775 0.0406999
0.919267 0.0400207
0.918758 0.0393554
0.918246 0.0387037
0.917733 0.0380652
0.917218 0.0374397
0.916701 0.036827
0.916183 0.0362267
0.915663 0.0356386
0.915141 0.0350624
0.914617 0.034498
0.914092 0.0339449
0.913565 0.0334031
0.913036 0.0328723
0.912506 0.0323521
0.911973 0.0318425
0.91144 0.0313432
0.910904 0.0308539
0.910368 0.0303744
0.909829 0.0299046
0.909289 0.0294442
0.908747 0.0289931
0.908204 0.0285509
0.907659 0.0281176
0.907113 0.0276929
0.906565 0.0272767
0.906015 0.0268688
0.905464 0.0264689
0.904912 0.026077
0.904358 0.0256928
0.903802 0.0253162
0.903245 0.024947
0.902687 0.0245851
0.902127 0.0242303
0.901566 0.0238824
0.901003 0.0235413
0.900439 0.0232069
0.899873 0.022879
0.899307 0.0225574
0.898738 0.0222421
0.898168 0.0219329
0.897597 0.0216296
0.897025 0.0213322
0.896451 0.0210405
0.895876 0.0207544
0.895299 0.0204737
0.894722 0.0201984
0.894142 0.0199284
0.893562 0.0196634
0.89298 0.0194035
0.892397 0.0191485
0.891813 0.0188983
0.891227 0.0186529
0.89064 0.018412
0.890052 0.0181756
0.889462 0.0179436
0.888871 0.017716
0.888279 0.0174926
0.887686 0.0172733
0.887092 0.0170581
0.886496 0.0168468
0.885899 0.0166394
0.885301 0.0164359
0.884702 0.016236
0.884101 0.0160398
0.883499 0.0158472
0.882896 0.015658
0.882292 0.0154723
0.881687 0.01529
0.881081 0.0151109
0.880473 0.014935
0.879864 0.0147623
0.879254 0.0145927
0.878643 0.0144261
0.878031 0.0142624
0.877417 0.0141017
0.876803 0.0139438
0.876187 0.0137886
0.87557 0.0136362
0.874952 0.0134865
0.874333 0.0133394
0.873713 0.0131948
0.873092 0.0130528
0.87247 0.0129132
0.871846 0.0127761
0.871222 0.0126413
0.870596 0.0125088
0.869969 0.0123786
0.869341 0.0122507
0.868712 0.0121249
0.868082 0.0120013
0.867451 0.0118797
0.866819 0.0117602
0.866186 0.0116428
0.865552 0.0115273
0.864916 0.0114138
0.86428 0.0113021
0.863642 0.0111923
0.863004 0.0110844
0.862364 0.0109783
0.861724 0.0108739
0.861082 0.0107712
0.860439 0.0106702
0.859795 0.0105709
0.859151 0.0104733
0.858505 0.0103772
0.857858 0.0102827
0.85721 0.0101897
0.856561 0.0100983
0.855911 0.0100083
0.85526 0.00991983
0.854608 0.00983275
0.853955 0.00974708
0.853301 0.00966278
0.852646 0.00957983
0.85199 0.00949821
0.851333 0.00941789
0.850674 0.00933885
0.850015 0.00926106
0.849355 0.00918451
0.848694 0.00910917
0.848032 0.00903502
0.847368 0.00896203
0.846704 0.00889019
0.846039 0.00881948
0.845373 0.00874987
0.844705 0.00868135
0.844037 0.0086139
0.843368 0.0085475
0.842697 0.00848212
0.842026 0.00841776
0.841354 0.00835439
0.84068 0.008292
0.840006 0.00823057
0.839331 0.00817009
0.838654 0.00811053
0.837977 0.00805189
0.837298 0.00799413
0.836619 0.00793727
0.835939 0.00788126
0.835257 0.00782611
0.834575 0.0077718
0.833891 0.0077183
0.833207 0.00766562
0.832521 0.00761373
0.831835 0.00756263
0.831147 0.00751229
0.830459 0.00746272
0.829769 0.00741388
0.829079 0.00736578
0.828387 0.0073184
0.827694 0.00727173
0.827001 0.00722575
0.826306 0.00718046
0.82561 0.00713584
0.824914 0.00709189
0.824216 0.00704859
0.823517 0.00700594
0.822817 0.00696392
0.822116 0.00692252
0.821415 0.00688173
0.820712 0.00684155
0.820008 0.00680196
0.819303 0.00676296
0.818597 0.00672453
0.81789 0.00668667
0.817182 0.00664936
0.816472 0.00661261
0.815762 0.0065764
0.815051 0.00654072
0.814339 0.00650556
0.813625 0.00647093
0.812911 0.0064368
0.812195 0.00640317
0.811479 0.00637004
0.810761 0.0063374
0.810042 0.00630523
0.809323 0.00627354
0.808602 0.00624231
0.80788 0.00621154
0.807157 0.00618123
0.806433 0.00615136
0.805708 0.00612193
0.804981 0.00609293
0.804254 0.00606436
0.803526 0.00603621
0.802796 0.00600848
0.802066 0.00598116
0.801334 0.00595423
0.800601 0.00592771
0.799867 0.00590158
0.799132 0.00587583
0.798396 0.00585047
0.797659 0.00582549
0.79692 0.00580087
0.796181 0.00577662
0.79544 0.00575273
0.794698 0.0057292
0.793955 0.00570602
0.793211 0.00568319
0.792466 0.0056607
0.79172 0.00563855
0.790972 0.00561673
0.790223 0.00559524
0.789474 0.00557407
0.788723 0.00555323
0.78797 0.0055327
0.787217 0.00551249
0.786463 0.00549258
0.785707 0.00547298
0.78495 0.00545368
0.784192 0.00543468
0.783433 0.00541597
0.782672 0.00539755
0.781911 0.00537941
0.781148 0.00536156
0.780384 0.00534399
0.779618 0.0053267
0.778852 0.00530967
0.778084 0.00529292
0.777315 0.00527643
0.776545 0.00526021
0.775774 0.00524424
0.775001 0.00522854
0.774227 0.00521309
0.773452 0.00519788
0.772676 0.00518293
0.771898 0.00516822
0.771119 0.00515376
0.770339 0.00513953
0.769558 0.00512555
0.768775 0.00511179
0.767991 0.00509827
0.767206 0.00508498
0.766419 0.00507192
0.765631 0.00505908
0.764842 0.00504646
0.764052 0.00503407
0.76326 0.00502189
0.762467 0.00500992
0.761672 0.00499817
0.760877 0.00498663
0.760079 0.0049753
0.759281 0.00496418
0.758481 0.00495326
0.75768 0.00494254
0.756878 0.00493203
0.756074 0.00492171
0.755269 0.00491159
0.754462 0.00490166
0.753654 0.00489193
0.752845 0.00488239
0.752034 0.00487303
0.751222 0.00486387
0.750409 0.00485489
0.749594 0.00484609
0.748777 0.00483748
0.74796 0.00482905
0.747141 0.0048208
0.74632 0.00481272
0.745498 0.00480482
0.744675 0.0047971
0.74385 0.00478955
0.743023 0.00478217
0.742196 0.00477496
0.741366 0.00476792
0.740536 0.00476104
0.739703 0.00475434
0.73887 0.00474779
0.738035 0.00474141
0.737198 0.0047352
0.73636 0.00472914
0.73552 0.00472324
0.734679 0.0047175
0.733837 0.00471192
0.732992 0.0047065
0.732147 0.00470123
0.731299 0.00469611
0.730451 0.00469115
0.7296 0.00468633
0.728749 0.00468167
0.727895 0.00467716
0.72704 0.00467279
0.726184 0.00466858
0.725326 0.00466451
0.724466 0.00466058
0.723605 0.0046568
0.722742 0.00465316
0.721877 0.00464967
0.721011 0.00464632
0.720143 0.00464311
0.719274 0.00464004
0.718403 0.0046371
0.717531 0.00463431
0.716656 0.00463166
0.715781 0.00462914
0.714903 0.00462675
0.714024 0.00462451
0.713143 0.0046224
0.712261 0.00462042
0.711376 0.00461857
0.710491 0.00461686
0.709603 0.00461528
0.708714 0.00461383
0.707823 0.00461252
0.70693 0.00461133
0.706036 0.00461027
0.70514 0.00460934
0.704242 0.00460854
0.703342 0.00460787
0.702441 0.00460732
0.701538 0.0046069
0.700633 0.00460661
0.699727 0.00460644
0.698819 0.0046064
0.697908 0.00460649
0.696997 0.00460669
0.696083 0.00460703
0.695168 0.00460748
0.69425 0.00460806
0.693331 0.00460876
0.69241 0.00460959
0.691488 0.00461053
0.690563 0.0046116
0.689637 0.00461279
0.688709 0.0046141
0.687779 0.00461553
0.686847 0.00461708
0.685913 0.00461875
0.684978 0.00462054
0.68404 0.00462245
0.683101 0.00462448
0.68216 0.00462662
0.681217 0.00462889
0.680272 0.00463128
0.679325 0.00463378
0.678376 0.0046364
0.677425 0.00463914
0.676472 0.00464199
0.675518 0.00464497
0.674561 0.00464806
0.673603 0.00465127
0.672643 0.00465459
0.67168 0.00465803
0.670716 0.00466159
0.66975 0.00466527
0.668782 0.00466906
0.667811 0.00467297
0.666839 0.004677
0.665865 0.00468114
0.664889 0.00468539
0.663911 0.00468977
0.662931 0.00469426
0.661949 0.00469886
0.660964 0.00470359
0.659978 0.00470843
0.65899 0.00471338
0.658 0.00471845
0.657007 0.00472364
0.656013 0.00472894
0.655017 0.00473436
0.654018 0.0047399
0.653018 0.00474555
0.652015 0.00475132
0.65101 0.0047572
0.650004 0.00476321
0.648995 0.00476932
0.647984 0.00477556
0.646971 0.00478191
0.645956 0.00478838
0.644939 0.00479497
0.643919 0.00480167
0.642898 0.0048085
0.641874 0.00481543
0.640848 0.00482249
0.639821 0.00482967
0.638791 0.00483696
0.637759 0.00484437
0.636724 0.00485191
0.635688 0.00485956
0.634649 0.00486733
0.633609 0.00487521
0.632566 0.00488322
0.631521 0.00489135
0.630474 0.0048996
0.629424 0.00490797
0.628373 0.00491646
0.627319 0.00492507
0.626263 0.0049338
0.625205 0.00494266
0.624145 0.00495163
0.623082 0.00496073
0.622017 0.00496995
0.62095 0.0049793
0.619881 0.00498876
0.61881 0.00499835
0.617736 0.00500807
0.616661 0.00501791
0.615583 0.00502788
0.614502 0.00503797
0.61342 0.00504818
0.612335 0.00505853
0.611248 0.00506899
0.610159 0.00507959
0.609068 0.00509031
0.607974 0.00510117
0.606878 0.00511215
0.60578 0.00512326
0.604679 0.0051345
0.603577 0.00514587
0.602472 0.00515736
0.601365 0.005169
0.600255 0.00518076
0.599143 0.00519265
0.598029 0.00520468
0.596913 0.00521684
0.595795 0.00522913
0.594674 0.00524156
0.593551 0.00525412
0.592426 0.00526682
0.591298 0.00527966
0.590168 0.00529263
0.589036 0.00530574
0.587902 0.00531898
0.586765 0.00533237
0.585626 0.00534589
0.584485 0.00535956
0.583342 0.00537336
0.582196 0.00538731
0.581048 0.0054014
0.579898 0.00541563
0.578745 0.00543001
0.577591 0.00544452
0.576434 0.00545919
0.575274 0.005474
0.574113 0.00548895
0.572949 0.00550406
0.571783 0.00551931
0.570614 0.00553471
0.569444 0.00555026
0.568271 0.00556596
0.567096 0.00558181
0.565919 0.00559781
0.564739 0.00561396
0.563557 0.00563027
0.562373 0.00564673
0.561187 0.00566335
0.559998 0.00568013
0.558808 0.00569706
0.557615 0.00571415
0.55642 0.0057314
0.555222 0.0057488
0.554023 0.00576637
0.552821 0.0057841
0.551617 0.005802
0.550411 0.00582005
0.549202 0.00583827
0.547992 0.00585666
0.546779 0.00587521
0.545564 0.00589393
0.544347 0.00591282
0.543128 0.00593188
0.541906 0.00595111
0.540683 0.00597051
0.539457 0.00599008
0.538229 0.00600983
0.536999 0.00602975
0.535767 0.00604985
0.534533 0.00607012
0.533297 0.00609058
0.532059 0.00611121
0.530818 0.00613202
0.529576 0.00615301
0.528331 0.00617419
0.527085 0.00619555
0.525836 0.00621709
0.524585 0.00623882
0.523332 0.00626074
0.522078 0.00628285
0.520821 0.00630515
0.519562 0.00632763
0.518302 0.00635031
0.517039 0.00637319
0.515774 0.00639625
0.514508 0.00641952
0.513239 0.00644298
0.511969 0.00646664
0.510696 0.0064905
0.509422 0.00651456
0.508146 0.00653883
0.506868 0.00656329
0.505588 0.00658797
0.504307 0.00661285
0.503023 0.00663794
0.501738 0.00666324
0.500451 0.00668874
0.499162 0.00671447
0.497871 0.0067404
0.496579 0.00676655
0.495285 0.00679292
0.493989 0.00681951
0.492691 0.00684631
0.491392 0.00687334
0.490091 0.00690059
0.488788 0.00692806
0.487484 0.00695576
0.486178 0.00698369
0.484871 0.00701184
0.483562 0.00704023
0.482251 0.00706885
0.480939 0.0070977
0.479626 0.00712679
0.478311 0.00715611
0.476994 0.00718568
0.475676 0.00721548
0.474357 0.00724552
0.473036 0.00727581
0.471713 0.00730635
0.47039 0.00733713
0.469065 0.00736816
0.467738 0.00739944
0.466411 0.00743097
0.465082 0.00746276
0.463752 0.0074948
0.46242 0.0075271
0.461088 0.00755966
0.459754 0.00759248
0.458419 0.00762556
0.457082 0.00765891
0.455745 0.00769252
0.454407 0.0077264
0.453067 0.00776055
0.451727 0.00779498
0.450385 0.00782968
0.449043 0.00786465
0.447699 0.0078999
0.446355 0.00793544
0.44501 0.00797125
0.443664 0.00800735
0.442317 0.00804373
0.440969 0.0080804
0.43962 0.00811737
0.438271 0.00815462
0.43692 0.00819217
0.435569 0.00823001
0.434218 0.00826815
0.432866 0.00830659
0.431513 0.00834533
0.430159 0.00838438
0.428805 0.00842373
0.427451 0.00846339
0.426096 0.00850336
0.42474 0.00854365
0.423384 0.00858425
0.422028 0.00862516
0.420671 0.0086664
0.419314 0.00870795
0.417956 0.00874983
0.416599 0.00879204
0.415241 0.00883457
0.413883 0.00887743
0.412524 0.00892063
0.411166 0.00896416
0.409807 0.00900803
0.408448 0.00905223
0.40709 0.00909678
0.405731 0.00914167
0.404372 0.00918691
0.403013 0.0092325
0.401655 0.00927843
0.400296 0.00932473
0.398938 0.00937137
0.39758 0.00941838
0.396222 0.00946574
0.394864 0.00951347
0.393507 0.00956156
0.39215 0.00961002
0.390793 0.00965885
0.389437 0.00970805
0.388081 0.00975763
0.386726 0.00980759
0.385371 0.00985792
0.384017 0.00990864
0.382664 0.00995974
0.381311 0.0100112
0.379958 0.0100631
0.378607 0.0101154
0.377256 0.0101681
0.375906 0.0102211
0.374556 0.0102746
0.373208 0.0103285
0.37186 0.0103827
0.370514 0.0104374
0.369168 0.0104925
0.367824 0.010548
0.36648 0.0106039
0.365138 0.0106603
0.363796 0.010717
0.362456 0.0107742
0.361117 0.0108318
0.359779 0.0108899
0.358443 0.0109483
0.357108 0.0110072
0.355774 0.0110666
0.354441 0.0111264
0.35311 0.0111866
0.351781 0.0112473
0.350453 0.0113084
0.349126 0.0113699
0.347801 0.011432
0.346478 0.0114944
0.345156 0.0115574
0.343836 0.0116208
0.342518 0.0116846
0.341202 0.011749
0.339887 0.0118138
0.338574 0.011879
0.337263 0.0119448
0.335954 0.012011
0.334647 0.0120777
0.333342 0.0121449
0.332039 0.0122126
0.330739 0.0122808
0.32944 0.0123494
0.328143 0.0124186
0.326849 0.0124882
0.325556 0.0125584
0.324266 0.0126291
0.322979 0.0127002
0.321693 0.0127719
0.32041 0.0128441
0.31913 0.0129168
0.317852 0.01299
0.316576 0.0130637
0.315303 0.013138
0.314032 0.0132128
0.312764 0.0132881
0.311499 0.013364
0.310236 0.0134404
0.308976 0.0135173
0.307718 0.0135948
0.306464 0.0136728
0.305212 0.0137513
0.303963 0.0138304
0.302717 0.0139101
0.301473 0.0139903
0.300233 0.0140711
0.298996 0.0141524
0.297761 0.0142343
0.29653 0.0143168
0.295301 0.0143998
0.294076 0.0144834
0.292854 0.0145676
0.291635 0.0146524
0.290419 0.0147377
0.289206 0.0148237
0.287997 0.0149102
0.286791 0.0149973
0.285588 0.015085
0.284388 0.0151733
0.283192 0.0152622
0.281999 0.0153517
0.28081 0.0154418
0.279624 0.0155325
0.278441 0.0156238
0.277262 0.0157157
0.276087 0.0158082
0.274915 0.0159014
0.273746 0.0159952
0.272581 0.0160896
0.27142 0.0161846
0.270263 0.0162803
0.269109 0.0163766
0.267958 0.0164735
0.266812 0.0165711
0.265669 0.0166693
0.26453 0.0167682
0.263395 0.0168677
0.262263 0.0169678
0.261136 0.0170686
0.260012 0.0171701
0.258892 0.0172722
0.257776 0.017375
0.256664 0.0174785
0.255555 0.0175826
0.254451 0.0176873
0.253351 0.0177928
0.252255 0.0178989
0.251162 0.0180057
0.250074 0.0181132
0.24899 0.0182214
0.24791 0.0183302
0.246833 0.0184398
0.245761 0.01855
0.244693 0.0186609
0.24363 0.0187725
0.24257 0.0188849
0.241514 0.0189979
0.240463 0.0191116
0.239416 0.019226
0.238373 0.0193412
0.237334 0.019457
0.2363 0.0195736
0.235269 0.0196909
0.234243 0.0198089
0.233221 0.0199276
0.232204 0.0200471
0.23119 0.0201672
0.230181 0.0202881
0.229177 0.0204098
0.228176 0.0205322
0.22718 0.0206553
0.226188 0.0207791
0.225201 0.0209037
0.224218 0.0210291
0.223239 0.0211552
0.222264 0.021282
0.221294 0.0214096
0.220329 0.021538
0.219367 0.0216671
0.21841 0.0217969
0.217458 0.0219276
0.21651 0.022059
0.215566 0.0221911
0.214626 0.0223241
0.213691 0.0224578
0.212761 0.0225922
0.211834 0.0227275
0.210913 0.0228635
0.209995 0.0230003
0.209082 0.0231379
0.208174 0.0232763
0.207269 0.0234155
0.20637 0.0235555
0.205474 0.0236962
0.204583 0.0238378
0.203697 0.0239801
0.202815 0.0241233
0.201937 0.0242672
0.201064 0.024412
0.200195 0.0245575
0.19933 0.0247039
0.19847 0.0248511
0.197615 0.0249991
0.196763 0.0251479
0.195916 0.0252975
0.195074 0.025448
0.194236 0.0255992
0.193402 0.0257513
0.192573 0.0259043
0.191748 0.026058
0.190927 0.0262126
0.190111 0.026368
0.189299 0.0265242
0.188492 0.0266813
0.187689 0.0268392
0.18689 0.026998
0.186095 0.0271576
0.185305 0.027318
0.184519 0.0274793
0.183738 0.0276415
0.18296 0.0278045
0.182188 0.0279683
0.181419 0.028133
0.180655 0.0282985
0.179895 0.028465
0.179139 0.0286322
0.178387 0.0288004
0.17764 0.0289694
0.176897 0.0291392
0.176158 0.02931
0.175423 0.0294816
0.174693 0.029654
0.173967 0.0298274
0.173245 0.0300016
0.172527 0.0301767
0.171813 0.0303527
0.171104 0.0305296
0.170398 0.0307073
0.169697 0.0308859
0.169 0.0310655
0.168307 0.0312459
0.167618 0.0314272
0.166933 0.0316093
0.166252 0.0317924
0.165576 0.0319764
0.164903 0.0321613
0.164234 0.0323471
0.16357 0.0325337
0.162909 0.0327213
0.162253 0.0329098
0.1616 0.0330992
0.160951 0.0332895
0.160307 0.0334807
0.159666 0.0336728
0.159029 0.0338659
0.158396 0.0340598
0.157767 0.0342547
0.157142 0.0344505
0.156521 0.0346472
0.155903 0.0348449
0.15529 0.0350434
0.15468 0.0352429
0.154074 0.0354433
0.153472 0.0356447
0.152874 0.0358469
0.152279 0.0360501
0.151688 0.0362543
0.151101 0.0364594
0.150518 0.0366654
0.149938 0.0368724
0.149362 0.0370803
0.14879 0.0372891
0.148221 0.0374989
0.147656 0.0377096
0.147095 0.0379213
0.146537 0.038134
0.145983 0.0383476
0.145433 0.0385621
0.144886 0.0387776
0.144342 0.0389941
0.143803 0.0392115
0.143266 0.0394299
0.142733 0.0396492
0.142204 0.0398696
0.141678 0.0400908
0.141156 0.0403131
0.140637 0.0405363
0.140121 0.0407605
0.139609 0.0409857
0.139101 0.0412118
0.138595 0.0414389
0.138093 0.041667
0.137595 0.0418961
0.137099 0.0421262
0.136607 0.0423573
0.136119 0.0425893
0.135633 0.0428223
0.135151 0.0430564
0.134672 0.0432914
0.134197 0.0435274
0.133724 0.0437644
0.133255 0.0440024
0.132789 0.0442414
0.132326 0.0444815
0.131866 0.0447225
0.13141 0.0449645
0.130956 0.0452075
0.130506 0.0454516
0.130059 0.0456967
0.129615 0.0459427
0.129173 0.0461898
0.128735 0.046438
0.1283 0.0466871
0.127868 0.0469373
0.127439 0.0471884
0.127013 0.0474407
0.12659 0.0476939
0.12617 0.0479482
0.125753 0.0482035
0.125338 0.0484599
0.124927 0.0487173
0.124519 0.0489757
0.124113 0.0492352
0.12371 0.0494957
0.12331 0.0497573
0.122913 0.0500199
0.122519 0.0502836
0.122127 0.0505483
0.121738 0.0508141
0.121352 0.051081
0.120969 0.0513489
0.120589 0.0516179
0.120211 0.051888
0.119836 0.0521591
0.119463 0.0524313
0.119094 0.0527046
0.118727 0.0529789
0.118362 0.0532544
0.118 0.0535309
0.117641 0.0538085
0.117285 0.0540872
0.116931 0.054367
0.116579 0.0546479
0.11623 0.0549299
0.115884 0.055213
0.11554 0.0554972
0.115199 0.0557825
0.11486 0.0560689
0.114524 0.0563564
0.11419 0.056645
0.113859 0.0569348
0.11353 0.0572257
0.113203 0.0575177
0.112879 0.0578108
0.112557 0.0581051
0.112238 0.0584005
0.111921 0.058697
0.111607 0.0589947
0.111294 0.0592935
0.110984 0.0595935
0.110677 0.0598946
0.110372 0.0601969
0.110069 0.0605004
0.109768 0.060805
0.109469 0.0611107
0.109173 0.0614177
0.108879 0.0617258
0.108588 0.0620351
0.108298 0.0623456
0.108011 0.0626572
0.107726 0.0629701
0.107443 0.0632841
0.107162 0.0635993
0.106883 0.0639158
0.106607 0.0642334
0.106333 0.0645523
0.10606 0.0648723
0.10579 0.0651936
0.105522 0.0655161
0.105256 0.0658398
0.104992 0.0661648
0.104731 0.066491
0.104471 0.0668184
0.104213 0.0671471
0.103957 0.067477
0.103704 0.0678081
0.103452 0.0681406
0.103202 0.0684743
0.102954 0.0688092
0.102709 0.0691454
0.102465 0.0694829
0.102223 0.0698217
0.101983 0.0701618
0.101745 0.0705031
0.101509 0.0708458
0.101274 0.0711897
0.101042 0.071535
0.100812 0.0718816
0.100583 0.0722295
0.100356 0.0725787
0.100131 0.0729292
0.0999082 0.0732811
0.099687 0.0736343
0.0994675 0.0739889
0.0992499 0.0743448
0.0990341 0.0747021
0.09882 0.0750607
0.0986077 0.0754207
0.0983972 0.075782
0.0981885 0.0761448
0.0979814 0.0765089
0.0977762 0.0768745
0.0975726 0.0772414
0.0973708 0.0776097
0.0971707 0.0779795
0.0969722 0.0783507
0.0967755 0.0787232
0.0965804 0.0790973
0.0963871 0.0794727
0.0961953 0.0798496
0.0960053 0.080228
0.0958168 0.0806078
0.09563 0.0809891
0.0954449 0.0813719
0.0952613 0.0817561
0.0950794 0.0821418
0.0948991 0.0825291
0.0947203 0.0829178
0.0945432 0.083308
0.0943676 0.0836998
0.0941936 0.0840931
0.0940211 0.0844879
0.0938502 0.0848843
0.0936808 0.0852822
0.093513 0.0856817
0.0933467 0.0860827
0.0931819 0.0864853
0.0930187 0.0868895
0.0928569 0.0872953
0.0926967 0.0877027
0.0925379 0.0881117
0.0923806 0.0885223
0.0922248 0.0889346
0.0920704 0.0893485
0.0919176 0.089764
0.0917661 0.0901812
0.0916161 0.0906001
0.0914676 0.0910206
0.0913205 0.0914428
0.0911748 0.0918667
0.0910305 0.0922923
0.0908877 0.0927196
0.0907462 0.0931487
0.0906062 0.0935795
0.0904675 0.094012
0.0903302 0.0944463
0.0901943 0.0948824
0.0900598 0.0953202
0.0899267 0.0957598
0.0897949 0.0962012
0.0896644 0.0966444
0.0895353 0.0970895
0.0894076 0.0975363
0.0892812 0.0979851
0.0891561 0.0984356
0.0890323 0.0988881
0.0889099 0.0993424
0.0887888 0.0997986
0.088669 0.100257
0.0885505 0.100717
0.0884333 0.101179
0.0883173 0.101643
0.0882027 0.102108
0.0880893 0.102576
0.0879773 0.103046
0.0878665 0.103518
0.0877569 0.103992
0.0876486 0.104467
0.0875416 0.104945
0.0874358 0.105425
0.0873313 0.105907
0.087228 0.106391
0.087126 0.106877
0.0870252 0.107366
0.0869256 0.107856
0.0868272 0.108348
0.0867301 0.108843
0.0866341 0.10934
0.0865394 0.109839
0.0864459 0.11034
0.0863536 0.110843
0.0862625 0.111349
0.0861726 0.111857
0.0860838 0.112367
0.0859963 0.112879
0.0859099 0.113394
0.0858248 0.113911
0.0857408 0.11443
0.0856579 0.114952
0.0855763 0.115476
0.0854958 0.116003
0.0854164 0.116531
0.0853382 0.117063
0.0852612 0.117596
0.0851853 0.118132
0.0851106 0.118671
0.085037 0.119212
0.0849646 0.119756
0.0848933 0.120302
0.0848231 0.12085
0.0847541 0.121402
0.0846862 0.121956
0.0846194 0.122512
0.0845538 0.123071
0.0844892 0.123633
0.0844258 0.124197
0.0843635 0.124764
0.0843024 0.125334
0.0842423 0.125907
0.0841834 0.126482
0.0841255 0.12706
0.0840688 0.127641
0.0840132 0.128225
0.0839586 0.128812
0.0839052 0.129401
0.0838529 0.129994
0.0838017 0.130589
0.0837515 0.131187
0.0837025 0.131789
0.0836546 0.132393
0.0836077 0.133
0.0835619 0.133611
0.0835173 0.134224
0.0834737 0.134841
0.0834312 0.13546
0.0833898 0.136083
0.0833494 0.136709
0.0833102 0.137339
0.083272 0.137971
0.0832349 0.138607
0.0831989 0.139246
0.083164 0.139888
0.0831302 0.140534
0.0830974 0.141183
0.0830657 0.141836
0.0830351 0.142492
0.0830056 0.143152
0.0829771 0.143815
0.0829497 0.144481
0.0829234 0.145152
0.0828982 0.145826
0.082874 0.146503
0.082851 0.147184
0.082829 0.147869
0.0828081 0.148558
0.0827882 0.14925
0.0827695 0.149947
0.0827518 0.150647
0.0827352 0.151351
0.0827197 0.152059
0.0827053 0.152771
0.0826919 0.153487
0.0826796 0.154207
0.0826685 0.154931
0.0826584 0.155659
0.0826494 0.156392
0.0826414 0.157128
0.0826346 0.157869
0.0826289 0.158614
0.0826242 0.159364
0.0826207 0.160118
0.0826182 0.160876
0.0826169 0.161639
0.0826166 0.162406
0.0826175 0.163178
0.0826194 0.163954
0.0826225 0.164735
0.0826267 0.165521
0.082632 0.166311
0.0826384 0.167107
0.0826459 0.167907
0.0826545 0.168712
0.0826643 0.169522
0.0826752 0.170337
0.0826872 0.171157
0.0827003 0.171982
0.0827146 0.172812
0.08273 0.173648
0.0827466 0.174488
0.0827643 0.175334
0.0827832 0.176186
0.0828032 0.177042
0.0828244 0.177905
0.0828467 0.178772
0.0828702 0.179646
0.0828949 0.180525
0.0829207 0.18141
0.0829478 0.1823
0.082976 0.183197
0.0830054 0.184099
0.083036 0.185007
0.0830678 0.185921
0.0831008 0.186842
0.083135 0.187768
0.0831705 0.188701
0.0832071 0.18964
0.083245 0.190586
0.0832841 0.191537
0.0833245 0.192496
0.083366 0.193461
0.0834089 0.194433
0.083453 0.195411
0.0834984 0.196396
0.083545 0.197388
0.083593 0.198387
0.0836422 0.199393
0.0836927 0.200406
0.0837445 0.201427
0.0837976 0.202455
0.083852 0.20349
0.0839078 0.204532
0.0839649 0.205582
0.0840233 0.20664
0.0840831 0.207705
0.0841443 0.208778
0.0842068 0.209859
0.0842707 0.210948
0.0843359 0.212046
0.0844026 0.213151
0.0844707 0.214264
0.0845402 0.215386
0.0846111 0.216517
0.0846834 0.217656
0.0847572 0.218803
0.0848325 0.21996
0.0849092 0.221125
0.0849874 0.222299
0.0850671 0.223482
0.0851483 0.224675
0.085231 0.225877
0.0853152 0.227088
0.085401 0.228309
0.0854883 0.229539
0.0855772 0.230779
0.0856677 0.232029
0.0857597 0.233289
0.0858534 0.234559
0.0859487 0.23584
0.0860456 0.23713
0.0861442 0.238431
0.0862444 0.239743
0.0863463 0.241066
0.0864499 0.242399
0.0865552 0.243744
0.0866622 0.245099
0.086771 0.246466
0.0868815 0.247844
0.0869938 0.249234
0.0871079 0.250635
0.0872238 0.252049
0.0873415 0.253474
0.0874611 0.254912
0.0875825 0.256361
0.0877058 0.257824
0.087831 0.259298
0.0879581 0.260786
0.0880872 0.262287
0.0882183 0.2638
0.0883513 0.265327
0.0884863 0.266867
0.0886234 0.268421
0.0887625 0.269988
0.0889036 0.27157
0.0890469 0.273165
0.0891923 0.274775
0.0893398 0.276399
0.0894895 0.278038
0.0896414 0.279691
0.0897955 0.28136
0.0899518 0.283044
0.0901104 0.284743
0.0902713 0.286457
0.0904346 0.288188
0.0906001 0.289934
0.0907681 0.291696
0.0909385 0.293475
0.0911113 0.29527
0.0912865 0.297082
0.0914643 0.298911
0.0916446 0.300757
0.0918274 0.302621
0.0920128 0.304501
0.0922009 0.3064
0.0923916 0.308317
0.0925851 0.310252
0.0927812 0.312205
0.0929801 0.314177
0.0931818 0.316168
0.0933864 0.318178
0.0935938 0.320207
0.0938041 0.322256
0.0940174 0.324325
0.0942337 0.326413
0.094453 0.328522
0.0946754 0.330651
0.0949009 0.332801
0.0951296 0.334973
0.0953614 0.337165
0.0955965 0.339378
0.0958349 0.341614
0.0960767 0.343871
0.0963218 0.34615
0.0965704 0.348452
0.0968225 0.350777
0.097078 0.353124
0.0973372 0.355494
0.0976 0.357888
0.0978665 0.360306
0.0981368 0.362747
0.0984108 0.365213
0.0986887 0.367702
0.0989705 0.370217
0.0992563 0.372756
0.0995461 0.37532
0.09984 0.37791
0.100138 0.380525
0.10044 0.383166
0.100747 0.385833
0.101058 0.388526
0.101373 0.391245
0.101693 0.393991
0.102017 0.396765
0.102346 0.399565
0.102679 0.402392
0.103018 0.405247
0.103361 0.40813
0.103709 0.411041
0.104062 0.413979
0.10442 0.416946
0.104783 0.419942
0.105152 0.422966
0.105525 0.426019
0.105905 0.4291
0.106289 0.432211
0.106679 0.435351
0.107075 0.43852
0.107476 0.441719
0.107884 0.444947
0.108297 0.448205
0.108716 0.451492
0.109141 0.454809
0.109572 0.458156
0.11001 0.461533
0.110454 0.464939
0.110905 0.468376
0.111362 0.471842
0.111825 0.475338
0.112296 0.478863
0.112773 0.482418
0.113258 0.486003
0.113749 0.489617
0.114248 0.493261
0.114754 0.496933
0.115267 0.500635
0.115788 0.504365
0.116317 0.508124
0.116853 0.511911
0.117398 0.515726
0.11795 0.519569
0.118511 0.523439
0.119079 0.527336
0.119656 0.53126
0.120242 0.53521
0.120836 0.539186
0.121439 0.543187
0.122051 0.547213
0.122672 0.551264
0.123302 0.555338
0.123941 0.559435
0.12459 0.563554
0.125248 0.567696
0.125916 0.571858
0.126594 0.576041
0.127282 0.580243
0.12798 0.584465
0.128688 0.588704
0.129406 0.59296
0.130135 0.597233
0.130874 0.601521
0.131625 0.605823
0.132386 0.610139
0.133158 0.614467
0.133942 0.618806
0.134736 0.623155
0.135543 0.627514
0.13636 0.63188
0.13719 0.636254
0.138031 0.640632
0.138885 0.645016
0.13975 0.649402
0.140628 0.65379
0.141519 0.658179
0.142422 0.662566
0.143337 0.666952
0.144266 0.671335
0.145207 0.675712
0.146162 0.680084
0.147129 0.684448
0.148111 0.688803
0.149105 0.693148
0.150113 0.697482
0.151135 0.701802
0.152171 0.706108
0.153221 0.710398
0.154285 0.71467
0.155363 0.718925
0.156455 0.723159
0.157562 0.727372
0.158684 0.731563
0.15982 0.735729
0.160971 0.73987
0.162136 0.743985
0.163317 0.748072
0.164513 0.75213
0.165724 0.756158
0.16695 0.760155
0.168191 0.764119
0.169448 0.76805
0.170721 0.771946
0.172009 0.775806
0.173313 0.77963
0.174633 0.783416
0.175968 0.787164
0.17732 0.790872
0.178687 0.79454
0.18007 0.798167
0.18147 0.801753
0.182886 0.805296
0.184318 0.808796
0.185766 0.812252
0.187231 0.815665
0.188712 0.819032
0.190209 0.822355
0.191723 0.825632
0.193254 0.828863
0.194801 0.832048
0.196365 0.835187
0.197945 0.838279
0.199542 0.841324
0.201156 0.844322
0.202787 0.847274
0.204434 0.850178
0.206098 0.853034
0.20778 0.855844
0.209477 0.858607
0.211192 0.861323
0.212924 0.863992
0.214672 0.866614
0.216438 0.86919
0.21822 0.87172
0.22002 0.874203
0.221836 0.876642
0.223669 0.879035
0.22552 0.881383
0.227387 0.883686
0.229271 0.885946
0.231172 0.888161
0.23309 0.890333
0.235025 0.892463
0.236977 0.89455
0.238946 0.896595
0.240932 0.898599
0.242935 0.900562
0.244955 0.902485
0.246991 0.904368
0.249045 0.906212
0.251116 0.908018
0.253203 0.909785
0.255307 0.911515
0.257428 0.913207
0.259566 0.914864
0.261721 0.916485
0.263892 0.918071
0.266081 0.919622
0.268286 0.921139
0.270507 0.922624
0.272746 0.924075
0.275001 0.925494
0.277273 0.926882
0.279561 0.928239
0.281866 0.929565
0.284187 0.930862
0.286525 0.93213
0.28888 0.933369
0.291251 0.93458
0.293638 0.935763
0.296042 0.93692
0.298462 0.93805
0.300898 0.939155
0.303351 0.940234
0.305819 0.941288
0.308304 0.942319
0.310805 0.943326
0.313323 0.944309
0.315856 0.94527
0.318405 0.946209
0.32097 0.947126
0.32355 0.948022
0.326147 0.948897
0.328759 0.949752
0.331387 0.950587
0.334031 0.951403
0.33669 0.952199
0.339364 0.952978
0.342054 0.953738
0.344759 0.954481
0.34748 0.955206
0.350215 0.955915
0.352965 0.956607
0.355731 0.957283
0.358511 0.957943
0.361306 0.958588
0.364116 0.959218
0.36694 0.959833
0.369779 0.960434
0.372632 0.961021
0.3755 0.961595
0.378381 0.962155
0.381277 0.962702
0.384186 0.963236
0.387109 0.963758
0.390046 0.964268
0.392996 0.964766
0.39596 0.965253
0.398937 0.965728
0.401927 0.966192
0.404929 0.966646
0.407945 0.967089
0.410973 0.967521
0.414014 0.967944
0.417067 0.968357
0.420132 0.96876
0.423209 0.969154
0.426298 0.969539
0.429398 0.969914
0.43251 0.970282
0.435633 0.97064
0.438766 0.970991
0.441911 0.971333
0.445066 0.971667
0.448232 0.971994
0.451407 0.972312
0.454593 0.972624
0.457788 0.972928
0.460993 0.973225
0.464206 0.973516
0.467429 0.973799
0.470661 0.974076
0.4739 0.974346
0.477148 0.97461
0.480404 0.974868
0.483668 0.97512
0.486939 0.975366
0.490217 0.975606
0.493502 0.975841
0.496793 0.97607
0.500091 0.976293
0.503394 0.976511
0.506703 0.976724
0.510018 0.976932
0.513337 0.977135
0.516661 0.977334
0.519989 0.977527
0.523322 0.977716
0.526658 0.9779
0.529997 0.97808
0.53334 0.978255
0.536685 0.978426
0.540032 0.978593
0.543381 0.978756
0.546732 0.978914
0.550084 0.979069
0.553437 0.97922
0.55679 0.979367
0.560144 0.97951
0.563497 0.97965
0.56685 0.979786
0.570202 0.979919
0.573552 0.980048
0.576901 0.980174
0.580247 0.980297
0.583591 0.980416
0.586932 0.980532
0.59027 0.980645
0.593603 0.980755
0.596933 0.980862
0.600259 0.980966
0.603579 0.981068
0.606895 0.981166
0.610204 0.981261
0.613508 0.981354
0.616805 0.981444
0.620095 0.981532
0.623378 0.981617
0.626654 0.981699
0.629921 0.981779
0.63318 0.981856
0.636431 0.981931
0.639672 0.982004
0.642903 0.982074
0.646125 0.982142
0.649336 0.982208
0.652537 0.982271
0.655727 0.982332
0.658905 0.982391
0.662072 0.982448
0.665226 0.982503
0.668368 0.982556
0.671497 0.982607
0.674613 0.982656
0.677715 0.982703
0.680804 0.982748
0.683878 0.982791
0.686938 0.982833
0.689983 0.982872
0.693013 0.98291
0.696028 0.982946
0.699027 0.98298
0.70201 0.983012
0.704976 0.983043
0.707926 0.983072
0.710859 0.983099
0.713775 0.983125
0.716673 0.983149
0.719554 0.983172
0.722417 0.983193
0.725262 0.983212
0.728088 0.98323
0.730896 0.983247
0.733685 0.983262
0.736455 0.983276
0.739206 0.983288
0.741937 0.983299
0.744649 0.983308
0.747341 0.983316
0.750013 0.983323
0.752665 0.983328
0.755296 0.983332
0.757908 0.983335
0.760499 0.983336
0.763069 0.983336
0.765618 0.983335
0.768146 0.983333
0.770654 0.983329
0.77314 0.983325
0.775605 0.983319
0.778049 0.983312
0.780472 0.983303
0.782873 0.983294
0.785253 0.983283
0.787611 0.983272
0.789948 0.983259
0.792263 0.983245
0.794556 0.98323
0.796828 0.983214
0.799078 0.983197
0.801307 0.983179
0.803514 0.98316
0.805699 0.98314
0.807863 0.983119
0.810005 0.983097
0.812125 0.983074
0.814224 0.98305
0.816301 0.983025
0.818357 0.982999
0.820392 0.982973
0.822405 0.982945
0.824397 0.982916
0.826367 0.982887
0.828317 0.982856
0.830245 0.982825
0.832152 0.982793
0.834039 0.98276
0.835904 0.982726
0.837749 0.982692
0.839574 0.982656
0.841377 0.98262
0.843161 0.982583
0.844924 0.982545
0.846667 0.982506
0.848389 0.982466
0.850092 0.982426
0.851775 0.982385
0.853439 0.982343
0.855083 0.982301
0.856707 0.982258
0.858312 0.982214
0.859898 0.982169
0.861465 0.982123
0.863013 0.982077
0.864543 0.98203
0.866054 0.981983
0.867546 0.981935
0.869021 0.981886
0.870477 0.981836
0.871915 0.981786
0.873336 0.981735
0.874739 0.981684
0.876124 0.981632
0.877492 0.981579
0.878843 0.981525
0.880178 0.981471
0.881495 0.981417
0.882795 0.981361
0.88408 0.981306
0.885348 0.981249
0.886599 0.981192
0.887835 0.981135
0.889055 0.981076
0.890259 0.981018
0.891448 0.980958
0.892622 0.980899
0.89378 0.980838
0.894924 0.980777
0.896052 0.980716
0.897166 0.980654
0.898266 0.980591
0.899351 0.980528
0.900422 0.980465
0.901479 0.980401
0.902523 0.980336
0.903552 0.980271
0.904568 0.980206
0.905571 0.98014
0.906561 0.980073
0.907537 0.980006
0.908501 0.979939
0.909452 0.979871
0.910391 0.979803
0.911317 0.979734
0.912231 0.979665
0.913133 0.979595
0.914023 0.979525
0.914901 0.979454
0.915768 0.979383
0.916623 0.979312
0.917466 0.97924
0.918299 0.979168
0.91912 0.979095
0.919931 0.979022
0.920731 0.978949
0.92152 0.978875
0.922299 0.978801
0.923068 0.978726
0.923826 0.978651
0.924574 0.978576
0.925313 0.9785
0.926041 0.978424
0.92676 0.978348
0.92747 0.978271
0.92817 0.978194
0.92886 0.978116
0.929542 0.978038
0.930214 0.97796
0.930878 0.977882
0.931533 0.977803
0.932179 0.977724
0.932817 0.977644
0.933446 0.977564
0.934067 0.977484
0.93468 0.977404
0.935285 0.977323
0.935882 0.977242
0.936471 0.97716
0.937052 0.977079
0.937625 0.976997
0.938191 0.976915
0.93875 0.976832
0.939301 0.976749
0.939845 0.976666
0.940382 0.976583
0.940912 0.976499
0.941436 0.976415
0.941952 0.976331
0.942461 0.976246
0.942964 0.976162
0.943461 0.976077
0.943951 0.975992
0.944434 0.975906
0.944912 0.97582
0.945383 0.975734
0.945848 0.975648
0.946307 0.975562
0.94676 0.975475
0.947208 0.975388
0.947649 0.975301
0.948085 0.975214
0.948516 0.975126
0.94894 0.975038
0.94936 0.97495
0.949774 0.974862
0.950183 0.974774
0.950587 0.974685
0.950985 0.974596
0.951379 0.974507
0.951767 0.974418
0.952151 0.974329
0.952529 0.974239
0.952903 0.974149
0.953273 0.974059
0.953637 0.973969
0.953997 0.973879
0.954353 0.973788
0.954704 0.973698
0.955051 0.973607
0.955393 0.973516
0.955732 0.973425
0.956066 0.973333
0.956395 0.973242
0.956721 0.97315
0.957043 0.973058
0.957361 0.972966
0.957675 0.972874
0.957985 0.972782
0.958291 0.97269
0.958593 0.972597
0.958892 0.972504
0.959187 0.972411
0.959479 0.972319
0.959767 0.972225
0.960051 0.972132
0.960332 0.972039
0.96061 0.971945
0.960884 0.971852
0.961155 0.971758
0.961423 0.971664
0.961688 0.97157
0.961949 0.971476
0.962207 0.971382
0.962463 0.971287
0.962715 0.971193
0.962964 0.971099
0.96321 0.971004
0.963453 0.970909
0.963694 0.970814
0.963931 0.970719
0.964166 0.970624
0.964398 0.970529
0.964628 0.970434
0.964854 0.970339
0.965078 0.970243
0.9653 0.970148
0.965518 0.970052
0.965735 0.969957
0.965948 0.969861
0.96616 0.969765
0.966368 0.969669
0.966575 0.969573
0.966779 0.969477
0.966981 0.969381
0.96718 0.969285
0.967377 0.969189
0.967572 0.969092
0.967765 0.968996
0.967955 0.968899
0.968144 0.968803
0.96833 0.968706
0.968514 0.96861
0.968696 0.968513
0.968876 0.968416
0.969054 0.96832
0.96923 0.968223
0.969404 0.968126
0.969576 0.968029
0.969746 0.967932
0.969914 0.967835
0.970081 0.967738
0.970245 0.967641
0.970408 0.967544
0.970569 0.967447
0.970728 0.967349
0.970886 0.967252
0.971041 0.967155
0.971195 0.967057
0.971348 0.96696
0.971498 0.966863
0.971647 0.966765
0.971795 0.966668
0.97194 0.96657
0.972085 0.966473
0.972227 0.966375
0.972368 0.966278
0.972508 0.96618
0.972646 0.966083
0.972783 0.965985
0.972918 0.965888
0.973052 0.96579
0.973184 0.965693
0.973315 0.965595
0.973444 0.965497
0.973573 0.9654
0.973699 0.965302
0.973825 0.965204
0.973949 0.965107
0.974072 0.965009
0.974193 0.964911
0.974314 0.964814
0.974433 0.964716
0.97455 0.964618
0.974667 0.964521
0.974782 0.964423
0.974896 0.964325
0.975009 0.964228
0.975121 0.96413
0.975232 0.964032
0.975341 0.963935
0.97545 0.963837
0.975557 0.963739
0.975663 0.963642
0.975768 0.963544
0.975872 0.963447
0.975975 0.963349
0.976077 0.963252
0.976178 0.963154
0.976278 0.963057
0.976377 0.962959
0.976475 0.962862
0.976572 0.962764
0.976667 0.962667
0.976762 0.962569
0.976856 0.962472
0.976949 0.962375
0.977042 0.962277
0.977133 0.96218
0.977223 0.962083
0.977312 0.961985
0.977401 0.961888
0.977489 0.961791
0.977575 0.961694
0.977661 0.961597
0.977746 0.9615
0.977831 0.961402
0.977914 0.961305
0.977997 0.961208
0.978078 0.961112
0.978159 0.961015
0.97824 0.960918
0.978319 0.960821
0.978398 0.960724
0.978476 0.960627
0.978553 0.960531
0.978629 0.960434
0.978705 0.960337
0.97878 0.960241
0.978854 0.960144
0.978927 0.960048
0.979 0.959951
0.979072 0.959855
0.979144 0.959758
0.979214 0.959662
0.979285 0.959566
0.979354 0.959469
0.979423 0.959373
0.979491 0.959277
0.979558 0.959181
0.979625 0.959085
0.979691 0.958989
0.979757 0.958893
0.979822 0.958797
0.979886 0.958701
0.97995 0.958606
0.980013 0.95851
0.980075 0.958414
0.980137 0.958319
0.980199 0.958223
0.980259 0.958128
0.98032 0.958032
0.980379 0.957937
0.980438 0.957842
0.980497 0.957746
0.980555 0.957651
0.980613 0.957556
0.98067 0.957461
0.980726 0.957366
0.980782 0.957271
0.980837 0.957176
0.980892 0.957081
0.980947 0.956987
0.981001 0.956892
0.981054 0.956797
0.981107 0.956703
0.981159 0.956608
0.981211 0.956514
0.981263 0.956419
0.981314 0.956325
0.981364 0.956231
0.981414 0.956137
0.981464 0.956043
0.981513 0.955949
0.981562 0.955855
0.98161 0.955761
0.981658 0.955667
0.981706 0.955573
0.981753 0.955479
0.981799 0.955386
0.981846 0.955292
0.981891 0.955199
0.981937 0.955105
0.981982 0.955012
0.982026 0.954919
0.982071 0.954826
0.982114 0.954733
0.982158 0.95464
0.982201 0.954547
0.982243 0.954454
0.982286 0.954361
0.982327 0.954268
0.982369 0.954176
0.98241 0.954083
0.982451 0.953991
0.982491 0.953898
0.982531 0.953806
0.982571 0.953714
0.98261 0.953621
0.982649 0.953529
0.982688 0.953437
0.982726 0.953345
0.982765 0.953253
0.982802 0.953162
0.98284 0.95307
0.982877 0.952978
0.982913 0.952887
0.98295 0.952795
0.982986 0.952704
0.983021 0.952613
0.983057 0.952521
0.983092 0.95243
0.983127 0.952339
0.983161 0.952248
0.983196 0.952157
0.98323 0.952066
0.983263 0.951976
0.983297 0.951885
0.98333 0.951795
0.983362 0.951704
0.983395 0.951614
0.983427 0.951523
0.983459 0.951433
0.983491 0.951343
0.983522 0.951253
0.983553 0.951163
0.983584 0.951073
0.983615 0.950983
0.983645 0.950893
0.983675 0.950804
0.983705 0.950714
0.983734 0.950625
0.983764 0.950535
0.983793 0.950446
0.983822 0.950357
0.98385 0.950268
0.983879 0.950179
0.983907 0.95009
0.983934 0.950001
0.983962 0.949912
0.983989 0.949824
0.984017 0.949735
0.984044 0.949646
0.98407 0.949558
0.984097 0.94947
0.984123 0.949381
0.984149 0.949293
0.984175 0.949205
0.9842 0.949117
0.984226 0.949029
0.984251 0.948942
0.984276 0.948854
0.9843 0.948766
0.984325 0.948679
0.984349 0.948591
0.984373 0.948504
0.984397 0.948417
0.984421 0.948329
0.984444 0.948242
0.984468 0.948155
0.984491 0.948068
0.984514 0.947982
0.984537 0.947895
0.984559 0.947808
0.984581 0.947722
0.984604 0.947635
0.984626 0.947549
0.984647 0.947463
0.984669 0.947376
0.98469 0.94729
0.984712 0.947204
0.984733 0.947118
0.984754 0.947032
0.984774 0.946947
0.984795 0.946861
0.984815 0.946776
0.984835 0.94669
0.984855 0.946605
0.984875 0.946519
0.984895 0.946434
0.984914 0.946349
0.984934 0.946264
0.984953 0.946179
0.984972 0.946094
0.984991 0.94601
0.98501 0.945925
0.985028 0.94584
0.985047 0.945756
0.985065 0.945672
0.985083 0.945587
0.985101 0.945503
0.985119 0.945419
0.985136 0.945335
0.985154 0.945251
0.985171 0.945167
0.985189 0.945084
0.985206 0.945
0.985223 0.944916
0.985239 0.944833
0.985256 0.94475
0.985272 0.944666
0.985289 0.944583
0.985305 0.9445
0.985321 0.944417
0.985337 0.944334
0.985353 0.944251
0.985369 0.944169
0.985384 0.944086
0.9854 0.944003
0.985415 0.943921
0.98543 0.943839
0.985445 0.943756
0.98546 0.943674
0.985475 0.943592
0.98549 0.94351
0.985504 0.943428
0.985519 0.943346
0.985533 0.943265
0.985547 0.943183
0.985561 0.943101
0.985575 0.94302
0.985589 0.942939
0.985603 0.942857
0.985616 0.942776
0.98563 0.942695
0.985643 0.942614
0.985656 0.942533
0.98567 0.942452
0.985683 0.942372
0.985696 0.942291
0.985708 0.942211
0.985721 0.94213
0.985734 0.94205
0.985746 0.94197
0.985759 0.941889
0.985771 0.941809
0.985783 0.941729
0.985795 0.941649
0.985807 0.94157
0.985819 0.94149
0.985831 0.94141
0.985842 0.941331
0.985854 0.941251
0.985865 0.941172
0.985877 0.941093
0.985888 0.941013
0.985899 0.940934
0.98591 0.940855
0.985921 0.940776
0.985932 0.940698
0.985943 0.940619
0.985954 0.94054
0.985964 0.940462
0.985975 0.940383
0.985985 0.940305
0.985996 0.940227
0.986006 0.940148
0.986016 0.94007
0.986026 0.939992
0.986036 0.939914
0.986046 0.939837
0.986056 0.939759
0.986066 0.939681
0.986075 0.939604
0.986085 0.939526
0.986094 0.939449
0.986104 0.939372
0.986113 0.939294
0.986122 0.939217
0.986132 0.93914
0.986141 0.939063
0.98615 0.938986
0.986159 0.93891
0.986167 0.938833
0.986176 0.938756
0.986185 0.93868
0.986193 0.938603
0.986202 0.938527
0.98621 0.938451
0.986219 0.938375
0.986227 0.938299
0.986235 0.938223
0.986244 0.938147
0.986252 0.938071
0.98626 0.937995
0.986268 0.93792
0.986276 0.937844
0.986283 0.937769
0.986291 0.937693
0.986299 0.937618
0.986306 0.937543
0.986314 0.937468
0.986321 0.937393
0.986329 0.937318
0.986336 0.937243
0.986343 0.937168
0.986351 0.937094
0.986358 0.937019
0.986365 0.936945
0.986372 0.93687
0.986379 0.936796
0.986386 0.936722
0.986392 0.936647
0.986399 0.936573
0.986406 0.936499
0.986413 0.936425
0.986419 0.936352
0.986426 0.936278
0.986432 0.936204
0.986438 0.936131
0.986445 0.936057
0.986451 0.935984
0.986457 0.935911
0.986463 0.935837
0.986469 0.935764
0.986475 0.935691
0.986481 0.935618
0.986487 0.935545
0.986493 0.935472
0.986499 0.9354
0.986505 0.935327
0.986511 0.935255
0.986516 0.935182
0.986522 0.93511
0.986527 0.935037
0.986533 0.934965
0.986538 0.934893
0.986544 0.934821
0.986549 0.934749
0.986554 0.934677
0.986559 0.934605
0.986565 0.934534
0.98657 0.934462
0.986575 0.93439
0.98658 0.934319
0.986585 0.934248
0.98659 0.934176
0.986595 0.934105
0.986599 0.934034
0.986604 0.933963
0.986609 0.933892
0.986614 0.933821
0.986618 0.93375
0.986623 0.933679
0.986627 0.933609
0.986632 0.933538
0.986636 0.933468
0.986641 0.933397
0.986645 0.933327
0.986649 0.933257
0.986654 0.933186
0.986658 0.933116
0.986662 0.933046
0.986666 0.932976
0.98667 0.932907
0.986674 0.932837
0.986678 0.932767
0.986682 0.932697
0.986686 0.932628
0.98669 0.932558
0.986694 0.932489
0.986698 0.93242
0.986702 0.932351
0.986705 0.932281
0.986709 0.932212
0.986713 0.932143
0.986716 0.932074
0.98672 0.932006
0.986723 0.931937
0.986727 0.931868
0.98673 0.9318
0.986734 0.931731
0.986737 0.931663
0.98674 0.931594
0.986744 0.931526
0.986747 0.931458
0.98675 0.93139
0.986753 0.931322
0.986757 0.931254
0.98676 0.931186
0.986763 0.931118
0.986766 0.93105
0.986769 0.930982
0.986772 0.930915
0.986775 0.930847
0.986778 0.93078
0.98678 0.930712
0.986783 0.930645
0.986786 0.930578
0.986789 0.930511
0.986792 0.930444
0.986794 0.930377
0.986797 0.93031
0.986799 0.930243
0.986802 0.930176
0.986805 0.930109
0.986807 0.930043
0.98681 0.929976
0.986812 0.92991
0.986815 0.929843
0.986817 0.929777
0.986819 0.929711
0.986822 0.929645
0.986824 0.929578
0.986826 0.929512
0.986829 0.929446
0.986831 0.929381
0.986833 0.929315
0.986835 0.929249
0.986837 0.929183
0.986839 0.929118
0.986841 0.929052
0.986843 0.928987
0.986846 0.928921
0.986848 0.928856
0.986849 0.928791
0.986851 0.928726
0.986853 0.928661
0.986855 0.928595
0.986857 0.928531
0.986859 0.928466
0.986861 0.928401
0.986862 0.928336
0.986864 0.928271
0.986866 0.928207
0.986868 0.928142
0.986869 0.928078
0.986871 0.928013
0.986872 0.927949
0.986874 0.927885
0.986876 0.927821
0.986877 0.927757
0.986879 0.927693
0.98688 0.927629
0.986882 0.927565
0.986883 0.927501
0.986884 0.927437
0.986886 0.927373
0.986887 0.92731
0.986889 0.927246
0.98689 0.927183
0.986891 0.927119
0.986892 0.927056
0.986894 0.926993
0.986895 0.926929
0.986896 0.926866
0.986897 0.926803
0.986898 0.92674
0.9869 0.926677
0.986901 0.926614
0.986902 0.926552
0.986903 0.926489
0.986904 0.926426
0.986905 0.926364
0.986906 0.926301
0.986907 0.926239
0.986908 0.926176
0.986909 0.926114
0.98691 0.926051
0.986911 0.925989
0.986912 0.925927
0.986912 0.925865
0.986913 0.925803
0.986914 0.925741
0.986915 0.925679
0.986916 0.925617
0.986916 0.925556
0.986917 0.925494
0.986918 0.925432
0.986919 0.925371
0.986919 0.925309
0.98692 0.925248
0.98692 0.925186
0.986921 0.925125
0.986922 0.925064
0.986922 0.925003
0.986923 0.924942
0.986923 0.924881
0.986924 0.92482
0.986924 0.924759
0.986925 0.924698
0.986925 0.924637
0.986926 0.924576
0.986926 0.924516
0.986927 0.924455
0.986927 0.924395
0.986928 0.924334
0.986928 0.924274
0.986928 0.924213
0.986929 0.924153
0.986929 0.924093
0.986929 0.924033
0.98693 0.923972
0.98693 0.923912
0.98693 0.923852
0.98693 0.923793
0.98693 0.923733
0.986931 0.923673
0.986931 0.923613
0.986931 0.923553
0.986931 0.923494
0.986931 0.923434
0.986931 0.923375
0.986932 0.923315
0.986932 0.923256
0.986932 0.923197
0.986932 0.923137
0.986932 0.923078
0.986932 0.923019
0.986932 0.92296
0.986932 0.922901
0.986932 0.922842
0.986932 0.922783
0.986932 0.922724
0.986932 0.922666
0.986932 0.922607
0.986932 0.922548
0.986932 0.92249
0.986932 0.922431
0.986931 0.922372
0.986931 0.922314
0.986931 0.922256
0.986931 0.922197
0.986931 0.922139
0.986931 0.922081
0.98693 0.922023
0.98693 0.921965
0.98693 0.921907
0.98693 0.921849
0.98693 0.921791
0.986929 0.921733
0.986929 0.921675
0.986929 0.921617
0.986928 0.92156
0.986928 0.921502
0.986928 0.921445
0.986927 0.921387
0.986927 0.92133
0.986927 0.921272
0.986926 0.921215
0.986926 0.921158
0.986926 0.9211
0.986925 0.921043
0.986925 0.920986
0.986924 0.920929
0.986924 0.920872
0.986923 0.920815
0.986923 0.920758
0.986922 0.920701
0.986922 0.920644
0.986921 0.920588
0.986921 0.920531
0.98692 0.920474
0.98692 0.920418
0.986919 0.920361
0.986919 0.920305
0.986918 0.920248
0.986918 0.920192
0.986917 0.920136
0.986916 0.920079
0.986916 0.920023
0.986915 0.919967
0.986915 0.919911
0.986914 0.919855
0.986913 0.919799
0.986913 0.919743
0.986912 0.919687
0.986911 0.919631
0.986911 0.919576
0.98691 0.91952
0.986909 0.919464
0.986909 0.919408
0.986908 0.919353
0.986907 0.919297
0.986906 0.919242
0.986906 0.919187
0.986905 0.919131
0.986904 0.919076
0.986903 0.919021
0.986903 0.918965
0.986902 0.91891
0.986901 0.918855
0.9869 0.9188
0.986899 0.918745
0.986898 0.91869
0.986898 0.918635
0.986897 0.91858
0.986896 0.918525
0.986895 0.918471
0.986894 0.918416
0.986893 0.918361
0.986892 0.918307
0.986892 0.918252
0.986891 0.918198
0.98689 0.918143
0.986889 0.918089
0.986888 0.918034
0.986887 0.91798
0.986886 0.917926
0.986885 0.917872
0.986884 0.917817
0.986883 0.917763
0.986882 0.917709
0.986881 0.917655
0.98688 0.917601
0.986879 0.917547
0.986878 0.917493
0.986877 0.91744
0.986876 0.917386
0.986875 0.917332
0.986874 0.917278
0.986873 0.917225
0.986872 0.917171
0.986871 0.917118
0.98687 0.917064
0.986869 0.917011
0.986868 0.916957
0.986867 0.916904
0.986866 0.916851
0.986864 0.916797
0.986863 0.916744
0.986862 0.916691
0.986861 0.916638
0.98686 0.916585
0.986859 0.916532
0.986858 0.916479
0.986857 0.916426
0.986855 0.916373
0.986854 0.91632
0.986853 0.916267
0.986852 0.916214
0.986851 0.916162
0.98685 0.916109
0.986848 0.916056
0.986847 0.916004
0.986846 0.915951
0.986845 0.915899
0.986844 0.915846
0.986842 0.915794
0.986841 0.915742
0.98684 0.915689
0.986839 0.915637
0.986837 0.915585
0.986836 0.915533
0.986835 0.91548
0.986834 0.915428
0.986832 0.915376
0.986831 0.915324
0.98683 0.915272
0.986829 0.91522
0.986827 0.915168
0.986826 0.915117
0.986825 0.915065
0.986824 0.915013
0.986822 0.914961
0.986821 0.91491
0.98682 0.914858
0.986818 0.914806
0.986817 0.914755
0.986816 0.914703
0.986814 0.914652
0.986813 0.914601
0.986812 0.914549
0.98681 0.914498
0.986809 0.914447
0.986808 0.914395
0.986806 0.914344
0.986805 0.914293
0.986803 0.914242
0.986802 0.914191
0.986801 0.91414
0.986799 0.914089
0.986798 0.914038
0.986797 0.913987
0.986795 0.913936
0.986794 0.913885
0.986792 0.913834
0.986791 0.913783
0.986789 0.913733
0.986788 0.913682
0.986787 0.913631
0.986785 0.913581
0.986784 0.91353
0.986782 0.91348
0.986781 0.913429
0.986779 0.913379
0.986778 0.913328
0.986777 0.913278
0.986775 0.913228
0.986774 0.913177
0.986772 0.913127
0.986771 0.913077
0.986769 0.913027
0.986768 0.912977
0.986766 0.912927
0.986765 0.912876
0.986763 0.912826
0.986762 0.912776
0.98676 0.912727
0.986759 0.912677
0.986757 0.912627
0.986756 0.912577
0.986754 0.912527
0.986753 0.912477
0.986751 0.912428
0.98675 0.912378
0.986748 0.912328
0.986747 0.912279
0.986745 0.912229
0.986744 0.91218
0.986742 0.91213
0.986741 0.912081
0.986739 0.912031
0.986737 0.911982
0.986736 0.911933
0.986734 0.911883
0.986733 0.911834
0.986731 0.911785
0.98673 0.911735
0.986728 0.911686
0.986727 0.911637
0.986725 0.911588
0.986723 0.911539
0.986722 0.91149
0.98672 0.911441
0.986719 0.911392
0.986717 0.911343
0.986715 0.911294
0.986714 0.911245
0.986712 0.911197
0.986711 0.911148
0.986709 0.911099
0.986707 0.91105
0.986706 0.911002
0.986704 0.910953
0.986703 0.910904
0.986701 0.910856
0.986699 0.910807
0.986698 0.910759
0.986696 0.91071
0.986695 0.910662
0.986693 0.910613
0.986691 0.910565
0.98669 0.910517
0.986688 0.910468
0.986686 0.91042
0.986685 0.910372
0.986683 0.910324
0.986681 0.910276
0.98668 0.910227
0.986678 0.910179
0.986676 0.910131
0.986675 0.910083
0.986673 0.910035
0.986672 0.909987
0.98667 0.909939
0.986668 0.909891
0.986667 0.909844
0.986665 0.909796
0.986663 0.909748
0.986661 0.9097
0.98666 0.909652
0.986658 0.909605
0.986656 0.909557
0.986655 0.909509
0.986653 0.909462
0.986651 0.909414
0.98665 0.909366
0.986648 0.909319
0.986646 0.909271
0.986645 0.909224
0.986643 0.909177
0.986641 0.909129
0.98664 0.909082
0.986638 0.909034
0.986636 0.908987
0.986634 0.90894
0.986633 0.908893
0.986631 0.908845
0.986629 0.908798
0.986628 0.908751
0.986626 0.908704
0.986624 0.908657
0.986622 0.90861
0.986621 0.908563
0.986619 0.908516
0.986617 0.908469
0.986616 0.908422
0.986614 0.908375
0.986612 0.908328
0.98661 0.908281
0.986609 0.908234
0.986607 0.908187
0.986605 0.908141
0.986603 0.908094
0.986602 0.908047
0.9866 0.908
0.986598 0.907954
0.986596 0.907907
0.986595 0.907861
0.986593 0.907814
0.986591 0.907767
0.986589 0.907721
0.986588 0.907674
0.986586 0.907628
0.986584 0.907581
0.986582 0.907535
0.986581 0.907489
0.986579 0.907442
0.986577 0.907396
0.986575 0.90735
0.986574 0.907303
0.986572 0.907257
0.98657 0.907211
0.986568 0.907165
0.986567 0.907119
0.986565 0.907073
0.986563 0.907026
0.986561 0.90698
0.986559 0.906934
0.986558 0.906888
0.986556 0.906842
0.986554 0.906796
0.986552 0.90675
0.986551 0.906704
0.986549 0.906658
0.986547 0.906613
0.986545 0.906567
0.986543 0.906521
0.986542 0.906475
0.98654 0.906429
0.986538 0.906384
0.986536 0.906338
0.986534 0.906292
0.986533 0.906247
0.986531 0.906201
0.986529 0.906155
0.986527 0.90611
0.986525 0.906064
0.986524 0.906019
0.986522 0.905973
0.98652 0.905928
0.986518 0.905882
0.986516 0.905837
0.986515 0.905791
0.986513 0.905746
0.986511 0.905701
0.986509 0.905655
0.986507 0.90561
0.986506 0.905565
0.986504 0.905519
0.986502 0.905474
0.9865 0.905429
0.986498 0.905384
0.986497 0.905338
0.986495 0.905293
0.986493 0.905248
0.986491 0.905203
0.986489 0.905158
0.986487 0.905113
0.986486 0.905068
0.986484 0.905023
0.986482 0.904978
0.98648 0.904933
0.986478 0.904888
0.986477 0.904843
0.986475 0.904798
0.986473 0.904753
0.986471 0.904708
0.986469 0.904664
0.986467 0.904619
0.986466 0.904574
0.986464 0.904529
0.986462 0.904485
0.98646 0.90444
0.986458 0.904395
0.986456 0.90435
0.986455 0.904306
0.986453 0.904261
0.986451 0.904217
0.986449 0.904172
0.986447 0.904127
0.986445 0.904083
0.986444 0.904038
0.986442 0.903994
0.98644 0.903949
0.986438 0.903905
0.986436 0.90386
0.986434 0.903816
0.986433 0.903772
0.986431 0.903727
0.986429 0.903683
0.986427 0.903639
0.986425 0.903594
0.986423 0.90355
0.986422 0.903506
0.98642 0.903461
0.986418 0.903417
0.986416 0.903373
0.986414 0.903329
0.986412 0.903285
0.98641 0.90324
0.986409 0.903196
0.986407 0.903152
0.986405 0.903108
0.986403 0.903064
0.986401 0.90302
0.986399 0.902976
0.986398 0.902932
0.986396 0.902888
0.986394 0.902844
0.986392 0.9028
0.98639 0.902756
0.986388 0.902712
0.986386 0.902668
0.986385 0.902624
0.986383 0.90258
0.986381 0.902537
0.986379 0.902493
0.986377 0.902449
0.986375 0.902405
0.986373 0.902361
0.986372 0.902318
0.98637 0.902274
0.986368 0.90223
0.986366 0.902187
0.986364 0.902143
0.986362 0.902099
0.98636 0.902056
0.986359 0.902012
0.986357 0.901968
0.986355 0.901925
0.986353 0.901881
0.986351 0.901838
0.986349 0.901794
0.986347 0.901751
0.986346 0.901707
0.986344 0.901664
0.986342 0.90162
0.98634 0.901577
0.986338 0.901533
0.986336 0.90149
0.986334 0.901446
0.986333 0.901403
0.986331 0.90136
0.986329 0.901316
0.986327 0.901273
0.986325 0.90123
0.986323 0.901186
0.986321 0.901143
0.986319 0.9011
0.986318 0.901056
0.986316 0.901013
0.986314 0.90097
0.986312 0.900927
0.98631 0.900884
0.986308 0.90084
0.986306 0.900797
0.986305 0.900754
0.986303 0.900711
0.986301 0.900668
0.986299 0.900625
0.986297 0.900582
0.986295 0.900539
0.986293 0.900496
0.986291 0.900453
0.98629 0.90041
0.986288 0.900367
0.986286 0.900324
0.986284 0.900281
0.986282 0.900238
0.98628 0.900195
0.986278 0.900152
0.986276 0.900109
0.986275 0.900066
0.986273 0.900023
0.986271 0.89998
0.986269 0.899937
0.986267 0.899894
0.986265 0.899852
0.986263 0.899809
0.986262 0.899766
0.98626 0.899723
0.986258 0.89968
0.986256 0.899638
0.986254 0.899595
0.986252 0.899552
0.98625 0.899509
0.986248 0.899467
0.986247 0.899424
0.986245 0.899381
0.986243 0.899339
0.986241 0.899296
0.986239 0.899253
0.986237 0.899211
0.986235 0.899168
0.986233 0.899125
0.986232 0.899083
0.98623 0.89904
0.986228 0.898998
0.986226 0.898955
0.986224 0.898913
0.986222 0.89887
0.98622 0.898827
0.986218 0.898785
0.986217 0.898742
0.986215 0.8987
0.986213 0.898658
0.986211 0.898615
0.986209 0.898573
0.986207 0.89853
0.986205 0.898488
0.986203 0.898445
0.986202 0.898403
0.9862 0.898361
0.986198 0.898318
0.986196 0.898276
0.986194 0.898233
0.986192 0.898191
0.98619 0.898149
0.986188 0.898106
0.986187 0.898064
0.986185 0.898022
0.986183 0.897979
0.986181 0.897937
0.986179 0.897895
0.986177 0.897853
0.986175 0.89781
0.986173 0.897768
0.986172 0.897726
0.98617 0.897684
0.986168 0.897642
0.986166 0.897599
0.986164 0.897557
0.986162 0.897515
0.98616 0.897473
0.986158 0.897431
0.986156 0.897388
0.986155 0.897346
0.986153 0.897304
0.986151 0.897262
0.986149 0.89722
0.986147 0.897178
0.986145 0.897136
0.986143 0.897094
0.986141 0.897052
0.98614 0.89701
0.986138 0.896967
0.986136 0.896925
0.986134 0.896883
0.986132 0.896841
0.98613 0.896799
0.986128 0.896757
0.986126 0.896715
0.986125 0.896673
0.986123 0.896631
0.986121 0.896589
0.986119 0.896547
0.986117 0.896505
0.986115 0.896463
0.986113 0.896422
0.986111 0.89638
0.98611 0.896338
0.986108 0.896296
0.986106 0.896254
0.986104 0.896212
0.986102 0.89617
0.9861 0.896128
0.986098 0.896086
0.986096 0.896044
0.986095 0.896003
0.986093 0.895961
0.986091 0.895919
0.986089 0.895877
0.986087 0.895835
0.986085 0.895793
0.986083 0.895751
0.986081 0.89571
0.986079 0.895668
0.986078 0.895626
0.986076 0.895584
0.986074 0.895542
0.986072 0.895501
0.98607 0.895459
0.986068 0.895417
0.986066 0.895375
0.986064 0.895334
0.986063 0.895292
0.986061 0.89525
0.986059 0.895208
0.986057 0.895167
0.986055 0.895125
0.986053 0.895083
0.986051 0.895041
0.986049 0.895
0.986048 0.894958
0.986046 0.894916
0.986044 0.894875
0.986042 0.894833
0.98604 0.894791
0.986038 0.89475
0.986036 0.894708
0.986034 0.894666
0.986032 0.894625
0.986031 0.894583
0.986029 0.894541
0.986027 0.8945
0.986025 0.894458
0.986023 0.894416
0.986021 0.894375
0.986019 0.894333
0.986017 0.894291
0.986016 0.89425
0.986014 0.894208
0.986012 0.894167
0.98601 0.894125
0.986008 0.894083
0.986006 0.894042
0.986004 0.894
0.986002 0.893959
0.986001 0.893917
0.985999 0.893875
0.985997 0.893834
0.985995 0.893792
0.985993 0.893751
0.985991 0.893709
0.985989 0.893668
0.985987 0.893626
0.985986 0.893584
0.985984 0.893543
0.985982 0.893501
0.98598 0.89346
0.985978 0.893418
0.985976 0.893377
0.985974 0.893335
0.985972 0.893294
0.98597 0.893252
0.985969 0.893211
0.985967 0.893169
0.985965 0.893127
0.985963 0.893086
0.985961 0.893044
0.985959 0.893003
0.985957 0.892961
0.985955 0.89292
0.985954 0.892878
0.985952 0.892837
0.98595 0.892795
0.985948 0.892754
0.985946 0.892712
0.985944 0.892671
0.985942 0.892629
0.98594 0.892588
0.985939 0.892546
0.985937 0.892505
0.985935 0.892463
0.985933 0.892422
0.985931 0.89238
0.985929 0.892339
0.985927 0.892297
0.985925 0.892256
0.985923 0.892214
0.985922 0.892173
0.98592 0.892131
0.985918 0.89209
0.985916 0.892048
0.985914 0.892007
0.985912 0.891965
0.98591 0.891924
0.985908 0.891882
0.985907 0.891841
0.985905 0.8918
0.985903 0.891758
0.985901 0.891717
0.985899 0.891675
0.985897 0.891634
0.985895 0.891592
0.985893 0.891551
0.985891 0.891509
0.98589 0.891468
0.985888 0.891426
0.985886 0.891385
0.985884 0.891343
0.985882 0.891302
0.98588 0.89126
0.985878 0.891219
0.985876 0.891177
0.985875 0.891136
0.985873 0.891094
0.985871 0.891053
0.985869 0.891011
0.985867 0.89097
0.985865 0.890928
0.985863 0.890887
0.985861 0.890845
0.985859 0.890804
0.985858 0.890762
0.985856 0.890721
0.985854 0.890679
0.985852 0.890638
0.98585 0.890596
0.985848 0.890555
0.985846 0.890513
0.985844 0.890472
0.985843 0.89043
0.985841 0.890389
0.985839 0.890347
0.985837 0.890306
0.985835 0.890264
0.985833 0.890223
0.985831 0.890181
0.985829 0.89014
0.985827 0.890098
0.985826 0.890056
0.985824 0.890015
0.985822 0.889973
0.98582 0.889932
0.985818 0.88989
0.985816 0.889849
0.985814 0.889807
0.985812 0.889766
0.985811 0.889724
0.985809 0.889683
0.985807 0.889641
0.985805 0.889599
0.985803 0.889558
0.985801 0.889516
0.985799 0.889475
0.985797 0.889433
0.985795 0.889391
0.985794 0.88935
0.985792 0.889308
0.98579 0.889267
0.985788 0.889225
0.985786 0.889183
0.985784 0.889142
0.985782 0.8891
0.98578 0.889059
0.985778 0.889017
0.985777 0.888975
0.985775 0.888934
0.985773 0.888892
0.985771 0.88885
0.985769 0.888809
0.985767 0.888767
0.985765 0.888725
0.985763 0.888684
0.985761 0.888642
0.98576 0.8886
0.985758 0.888559
0.985756 0.888517
0.985754 0.888475
0.985752 0.888434
0.98575 0.888392
0.985748 0.88835
0.985746 0.888309
0.985744 0.888267
0.985743 0.888225
0.985741 0.888183
0.985739 0.888142
0.985737 0.8881
0.985735 0.888058
0.985733 0.888016
0.985731 0.887975
0.985729 0.887933
0.985727 0.887891
0.985725 0.887849
0.985724 0.887807
0.985722 0.887766
0.98572 0.887724
0.985718 0.887682
0.985716 0.88764
0.985714 0.887598
0.985712 0.887556
0.98571 0.887515
0.985708 0.887473
0.985707 0.887431
0.985705 0.887389
0.985703 0.887347
0.985701 0.887305
0.985699 0.887263
0.985697 0.887222
0.985695 0.88718
0.985693 0.887138
0.985691 0.887096
0.985689 0.887054
0.985688 0.887012
0.985686 0.88697
0.985684 0.886928
0.985682 0.886886
0.98568 0.886844
0.985678 0.886802
0.985676 0.88676
0.985674 0.886718
0.985672 0.886676
0.98567 0.886634
0.985669 0.886592
0.985667 0.88655
0.985665 0.886508
0.985663 0.886466
0.985661 0.886424
0.985659 0.886382
0.985657 0.88634
0.985655 0.886298
0.985653 0.886256
0.985651 0.886213
0.98565 0.886171
0.985648 0.886129
0.985646 0.886087
0.985644 0.886045
0.985642 0.886003
0.98564 0.885961
0.985638 0.885918
0.985636 0.885876
0.985634 0.885834
0.985632 0.885792
0.985631 0.88575
0.985629 0.885707
0.985627 0.885665
0.985625 0.885623
0.985623 0.885581
0.985621 0.885538
0.985619 0.885496
0.985617 0.885454
0.985615 0.885411
0.985613 0.885369
0.985611 0.885327
0.98561 0.885284
0.985608 0.885242
0.985606 0.8852
0.985604 0.885157
0.985602 0.885115
0.9856 0.885073
0.985598 0.88503
0.985596 0.884988
0.985594 0.884945
0.985592 0.884903
0.98559 0.88486
0.985588 0.884818
0.985587 0.884775
0.985585 0.884733
0.985583 0.88469
0.985581 0.884648
0.985579 0.884605
0.985577 0.884563
0.985575 0.88452
0.985573 0.884478
0.985571 0.884435
0.985569 0.884393
0.985567 0.88435
0.985565 0.884307
0.985564 0.884265
0.985562 0.884222
0.98556 0.884179
0.985558 0.884137
0.985556 0.884094
0.985554 0.884051
0.985552 0.884009
0.98555 0.883966
0.985548 0.883923
0.985546 0.88388
0.985544 0.883838
0.985542 0.883795
0.98554 0.883752
0.985539 0.883709
0.985537 0.883666
0.985535 0.883623
0.985533 0.883581
0.985531 0.883538
0.985529 0.883495
0.985527 0.883452
0.985525 0.883409
0.985523 0.883366
0.985521 0.883323
0.985519 0.88328
0.985517 0.883237
0.985515 0.883194
0.985513 0.883151
0.985512 0.883108
0.98551 0.883065
0.985508 0.883022
0.985506 0.882979
0.985504 0.882936
0.985502 0.882893
0.9855 0.882849
0.985498 0.882806
0.985496 0.882763
0.985494 0.88272
0.985492 0.882677
0.98549 0.882634
0.985488 0.88259
0.985486 0.882547
0.985484 0.882504
0.985482 0.882461
0.985481 0.882417
0.985479 0.882374
0.985477 0.882331
0.985475 0.882287
0.985473 0.882244
0.985471 0.882201
0.985469 0.882157
0.985467 0.882114
0.985465 0.88207
0.985463 0.882027
0.985461 0.881983
0.985459 0.88194
0.985457 0.881896
0.985455 0.881853
0.985453 0.881809
0.985451 0.881766
0.985449 0.881722
0.985447 0.881679
0.985446 0.881635
0.985444 0.881591
0.985442 0.881548
0.98544 0.881504
0.985438 0.88146
0.985436 0.881417
0.985434 0.881373
0.985432 0.881329
0.98543 0.881285
0.985428 0.881241
0.985426 0.881198
0.985424 0.881154
0.985422 0.88111
0.98542 0.881066
0.985418 0.881022
0.985416 0.880978
0.985414 0.880934
0.985412 0.88089
0.98541 0.880846
0.985408 0.880802
0.985406 0.880758
0.985404 0.880714
0.985402 0.88067
0.9854 0.880626
0.985398 0.880582
0.985397 0.880538
0.985395 0.880494
0.985393 0.88045
0.985391 0.880406
0.985389 0.880361
0.985387 0.880317
0.985385 0.880273
0.985383 0.880229
0.985381 0.880184
0.985379 0.88014
0.985377 0.880096
0.985375 0.880051
0.985373 0.880007
0.985371 0.879962
0.985369 0.879918
0.985367 0.879874
0.985365 0.879829
0.985363 0.879785
0.985361 0.87974
0.985359 0.879696
0.985357 0.879651
0.985355 0.879606
0.985353 0.879562
0.985351 0.879517
0.985349 0.879473
0.985347 0.879428
0.985345 0.879383
0.985343 0.879338
0.985341 0.879294
0.985339 0.879249
0.985337 0.879204
0.985335 0.879159
0.985333 0.879114
0.985331 0.87907
0.985329 0.879025
0.985327 0.87898
0.985325 0.878935
0.985323 0.87889
0.985321 0.878845
0.985319 0.8788
0.985317 0.878755
0.985315 0.87871
0.985313 0.878665
0.985311 0.878619
0.985309 0.878574
0.985307 0.878529
0.985305 0.878484
0.985303 0.878439
0.985301 0.878393
0.985299 0.878348
0.985297 0.878303
0.985295 0.878258
0.985293 0.878212
0.985291 0.878167
0.985289 0.878121
0.985287 0.878076
0.985285 0.87803
0.985283 0.877985
0.985281 0.877939
0.985279 0.877894
0.985277 0.877848
0.985275 0.877803
0.985273 0.877757
0.985271 0.877711
0.985269 0.877666
0.985267 0.87762
0.985265 0.877574
0.985263 0.877529
0.985261 0.877483
0.985259 0.877437
0.985257 0.877391
0.985255 0.877345
0.985253 0.877299
0.985251 0.877253
0.985249 0.877207
0.985247 0.877161
0.985245 0.877115
0.985243 0.877069
0.985241 0.877023
0.985239 0.876977
0.985237 0.876931
0.985235 0.876885
0.985232 0.876839
0.98523 0.876792
0.985228 0.876746
0.985226 0.8767
0.985224 0.876653
0.985222 0.876607
0.98522 0.876561
0.985218 0.876514
0.985216 0.876468
0.985214 0.876421
0.985212 0.876375
0.98521 0.876328
0.985208 0.876282
0.985206 0.876235
0.985204 0.876189
0.985202 0.876142
0.9852 0.876095
0.985198 0.876048
0.985196 0.876002
0.985194 0.875955
0.985191 0.875908
0.985189 0.875861
0.985187 0.875814
0.985185 0.875767
0.985183 0.875721
0.985181 0.875674
0.985179 0.875627
0.985177 0.875579
0.985175 0.875532
0.985173 0.875485
0.985171 0.875438
0.985169 0.875391
0.985167 0.875344
0.985165 0.875296
0.985163 0.875249
0.98516 0.875202
0.985158 0.875154
0.985156 0.875107
0.985154 0.87506
0.985152 0.875012
0.98515 0.874965
0.985148 0.874917
0.985146 0.87487
0.985144 0.874822
0.985142 0.874774
0.98514 0.874727
0.985138 0.874679
0.985135 0.874631
0.985133 0.874584
0.985131 0.874536
0.985129 0.874488
0.985127 0.87444
0.985125 0.874392
0.985123 0.874344
0.985121 0.874296
0.985119 0.874248
0.985117 0.8742
0.985115 0.874152
0.985112 0.874104
0.98511 0.874056
0.985108 0.874007
0.985106 0.873959
0.985104 0.873911
0.985102 0.873863
0.9851 0.873814
0.985098 0.873766
0.985096 0.873717
0.985093 0.873669
0.985091 0.87362
0.985089 0.873572
0.985087 0.873523
0.985085 0.873475
0.985083 0.873426
0.985081 0.873377
0.985079 0.873328
0.985076 0.87328
0.985074 0.873231
0.985072 0.873182
0.98507 0.873133
0.985068 0.873084
0.985066 0.873035
0.985064 0.872986
0.985062 0.872937
0.985059 0.872888
0.985057 0.872839
0.985055 0.87279
0.985053 0.87274
0.985051 0.872691
0.985049 0.872642
0.985047 0.872592
0.985044 0.872543
0.985042 0.872494
0.98504 0.872444
0.985038 0.872395
0.985036 0.872345
0.985034 0.872295
0.985031 0.872246
0.985029 0.872196
0.985027 0.872146
0.985025 0.872097
0.985023 0.872047
0.985021 0.871997
0.985018 0.871947
0.985016 0.871897
0.985014 0.871847
0.985012 0.871797
0.98501 0.871747
0.985008 0.871697
0.985005 0.871647
0.985003 0.871596
0.985001 0.871546
0.984999 0.871496
0.984997 0.871446
0.984995 0.871395
0.984992 0.871345
0.98499 0.871294
0.984988 0.871244
0.984986 0.871193
0.984984 0.871142
0.984981 0.871092
0.984979 0.871041
0.984977 0.87099
0.984975 0.87094
0.984973 0.870889
0.98497 0.870838
0.984968 0.870787
0.984966 0.870736
0.984964 0.870685
0.984962 0.870634
0.984959 0.870583
0.984957 0.870531
0.984955 0.87048
0.984953 0.870429
0.984951 0.870378
0.984948 0.870326
0.984946 0.870275
0.984944 0.870223
0.984942 0.870172
0.984939 0.87012
0.984937 0.870069
0.984935 0.870017
0.984933 0.869965
0.984931 0.869913
0.984928 0.869862
0.984926 0.86981
0.984924 0.869758
0.984922 0.869706
0.984919 0.869654
0.984917 0.869602
0.984915 0.86955
0.984913 0.869497
0.98491 0.869445
0.984908 0.869393
0.984906 0.869341
0.984904 0.869288
0.984901 0.869236
0.984899 0.869183
0.984897 0.869131
0.984895 0.869078
0.984892 0.869026
0.98489 0.868973
0.984888 0.86892
0.984886 0.868867
0.984883 0.868814
0.984881 0.868762
0.984879 0.868709
0.984876 0.868656
0.984874 0.868603
0.984872 0.868549
0.98487 0.868496
0.984867 0.868443
0.984865 0.86839
0.984863 0.868336
0.98486 0.868283
0.984858 0.86823
0.984856 0.868176
0.984854 0.868122
0.984851 0.868069
0.984849 0.868015
0.984847 0.867961
0.984844 0.867908
0.984842 0.867854
0.98484 0.8678
0.984837 0.867746
0.984835 0.867692
0.984833 0.867638
0.984831 0.867584
0.984828 0.867529
0.984826 0.867475
0.984824 0.867421
0.984821 0.867367
0.984819 0.867312
0.984817 0.867258
0.984814 0.867203
0.984812 0.867148
0.98481 0.867094
0.984807 0.867039
0.984805 0.866984
0.984803 0.866929
0.9848 0.866875
0.984798 0.86682
0.984796 0.866765
0.984793 0.866709
0.984791 0.866654
0.984788 0.866599
0.984786 0.866544
0.984784 0.866488
0.984781 0.866433
0.984779 0.866378
0.984777 0.866322
0.984774 0.866266
0.984772 0.866211
0.98477 0.866155
0.984767 0.866099
0.984765 0.866044
0.984762 0.865988
0.98476 0.865932
0.984758 0.865876
0.984755 0.86582
0.984753 0.865763
0.98475 0.865707
0.984748 0.865651
0.984746 0.865594
0.984743 0.865538
0.984741 0.865482
0.984739 0.865425
0.984736 0.865368
0.984734 0.865312
0.984731 0.865255
0.984729 0.865198
0.984726 0.865141
0.984724 0.865084
0.984722 0.865027
0.984719 0.86497
0.984717 0.864913
0.984714 0.864856
0.984712 0.864798
0.984709 0.864741
0.984707 0.864684
0.984705 0.864626
0.984702 0.864569
0.9847 0.864511
0.984697 0.864453
0.984695 0.864395
0.984692 0.864338
0.98469 0.86428
0.984688 0.864222
0.984685 0.864164
0.984683 0.864105
0.98468 0.864047
0.984678 0.863989
0.984675 0.863931
0.984673 0.863872
0.98467 0.863814
0.984668 0.863755
0.984665 0.863696
0.984663 0.863638
0.98466 0.863579
0.984658 0.86352
0.984655 0.863461
0.984653 0.863402
0.98465 0.863343
0.984648 0.863284
0.984645 0.863225
0.984643 0.863165
0.98464 0.863106
0.984638 0.863046
0.984635 0.862987
0.984633 0.862927
0.98463 0.862867
0.984628 0.862808
0.984625 0.862748
0.984623 0.862688
0.98462 0.862628
0.984618 0.862568
0.984615 0.862508
0.984613 0.862447
0.98461 0.862387
0.984608 0.862327
0.984605 0.862266
0.984603 0.862206
0.9846 0.862145
0.984597 0.862084
0.984595 0.862023
0.984592 0.861962
0.98459 0.861901
0.984587 0.86184
0.984585 0.861779
0.984582 0.861718
0.984579 0.861657
0.984577 0.861595
0.984574 0.861534
0.984572 0.861472
0.984569 0.861411
0.984567 0.861349
0.984564 0.861287
0.984561 0.861225
0.984559 0.861163
0.984556 0.861101
0.984554 0.861039
0.984551 0.860977
0.984548 0.860915
0.984546 0.860852
0.984543 0.86079
0.984541 0.860727
0.984538 0.860664
0.984535 0.860602
0.984533 0.860539
0.98453 0.860476
0.984527 0.860413
0.984525 0.86035
0.984522 0.860287
0.984519 0.860223
0.984517 0.86016
0.984514 0.860097
0.984512 0.860033
0.984509 0.859969
0.984506 0.859906
0.984504 0.859842
0.984501 0.859778
0.984498 0.859714
0.984496 0.85965
0.984493 0.859586
0.98449 0.859521
0.984488 0.859457
0.984485 0.859392
0.984482 0.859328
0.984479 0.859263
0.984477 0.859198
0.984474 0.859134
0.984471 0.859069
0.984469 0.859004
0.984466 0.858939
0.984463 0.858873
0.98446 0.858808
0.984458 0.858743
0.984455 0.858677
0.984452 0.858611
0.98445 0.858546
0.984447 0.85848
0.984444 0.858414
0.984441 0.858348
0.984439 0.858282
0.984436 0.858216
0.984433 0.858149
0.98443 0.858083
0.984428 0.858016
0.984425 0.85795
0.984422 0.857883
0.984419 0.857816
0.984417 0.857749
0.984414 0.857682
0.984411 0.857615
0.984408 0.857548
0.984405 0.85748
0.984403 0.857413
0.9844 0.857345
0.984397 0.857278
0.984394 0.85721
0.984391 0.857142
0.984389 0.857074
0.984386 0.857006
0.984383 0.856938
0.98438 0.85687
0.984377 0.856801
0.984375 0.856733
0.984372 0.856664
0.984369 0.856595
0.984366 0.856527
0.984363 0.856458
0.98436 0.856389
0.984357 0.856319
0.984355 0.85625
0.984352 0.856181
0.984349 0.856111
0.984346 0.856042
0.984343 0.855972
0.98434 0.855902
0.984337 0.855832
0.984334 0.855762
0.984332 0.855692
0.984329 0.855622
0.984326 0.855551
0.984323 0.855481
0.98432 0.85541
0.984317 0.855339
0.984314 0.855268
0.984311 0.855197
0.984308 0.855126
0.984305 0.855055
0.984302 0.854984
0.9843 0.854912
0.984297 0.854841
0.984294 0.854769
0.984291 0.854697
0.984288 0.854625
0.984285 0.854553
0.984282 0.854481
0.984279 0.854409
0.984276 0.854336
0.984273 0.854264
0.98427 0.854191
0.984267 0.854118
0.984264 0.854045
0.984261 0.853972
0.984258 0.853899
0.984255 0.853826
0.984252 0.853752
0.984249 0.853679
0.984246 0.853605
0.984243 0.853531
0.98424 0.853457
0.984237 0.853383
0.984234 0.853309
0.984231 0.853235
0.984228 0.85316
0.984225 0.853086
0.984222 0.853011
0.984219 0.852936
0.984216 0.852861
0.984212 0.852786
0.984209 0.852711
0.984206 0.852636
0.984203 0.85256
0.9842 0.852484
0.984197 0.852409
0.984194 0.852333
0.984191 0.852257
0.984188 0.852181
0.984185 0.852104
0.984182 0.852028
0.984178 0.851951
0.984175 0.851874
0.984172 0.851798
0.984169 0.85172
0.984166 0.851643
0.984163 0.851566
0.98416 0.851489
0.984156 0.851411
0.984153 0.851333
0.98415 0.851255
0.984147 0.851177
0.984144 0.851099
0.984141 0.851021
0.984137 0.850943
0.984134 0.850864
0.984131 0.850785
0.984128 0.850706
0.984125 0.850627
0.984121 0.850548
0.984118 0.850469
0.984115 0.850389
0.984112 0.85031
0.984109 0.85023
0.984105 0.85015
0.984102 0.85007
0.984099 0.84999
0.984096 0.849909
0.984092 0.849829
0.984089 0.849748
0.984086 0.849667
0.984082 0.849586
0.984079 0.849505
0.984076 0.849424
0.984073 0.849342
0.984069 0.849261
0.984066 0.849179
0.984063 0.849097
0.984059 0.849015
0.984056 0.848932
0.984053 0.84885
0.984049 0.848767
0.984046 0.848685
0.984043 0.848602
0.984039 0.848519
0.984036 0.848436
0.984033 0.848352
0.984029 0.848269
0.984026 0.848185
0.984023 0.848101
0.984019 0.848017
0.984016 0.847933
0.984012 0.847848
0.984009 0.847764
0.984006 0.847679
0.984002 0.847594
0.983999 0.847509
0.983995 0.847424
0.983992 0.847338
0.983988 0.847253
0.983985 0.847167
0.983982 0.847081
0.983978 0.846995
0.983975 0.846908
0.983971 0.846822
0.983968 0.846735
0.983964 0.846648
0.983961 0.846561
0.983957 0.846474
0.983954 0.846387
0.98395 0.846299
0.983947 0.846211
0.983943 0.846124
0.98394 0.846035
0.983936 0.845947
0.983933 0.845859
0.983929 0.84577
0.983925 0.845681
0.983922 0.845592
0.983918 0.845503
0.983915 0.845413
0.983911 0.845324
0.983908 0.845234
0.983904 0.845144
0.9839 0.845054
0.983897 0.844964
0.983893 0.844873
0.98389 0.844782
0.983886 0.844691
0.983882 0.8446
0.983879 0.844509
0.983875 0.844417
0.983871 0.844325
0.983868 0.844233
0.983864 0.844141
0.98386 0.844049
0.983857 0.843956
0.983853 0.843864
0.983849 0.843771
0.983846 0.843678
0.983842 0.843584
0.983838 0.843491
0.983834 0.843397
0.983831 0.843303
0.983827 0.843209
0.983823 0.843114
0.983819 0.84302
0.983816 0.842925
0.983812 0.84283
0.983808 0.842735
0.983804 0.842639
0.9838 0.842543
0.983797 0.842447
0.983793 0.842351
0.983789 0.842255
0.983785 0.842158
0.983781 0.842062
0.983778 0.841965
0.983774 0.841867
0.98377 0.84177
0.983766 0.841672
0.983762 0.841574
0.983758 0.841476
0.983754 0.841378
0.98375 0.841279
0.983747 0.841181
0.983743 0.841082
0.983739 0.840982
0.983735 0.840883
0.983731 0.840783
0.983727 0.840683
0.983723 0.840583
0.983719 0.840483
0.983715 0.840382
0.983711 0.840281
0.983707 0.84018
0.983703 0.840079
0.983699 0.839977
0.983695 0.839875
0.983691 0.839773
0.983687 0.839671
0.983683 0.839568
0.983679 0.839465
0.983675 0.839362
0.983671 0.839259
0.983667 0.839155
0.983663 0.839051
0.983659 0.838947
0.983654 0.838843
0.98365 0.838738
0.983646 0.838633
0.983642 0.838528
0.983638 0.838423
0.983634 0.838317
0.98363 0.838212
0.983626 0.838105
0.983621 0.837999
0.983617 0.837892
0.983613 0.837785
0.983609 0.837678
0.983605 0.837571
0.9836 0.837463
0.983596 0.837355
0.983592 0.837247
0.983588 0.837138
0.983583 0.837029
0.983579 0.83692
0.983575 0.836811
0.983571 0.836701
0.983566 0.836591
0.983562 0.836481
0.983558 0.836371
0.983553 0.83626
0.983549 0.836149
0.983545 0.836037
0.98354 0.835926
0.983536 0.835814
0.983532 0.835702
0.983527 0.835589
0.983523 0.835476
0.983518 0.835363
0.983514 0.83525
0.98351 0.835136
0.983505 0.835022
0.983501 0.834908
0.983496 0.834794
0.983492 0.834679
0.983487 0.834564
0.983483 0.834448
0.983478 0.834332
0.983474 0.834216
0.983469 0.8341
0.983465 0.833983
0.98346 0.833866
0.983456 0.833749
0.983451 0.833631
0.983447 0.833513
0.983442 0.833395
0.983437 0.833277
0.983433 0.833158
0.983428 0.833038
0.983424 0.832919
0.983419 0.832799
0.983414 0.832679
0.98341 0.832558
0.983405 0.832437
0.9834 0.832316
0.983396 0.832195
0.983391 0.832073
0.983386 0.831951
0.983381 0.831828
0.983377 0.831705
0.983372 0.831582
0.983367 0.831459
0.983362 0.831335
0.983358 0.83121
0.983353 0.831086
0.983348 0.830961
0.983343 0.830836
0.983338 0.83071
0.983334 0.830584
0.983329 0.830458
0.983324 0.830331
0.983319 0.830204
0.983314 0.830076
0.983309 0.829949
0.983304 0.829821
0.983299 0.829692
0.983294 0.829563
0.983289 0.829434
0.983284 0.829304
0.983279 0.829174
0.983274 0.829044
0.983269 0.828913
0.983264 0.828782
0.983259 0.82865
0.983254 0.828518
0.983249 0.828386
0.983244 0.828254
0.983239 0.82812
0.983234 0.827987
0.983229 0.827853
0.983224 0.827719
0.983219 0.827584
0.983213 0.827449
0.983208 0.827314
0.983203 0.827178
0.983198 0.827042
0.983193 0.826905
0.983187 0.826768
0.983182 0.82663
0.983177 0.826492
0.983172 0.826354
0.983166 0.826215
0.983161 0.826076
0.983156 0.825937
0.98315 0.825797
0.983145 0.825656
0.98314 0.825515
0.983134 0.825374
0.983129 0.825232
0.983123 0.82509
0.983118 0.824948
0.983113 0.824804
0.983107 0.824661
0.983102 0.824517
0.983096 0.824373
0.983091 0.824228
0.983085 0.824083
0.98308 0.823937
0.983074 0.823791
0.983069 0.823644
0.983063 0.823497
0.983057 0.823349
0.983052 0.823201
0.983046 0.823053
0.983041 0.822904
0.983035 0.822754
0.983029 0.822604
0.983024 0.822454
0.983018 0.822303
0.983012 0.822151
0.983006 0.822
0.983001 0.821847
0.982995 0.821694
0.982989 0.821541
0.982983 0.821387
0.982978 0.821233
0.982972 0.821078
0.982966 0.820922
0.98296 0.820767
0.982954 0.82061
0.982948 0.820453
0.982942 0.820296
0.982936 0.820138
0.98293 0.819979
0.982924 0.81982
0.982918 0.819661
0.982912 0.819501
0.982906 0.81934
0.9829 0.819179
0.982894 0.819017
0.982888 0.818855
0.982882 0.818692
0.982876 0.818529
0.98287 0.818365
0.982864 0.818201
0.982858 0.818036
0.982851 0.81787
0.982845 0.817704
0.982839 0.817537
0.982833 0.81737
0.982826 0.817202
0.98282 0.817034
0.982814 0.816865
0.982807 0.816695
0.982801 0.816525
0.982795 0.816354
0.982788 0.816183
0.982782 0.816011
0.982776 0.815838
0.982769 0.815665
0.982763 0.815491
0.982756 0.815317
0.98275 0.815142
0.982743 0.814966
0.982737 0.81479
0.98273 0.814613
0.982723 0.814435
0.982717 0.814257
0.98271 0.814078
0.982703 0.813899
0.982697 0.813719
0.98269 0.813538
0.982683 0.813357
0.982677 0.813174
0.98267 0.812992
0.982663 0.812808
0.982656 0.812624
0.982649 0.81244
0.982643 0.812254
0.982636 0.812068
0.982629 0.811881
0.982622 0.811694
0.982615 0.811506
0.982608 0.811317
0.982601 0.811127
0.982594 0.810937
0.982587 0.810746
0.98258 0.810554
0.982573 0.810362
0.982566 0.810168
0.982558 0.809974
0.982551 0.80978
0.982544 0.809584
0.982537 0.809388
0.98253 0.809191
0.982522 0.808994
0.982515 0.808795
0.982508 0.808596
0.9825 0.808396
0.982493 0.808196
0.982486 0.807994
0.982478 0.807792
0.982471 0.807589
0.982463 0.807385
0.982456 0.807181
0.982448 0.806975
0.982441 0.806769
0.982433 0.806562
0.982426 0.806354
0.982418 0.806145
0.98241 0.805936
0.982403 0.805726
0.982395 0.805515
0.982387 0.805303
0.982379 0.80509
0.982372 0.804876
0.982364 0.804661
0.982356 0.804446
0.982348 0.80423
0.98234 0.804013
0.982332 0.803794
0.982324 0.803576
0.982316 0.803356
0.982308 0.803135
0.9823 0.802913
0.982292 0.802691
0.982284 0.802467
0.982276 0.802243
0.982268 0.802018
0.982259 0.801791
0.982251 0.801564
0.982243 0.801336
0.982235 0.801107
0.982226 0.800877
0.982218 0.800646
0.98221 0.800414
0.982201 0.800181
0.982193 0.799947
0.982184 0.799712
0.982176 0.799476
0.982167 0.799239
0.982158 0.799001
0.98215 0.798762
0.982141 0.798522
0.982132 0.798281
0.982124 0.798039
0.982115 0.797796
0.982106 0.797552
0.982097 0.797307
0.982089 0.79706
0.98208 0.796813
0.982071 0.796564
0.982062 0.796315
0.982053 0.796064
0.982044 0.795812
0.982035 0.79556
0.982025 0.795306
0.982016 0.79505
0.982007 0.794794
0.981998 0.794537
0.981989 0.794278
0.981979 0.794018
0.98197 0.793758
0.981961 0.793495
0.981951 0.793232
0.981942 0.792968
0.981932 0.792702
0.981923 0.792435
0.981913 0.792167
0.981904 0.791898
0.981894 0.791627
0.981884 0.791355
0.981874 0.791082
0.981865 0.790808
0.981855 0.790532
0.981845 0.790256
0.981835 0.789977
0.981825 0.789698
0.981815 0.789417
0.981805 0.789135
0.981795 0.788852
0.981785 0.788567
0.981775 0.788281
0.981765 0.787993
0.981754 0.787704
0.981744 0.787414
0.981734 0.787122
0.981723 0.786829
0.981713 0.786535
0.981703 0.786239
0.981692 0.785942
0.981681 0.785643
0.981671 0.785343
0.98166 0.785041
0.98165 0.784738
0.981639 0.784433
0.981628 0.784127
0.981617 0.78382
0.981606 0.783511
0.981595 0.7832
0.981584 0.782888
0.981573 0.782574
0.981562 0.782258
0.981551 0.781942
0.98154 0.781623
0.981529 0.781303
0.981517 0.780981
0.981506 0.780658
0.981495 0.780333
0.981483 0.780006
0.981472 0.779678
0.98146 0.779348
0.981448 0.779016
0.981437 0.778683
0.981425 0.778347
0.981413 0.778011
0.981401 0.777672
0.981389 0.777332
0.981378 0.776989
0.981366 0.776645
0.981353 0.7763
0.981341 0.775952
0.981329 0.775603
0.981317 0.775251
0.981305 0.774898
0.981292 0.774543
0.98128 0.774186
0.981267 0.773828
0.981255 0.773467
0.981242 0.773104
0.98123 0.77274
0.981217 0.772373
0.981204 0.772004
0.981191 0.771634
0.981178 0.771261
0.981165 0.770887
0.981152 0.77051
0.981139 0.770131
0.981126 0.76975
0.981113 0.769367
0.981099 0.768982
0.981086 0.768595
0.981073 0.768206
0.981059 0.767814
0.981045 0.76742
0.981032 0.767024
0.981018 0.766626
0.981004 0.766226
0.98099 0.765823
0.980976 0.765418
0.980962 0.765011
0.980948 0.764601
0.980934 0.764189
0.98092 0.763775
0.980906 0.763358
0.980891 0.762939
0.980877 0.762517
0.980862 0.762093
0.980848 0.761666
0.980833 0.761237
0.980818 0.760806
0.980803 0.760372
0.980788 0.759935
0.980773 0.759496
0.980758 0.759054
0.980743 0.75861
0.980728 0.758163
0.980712 0.757713
0.980697 0.75726
0.980681 0.756805
0.980666 0.756347
0.98065 0.755886
0.980634 0.755423
0.980618 0.754956
0.980602 0.754487
0.980586 0.754015
0.98057 0.75354
0.980554 0.753062
0.980538 0.752581
0.980521 0.752098
0.980505 0.751611
0.980488 0.751121
0.980471 0.750628
0.980455 0.750132
0.980438 0.749633
0.980421 0.74913
0.980404 0.748625
0.980386 0.748116
0.980369 0.747604
0.980352 0.747089
0.980334 0.746571
0.980316 0.746049
0.980299 0.745524
0.980281 0.744995
0.980263 0.744463
0.980245 0.743928
0.980227 0.743389
0.980209 0.742846
0.98019 0.7423
0.980172 0.741751
0.980153 0.741197
0.980134 0.74064
