0.420972 0.933273
0.424939 0.934148
0.428921 0.935004
0.432918 0.935842
0.436929 0.936661
0.440954 0.937463
0.444993 0.938247
0.449044 0.939013
0.453107 0.939763
0.457182 0.940496
0.461268 0.941213
0.465364 0.941915
0.46947 0.9426
0.473585 0.943271
0.477709 0.943926
0.48184 0.944567
0.485979 0.945193
0.490124 0.945806
0.494275 0.946404
0.498432 0.94699
0.502593 0.947562
0.506758 0.948121
0.510927 0.948667
0.515098 0.949202
0.519271 0.949723
0.523445 0.950234
0.527619 0.950732
0.531794 0.951219
0.535968 0.951695
0.54014 0.95216
0.54431 0.952614
0.548477 0.953058
0.55264 0.953492
0.556799 0.953915
0.560953 0.954329
0.565102 0.954733
0.569243 0.955127
0.573378 0.955513
0.577505 0.955889
0.581624 0.956256
0.585733 0.956615
0.589833 0.956965
0.593922 0.957307
0.598 0.957641
0.602066 0.957967
0.606119 0.958285
0.610159 0.958595
0.614186 0.958898
0.618198 0.959193
0.622195 0.959482
0.626176 0.959763
0.630141 0.960037
0.634089 0.960305
0.63802 0.960566
0.641932 0.96082
0.645826 0.961068
0.649701 0.96131
0.653555 0.961546
0.65739 0.961775
0.661203 0.961999
0.664996 0.962217
0.668766 0.96243
0.672514 0.962637
0.676239 0.962838
0.679941 0.963035
0.683619 0.963226
0.687273 0.963412
0.690902 0.963593
0.694506 0.963769
0.698085 0.96394
0.701638 0.964107
0.705164 0.964269
0.708665 0.964426
0.712138 0.964579
0.715584 0.964728
0.719003 0.964873
0.722394 0.965013
0.725756 0.965149
0.729091 0.965281
0.732397 0.96541
0.735674 0.965534
0.738922 0.965655
0.742141 0.965772
0.74533 0.965885
0.74849 0.965995
0.75162 0.966101
0.754721 0.966204
0.757791 0.966303
0.760831 0.966399
0.763841 0.966492
0.76682 0.966582
0.76977 0.966669
0.772688 0.966752
0.775577 0.966833
0.778434 0.96691
0.781261 0.966985
0.784058 0.967057
0.786824 0.967126
0.78956 0.967193
0.792265 0.967256
0.794939 0.967317
0.797583 0.967376
0.800197 0.967432
0.802781 0.967485
0.805334 0.967536
0.807857 0.967585
0.810351 0.967631
0.812814 0.967675
0.815247 0.967717
0.817651 0.967757
0.820026 0.967794
0.822371 0.967829
0.824686 0.967862
0.826973 0.967894
0.829231 0.967923
0.83146 0.96795
0.833661 0.967975
0.835833 0.967998
0.837977 0.968019
0.840093 0.968039
0.842182 0.968056
0.844243 0.968072
0.846277 0.968086
0.848283 0.968099
0.850263 0.968109
0.852216 0.968118
0.854143 0.968126
0.856043 0.968132
0.857918 0.968136
0.859767 0.968138
0.86159 0.96814
0.863388 0.968139
0.865162 0.968138
0.86691 0.968134
0.868634 0.96813
0.870334 0.968124
0.872011 0.968116
0.873663 0.968108
0.875292 0.968098
0.876898 0.968087
0.878481 0.968074
0.880041 0.96806
0.881579 0.968045
0.883095 0.968029
0.884589 0.968011
0.886062 0.967993
0.887513 0.967973
0.888943 0.967952
0.890353 0.96793
0.891742 0.967907
0.89311 0.967883
0.894459 0.967858
0.895788 0.967832
0.897097 0.967805
0.898388 0.967777
0.899659 0.967748
0.900911 0.967718
0.902145 0.967687
0.903361 0.967655
0.904559 0.967622
0.905739 0.967588
0.906902 0.967553
0.908047 0.967518
0.909176 0.967482
0.910287 0.967444
0.911382 0.967407
0.912461 0.967368
0.913524 0.967328
0.914571 0.967288
0.915602 0.967247
0.916619 0.967205
0.917619 0.967162
0.918605 0.967119
0.919577 0.967075
0.920534 0.96703
0.921476 0.966985
0.922405 0.966939
0.923319 0.966892
0.92422 0.966844
0.925108 0.966796
0.925982 0.966748
0.926844 0.966698
0.927692 0.966648
0.928528 0.966598
0.929352 0.966547
0.930163 0.966495
0.930962 0.966443
0.931749 0.96639
0.932525 0.966336
0.933289 0.966282
0.934042 0.966228
0.934783 0.966173
0.935514 0.966117
0.936234 0.966061
0.936943 0.966005
0.937642 0.965948
0.93833 0.96589
0.939009 0.965832
0.939677 0.965774
0.940335 0.965715
0.940984 0.965656
0.941623 0.965596
0.942253 0.965536
0.942874 0.965475
0.943486 0.965414
0.944088 0.965353
0.944682 0.965291
0.945267 0.965229
0.945844 0.965166
0.946412 0.965103
0.946972 0.96504
0.947524 0.964976
0.948068 0.964912
0.948604 0.964847
0.949133 0.964782
0.949654 0.964717
0.950167 0.964652
0.950673 0.964586
0.951171 0.96452
0.951663 0.964453
0.952148 0.964386
0.952625 0.964319
0.953096 0.964252
0.95356 0.964184
0.954017 0.964116
0.954468 0.964048
0.954913 0.963979
0.955351 0.96391
0.955784 0.963841
0.95621 0.963772
0.95663 0.963702
0.957044 0.963632
0.957453 0.963562
0.957855 0.963491
0.958252 0.963421
0.958644 0.96335
0.95903 0.963279
0.959411 0.963207
0.959786 0.963136
0.960157 0.963064
0.960522 0.962992
0.960882 0.962919
0.961238 0.962847
0.961588 0.962774
0.961934 0.962701
0.962274 0.962628
0.962611 0.962555
0.962942 0.962481
0.96327 0.962408
0.963592 0.962334
0.963911 0.96226
0.964225 0.962186
0.964535 0.962111
0.964841 0.962037
0.965142 0.961962
0.96544 0.961887
0.965734 0.961812
0.966023 0.961737
0.966309 0.961662
0.966591 0.961586
0.96687 0.961511
0.967145 0.961435
0.967416 0.961359
0.967683 0.961283
0.967947 0.961207
0.968208 0.96113
0.968465 0.961054
0.968719 0.960977
0.96897 0.960901
0.969217 0.960824
0.969461 0.960747
0.969702 0.96067
0.96994 0.960593
0.970175 0.960515
0.970407 0.960438
0.970636 0.960361
0.970862 0.960283
0.971085 0.960205
0.971305 0.960128
0.971522 0.96005
0.971737 0.959972
0.971949 0.959894
0.972158 0.959815
0.972365 0.959737
0.972569 0.959659
0.972771 0.959581
0.97297 0.959502
0.973167 0.959424
0.973361 0.959345
0.973552 0.959266
0.973742 0.959187
0.973929 0.959109
0.974114 0.95903
0.974296 0.958951
0.974477 0.958872
0.974655 0.958793
0.974831 0.958713
0.975004 0.958634
0.975176 0.958555
0.975346 0.958476
0.975513 0.958396
0.975679 0.958317
0.975842 0.958237
0.976004 0.958158
0.976163 0.958078
0.976321 0.957999
0.976477 0.957919
0.976631 0.95784
0.976783 0.95776
0.976934 0.95768
0.977082 0.9576
0.977229 0.957521
0.977374 0.957441
0.977518 0.957361
0.97766 0.957281
0.9778 0.957201
0.977938 0.957121
0.978075 0.957041
0.978211 0.956961
0.978344 0.956881
0.978477 0.956801
0.978607 0.956721
0.978737 0.956641
0.978864 0.956561
0.978991 0.956481
0.979115 0.956401
0.979239 0.95632
0.979361 0.95624
0.979482 0.95616
0.979601 0.95608
0.979719 0.956
0.979835 0.95592
0.979951 0.955839
0.980065 0.955759
0.980177 0.955679
0.980289 0.955599
0.980399 0.955519
0.980508 0.955439
0.980616 0.955358
0.980723 0.955278
0.980828 0.955198
0.980933 0.955118
0.981036 0.955038
0.981138 0.954958
0.981239 0.954877
0.981339 0.954797
0.981437 0.954717
0.981535 0.954637
0.981632 0.954557
0.981727 0.954477
0.981822 0.954397
0.981915 0.954317
0.982008 0.954237
0.982099 0.954157
0.98219 0.954077
0.98228 0.953997
0.982368 0.953917
0.982456 0.953837
0.982543 0.953757
0.982629 0.953677
0.982714 0.953597
0.982798 0.953517
0.982881 0.953437
0.982963 0.953357
0.983045 0.953278
0.983125 0.953198
0.983205 0.953118
0.983284 0.953038
0.983362 0.952959
0.983439 0.952879
0.983516 0.9528
0.983592 0.95272
0.983667 0.95264
0.983741 0.952561
0.983814 0.952481
0.983887 0.952402
0.983959 0.952323
0.98403 0.952243
0.984101 0.952164
0.98417 0.952085
0.984239 0.952005
0.984308 0.951926
0.984375 0.951847
0.984442 0.951768
0.984509 0.951689
0.984574 0.951609
0.984639 0.95153
0.984704 0.951451
0.984767 0.951372
0.984831 0.951294
0.984893 0.951215
0.984955 0.951136
0.985016 0.951057
0.985077 0.950978
0.985137 0.9509
0.985196 0.950821
0.985255 0.950742
0.985313 0.950664
0.985371 0.950585
0.985428 0.950507
0.985485 0.950428
0.985541 0.95035
0.985596 0.950272
0.985651 0.950193
0.985706 0.950115
0.98576 0.950037
0.985813 0.949959
0.985866 0.949881
0.985918 0.949803
0.98597 0.949725
0.986022 0.949647
0.986072 0.949569
0.986123 0.949491
0.986173 0.949414
0.986222 0.949336
0.986271 0.949258
0.98632 0.949181
0.986368 0.949103
0.986415 0.949026
0.986463 0.948948
0.986509 0.948871
0.986556 0.948793
0.986601 0.948716
0.986647 0.948639
0.986692 0.948562
0.986736 0.948485
0.986781 0.948408
0.986824 0.948331
0.986868 0.948254
0.986911 0.948177
0.986953 0.9481
0.986995 0.948023
0.987037 0.947947
0.987078 0.94787
0.987119 0.947794
0.98716 0.947717
0.9872 0.947641
0.98724 0.947564
0.98728 0.947488
0.987319 0.947412
0.987358 0.947336
0.987396 0.947259
0.987434 0.947183
0.987472 0.947107
0.987509 0.947032
0.987546 0.946956
0.987583 0.94688
0.98762 0.946804
0.987656 0.946728
0.987691 0.946653
0.987727 0.946577
0.987762 0.946502
0.987797 0.946426
0.987831 0.946351
0.987865 0.946276
0.987899 0.9462
0.987933 0.946125
0.987966 0.94605
0.987999 0.945975
0.988032 0.9459
0.988064 0.945825
0.988096 0.94575
0.988128 0.945676
0.98816 0.945601
0.988191 0.945526
0.988222 0.945452
0.988253 0.945377
0.988283 0.945303
0.988314 0.945229
0.988343 0.945154
0.988373 0.94508
0.988403 0.945006
0.988432 0.944932
0.988461 0.944858
0.988489 0.944784
0.988518 0.94471
0.988546 0.944636
0.988574 0.944562
0.988601 0.944489
0.988629 0.944415
0.988656 0.944342
0.988683 0.944268
0.98871 0.944195
0.988736 0.944121
0.988762 0.944048
0.988788 0.943975
0.988814 0.943902
0.98884 0.943829
0.988865 0.943756
0.98889 0.943683
0.988915 0.94361
0.98894 0.943537
0.988965 0.943465
0.988989 0.943392
0.989013 0.943319
0.989037 0.943247
0.989061 0.943175
0.989084 0.943102
0.989107 0.94303
0.989131 0.942958
0.989153 0.942886
0.989176 0.942814
0.989199 0.942742
0.989221 0.94267
0.989243 0.942598
0.989265 0.942526
0.989287 0.942454
0.989308 0.942383
0.98933 0.942311
0.989351 0.94224
0.989372 0.942168
0.989393 0.942097
0.989414 0.942026
0.989434 0.941955
0.989455 0.941883
0.989475 0.941812
0.989495 0.941741
0.989515 0.941671
0.989534 0.9416
0.989554 0.941529
0.989573 0.941458
0.989592 0.941388
0.989611 0.941317
0.98963 0.941247
0.989649 0.941176
0.989668 0.941106
0.989686 0.941036
0.989704 0.940966
0.989722 0.940895
0.98974 0.940825
0.989758 0.940755
0.989776 0.940686
0.989793 0.940616
0.989811 0.940546
0.989828 0.940476
0.989845 0.940407
0.989862 0.940337
0.989879 0.940268
0.989895 0.940198
0.989912 0.940129
0.989928 0.94006
0.989944 0.939991
0.98996 0.939922
0.989976 0.939853
0.989992 0.939784
0.990008 0.939715
0.990024 0.939646
0.990039 0.939577
0.990054 0.939509
0.99007 0.93944
0.990085 0.939372
0.9901 0.939303
0.990115 0.939235
0.990129 0.939167
0.990144 0.939098
0.990158 0.93903
0.990173 0.938962
0.990187 0.938894
0.990201 0.938826
0.990215 0.938758
0.990229 0.938691
0.990243 0.938623
0.990256 0.938555
0.99027 0.938488
0.990283 0.93842
0.990297 0.938353
0.99031 0.938286
0.990323 0.938218
0.990336 0.938151
0.990349 0.938084
0.990362 0.938017
0.990374 0.93795
0.990387 0.937883
0.9904 0.937816
0.990412 0.93775
0.990424 0.937683
0.990436 0.937616
0.990448 0.93755
0.99046 0.937483
0.990472 0.937417
0.990484 0.937351
0.990496 0.937284
0.990507 0.937218
0.990519 0.937152
0.99053 0.937086
0.990542 0.93702
0.990553 0.936954
0.990564 0.936888
0.990575 0.936823
0.990586 0.936757
0.990597 0.936691
0.990608 0.936626
0.990618 0.93656
0.990629 0.936495
0.990639 0.93643
0.99065 0.936364
0.99066 0.936299
0.99067 0.936234
0.990681 0.936169
0.990691 0.936104
0.990701 0.936039
0.990711 0.935974
0.99072 0.93591
0.99073 0.935845
0.99074 0.93578
0.990749 0.935716
0.990759 0.935651
0.990768 0.935587
0.990778 0.935523
0.990787 0.935459
0.990796 0.935394
0.990805 0.93533
0.990814 0.935266
0.990823 0.935202
0.990832 0.935138
0.990841 0.935075
0.99085 0.935011
0.990859 0.934947
0.990867 0.934883
0.990876 0.93482
0.990884 0.934756
0.990893 0.934693
0.990901 0.93463
0.990909 0.934566
0.990917 0.934503
0.990925 0.93444
0.990933 0.934377
0.990941 0.934314
0.990949 0.934251
0.990957 0.934188
0.990965 0.934126
0.990973 0.934063
0.99098 0.934
0.990988 0.933938
0.990996 0.933875
0.991003 0.933813
0.99101 0.93375
0.991018 0.933688
0.991025 0.933626
0.991032 0.933564
0.991039 0.933502
0.991047 0.93344
0.991054 0.933378
0.991061 0.933316
0.991068 0.933254
0.991074 0.933192
0.991081 0.933131
0.991088 0.933069
0.991095 0.933007
0.991101 0.932946
0.991108 0.932885
0.991114 0.932823
0.991121 0.932762
0.991127 0.932701
0.991134 0.93264
0.99114 0.932579
0.991146 0.932518
0.991152 0.932457
0.991158 0.932396
0.991165 0.932335
0.991171 0.932274
0.991177 0.932214
0.991182 0.932153
0.991188 0.932093
0.991194 0.932032
0.9912 0.931972
0.991206 0.931911
0.991211 0.931851
0.991217 0.931791
0.991223 0.931731
0.991228 0.931671
0.991234 0.931611
0.991239 0.931551
0.991244 0.931491
0.99125 0.931431
0.991255 0.931371
0.99126 0.931312
0.991265 0.931252
0.991271 0.931193
0.991276 0.931133
0.991281 0.931074
0.991286 0.931014
0.991291 0.930955
0.991296 0.930896
0.991301 0.930837
0.991305 0.930778
0.99131 0.930719
0.991315 0.93066
0.99132 0.930601
0.991324 0.930542
0.991329 0.930483
0.991333 0.930425
0.991338 0.930366
0.991342 0.930307
0.991347 0.930249
0.991351 0.93019
0.991356 0.930132
0.99136 0.930074
0.991364 0.930016
0.991369 0.929957
0.991373 0.929899
0.991377 0.929841
0.991381 0.929783
0.991385 0.929725
0.991389 0.929667
0.991393 0.92961
0.991397 0.929552
0.991401 0.929494
0.991405 0.929437
0.991409 0.929379
0.991413 0.929322
0.991417 0.929264
0.99142 0.929207
0.991424 0.92915
0.991428 0.929092
0.991431 0.929035
0.991435 0.928978
0.991439 0.928921
0.991442 0.928864
0.991446 0.928807
0.991449 0.92875
0.991453 0.928693
0.991456 0.928637
0.991459 0.92858
0.991463 0.928523
0.991466 0.928467
0.991469 0.92841
0.991473 0.928354
0.991476 0.928298
0.991479 0.928241
0.991482 0.928185
0.991485 0.928129
0.991488 0.928073
0.991491 0.928017
0.991494 0.927961
0.991497 0.927905
0.9915 0.927849
0.991503 0.927793
0.991506 0.927737
0.991509 0.927681
0.991512 0.927626
0.991515 0.92757
0.991517 0.927515
0.99152 0.927459
0.991523 0.927404
0.991526 0.927348
0.991528 0.927293
0.991531 0.927238
0.991534 0.927183
0.991536 0.927128
0.991539 0.927073
0.991541 0.927018
0.991544 0.926963
0.991546 0.926908
0.991549 0.926853
0.991551 0.926798
0.991553 0.926743
0.991556 0.926689
0.991558 0.926634
0.99156 0.92658
0.991563 0.926525
0.991565 0.926471
0.991567 0.926416
0.991569 0.926362
0.991572 0.926308
0.991574 0.926254
0.991576 0.9262
0.991578 0.926146
0.99158 0.926092
0.991582 0.926038
0.991584 0.925984
0.991586 0.92593
0.991588 0.925876
0.99159 0.925822
0.991592 0.925769
0.991594 0.925715
0.991596 0.925662
0.991598 0.925608
0.991599 0.925555
0.991601 0.925501
0.991603 0.925448
0.991605 0.925395
0.991607 0.925341
0.991608 0.925288
0.99161 0.925235
0.991612 0.925182
0.991613 0.925129
0.991615 0.925076
0.991617 0.925023
0.991618 0.92497
0.99162 0.924918
0.991621 0.924865
0.991623 0.924812
0.991624 0.92476
0.991626 0.924707
0.991627 0.924655
0.991629 0.924602
0.99163 0.92455
0.991631 0.924497
0.991633 0.924445
0.991634 0.924393
0.991636 0.924341
0.991637 0.924289
0.991638 0.924236
0.991639 0.924184
0.991641 0.924132
0.991642 0.924081
0.991643 0.924029
0.991644 0.923977
0.991646 0.923925
0.991647 0.923873
0.991648 0.923822
0.991649 0.92377
0.99165 0.923719
0.991651 0.923667
0.991652 0.923616
0.991653 0.923564
0.991654 0.923513
0.991655 0.923462
0.991656 0.923411
0.991657 0.923359
0.991658 0.923308
0.991659 0.923257
0.99166 0.923206
0.991661 0.923155
0.991662 0.923104
0.991663 0.923053
0.991664 0.923003
0.991665 0.922952
0.991666 0.922901
0.991666 0.922851
0.991667 0.9228
0.991668 0.922749
0.991669 0.922699
0.991669 0.922648
0.99167 0.922598
0.991671 0.922548
0.991672 0.922497
0.991672 0.922447
0.991673 0.922397
0.991674 0.922347
0.991674 0.922297
0.991675 0.922247
0.991676 0.922197
0.991676 0.922147
0.991677 0.922097
0.991677 0.922047
0.991678 0.921997
0.991678 0.921947
0.991679 0.921898
0.991679 0.921848
0.99168 0.921798
0.99168 0.921749
0.991681 0.921699
0.991681 0.92165
0.991682 0.921601
0.991682 0.921551
0.991683 0.921502
0.991683 0.921453
0.991683 0.921403
0.991684 0.921354
0.991684 0.921305
0.991684 0.921256
0.991685 0.921207
0.991685 0.921158
0.991685 0.921109
0.991686 0.92106
0.991686 0.921011
0.991686 0.920963
0.991686 0.920914
0.991687 0.920865
0.991687 0.920817
0.991687 0.920768
0.991687 0.92072
0.991687 0.920671
0.991688 0.920623
0.991688 0.920574
0.991688 0.920526
0.991688 0.920478
0.991688 0.920429
0.991688 0.920381
0.991688 0.920333
0.991689 0.920285
0.991689 0.920237
0.991689 0.920189
0.991689 0.920141
0.991689 0.920093
0.991689 0.920045
0.991689 0.919997
0.991689 0.919949
0.991689 0.919902
0.991689 0.919854
0.991689 0.919806
0.991689 0.919759
0.991689 0.919711
0.991689 0.919663
0.991689 0.919616
0.991688 0.919569
0.991688 0.919521
0.991688 0.919474
0.991688 0.919427
0.991688 0.919379
0.991688 0.919332
0.991688 0.919285
0.991688 0.919238
0.991687 0.919191
0.991687 0.919144
0.991687 0.919097
0.991687 0.91905
0.991687 0.919003
0.991687 0.918956
0.991686 0.918909
0.991686 0.918862
0.991686 0.918816
0.991686 0.918769
0.991685 0.918722
0.991685 0.918676
0.991685 0.918629
0.991684 0.918583
0.991684 0.918536
0.991684 0.91849
0.991684 0.918444
0.991683 0.918397
0.991683 0.918351
0.991683 0.918305
0.991682 0.918258
0.991682 0.918212
0.991681 0.918166
0.991681 0.91812
0.991681 0.918074
0.99168 0.918028
0.99168 0.917982
0.991679 0.917936
0.991679 0.91789
0.991679 0.917845
0.991678 0.917799
0.991678 0.917753
0.991677 0.917707
0.991677 0.917662
0.991676 0.917616
0.991676 0.91757
0.991675 0.917525
0.991675 0.917479
0.991674 0.917434
0.991674 0.917389
0.991673 0.917343
0.991673 0.917298
0.991672 0.917253
0.991672 0.917207
0.991671 0.917162
0.991671 0.917117
0.99167 0.917072
0.99167 0.917027
0.991669 0.916982
0.991668 0.916937
0.991668 0.916892
0.991667 0.916847
0.991667 0.916802
0.991666 0.916757
0.991665 0.916712
0.991665 0.916668
0.991664 0.916623
0.991663 0.916578
0.991663 0.916533
0.991662 0.916489
0.991661 0.916444
0.991661 0.9164
0.99166 0.916355
0.991659 0.916311
0.991659 0.916266
0.991658 0.916222
0.991657 0.916178
0.991657 0.916133
0.991656 0.916089
0.991655 0.916045
0.991654 0.916001
0.991654 0.915957
0.991653 0.915913
0.991652 0.915869
0.991651 0.915824
0.991651 0.91578
0.99165 0.915737
0.991649 0.915693
0.991648 0.915649
0.991648 0.915605
0.991647 0.915561
0.991646 0.915517
0.991645 0.915474
0.991644 0.91543
0.991644 0.915386
0.991643 0.915343
0.991642 0.915299
0.991641 0.915256
0.99164 0.915212
0.991639 0.915169
0.991638 0.915125
0.991638 0.915082
0.991637 0.915039
0.991636 0.914995
0.991635 0.914952
0.991634 0.914909
0.991633 0.914865
0.991632 0.914822
0.991631 0.914779
0.991631 0.914736
0.99163 0.914693
0.991629 0.91465
0.991628 0.914607
0.991627 0.914564
0.991626 0.914521
0.991625 0.914478
0.991624 0.914435
0.991623 0.914393
0.991622 0.91435
0.991621 0.914307
0.99162 0.914264
0.991619 0.914222
0.991618 0.914179
0.991617 0.914137
0.991616 0.914094
0.991615 0.914051
0.991614 0.914009
0.991614 0.913967
0.991613 0.913924
0.991612 0.913882
0.991611 0.913839
0.991609 0.913797
0.991608 0.913755
0.991607 0.913713
0.991606 0.91367
0.991605 0.913628
0.991604 0.913586
0.991603 0.913544
0.991602 0.913502
0.991601 0.91346
0.9916 0.913418
0.991599 0.913376
0.991598 0.913334
0.991597 0.913292
0.991596 0.91325
0.991595 0.913208
0.991594 0.913166
0.991593 0.913125
0.991592 0.913083
0.991591 0.913041
0.99159 0.913
0.991588 0.912958
0.991587 0.912916
0.991586 0.912875
0.991585 0.912833
0.991584 0.912792
0.991583 0.91275
0.991582 0.912709
0.991581 0.912667
0.99158 0.912626
0.991578 0.912585
0.991577 0.912543
0.991576 0.912502
0.991575 0.912461
0.991574 0.91242
0.991573 0.912378
0.991572 0.912337
0.99157 0.912296
0.991569 0.912255
0.991568 0.912214
0.991567 0.912173
0.991566 0.912132
0.991565 0.912091
0.991563 0.91205
0.991562 0.912009
0.991561 0.911968
0.99156 0.911927
0.991559 0.911887
0.991557 0.911846
0.991556 0.911805
0.991555 0.911764
0.991554 0.911724
0.991553 0.911683
0.991551 0.911643
0.99155 0.911602
0.991549 0.911561
0.991548 0.911521
0.991547 0.91148
0.991545 0.91144
0.991544 0.911399
0.991543 0.911359
0.991542 0.911319
0.99154 0.911278
0.991539 0.911238
0.991538 0.911198
0.991537 0.911157
0.991535 0.911117
0.991534 0.911077
0.991533 0.911037
0.991532 0.910997
0.99153 0.910957
0.991529 0.910917
0.991528 0.910877
0.991527 0.910837
0.991525 0.910797
0.991524 0.910757
0.991523 0.910717
0.991522 0.910677
0.99152 0.910637
0.991519 0.910597
0.991518 0.910557
0.991516 0.910517
0.991515 0.910478
0.991514 0.910438
0.991513 0.910398
0.991511 0.910359
0.99151 0.910319
0.991509 0.910279
0.991507 0.91024
0.991506 0.9102
0.991505 0.910161
0.991503 0.910121
0.991502 0.910082
0.991501 0.910042
0.991499 0.910003
0.991498 0.909964
0.991497 0.909924
0.991495 0.909885
0.991494 0.909846
0.991493 0.909806
0.991491 0.909767
0.99149 0.909728
0.991489 0.909689
0.991487 0.909649
0.991486 0.90961
0.991485 0.909571
0.991483 0.909532
0.991482 0.909493
0.991481 0.909454
0.991479 0.909415
0.991478 0.909376
0.991477 0.909337
0.991475 0.909298
0.991474 0.909259
0.991473 0.90922
0.991471 0.909182
0.99147 0.909143
0.991468 0.909104
0.991467 0.909065
0.991466 0.909027
0.991464 0.908988
0.991463 0.908949
0.991462 0.90891
0.99146 0.908872
0.991459 0.908833
0.991457 0.908795
0.991456 0.908756
0.991455 0.908718
0.991453 0.908679
0.991452 0.908641
0.99145 0.908602
0.991449 0.908564
0.991448 0.908525
0.991446 0.908487
0.991445 0.908449
0.991443 0.90841
0.991442 0.908372
0.991441 0.908334
0.991439 0.908296
0.991438 0.908257
0.991436 0.908219
0.991435 0.908181
0.991434 0.908143
0.991432 0.908105
0.991431 0.908067
0.991429 0.908029
0.991428 0.907991
0.991426 0.907953
0.991425 0.907915
0.991424 0.907877
0.991422 0.907839
0.991421 0.907801
0.991419 0.907763
0.991418 0.907725
0.991416 0.907687
0.991415 0.907649
0.991414 0.907611
0.991412 0.907574
0.991411 0.907536
0.991409 0.907498
0.991408 0.907461
0.991406 0.907423
0.991405 0.907385
0.991403 0.907348
0.991402 0.90731
0.991401 0.907272
0.991399 0.907235
0.991398 0.907197
0.991396 0.90716
0.991395 0.907122
0.991393 0.907085
0.991392 0.907047
0.99139 0.90701
0.991389 0.906973
0.991387 0.906935
0.991386 0.906898
0.991385 0.906861
0.991383 0.906823
0.991382 0.906786
0.99138 0.906749
0.991379 0.906711
0.991377 0.906674
0.991376 0.906637
0.991374 0.9066
0.991373 0.906563
0.991371 0.906526
0.99137 0.906489
0.991368 0.906451
0.991367 0.906414
0.991365 0.906377
0.991364 0.90634
0.991362 0.906303
0.991361 0.906266
0.991359 0.906229
0.991358 0.906193
0.991356 0.906156
0.991355 0.906119
0.991353 0.906082
0.991352 0.906045
0.991351 0.906008
0.991349 0.905972
0.991348 0.905935
0.991346 0.905898
0.991345 0.905861
0.991343 0.905825
0.991342 0.905788
0.99134 0.905751
0.991339 0.905715
0.991337 0.905678
0.991336 0.905641
0.991334 0.905605
0.991333 0.905568
0.991331 0.905532
0.99133 0.905495
0.991328 0.905459
0.991327 0.905422
0.991325 0.905386
0.991324 0.905349
0.991322 0.905313
0.991321 0.905277
0.991319 0.90524
0.991317 0.905204
0.991316 0.905167
0.991314 0.905131
0.991313 0.905095
0.991311 0.905059
0.99131 0.905022
0.991308 0.904986
0.991307 0.90495
0.991305 0.904914
0.991304 0.904878
0.991302 0.904841
0.991301 0.904805
0.991299 0.904769
0.991298 0.904733
0.991296 0.904697
0.991295 0.904661
0.991293 0.904625
0.991292 0.904589
0.99129 0.904553
0.991289 0.904517
0.991287 0.904481
0.991286 0.904445
0.991284 0.904409
0.991283 0.904373
0.991281 0.904337
0.991279 0.904302
0.991278 0.904266
0.991276 0.90423
0.991275 0.904194
0.991273 0.904158
0.991272 0.904123
0.99127 0.904087
0.991269 0.904051
0.991267 0.904015
0.991266 0.90398
0.991264 0.903944
0.991263 0.903908
0.991261 0.903873
0.99126 0.903837
0.991258 0.903802
0.991256 0.903766
0.991255 0.90373
0.991253 0.903695
0.991252 0.903659
0.99125 0.903624
0.991249 0.903588
0.991247 0.903553
0.991246 0.903517
0.991244 0.903482
0.991243 0.903447
0.991241 0.903411
0.991239 0.903376
0.991238 0.90334
0.991236 0.903305
0.991235 0.90327
0.991233 0.903234
0.991232 0.903199
0.99123 0.903164
0.991229 0.903129
0.991227 0.903093
0.991226 0.903058
0.991224 0.903023
0.991222 0.902988
0.991221 0.902953
0.991219 0.902917
0.991218 0.902882
0.991216 0.902847
0.991215 0.902812
0.991213 0.902777
0.991212 0.902742
0.99121 0.902707
0.991209 0.902672
0.991207 0.902637
0.991205 0.902602
0.991204 0.902567
0.991202 0.902532
0.991201 0.902497
0.991199 0.902462
0.991198 0.902427
0.991196 0.902392
0.991195 0.902357
0.991193 0.902322
0.991191 0.902288
0.99119 0.902253
0.991188 0.902218
0.991187 0.902183
0.991185 0.902148
0.991184 0.902114
0.991182 0.902079
0.99118 0.902044
0.991179 0.902009
0.991177 0.901975
0.991176 0.90194
0.991174 0.901905
0.991173 0.901871
0.991171 0.901836
0.99117 0.901801
0.991168 0.901767
0.991166 0.901732
0.991165 0.901697
0.991163 0.901663
0.991162 0.901628
0.99116 0.901594
0.991159 0.901559
0.991157 0.901525
0.991156 0.90149
0.991154 0.901456
0.991152 0.901421
0.991151 0.901387
0.991149 0.901352
0.991148 0.901318
0.991146 0.901284
0.991145 0.901249
0.991143 0.901215
0.991141 0.90118
0.99114 0.901146
0.991138 0.901112
0.991137 0.901077
0.991135 0.901043
0.991134 0.901009
0.991132 0.900975
0.99113 0.90094
0.991129 0.900906
0.991127 0.900872
0.991126 0.900838
0.991124 0.900803
0.991123 0.900769
0.991121 0.900735
0.991119 0.900701
0.991118 0.900667
0.991116 0.900633
0.991115 0.900598
0.991113 0.900564
0.991112 0.90053
0.99111 0.900496
0.991108 0.900462
0.991107 0.900428
0.991105 0.900394
0.991104 0.90036
0.991102 0.900326
0.991101 0.900292
0.991099 0.900258
0.991097 0.900224
0.991096 0.90019
0.991094 0.900156
0.991093 0.900122
0.991091 0.900088
0.99109 0.900054
0.991088 0.90002
0.991086 0.899987
0.991085 0.899953
0.991083 0.899919
0.991082 0.899885
0.99108 0.899851
0.991079 0.899817
0.991077 0.899783
0.991075 0.89975
0.991074 0.899716
0.991072 0.899682
0.991071 0.899648
0.991069 0.899615
0.991068 0.899581
0.991066 0.899547
0.991064 0.899513
0.991063 0.89948
0.991061 0.899446
0.99106 0.899412
0.991058 0.899379
0.991057 0.899345
0.991055 0.899311
0.991053 0.899278
0.991052 0.899244
0.99105 0.899211
0.991049 0.899177
0.991047 0.899143
0.991046 0.89911
0.991044 0.899076
0.991042 0.899043
0.991041 0.899009
0.991039 0.898976
0.991038 0.898942
0.991036 0.898909
0.991035 0.898875
0.991033 0.898842
0.991031 0.898808
0.99103 0.898775
0.991028 0.898741
0.991027 0.898708
0.991025 0.898675
0.991023 0.898641
0.991022 0.898608
0.99102 0.898574
0.991019 0.898541
0.991017 0.898508
0.991016 0.898474
0.991014 0.898441
0.991012 0.898408
0.991011 0.898374
0.991009 0.898341
0.991008 0.898308
0.991006 0.898274
0.991005 0.898241
0.991003 0.898208
0.991001 0.898175
0.991 0.898141
0.990998 0.898108
0.990997 0.898075
0.990995 0.898042
0.990994 0.898009
0.990992 0.897975
0.99099 0.897942
0.990989 0.897909
0.990987 0.897876
0.990986 0.897843
0.990984 0.89781
0.990983 0.897776
0.990981 0.897743
0.990979 0.89771
0.990978 0.897677
0.990976 0.897644
0.990975 0.897611
0.990973 0.897578
0.990971 0.897545
0.99097 0.897512
0.990968 0.897479
0.990967 0.897446
0.990965 0.897413
0.990964 0.89738
0.990962 0.897347
0.99096 0.897314
0.990959 0.897281
0.990957 0.897248
0.990956 0.897215
0.990954 0.897182
0.990953 0.897149
0.990951 0.897116
0.990949 0.897083
0.990948 0.89705
0.990946 0.897017
0.990945 0.896984
0.990943 0.896951
0.990942 0.896918
0.99094 0.896885
0.990938 0.896853
0.990937 0.89682
0.990935 0.896787
0.990934 0.896754
0.990932 0.896721
0.99093 0.896688
0.990929 0.896656
0.990927 0.896623
0.990926 0.89659
0.990924 0.896557
0.990923 0.896524
0.990921 0.896492
0.990919 0.896459
0.990918 0.896426
0.990916 0.896393
0.990915 0.896361
0.990913 0.896328
0.990912 0.896295
0.99091 0.896262
0.990908 0.89623
0.990907 0.896197
0.990905 0.896164
0.990904 0.896132
0.990902 0.896099
0.990901 0.896066
0.990899 0.896034
0.990897 0.896001
0.990896 0.895968
0.990894 0.895936
0.990893 0.895903
0.990891 0.89587
0.990889 0.895838
0.990888 0.895805
0.990886 0.895772
0.990885 0.89574
0.990883 0.895707
0.990882 0.895675
0.99088 0.895642
0.990878 0.895609
0.990877 0.895577
0.990875 0.895544
0.990874 0.895512
0.990872 0.895479
0.990871 0.895447
0.990869 0.895414
0.990867 0.895382
0.990866 0.895349
0.990864 0.895317
0.990863 0.895284
0.990861 0.895252
0.99086 0.895219
0.990858 0.895187
0.990856 0.895154
0.990855 0.895122
0.990853 0.895089
0.990852 0.895057
0.99085 0.895024
0.990849 0.894992
0.990847 0.894959
0.990845 0.894927
0.990844 0.894895
0.990842 0.894862
0.990841 0.89483
0.990839 0.894797
0.990837 0.894765
0.990836 0.894733
0.990834 0.8947
0.990833 0.894668
0.990831 0.894635
0.99083 0.894603
0.990828 0.894571
0.990826 0.894538
0.990825 0.894506
0.990823 0.894474
0.990822 0.894441
0.99082 0.894409
0.990819 0.894377
0.990817 0.894344
0.990815 0.894312
0.990814 0.89428
0.990812 0.894247
0.990811 0.894215
0.990809 0.894183
0.990808 0.89415
0.990806 0.894118
0.990804 0.894086
0.990803 0.894054
0.990801 0.894021
0.9908 0.893989
0.990798 0.893957
0.990797 0.893924
0.990795 0.893892
0.990793 0.89386
0.990792 0.893828
0.99079 0.893795
0.990789 0.893763
0.990787 0.893731
0.990786 0.893699
0.990784 0.893667
0.990782 0.893634
0.990781 0.893602
0.990779 0.89357
0.990778 0.893538
0.990776 0.893505
0.990775 0.893473
0.990773 0.893441
0.990771 0.893409
0.99077 0.893377
0.990768 0.893345
0.990767 0.893312
0.990765 0.89328
0.990763 0.893248
0.990762 0.893216
0.99076 0.893184
0.990759 0.893152
0.990757 0.893119
0.990756 0.893087
0.990754 0.893055
0.990752 0.893023
0.990751 0.892991
0.990749 0.892959
0.990748 0.892927
0.990746 0.892894
0.990745 0.892862
0.990743 0.89283
0.990741 0.892798
0.99074 0.892766
0.990738 0.892734
0.990737 0.892702
0.990735 0.89267
0.990734 0.892638
0.990732 0.892605
0.99073 0.892573
0.990729 0.892541
0.990727 0.892509
0.990726 0.892477
0.990724 0.892445
0.990723 0.892413
0.990721 0.892381
0.990719 0.892349
0.990718 0.892317
0.990716 0.892285
0.990715 0.892253
0.990713 0.892221
0.990712 0.892189
0.99071 0.892156
0.990708 0.892124
0.990707 0.892092
0.990705 0.89206
0.990704 0.892028
0.990702 0.891996
0.990701 0.891964
0.990699 0.891932
0.990697 0.8919
0.990696 0.891868
0.990694 0.891836
0.990693 0.891804
0.990691 0.891772
0.99069 0.89174
0.990688 0.891708
0.990686 0.891676
0.990685 0.891644
0.990683 0.891612
0.990682 0.89158
0.99068 0.891548
0.990679 0.891516
0.990677 0.891484
0.990675 0.891452
0.990674 0.89142
0.990672 0.891388
0.990671 0.891356
0.990669 0.891324
0.990668 0.891292
0.990666 0.89126
0.990664 0.891228
0.990663 0.891196
0.990661 0.891164
0.99066 0.891132
0.990658 0.8911
0.990656 0.891068
0.990655 0.891036
0.990653 0.891004
0.990652 0.890972
0.99065 0.89094
0.990649 0.890908
0.990647 0.890876
0.990645 0.890844
0.990644 0.890812
0.990642 0.89078
0.990641 0.890748
0.990639 0.890716
0.990638 0.890684
0.990636 0.890652
0.990634 0.89062
0.990633 0.890588
0.990631 0.890556
0.99063 0.890524
0.990628 0.890492
0.990627 0.89046
0.990625 0.890428
0.990623 0.890396
0.990622 0.890364
0.99062 0.890332
0.990619 0.8903
0.990617 0.890268
0.990616 0.890236
0.990614 0.890204
0.990612 0.890172
0.990611 0.890141
0.990609 0.890109
0.990608 0.890077
0.990606 0.890045
0.990605 0.890013
0.990603 0.889981
0.990601 0.889949
0.9906 0.889917
0.990598 0.889885
0.990597 0.889853
0.990595 0.889821
0.990593 0.889789
0.990592 0.889757
0.99059 0.889725
0.990589 0.889693
0.990587 0.889661
0.990586 0.889629
0.990584 0.889597
0.990582 0.889565
0.990581 0.889533
0.990579 0.889501
0.990578 0.889469
0.990576 0.889437
0.990575 0.889405
0.990573 0.889373
0.990571 0.889341
0.99057 0.889309
0.990568 0.889277
0.990567 0.889245
0.990565 0.889213
0.990564 0.889181
0.990562 0.889149
0.99056 0.889117
0.990559 0.889085
0.990557 0.889053
0.990556 0.889021
0.990554 0.888989
0.990552 0.888957
0.990551 0.888925
0.990549 0.888893
0.990548 0.888861
0.990546 0.888829
0.990545 0.888797
0.990543 0.888765
0.990541 0.888733
0.99054 0.888701
0.990538 0.888669
0.990537 0.888637
0.990535 0.888605
0.990534 0.888573
0.990532 0.888541
0.99053 0.888509
0.990529 0.888477
0.990527 0.888445
0.990526 0.888413
0.990524 0.888381
0.990522 0.888349
0.990521 0.888317
0.990519 0.888285
0.990518 0.888253
0.990516 0.888221
0.990515 0.888189
0.990513 0.888157
0.990511 0.888125
0.99051 0.888093
0.990508 0.88806
0.990507 0.888028
0.990505 0.887996
0.990503 0.887964
0.990502 0.887932
0.9905 0.8879
0.990499 0.887868
0.990497 0.887836
0.990496 0.887804
0.990494 0.887772
0.990492 0.88774
0.990491 0.887708
0.990489 0.887676
0.990488 0.887643
0.990486 0.887611
0.990484 0.887579
0.990483 0.887547
0.990481 0.887515
0.99048 0.887483
0.990478 0.887451
0.990477 0.887419
0.990475 0.887387
0.990473 0.887354
0.990472 0.887322
0.99047 0.88729
0.990469 0.887258
0.990467 0.887226
0.990465 0.887194
0.990464 0.887162
0.990462 0.887129
0.990461 0.887097
0.990459 0.887065
0.990458 0.887033
0.990456 0.887001
0.990454 0.886969
0.990453 0.886936
0.990451 0.886904
0.99045 0.886872
0.990448 0.88684
0.990446 0.886808
0.990445 0.886776
0.990443 0.886743
0.990442 0.886711
0.99044 0.886679
0.990438 0.886647
0.990437 0.886614
0.990435 0.886582
0.990434 0.88655
0.990432 0.886518
0.990431 0.886485
0.990429 0.886453
0.990427 0.886421
0.990426 0.886389
0.990424 0.886356
0.990423 0.886324
0.990421 0.886292
0.990419 0.88626
0.990418 0.886227
0.990416 0.886195
0.990415 0.886163
0.990413 0.886131
0.990411 0.886098
0.99041 0.886066
0.990408 0.886034
0.990407 0.886001
0.990405 0.885969
0.990403 0.885937
0.990402 0.885904
0.9904 0.885872
0.990399 0.88584
0.990397 0.885807
0.990395 0.885775
0.990394 0.885743
0.990392 0.88571
0.990391 0.885678
0.990389 0.885645
0.990388 0.885613
0.990386 0.885581
0.990384 0.885548
0.990383 0.885516
0.990381 0.885483
0.99038 0.885451
0.990378 0.885419
0.990376 0.885386
0.990375 0.885354
0.990373 0.885321
0.990372 0.885289
0.99037 0.885256
0.990368 0.885224
0.990367 0.885191
0.990365 0.885159
0.990364 0.885126
0.990362 0.885094
0.99036 0.885061
0.990359 0.885029
0.990357 0.884996
0.990356 0.884964
0.990354 0.884931
0.990352 0.884899
0.990351 0.884866
0.990349 0.884834
0.990347 0.884801
0.990346 0.884769
0.990344 0.884736
0.990343 0.884704
0.990341 0.884671
0.990339 0.884638
0.990338 0.884606
0.990336 0.884573
0.990335 0.884541
0.990333 0.884508
0.990331 0.884475
0.99033 0.884443
0.990328 0.88441
0.990327 0.884377
0.990325 0.884345
0.990323 0.884312
0.990322 0.884279
0.99032 0.884247
0.990319 0.884214
0.990317 0.884181
0.990315 0.884149
0.990314 0.884116
0.990312 0.884083
0.990311 0.88405
0.990309 0.884018
0.990307 0.883985
0.990306 0.883952
0.990304 0.883919
0.990302 0.883887
0.990301 0.883854
0.990299 0.883821
0.990298 0.883788
0.990296 0.883756
0.990294 0.883723
0.990293 0.88369
0.990291 0.883657
0.99029 0.883624
0.990288 0.883591
0.990286 0.883558
0.990285 0.883526
0.990283 0.883493
0.990281 0.88346
0.99028 0.883427
0.990278 0.883394
0.990277 0.883361
0.990275 0.883328
0.990273 0.883295
0.990272 0.883262
0.99027 0.883229
0.990268 0.883196
0.990267 0.883163
0.990265 0.88313
0.990264 0.883098
0.990262 0.883065
0.99026 0.883032
0.990259 0.882998
0.990257 0.882965
0.990256 0.882932
0.990254 0.882899
0.990252 0.882866
0.990251 0.882833
0.990249 0.8828
0.990247 0.882767
0.990246 0.882734
0.990244 0.882701
0.990242 0.882668
0.990241 0.882635
0.990239 0.882602
0.990238 0.882568
0.990236 0.882535
0.990234 0.882502
0.990233 0.882469
0.990231 0.882436
0.990229 0.882402
0.990228 0.882369
0.990226 0.882336
0.990225 0.882303
0.990223 0.88227
0.990221 0.882236
0.99022 0.882203
0.990218 0.88217
0.990216 0.882136
0.990215 0.882103
0.990213 0.88207
0.990211 0.882037
0.99021 0.882003
0.990208 0.88197
0.990207 0.881936
0.990205 0.881903
0.990203 0.88187
0.990202 0.881836
0.9902 0.881803
0.990198 0.88177
0.990197 0.881736
0.990195 0.881703
0.990193 0.881669
0.990192 0.881636
0.99019 0.881602
0.990189 0.881569
0.990187 0.881535
0.990185 0.881502
0.990184 0.881468
0.990182 0.881435
0.99018 0.881401
0.990179 0.881368
0.990177 0.881334
0.990175 0.881301
0.990174 0.881267
0.990172 0.881233
0.99017 0.8812
0.990169 0.881166
0.990167 0.881132
0.990165 0.881099
0.990164 0.881065
0.990162 0.881031
0.990161 0.880998
0.990159 0.880964
0.990157 0.88093
0.990156 0.880897
0.990154 0.880863
0.990152 0.880829
0.990151 0.880795
0.990149 0.880761
0.990147 0.880728
0.990146 0.880694
0.990144 0.88066
0.990142 0.880626
0.990141 0.880592
0.990139 0.880558
0.990137 0.880525
0.990136 0.880491
0.990134 0.880457
0.990132 0.880423
0.990131 0.880389
0.990129 0.880355
0.990127 0.880321
0.990126 0.880287
0.990124 0.880253
0.990122 0.880219
0.990121 0.880185
0.990119 0.880151
0.990117 0.880117
0.990116 0.880083
0.990114 0.880049
0.990112 0.880015
0.990111 0.879981
0.990109 0.879947
0.990107 0.879912
0.990106 0.879878
0.990104 0.879844
0.990102 0.87981
0.990101 0.879776
0.990099 0.879741
0.990097 0.879707
0.990096 0.879673
0.990094 0.879639
0.990092 0.879604
0.990091 0.87957
0.990089 0.879536
0.990087 0.879502
0.990086 0.879467
0.990084 0.879433
0.990082 0.879399
0.990081 0.879364
0.990079 0.87933
0.990077 0.879295
0.990075 0.879261
0.990074 0.879227
0.990072 0.879192
0.99007 0.879158
0.990069 0.879123
0.990067 0.879089
0.990065 0.879054
0.990064 0.87902
0.990062 0.878985
0.99006 0.87895
0.990059 0.878916
0.990057 0.878881
0.990055 0.878847
0.990054 0.878812
0.990052 0.878777
0.99005 0.878743
0.990048 0.878708
0.990047 0.878673
0.990045 0.878639
0.990043 0.878604
0.990042 0.878569
0.99004 0.878534
0.990038 0.8785
0.990037 0.878465
0.990035 0.87843
0.990033 0.878395
0.990031 0.87836
0.99003 0.878325
0.990028 0.878291
0.990026 0.878256
0.990025 0.878221
0.990023 0.878186
0.990021 0.878151
0.99002 0.878116
0.990018 0.878081
0.990016 0.878046
0.990014 0.878011
0.990013 0.877976
0.990011 0.877941
0.990009 0.877906
0.990008 0.877871
0.990006 0.877835
0.990004 0.8778
0.990002 0.877765
0.990001 0.87773
0.989999 0.877695
0.989997 0.87766
0.989996 0.877624
0.989994 0.877589
0.989992 0.877554
0.98999 0.877519
0.989989 0.877483
0.989987 0.877448
0.989985 0.877413
0.989984 0.877377
0.989982 0.877342
0.98998 0.877306
0.989978 0.877271
0.989977 0.877236
0.989975 0.8772
0.989973 0.877165
0.989971 0.877129
0.98997 0.877094
0.989968 0.877058
0.989966 0.877023
0.989965 0.876987
0.989963 0.876951
0.989961 0.876916
0.989959 0.87688
0.989958 0.876845
0.989956 0.876809
0.989954 0.876773
0.989952 0.876737
0.989951 0.876702
0.989949 0.876666
0.989947 0.87663
0.989945 0.876594
0.989944 0.876559
0.989942 0.876523
0.98994 0.876487
0.989938 0.876451
0.989937 0.876415
0.989935 0.876379
0.989933 0.876343
0.989931 0.876307
0.98993 0.876271
0.989928 0.876235
0.989926 0.876199
0.989924 0.876163
0.989923 0.876127
0.989921 0.876091
0.989919 0.876055
0.989917 0.876019
0.989916 0.875983
0.989914 0.875947
0.989912 0.87591
0.98991 0.875874
0.989909 0.875838
0.989907 0.875802
0.989905 0.875765
0.989903 0.875729
0.989902 0.875693
0.9899 0.875656
0.989898 0.87562
0.989896 0.875584
0.989895 0.875547
0.989893 0.875511
0.989891 0.875474
0.989889 0.875438
0.989887 0.875401
0.989886 0.875365
0.989884 0.875328
0.989882 0.875292
0.98988 0.875255
0.989879 0.875218
0.989877 0.875182
0.989875 0.875145
0.989873 0.875108
0.989871 0.875072
0.98987 0.875035
0.989868 0.874998
0.989866 0.874961
0.989864 0.874925
0.989863 0.874888
0.989861 0.874851
0.989859 0.874814
0.989857 0.874777
0.989855 0.87474
0.989854 0.874703
0.989852 0.874666
0.98985 0.874629
0.989848 0.874592
0.989846 0.874555
0.989845 0.874518
0.989843 0.874481
0.989841 0.874444
0.989839 0.874407
0.989837 0.87437
0.989836 0.874332
0.989834 0.874295
0.989832 0.874258
0.98983 0.874221
0.989828 0.874183
0.989827 0.874146
0.989825 0.874109
0.989823 0.874071
0.989821 0.874034
0.989819 0.873996
0.989818 0.873959
0.989816 0.873922
0.989814 0.873884
0.989812 0.873847
0.98981 0.873809
0.989808 0.873771
0.989807 0.873734
0.989805 0.873696
0.989803 0.873658
0.989801 0.873621
0.989799 0.873583
0.989797 0.873545
0.989796 0.873508
0.989794 0.87347
0.989792 0.873432
0.98979 0.873394
0.989788 0.873356
0.989787 0.873318
0.989785 0.87328
0.989783 0.873242
0.989781 0.873204
0.989779 0.873166
0.989777 0.873128
0.989775 0.87309
0.989774 0.873052
0.989772 0.873014
0.98977 0.872976
0.989768 0.872938
0.989766 0.8729
0.989764 0.872861
0.989763 0.872823
0.989761 0.872785
0.989759 0.872746
0.989757 0.872708
0.989755 0.87267
0.989753 0.872631
0.989751 0.872593
0.98975 0.872554
0.989748 0.872516
0.989746 0.872477
0.989744 0.872439
0.989742 0.8724
0.98974 0.872362
0.989738 0.872323
0.989737 0.872284
0.989735 0.872246
0.989733 0.872207
0.989731 0.872168
0.989729 0.872129
0.989727 0.872091
0.989725 0.872052
0.989723 0.872013
0.989722 0.871974
0.98972 0.871935
0.989718 0.871896
0.989716 0.871857
0.989714 0.871818
0.989712 0.871779
0.98971 0.87174
0.989708 0.871701
0.989707 0.871662
0.989705 0.871622
0.989703 0.871583
0.989701 0.871544
0.989699 0.871505
0.989697 0.871465
0.989695 0.871426
0.989693 0.871387
0.989691 0.871347
0.98969 0.871308
0.989688 0.871268
0.989686 0.871229
0.989684 0.871189
0.989682 0.87115
0.98968 0.87111
0.989678 0.871071
0.989676 0.871031
0.989674 0.870991
0.989672 0.870952
0.98967 0.870912
0.989669 0.870872
0.989667 0.870832
0.989665 0.870792
0.989663 0.870752
0.989661 0.870713
0.989659 0.870673
0.989657 0.870633
0.989655 0.870593
0.989653 0.870553
0.989651 0.870512
0.989649 0.870472
0.989647 0.870432
0.989645 0.870392
0.989644 0.870352
0.989642 0.870312
0.98964 0.870271
0.989638 0.870231
0.989636 0.870191
0.989634 0.87015
0.989632 0.87011
0.98963 0.870069
0.989628 0.870029
0.989626 0.869988
0.989624 0.869948
0.989622 0.869907
0.98962 0.869866
0.989618 0.869826
0.989616 0.869785
0.989614 0.869744
0.989612 0.869704
0.98961 0.869663
0.989608 0.869622
0.989606 0.869581
0.989605 0.86954
0.989603 0.869499
0.989601 0.869458
0.989599 0.869417
0.989597 0.869376
0.989595 0.869335
0.989593 0.869294
0.989591 0.869253
0.989589 0.869211
0.989587 0.86917
0.989585 0.869129
0.989583 0.869088
0.989581 0.869046
0.989579 0.869005
0.989577 0.868963
0.989575 0.868922
0.989573 0.86888
0.989571 0.868839
0.989569 0.868797
0.989567 0.868756
0.989565 0.868714
0.989563 0.868672
0.989561 0.86863
0.989559 0.868589
0.989557 0.868547
0.989555 0.868505
0.989553 0.868463
0.989551 0.868421
0.989549 0.868379
0.989547 0.868337
0.989545 0.868295
0.989543 0.868253
0.989541 0.868211
0.989539 0.868169
0.989537 0.868126
0.989535 0.868084
0.989533 0.868042
0.989531 0.868
0.989529 0.867957
0.989527 0.867915
0.989525 0.867872
0.989523 0.86783
0.989521 0.867787
0.989518 0.867745
0.989516 0.867702
0.989514 0.867659
0.989512 0.867617
0.98951 0.867574
0.989508 0.867531
0.989506 0.867488
0.989504 0.867445
0.989502 0.867402
0.9895 0.86736
0.989498 0.867317
0.989496 0.867273
0.989494 0.86723
0.989492 0.867187
0.98949 0.867144
0.989488 0.867101
0.989486 0.867058
0.989484 0.867014
0.989482 0.866971
0.989479 0.866928
0.989477 0.866884
0.989475 0.866841
0.989473 0.866797
0.989471 0.866754
0.989469 0.86671
0.989467 0.866666
0.989465 0.866623
0.989463 0.866579
0.989461 0.866535
0.989459 0.866491
0.989457 0.866447
0.989454 0.866404
0.989452 0.86636
0.98945 0.866316
0.989448 0.866272
0.989446 0.866227
0.989444 0.866183
0.989442 0.866139
0.98944 0.866095
0.989438 0.866051
0.989435 0.866006
0.989433 0.865962
0.989431 0.865918
0.989429 0.865873
0.989427 0.865829
0.989425 0.865784
0.989423 0.865739
0.989421 0.865695
0.989419 0.86565
0.989416 0.865605
0.989414 0.86556
0.989412 0.865516
0.98941 0.865471
0.989408 0.865426
0.989406 0.865381
0.989404 0.865336
0.989401 0.865291
0.989399 0.865246
0.989397 0.8652
0.989395 0.865155
0.989393 0.86511
0.989391 0.865065
0.989388 0.865019
0.989386 0.864974
0.989384 0.864928
0.989382 0.864883
0.98938 0.864837
0.989378 0.864792
0.989375 0.864746
0.989373 0.8647
0.989371 0.864654
0.989369 0.864609
0.989367 0.864563
0.989365 0.864517
0.989362 0.864471
0.98936 0.864425
0.989358 0.864379
0.989356 0.864333
0.989354 0.864286
0.989351 0.86424
0.989349 0.864194
0.989347 0.864148
0.989345 0.864101
0.989343 0.864055
0.98934 0.864008
0.989338 0.863962
0.989336 0.863915
0.989334 0.863868
0.989332 0.863822
0.989329 0.863775
0.989327 0.863728
0.989325 0.863681
0.989323 0.863634
0.98932 0.863587
0.989318 0.86354
0.989316 0.863493
0.989314 0.863446
0.989312 0.863399
0.989309 0.863352
0.989307 0.863304
0.989305 0.863257
0.989303 0.86321
0.9893 0.863162
0.989298 0.863115
0.989296 0.863067
0.989294 0.863019
0.989291 0.862972
0.989289 0.862924
0.989287 0.862876
0.989284 0.862828
0.989282 0.86278
0.98928 0.862732
0.989278 0.862684
0.989275 0.862636
0.989273 0.862588
0.989271 0.86254
0.989269 0.862492
0.989266 0.862443
0.989264 0.862395
0.989262 0.862346
0.989259 0.862298
0.989257 0.862249
0.989255 0.862201
0.989252 0.862152
0.98925 0.862103
0.989248 0.862055
0.989245 0.862006
0.989243 0.861957
0.989241 0.861908
0.989239 0.861859
0.989236 0.86181
0.989234 0.861761
0.989232 0.861711
0.989229 0.861662
0.989227 0.861613
0.989225 0.861563
0.989222 0.861514
0.98922 0.861464
0.989218 0.861415
0.989215 0.861365
0.989213 0.861315
0.989211 0.861266
0.989208 0.861216
0.989206 0.861166
0.989203 0.861116
0.989201 0.861066
0.989199 0.861016
0.989196 0.860966
0.989194 0.860915
0.989192 0.860865
0.989189 0.860815
0.989187 0.860764
0.989184 0.860714
0.989182 0.860663
0.98918 0.860613
0.989177 0.860562
0.989175 0.860511
0.989172 0.860461
0.98917 0.86041
0.989168 0.860359
0.989165 0.860308
0.989163 0.860257
0.98916 0.860206
0.989158 0.860155
0.989156 0.860103
0.989153 0.860052
0.989151 0.860001
0.989148 0.859949
0.989146 0.859898
0.989144 0.859846
0.989141 0.859794
0.989139 0.859743
0.989136 0.859691
0.989134 0.859639
0.989131 0.859587
0.989129 0.859535
0.989126 0.859483
0.989124 0.859431
0.989121 0.859378
0.989119 0.859326
0.989117 0.859274
0.989114 0.859221
0.989112 0.859169
0.989109 0.859116
0.989107 0.859064
0.989104 0.859011
0.989102 0.858958
0.989099 0.858905
0.989097 0.858852
0.989094 0.858799
0.989092 0.858746
0.989089 0.858693
0.989087 0.85864
0.989084 0.858587
0.989082 0.858533
0.989079 0.85848
0.989077 0.858426
0.989074 0.858373
0.989072 0.858319
0.989069 0.858265
0.989067 0.858211
0.989064 0.858158
0.989062 0.858104
0.989059 0.85805
0.989056 0.857995
0.989054 0.857941
0.989051 0.857887
0.989049 0.857833
0.989046 0.857778
0.989044 0.857724
0.989041 0.857669
0.989039 0.857614
0.989036 0.85756
0.989033 0.857505
0.989031 0.85745
0.989028 0.857395
0.989026 0.85734
0.989023 0.857285
0.98902 0.85723
0.989018 0.857174
0.989015 0.857119
0.989013 0.857064
0.98901 0.857008
0.989007 0.856952
0.989005 0.856897
0.989002 0.856841
0.989 0.856785
0.988997 0.856729
0.988994 0.856673
0.988992 0.856617
0.988989 0.856561
0.988986 0.856505
0.988984 0.856448
0.988981 0.856392
0.988979 0.856335
0.988976 0.856279
0.988973 0.856222
0.988971 0.856165
0.988968 0.856108
0.988965 0.856052
0.988963 0.855995
0.98896 0.855937
0.988957 0.85588
0.988955 0.855823
0.988952 0.855766
0.988949 0.855708
0.988946 0.855651
0.988944 0.855593
0.988941 0.855535
0.988938 0.855477
0.988936 0.85542
0.988933 0.855362
0.98893 0.855304
0.988928 0.855245
0.988925 0.855187
0.988922 0.855129
0.988919 0.85507
0.988917 0.855012
0.988914 0.854953
0.988911 0.854895
0.988908 0.854836
0.988906 0.854777
0.988903 0.854718
0.9889 0.854659
0.988897 0.8546
0.988895 0.854541
0.988892 0.854481
0.988889 0.854422
0.988886 0.854362
0.988883 0.854303
0.988881 0.854243
0.988878 0.854183
0.988875 0.854123
0.988872 0.854063
0.988869 0.854003
0.988867 0.853943
0.988864 0.853883
0.988861 0.853822
0.988858 0.853762
0.988855 0.853701
0.988853 0.853641
0.98885 0.85358
0.988847 0.853519
0.988844 0.853458
0.988841 0.853397
0.988838 0.853336
0.988835 0.853275
0.988833 0.853213
0.98883 0.853152
0.988827 0.85309
0.988824 0.853029
0.988821 0.852967
0.988818 0.852905
0.988815 0.852843
0.988812 0.852781
0.98881 0.852719
0.988807 0.852657
0.988804 0.852594
0.988801 0.852532
0.988798 0.852469
0.988795 0.852406
0.988792 0.852344
0.988789 0.852281
0.988786 0.852218
0.988783 0.852155
0.98878 0.852092
0.988777 0.852028
0.988774 0.851965
0.988772 0.851901
0.988769 0.851838
0.988766 0.851774
0.988763 0.85171
0.98876 0.851646
0.988757 0.851582
0.988754 0.851518
0.988751 0.851454
0.988748 0.851389
0.988745 0.851325
0.988742 0.85126
0.988739 0.851195
0.988736 0.851131
0.988733 0.851066
0.98873 0.851001
0.988727 0.850935
0.988724 0.85087
0.988721 0.850805
0.988718 0.850739
0.988714 0.850674
0.988711 0.850608
0.988708 0.850542
0.988705 0.850476
0.988702 0.85041
0.988699 0.850344
0.988696 0.850278
0.988693 0.850211
0.98869 0.850145
0.988687 0.850078
0.988684 0.850011
0.988681 0.849944
0.988678 0.849877
0.988674 0.84981
0.988671 0.849743
0.988668 0.849675
0.988665 0.849608
0.988662 0.84954
0.988659 0.849473
0.988656 0.849405
0.988652 0.849337
0.988649 0.849269
0.988646 0.8492
0.988643 0.849132
0.98864 0.849064
0.988637 0.848995
0.988633 0.848926
0.98863 0.848857
0.988627 0.848788
0.988624 0.848719
0.988621 0.84865
0.988617 0.848581
0.988614 0.848511
0.988611 0.848442
0.988608 0.848372
0.988605 0.848302
0.988601 0.848232
0.988598 0.848162
0.988595 0.848092
0.988592 0.848021
0.988588 0.847951
0.988585 0.84788
0.988582 0.847809
0.988579 0.847738
0.988575 0.847667
0.988572 0.847596
0.988569 0.847525
0.988565 0.847453
0.988562 0.847382
0.988559 0.84731
0.988555 0.847238
0.988552 0.847166
0.988549 0.847094
0.988545 0.847022
0.988542 0.846949
0.988539 0.846877
0.988535 0.846804
0.988532 0.846731
0.988529 0.846658
0.988525 0.846585
0.988522 0.846512
0.988518 0.846439
0.988515 0.846365
0.988512 0.846292
0.988508 0.846218
0.988505 0.846144
0.988501 0.84607
0.988498 0.845995
0.988495 0.845921
0.988491 0.845846
0.988488 0.845772
0.988484 0.845697
0.988481 0.845622
0.988477 0.845547
0.988474 0.845472
0.98847 0.845396
0.988467 0.845321
0.988463 0.845245
0.98846 0.845169
0.988456 0.845093
0.988453 0.845017
0.988449 0.84494
0.988446 0.844864
0.988442 0.844787
0.988439 0.844711
0.988435 0.844634
0.988432 0.844556
0.988428 0.844479
0.988425 0.844402
0.988421 0.844324
0.988418 0.844247
0.988414 0.844169
0.98841 0.844091
0.988407 0.844012
0.988403 0.843934
0.9884 0.843855
0.988396 0.843777
0.988392 0.843698
0.988389 0.843619
0.988385 0.84354
0.988381 0.84346
0.988378 0.843381
0.988374 0.843301
0.98837 0.843221
0.988367 0.843141
0.988363 0.843061
0.988359 0.842981
0.988356 0.8429
0.988352 0.84282
0.988348 0.842739
0.988345 0.842658
0.988341 0.842577
0.988337 0.842495
0.988333 0.842414
0.98833 0.842332
0.988326 0.84225
0.988322 0.842168
0.988318 0.842086
0.988314 0.842004
0.988311 0.841921
0.988307 0.841838
0.988303 0.841755
0.988299 0.841672
0.988295 0.841589
0.988292 0.841505
0.988288 0.841422
0.988284 0.841338
0.98828 0.841254
0.988276 0.84117
0.988272 0.841085
0.988269 0.841001
0.988265 0.840916
0.988261 0.840831
0.988257 0.840746
0.988253 0.840661
0.988249 0.840575
0.988245 0.84049
0.988241 0.840404
0.988237 0.840318
0.988233 0.840231
0.988229 0.840145
0.988225 0.840058
0.988221 0.839971
0.988217 0.839884
0.988213 0.839797
0.988209 0.83971
0.988205 0.839622
0.988201 0.839534
0.988197 0.839446
0.988193 0.839358
0.988189 0.83927
0.988185 0.839181
0.988181 0.839092
0.988177 0.839003
0.988173 0.838914
0.988169 0.838825
0.988165 0.838735
0.988161 0.838645
0.988157 0.838555
0.988153 0.838465
0.988148 0.838375
0.988144 0.838284
0.98814 0.838193
0.988136 0.838102
0.988132 0.838011
0.988128 0.837919
0.988124 0.837828
0.988119 0.837736
0.988115 0.837644
0.988111 0.837551
0.988107 0.837459
0.988102 0.837366
0.988098 0.837273
0.988094 0.83718
0.98809 0.837086
0.988085 0.836992
0.988081 0.836899
0.988077 0.836805
0.988073 0.83671
0.988068 0.836616
0.988064 0.836521
0.98806 0.836426
0.988055 0.836331
0.988051 0.836235
0.988047 0.836139
0.988042 0.836044
0.988038 0.835947
0.988033 0.835851
0.988029 0.835754
0.988025 0.835658
0.98802 0.83556
0.988016 0.835463
0.988011 0.835366
0.988007 0.835268
0.988003 0.83517
0.987998 0.835071
0.987994 0.834973
0.987989 0.834874
0.987985 0.834775
0.98798 0.834676
0.987976 0.834576
0.987971 0.834477
0.987966 0.834377
0.987962 0.834276
0.987957 0.834176
0.987953 0.834075
0.987948 0.833974
0.987944 0.833873
0.987939 0.833771
0.987934 0.83367
0.98793 0.833568
0.987925 0.833465
0.98792 0.833363
0.987916 0.83326
0.987911 0.833157
0.987906 0.833054
0.987902 0.83295
0.987897 0.832846
0.987892 0.832742
0.987888 0.832638
0.987883 0.832533
0.987878 0.832428
0.987873 0.832323
0.987869 0.832218
0.987864 0.832112
0.987859 0.832006
0.987854 0.8319
0.987849 0.831793
0.987844 0.831686
0.98784 0.831579
0.987835 0.831472
0.98783 0.831364
0.987825 0.831256
0.98782 0.831148
0.987815 0.831039
0.98781 0.83093
0.987805 0.830821
0.9878 0.830712
0.987795 0.830602
0.98779 0.830492
0.987785 0.830382
0.98778 0.830271
0.987775 0.830161
0.98777 0.830049
0.987765 0.829938
0.98776 0.829826
0.987755 0.829714
0.98775 0.829602
0.987745 0.829489
0.98774 0.829376
0.987735 0.829263
0.98773 0.829149
0.987725 0.829035
0.987719 0.828921
0.987714 0.828807
0.987709 0.828692
0.987704 0.828577
0.987699 0.828461
0.987694 0.828346
0.987688 0.828229
0.987683 0.828113
0.987678 0.827996
0.987672 0.827879
0.987667 0.827762
0.987662 0.827644
0.987657 0.827526
0.987651 0.827408
0.987646 0.827289
0.987641 0.82717
0.987635 0.827051
0.98763 0.826931
0.987624 0.826811
0.987619 0.82669
0.987613 0.82657
0.987608 0.826449
0.987603 0.826327
0.987597 0.826205
0.987592 0.826083
0.987586 0.825961
0.987581 0.825838
0.987575 0.825715
0.987569 0.825591
0.987564 0.825467
0.987558 0.825343
0.987553 0.825218
0.987547 0.825093
0.987541 0.824968
0.987536 0.824842
0.98753 0.824716
0.987524 0.82459
0.987519 0.824463
0.987513 0.824336
0.987507 0.824208
0.987502 0.82408
0.987496 0.823952
0.98749 0.823823
0.987484 0.823694
0.987478 0.823565
0.987473 0.823435
0.987467 0.823305
0.987461 0.823174
0.987455 0.823043
0.987449 0.822912
0.987443 0.82278
0.987437 0.822648
0.987431 0.822515
0.987425 0.822382
0.987419 0.822249
0.987413 0.822115
0.987407 0.821981
0.987401 0.821846
0.987395 0.821711
0.987389 0.821576
0.987383 0.82144
0.987377 0.821304
0.987371 0.821167
0.987365 0.82103
0.987359 0.820892
0.987352 0.820754
0.987346 0.820616
0.98734 0.820477
0.987334 0.820338
0.987327 0.820198
0.987321 0.820058
0.987315 0.819917
0.987309 0.819776
0.987302 0.819635
0.987296 0.819493
0.98729 0.819351
0.987283 0.819208
0.987277 0.819064
0.98727 0.818921
0.987264 0.818777
0.987257 0.818632
0.987251 0.818487
0.987244 0.818341
0.987238 0.818195
0.987231 0.818049
0.987225 0.817902
0.987218 0.817754
0.987212 0.817606
0.987205 0.817458
0.987198 0.817309
0.987192 0.81716
0.987185 0.81701
0.987178 0.816859
0.987172 0.816709
0.987165 0.816557
0.987158 0.816405
0.987151 0.816253
0.987144 0.8161
0.987138 0.815947
0.987131 0.815793
0.987124 0.815639
0.987117 0.815484
0.98711 0.815328
0.987103 0.815172
0.987096 0.815016
0.987089 0.814859
0.987082 0.814701
0.987075 0.814543
0.987068 0.814385
0.987061 0.814226
0.987054 0.814066
0.987047 0.813906
0.987039 0.813745
0.987032 0.813584
0.987025 0.813422
0.987018 0.813259
0.987011 0.813096
0.987003 0.812933
0.986996 0.812769
0.986989 0.812604
0.986981 0.812439
0.986974 0.812273
0.986967 0.812107
0.986959 0.81194
0.986952 0.811772
0.986944 0.811604
0.986937 0.811435
0.986929 0.811266
0.986922 0.811096
0.986914 0.810926
0.986907 0.810754
0.986899 0.810583
0.986891 0.81041
0.986884 0.810237
0.986876 0.810064
0.986868 0.80989
0.98686 0.809715
0.986853 0.809539
0.986845 0.809363
0.986837 0.809187
0.986829 0.809009
0.986821 0.808831
0.986813 0.808652
0.986805 0.808473
0.986797 0.808293
0.986789 0.808113
0.986781 0.807931
0.986773 0.807749
0.986765 0.807567
0.986757 0.807383
0.986749 0.807199
0.986741 0.807015
0.986733 0.80683
0.986724 0.806643
0.986716 0.806457
0.986708 0.806269
0.986699 0.806081
0.986691 0.805892
0.986683 0.805703
0.986674 0.805513
0.986666 0.805322
0.986657 0.80513
0.986649 0.804937
0.98664 0.804744
0.986632 0.80455
0.986623 0.804356
0.986614 0.80416
0.986606 0.803964
0.986597 0.803767
0.986588 0.80357
0.98658 0.803371
0.986571 0.803172
0.986562 0.802972
0.986553 0.802771
0.986544 0.80257
0.986535 0.802368
0.986526 0.802165
0.986517 0.801961
0.986508 0.801756
0.986499 0.80155
0.98649 0.801344
0.986481 0.801137
0.986472 0.800929
0.986463 0.80072
0.986453 0.800511
0.986444 0.8003
0.986435 0.800089
0.986425 0.799877
0.986416 0.799664
0.986407 0.79945
0.986397 0.799235
0.986388 0.79902
0.986378 0.798803
0.986368 0.798586
0.986359 0.798368
0.986349 0.798148
0.98634 0.797928
0.98633 0.797707
0.98632 0.797486
0.98631 0.797263
0.9863 0.797039
0.98629 0.796815
0.986281 0.796589
0.986271 0.796363
0.986261 0.796135
0.986251 0.795907
0.98624 0.795677
0.98623 0.795447
0.98622 0.795216
0.98621 0.794984
0.9862 0.79475
0.986189 0.794516
0.986179 0.794281
0.986169 0.794045
0.986158 0.793808
0.986148 0.793569
0.986137 0.79333
0.986127 0.79309
0.986116 0.792848
0.986105 0.792606
0.986095 0.792363
0.986084 0.792118
0.986073 0.791873
0.986062 0.791626
0.986052 0.791378
0.986041 0.791129
0.98603 0.79088
0.986019 0.790629
0.986008 0.790376
0.985997 0.790123
0.985985 0.789869
0.985974 0.789613
0.985963 0.789357
0.985952 0.789099
0.98594 0.78884
0.985929 0.78858
0.985917 0.788319
0.985906 0.788057
0.985894 0.787793
0.985883 0.787528
0.985871 0.787262
0.985859 0.786995
0.985848 0.786726
0.985836 0.786457
0.985824 0.786186
0.985812 0.785914
0.9858 0.78564
0.985788 0.785366
0.985776 0.78509
0.985764 0.784813
0.985752 0.784534
0.985739 0.784254
0.985727 0.783973
0.985715 0.783691
0.985702 0.783407
0.98569 0.783122
0.985677 0.782835
0.985665 0.782547
0.985652 0.782258
0.985639 0.781968
0.985627 0.781676
0.985614 0.781382
0.985601 0.781088
0.985588 0.780791
0.985575 0.780494
0.985562 0.780195
0.985549 0.779894
0.985536 0.779592
0.985522 0.779289
0.985509 0.778984
0.985496 0.778678
0.985482 0.77837
0.985469 0.77806
0.985455 0.777749
0.985441 0.777437
0.985428 0.777123
0.985414 0.776807
0.9854 0.77649
0.985386 0.776172
0.985372 0.775851
0.985358 0.775529
0.985344 0.775206
0.98533 0.77488
0.985316 0.774554
0.985301 0.774225
0.985287 0.773895
0.985272 0.773563
0.985258 0.77323
0.985243 0.772894
0.985228 0.772557
0.985214 0.772219
0.985199 0.771878
0.985184 0.771536
0.985169 0.771192
0.985154 0.770846
0.985139 0.770499
0.985123 0.770149
0.985108 0.769798
0.985093 0.769445
0.985077 0.76909
0.985062 0.768733
0.985046 0.768374
0.98503 0.768014
0.985015 0.767651
0.984999 0.767287
0.984983 0.76692
0.984967 0.766552
0.984951 0.766181
0.984934 0.765809
0.984918 0.765435
0.984902 0.765058
0.984885 0.76468
0.984869 0.764299
0.984852 0.763916
0.984835 0.763532
0.984818 0.763145
0.984801 0.762756
0.984784 0.762365
0.984767 0.761971
0.98475 0.761576
0.984733 0.761178
0.984715 0.760778
0.984698 0.760376
0.98468 0.759972
0.984662 0.759565
0.984645 0.759156
0.984627 0.758745
0.984609 0.758331
0.984591 0.757915
0.984572 0.757497
0.984554 0.757076
0.984536 0.756653
0.984517 0.756227
0.984498 0.755799
0.98448 0.755369
0.984461 0.754936
0.984442 0.7545
0.984423 0.754062
0.984404 0.753621
0.984384 0.753178
0.984365 0.752732
0.984345 0.752284
0.984326 0.751833
0.984306 0.751379
0.984286 0.750922
0.984266 0.750463
0.984246 0.750001
0.984226 0.749536
0.984206 0.749069
0.984185 0.748598
0.984164 0.748125
0.984144 0.747649
0.984123 0.74717
0.984102 0.746688
0.984081 0.746204
0.98406 0.745716
0.984038 0.745225
0.984017 0.744731
0.983995 0.744234
0.983973 0.743734
0.983951 0.743231
0.983929 0.742725
0.983907 0.742216
0.983885 0.741703
0.983862 0.741187
0.98384 0.740668
0.983817 0.740146
0.983794 0.73962
0.983771 0.739091
0.983748 0.738559
0.983724 0.738023
0.983701 0.737484
0.983677 0.736941
0.983653 0.736395
0.983629 0.735846
0.983605 0.735292
0.983581 0.734736
0.983557 0.734175
0.983532 0.733611
0.983507 0.733043
0.983482 0.732472
0.983457 0.731896
0.983432 0.731317
0.983407 0.730734
0.983381 0.730148
0.983355 0.729557
0.983329 0.728962
0.983303 0.728363
0.983277 0.727761
0.98325 0.727154
0.983223 0.726543
0.983197 0.725928
0.98317 0.725309
0.983142 0.724686
0.983115 0.724058
0.983087 0.723426
0.983059 0.72279
0.983031 0.722149
0.983003 0.721504
0.982975 0.720854
0.982946 0.7202
0.982917 0.719541
0.982888 0.718878
0.982859 0.71821
0.982829 0.717537
0.9828 0.71686
0.98277 0.716178
0.98274 0.715491
0.982709 0.714799
0.982679 0.714102
0.982648 0.7134
0.982617 0.712693
0.982586 0.711981
0.982554 0.711264
0.982522 0.710542
0.98249 0.709814
0.982458 0.709081
0.982426 0.708343
0.982393 0.7076
0.98236 0.706851
0.982327 0.706096
0.982293 0.705336
0.98226 0.70457
0.982226 0.703799
0.982191 0.703022
0.982157 0.702239
0.982122 0.70145
0.982087 0.700655
0.982052 0.699855
0.982016 0.699048
0.98198 0.698235
0.981944 0.697416
0.981907 0.696591
0.981871 0.695759
0.981833 0.694921
0.981796 0.694077
0.981758 0.693226
0.98172 0.692369
0.981682 0.691505
0.981643 0.690634
0.981604 0.689757
0.981565 0.688872
0.981526 0.687981
0.981486 0.687083
0.981445 0.686178
0.981405 0.685265
0.981364 0.684346
0.981322 0.683419
0.981281 0.682485
0.981239 0.681543
0.981196 0.680594
0.981154 0.679637
0.98111 0.678672
0.981067 0.6777
0.981023 0.67672
0.980979 0.675732
0.980934 0.674736
0.980889 0.673732
0.980844 0.67272
0.980798 0.671699
0.980751 0.67067
0.980705 0.669633
0.980658 0.668587
0.98061 0.667532
0.980562 0.666469
0.980514 0.665397
0.980465 0.664316
0.980415 0.663226
0.980366 0.662127
0.980315 0.661019
0.980265 0.659901
0.980214 0.658774
0.980162 0.657638
0.98011 0.656492
0.980057 0.655336
0.980004 0.65417
0.97995 0.652995
0.979896 0.65181
0.979841 0.650614
0.979786 0.649408
0.97973 0.648192
0.979674 0.646965
0.979617 0.645728
0.97956 0.64448
0.979502 0.643221
0.979443 0.641952
0.979384 0.640671
0.979325 0.63938
0.979264 0.638077
0.979203 0.636762
0.979142 0.635436
0.97908 0.634099
0.979017 0.63275
0.978953 0.631389
0.978889 0.630016
0.978825 0.62863
0.978759 0.627233
0.978693 0.625823
0.978626 0.624401
0.978559 0.622966
0.978491 0.621518
0.978422 0.620058
0.978352 0.618584
0.978282 0.617098
0.97821 0.615598
0.978138 0.614084
0.978066 0.612557
0.977992 0.611017
0.977918 0.609462
0.977843 0.607894
0.977767 0.606311
0.97769 0.604714
0.977613 0.603103
0.977534 0.601477
0.977455 0.599837
0.977375 0.598182
0.977294 0.596512
0.977212 0.594826
0.977129 0.593126
0.977045 0.59141
0.97696 0.589679
0.976874 0.587932
0.976787 0.586169
0.976699 0.58439
0.97661 0.582595
0.976521 0.580784
0.97643 0.578956
0.976338 0.577112
0.976245 0.575251
0.97615 0.573374
0.976055 0.571479
0.975959 0.569568
0.975861 0.567639
0.975762 0.565693
0.975662 0.563729
0.975561 0.561748
0.975459 0.559748
0.975355 0.557731
0.97525 0.555696
0.975144 0.553643
0.975036 0.551571
0.974928 0.549481
0.974817 0.547372
0.974706 0.545245
0.974593 0.543099
0.974478 0.540933
0.974363 0.538749
0.974245 0.536546
0.974127 0.534323
0.974006 0.532081
0.973884 0.529819
0.973761 0.527538
0.973636 0.525237
0.973509 0.522916
0.973381 0.520576
0.973251 0.518215
0.973119 0.515835
0.972986 0.513434
0.972851 0.511013
0.972714 0.508572
0.972575 0.506111
0.972435 0.503629
0.972292 0.501127
0.972148 0.498604
0.972002 0.496061
0.971853 0.493497
0.971703 0.490913
0.971551 0.488308
0.971397 0.485683
0.97124 0.483037
0.971081 0.480371
0.970921 0.477684
0.970758 0.474976
0.970592 0.472249
0.970425 0.469501
0.970255 0.466732
0.970083 0.463943
0.969908 0.461134
0.969731 0.458305
0.969552 0.455457
0.96937 0.452588
0.969185 0.449699
0.968998 0.446791
0.968808 0.443863
0.968616 0.440917
0.96842 0.437951
0.968222 0.434966
0.968021 0.431962
0.967818 0.42894
0.967611 0.4259
0.967402 0.422841
0.967189 0.419765
0.966973 0.416672
0.966755 0.413561
0.966533 0.410433
0.966307 0.407289
0.966079 0.404129
0.965847 0.400952
0.965612 0.397761
0.965374 0.394554
0.965132 0.391332
0.964887 0.388096
0.964638 0.384847
0.964385 0.381584
0.964129 0.378308
0.963869 0.375019
0.963605 0.371719
0.963337 0.368407
0.963065 0.365084
0.96279 0.361751
0.96251 0.358408
0.962227 0.355056
0.961939 0.351695
0.961647 0.348326
0.96135 0.34495
0.96105 0.341567
0.960745 0.338178
0.960435 0.334784
0.960121 0.331385
0.959803 0.327981
0.95948 0.324575
0.959152 0.321165
0.958819 0.317754
0.958482 0.314342
0.958139 0.310929
0.957792 0.307516
0.95744 0.304105
0.957082 0.300695
0.95672 0.297288
0.956352 0.293884
0.955979 0.290485
0.955601 0.28709
0.955217 0.283701
0.954828 0.280319
0.954433 0.276944
0.954032 0.273577
0.953626 0.270219
0.953215 0.266871
0.952797 0.263533
0.952374 0.260207
0.951944 0.256893
0.951509 0.253591
0.951067 0.250303
0.95062 0.24703
0.950166 0.243772
0.949706 0.24053
0.94924 0.237304
0.948768 0.234096
0.948289 0.230906
0.947803 0.227734
0.947311 0.224582
0.946812 0.221451
0.946307 0.21834
0.945795 0.21525
0.945276 0.212183
0.944751 0.209138
0.944218 0.206117
0.943679 0.203119
0.943132 0.200146
0.942579 0.197198
0.942018 0.194275
0.94145 0.191378
0.940875 0.188508
0.940292 0.185665
0.939703 0.182848
0.939106 0.18006
0.938501 0.1773
0.937889 0.174568
0.93727 0.171865
0.936642 0.169191
0.936008 0.166546
0.935365 0.163931
0.934715 0.161346
0.934057 0.158791
0.933392 0.156267
0.932718 0.153773
0.932037 0.151309
0.931347 0.148877
0.93065 0.146476
0.929945 0.144105
0.929231 0.141766
0.92851 0.139458
0.92778 0.137181
0.927043 0.134935
0.926297 0.13272
0.925543 0.130537
0.92478 0.128385
0.92401 0.126263
0.923231 0.124173
0.922444 0.122114
0.921648 0.120086
0.920844 0.118088
0.920032 0.116121
0.919211 0.114184
0.918381 0.112277
0.917544 0.110401
0.916697 0.108554
0.915842 0.106737
0.914979 0.104949
0.914107 0.10319
0.913226 0.101461
0.912337 0.0997597
0.911439 0.0980871
0.910532 0.0964428
0.909617 0.0948263
0.908693 0.0932374
0.907761 0.0916758
0.906819 0.0901412
0.905869 0.0886334
0.90491 0.087152
0.903943 0.0856966
0.902966 0.084267
0.901981 0.0828629
0.900987 0.0814839
0.899984 0.0801298
0.898973 0.0788001
0.897952 0.0774945
0.896923 0.0762127
0.895885 0.0749545
0.894838 0.0737193
0.893782 0.072507
0.892718 0.0713171
0.891644 0.0701493
0.890562 0.0690034
0.889471 0.0678788
0.88837 0.0667754
0.887261 0.0656928
0.886144 0.0646306
0.885017 0.0635885
0.883881 0.0625662
0.882737 0.0615633
0.881583 0.0605796
0.880421 0.0596146
0.87925 0.0586681
0.87807 0.0577398
0.876881 0.0568294
0.875683 0.0559364
0.874476 0.0550607
0.87326 0.0542018
0.872036 0.0533596
0.870802 0.0525337
0.86956 0.0517238
0.868309 0.0509296
0.867049 0.0501508
0.86578 0.0493872
0.864502 0.0486384
0.863215 0.0479042
0.86192 0.0471843
0.860615 0.0464784
0.859302 0.0457863
0.85798 0.0451077
0.856649 0.0444423
0.855309 0.0437899
0.853961 0.0431503
0.852603 0.0425231
0.851237 0.0419082
0.849862 0.0413052
0.848478 0.0407141
0.847086 0.0401345
0.845684 0.0395662
0.844274 0.039009
0.842855 0.0384627
0.841427 0.037927
0.839991 0.0374017
0.838546 0.0368867
0.837092 0.0363818
0.835629 0.0358866
0.834158 0.0354011
0.832678 0.034925
0.831189 0.0344582
0.829691 0.0340005
0.828185 0.0335516
0.82667 0.0331115
0.825147 0.0326799
0.823615 0.0322566
0.822074 0.0318415
0.820525 0.0314345
0.818967 0.0310353
0.8174 0.0306438
0.815825 0.0302599
0.814241 0.0298834
0.812649 0.0295141
0.811048 0.029152
0.809439 0.0287968
0.807821 0.0284484
0.806194 0.0281067
0.804559 0.0277716
0.802916 0.0274429
0.801264 0.0271205
0.799603 0.0268042
0.797935 0.026494
0.796257 0.0261897
0.794572 0.0258912
0.792878 0.0255984
0.791175 0.0253112
0.789464 0.0250295
0.787745 0.0247531
0.786018 0.0244819
0.784282 0.0242159
0.782538 0.023955
0.780785 0.023699
0.779024 0.0234478
0.777256 0.0232014
0.775478 0.0229596
0.773693 0.0227225
0.771899 0.0224898
0.770098 0.0222615
0.768288 0.0220375
0.76647 0.0218177
0.764643 0.0216021
0.762809 0.0213905
0.760967 0.0211829
0.759116 0.0209792
0.757258 0.0207794
0.755392 0.0205833
0.753517 0.0203909
0.751635 0.0202022
0.749744 0.020017
0.747846 0.0198352
0.74594 0.0196569
0.744026 0.019482
0.742104 0.0193103
0.740174 0.0191419
0.738237 0.0189766
0.736292 0.0188145
0.734339 0.0186554
0.732378 0.0184993
0.73041 0.0183462
0.728434 0.018196
0.72645 0.0180486
0.724459 0.0179039
0.72246 0.0177621
0.720454 0.0176229
0.71844 0.0174863
0.716418 0.0173524
0.71439 0.017221
0.712354 0.0170921
0.71031 0.0169657
0.708259 0.0168417
0.706201 0.0167201
0.704136 0.0166008
0.702063 0.0164838
0.699983 0.016369
0.697897 0.0162565
0.695803 0.0161462
0.693701 0.016038
0.691593 0.0159319
0.689478 0.0158279
0.687356 0.0157259
0.685227 0.015626
0.683092 0.015528
0.680949 0.015432
0.6788 0.0153378
0.676644 0.0152456
0.674481 0.0151552
0.672311 0.0150666
0.670136 0.0149798
0.667953 0.0148948
0.665764 0.0148115
0.663569 0.01473
0.661367 0.0146501
0.659159 0.0145719
0.656945 0.0144953
0.654724 0.0144203
0.652498 0.0143469
0.650265 0.0142751
0.648026 0.0142048
0.645782 0.014136
0.643531 0.0140688
0.641275 0.014003
0.639012 0.0139386
0.636744 0.0138757
0.634471 0.0138142
0.632191 0.0137541
0.629907 0.0136954
0.627616 0.0136381
0.625321 0.013582
0.62302 0.0135273
0.620714 0.0134739
0.618402 0.0134218
0.616086 0.013371
0.613764 0.0133214
0.611438 0.0132731
0.609106 0.013226
0.60677 0.0131801
0.604429 0.0131354
0.602084 0.0130918
0.599734 0.0130495
0.597379 0.0130082
0.59502 0.0129682
0.592657 0.0129292
0.590289 0.0128914
0.587918 0.0128546
0.585542 0.012819
0.583162 0.0127844
0.580779 0.0127509
0.578391 0.0127185
0.576 0.0126871
0.573606 0.0126567
0.571207 0.0126273
0.568806 0.012599
0.566401 0.0125717
0.563993 0.0125453
0.561582 0.0125199
0.559167 0.0124956
0.55675 0.0124721
0.55433 0.0124496
0.551907 0.0124281
0.549482 0.0124075
0.547054 0.0123879
0.544624 0.0123691
0.542191 0.0123513
0.539757 0.0123344
0.53732 0.0123184
0.534881 0.0123033
0.53244 0.012289
0.529998 0.0122757
0.527554 0.0122632
0.525108 0.0122516
0.522661 0.0122408
0.520213 0.0122309
0.517764 0.0122218
0.515313 0.0122136
0.512862 0.0122062
0.51041 0.0121997
0.507957 0.012194
0.505503 0.0121891
0.503049 0.012185
0.500595 0.0121817
0.498141 0.0121792
0.495686 0.0121776
0.493232 0.0121767
0.490777 0.0121766
0.488323 0.0121773
0.48587 0.0121788
0.483417 0.0121811
0.480964 0.0121842
0.478513 0.012188
0.476062 0.0121926
0.473612 0.012198
0.471164 0.0122041
0.468717 0.012211
0.466271 0.0122187
0.463827 0.0122271
0.461385 0.0122363
0.458944 0.0122462
0.456506 0.0122568
0.454069 0.0122682
0.451635 0.0122804
0.449203 0.0122933
0.446774 0.0123069
0.444347 0.0123213
0.441923 0.0123364
0.439502 0.0123522
0.437084 0.0123688
0.434669 0.0123861
0.432258 0.0124041
0.429849 0.0124228
0.427445 0.0124423
0.425044 0.0124625
0.422647 0.0124834
0.420254 0.012505
0.417865 0.0125274
0.41548 0.0125504
0.413099 0.0125742
0.410723 0.0125987
0.408352 0.0126239
0.405985 0.0126498
0.403623 0.0126765
0.401266 0.0127038
0.398915 0.0127319
0.396568 0.0127607
0.394227 0.0127902
0.391891 0.0128204
0.389561 0.0128513
0.387237 0.0128829
0.384918 0.0129152
0.382606 0.0129482
0.380299 0.012982
0.377999 0.0130164
0.375705 0.0130516
0.373418 0.0130875
0.371137 0.013124
0.368863 0.0131613
0.366595 0.0131993
0.364335 0.013238
0.362081 0.0132774
0.359835 0.0133176
0.357596 0.0133584
0.355364 0.0133999
0.35314 0.0134422
0.350923 0.0134851
0.348714 0.0135288
0.346513 0.0135732
0.344319 0.0136183
0.342134 0.0136641
0.339956 0.0137106
0.337787 0.0137578
0.335626 0.0138058
0.333473 0.0138544
0.331329 0.0139038
0.329193 0.0139539
0.327066 0.0140047
0.324948 0.0140562
0.322838 0.0141084
0.320738 0.0141614
0.318646 0.014215
0.316563 0.0142694
0.314489 0.0143245
0.312425 0.0143804
0.31037 0.0144369
0.308324 0.0144942
0.306288 0.0145522
0.304261 0.0146109
0.302243 0.0146704
0.300236 0.0147305
0.298238 0.0147914
0.296249 0.0148531
0.294271 0.0149154
0.292302 0.0149785
0.290343 0.0150423
0.288395 0.0151069
0.286456 0.0151722
0.284527 0.0152382
0.282609 0.0153049
0.2807 0.0153724
0.278802 0.0154406
0.276914 0.0155096
0.275037 0.0155793
0.27317 0.0156497
0.271313 0.0157209
0.269466 0.0157928
0.26763 0.0158654
0.265805 0.0159388
0.26399 0.016013
0.262186 0.0160879
0.260392 0.0161635
0.258609 0.0162399
0.256836 0.016317
0.255074 0.0163949
0.253323 0.0164735
0.251582 0.0165529
0.249852 0.016633
0.248133 0.0167139
0.246425 0.0167955
0.244727 0.0168779
0.24304 0.016961
0.241364 0.0170449
0.239699 0.0171296
0.238044 0.017215
0.2364 0.0173012
0.234767 0.0173881
0.233145 0.0174758
0.231534 0.0175642
0.229933 0.0176534
0.228343 0.0177434
0.226764 0.0178341
0.225195 0.0179256
0.223638 0.0180179
0.222091 0.0181109
0.220555 0.0182047
0.219029 0.0182993
0.217514 0.0183946
0.21601 0.0184907
0.214517 0.0185876
0.213034 0.0186852
0.211562 0.0187837
0.2101 0.0188828
0.20865 0.0189828
0.207209 0.0190835
0.205779 0.019185
0.20436 0.0192873
0.202951 0.0193904
0.201553 0.0194942
0.200165 0.0195988
0.198787 0.0197042
0.19742 0.0198103
0.196063 0.0199172
0.194716 0.020025
0.19338 0.0201334
0.192054 0.0202427
0.190738 0.0203528
0.189432 0.0204636
0.188137 0.0205752
0.186851 0.0206876
0.185576 0.0208007
0.18431 0.0209147
0.183055 0.0210294
0.181809 0.0211449
0.180573 0.0212612
0.179348 0.0213783
0.178131 0.0214962
0.176925 0.0216148
0.175728 0.0217342
0.174541 0.0218544
0.173364 0.0219754
0.172196 0.0220972
0.171038 0.0222198
0.169889 0.0223431
0.168749 0.0224673
0.167619 0.0225922
0.166498 0.0227179
0.165387 0.0228444
0.164284 0.0229716
0.163191 0.0230997
0.162107 0.0232285
0.161032 0.0233581
0.159966 0.0234886
0.158909 0.0236197
0.157861 0.0237517
0.156821 0.0238845
0.155791 0.024018
0.154769 0.0241524
0.153756 0.0242875
0.152751 0.0244234
0.151755 0.0245601
0.150768 0.0246976
0.149789 0.0248358
0.148818 0.0249749
0.147856 0.0251147
0.146902 0.0252553
0.145957 0.0253967
0.145019 0.0255389
0.14409 0.0256818
0.143168 0.0258256
0.142255 0.0259701
0.14135 0.0261154
0.140453 0.0262615
0.139563 0.0264084
0.138681 0.026556
0.137807 0.0267045
0.136941 0.0268537
0.136082 0.0270037
0.135231 0.0271545
0.134388 0.027306
0.133551 0.0274584
0.132723 0.0276115
0.131901 0.0277654
0.131087 0.0279201
0.13028 0.0280755
0.129481 0.0282317
0.128688 0.0283887
0.127903 0.0285465
0.127124 0.0287051
0.126353 0.0288644
0.125588 0.0290245
0.12483 0.0291854
0.124079 0.0293471
0.123335 0.0295095
0.122598 0.0296727
0.121867 0.0298367
0.121143 0.0300015
0.120425 0.030167
0.119714 0.0303333
0.119009 0.0305004
0.11831 0.0306682
0.117618 0.0308368
0.116932 0.0310062
0.116253 0.0311764
0.115579 0.0313473
0.114912 0.031519
0.11425 0.0316914
0.113595 0.0318646
0.112946 0.0320386
0.112302 0.0322134
0.111665 0.0323889
0.111033 0.0325652
0.110407 0.0327422
0.109786 0.03292
0.109172 0.0330986
0.108563 0.0332779
0.107959 0.033458
0.107361 0.0336388
0.106769 0.0338205
0.106182 0.0340028
0.1056 0.0341859
0.105024 0.0343698
0.104452 0.0345545
0.103887 0.0347399
0.103326 0.034926
0.10277 0.035113
0.10222 0.0353006
0.101675 0.035489
0.101134 0.0356782
0.100599 0.0358681
0.100068 0.0360588
0.0995425 0.0362503
0.0990217 0.0364425
0.0985057 0.0366354
0.0979944 0.0368291
0.0974878 0.0370235
0.0969859 0.0372187
0.0964886 0.0374146
0.0959959 0.0376113
0.0955077 0.0378088
0.095024 0.0380069
0.0945447 0.0382059
0.0940699 0.0384055
0.0935994 0.0386059
0.0931333 0.0388071
0.0926715 0.039009
0.0922139 0.0392117
0.0917605 0.039415
0.0913113 0.0396192
0.0908663 0.0398241
0.0904254 0.0400297
0.0899885 0.040236
0.0895556 0.0404431
0.0891268 0.040651
0.0887019 0.0408596
0.0882809 0.0410689
0.0878638 0.0412789
0.0874505 0.0414897
0.0870411 0.0417013
0.0866354 0.0419135
0.0862335 0.0421265
0.0858353 0.0423403
0.0854407 0.0425548
0.0850498 0.04277
0.0846625 0.0429859
0.0842788 0.0432026
0.0838986 0.0434201
0.0835219 0.0436382
0.0831487 0.0438571
0.082779 0.0440767
0.0824127 0.0442971
0.0820497 0.0445182
0.0816901 0.04474
0.0813338 0.0449626
0.0809808 0.0451859
0.0806311 0.0454099
0.0802846 0.0456347
0.0799413 0.0458602
0.0796011 0.0460864
0.0792641 0.0463133
0.0789302 0.046541
0.0785995 0.0467694
0.0782717 0.0469986
0.077947 0.0472285
0.0776253 0.0474591
0.0773065 0.0476904
0.0769908 0.0479225
0.0766779 0.0481553
0.0763679 0.0483888
0.0760608 0.0486231
0.0757565 0.0488581
0.075455 0.0490938
0.0751564 0.0493303
0.0748605 0.0495675
0.0745673 0.0498054
0.0742768 0.0500441
0.0739891 0.0502834
0.073704 0.0505236
0.0734215 0.0507644
0.0731416 0.051006
0.0728644 0.0512483
0.0725897 0.0514914
0.0723176 0.0517351
0.0720479 0.0519797
0.0717808 0.0522249
0.0715162 0.0524709
0.071254 0.0527176
0.0709943 0.052965
0.0707369 0.0532132
0.070482 0.0534621
0.0702294 0.0537118
0.0699792 0.0539622
0.0697313 0.0542133
0.0694857 0.0544652
0.0692424 0.0547178
0.0690013 0.0549711
0.0687625 0.0552252
0.0685259 0.05548
0.0682916 0.0557356
0.0680594 0.0559919
0.0678294 0.0562489
0.0676015 0.0565067
0.0673758 0.0567652
0.0671521 0.0570245
0.0669306 0.0572845
0.0667111 0.0575452
0.0664937 0.0578067
0.0662784 0.058069
0.066065 0.058332
0.0658536 0.0585957
0.0656443 0.0588602
0.0654369 0.0591254
0.0652314 0.0593914
0.0650279 0.0596582
0.0648263 0.0599257
0.0646266 0.0601939
0.0644288 0.0604629
0.0642329 0.0607327
0.0640388 0.0610032
0.0638465 0.0612745
0.0636561 0.0615465
0.0634675 0.0618193
0.0632806 0.0620929
0.0630956 0.0623672
0.0629123 0.0626423
0.0627307 0.0629181
0.0625509 0.0631947
0.0623727 0.0634721
0.0621963 0.0637503
0.0620216 0.0640292
0.0618486 0.0643089
0.0616772 0.0645894
0.0615074 0.0648707
0.0613393 0.0651527
0.0611728 0.0654355
0.0610079 0.0657191
0.0608446 0.0660035
0.0606829 0.0662886
0.0605227 0.0665746
0.0603641 0.0668613
0.060207 0.0671488
0.0600515 0.0674371
0.0598975 0.0677262
0.059745 0.0680161
0.0595939 0.0683068
0.0594444 0.0685983
0.0592963 0.0688906
0.0591497 0.0691837
0.0590045 0.0694777
0.0588608 0.0697724
0.0587184 0.0700679
0.0585775 0.0703642
0.058438 0.0706614
0.0582999 0.0709594
0.0581631 0.0712581
0.0580277 0.0715578
0.0578937 0.0718582
0.057761 0.0721594
0.0576296 0.0724615
0.0574996 0.0727644
0.0573709 0.0730682
0.0572435 0.0733728
0.0571174 0.0736782
0.0569926 0.0739845
0.056869 0.0742916
0.0567467 0.0745995
0.0566257 0.0749083
0.0565059 0.075218
0.0563873 0.0755285
0.05627 0.0758399
0.0561539 0.0761521
0.056039 0.0764652
0.0559253 0.0767792
0.0558128 0.077094
0.0557015 0.0774097
0.0555914 0.0777263
0.0554824 0.0780438
0.0553746 0.0783621
0.0552679 0.0786813
0.0551624 0.0790014
0.055058 0.0793225
0.0549547 0.0796444
0.0548526 0.0799672
0.0547515 0.0802909
0.0546516 0.0806155
0.0545528 0.080941
0.054455 0.0812675
0.0543583 0.0815948
0.0542627 0.0819231
0.0541682 0.0822523
0.0540747 0.0825824
0.0539823 0.0829135
0.0538909 0.0832455
0.0538005 0.0835785
0.0537112 0.0839123
0.0536229 0.0842472
0.0535356 0.084583
0.0534493 0.0849197
0.053364 0.0852574
0.0532797 0.0855961
0.0531964 0.0859357
0.0531141 0.0862764
0.0530328 0.086618
0.0529524 0.0869605
0.052873 0.0873041
0.0527946 0.0876487
0.0527171 0.0879942
0.0526405 0.0883408
0.0525649 0.0886884
0.0524902 0.0890369
0.0524165 0.0893865
0.0523437 0.0897371
0.0522718 0.0900888
0.0522008 0.0904415
0.0521307 0.0907952
0.0520615 0.0911499
0.0519932 0.0915057
0.0519258 0.0918626
0.0518593 0.0922205
0.0517937 0.0925795
0.0517289 0.0929395
0.051665 0.0933006
0.051602 0.0936628
0.0515399 0.0940261
0.0514786 0.0943905
0.0514181 0.094756
0.0513585 0.0951225
0.0512997 0.0954902
0.0512418 0.095859
0.0511847 0.0962289
0.0511284 0.0966
0.051073 0.0969722
0.0510184 0.0973455
0.0509646 0.09772
0.0509116 0.0980956
0.0508594 0.0984724
0.050808 0.0988503
0.0507574 0.0992294
0.0507077 0.0996097
0.0506587 0.0999912
0.0506105 0.100374
0.050563 0.100758
0.0505164 0.101143
0.0504705 0.101529
0.0504254 0.101917
0.0503811 0.102305
0.0503375 0.102695
0.0502947 0.103087
0.0502527 0.103479
0.0502114 0.103873
0.0501709 0.104268
0.0501311 0.104664
0.0500921 0.105062
0.0500538 0.10546
0.0500162 0.105861
0.0499794 0.106262
0.0499434 0.106665
0.049908 0.107069
0.0498734 0.107474
0.0498395 0.107881
0.0498063 0.108289
0.0497739 0.108699
0.0497421 0.109109
0.0497111 0.109522
0.0496808 0.109935
0.0496512 0.11035
0.0496223 0.110767
0.0495941 0.111184
0.0495666 0.111603
0.0495398 0.112024
0.0495137 0.112446
0.0494883 0.11287
0.0494636 0.113295
0.0494396 0.113721
0.0494163 0.114149
0.0493937 0.114578
0.0493717 0.115009
0.0493504 0.115442
0.0493298 0.115876
0.0493099 0.116311
0.0492907 0.116748
0.0492721 0.117187
0.0492543 0.117627
0.049237 0.118068
0.0492205 0.118511
0.0492046 0.118956
0.0491894 0.119403
0.0491749 0.119851
0.049161 0.120301
0.0491478 0.120752
0.0491352 0.121205
0.0491233 0.121659
0.0491121 0.122116
0.0491015 0.122574
0.0490916 0.123033
0.0490823 0.123495
0.0490737 0.123958
0.0490657 0.124423
0.0490584 0.124889
0.0490518 0.125358
0.0490458 0.125828
0.0490404 0.1263
0.0490357 0.126774
0.0490316 0.127249
0.0490282 0.127727
0.0490254 0.128206
0.0490233 0.128687
0.0490218 0.12917
0.049021 0.129655
0.0490208 0.130141
0.0490212 0.13063
0.0490223 0.131121
0.0490241 0.131613
0.0490265 0.132108
0.0490295 0.132604
0.0490331 0.133103
0.0490374 0.133603
0.0490424 0.134106
0.049048 0.13461
0.0490542 0.135117
0.0490611 0.135625
0.0490686 0.136136
0.0490767 0.136649
0.0490855 0.137164
0.0490949 0.137681
0.049105 0.1382
0.0491157 0.138721
0.0491271 0.139245
0.0491391 0.139771
0.0491517 0.140299
0.049165 0.140829
0.0491789 0.141362
0.0491935 0.141896
0.0492087 0.142433
0.0492246 0.142973
0.0492411 0.143515
0.0492583 0.144059
0.0492761 0.144605
0.0492945 0.145154
0.0493136 0.145705
0.0493334 0.146259
0.0493538 0.146815
0.0493749 0.147374
0.0493966 0.147935
0.049419 0.148499
0.049442 0.149065
0.0494657 0.149634
0.04949 0.150205
0.049515 0.150779
0.0495407 0.151356
0.049567 0.151935
0.049594 0.152517
0.0496217 0.153101
0.04965 0.153689
0.049679 0.154279
0.0497087 0.154872
0.049739 0.155467
0.0497701 0.156066
0.0498018 0.156667
0.0498341 0.157271
0.0498672 0.157878
0.0499009 0.158488
0.0499354 0.159101
0.0499705 0.159717
0.0500063 0.160336
0.0500428 0.160958
0.05008 0.161583
0.0501179 0.162211
0.0501565 0.162842
0.0501957 0.163476
0.0502357 0.164114
0.0502765 0.164754
0.0503179 0.165398
0.05036 0.166045
0.0504029 0.166696
0.0504464 0.167349
0.0504907 0.168006
0.0505357 0.168667
0.0505815 0.169331
0.050628 0.169998
0.0506752 0.170669
0.0507231 0.171343
0.0507718 0.172021
0.0508213 0.172702
0.0508715 0.173387
0.0509224 0.174076
0.0509741 0.174768
0.0510266 0.175464
0.0510798 0.176164
0.0511338 0.176867
0.0511886 0.177575
0.0512441 0.178286
0.0513005 0.179001
0.0513576 0.17972
0.0514155 0.180443
0.0514742 0.18117
0.0515338 0.181901
0.0515941 0.182636
0.0516552 0.183375
0.0517171 0.184118
0.0517799 0.184866
0.0518435 0.185618
0.0519079 0.186374
0.0519732 0.187134
0.0520393 0.187899
0.0521062 0.188668
0.052174 0.189442
0.0522427 0.19022
0.0523122 0.191003
0.0523826 0.19179
0.0524539 0.192582
0.052526 0.193378
0.0525991 0.19418
0.052673 0.194986
0.0527479 0.195797
0.0528236 0.196613
0.0529003 0.197434
0.0529779 0.198259
0.0530564 0.19909
0.0531359 0.199926
0.0532163 0.200767
0.0532976 0.201613
0.0533799 0.202465
0.0534632 0.203322
0.0535474 0.204184
0.0536327 0.205051
0.0537189 0.205924
0.0538061 0.206803
0.0538943 0.207687
0.0539836 0.208577
0.0540739 0.209472
0.0541652 0.210374
0.0542575 0.211281
0.0543509 0.212194
0.0544453 0.213112
0.0545409 0.214037
0.0546375 0.214968
0.0547352 0.215905
0.054834 0.216849
0.0549339 0.217798
0.0550349 0.218754
0.055137 0.219717
0.0552403 0.220685
0.0553448 0.221661
0.0554504 0.222643
0.0555571 0.223631
0.0556651 0.224627
0.0557743 0.225629
0.0558846 0.226638
0.0559962 0.227655
0.056109 0.228678
0.0562231 0.229708
0.0563384 0.230746
0.056455 0.231791
0.0565729 0.232843
0.0566921 0.233903
0.0568126 0.23497
0.0569344 0.236045
0.0570575 0.237128
0.057182 0.238218
0.0573079 0.239317
0.0574352 0.240423
0.0575638 0.241538
0.0576939 0.24266
0.0578254 0.243791
0.0579583 0.24493
0.0580927 0.246078
0.0582286 0.247234
0.0583659 0.248399
0.0585048 0.249572
0.0586452 0.250755
0.0587872 0.251946
0.0589307 0.253146
0.0590758 0.254356
0.0592225 0.255574
0.0593708 0.256802
0.0595207 0.25804
0.0596724 0.259287
0.0598256 0.260543
0.0599806 0.26181
0.0601373 0.263086
0.0602958 0.264372
0.060456 0.265669
0.060618 0.266976
0.0607818 0.268293
0.0609474 0.26962
0.0611149 0.270958
0.0612843 0.272307
0.0614555 0.273666
0.0616287 0.275037
0.0618038 0.276419
0.0619809 0.277811
0.06216 0.279216
0.0623411 0.280631
0.0625243 0.282058
0.0627096 0.283497
0.0628969 0.284948
0.0630864 0.286411
0.0632781 0.287886
0.0634719 0.289373
0.063668 0.290873
0.0638663 0.292385
0.0640669 0.29391
0.0642698 0.295448
0.0644751 0.296998
0.0646827 0.298562
0.0648928 0.30014
0.0651053 0.30173
0.0653203 0.303334
0.0655378 0.304952
0.0657579 0.306584
0.0659805 0.30823
0.0662058 0.309891
0.0664337 0.311565
0.0666644 0.313254
0.0668977 0.314958
0.0671339 0.316677
0.0673729 0.31841
0.0676147 0.320159
0.0678595 0.321924
0.0681072 0.323704
0.0683579 0.325499
0.0686116 0.327311
0.0688684 0.329138
0.0691284 0.330982
0.0693915 0.332842
0.0696579 0.334719
0.0699275 0.336612
0.0702005 0.338522
0.0704768 0.34045
0.0707566 0.342395
0.0710398 0.344357
0.0713266 0.346337
0.071617 0.348335
0.071911 0.350351
0.0722088 0.352385
0.0725103 0.354437
0.0728156 0.356508
0.0731249 0.358598
0.073438 0.360706
0.0737552 0.362834
0.0740765 0.364981
0.0744019 0.367148
0.0747315 0.369334
0.0750654 0.37154
0.0754037 0.373766
0.0757464 0.376012
0.0760935 0.378279
0.0764453 0.380566
0.0768016 0.382874
0.0771627 0.385203
0.0775286 0.387554
0.0778994 0.389925
0.0782751 0.392318
0.0786559 0.394732
0.0790418 0.397169
0.0794329 0.399627
0.0798293 0.402107
0.0802311 0.40461
0.0806384 0.407135
0.0810513 0.409682
0.0814698 0.412253
0.0818941 0.414846
0.0823243 0.417462
0.0827604 0.420102
0.0832026 0.422764
0.083651 0.425451
0.0841056 0.42816
0.0845666 0.430893
0.0850342 0.433651
0.0855083 0.436432
0.0859892 0.439236
0.0864769 0.442065
0.0869715 0.444918
0.0874733 0.447796
0.0879822 0.450697
0.0884985 0.453623
0.0890222 0.456573
0.0895535 0.459548
0.0900925 0.462547
0.0906394 0.46557
0.0911943 0.468618
0.0917573 0.471691
0.0923285 0.474788
0.0929082 0.477909
0.0934964 0.481055
0.0940934 0.484224
0.0946992 0.487419
0.095314 0.490637
0.0959379 0.493879
0.0965713 0.497146
0.0972141 0.500436
0.0978665 0.50375
0.0985288 0.507087
0.0992011 0.510448
0.0998835 0.513832
0.100576 0.517239
0.10128 0.520668
0.101994 0.52412
0.102718 0.527595
0.103454 0.531091
0.104202 0.534609
0.10496 0.538148
0.105731 0.541708
0.106513 0.545288
0.107307 0.548889
0.108113 0.55251
0.108932 0.556149
0.109763 0.559808
0.110608 0.563485
0.111465 0.56718
0.112336 0.570893
0.11322 0.574622
0.114118 0.578368
0.11503 0.582129
0.115956 0.585906
0.116896 0.589696
0.117851 0.593501
0.118821 0.597319
0.119806 0.601149
0.120806 0.604991
0.121822 0.608843
0.122853 0.612706
0.123901 0.616578
0.124964 0.620459
0.126045 0.624348
0.127142 0.628243
0.128256 0.632144
0.129387 0.636051
0.130536 0.639962
0.131702 0.643876
0.132886 0.647792
0.134089 0.65171
0.13531 0.655628
0.13655 0.659546
0.137809 0.663462
0.139087 0.667375
0.140385 0.671285
0.141702 0.675191
0.143039 0.679091
0.144397 0.682984
0.145775 0.68687
0.147174 0.690746
0.148594 0.694614
0.150035 0.69847
0.151497 0.702315
0.152981 0.706146
0.154488 0.709964
0.156016 0.713767
0.157567 0.717554
0.159141 0.721324
0.160737 0.725076
0.162357 0.728809
0.164 0.732522
0.165667 0.736214
0.167358 0.739884
0.169072 0.743532
0.170811 0.747156
0.172575 0.750755
0.174363 0.754329
0.176176 0.757876
0.178015 0.761396
0.179879 0.764889
0.181768 0.768352
0.183683 0.771786
0.185624 0.77519
0.187591 0.778563
0.189584 0.781904
0.191604 0.785213
0.193651 0.788489
0.195724 0.791732
0.197824 0.794941
0.199951 0.798115
0.202106 0.801254
0.204288 0.804358
0.206497 0.807426
0.208735 0.810457
0.211 0.813452
0.213292 0.81641
0.215613 0.819331
0.217962 0.822214
0.220339 0.825059
0.222744 0.827867
0.225178 0.830636
0.22764 0.833367
0.230131 0.83606
0.23265 0.838714
0.235198 0.841329
0.237774 0.843906
0.240379 0.846444
0.243013 0.848944
0.245676 0.851405
0.248367 0.853828
0.251087 0.856213
0.253836 0.858559
0.256613 0.860867
0.259419 0.863138
0.262254 0.865371
0.265117 0.867566
0.268009 0.869724
0.27093 0.871845
0.273879 0.873929
0.276856 0.875977
0.279862 0.877989
0.282895 0.879965
0.285957 0.881905
0.289047 0.88381
0.292164 0.88568
0.29531 0.887516
0.298483 0.889318
0.301683 0.891086
0.30491 0.892821
0.308165 0.894523
0.311446 0.896192
0.314755 0.897829
0.318089 0.899435
0.32145 0.901009
0.324837 0.902553
0.32825 0.904066
0.331688 0.905549
0.335152 0.907002
0.338641 0.908427
0.342154 0.909823
0.345692 0.91119
0.349255 0.91253
0.352841 0.913843
0.35645 0.915128
0.360083 0.916388
0.363739 0.917621
0.367417 0.918829
0.371118 0.920011
0.37484 0.921169
0.378584 0.922303
0.382348 0.923412
0.386134 0.924499
0.389939 0.925562
0.393765 0.926603
0.397609 0.927622
0.401473 0.928619
0.405355 0.929595
0.409255 0.930549
0.413172 0.931483
0.417106 0.932397
0.421057 0.933292
0.425024 0.934167
0.429006 0.935022
0.433004 0.93586
0.437015 0.936679
0.441041 0.93748
0.445079 0.938263
0.449131 0.93903
0.453194 0.939779
0.45727 0.940512
0.461356 0.941229
0.465452 0.941929
0.469558 0.942615
0.473673 0.943285
0.477797 0.94394
0.481929 0.94458
0.486068 0.945207
0.490213 0.945819
0.494364 0.946417
0.498521 0.947002
0.502682 0.947574
0.506848 0.948133
0.511016 0.948679
0.515187 0.949213
0.51936 0.949735
0.523534 0.950244
0.527709 0.950743
0.531883 0.951229
0.536057 0.951705
0.540229 0.95217
0.544399 0.952624
0.548566 0.953067
0.552729 0.953501
0.556888 0.953924
0.561042 0.954337
0.56519 0.954741
0.569332 0.955136
0.573467 0.955521
0.577594 0.955897
0.581712 0.956264
0.585821 0.956623
0.58992 0.956973
0.594009 0.957315
0.598087 0.957648
0.602153 0.957974
0.606206 0.958292
0.610246 0.958602
0.614272 0.958904
0.618284 0.9592
0.62228 0.959488
0.626261 0.959769
0.630226 0.960043
0.634174 0.96031
0.638104 0.960571
0.642016 0.960825
0.645909 0.961073
0.649783 0.961315
0.653638 0.961551
0.657472 0.96178
0.661285 0.962004
0.665077 0.962222
0.668846 0.962434
0.672594 0.962641
0.676319 0.962843
0.68002 0.963039
0.683697 0.96323
0.687351 0.963416
0.690979 0.963597
0.694583 0.963773
0.698161 0.963944
0.701713 0.96411
0.70524 0.964272
0.708739 0.96443
0.712212 0.964583
0.715658 0.964731
0.719076 0.964876
0.722466 0.965016
0.725828 0.965152
0.729162 0.965284
0.732467 0.965412
0.735744 0.965537
0.738991 0.965657
0.742209 0.965774
0.745398 0.965887
0.748558 0.965997
0.751687 0.966103
0.754787 0.966206
0.757856 0.966305
0.760896 0.966402
0.763905 0.966494
0.766884 0.966584
0.769832 0.966671
0.772751 0.966754
0.775638 0.966835
0.778495 0.966912
0.781322 0.966987
0.784118 0.967059
0.786883 0.967128
0.789618 0.967194
0.792322 0.967258
0.794996 0.967319
0.79764 0.967377
0.800253 0.967433
0.802836 0.967487
0.805388 0.967538
0.807911 0.967586
0.810404 0.967632
0.812866 0.967676
0.815299 0.967718
0.817702 0.967758
0.820076 0.967795
0.822421 0.96783
0.824736 0.967863
0.827022 0.967894
0.829279 0.967923
0.831508 0.96795
0.833708 0.967975
0.835879 0.967998
0.838023 0.96802
0.840139 0.968039
0.842226 0.968057
0.844287 0.968072
0.84632 0.968086
0.848326 0.968099
0.850305 0.968109
0.852257 0.968118
0.854184 0.968126
0.856084 0.968132
0.857958 0.968136
0.859806 0.968139
0.861629 0.96814
0.863427 0.968139
0.865199 0.968138
0.866947 0.968134
0.868671 0.96813
0.870371 0.968124
0.872046 0.968116
0.873698 0.968108
0.875327 0.968098
0.876932 0.968086
0.878515 0.968074
0.880075 0.96806
0.881612 0.968045
0.883128 0.968029
0.884621 0.968011
0.886093 0.967993
0.887544 0.967973
0.888974 0.967952
0.890383 0.96793
0.891771 0.967907
0.89314 0.967883
0.894488 0.967858
0.895816 0.967832
0.897125 0.967804
0.898415 0.967776
0.899686 0.967747
0.900938 0.967717
0.902172 0.967686
0.903387 0.967654
0.904584 0.967621
0.905764 0.967587
0.906927 0.967553
0.908072 0.967517
0.9092 0.967481
0.910311 0.967444
0.911406 0.967406
0.912484 0.967367
0.913547 0.967327
0.914593 0.967287
0.915624 0.967246
0.91664 0.967204
0.917641 0.967161
0.918626 0.967118
0.919597 0.967074
0.920554 0.967029
0.921496 0.966984
0.922424 0.966938
0.923339 0.966891
0.92424 0.966843
0.925127 0.966795
0.926001 0.966746
0.926862 0.966697
0.92771 0.966647
0.928546 0.966597
0.929369 0.966545
0.93018 0.966494
0.930979 0.966441
0.931766 0.966389
0.932541 0.966335
0.933305 0.966281
0.934058 0.966227
0.934799 0.966172
0.93553 0.966116
0.936249 0.96606
0.936958 0.966004
0.937657 0.965947
0.938345 0.965889
0.939023 0.965831
0.939691 0.965773
0.940349 0.965714
0.940998 0.965655
0.941637 0.965595
0.942267 0.965535
0.942887 0.965474
0.943499 0.965413
0.944101 0.965351
0.944695 0.96529
0.94528 0.965227
0.945856 0.965165
0.946424 0.965102
0.946984 0.965038
0.947536 0.964974
0.94808 0.96491
0.948616 0.964846
0.949144 0.964781
0.949665 0.964716
0.950178 0.96465
0.950684 0.964584
0.951182 0.964518
0.951673 0.964452
0.952158 0.964385
0.952635 0.964318
0.953106 0.96425
0.95357 0.964183
0.954027 0.964114
0.954478 0.964046
0.954923 0.963978
0.955361 0.963909
0.955793 0.96384
0.956219 0.96377
0.956639 0.9637
0.957053 0.96363
0.957461 0.96356
0.957864 0.96349
0.958261 0.963419
0.958652 0.963348
0.959038 0.963277
0.959419 0.963206
0.959794 0.963134
0.960165 0.963062
0.96053 0.96299
0.96089 0.962918
0.961245 0.962845
0.961595 0.962773
0.961941 0.9627
0.962282 0.962627
0.962618 0.962553
0.96295 0.96248
0.963277 0.962406
0.963599 0.962332
0.963918 0.962258
0.964232 0.962184
0.964542 0.96211
0.964847 0.962035
0.965149 0.961961
0.965446 0.961886
0.96574 0.961811
0.96603 0.961735
0.966315 0.96166
0.966597 0.961585
0.966876 0.961509
0.96715 0.961433
0.967422 0.961357
0.967689 0.961281
0.967953 0.961205
0.968214 0.961129
0.968471 0.961052
0.968725 0.960976
0.968975 0.960899
0.969222 0.960822
0.969466 0.960745
0.969707 0.960668
0.969945 0.960591
0.97018 0.960514
0.970412 0.960436
0.97064 0.960359
0.970866 0.960281
0.971089 0.960204
0.97131 0.960126
0.971527 0.960048
0.971742 0.95997
0.971954 0.959892
0.972163 0.959814
0.97237 0.959736
0.972574 0.959657
0.972775 0.959579
0.972974 0.9595
0.973171 0.959422
0.973365 0.959343
0.973557 0.959265
0.973746 0.959186
0.973933 0.959107
0.974118 0.959028
0.9743 0.958949
0.97448 0.95887
0.974658 0.958791
0.974834 0.958712
0.975008 0.958633
0.97518 0.958553
0.975349 0.958474
0.975517 0.958395
0.975682 0.958315
0.975846 0.958236
0.976007 0.958156
0.976167 0.958077
0.976325 0.957997
0.97648 0.957918
0.976634 0.957838
0.976787 0.957758
0.976937 0.957678
0.977086 0.957599
0.977232 0.957519
0.977378 0.957439
0.977521 0.957359
0.977663 0.957279
0.977803 0.957199
0.977941 0.957119
0.978078 0.957039
0.978214 0.956959
0.978347 0.956879
0.978479 0.956799
0.97861 0.956719
0.978739 0.956639
0.978867 0.956559
0.978993 0.956479
0.979118 0.956399
0.979241 0.956319
0.979363 0.956239
0.979484 0.956158
0.979603 0.956078
0.979721 0.955998
0.979838 0.955918
0.979953 0.955838
0.980067 0.955758
0.98018 0.955677
0.980291 0.955597
0.980402 0.955517
0.980511 0.955437
0.980618 0.955357
0.980725 0.955276
0.98083 0.955196
0.980935 0.955116
0.981038 0.955036
0.98114 0.954956
0.981241 0.954876
0.981341 0.954796
0.981439 0.954715
0.981537 0.954635
0.981634 0.954555
0.981729 0.954475
0.981824 0.954395
0.981917 0.954315
0.98201 0.954235
0.982101 0.954155
0.982192 0.954075
0.982281 0.953995
0.98237 0.953915
0.982458 0.953835
0.982545 0.953755
0.98263 0.953675
0.982715 0.953595
0.982799 0.953515
0.982883 0.953436
0.982965 0.953356
0.983046 0.953276
0.983127 0.953196
0.983207 0.953116
0.983286 0.953037
0.983364 0.952957
0.983441 0.952877
0.983518 0.952798
0.983593 0.952718
0.983668 0.952639
0.983742 0.952559
0.983816 0.95248
0.983888 0.9524
0.98396 0.952321
0.984032 0.952241
0.984102 0.952162
0.984172 0.952083
0.984241 0.952004
0.984309 0.951924
0.984377 0.951845
0.984444 0.951766
0.98451 0.951687
0.984576 0.951608
0.984641 0.951529
0.984705 0.95145
0.984769 0.951371
0.984832 0.951292
0.984894 0.951213
0.984956 0.951134
0.985017 0.951055
0.985078 0.950977
0.985138 0.950898
0.985197 0.950819
0.985256 0.950741
0.985315 0.950662
0.985372 0.950584
0.985429 0.950505
0.985486 0.950427
0.985542 0.950348
0.985598 0.95027
0.985653 0.950192
0.985707 0.950114
0.985761 0.950035
0.985814 0.949957
0.985867 0.949879
0.985919 0.949801
0.985971 0.949723
0.986023 0.949645
0.986074 0.949567
0.986124 0.94949
0.986174 0.949412
0.986223 0.949334
0.986272 0.949257
0.986321 0.949179
0.986369 0.949101
0.986416 0.949024
0.986464 0.948946
0.98651 0.948869
0.986557 0.948792
0.986602 0.948715
0.986648 0.948637
0.986693 0.94856
0.986737 0.948483
0.986781 0.948406
0.986825 0.948329
0.986869 0.948252
0.986911 0.948175
0.986954 0.948099
0.986996 0.948022
0.987038 0.947945
0.987079 0.947869
0.98712 0.947792
0.987161 0.947716
0.987201 0.947639
0.987241 0.947563
0.987281 0.947486
0.98732 0.94741
0.987358 0.947334
0.987397 0.947258
0.987435 0.947182
0.987473 0.947106
0.98751 0.94703
0.987547 0.946954
0.987584 0.946878
0.98762 0.946802
0.987656 0.946727
0.987692 0.946651
0.987728 0.946576
0.987763 0.9465
0.987798 0.946425
0.987832 0.946349
0.987866 0.946274
0.9879 0.946199
0.987934 0.946124
0.987967 0.946049
0.988 0.945974
0.988033 0.945899
0.988065 0.945824
0.988097 0.945749
0.988129 0.945674
0.988161 0.945599
0.988192 0.945525
0.988223 0.94545
0.988254 0.945376
0.988284 0.945301
0.988314 0.945227
0.988344 0.945153
0.988374 0.945078
0.988403 0.945004
0.988432 0.94493
0.988461 0.944856
0.98849 0.944782
0.988518 0.944708
0.988546 0.944635
0.988574 0.944561
0.988602 0.944487
0.988629 0.944414
0.988657 0.94434
0.988684 0.944267
0.98871 0.944193
0.988737 0.94412
0.988763 0.944047
0.988789 0.943973
0.988815 0.9439
0.98884 0.943827
0.988866 0.943754
0.988891 0.943681
0.988916 0.943609
0.988941 0.943536
0.988965 0.943463
0.988989 0.94339
0.989014 0.943318
0.989037 0.943245
0.989061 0.943173
0.989085 0.943101
0.989108 0.943028
0.989131 0.942956
0.989154 0.942884
0.989177 0.942812
0.989199 0.94274
0.989222 0.942668
0.989244 0.942596
0.989266 0.942525
0.989287 0.942453
0.989309 0.942381
0.98933 0.94231
0.989352 0.942238
0.989373 0.942167
0.989393 0.942095
0.989414 0.942024
0.989435 0.941953
0.989455 0.941882
0.989475 0.941811
0.989495 0.94174
0.989515 0.941669
0.989535 0.941598
0.989554 0.941527
0.989574 0.941457
0.989593 0.941386
0.989612 0.941316
0.989631 0.941245
0.989649 0.941175
0.989668 0.941104
0.989686 0.941034
0.989705 0.940964
0.989723 0.940894
0.989741 0.940824
0.989758 0.940754
0.989776 0.940684
0.989794 0.940614
0.989811 0.940545
0.989828 0.940475
0.989845 0.940405
0.989862 0.940336
0.989879 0.940266
0.989896 0.940197
0.989912 0.940128
0.989928 0.940058
0.989945 0.939989
0.989961 0.93992
0.989977 0.939851
0.989993 0.939782
0.990008 0.939713
0.990024 0.939645
0.990039 0.939576
0.990055 0.939507
0.99007 0.939439
0.990085 0.93937
0.9901 0.939302
0.990115 0.939233
0.99013 0.939165
0.990144 0.939097
0.990159 0.939029
0.990173 0.938961
0.990187 0.938893
0.990201 0.938825
0.990215 0.938757
0.990229 0.938689
0.990243 0.938622
0.990257 0.938554
0.99027 0.938486
0.990284 0.938419
0.990297 0.938351
0.99031 0.938284
0.990323 0.938217
0.990336 0.93815
0.990349 0.938083
0.990362 0.938016
0.990375 0.937949
0.990387 0.937882
0.9904 0.937815
0.990412 0.937748
0.990424 0.937681
0.990437 0.937615
0.990449 0.937548
0.990461 0.937482
0.990473 0.937415
0.990484 0.937349
0.990496 0.937283
0.990508 0.937217
0.990519 0.937151
0.990531 0.937085
0.990542 0.937019
0.990553 0.936953
0.990564 0.936887
0.990575 0.936821
0.990586 0.936756
0.990597 0.93669
0.990608 0.936624
0.990618 0.936559
0.990629 0.936494
0.99064 0.936428
0.99065 0.936363
0.99066 0.936298
0.990671 0.936233
0.990681 0.936168
0.990691 0.936103
0.990701 0.936038
0.990711 0.935973
0.990721 0.935908
0.99073 0.935844
0.99074 0.935779
0.99075 0.935715
0.990759 0.93565
0.990769 0.935586
0.990778 0.935521
0.990787 0.935457
0.990796 0.935393
0.990805 0.935329
0.990815 0.935265
0.990824 0.935201
0.990832 0.935137
0.990841 0.935073
0.99085 0.935009
0.990859 0.934946
0.990867 0.934882
0.990876 0.934819
0.990884 0.934755
0.990893 0.934692
0.990901 0.934628
0.990909 0.934565
0.990917 0.934502
0.990926 0.934439
0.990934 0.934376
0.990942 0.934313
0.99095 0.93425
0.990957 0.934187
0.990965 0.934124
0.990973 0.934062
0.990981 0.933999
0.990988 0.933936
0.990996 0.933874
0.991003 0.933811
0.991011 0.933749
0.991018 0.933687
0.991025 0.933625
0.991032 0.933562
0.99104 0.9335
0.991047 0.933438
0.991054 0.933376
0.991061 0.933315
0.991068 0.933253
0.991075 0.933191
0.991081 0.933129
0.991088 0.933068
0.991095 0.933006
0.991101 0.932945
0.991108 0.932883
0.991114 0.932822
0.991121 0.932761
0.991127 0.932699
0.991134 0.932638
0.99114 0.932577
0.991146 0.932516
0.991152 0.932455
0.991159 0.932395
0.991165 0.932334
0.991171 0.932273
0.991177 0.932212
0.991183 0.932152
0.991188 0.932091
0.991194 0.932031
0.9912 0.93197
0.991206 0.93191
0.991211 0.93185
0.991217 0.93179
0.991223 0.931729
0.991228 0.931669
0.991234 0.931609
0.991239 0.93155
0.991244 0.93149
0.99125 0.93143
0.991255 0.93137
0.99126 0.93131
0.991266 0.931251
0.991271 0.931191
0.991276 0.931132
0.991281 0.931072
0.991286 0.931013
0.991291 0.930954
0.991296 0.930895
0.991301 0.930836
0.991305 0.930776
0.99131 0.930717
0.991315 0.930658
0.99132 0.9306
0.991324 0.930541
0.991329 0.930482
0.991334 0.930423
0.991338 0.930365
0.991343 0.930306
0.991347 0.930248
0.991351 0.930189
0.991356 0.930131
0.99136 0.930073
0.991364 0.930014
0.991369 0.929956
0.991373 0.929898
0.991377 0.92984
0.991381 0.929782
0.991385 0.929724
0.991389 0.929666
0.991393 0.929608
0.991397 0.929551
0.991401 0.929493
0.991405 0.929435
0.991409 0.929378
0.991413 0.92932
0.991417 0.929263
0.99142 0.929206
0.991424 0.929148
0.991428 0.929091
0.991432 0.929034
0.991435 0.928977
0.991439 0.92892
0.991442 0.928863
0.991446 0.928806
0.991449 0.928749
0.991453 0.928692
0.991456 0.928635
0.991459 0.928579
0.991463 0.928522
0.991466 0.928466
0.991469 0.928409
0.991473 0.928353
0.991476 0.928296
0.991479 0.92824
0.991482 0.928184
0.991485 0.928128
0.991488 0.928071
0.991491 0.928015
0.991494 0.927959
0.991497 0.927903
0.9915 0.927848
0.991503 0.927792
0.991506 0.927736
0.991509 0.92768
0.991512 0.927625
0.991515 0.927569
0.991518 0.927513
0.99152 0.927458
0.991523 0.927403
0.991526 0.927347
0.991528 0.927292
0.991531 0.927237
0.991534 0.927182
0.991536 0.927126
0.991539 0.927071
0.991541 0.927016
0.991544 0.926961
0.991546 0.926907
0.991549 0.926852
0.991551 0.926797
0.991553 0.926742
0.991556 0.926688
0.991558 0.926633
0.99156 0.926579
0.991563 0.926524
0.991565 0.92647
0.991567 0.926415
0.991569 0.926361
0.991572 0.926307
0.991574 0.926253
0.991576 0.926198
0.991578 0.926144
0.99158 0.92609
0.991582 0.926036
0.991584 0.925983
0.991586 0.925929
0.991588 0.925875
0.99159 0.925821
0.991592 0.925768
0.991594 0.925714
0.991596 0.92566
0.991598 0.925607
0.991599 0.925553
0.991601 0.9255
0.991603 0.925447
0.991605 0.925393
0.991607 0.92534
0.991608 0.925287
0.99161 0.925234
0.991612 0.925181
0.991613 0.925128
0.991615 0.925075
0.991617 0.925022
0.991618 0.924969
0.99162 0.924916
0.991621 0.924864
0.991623 0.924811
0.991624 0.924758
0.991626 0.924706
0.991627 0.924653
0.991629 0.924601
0.99163 0.924549
0.991632 0.924496
0.991633 0.924444
0.991634 0.924392
0.991636 0.92434
0.991637 0.924287
0.991638 0.924235
0.99164 0.924183
0.991641 0.924131
0.991642 0.924079
0.991643 0.924028
0.991644 0.923976
0.991646 0.923924
0.991647 0.923872
0.991648 0.923821
0.991649 0.923769
0.99165 0.923718
0.991651 0.923666
0.991652 0.923615
0.991653 0.923563
0.991654 0.923512
0.991655 0.923461
0.991656 0.923409
0.991657 0.923358
0.991658 0.923307
0.991659 0.923256
0.99166 0.923205
0.991661 0.923154
0.991662 0.923103
0.991663 0.923052
0.991664 0.923002
0.991665 0.922951
0.991666 0.9229
0.991666 0.922849
0.991667 0.922799
0.991668 0.922748
0.991669 0.922698
0.991669 0.922647
0.99167 0.922597
0.991671 0.922547
0.991672 0.922496
0.991672 0.922446
0.991673 0.922396
0.991674 0.922346
0.991674 0.922296
0.991675 0.922246
0.991676 0.922196
0.991676 0.922146
0.991677 0.922096
0.991677 0.922046
0.991678 0.921996
0.991678 0.921946
0.991679 0.921897
0.991679 0.921847
0.99168 0.921797
0.99168 0.921748
0.991681 0.921698
0.991681 0.921649
0.991682 0.921599
0.991682 0.92155
0.991683 0.921501
0.991683 0.921452
0.991683 0.921402
0.991684 0.921353
0.991684 0.921304
0.991684 0.921255
0.991685 0.921206
0.991685 0.921157
0.991685 0.921108
0.991686 0.921059
0.991686 0.92101
0.991686 0.920962
0.991686 0.920913
0.991687 0.920864
0.991687 0.920816
0.991687 0.920767
0.991687 0.920719
0.991687 0.92067
0.991688 0.920622
0.991688 0.920573
0.991688 0.920525
0.991688 0.920477
0.991688 0.920428
0.991688 0.92038
0.991688 0.920332
0.991689 0.920284
0.991689 0.920236
0.991689 0.920188
0.991689 0.92014
0.991689 0.920092
0.991689 0.920044
0.991689 0.919996
0.991689 0.919948
0.991689 0.919901
0.991689 0.919853
0.991689 0.919805
0.991689 0.919758
0.991689 0.91971
0.991689 0.919662
0.991689 0.919615
0.991688 0.919568
0.991688 0.91952
0.991688 0.919473
0.991688 0.919426
0.991688 0.919378
0.991688 0.919331
0.991688 0.919284
0.991688 0.919237
0.991687 0.91919
0.991687 0.919143
0.991687 0.919096
0.991687 0.919049
0.991687 0.919002
0.991687 0.918955
0.991686 0.918908
0.991686 0.918861
0.991686 0.918815
0.991686 0.918768
0.991685 0.918721
0.991685 0.918675
0.991685 0.918628
0.991684 0.918582
0.991684 0.918535
0.991684 0.918489
0.991684 0.918443
0.991683 0.918396
0.991683 0.91835
0.991683 0.918304
0.991682 0.918257
0.991682 0.918211
0.991681 0.918165
0.991681 0.918119
0.991681 0.918073
0.99168 0.918027
0.99168 0.917981
0.991679 0.917935
0.991679 0.917889
0.991679 0.917844
0.991678 0.917798
0.991678 0.917752
0.991677 0.917706
0.991677 0.917661
0.991676 0.917615
0.991676 0.917569
0.991675 0.917524
0.991675 0.917478
0.991674 0.917433
0.991674 0.917388
0.991673 0.917342
0.991673 0.917297
0.991672 0.917252
0.991672 0.917206
0.991671 0.917161
0.991671 0.917116
0.99167 0.917071
0.99167 0.917026
0.991669 0.916981
0.991668 0.916936
0.991668 0.916891
0.991667 0.916846
0.991667 0.916801
0.991666 0.916756
0.991665 0.916711
0.991665 0.916667
0.991664 0.916622
0.991663 0.916577
0.991663 0.916533
0.991662 0.916488
0.991661 0.916443
0.991661 0.916399
0.99166 0.916354
0.991659 0.91631
0.991659 0.916265
0.991658 0.916221
0.991657 0.916177
0.991657 0.916132
0.991656 0.916088
0.991655 0.916044
0.991654 0.916
0.991654 0.915956
0.991653 0.915912
0.991652 0.915868
0.991651 0.915824
0.991651 0.91578
0.99165 0.915736
0.991649 0.915692
0.991648 0.915648
0.991648 0.915604
0.991647 0.91556
0.991646 0.915516
0.991645 0.915473
0.991644 0.915429
0.991644 0.915385
0.991643 0.915342
0.991642 0.915298
0.991641 0.915255
0.99164 0.915211
0.991639 0.915168
0.991638 0.915124
0.991638 0.915081
0.991637 0.915038
0.991636 0.914994
0.991635 0.914951
0.991634 0.914908
0.991633 0.914865
0.991632 0.914821
0.991631 0.914778
0.991631 0.914735
0.99163 0.914692
0.991629 0.914649
0.991628 0.914606
0.991627 0.914563
0.991626 0.91452
0.991625 0.914477
0.991624 0.914435
0.991623 0.914392
0.991622 0.914349
0.991621 0.914306
0.99162 0.914264
0.991619 0.914221
0.991618 0.914178
0.991617 0.914136
0.991616 0.914093
0.991615 0.914051
0.991614 0.914008
0.991613 0.913966
0.991612 0.913923
0.991611 0.913881
0.99161 0.913838
0.991609 0.913796
0.991608 0.913754
0.991607 0.913712
0.991606 0.913669
0.991605 0.913627
0.991604 0.913585
0.991603 0.913543
0.991602 0.913501
0.991601 0.913459
0.9916 0.913417
0.991599 0.913375
0.991598 0.913333
0.991597 0.913291
0.991596 0.913249
0.991595 0.913207
0.991594 0.913166
0.991593 0.913124
0.991592 0.913082
0.991591 0.91304
0.991589 0.912999
0.991588 0.912957
0.991587 0.912915
0.991586 0.912874
0.991585 0.912832
0.991584 0.912791
0.991583 0.912749
0.991582 0.912708
0.991581 0.912666
0.991579 0.912625
0.991578 0.912584
0.991577 0.912542
0.991576 0.912501
0.991575 0.91246
0.991574 0.912419
0.991573 0.912378
0.991572 0.912336
0.99157 0.912295
0.991569 0.912254
0.991568 0.912213
0.991567 0.912172
0.991566 0.912131
0.991565 0.91209
0.991563 0.912049
0.991562 0.912008
0.991561 0.911967
0.99156 0.911927
0.991559 0.911886
0.991557 0.911845
0.991556 0.911804
0.991555 0.911764
0.991554 0.911723
0.991553 0.911682
0.991551 0.911642
0.99155 0.911601
0.991549 0.91156
0.991548 0.91152
0.991547 0.911479
0.991545 0.911439
0.991544 0.911399
0.991543 0.911358
0.991542 0.911318
0.99154 0.911277
0.991539 0.911237
0.991538 0.911197
0.991537 0.911157
0.991535 0.911116
0.991534 0.911076
0.991533 0.911036
0.991532 0.910996
0.99153 0.910956
0.991529 0.910916
0.991528 0.910876
0.991527 0.910836
0.991525 0.910796
0.991524 0.910756
0.991523 0.910716
0.991522 0.910676
0.99152 0.910636
0.991519 0.910596
0.991518 0.910556
0.991516 0.910517
0.991515 0.910477
0.991514 0.910437
0.991513 0.910397
0.991511 0.910358
0.99151 0.910318
0.991509 0.910279
0.991507 0.910239
0.991506 0.910199
0.991505 0.91016
0.991503 0.91012
0.991502 0.910081
0.991501 0.910041
0.991499 0.910002
0.991498 0.909963
0.991497 0.909923
0.991495 0.909884
0.991494 0.909845
0.991493 0.909805
0.991491 0.909766
0.99149 0.909727
0.991489 0.909688
0.991487 0.909649
0.991486 0.909609
0.991485 0.90957
0.991483 0.909531
0.991482 0.909492
0.991481 0.909453
0.991479 0.909414
0.991478 0.909375
0.991477 0.909336
0.991475 0.909297
0.991474 0.909258
0.991473 0.90922
0.991471 0.909181
0.99147 0.909142
0.991468 0.909103
0.991467 0.909064
0.991466 0.909026
0.991464 0.908987
0.991463 0.908948
0.991462 0.90891
0.99146 0.908871
0.991459 0.908832
0.991457 0.908794
0.991456 0.908755
0.991455 0.908717
0.991453 0.908678
0.991452 0.90864
0.99145 0.908601
0.991449 0.908563
0.991448 0.908525
0.991446 0.908486
0.991445 0.908448
0.991443 0.90841
0.991442 0.908371
0.991441 0.908333
0.991439 0.908295
0.991438 0.908257
0.991436 0.908218
0.991435 0.90818
0.991434 0.908142
0.991432 0.908104
0.991431 0.908066
0.991429 0.908028
0.991428 0.90799
0.991426 0.907952
0.991425 0.907914
0.991424 0.907876
0.991422 0.907838
0.991421 0.9078
0.991419 0.907762
0.991418 0.907724
0.991416 0.907686
0.991415 0.907648
0.991414 0.907611
0.991412 0.907573
0.991411 0.907535
0.991409 0.907497
0.991408 0.90746
0.991406 0.907422
0.991405 0.907384
0.991403 0.907347
0.991402 0.907309
0.991401 0.907272
0.991399 0.907234
0.991398 0.907197
0.991396 0.907159
0.991395 0.907122
0.991393 0.907084
0.991392 0.907047
0.99139 0.907009
0.991389 0.906972
0.991387 0.906934
0.991386 0.906897
0.991384 0.90686
0.991383 0.906822
0.991382 0.906785
0.99138 0.906748
0.991379 0.906711
0.991377 0.906673
0.991376 0.906636
0.991374 0.906599
0.991373 0.906562
0.991371 0.906525
0.99137 0.906488
0.991368 0.906451
0.991367 0.906414
0.991365 0.906377
0.991364 0.90634
0.991362 0.906303
0.991361 0.906266
0.991359 0.906229
0.991358 0.906192
0.991356 0.906155
0.991355 0.906118
0.991353 0.906081
0.991352 0.906044
0.99135 0.906008
0.991349 0.905971
0.991347 0.905934
0.991346 0.905897
0.991345 0.90586
0.991343 0.905824
0.991342 0.905787
0.99134 0.90575
0.991339 0.905714
0.991337 0.905677
0.991336 0.905641
0.991334 0.905604
0.991333 0.905567
0.991331 0.905531
0.99133 0.905494
0.991328 0.905458
0.991327 0.905421
0.991325 0.905385
0.991323 0.905349
0.991322 0.905312
0.99132 0.905276
0.991319 0.905239
0.991317 0.905203
0.991316 0.905167
0.991314 0.90513
0.991313 0.905094
0.991311 0.905058
0.99131 0.905022
0.991308 0.904985
0.991307 0.904949
0.991305 0.904913
0.991304 0.904877
0.991302 0.904841
0.991301 0.904805
0.991299 0.904768
0.991298 0.904732
0.991296 0.904696
0.991295 0.90466
0.991293 0.904624
0.991292 0.904588
0.99129 0.904552
0.991289 0.904516
0.991287 0.90448
0.991286 0.904444
0.991284 0.904408
0.991282 0.904372
0.991281 0.904337
0.991279 0.904301
0.991278 0.904265
0.991276 0.904229
0.991275 0.904193
0.991273 0.904158
0.991272 0.904122
0.99127 0.904086
0.991269 0.90405
0.991267 0.904015
0.991266 0.903979
0.991264 0.903943
0.991263 0.903908
0.991261 0.903872
0.991259 0.903836
0.991258 0.903801
0.991256 0.903765
0.991255 0.90373
0.991253 0.903694
0.991252 0.903659
0.99125 0.903623
0.991249 0.903588
0.991247 0.903552
0.991246 0.903517
0.991244 0.903481
0.991243 0.903446
0.991241 0.90341
0.991239 0.903375
0.991238 0.90334
0.991236 0.903304
0.991235 0.903269
0.991233 0.903234
0.991232 0.903198
0.99123 0.903163
0.991229 0.903128
0.991227 0.903093
0.991226 0.903057
0.991224 0.903022
0.991222 0.902987
0.991221 0.902952
0.991219 0.902917
0.991218 0.902882
0.991216 0.902846
0.991215 0.902811
0.991213 0.902776
0.991212 0.902741
0.99121 0.902706
0.991208 0.902671
0.991207 0.902636
0.991205 0.902601
0.991204 0.902566
0.991202 0.902531
0.991201 0.902496
0.991199 0.902461
0.991198 0.902426
0.991196 0.902391
0.991194 0.902357
0.991193 0.902322
0.991191 0.902287
0.99119 0.902252
0.991188 0.902217
0.991187 0.902182
0.991185 0.902148
0.991184 0.902113
0.991182 0.902078
0.99118 0.902043
0.991179 0.902009
0.991177 0.901974
0.991176 0.901939
0.991174 0.901904
0.991173 0.90187
0.991171 0.901835
0.99117 0.901801
0.991168 0.901766
0.991166 0.901731
0.991165 0.901697
0.991163 0.901662
0.991162 0.901628
0.99116 0.901593
0.991159 0.901559
0.991157 0.901524
0.991155 0.90149
0.991154 0.901455
0.991152 0.901421
0.991151 0.901386
0.991149 0.901352
0.991148 0.901317
0.991146 0.901283
0.991145 0.901248
0.991143 0.901214
0.991141 0.90118
0.99114 0.901145
0.991138 0.901111
0.991137 0.901077
0.991135 0.901042
0.991134 0.901008
0.991132 0.900974
0.99113 0.90094
0.991129 0.900905
0.991127 0.900871
0.991126 0.900837
0.991124 0.900803
0.991123 0.900768
0.991121 0.900734
0.991119 0.9007
0.991118 0.900666
0.991116 0.900632
0.991115 0.900598
0.991113 0.900564
0.991112 0.900529
0.99111 0.900495
0.991108 0.900461
0.991107 0.900427
0.991105 0.900393
0.991104 0.900359
0.991102 0.900325
0.991101 0.900291
0.991099 0.900257
0.991097 0.900223
0.991096 0.900189
0.991094 0.900155
0.991093 0.900121
0.991091 0.900087
0.99109 0.900054
0.991088 0.90002
0.991086 0.899986
0.991085 0.899952
0.991083 0.899918
0.991082 0.899884
0.99108 0.89985
0.991079 0.899817
0.991077 0.899783
0.991075 0.899749
0.991074 0.899715
0.991072 0.899681
0.991071 0.899648
0.991069 0.899614
0.991068 0.89958
0.991066 0.899546
0.991064 0.899513
0.991063 0.899479
0.991061 0.899445
0.99106 0.899412
0.991058 0.899378
0.991057 0.899344
0.991055 0.899311
0.991053 0.899277
0.991052 0.899244
0.99105 0.89921
0.991049 0.899176
0.991047 0.899143
0.991046 0.899109
0.991044 0.899076
0.991042 0.899042
0.991041 0.899009
0.991039 0.898975
0.991038 0.898942
0.991036 0.898908
0.991034 0.898875
0.991033 0.898841
0.991031 0.898808
0.99103 0.898774
0.991028 0.898741
0.991027 0.898707
0.991025 0.898674
0.991023 0.89864
0.991022 0.898607
0.99102 0.898574
0.991019 0.89854
0.991017 0.898507
0.991016 0.898474
0.991014 0.89844
0.991012 0.898407
0.991011 0.898374
0.991009 0.89834
0.991008 0.898307
0.991006 0.898274
0.991005 0.89824
0.991003 0.898207
0.991001 0.898174
0.991 0.898141
0.990998 0.898107
0.990997 0.898074
0.990995 0.898041
0.990994 0.898008
0.990992 0.897975
0.99099 0.897941
0.990989 0.897908
0.990987 0.897875
0.990986 0.897842
0.990984 0.897809
0.990982 0.897776
0.990981 0.897743
0.990979 0.897709
0.990978 0.897676
0.990976 0.897643
0.990975 0.89761
0.990973 0.897577
0.990971 0.897544
0.99097 0.897511
0.990968 0.897478
0.990967 0.897445
0.990965 0.897412
0.990964 0.897379
0.990962 0.897346
0.99096 0.897313
0.990959 0.89728
0.990957 0.897247
0.990956 0.897214
0.990954 0.897181
0.990953 0.897148
0.990951 0.897115
0.990949 0.897082
0.990948 0.897049
0.990946 0.897016
0.990945 0.896983
0.990943 0.896951
0.990941 0.896918
0.99094 0.896885
0.990938 0.896852
0.990937 0.896819
0.990935 0.896786
0.990934 0.896753
0.990932 0.89672
0.99093 0.896688
0.990929 0.896655
0.990927 0.896622
0.990926 0.896589
0.990924 0.896556
0.990923 0.896524
0.990921 0.896491
0.990919 0.896458
0.990918 0.896425
0.990916 0.896393
0.990915 0.89636
0.990913 0.896327
0.990912 0.896294
0.99091 0.896262
0.990908 0.896229
0.990907 0.896196
0.990905 0.896164
0.990904 0.896131
0.990902 0.896098
0.9909 0.896065
0.990899 0.896033
0.990897 0.896
0.990896 0.895967
0.990894 0.895935
0.990893 0.895902
0.990891 0.89587
0.990889 0.895837
0.990888 0.895804
0.990886 0.895772
0.990885 0.895739
0.990883 0.895707
0.990882 0.895674
0.99088 0.895641
0.990878 0.895609
0.990877 0.895576
0.990875 0.895544
0.990874 0.895511
0.990872 0.895479
0.990871 0.895446
0.990869 0.895414
0.990867 0.895381
0.990866 0.895348
0.990864 0.895316
0.990863 0.895283
0.990861 0.895251
0.99086 0.895218
0.990858 0.895186
0.990856 0.895154
0.990855 0.895121
0.990853 0.895089
0.990852 0.895056
0.99085 0.895024
0.990848 0.894991
0.990847 0.894959
0.990845 0.894926
0.990844 0.894894
0.990842 0.894862
0.990841 0.894829
0.990839 0.894797
0.990837 0.894764
0.990836 0.894732
0.990834 0.894699
0.990833 0.894667
0.990831 0.894635
0.99083 0.894602
0.990828 0.89457
0.990826 0.894538
0.990825 0.894505
0.990823 0.894473
0.990822 0.894441
0.99082 0.894408
0.990819 0.894376
0.990817 0.894344
0.990815 0.894311
0.990814 0.894279
0.990812 0.894247
0.990811 0.894214
0.990809 0.894182
0.990808 0.89415
0.990806 0.894117
0.990804 0.894085
0.990803 0.894053
0.990801 0.894021
0.9908 0.893988
0.990798 0.893956
0.990797 0.893924
0.990795 0.893892
0.990793 0.893859
0.990792 0.893827
0.99079 0.893795
0.990789 0.893763
0.990787 0.89373
0.990786 0.893698
0.990784 0.893666
0.990782 0.893634
0.990781 0.893601
0.990779 0.893569
0.990778 0.893537
0.990776 0.893505
0.990774 0.893473
0.990773 0.89344
0.990771 0.893408
0.99077 0.893376
0.990768 0.893344
0.990767 0.893312
0.990765 0.89328
0.990763 0.893247
0.990762 0.893215
0.99076 0.893183
0.990759 0.893151
0.990757 0.893119
0.990756 0.893087
0.990754 0.893054
0.990752 0.893022
0.990751 0.89299
0.990749 0.892958
0.990748 0.892926
0.990746 0.892894
0.990745 0.892862
0.990743 0.89283
0.990741 0.892797
0.99074 0.892765
0.990738 0.892733
0.990737 0.892701
0.990735 0.892669
0.990734 0.892637
0.990732 0.892605
0.99073 0.892573
0.990729 0.892541
0.990727 0.892509
0.990726 0.892476
0.990724 0.892444
0.990723 0.892412
0.990721 0.89238
0.990719 0.892348
0.990718 0.892316
0.990716 0.892284
0.990715 0.892252
0.990713 0.89222
0.990712 0.892188
0.99071 0.892156
0.990708 0.892124
0.990707 0.892092
0.990705 0.89206
0.990704 0.892028
0.990702 0.891996
0.990701 0.891963
0.990699 0.891931
0.990697 0.891899
0.990696 0.891867
0.990694 0.891835
0.990693 0.891803
0.990691 0.891771
0.99069 0.891739
0.990688 0.891707
0.990686 0.891675
0.990685 0.891643
0.990683 0.891611
0.990682 0.891579
0.99068 0.891547
0.990678 0.891515
0.990677 0.891483
0.990675 0.891451
0.990674 0.891419
0.990672 0.891387
0.990671 0.891355
0.990669 0.891323
0.990667 0.891291
0.990666 0.891259
0.990664 0.891227
0.990663 0.891195
0.990661 0.891163
0.99066 0.891131
0.990658 0.891099
0.990656 0.891067
0.990655 0.891035
0.990653 0.891003
0.990652 0.890971
0.99065 0.890939
0.990649 0.890907
0.990647 0.890875
0.990645 0.890843
0.990644 0.890811
0.990642 0.890779
0.990641 0.890747
0.990639 0.890715
0.990638 0.890683
0.990636 0.890651
0.990634 0.890619
0.990633 0.890587
0.990631 0.890555
0.99063 0.890524
0.990628 0.890492
0.990627 0.89046
0.990625 0.890428
0.990623 0.890396
0.990622 0.890364
0.99062 0.890332
0.990619 0.8903
0.990617 0.890268
0.990616 0.890236
0.990614 0.890204
0.990612 0.890172
0.990611 0.89014
0.990609 0.890108
0.990608 0.890076
0.990606 0.890044
0.990604 0.890012
0.990603 0.88998
0.990601 0.889948
0.9906 0.889916
0.990598 0.889884
0.990597 0.889852
0.990595 0.88982
0.990593 0.889788
0.990592 0.889756
0.99059 0.889724
0.990589 0.889692
0.990587 0.88966
0.990586 0.889628
0.990584 0.889596
0.990582 0.889564
0.990581 0.889532
0.990579 0.8895
0.990578 0.889468
0.990576 0.889436
0.990575 0.889404
0.990573 0.889372
0.990571 0.88934
0.99057 0.889308
0.990568 0.889276
0.990567 0.889244
0.990565 0.889213
0.990563 0.889181
0.990562 0.889149
0.99056 0.889117
0.990559 0.889085
0.990557 0.889053
0.990556 0.889021
0.990554 0.888989
0.990552 0.888957
0.990551 0.888925
0.990549 0.888893
0.990548 0.888861
0.990546 0.888829
0.990545 0.888797
0.990543 0.888765
0.990541 0.888733
0.99054 0.888701
0.990538 0.888668
0.990537 0.888636
0.990535 0.888604
0.990534 0.888572
0.990532 0.88854
0.99053 0.888508
0.990529 0.888476
0.990527 0.888444
0.990526 0.888412
0.990524 0.88838
0.990522 0.888348
0.990521 0.888316
0.990519 0.888284
0.990518 0.888252
0.990516 0.88822
0.990515 0.888188
0.990513 0.888156
0.990511 0.888124
0.99051 0.888092
0.990508 0.88806
0.990507 0.888028
0.990505 0.887996
0.990503 0.887964
0.990502 0.887932
0.9905 0.887899
0.990499 0.887867
0.990497 0.887835
0.990496 0.887803
0.990494 0.887771
0.990492 0.887739
0.990491 0.887707
0.990489 0.887675
0.990488 0.887643
0.990486 0.887611
0.990484 0.887579
0.990483 0.887546
0.990481 0.887514
0.99048 0.887482
0.990478 0.88745
0.990477 0.887418
0.990475 0.887386
0.990473 0.887354
0.990472 0.887322
0.99047 0.88729
0.990469 0.887257
0.990467 0.887225
0.990465 0.887193
0.990464 0.887161
0.990462 0.887129
0.990461 0.887097
0.990459 0.887064
0.990458 0.887032
0.990456 0.887
0.990454 0.886968
0.990453 0.886936
0.990451 0.886904
0.99045 0.886871
0.990448 0.886839
0.990446 0.886807
0.990445 0.886775
0.990443 0.886743
0.990442 0.88671
0.99044 0.886678
0.990438 0.886646
0.990437 0.886614
0.990435 0.886582
0.990434 0.886549
0.990432 0.886517
0.990431 0.886485
0.990429 0.886453
0.990427 0.88642
0.990426 0.886388
0.990424 0.886356
0.990423 0.886324
0.990421 0.886291
0.990419 0.886259
0.990418 0.886227
0.990416 0.886194
0.990415 0.886162
0.990413 0.88613
0.990411 0.886098
0.99041 0.886065
0.990408 0.886033
0.990407 0.886001
0.990405 0.885968
0.990403 0.885936
0.990402 0.885904
0.9904 0.885871
0.990399 0.885839
0.990397 0.885807
0.990395 0.885774
0.990394 0.885742
0.990392 0.885709
0.990391 0.885677
0.990389 0.885645
0.990387 0.885612
0.990386 0.88558
0.990384 0.885548
0.990383 0.885515
0.990381 0.885483
0.990379 0.88545
0.990378 0.885418
0.990376 0.885385
0.990375 0.885353
0.990373 0.885321
0.990371 0.885288
0.99037 0.885256
0.990368 0.885223
0.990367 0.885191
0.990365 0.885158
0.990363 0.885126
0.990362 0.885093
0.99036 0.885061
0.990359 0.885028
0.990357 0.884996
0.990355 0.884963
0.990354 0.884931
0.990352 0.884898
0.990351 0.884866
0.990349 0.884833
0.990347 0.884801
0.990346 0.884768
0.990344 0.884735
0.990343 0.884703
0.990341 0.88467
0.990339 0.884638
0.990338 0.884605
0.990336 0.884572
0.990335 0.88454
0.990333 0.884507
0.990331 0.884475
0.99033 0.884442
0.990328 0.884409
0.990327 0.884377
0.990325 0.884344
0.990323 0.884311
0.990322 0.884279
0.99032 0.884246
0.990319 0.884213
0.990317 0.884181
0.990315 0.884148
0.990314 0.884115
0.990312 0.884082
0.99031 0.88405
0.990309 0.884017
0.990307 0.883984
0.990306 0.883952
0.990304 0.883919
0.990302 0.883886
0.990301 0.883853
0.990299 0.88382
0.990298 0.883788
0.990296 0.883755
0.990294 0.883722
0.990293 0.883689
0.990291 0.883656
0.990289 0.883623
0.990288 0.883591
0.990286 0.883558
0.990285 0.883525
0.990283 0.883492
0.990281 0.883459
0.99028 0.883426
0.990278 0.883393
0.990277 0.88336
0.990275 0.883328
0.990273 0.883295
0.990272 0.883262
0.99027 0.883229
0.990268 0.883196
0.990267 0.883163
0.990265 0.88313
0.990264 0.883097
0.990262 0.883064
0.99026 0.883031
0.990259 0.882998
0.990257 0.882965
0.990255 0.882932
0.990254 0.882899
0.990252 0.882866
0.990251 0.882833
0.990249 0.882799
0.990247 0.882766
0.990246 0.882733
0.990244 0.8827
0.990242 0.882667
0.990241 0.882634
0.990239 0.882601
0.990238 0.882568
0.990236 0.882534
0.990234 0.882501
0.990233 0.882468
0.990231 0.882435
0.990229 0.882402
0.990228 0.882369
0.990226 0.882335
0.990225 0.882302
0.990223 0.882269
0.990221 0.882236
0.99022 0.882202
0.990218 0.882169
0.990216 0.882136
0.990215 0.882102
0.990213 0.882069
0.990211 0.882036
0.99021 0.882002
0.990208 0.881969
0.990207 0.881936
0.990205 0.881902
0.990203 0.881869
0.990202 0.881836
0.9902 0.881802
0.990198 0.881769
0.990197 0.881735
0.990195 0.881702
0.990193 0.881669
0.990192 0.881635
0.99019 0.881602
0.990188 0.881568
0.990187 0.881535
0.990185 0.881501
0.990184 0.881468
0.990182 0.881434
0.99018 0.8814
0.990179 0.881367
0.990177 0.881333
0.990175 0.8813
0.990174 0.881266
0.990172 0.881233
0.99017 0.881199
0.990169 0.881165
0.990167 0.881132
0.990165 0.881098
0.990164 0.881064
0.990162 0.881031
0.99016 0.880997
0.990159 0.880963
0.990157 0.88093
0.990156 0.880896
0.990154 0.880862
0.990152 0.880828
0.990151 0.880795
0.990149 0.880761
0.990147 0.880727
0.990146 0.880693
0.990144 0.880659
0.990142 0.880625
0.990141 0.880592
0.990139 0.880558
0.990137 0.880524
0.990136 0.88049
0.990134 0.880456
0.990132 0.880422
0.990131 0.880388
0.990129 0.880354
0.990127 0.88032
0.990126 0.880286
0.990124 0.880252
0.990122 0.880218
0.990121 0.880184
0.990119 0.88015
0.990117 0.880116
0.990116 0.880082
0.990114 0.880048
0.990112 0.880014
0.990111 0.87998
0.990109 0.879946
0.990107 0.879912
0.990106 0.879877
0.990104 0.879843
0.990102 0.879809
0.990101 0.879775
0.990099 0.879741
0.990097 0.879707
0.990096 0.879672
0.990094 0.879638
0.990092 0.879604
0.990091 0.879569
0.990089 0.879535
0.990087 0.879501
0.990086 0.879467
0.990084 0.879432
0.990082 0.879398
0.99008 0.879363
0.990079 0.879329
0.990077 0.879295
0.990075 0.87926
0.990074 0.879226
0.990072 0.879191
0.99007 0.879157
0.990069 0.879122
0.990067 0.879088
0.990065 0.879053
0.990064 0.879019
0.990062 0.878984
0.99006 0.87895
0.990059 0.878915
0.990057 0.878881
0.990055 0.878846
0.990053 0.878811
0.990052 0.878777
0.99005 0.878742
0.990048 0.878707
0.990047 0.878673
0.990045 0.878638
0.990043 0.878603
0.990042 0.878568
0.99004 0.878534
0.990038 0.878499
0.990037 0.878464
0.990035 0.878429
0.990033 0.878394
0.990031 0.87836
0.99003 0.878325
0.990028 0.87829
0.990026 0.878255
0.990025 0.87822
0.990023 0.878185
0.990021 0.87815
0.99002 0.878115
0.990018 0.87808
0.990016 0.878045
0.990014 0.87801
0.990013 0.877975
0.990011 0.87794
0.990009 0.877905
0.990008 0.87787
0.990006 0.877835
0.990004 0.8778
0.990002 0.877764
0.990001 0.877729
0.989999 0.877694
0.989997 0.877659
0.989996 0.877624
0.989994 0.877588
0.989992 0.877553
0.98999 0.877518
0.989989 0.877482
0.989987 0.877447
0.989985 0.877412
0.989983 0.877376
0.989982 0.877341
0.98998 0.877306
0.989978 0.87727
0.989977 0.877235
0.989975 0.877199
0.989973 0.877164
0.989971 0.877128
0.98997 0.877093
0.989968 0.877057
0.989966 0.877022
0.989964 0.876986
0.989963 0.876951
0.989961 0.876915
0.989959 0.876879
0.989958 0.876844
0.989956 0.876808
0.989954 0.876772
0.989952 0.876737
0.989951 0.876701
0.989949 0.876665
0.989947 0.876629
0.989945 0.876594
0.989944 0.876558
0.989942 0.876522
0.98994 0.876486
0.989938 0.87645
0.989937 0.876414
0.989935 0.876378
0.989933 0.876343
0.989931 0.876307
0.98993 0.876271
0.989928 0.876235
0.989926 0.876199
0.989924 0.876163
0.989923 0.876126
0.989921 0.87609
0.989919 0.876054
0.989917 0.876018
0.989916 0.875982
0.989914 0.875946
0.989912 0.87591
0.98991 0.875873
0.989909 0.875837
0.989907 0.875801
0.989905 0.875765
0.989903 0.875728
0.989902 0.875692
0.9899 0.875656
0.989898 0.875619
0.989896 0.875583
0.989894 0.875546
0.989893 0.87551
0.989891 0.875474
0.989889 0.875437
0.989887 0.875401
0.989886 0.875364
0.989884 0.875327
0.989882 0.875291
0.98988 0.875254
0.989879 0.875218
0.989877 0.875181
0.989875 0.875144
0.989873 0.875108
0.989871 0.875071
0.98987 0.875034
0.989868 0.874997
0.989866 0.874961
0.989864 0.874924
0.989862 0.874887
0.989861 0.87485
0.989859 0.874813
0.989857 0.874776
0.989855 0.874739
0.989854 0.874702
0.989852 0.874666
0.98985 0.874629
0.989848 0.874591
0.989846 0.874554
0.989845 0.874517
0.989843 0.87448
0.989841 0.874443
0.989839 0.874406
0.989837 0.874369
0.989836 0.874332
0.989834 0.874294
0.989832 0.874257
0.98983 0.87422
0.989828 0.874183
0.989827 0.874145
0.989825 0.874108
0.989823 0.87407
0.989821 0.874033
0.989819 0.873996
0.989817 0.873958
0.989816 0.873921
0.989814 0.873883
0.989812 0.873846
0.98981 0.873808
0.989808 0.873771
0.989807 0.873733
0.989805 0.873695
0.989803 0.873658
0.989801 0.87362
0.989799 0.873582
0.989797 0.873545
0.989796 0.873507
0.989794 0.873469
0.989792 0.873431
0.98979 0.873393
0.989788 0.873355
0.989786 0.873317
0.989785 0.87328
0.989783 0.873242
0.989781 0.873204
0.989779 0.873166
0.989777 0.873128
0.989775 0.87309
0.989774 0.873051
0.989772 0.873013
0.98977 0.872975
0.989768 0.872937
0.989766 0.872899
0.989764 0.872861
0.989763 0.872822
0.989761 0.872784
0.989759 0.872746
0.989757 0.872707
0.989755 0.872669
0.989753 0.872631
0.989751 0.872592
0.98975 0.872554
0.989748 0.872515
0.989746 0.872477
0.989744 0.872438
0.989742 0.872399
0.98974 0.872361
0.989738 0.872322
0.989737 0.872284
0.989735 0.872245
0.989733 0.872206
0.989731 0.872167
0.989729 0.872129
0.989727 0.87209
0.989725 0.872051
0.989723 0.872012
0.989722 0.871973
0.98972 0.871934
0.989718 0.871895
0.989716 0.871856
0.989714 0.871817
0.989712 0.871778
0.98971 0.871739
0.989708 0.8717
0.989707 0.871661
0.989705 0.871622
0.989703 0.871582
0.989701 0.871543
0.989699 0.871504
0.989697 0.871465
0.989695 0.871425
0.989693 0.871386
0.989691 0.871346
0.989689 0.871307
0.989688 0.871268
0.989686 0.871228
0.989684 0.871189
0.989682 0.871149
0.98968 0.871109
0.989678 0.87107
0.989676 0.87103
0.989674 0.87099
0.989672 0.870951
0.98967 0.870911
0.989668 0.870871
0.989667 0.870831
0.989665 0.870792
0.989663 0.870752
0.989661 0.870712
0.989659 0.870672
0.989657 0.870632
0.989655 0.870592
0.989653 0.870552
0.989651 0.870512
0.989649 0.870472
0.989647 0.870431
0.989645 0.870391
0.989643 0.870351
0.989642 0.870311
0.98964 0.87027
0.989638 0.87023
0.989636 0.87019
0.989634 0.870149
0.989632 0.870109
0.98963 0.870068
0.989628 0.870028
0.989626 0.869987
0.989624 0.869947
0.989622 0.869906
0.98962 0.869866
0.989618 0.869825
0.989616 0.869784
0.989614 0.869743
0.989612 0.869703
0.98961 0.869662
0.989608 0.869621
0.989606 0.86958
0.989604 0.869539
0.989603 0.869498
0.989601 0.869457
0.989599 0.869416
0.989597 0.869375
0.989595 0.869334
0.989593 0.869293
0.989591 0.869252
0.989589 0.86921
0.989587 0.869169
0.989585 0.869128
0.989583 0.869087
0.989581 0.869045
0.989579 0.869004
0.989577 0.868962
0.989575 0.868921
0.989573 0.868879
0.989571 0.868838
0.989569 0.868796
0.989567 0.868755
0.989565 0.868713
0.989563 0.868671
0.989561 0.86863
0.989559 0.868588
0.989557 0.868546
0.989555 0.868504
0.989553 0.868462
0.989551 0.86842
0.989549 0.868378
0.989547 0.868336
0.989545 0.868294
0.989543 0.868252
0.989541 0.86821
0.989539 0.868168
0.989537 0.868126
0.989535 0.868083
0.989533 0.868041
0.989531 0.867999
0.989529 0.867956
0.989527 0.867914
0.989525 0.867871
0.989523 0.867829
0.98952 0.867786
0.989518 0.867744
0.989516 0.867701
0.989514 0.867658
0.989512 0.867616
0.98951 0.867573
0.989508 0.86753
0.989506 0.867487
0.989504 0.867444
0.989502 0.867402
0.9895 0.867359
0.989498 0.867316
0.989496 0.867273
0.989494 0.867229
0.989492 0.867186
0.98949 0.867143
0.989488 0.8671
0.989486 0.867057
0.989484 0.867013
0.989481 0.86697
0.989479 0.866927
0.989477 0.866883
0.989475 0.86684
0.989473 0.866796
0.989471 0.866753
0.989469 0.866709
0.989467 0.866665
0.989465 0.866622
0.989463 0.866578
0.989461 0.866534
0.989459 0.86649
0.989456 0.866447
0.989454 0.866403
0.989452 0.866359
0.98945 0.866315
0.989448 0.866271
0.989446 0.866227
0.989444 0.866182
0.989442 0.866138
0.98944 0.866094
0.989438 0.86605
0.989435 0.866005
0.989433 0.865961
0.989431 0.865917
0.989429 0.865872
0.989427 0.865828
0.989425 0.865783
0.989423 0.865738
0.989421 0.865694
0.989418 0.865649
0.989416 0.865604
0.989414 0.86556
0.989412 0.865515
0.98941 0.86547
0.989408 0.865425
0.989406 0.86538
0.989404 0.865335
0.989401 0.86529
0.989399 0.865245
0.989397 0.865199
0.989395 0.865154
0.989393 0.865109
0.989391 0.865064
0.989388 0.865018
0.989386 0.864973
0.989384 0.864927
0.989382 0.864882
0.98938 0.864836
0.989378 0.864791
0.989375 0.864745
0.989373 0.864699
0.989371 0.864653
0.989369 0.864608
0.989367 0.864562
0.989365 0.864516
0.989362 0.86447
0.98936 0.864424
0.989358 0.864378
0.989356 0.864332
0.989354 0.864285
0.989351 0.864239
0.989349 0.864193
0.989347 0.864147
0.989345 0.8641
0.989343 0.864054
0.98934 0.864007
0.989338 0.863961
0.989336 0.863914
0.989334 0.863867
0.989332 0.863821
0.989329 0.863774
0.989327 0.863727
0.989325 0.86368
0.989323 0.863633
0.98932 0.863586
0.989318 0.863539
0.989316 0.863492
0.989314 0.863445
0.989311 0.863398
0.989309 0.863351
0.989307 0.863303
0.989305 0.863256
0.989302 0.863209
0.9893 0.863161
0.989298 0.863114
0.989296 0.863066
0.989293 0.863018
0.989291 0.862971
0.989289 0.862923
0.989287 0.862875
0.989284 0.862827
0.989282 0.862779
0.98928 0.862731
0.989278 0.862683
0.989275 0.862635
0.989273 0.862587
0.989271 0.862539
0.989268 0.862491
0.989266 0.862442
0.989264 0.862394
0.989262 0.862345
0.989259 0.862297
0.989257 0.862248
0.989255 0.8622
0.989252 0.862151
0.98925 0.862102
0.989248 0.862054
0.989245 0.862005
0.989243 0.861956
0.989241 0.861907
0.989238 0.861858
0.989236 0.861809
0.989234 0.861759
0.989232 0.86171
0.989229 0.861661
0.989227 0.861612
0.989225 0.861562
0.989222 0.861513
0.98922 0.861463
0.989218 0.861414
0.989215 0.861364
0.989213 0.861314
0.98921 0.861265
0.989208 0.861215
0.989206 0.861165
0.989203 0.861115
0.989201 0.861065
0.989199 0.861015
0.989196 0.860965
0.989194 0.860914
0.989192 0.860864
0.989189 0.860814
0.989187 0.860763
0.989184 0.860713
0.989182 0.860662
0.98918 0.860612
0.989177 0.860561
0.989175 0.86051
0.989172 0.86046
0.98917 0.860409
0.989168 0.860358
0.989165 0.860307
0.989163 0.860256
0.98916 0.860205
0.989158 0.860153
0.989156 0.860102
0.989153 0.860051
0.989151 0.859999
0.989148 0.859948
0.989146 0.859896
0.989143 0.859845
0.989141 0.859793
0.989139 0.859741
0.989136 0.85969
0.989134 0.859638
0.989131 0.859586
0.989129 0.859534
0.989126 0.859482
0.989124 0.85943
0.989121 0.859377
0.989119 0.859325
0.989116 0.859273
0.989114 0.85922
0.989112 0.859168
0.989109 0.859115
0.989107 0.859063
0.989104 0.85901
0.989102 0.858957
0.989099 0.858904
0.989097 0.858851
0.989094 0.858798
0.989092 0.858745
0.989089 0.858692
0.989087 0.858639
0.989084 0.858585
0.989082 0.858532
0.989079 0.858479
0.989077 0.858425
0.989074 0.858372
0.989072 0.858318
0.989069 0.858264
0.989067 0.85821
0.989064 0.858156
0.989061 0.858102
0.989059 0.858048
0.989056 0.857994
0.989054 0.85794
0.989051 0.857886
0.989049 0.857831
0.989046 0.857777
0.989044 0.857723
0.989041 0.857668
0.989038 0.857613
0.989036 0.857559
0.989033 0.857504
0.989031 0.857449
0.989028 0.857394
0.989026 0.857339
0.989023 0.857284
0.98902 0.857228
0.989018 0.857173
0.989015 0.857118
0.989013 0.857062
0.98901 0.857007
0.989007 0.856951
0.989005 0.856896
0.989002 0.85684
0.989 0.856784
0.988997 0.856728
0.988994 0.856672
0.988992 0.856616
0.988989 0.85656
0.988986 0.856503
0.988984 0.856447
0.988981 0.856391
0.988978 0.856334
0.988976 0.856278
0.988973 0.856221
0.988971 0.856164
0.988968 0.856107
0.988965 0.85605
0.988963 0.855993
0.98896 0.855936
0.988957 0.855879
0.988954 0.855822
0.988952 0.855764
0.988949 0.855707
0.988946 0.855649
0.988944 0.855592
0.988941 0.855534
0.988938 0.855476
0.988936 0.855418
0.988933 0.85536
0.98893 0.855302
0.988927 0.855244
0.988925 0.855186
0.988922 0.855128
0.988919 0.855069
0.988917 0.855011
0.988914 0.854952
0.988911 0.854893
0.988908 0.854835
0.988906 0.854776
0.988903 0.854717
0.9889 0.854658
0.988897 0.854599
0.988895 0.854539
0.988892 0.85448
0.988889 0.854421
0.988886 0.854361
0.988883 0.854301
0.988881 0.854242
0.988878 0.854182
0.988875 0.854122
0.988872 0.854062
0.988869 0.854002
0.988867 0.853942
0.988864 0.853881
0.988861 0.853821
0.988858 0.853761
0.988855 0.8537
0.988852 0.853639
0.98885 0.853579
0.988847 0.853518
0.988844 0.853457
0.988841 0.853396
0.988838 0.853335
0.988835 0.853273
0.988833 0.853212
0.98883 0.85315
0.988827 0.853089
0.988824 0.853027
0.988821 0.852966
0.988818 0.852904
0.988815 0.852842
0.988812 0.85278
0.98881 0.852717
0.988807 0.852655
0.988804 0.852593
0.988801 0.85253
0.988798 0.852468
0.988795 0.852405
0.988792 0.852342
0.988789 0.852279
0.988786 0.852216
0.988783 0.852153
0.98878 0.85209
0.988777 0.852027
0.988774 0.851963
0.988771 0.8519
0.988769 0.851836
0.988766 0.851773
0.988763 0.851709
0.98876 0.851645
0.988757 0.851581
0.988754 0.851517
0.988751 0.851452
0.988748 0.851388
0.988745 0.851323
0.988742 0.851259
0.988739 0.851194
0.988736 0.851129
0.988733 0.851064
0.98873 0.850999
0.988727 0.850934
0.988724 0.850869
0.988721 0.850803
0.988717 0.850738
0.988714 0.850672
0.988711 0.850606
0.988708 0.850541
0.988705 0.850475
0.988702 0.850409
0.988699 0.850342
0.988696 0.850276
0.988693 0.85021
0.98869 0.850143
0.988687 0.850076
0.988684 0.85001
0.988681 0.849943
0.988677 0.849876
0.988674 0.849809
0.988671 0.849741
0.988668 0.849674
0.988665 0.849606
0.988662 0.849539
0.988659 0.849471
0.988656 0.849403
0.988652 0.849335
0.988649 0.849267
0.988646 0.849199
0.988643 0.849131
0.98864 0.849062
0.988637 0.848993
0.988633 0.848925
0.98863 0.848856
0.988627 0.848787
0.988624 0.848718
0.988621 0.848649
0.988617 0.848579
0.988614 0.84851
0.988611 0.84844
0.988608 0.84837
0.988605 0.848301
0.988601 0.848231
0.988598 0.84816
0.988595 0.84809
0.988592 0.84802
0.988588 0.847949
0.988585 0.847879
0.988582 0.847808
0.988578 0.847737
0.988575 0.847666
0.988572 0.847595
0.988569 0.847523
0.988565 0.847452
0.988562 0.84738
0.988559 0.847309
0.988555 0.847237
0.988552 0.847165
0.988549 0.847093
0.988545 0.84702
0.988542 0.846948
0.988539 0.846875
0.988535 0.846803
0.988532 0.84673
0.988529 0.846657
0.988525 0.846584
0.988522 0.846511
0.988518 0.846437
0.988515 0.846364
0.988512 0.84629
0.988508 0.846216
0.988505 0.846142
0.988501 0.846068
0.988498 0.845994
0.988495 0.845919
0.988491 0.845845
0.988488 0.84577
0.988484 0.845695
0.988481 0.84562
0.988477 0.845545
0.988474 0.84547
0.98847 0.845395
0.988467 0.845319
0.988463 0.845243
0.98846 0.845167
0.988456 0.845091
0.988453 0.845015
0.988449 0.844939
0.988446 0.844862
0.988442 0.844786
0.988439 0.844709
0.988435 0.844632
0.988432 0.844555
0.988428 0.844478
0.988425 0.8444
0.988421 0.844323
0.988417 0.844245
0.988414 0.844167
0.98841 0.844089
0.988407 0.844011
0.988403 0.843932
0.988399 0.843854
0.988396 0.843775
0.988392 0.843696
0.988389 0.843617
0.988385 0.843538
0.988381 0.843459
0.988378 0.843379
0.988374 0.8433
0.98837 0.84322
0.988367 0.84314
0.988363 0.84306
0.988359 0.842979
0.988356 0.842899
0.988352 0.842818
0.988348 0.842737
0.988344 0.842656
0.988341 0.842575
0.988337 0.842494
0.988333 0.842412
0.988329 0.84233
0.988326 0.842248
0.988322 0.842166
0.988318 0.842084
0.988314 0.842002
0.988311 0.841919
0.988307 0.841836
0.988303 0.841754
0.988299 0.84167
0.988295 0.841587
0.988292 0.841504
0.988288 0.84142
0.988284 0.841336
0.98828 0.841252
0.988276 0.841168
0.988272 0.841084
0.988268 0.840999
0.988265 0.840914
0.988261 0.840829
0.988257 0.840744
0.988253 0.840659
0.988249 0.840573
0.988245 0.840488
0.988241 0.840402
0.988237 0.840316
0.988233 0.84023
0.988229 0.840143
0.988225 0.840056
0.988221 0.83997
0.988217 0.839883
0.988213 0.839795
0.988209 0.839708
0.988205 0.83962
0.988201 0.839533
0.988197 0.839445
0.988193 0.839356
0.988189 0.839268
0.988185 0.839179
0.988181 0.83909
0.988177 0.839001
0.988173 0.838912
0.988169 0.838823
0.988165 0.838733
0.988161 0.838643
0.988157 0.838553
0.988153 0.838463
0.988148 0.838373
0.988144 0.838282
0.98814 0.838191
0.988136 0.8381
0.988132 0.838009
0.988128 0.837917
0.988123 0.837826
0.988119 0.837734
0.988115 0.837642
0.988111 0.837549
0.988107 0.837457
0.988102 0.837364
0.988098 0.837271
0.988094 0.837178
0.98809 0.837084
0.988085 0.83699
0.988081 0.836897
0.988077 0.836802
0.988073 0.836708
0.988068 0.836614
0.988064 0.836519
0.98806 0.836424
0.988055 0.836329
0.988051 0.836233
0.988047 0.836137
0.988042 0.836041
0.988038 0.835945
0.988033 0.835849
0.988029 0.835752
0.988025 0.835655
0.98802 0.835558
0.988016 0.835461
0.988011 0.835363
0.988007 0.835266
0.988002 0.835168
0.987998 0.835069
0.987993 0.834971
0.987989 0.834872
0.987984 0.834773
0.98798 0.834674
0.987975 0.834574
0.987971 0.834474
0.987966 0.834374
0.987962 0.834274
0.987957 0.834174
0.987953 0.834073
0.987948 0.833972
0.987944 0.833871
0.987939 0.833769
0.987934 0.833667
0.98793 0.833565
0.987925 0.833463
0.98792 0.833361
0.987916 0.833258
0.987911 0.833155
0.987906 0.833051
0.987902 0.832948
0.987897 0.832844
0.987892 0.83274
0.987887 0.832635
0.987883 0.832531
0.987878 0.832426
0.987873 0.832321
0.987868 0.832215
0.987864 0.83211
0.987859 0.832004
0.987854 0.831897
0.987849 0.831791
0.987844 0.831684
0.98784 0.831577
0.987835 0.831469
0.98783 0.831362
0.987825 0.831254
0.98782 0.831145
0.987815 0.831037
0.98781 0.830928
0.987805 0.830819
0.9878 0.83071
0.987795 0.8306
0.98779 0.83049
0.987785 0.83038
0.98778 0.830269
0.987775 0.830158
0.98777 0.830047
0.987765 0.829936
0.98776 0.829824
0.987755 0.829712
0.98775 0.829599
0.987745 0.829487
0.98774 0.829374
0.987735 0.82926
0.98773 0.829147
0.987725 0.829033
0.987719 0.828919
0.987714 0.828804
0.987709 0.828689
0.987704 0.828574
0.987699 0.828459
0.987693 0.828343
0.987688 0.828227
0.987683 0.828111
0.987678 0.827994
0.987672 0.827877
0.987667 0.827759
0.987662 0.827642
0.987656 0.827524
0.987651 0.827405
0.987646 0.827286
0.98764 0.827167
0.987635 0.827048
0.98763 0.826928
0.987624 0.826808
0.987619 0.826688
0.987613 0.826567
0.987608 0.826446
0.987602 0.826324
0.987597 0.826203
0.987591 0.826081
0.987586 0.825958
0.98758 0.825835
0.987575 0.825712
0.987569 0.825589
0.987564 0.825465
0.987558 0.82534
0.987553 0.825216
0.987547 0.825091
0.987541 0.824965
0.987536 0.82484
0.98753 0.824714
0.987524 0.824587
0.987519 0.82446
0.987513 0.824333
0.987507 0.824206
0.987501 0.824078
0.987496 0.823949
0.98749 0.823821
0.987484 0.823692
0.987478 0.823562
0.987472 0.823432
0.987467 0.823302
0.987461 0.823171
0.987455 0.82304
0.987449 0.822909
0.987443 0.822777
0.987437 0.822645
0.987431 0.822512
0.987425 0.822379
0.987419 0.822246
0.987413 0.822112
0.987407 0.821978
0.987401 0.821843
0.987395 0.821708
0.987389 0.821573
0.987383 0.821437
0.987377 0.821301
0.987371 0.821164
0.987365 0.821027
0.987358 0.820889
0.987352 0.820751
0.987346 0.820613
0.98734 0.820474
0.987334 0.820335
0.987327 0.820195
0.987321 0.820055
0.987315 0.819914
0.987308 0.819773
0.987302 0.819632
0.987296 0.81949
0.987289 0.819347
0.987283 0.819205
0.987277 0.819061
0.98727 0.818918
0.987264 0.818773
0.987257 0.818629
0.987251 0.818484
0.987244 0.818338
0.987238 0.818192
0.987231 0.818046
0.987225 0.817899
0.987218 0.817751
0.987211 0.817603
0.987205 0.817455
0.987198 0.817306
0.987192 0.817156
0.987185 0.817007
0.987178 0.816856
0.987171 0.816705
0.987165 0.816554
0.987158 0.816402
0.987151 0.81625
0.987144 0.816097
0.987137 0.815943
0.987131 0.81579
0.987124 0.815635
0.987117 0.81548
0.98711 0.815325
0.987103 0.815169
0.987096 0.815012
0.987089 0.814855
0.987082 0.814698
0.987075 0.81454
0.987068 0.814381
0.987061 0.814222
0.987054 0.814062
0.987046 0.813902
0.987039 0.813741
0.987032 0.81358
0.987025 0.813418
0.987018 0.813256
0.98701 0.813093
0.987003 0.812929
0.986996 0.812765
0.986989 0.812601
0.986981 0.812435
0.986974 0.81227
0.986966 0.812103
0.986959 0.811936
0.986952 0.811769
0.986944 0.8116
0.986937 0.811432
0.986929 0.811262
0.986922 0.811092
0.986914 0.810922
0.986906 0.810751
0.986899 0.810579
0.986891 0.810407
0.986883 0.810234
0.986876 0.81006
0.986868 0.809886
0.98686 0.809711
0.986852 0.809536
0.986845 0.809359
0.986837 0.809183
0.986829 0.809005
0.986821 0.808827
0.986813 0.808649
0.986805 0.808469
0.986797 0.808289
0.986789 0.808109
0.986781 0.807927
0.986773 0.807745
0.986765 0.807563
0.986757 0.80738
0.986749 0.807196
0.986741 0.807011
0.986732 0.806826
0.986724 0.806639
0.986716 0.806453
0.986708 0.806265
0.986699 0.806077
0.986691 0.805888
0.986682 0.805699
0.986674 0.805509
0.986666 0.805318
0.986657 0.805126
0.986649 0.804933
0.98664 0.80474
0.986632 0.804546
0.986623 0.804352
0.986614 0.804156
0.986606 0.80396
0.986597 0.803763
0.986588 0.803565
0.986579 0.803367
0.986571 0.803168
0.986562 0.802968
0.986553 0.802767
0.986544 0.802566
0.986535 0.802363
0.986526 0.80216
0.986517 0.801956
0.986508 0.801752
0.986499 0.801546
0.98649 0.80134
0.986481 0.801133
0.986472 0.800925
0.986462 0.800716
0.986453 0.800506
0.986444 0.800296
0.986435 0.800084
0.986425 0.799872
0.986416 0.799659
0.986406 0.799445
0.986397 0.799231
0.986387 0.799015
0.986378 0.798798
0.986368 0.798581
0.986359 0.798363
0.986349 0.798144
0.986339 0.797924
0.98633 0.797703
0.98632 0.797481
0.98631 0.797258
0.9863 0.797034
0.98629 0.79681
0.98628 0.796584
0.98627 0.796358
0.98626 0.79613
0.98625 0.795902
0.98624 0.795672
0.98623 0.795442
0.98622 0.795211
0.98621 0.794979
0.986199 0.794745
0.986189 0.794511
0.986179 0.794276
0.986168 0.79404
0.986158 0.793802
0.986148 0.793564
0.986137 0.793325
0.986127 0.793085
0.986116 0.792843
0.986105 0.792601
0.986095 0.792357
0.986084 0.792113
0.986073 0.791867
0.986062 0.791621
0.986051 0.791373
0.98604 0.791124
0.986029 0.790874
0.986018 0.790623
0.986007 0.790371
0.985996 0.790118
0.985985 0.789863
0.985974 0.789608
0.985963 0.789351
0.985951 0.789094
0.98594 0.788835
0.985929 0.788575
0.985917 0.788313
0.985906 0.788051
0.985894 0.787787
0.985883 0.787522
0.985871 0.787256
0.985859 0.786989
0.985847 0.786721
0.985836 0.786451
0.985824 0.78618
0.985812 0.785908
0.9858 0.785634
0.985788 0.78536
0.985776 0.785084
0.985764 0.784807
0.985751 0.784528
0.985739 0.784248
0.985727 0.783967
0.985714 0.783685
0.985702 0.783401
0.98569 0.783116
0.985677 0.782829
0.985664 0.782541
0.985652 0.782252
0.985639 0.781961
0.985626 0.781669
0.985614 0.781376
0.985601 0.781081
0.985588 0.780785
0.985575 0.780488
0.985562 0.780188
0.985548 0.779888
0.985535 0.779586
0.985522 0.779282
0.985509 0.778978
0.985495 0.778671
0.985482 0.778363
0.985468 0.778054
0.985455 0.777743
0.985441 0.77743
0.985427 0.777116
0.985414 0.776801
0.9854 0.776483
0.985386 0.776165
0.985372 0.775844
0.985358 0.775522
0.985344 0.775199
0.98533 0.774873
0.985315 0.774547
0.985301 0.774218
0.985286 0.773888
0.985272 0.773556
0.985257 0.773222
0.985243 0.772887
0.985228 0.77255
0.985213 0.772211
0.985199 0.771871
0.985184 0.771529
0.985169 0.771185
0.985154 0.770839
0.985138 0.770491
0.985123 0.770142
0.985108 0.76979
0.985092 0.769437
0.985077 0.769082
0.985061 0.768725
0.985046 0.768367
0.98503 0.768006
0.985014 0.767643
0.984998 0.767279
0.984982 0.766912
0.984966 0.766544
0.98495 0.766173
0.984934 0.765801
0.984918 0.765427
0.984901 0.76505
0.984885 0.764671
0.984868 0.764291
0.984852 0.763908
0.984835 0.763523
0.984818 0.763137
0.984801 0.762748
0.984784 0.762356
0.984767 0.761963
0.98475 0.761567
0.984732 0.76117
0.984715 0.76077
0.984697 0.760368
0.98468 0.759963
0.984662 0.759556
0.984644 0.759147
0.984626 0.758736
0.984608 0.758322
0.98459 0.757906
0.984572 0.757488
0.984554 0.757067
0.984535 0.756644
0.984517 0.756218
0.984498 0.75579
0.984479 0.755359
0.98446 0.754926
0.984442 0.754491
0.984422 0.754053
0.984403 0.753612
0.984384 0.753169
0.984365 0.752723
0.984345 0.752274
0.984325 0.751823
0.984306 0.751369
0.984286 0.750913
0.984266 0.750453
0.984246 0.749991
0.984225 0.749526
0.984205 0.749059
0.984185 0.748588
0.984164 0.748115
0.984143 0.747639
0.984122 0.74716
0.984101 0.746678
0.98408 0.746193
0.984059 0.745705
0.984038 0.745214
0.984016 0.74472
0.983995 0.744224
0.983973 0.743723
0.983951 0.74322
0.983929 0.742714
0.983907 0.742205
0.983884 0.741692
0.983862 0.741176
0.983839 0.740657
0.983816 0.740135
0.983794 0.739609
0.98377 0.73908
0.983747 0.738548
0.983724 0.738012
0.9837 0.737473
0.983677 0.73693
0.983653 0.736384
0.983629 0.735834
0.983605 0.735281
0.983581 0.734724
0.983556 0.734163
0.983532 0.733599
0.983507 0.733031
0.983482 0.732459
0.983457 0.731884
0.983431 0.731305
0.983406 0.730722
0.98338 0.730135
0.983355 0.729544
0.983329 0.728949
0.983302 0.728351
0.983276 0.727748
0.98325 0.727141
0.983223 0.72653
0.983196 0.725915
0.983169 0.725296
0.983142 0.724672
0.983114 0.724044
0.983087 0.723412
0.983059 0.722776
0.983031 0.722135
0.983002 0.72149
0.982974 0.72084
0.982945 0.720186
0.982917 0.719527
0.982888 0.718864
0.982858 0.718196
0.982829 0.717523
0.982799 0.716845
0.982769 0.716163
0.982739 0.715476
0.982709 0.714784
0.982678 0.714087
0.982647 0.713385
0.982616 0.712678
0.982585 0.711966
0.982553 0.711249
0.982522 0.710526
0.98249 0.709799
0.982458 0.709066
0.982425 0.708327
0.982392 0.707584
0.982359 0.706835
0.982326 0.70608
0.982293 0.70532
0.982259 0.704554
0.982225 0.703782
0.982191 0.703005
0.982156 0.702222
0.982121 0.701433
0.982086 0.700638
0.982051 0.699837
0.982015 0.699031
0.981979 0.698218
0.981943 0.697398
0.981907 0.696573
0.98187 0.695741
0.981833 0.694903
0.981795 0.694059
0.981758 0.693208
0.98172 0.69235
0.981681 0.691486
0.981643 0.690615
0.981604 0.689738
0.981564 0.688853
0.981525 0.687962
0.981485 0.687064
0.981444 0.686158
0.981404 0.685246
0.981363 0.684326
0.981321 0.683399
0.98128 0.682464
0.981238 0.681523
0.981195 0.680573
0.981153 0.679616
0.981109 0.678652
0.981066 0.677679
0.981022 0.676699
0.980978 0.675711
0.980933 0.674715
0.980888 0.67371
0.980843 0.672698
0.980797 0.671677
0.98075 0.670648
0.980704 0.669611
0.980657 0.668564
0.980609 0.66751
0.980561 0.666446
0.980513 0.665374
0.980464 0.664293
0.980414 0.663203
0.980365 0.662103
0.980314 0.660995
0.980264 0.659877
0.980212 0.65875
0.980161 0.657613
0.980109 0.656467
0.980056 0.655311
0.980003 0.654145
0.979949 0.65297
0.979895 0.651784
0.97984 0.650588
0.979785 0.649382
0.979729 0.648166
0.979673 0.646939
0.979616 0.645701
0.979559 0.644453
0.979501 0.643194
0.979442 0.641925
0.979383 0.640644
0.979323 0.639352
0.979263 0.638049
0.979202 0.636734
0.97914 0.635408
0.979078 0.63407
0.979015 0.632721
0.978952 0.631359
0.978888 0.629986
0.978823 0.628601
0.978758 0.627203
0.978692 0.625793
0.978625 0.62437
0.978557 0.622935
0.978489 0.621487
0.97842 0.620026
0.97835 0.618553
0.97828 0.617066
0.978209 0.615565
0.978137 0.614052
0.978064 0.612524
0.977991 0.610983
0.977916 0.609429
0.977841 0.60786
0.977765 0.606277
0.977689 0.60468
0.977611 0.603068
0.977533 0.601442
0.977453 0.599802
0.977373 0.598146
0.977292 0.596476
0.97721 0.59479
0.977127 0.593089
0.977043 0.591373
0.976958 0.589641
0.976872 0.587894
0.976785 0.586131
0.976697 0.584352
0.976609 0.582556
0.976519 0.580745
0.976428 0.578917
0.976336 0.577073
0.976243 0.575211
0.976148 0.573334
0.976053 0.571439
0.975957 0.569527
0.975859 0.567597
0.97576 0.565651
0.97566 0.563687
0.975559 0.561705
0.975457 0.559705
0.975353 0.557688
0.975248 0.555652
0.975142 0.553599
0.975034 0.551526
0.974925 0.549436
0.974815 0.547327
0.974703 0.545199
0.97459 0.543052
0.974476 0.540887
0.97436 0.538702
0.974243 0.536498
0.974124 0.534275
0.974004 0.532033
0.973882 0.529771
0.973758 0.527489
0.973633 0.525188
0.973507 0.522866
0.973378 0.520525
0.973248 0.518165
0.973117 0.515784
0.972983 0.513382
0.972848 0.510961
0.972711 0.508519
0.972572 0.506058
0.972432 0.503575
0.972289 0.501073
0.972145 0.49855
0.971999 0.496006
0.97185 0.493442
0.9717 0.490857
0.971548 0.488252
0.971393 0.485626
0.971237 0.48298
0.971078 0.480313
0.970917 0.477626
0.970754 0.474918
0.970589 0.47219
0.970421 0.469441
0.970251 0.466673
0.970079 0.463883
0.969905 0.461074
0.969727 0.458245
0.969548 0.455395
0.969366 0.452526
0.969181 0.449637
0.968994 0.446729
0.968804 0.443801
0.968611 0.440853
0.968416 0.437887
0.968218 0.434902
0.968017 0.431898
0.967813 0.428875
0.967607 0.425834
0.967397 0.422776
0.967184 0.419699
0.966969 0.416605
0.96675 0.413494
0.966528 0.410366
0.966303 0.407222
0.966074 0.404061
0.965842 0.400884
0.965607 0.397692
0.965369 0.394485
0.965127 0.391263
0.964881 0.388027
0.964632 0.384777
0.964379 0.381514
0.964123 0.378237
0.963863 0.374949
0.963599 0.371648
0.963331 0.368336
0.96306 0.365013
0.962784 0.361679
0.962504 0.358336
0.96222 0.354984
0.961933 0.351623
0.96164 0.348254
0.961344 0.344878
0.961043 0.341495
0.960738 0.338106
0.960429 0.334711
0.960115 0.331312
0.959796 0.327908
0.959473 0.324502
0.959145 0.321092
0.958812 0.317681
0.958474 0.314269
0.958132 0.310856
0.957785 0.307443
0.957432 0.304032
0.957075 0.300622
0.956712 0.297215
0.956344 0.293811
0.955971 0.290412
0.955592 0.287017
0.955209 0.283629
0.954819 0.280246
0.954424 0.276872
0.954024 0.273505
0.953618 0.270147
0.953206 0.266799
0.952788 0.263462
0.952364 0.260136
0.951935 0.256822
0.951499 0.253521
0.951058 0.250233
0.95061 0.24696
0.950157 0.243702
0.949696 0.24046
0.94923 0.237235
0.948757 0.234027
0.948278 0.230837
0.947793 0.227666
0.9473 0.224515
0.946802 0.221384
0.946296 0.218273
0.945784 0.215184
0.945265 0.212117
0.944739 0.209073
0.944207 0.206052
0.943667 0.203055
0.94312 0.200083
0.942567 0.197135
0.942006 0.194213
0.941438 0.191317
0.940862 0.188447
0.94028 0.185604
0.93969 0.182788
0.939093 0.180001
0.938488 0.177241
0.937876 0.17451
0.937256 0.171807
0.936629 0.169134
0.935994 0.16649
0.935351 0.163875
0.934701 0.161291
0.934043 0.158737
0.933377 0.156213
0.932704 0.15372
0.932022 0.151257
0.931332 0.148825
0.930635 0.146424
0.92993 0.144055
0.929216 0.141716
0.928494 0.139408
0.927765 0.137132
0.927027 0.134887
0.926281 0.132673
0.925527 0.13049
0.924764 0.128339
0.923993 0.126218
0.923214 0.124129
0.922427 0.12207
0.921631 0.120043
0.920827 0.118045
0.920014 0.116079
0.919193 0.114143
0.918364 0.112237
0.917526 0.110361
0.916679 0.108515
0.915824 0.106698
0.91496 0.104911
0.914088 0.103153
0.913207 0.101424
0.912318 0.0997235
0.91142 0.0980516
0.910513 0.0964078
0.909597 0.0947919
0.908673 0.0932036
0.907741 0.0916426
0.906799 0.0901087
0.905849 0.0886014
0.90489 0.0871205
0.903922 0.0856657
0.902945 0.0842367
0.90196 0.0828331
0.900966 0.0814547
0.899963 0.080101
0.898951 0.0787718
0.89793 0.0774668
0.896901 0.0761855
0.895863 0.0749278
0.894816 0.0736931
0.89376 0.0724812
0.892695 0.0712918
0.891621 0.0701245
0.890539 0.068979
0.889447 0.067855
0.888347 0.066752
0.887238 0.0656698
0.88612 0.064608
0.884993 0.0635664
0.883857 0.0625445
0.882712 0.061542
0.881558 0.0605587
0.880396 0.0595941
0.879224 0.0586481
0.878044 0.0577201
0.876855 0.05681
0.875657 0.0559175
0.87445 0.0550421
0.873234 0.0541836
0.872009 0.0533418
0.870776 0.0525162
0.869533 0.0517066
0.868282 0.0509128
0.867021 0.0501343
0.865752 0.049371
0.864474 0.0486225
0.863187 0.0478886
0.861892 0.047169
0.860587 0.0464634
0.859274 0.0457716
0.857951 0.0450933
0.85662 0.0444282
0.85528 0.0437761
0.853932 0.0431367
0.852574 0.0425098
0.851208 0.0418951
0.849832 0.0412925
0.848448 0.0407016
0.847056 0.0401222
0.845654 0.0395541
0.844244 0.0389972
0.842825 0.0384511
0.841397 0.0379156
0.83996 0.0373906
0.838515 0.0368758
0.837061 0.036371
0.835598 0.0358761
0.834126 0.0353908
0.832646 0.0349149
0.831157 0.0344483
0.829659 0.0339908
0.828153 0.0335421
0.826638 0.0331021
0.825114 0.0326707
0.823582 0.0322476
0.822041 0.0318327
0.820491 0.0314258
0.818933 0.0310268
0.817366 0.0306355
0.815791 0.0302518
0.814207 0.0298754
0.812615 0.0295063
0.811014 0.0291443
0.809404 0.0287893
0.807786 0.028441
0.806159 0.0280995
0.804524 0.0277645
0.80288 0.0274359
0.801228 0.0271136
0.799568 0.0267975
0.797899 0.0264874
0.796221 0.0261833
0.794535 0.0258849
0.792841 0.0255922
0.791139 0.0253051
0.789428 0.0250235
0.787708 0.0247472
0.78598 0.0244762
0.784244 0.0242103
0.7825 0.0239494
0.780748 0.0236935
0.778987 0.0234425
0.777218 0.0231962
0.77544 0.0229545
0.773655 0.0227174
0.771861 0.0224848
0.770059 0.0222566
0.768249 0.0220327
0.766431 0.021813
0.764604 0.0215975
0.76277 0.021386
0.760927 0.0211785
0.759077 0.0209749
0.757218 0.0207752
0.755351 0.0205792
0.753477 0.0203869
0.751594 0.0201982
0.749704 0.020013
0.747805 0.0198314
0.745899 0.0196531
0.743985 0.0194783
0.742063 0.0193067
0.740133 0.0191383
0.738195 0.0189731
0.73625 0.0188111
0.734297 0.018652
0.732336 0.018496
0.730367 0.0183429
0.728391 0.0181928
0.726407 0.0180454
0.724416 0.0179009
0.722417 0.0177591
0.720411 0.0176199
0.718397 0.0174834
0.716375 0.0173496
0.714346 0.0172182
0.71231 0.0170894
0.710266 0.016963
0.708215 0.0168391
0.706157 0.0167175
0.704092 0.0165982
0.702019 0.0164813
0.699939 0.0163666
0.697852 0.0162541
0.695758 0.0161438
0.693656 0.0160357
0.691548 0.0159297
0.689433 0.0158257
0.687311 0.0157238
0.685182 0.0156239
0.683046 0.0155259
0.680903 0.0154299
0.678753 0.0153358
0.676597 0.0152436
0.674434 0.0151533
0.672265 0.0150647
0.670089 0.014978
0.667906 0.014893
0.665717 0.0148098
0.663522 0.0147282
0.66132 0.0146484
0.659112 0.0145702
0.656897 0.0144936
0.654677 0.0144187
0.65245 0.0143453
0.650217 0.0142736
0.647978 0.0142033
0.645733 0.0141346
0.643483 0.0140673
0.641226 0.0140016
0.638964 0.0139373
0.636696 0.0138744
0.634422 0.0138129
0.632142 0.0137529
0.629858 0.0136942
0.627567 0.0136368
0.625272 0.0135809
0.62297 0.0135262
0.620664 0.0134728
0.618353 0.0134207
0.616036 0.0133699
0.613714 0.0133204
0.611388 0.0132721
0.609056 0.013225
0.60672 0.0131791
0.604379 0.0131344
0.602034 0.0130909
0.599683 0.0130486
0.597329 0.0130074
0.59497 0.0129673
0.592606 0.0129284
0.590239 0.0128906
0.587867 0.0128539
0.585491 0.0128183
0.583111 0.0127837
0.580728 0.0127502
0.57834 0.0127178
0.575949 0.0126864
0.573554 0.0126561
0.571156 0.0126267
0.568754 0.0125984
0.566349 0.0125711
0.563941 0.0125448
0.56153 0.0125194
0.559116 0.012495
0.556698 0.0124716
0.554278 0.0124492
0.551855 0.0124277
0.54943 0.0124071
0.547002 0.0123875
0.544572 0.0123687
0.542139 0.0123509
0.539704 0.012334
0.537267 0.012318
0.534829 0.0123029
0.532388 0.0122887
0.529946 0.0122754
0.527501 0.0122629
0.525056 0.0122513
0.522609 0.0122406
0.520161 0.0122307
0.517711 0.0122216
0.515261 0.0122135
0.512809 0.0122061
0.510357 0.0121996
0.507904 0.0121939
0.505451 0.012189
0.502997 0.0121849
0.500543 0.0121816
0.498088 0.0121792
0.495634 0.0121775
0.493179 0.0121767
0.490725 0.0121766
0.488271 0.0121774
0.485817 0.0121789
0.483364 0.0121812
0.480912 0.0121843
0.47846 0.0121881
0.476009 0.0121927
0.47356 0.0121981
0.471111 0.0122043
0.468664 0.0122112
0.466219 0.0122189
0.463775 0.0122273
0.461332 0.0122365
0.458892 0.0122464
0.456453 0.0122571
0.454017 0.0122685
0.451583 0.0122807
0.449151 0.0122936
0.446722 0.0123072
0.444295 0.0123216
0.441871 0.0123367
0.43945 0.0123526
0.437032 0.0123691
0.434617 0.0123864
0.432206 0.0124045
0.429798 0.0124232
0.427393 0.0124427
0.424993 0.0124629
0.422596 0.0124838
0.420202 0.0125055
0.417813 0.0125278
0.415429 0.0125509
0.413048 0.0125747
0.410672 0.0125992
0.408301 0.0126245
0.405934 0.0126504
0.403573 0.0126771
0.401216 0.0127044
0.398864 0.0127325
0.396518 0.0127613
0.394177 0.0127908
0.391841 0.012821
0.389511 0.0128519
0.387187 0.0128836
0.384869 0.0129159
0.382556 0.012949
0.38025 0.0129827
0.37795 0.0130172
0.375656 0.0130524
0.373369 0.0130882
0.371088 0.0131248
0.368814 0.0131621
0.366547 0.0132001
0.364286 0.0132389
0.362033 0.0132783
0.359787 0.0133184
0.357548 0.0133593
0.355316 0.0134008
0.353092 0.0134431
0.350876 0.0134861
0.348667 0.0135297
0.346466 0.0135741
0.344272 0.0136192
0.342087 0.0136651
0.33991 0.0137116
0.337741 0.0137588
0.33558 0.0138068
0.333427 0.0138555
0.331283 0.0139048
0.329148 0.0139549
0.327021 0.0140058
0.324903 0.0140573
0.322793 0.0141095
0.320693 0.0141625
0.318601 0.0142162
0.316519 0.0142706
0.314445 0.0143257
0.312381 0.0143816
0.310326 0.0144381
0.30828 0.0144954
0.306244 0.0145534
0.304217 0.0146122
0.3022 0.0146716
0.300193 0.0147318
0.298195 0.0147927
0.296207 0.0148544
0.294228 0.0149168
0.29226 0.0149799
0.290302 0.0150437
0.288353 0.0151083
0.286414 0.0151736
0.284486 0.0152396
0.282568 0.0153063
0.28066 0.0153738
0.278762 0.0154421
0.276874 0.0155111
0.274997 0.0155808
0.27313 0.0156512
0.271273 0.0157224
0.269427 0.0157943
0.267591 0.015867
0.265766 0.0159404
0.263951 0.0160146
0.262147 0.0160895
0.260354 0.0161651
0.258571 0.0162415
0.256798 0.0163187
0.255037 0.0163965
0.253285 0.0164752
0.251545 0.0165546
0.249816 0.0166347
0.248097 0.0167156
0.246388 0.0167973
0.244691 0.0168797
0.243004 0.0169628
0.241328 0.0170467
0.239663 0.0171314
0.238009 0.0172168
0.236365 0.017303
0.234733 0.01739
0.23311 0.0174777
0.231499 0.0175661
0.229899 0.0176553
0.228309 0.0177453
0.22673 0.0178361
0.225162 0.0179276
0.223605 0.0180199
0.222058 0.0181129
0.220522 0.0182067
0.218997 0.0183013
0.217482 0.0183967
0.215978 0.0184928
0.214485 0.0185897
0.213002 0.0186873
0.211531 0.0187858
0.210069 0.018885
0.208619 0.0189849
0.207178 0.0190857
0.205749 0.0191872
0.20433 0.0192895
0.202921 0.0193926
0.201523 0.0194964
0.200135 0.019601
0.198758 0.0197064
0.197391 0.0198126
0.196034 0.0199195
0.194688 0.0200273
0.193352 0.0201358
0.192026 0.0202451
0.19071 0.0203551
0.189405 0.020466
0.188109 0.0205776
0.186824 0.02069
0.185549 0.0208032
0.184283 0.0209171
0.183028 0.0210319
0.181783 0.0211474
0.180547 0.0212637
0.179321 0.0213808
0.178105 0.0214987
0.176899 0.0216174
0.175703 0.0217368
0.174516 0.021857
0.173339 0.021978
0.172171 0.0220998
0.171013 0.0222224
0.169864 0.0223458
0.168725 0.0224699
0.167595 0.0225949
0.166474 0.0227206
0.165363 0.0228471
0.164261 0.0229744
0.163168 0.0231024
0.162084 0.0232313
0.161009 0.0233609
0.159943 0.0234914
0.158886 0.0236226
0.157838 0.0237546
0.156799 0.0238873
0.155769 0.0240209
0.154747 0.0241553
0.153734 0.0242904
0.15273 0.0244263
0.151734 0.024563
0.150747 0.0247005
0.149768 0.0248388
0.148798 0.0249779
0.147836 0.0251177
0.146882 0.0252583
0.145936 0.0253997
0.144999 0.0255419
0.14407 0.0256849
0.143149 0.0258287
0.142236 0.0259732
0.141331 0.0261185
0.140433 0.0262646
0.139544 0.0264115
0.138662 0.0265592
0.137789 0.0267077
0.136922 0.0268569
0.136064 0.0270069
0.135213 0.0271577
0.13437 0.0273093
0.133534 0.0274616
0.132705 0.0276148
0.131884 0.0277687
0.13107 0.0279234
0.130263 0.0280788
0.129464 0.0282351
0.128671 0.0283921
0.127886 0.0285499
0.127108 0.0287085
0.126336 0.0288679
0.125572 0.029028
0.124814 0.0291889
0.124063 0.0293506
0.123319 0.029513
0.122582 0.0296762
0.121851 0.0298402
0.121127 0.030005
0.12041 0.0301706
0.119698 0.0303369
0.118994 0.030504
0.118295 0.0306718
0.117603 0.0308405
0.116918 0.0310098
0.116238 0.03118
0.115565 0.0313509
0.114897 0.0315226
0.114236 0.0316951
0.113581 0.0318684
0.112932 0.0320424
0.112288 0.0322171
0.111651 0.0323926
0.111019 0.0325689
0.110393 0.032746
0.109773 0.0329238
0.109159 0.0331024
0.10855 0.0332818
0.107946 0.0334619
0.107349 0.0336427
0.106756 0.0338244
0.106169 0.0340067
0.105588 0.0341899
0.105011 0.0343738
0.10444 0.0345584
0.103875 0.0347439
0.103314 0.03493
0.102759 0.035117
0.102208 0.0353046
0.101663 0.0354931
0.101123 0.0356823
0.100587 0.0358722
0.100057 0.0360629
0.0995313 0.0362544
0.0990106 0.0364466
0.0984947 0.0366395
0.0979835 0.0368332
0.097477 0.0370277
0.0969752 0.0372229
0.096478 0.0374188
0.0959854 0.0376155
0.0954973 0.037813
0.0950137 0.0380112
0.0945345 0.0382101
0.0940598 0.0384098
0.0935894 0.0386102
0.0931234 0.0388114
0.0926616 0.0390133
0.0922041 0.039216
0.0917509 0.0394194
0.0913018 0.0396236
0.0908568 0.0398285
0.090416 0.0400341
0.0899792 0.0402405
0.0895464 0.0404476
0.0891176 0.0406554
0.0886928 0.040864
0.0882719 0.0410734
0.0878549 0.0412834
0.0874417 0.0414942
0.0870323 0.0417058
0.0866268 0.0419181
0.0862249 0.0421311
0.0858268 0.0423449
0.0854323 0.0425594
0.0850415 0.0427746
0.0846543 0.0429906
0.0842706 0.0432073
0.0838905 0.0434247
0.0835139 0.0436429
0.0831408 0.0438618
0.0827711 0.0440814
0.0824048 0.0443018
0.082042 0.0445229
0.0816824 0.0447448
0.0813262 0.0449674
0.0809733 0.0451907
0.0806236 0.0454147
0.0802772 0.0456395
0.0799339 0.045865
0.0795939 0.0460912
0.0792569 0.0463182
0.0789231 0.0465459
0.0785924 0.0467743
0.0782647 0.0470035
0.0779401 0.0472334
0.0776184 0.047464
0.0772997 0.0476954
0.076984 0.0479275
0.0766712 0.0481603
0.0763613 0.0483938
0.0760542 0.0486281
0.07575 0.0488631
0.0754486 0.0490989
0.07515 0.0493354
0.0748542 0.0495726
0.074561 0.0498105
0.0742706 0.0500492
0.0739829 0.0502886
0.0736979 0.0505287
0.0734155 0.0507696
0.0731357 0.0510112
0.0728585 0.0512535
0.0725838 0.0514966
0.0723118 0.0517404
0.0720422 0.0519849
0.0717751 0.0522302
0.0715106 0.0524762
0.0712484 0.0527229
0.0709887 0.0529704
0.0707314 0.0532186
0.0704765 0.0534675
0.070224 0.0537172
0.0699738 0.0539676
0.069726 0.0542187
0.0694804 0.0544706
0.0692372 0.0547232
0.0689962 0.0549766
0.0687574 0.0552307
0.0685209 0.0554855
0.0682866 0.0557411
0.0680544 0.0559974
0.0678245 0.0562544
0.0675966 0.0565122
0.0673709 0.0567708
0.0671474 0.05703
0.0669259 0.0572901
0.0667065 0.0575508
0.0664891 0.0578123
0.0662738 0.0580746
0.0660604 0.0583376
0.0658491 0.0586014
0.0656398 0.0588659
0.0654325 0.0591311
0.0652271 0.0593971
0.0650236 0.0596639
0.064822 0.0599314
0.0646224 0.0601997
0.0644246 0.0604687
0.0642287 0.0607385
0.0640346 0.061009
0.0638424 0.0612803
0.063652 0.0615524
0.0634634 0.0618252
0.0632766 0.0620987
0.0630916 0.0623731
0.0629083 0.0626482
0.0627268 0.062924
0.062547 0.0632007
0.0623689 0.0634781
0.0621926 0.0637563
0.0620179 0.0640352
0.0618449 0.0643149
0.0616735 0.0645954
0.0615038 0.0648767
0.0613357 0.0651587
0.0611692 0.0654416
0.0610044 0.0657252
0.0608411 0.0660096
0.0606794 0.0662947
0.0605193 0.0665807
0.0603607 0.0668675
0.0602037 0.067155
0.0600482 0.0674433
0.0598942 0.0677324
0.0597417 0.0680224
0.0595907 0.0683131
0.0594412 0.0686046
0.0592931 0.0688969
0.0591466 0.06919
0.0590014 0.069484
0.0588577 0.0697787
0.0587154 0.0700742
0.0585745 0.0703706
0.058435 0.0706678
0.0582969 0.0709658
0.0581602 0.0712646
0.0580248 0.0715642
0.0578908 0.0718646
0.0577582 0.0721659
0.0576268 0.072468
0.0574968 0.0727709
0.0573682 0.0730747
0.0572408 0.0733793
0.0571147 0.0736848
0.0569899 0.073991
0.0568664 0.0742982
0.0567441 0.0746061
0.0566231 0.074915
0.0565033 0.0752246
0.0563848 0.0755352
0.0562675 0.0758466
0.0561515 0.0761588
0.0560366 0.0764719
0.0559229 0.0767859
0.0558104 0.0771008
0.0556992 0.0774165
0.055589 0.0777331
0.0554801 0.0780506
0.0553723 0.0783689
0.0552657 0.0786882
0.0551602 0.0790083
0.0550558 0.0793293
0.0549525 0.0796513
0.0548504 0.0799741
0.0547494 0.0802978
0.0546495 0.0806225
0.0545507 0.080948
0.0544529 0.0812745
0.0543563 0.0816018
0.0542607 0.0819301
0.0541662 0.0822594
0.0540727 0.0825895
0.0539803 0.0829206
0.0538889 0.0832526
0.0537986 0.0835856
0.0537093 0.0839195
0.053621 0.0842544
0.0535337 0.0845902
0.0534475 0.0849269
0.0533622 0.0852647
0.0532779 0.0856034
0.0531947 0.085943
0.0531124 0.0862837
0.053031 0.0866253
0.0529507 0.0869679
0.0528713 0.0873115
0.0527929 0.0876561
0.0527154 0.0880016
0.0526389 0.0883482
0.0525633 0.0886958
0.0524886 0.0890444
0.0524149 0.089394
0.0523421 0.0897447
0.0522702 0.0900963
0.0521993 0.090449
0.0521292 0.0908028
0.05206 0.0911575
0.0519918 0.0915134
0.0519244 0.0918702
0.0518579 0.0922282
0.0517923 0.0925872
0.0517275 0.0929472
0.0516637 0.0933084
0.0516007 0.0936706
0.0515385 0.0940339
0.0514772 0.0943983
0.0514168 0.0947638
0.0513572 0.0951304
0.0512985 0.0954981
0.0512406 0.0958669
0.0511835 0.0962369
0.0511273 0.096608
0.0510718 0.0969802
0.0510172 0.0973535
0.0509634 0.097728
0.0509105 0.0981036
0.0508583 0.0984804
0.0508069 0.0988584
0.0507564 0.0992376
0.0507066 0.0996179
0.0506576 0.0999994
0.0506094 0.100382
0.050562 0.100766
0.0505154 0.101151
0.0504695 0.101537
0.0504245 0.101925
0.0503802 0.102314
0.0503366 0.102704
0.0502938 0.103095
0.0502518 0.103487
0.0502106 0.103881
0.05017 0.104276
0.0501303 0.104673
0.0500913 0.10507
0.050053 0.105469
0.0500155 0.105869
0.0499787 0.106271
0.0499426 0.106673
0.0499073 0.107078
0.0498727 0.107483
0.0498388 0.10789
0.0498056 0.108298
0.0497732 0.108707
0.0497415 0.109118
0.0497104 0.10953
0.0496801 0.109944
0.0496506 0.110359
0.0496217 0.110775
0.0495935 0.111193
0.049566 0.111612
0.0495393 0.112033
0.0495132 0.112455
0.0494878 0.112879
0.0494631 0.113304
0.0494391 0.11373
0.0494158 0.114158
0.0493932 0.114588
0.0493712 0.115018
0.04935 0.115451
0.0493294 0.115885
0.0493095 0.11632
0.0492903 0.116757
0.0492717 0.117196
0.0492539 0.117636
0.0492367 0.118078
0.0492201 0.118521
0.0492043 0.118966
0.0491891 0.119412
0.0491746 0.11986
0.0491607 0.12031
0.0491475 0.120762
0.049135 0.121215
0.0491231 0.121669
0.0491119 0.122126
0.0491013 0.122584
0.0490914 0.123043
0.0490821 0.123505
0.0490735 0.123968
0.0490656 0.124433
0.0490583 0.124899
0.0490516 0.125368
0.0490456 0.125838
0.0490403 0.12631
0.0490356 0.126784
0.0490315 0.127259
0.0490281 0.127737
0.0490254 0.128216
0.0490233 0.128697
0.0490218 0.12918
0.049021 0.129665
0.0490208 0.130152
0.0490213 0.130641
0.0490224 0.131131
0.0490241 0.131624
0.0490265 0.132118
0.0490295 0.132615
0.0490332 0.133113
0.0490375 0.133614
0.0490425 0.134116
0.0490481 0.134621
0.0490543 0.135127
0.0490612 0.135636
0.0490687 0.136147
0.0490769 0.13666
0.0490857 0.137175
0.0490951 0.137692
0.0491052 0.138211
0.049116 0.138733
0.0491273 0.139256
0.0491393 0.139782
0.049152 0.14031
0.0491653 0.14084
0.0491792 0.141373
0.0491938 0.141908
0.0492091 0.142445
0.0492249 0.142984
0.0492415 0.143526
0.0492587 0.14407
0.0492765 0.144617
0.0492949 0.145166
0.0493141 0.145717
0.0493338 0.146271
0.0493543 0.146827
0.0493753 0.147386
0.0493971 0.147947
0.0494195 0.148511
0.0494425 0.149077
0.0494662 0.149646
0.0494906 0.150217
0.0495156 0.150791
0.0495413 0.151368
0.0495676 0.151947
0.0495946 0.152529
0.0496223 0.153114
0.0496506 0.153701
0.0496797 0.154291
0.0497093 0.154884
0.0497397 0.15548
0.0497707 0.156079
0.0498024 0.15668
0.0498348 0.157284
0.0498679 0.157891
0.0499017 0.158501
0.0499361 0.159114
0.0499712 0.15973
0.0500071 0.160349
0.0500436 0.160971
0.0500808 0.161596
0.0501187 0.162224
0.0501573 0.162855
0.0501966 0.16349
0.0502366 0.164127
0.0502773 0.164768
0.0503188 0.165412
0.0503609 0.166059
0.0504038 0.16671
0.0504474 0.167363
0.0504917 0.168021
0.0505367 0.168681
0.0505825 0.169345
0.050629 0.170012
0.0506762 0.170683
0.0507242 0.171358
0.0507729 0.172035
0.0508223 0.172717
0.0508725 0.173402
0.0509235 0.174091
0.0509752 0.174783
0.0510277 0.175479
0.051081 0.176179
0.051135 0.176882
0.0511898 0.17759
0.0512453 0.178301
0.0513017 0.179016
0.0513588 0.179735
0.0514168 0.180458
0.0514755 0.181185
0.051535 0.181916
0.0515954 0.182651
0.0516565 0.183391
0.0517185 0.184134
0.0517813 0.184882
0.0518449 0.185634
0.0519093 0.18639
0.0519746 0.18715
0.0520407 0.187915
0.0521077 0.188685
0.0521755 0.189458
0.0522442 0.190237
0.0523137 0.191019
0.0523841 0.191807
0.0524554 0.192599
0.0525276 0.193396
0.0526007 0.194197
0.0526746 0.195003
0.0527495 0.195814
0.0528253 0.19663
0.0529019 0.197451
0.0529796 0.198277
0.0530581 0.199108
0.0531376 0.199944
0.053218 0.200785
0.0532994 0.201632
0.0533817 0.202483
0.053465 0.20334
0.0535493 0.204202
0.0536345 0.20507
0.0537208 0.205943
0.053808 0.206822
0.0538962 0.207706
0.0539855 0.208596
0.0540758 0.209492
0.0541671 0.210393
0.0542595 0.2113
0.0543529 0.212213
0.0544474 0.213132
0.0545429 0.214057
0.0546396 0.214988
0.0547373 0.215926
0.0548361 0.216869
0.054936 0.217819
0.0550371 0.218775
0.0551392 0.219737
0.0552425 0.220706
0.055347 0.221682
0.0554526 0.222664
0.0555594 0.223653
0.0556674 0.224648
0.0557766 0.225651
0.055887 0.22666
0.0559986 0.227676
0.0561115 0.2287
0.0562256 0.22973
0.0563409 0.230768
0.0564575 0.231813
0.0565754 0.232866
0.0566946 0.233926
0.0568152 0.234993
0.056937 0.236068
0.0570602 0.237151
0.0571847 0.238242
0.0573106 0.23934
0.0574379 0.240447
0.0575666 0.241562
0.0576967 0.242684
0.0578282 0.243815
0.0579612 0.244955
0.0580956 0.246103
0.0582315 0.247259
0.0583689 0.248424
0.0585078 0.249598
0.0586482 0.25078
0.0587902 0.251972
0.0589338 0.253172
0.0590789 0.254382
0.0592256 0.255601
0.059374 0.256829
0.059524 0.258066
0.0596756 0.259314
0.0598289 0.26057
0.059984 0.261837
0.0601407 0.263114
0.0602992 0.2644
0.0604595 0.265697
0.0606215 0.267004
0.0607853 0.268321
0.060951 0.269649
0.0611185 0.270987
0.0612879 0.272336
0.0614592 0.273696
0.0616324 0.275066
0.0618076 0.276448
0.0619847 0.277841
0.0621639 0.279246
0.062345 0.280662
0.0625282 0.282089
0.0627135 0.283528
0.0629009 0.284979
0.0630905 0.286442
0.0632822 0.287918
0.0634761 0.289405
0.0636722 0.290905
0.0638706 0.292418
0.0640712 0.293943
0.0642742 0.295481
0.0644795 0.297032
0.0646872 0.298596
0.0648973 0.300174
0.0651099 0.301764
0.0653249 0.303369
0.0655425 0.304987
0.0657626 0.30662
0.0659853 0.308266
0.0662106 0.309926
0.0664386 0.311601
0.0666693 0.313291
0.0669028 0.314995
0.067139 0.316714
0.067378 0.318448
0.0676199 0.320197
0.0678648 0.321962
0.0681125 0.323742
0.0683633 0.325538
0.0686171 0.32735
0.068874 0.329177
0.069134 0.331021
0.0693972 0.332882
0.0696636 0.334759
0.0699333 0.336653
0.0702064 0.338564
0.0704828 0.340491
0.0707626 0.342437
0.0710459 0.344399
0.0713328 0.34638
0.0716233 0.348378
0.0719174 0.350394
0.0722152 0.352428
0.0725168 0.354481
0.0728222 0.356552
0.0731315 0.358643
0.0734448 0.360752
0.0737621 0.36288
0.0740834 0.365027
0.0744089 0.367194
0.0747386 0.369381
0.0750726 0.371587
0.075411 0.373814
0.0757538 0.376061
0.076101 0.378328
0.0764529 0.380616
0.0768093 0.382924
0.0771705 0.385254
0.0775365 0.387604
0.0779074 0.389976
0.0782832 0.392369
0.0786641 0.394784
0.0790501 0.397221
0.0794413 0.39968
0.0798379 0.40216
0.0802398 0.404664
0.0806472 0.407189
0.0810602 0.409737
0.0814788 0.412308
0.0819033 0.414902
0.0823335 0.417519
0.0827698 0.420158
0.0832121 0.422822
0.0836606 0.425508
0.0841154 0.428219
0.0845766 0.430952
0.0850443 0.43371
0.0855185 0.436491
0.0859995 0.439297
0.0864874 0.442126
0.0869822 0.44498
0.0874841 0.447858
0.0879932 0.45076
0.0885096 0.453686
0.0890335 0.456637
0.089565 0.459612
0.0901042 0.462611
0.0906512 0.465635
0.0912062 0.468684
0.0917694 0.471757
0.0923408 0.474854
0.0929207 0.477976
0.0935091 0.481122
0.0941062 0.484293
0.0947122 0.487487
0.0953272 0.490706
0.0959514 0.493949
0.0965849 0.497216
0.0972279 0.500507
0.0978806 0.503821
0.0985431 0.507159
0.0992156 0.51052
0.0998983 0.513905
0.100591 0.517312
0.101295 0.520742
0.102009 0.524195
0.102734 0.527669
0.10347 0.531166
0.104218 0.534684
0.104977 0.538224
0.105747 0.541784
0.10653 0.545365
0.107324 0.548966
0.108131 0.552587
0.10895 0.556228
0.109781 0.559887
0.110626 0.563564
0.111484 0.56726
0.112355 0.570973
0.113239 0.574702
0.114137 0.578448
0.115049 0.58221
0.115976 0.585987
0.116916 0.589778
0.117872 0.593583
0.118842 0.597401
0.119827 0.601231
0.120827 0.605073
0.121843 0.608926
0.122875 0.612789
0.123923 0.616661
0.124987 0.620542
0.126068 0.624431
0.127165 0.628327
0.12828 0.632228
0.129411 0.636135
0.13056 0.640045
0.131727 0.643959
0.132912 0.647876
0.134115 0.651794
0.135337 0.655712
0.136577 0.659629
0.137836 0.663546
0.139115 0.667459
0.140413 0.671369
0.14173 0.675274
0.143068 0.679174
0.144426 0.683067
0.145805 0.686953
0.147204 0.690829
0.148624 0.694696
0.150066 0.698553
0.151529 0.702397
0.153013 0.706228
0.15452 0.710046
0.156049 0.713848
0.1576 0.717635
0.159175 0.721404
0.160772 0.725156
0.162392 0.728889
0.164036 0.732601
0.165703 0.736293
0.167394 0.739963
0.169109 0.74361
0.170849 0.747233
0.172613 0.750832
0.174402 0.754405
0.176216 0.757952
0.178054 0.761472
0.179919 0.764963
0.181809 0.768426
0.183724 0.77186
0.185666 0.775263
0.187633 0.778635
0.189627 0.781976
0.191648 0.785284
0.193695 0.788559
0.195769 0.791801
0.197869 0.795009
0.199997 0.798183
0.202152 0.801321
0.204335 0.804424
0.206545 0.807491
0.208783 0.810522
0.211048 0.813516
0.213342 0.816473
0.215663 0.819393
0.218013 0.822275
0.22039 0.82512
0.222796 0.827927
0.225231 0.830695
0.227693 0.833425
0.230185 0.836117
0.232704 0.83877
0.235253 0.841385
0.23783 0.843961
0.240436 0.846498
0.24307 0.848997
0.245733 0.851458
0.248425 0.85388
0.251146 0.856263
0.253895 0.858609
0.256673 0.860917
0.25948 0.863186
0.262315 0.865418
0.265179 0.867613
0.268072 0.86977
0.270993 0.87189
0.273942 0.873974
0.27692 0.876021
0.279926 0.878032
0.282961 0.880007
0.286023 0.881946
0.289113 0.883851
0.292232 0.88572
0.295377 0.887555
0.298551 0.889356
0.301752 0.891124
0.30498 0.892858
0.308235 0.894559
0.311517 0.896227
0.314826 0.897864
0.318161 0.899469
0.321523 0.901043
0.32491 0.902585
0.328323 0.904098
0.331762 0.90558
0.335227 0.907033
0.338716 0.908457
0.34223 0.909852
0.345768 0.911219
0.349331 0.912558
0.352918 0.91387
0.356528 0.915156
0.360161 0.916414
0.363817 0.917647
0.367496 0.918854
0.371197 0.920036
0.37492 0.921194
0.378664 0.922327
0.382429 0.923436
0.386215 0.924522
0.390021 0.925585
0.393847 0.926625
0.397692 0.927643
0.401556 0.92864
0.405438 0.929615
0.409338 0.930569
0.413256 0.931503
0.417191 0.932417
0.421142 0.933311
0.425109 0.934185
0.429092 0.935041
0.433089 0.935877
0.437101 0.936696
0.441127 0.937497
0.445166 0.93828
0.449218 0.939046
0.453282 0.939795
0.457357 0.940527
0.461443 0.941244
0.46554 0.941944
0.469646 0.942629
0.473762 0.943299
0.477886 0.943954
0.482017 0.944594
0.486156 0.94522
0.490302 0.945832
0.494454 0.94643
0.49861 0.947015
0.502772 0.947586
0.506937 0.948145
0.511105 0.948691
0.515276 0.949224
0.519449 0.949746
0.523624 0.950255
0.527798 0.950753
0.531973 0.95124
0.536146 0.951715
0.540318 0.95218
0.544488 0.952633
0.548655 0.953077
0.552818 0.95351
0.556977 0.953933
0.561131 0.954346
0.565279 0.95475
0.569421 0.955144
0.573555 0.955529
0.577682 0.955905
0.5818 0.956272
0.585909 0.95663
0.590008 0.95698
0.594097 0.957322
0.598174 0.957655
0.60224 0.957981
0.606293 0.958298
0.610332 0.958608
0.614358 0.958911
0.61837 0.959206
0.622366 0.959494
0.626347 0.959775
0.630311 0.960049
0.634258 0.960316
0.638188 0.960577
0.6421 0.960831
0.645992 0.961079
0.649866 0.96132
0.65372 0.961556
0.657554 0.961785
0.661366 0.962009
0.665158 0.962227
0.668927 0.962439
0.672674 0.962646
0.676398 0.962847
0.680099 0.963043
0.683776 0.963234
0.687429 0.96342
0.691057 0.9636
0.69466 0.963776
0.698237 0.963947
0.701789 0.964114
0.705315 0.964276
0.708814 0.964433
0.712286 0.964586
0.715731 0.964734
0.719149 0.964879
0.722538 0.965019
0.7259 0.965155
0.729233 0.965287
0.732538 0.965415
0.735814 0.965539
0.739061 0.96566
0.742278 0.965777
0.745466 0.96589
0.748625 0.965999
0.751754 0.966106
0.754853 0.966208
0.757922 0.966308
0.760961 0.966404
0.763969 0.966496
0.766947 0.966586
0.769895 0.966672
0.772813 0.966756
0.7757 0.966836
0.778556 0.966914
0.781382 0.966988
0.784177 0.96706
0.786942 0.967129
0.789676 0.967195
0.79238 0.967259
0.795053 0.96732
0.797696 0.967378
0.800309 0.967434
0.802891 0.967488
0.805443 0.967539
0.807965 0.967587
0.810457 0.967633
0.812919 0.967677
0.815351 0.967719
0.817754 0.967758
0.820127 0.967796
0.82247 0.967831
0.824785 0.967864
0.82707 0.967895
0.829327 0.967924
0.831555 0.967951
0.833754 0.967976
0.835926 0.967999
0.838069 0.96802
0.840184 0.968039
0.842271 0.968057
0.844331 0.968073
0.846363 0.968087
0.848369 0.968099
0.850347 0.96811
0.852299 0.968119
0.854225 0.968126
0.856124 0.968132
0.857997 0.968136
0.859845 0.968139
0.861668 0.96814
0.863465 0.968139
0.865237 0.968138
0.866985 0.968134
0.868708 0.96813
0.870407 0.968124
0.872082 0.968116
0.873733 0.968107
0.875361 0.968097
0.876966 0.968086
0.878548 0.968073
0.880108 0.96806
0.881645 0.968044
0.88316 0.968028
0.884653 0.968011
0.886125 0.967992
0.887575 0.967972
0.889004 0.967951
0.890413 0.967929
0.891801 0.967906
0.893169 0.967882
0.894516 0.967857
0.895845 0.967831
0.897153 0.967804
0.898442 0.967776
0.899713 0.967746
0.900965 0.967716
0.902198 0.967685
0.903413 0.967653
0.90461 0.96762
0.905789 0.967587
0.906951 0.967552
0.908096 0.967516
0.909224 0.96748
0.910335 0.967443
0.911429 0.967405
0.912507 0.967366
0.913569 0.967326
0.914616 0.967286
0.915646 0.967245
0.916662 0.967203
0.917662 0.96716
0.918647 0.967117
0.919618 0.967073
0.920574 0.967028
0.921516 0.966983
0.922444 0.966937
0.923358 0.96689
0.924259 0.966842
0.925146 0.966794
0.92602 0.966745
0.92688 0.966696
0.927728 0.966646
0.928564 0.966595
0.929387 0.966544
0.930197 0.966493
0.930996 0.96644
0.931783 0.966387
0.932558 0.966334
0.933322 0.96628
0.934074 0.966226
0.934815 0.966171
0.935545 0.966115
0.936265 0.966059
0.936973 0.966002
0.937672 0.965945
0.93836 0.965888
0.939037 0.96583
0.939705 0.965771
0.940363 0.965713
0.941012 0.965653
0.941651 0.965593
0.94228 0.965533
0.9429 0.965473
0.943512 0.965412
0.944114 0.96535
0.944707 0.965288
0.945292 0.965226
0.945869 0.965163
0.946437 0.9651
0.946996 0.965037
0.947548 0.964973
0.948091 0.964909
0.948627 0.964844
0.949155 0.96478
0.949676 0.964714
0.950189 0.964649
0.950694 0.964583
0.951193 0.964517
0.951684 0.96445
0.952168 0.964383
0.952645 0.964316
0.953116 0.964249
0.95358 0.964181
0.954037 0.964113
0.954488 0.964045
0.954932 0.963976
0.95537 0.963907
0.955802 0.963838
0.956228 0.963769
0.956648 0.963699
0.957062 0.963629
0.95747 0.963559
0.957872 0.963488
0.958269 0.963418
0.958661 0.963347
0.959047 0.963276
0.959427 0.963204
0.959802 0.963132
0.960173 0.963061
0.960538 0.962989
0.960898 0.962916
0.961253 0.962844
0.961603 0.962771
0.961948 0.962698
0.962289 0.962625
0.962625 0.962552
0.962957 0.962478
0.963284 0.962405
0.963606 0.962331
0.963924 0.962257
0.964238 0.962183
0.964548 0.962108
0.964854 0.962034
0.965155 0.961959
0.965453 0.961884
0.965746 0.961809
0.966036 0.961734
0.966322 0.961658
0.966603 0.961583
0.966882 0.961507
0.967156 0.961432
0.967427 0.961356
0.967695 0.96128
0.967959 0.961203
0.968219 0.961127
0.968476 0.961051
0.96873 0.960974
0.96898 0.960897
0.969228 0.960821
0.969472 0.960744
0.969712 0.960667
0.96995 0.960589
0.970185 0.960512
0.970417 0.960435
0.970645 0.960357
0.970871 0.96028
0.971094 0.960202
0.971314 0.960124
0.971532 0.960046
0.971746 0.959968
0.971958 0.95989
0.972167 0.959812
0.972374 0.959734
0.972578 0.959656
0.972779 0.959577
0.972978 0.959499
0.973175 0.95942
0.973369 0.959342
0.973561 0.959263
0.97375 0.959184
0.973937 0.959105
0.974122 0.959026
0.974304 0.958947
0.974484 0.958868
0.974662 0.958789
0.974838 0.95871
0.975012 0.958631
0.975183 0.958552
0.975353 0.958472
0.97552 0.958393
0.975686 0.958314
0.975849 0.958234
0.976011 0.958155
0.97617 0.958075
0.976328 0.957995
0.976484 0.957916
0.976638 0.957836
0.97679 0.957756
0.97694 0.957677
0.977089 0.957597
0.977236 0.957517
0.977381 0.957437
0.977524 0.957357
0.977666 0.957277
0.977806 0.957198
0.977944 0.957118
0.978081 0.957038
0.978216 0.956958
0.97835 0.956878
0.978482 0.956798
0.978613 0.956717
0.978742 0.956637
0.97887 0.956557
0.978996 0.956477
0.979121 0.956397
0.979244 0.956317
0.979366 0.956237
0.979487 0.956157
0.979606 0.956077
0.979724 0.955996
0.97984 0.955916
0.979956 0.955836
0.98007 0.955756
0.980182 0.955676
0.980294 0.955595
0.980404 0.955515
0.980513 0.955435
0.980621 0.955355
0.980727 0.955275
0.980833 0.955195
0.980937 0.955114
0.98104 0.955034
0.981142 0.954954
0.981243 0.954874
0.981343 0.954794
0.981442 0.954714
0.981539 0.954634
0.981636 0.954553
0.981731 0.954473
0.981826 0.954393
0.981919 0.954313
0.982012 0.954233
0.982103 0.954153
0.982194 0.954073
0.982283 0.953993
0.982372 0.953913
0.98246 0.953833
0.982546 0.953753
0.982632 0.953673
0.982717 0.953594
0.982801 0.953514
0.982884 0.953434
0.982967 0.953354
0.983048 0.953274
0.983129 0.953195
0.983208 0.953115
0.983287 0.953035
0.983365 0.952955
0.983443 0.952876
0.983519 0.952796
0.983595 0.952717
0.98367 0.952637
0.983744 0.952557
0.983817 0.952478
0.98389 0.952399
0.983962 0.952319
0.984033 0.95224
0.984104 0.95216
0.984173 0.952081
0.984242 0.952002
0.984311 0.951923
0.984378 0.951843
0.984445 0.951764
0.984512 0.951685
0.984577 0.951606
0.984642 0.951527
0.984707 0.951448
0.98477 0.951369
0.984833 0.95129
0.984896 0.951211
0.984958 0.951132
0.985019 0.951054
0.985079 0.950975
0.985139 0.950896
0.985199 0.950818
0.985258 0.950739
0.985316 0.95066
0.985374 0.950582
0.985431 0.950503
0.985487 0.950425
0.985543 0.950347
0.985599 0.950268
0.985654 0.95019
0.985708 0.950112
0.985762 0.950034
0.985815 0.949956
0.985868 0.949878
0.985921 0.9498
0.985972 0.949722
0.986024 0.949644
0.986075 0.949566
0.986125 0.949488
0.986175 0.94941
0.986224 0.949333
0.986273 0.949255
0.986322 0.949177
0.98637 0.9491
0.986417 0.949022
0.986465 0.948945
0.986511 0.948867
0.986558 0.94879
0.986603 0.948713
0.986649 0.948636
0.986694 0.948559
0.986738 0.948481
0.986782 0.948404
0.986826 0.948327
0.986869 0.948251
0.986912 0.948174
0.986955 0.948097
0.986997 0.94802
0.987039 0.947944
0.98708 0.947867
0.987121 0.94779
0.987162 0.947714
0.987202 0.947637
0.987242 0.947561
0.987281 0.947485
0.987321 0.947409
0.987359 0.947332
0.987398 0.947256
0.987436 0.94718
0.987474 0.947104
0.987511 0.947028
0.987548 0.946952
0.987585 0.946877
0.987621 0.946801
0.987657 0.946725
0.987693 0.94665
0.987728 0.946574
0.987763 0.946499
0.987798 0.946423
0.987833 0.946348
0.987867 0.946272
0.987901 0.946197
0.987934 0.946122
0.987968 0.946047
0.988001 0.945972
0.988033 0.945897
0.988066 0.945822
0.988098 0.945747
0.98813 0.945673
0.988161 0.945598
0.988192 0.945523
0.988223 0.945449
0.988254 0.945374
0.988285 0.9453
0.988315 0.945225
0.988345 0.945151
0.988374 0.945077
0.988404 0.945003
0.988433 0.944929
0.988462 0.944855
0.98849 0.944781
0.988519 0.944707
0.988547 0.944633
0.988575 0.944559
0.988603 0.944486
0.98863 0.944412
0.988657 0.944338
0.988684 0.944265
0.988711 0.944192
0.988737 0.944118
0.988764 0.944045
0.98879 0.943972
0.988815 0.943899
0.988841 0.943826
0.988866 0.943753
0.988892 0.94368
0.988916 0.943607
0.988941 0.943534
0.988966 0.943462
0.98899 0.943389
0.989014 0.943316
0.989038 0.943244
0.989062 0.943171
0.989085 0.943099
0.989108 0.943027
0.989132 0.942955
0.989154 0.942883
0.989177 0.942811
0.9892 0.942739
0.989222 0.942667
0.989244 0.942595
0.989266 0.942523
0.989288 0.942451
0.989309 0.94238
0.989331 0.942308
0.989352 0.942237
0.989373 0.942165
0.989394 0.942094
0.989415 0.942023
0.989435 0.941952
0.989455 0.94188
0.989476 0.941809
0.989496 0.941738
0.989515 0.941667
0.989535 0.941597
0.989555 0.941526
0.989574 0.941455
0.989593 0.941385
0.989612 0.941314
0.989631 0.941244
0.98965 0.941173
0.989668 0.941103
0.989687 0.941033
0.989705 0.940963
0.989723 0.940892
0.989741 0.940822
0.989759 0.940752
0.989776 0.940683
0.989794 0.940613
0.989811 0.940543
0.989828 0.940473
0.989846 0.940404
0.989862 0.940334
0.989879 0.940265
0.989896 0.940195
0.989912 0.940126
0.989929 0.940057
0.989945 0.939988
0.989961 0.939919
0.989977 0.93985
0.989993 0.939781
0.990009 0.939712
0.990024 0.939643
0.99004 0.939574
0.990055 0.939506
0.99007 0.939437
0.990085 0.939369
0.9901 0.9393
0.990115 0.939232
0.99013 0.939164
0.990144 0.939095
0.990159 0.939027
0.990173 0.938959
0.990188 0.938891
0.990202 0.938823
0.990216 0.938756
0.99023 0.938688
0.990243 0.93862
0.990257 0.938552
0.990271 0.938485
0.990284 0.938417
0.990297 0.93835
0.990311 0.938283
0.990324 0.938215
0.990337 0.938148
0.99035 0.938081
0.990362 0.938014
0.990375 0.937947
0.990388 0.93788
0.9904 0.937813
0.990412 0.937747
0.990425 0.93768
0.990437 0.937613
0.990449 0.937547
0.990461 0.93748
0.990473 0.937414
0.990485 0.937348
0.990496 0.937281
0.990508 0.937215
0.990519 0.937149
0.990531 0.937083
0.990542 0.937017
0.990553 0.936951
0.990564 0.936886
0.990575 0.93682
0.990586 0.936754
0.990597 0.936689
0.990608 0.936623
0.990619 0.936558
0.990629 0.936492
0.99064 0.936427
0.99065 0.936362
0.990661 0.936296
0.990671 0.936231
0.990681 0.936166
0.990691 0.936101
0.990701 0.936036
0.990711 0.935972
0.990721 0.935907
0.990731 0.935842
0.99074 0.935778
0.99075 0.935713
0.990759 0.935649
0.990769 0.935584
0.990778 0.93552
0.990787 0.935456
0.990797 0.935392
0.990806 0.935327
0.990815 0.935263
0.990824 0.9352
0.990833 0.935136
0.990841 0.935072
0.99085 0.935008
0.990859 0.934944
0.990867 0.934881
0.990876 0.934817
0.990884 0.934754
0.990893 0.93469
0.990901 0.934627
0.990909 0.934564
0.990918 0.934501
0.990926 0.934437
0.990934 0.934374
0.990942 0.934311
0.99095 0.934249
0.990958 0.934186
0.990965 0.934123
0.990973 0.93406
0.990981 0.933998
0.990988 0.933935
0.990996 0.933873
0.991003 0.93381
0.991011 0.933748
0.991018 0.933685
0.991025 0.933623
0.991033 0.933561
0.99104 0.933499
0.991047 0.933437
0.991054 0.933375
0.991061 0.933313
0.991068 0.933251
0.991075 0.93319
0.991081 0.933128
0.991088 0.933066
0.991095 0.933005
0.991102 0.932943
0.991108 0.932882
0.991115 0.932821
0.991121 0.932759
0.991127 0.932698
0.991134 0.932637
0.99114 0.932576
0.991146 0.932515
0.991153 0.932454
0.991159 0.932393
0.991165 0.932332
0.991171 0.932272
0.991177 0.932211
0.991183 0.93215
0.991189 0.93209
0.991194 0.932029
0.9912 0.931969
0.991206 0.931909
0.991212 0.931849
0.991217 0.931788
0.991223 0.931728
0.991228 0.931668
0.991234 0.931608
0.991239 0.931548
0.991245 0.931488
0.99125 0.931429
0.991255 0.931369
0.99126 0.931309
0.991266 0.93125
0.991271 0.93119
0.991276 0.931131
0.991281 0.931071
0.991286 0.931012
0.991291 0.930953
0.991296 0.930893
0.991301 0.930834
0.991306 0.930775
0.99131 0.930716
0.991315 0.930657
0.99132 0.930598
0.991324 0.93054
0.991329 0.930481
0.991334 0.930422
0.991338 0.930363
0.991343 0.930305
0.991347 0.930246
0.991352 0.930188
0.991356 0.93013
0.99136 0.930071
0.991365 0.930013
0.991369 0.929955
0.991373 0.929897
0.991377 0.929839
0.991381 0.929781
0.991385 0.929723
0.991389 0.929665
0.991393 0.929607
0.991397 0.929549
0.991401 0.929492
0.991405 0.929434
0.991409 0.929377
0.991413 0.929319
0.991417 0.929262
0.991421 0.929204
0.991424 0.929147
0.991428 0.92909
0.991432 0.929033
0.991435 0.928976
0.991439 0.928919
0.991442 0.928862
0.991446 0.928805
0.991449 0.928748
0.991453 0.928691
0.991456 0.928634
0.99146 0.928578
0.991463 0.928521
0.991466 0.928464
0.991469 0.928408
0.991473 0.928351
0.991476 0.928295
0.991479 0.928239
0.991482 0.928183
0.991485 0.928126
0.991488 0.92807
0.991492 0.928014
0.991495 0.927958
0.991498 0.927902
0.9915 0.927846
0.991503 0.927791
0.991506 0.927735
0.991509 0.927679
0.991512 0.927623
0.991515 0.927568
0.991518 0.927512
0.99152 0.927457
0.991523 0.927401
0.991526 0.927346
0.991528 0.927291
0.991531 0.927236
0.991534 0.92718
0.991536 0.927125
0.991539 0.92707
0.991541 0.927015
0.991544 0.92696
0.991546 0.926905
0.991549 0.926851
0.991551 0.926796
0.991553 0.926741
0.991556 0.926687
0.991558 0.926632
0.99156 0.926577
0.991563 0.926523
0.991565 0.926469
0.991567 0.926414
0.991569 0.92636
0.991572 0.926306
0.991574 0.926251
0.991576 0.926197
0.991578 0.926143
0.99158 0.926089
0.991582 0.926035
0.991584 0.925981
0.991586 0.925928
0.991588 0.925874
0.99159 0.92582
0.991592 0.925766
0.991594 0.925713
0.991596 0.925659
0.991598 0.925606
0.991599 0.925552
0.991601 0.925499
0.991603 0.925446
0.991605 0.925392
0.991607 0.925339
0.991608 0.925286
0.99161 0.925233
0.991612 0.92518
0.991613 0.925127
0.991615 0.925074
0.991617 0.925021
0.991618 0.924968
0.99162 0.924915
0.991621 0.924863
0.991623 0.92481
0.991624 0.924757
0.991626 0.924705
0.991627 0.924652
0.991629 0.9246
0.99163 0.924547
0.991632 0.924495
0.991633 0.924443
0.991634 0.924391
0.991636 0.924338
0.991637 0.924286
0.991638 0.924234
0.99164 0.924182
0.991641 0.92413
0.991642 0.924078
0.991643 0.924026
0.991644 0.923975
0.991646 0.923923
0.991647 0.923871
0.991648 0.92382
0.991649 0.923768
0.99165 0.923716
0.991651 0.923665
0.991652 0.923614
0.991653 0.923562
0.991654 0.923511
0.991655 0.92346
0.991656 0.923408
0.991657 0.923357
0.991658 0.923306
0.991659 0.923255
0.99166 0.923204
0.991661 0.923153
0.991662 0.923102
0.991663 0.923051
0.991664 0.923
0.991665 0.92295
0.991666 0.922899
0.991666 0.922848
0.991667 0.922798
0.991668 0.922747
0.991669 0.922697
0.991669 0.922646
0.99167 0.922596
0.991671 0.922546
0.991672 0.922495
0.991672 0.922445
0.991673 0.922395
0.991674 0.922345
0.991674 0.922295
0.991675 0.922245
0.991676 0.922195
0.991676 0.922145
0.991677 0.922095
0.991677 0.922045
0.991678 0.921995
0.991678 0.921945
0.991679 0.921896
0.991679 0.921846
0.99168 0.921796
0.99168 0.921747
0.991681 0.921697
0.991681 0.921648
0.991682 0.921598
0.991682 0.921549
0.991683 0.9215
0.991683 0.921451
0.991683 0.921401
0.991684 0.921352
0.991684 0.921303
0.991684 0.921254
0.991685 0.921205
0.991685 0.921156
0.991685 0.921107
0.991686 0.921058
0.991686 0.921009
0.991686 0.920961
0.991686 0.920912
0.991687 0.920863
0.991687 0.920815
0.991687 0.920766
0.991687 0.920717
0.991687 0.920669
0.991688 0.920621
0.991688 0.920572
0.991688 0.920524
0.991688 0.920475
0.991688 0.920427
0.991688 0.920379
0.991688 0.920331
0.991689 0.920283
0.991689 0.920235
0.991689 0.920187
0.991689 0.920139
0.991689 0.920091
0.991689 0.920043
0.991689 0.919995
0.991689 0.919947
0.991689 0.919899
0.991689 0.919852
0.991689 0.919804
0.991689 0.919757
0.991689 0.919709
0.991689 0.919661
0.991689 0.919614
0.991688 0.919567
0.991688 0.919519
0.991688 0.919472
0.991688 0.919425
0.991688 0.919377
0.991688 0.91933
0.991688 0.919283
0.991688 0.919236
0.991687 0.919189
0.991687 0.919142
0.991687 0.919095
0.991687 0.919048
0.991687 0.919001
0.991687 0.918954
0.991686 0.918907
0.991686 0.91886
0.991686 0.918814
0.991686 0.918767
0.991685 0.91872
0.991685 0.918674
0.991685 0.918627
0.991684 0.918581
0.991684 0.918534
0.991684 0.918488
0.991684 0.918442
0.991683 0.918395
0.991683 0.918349
0.991683 0.918303
0.991682 0.918256
0.991682 0.91821
0.991681 0.918164
0.991681 0.918118
0.991681 0.918072
0.99168 0.918026
0.99168 0.91798
0.991679 0.917934
0.991679 0.917888
0.991679 0.917843
0.991678 0.917797
0.991678 0.917751
0.991677 0.917705
0.991677 0.91766
0.991676 0.917614
0.991676 0.917568
0.991675 0.917523
0.991675 0.917477
0.991674 0.917432
0.991674 0.917387
0.991673 0.917341
0.991673 0.917296
0.991672 0.917251
0.991672 0.917205
0.991671 0.91716
0.991671 0.917115
0.99167 0.91707
0.99167 0.917025
0.991669 0.91698
0.991668 0.916935
0.991668 0.91689
0.991667 0.916845
0.991667 0.9168
0.991666 0.916755
0.991665 0.91671
0.991665 0.916666
0.991664 0.916621
0.991663 0.916576
0.991663 0.916532
0.991662 0.916487
0.991661 0.916442
0.991661 0.916398
0.99166 0.916353
0.991659 0.916309
0.991659 0.916265
0.991658 0.91622
0.991657 0.916176
0.991657 0.916132
0.991656 0.916087
0.991655 0.916043
0.991654 0.915999
0.991654 0.915955
0.991653 0.915911
0.991652 0.915867
0.991651 0.915823
0.991651 0.915779
0.99165 0.915735
0.991649 0.915691
0.991648 0.915647
0.991648 0.915603
0.991647 0.915559
0.991646 0.915516
0.991645 0.915472
0.991644 0.915428
0.991643 0.915384
0.991643 0.915341
0.991642 0.915297
0.991641 0.915254
0.99164 0.91521
0.991639 0.915167
0.991638 0.915123
0.991638 0.91508
0.991637 0.915037
0.991636 0.914993
0.991635 0.91495
0.991634 0.914907
0.991633 0.914864
0.991632 0.91482
0.991631 0.914777
0.991631 0.914734
0.99163 0.914691
0.991629 0.914648
0.991628 0.914605
0.991627 0.914562
0.991626 0.914519
0.991625 0.914476
0.991624 0.914434
0.991623 0.914391
0.991622 0.914348
0.991621 0.914305
0.99162 0.914263
0.991619 0.91422
0.991618 0.914177
0.991617 0.914135
0.991616 0.914092
0.991615 0.91405
0.991614 0.914007
0.991613 0.913965
0.991612 0.913922
0.991611 0.91388
0.99161 0.913838
0.991609 0.913795
0.991608 0.913753
0.991607 0.913711
0.991606 0.913669
0.991605 0.913626
0.991604 0.913584
0.991603 0.913542
0.991602 0.9135
0.991601 0.913458
0.9916 0.913416
0.991599 0.913374
0.991598 0.913332
0.991597 0.91329
0.991596 0.913248
0.991595 0.913206
0.991594 0.913165
0.991593 0.913123
0.991592 0.913081
0.991591 0.913039
0.991589 0.912998
0.991588 0.912956
0.991587 0.912915
0.991586 0.912873
0.991585 0.912831
0.991584 0.91279
0.991583 0.912748
0.991582 0.912707
0.991581 0.912666
0.991579 0.912624
0.991578 0.912583
0.991577 0.912542
0.991576 0.9125
0.991575 0.912459
0.991574 0.912418
0.991573 0.912377
0.991571 0.912335
0.99157 0.912294
0.991569 0.912253
0.991568 0.912212
0.991567 0.912171
0.991566 0.91213
0.991565 0.912089
0.991563 0.912048
0.991562 0.912007
0.991561 0.911967
0.99156 0.911926
0.991559 0.911885
0.991557 0.911844
0.991556 0.911803
0.991555 0.911763
0.991554 0.911722
0.991553 0.911681
0.991551 0.911641
0.99155 0.9116
0.991549 0.91156
0.991548 0.911519
0.991547 0.911479
0.991545 0.911438
0.991544 0.911398
0.991543 0.911357
0.991542 0.911317
0.99154 0.911277
0.991539 0.911236
0.991538 0.911196
0.991537 0.911156
0.991535 0.911116
0.991534 0.911075
0.991533 0.911035
0.991532 0.910995
0.99153 0.910955
0.991529 0.910915
0.991528 0.910875
0.991527 0.910835
0.991525 0.910795
0.991524 0.910755
0.991523 0.910715
0.991521 0.910675
0.99152 0.910635
0.991519 0.910595
0.991518 0.910556
0.991516 0.910516
0.991515 0.910476
0.991514 0.910436
0.991512 0.910397
0.991511 0.910357
0.99151 0.910317
0.991509 0.910278
0.991507 0.910238
0.991506 0.910199
0.991505 0.910159
0.991503 0.91012
0.991502 0.91008
0.991501 0.910041
0.991499 0.910001
0.991498 0.909962
0.991497 0.909922
0.991495 0.909883
0.991494 0.909844
0.991493 0.909805
0.991491 0.909765
0.99149 0.909726
0.991489 0.909687
0.991487 0.909648
0.991486 0.909609
0.991485 0.90957
0.991483 0.90953
0.991482 0.909491
0.991481 0.909452
0.991479 0.909413
0.991478 0.909374
0.991477 0.909335
0.991475 0.909297
0.991474 0.909258
0.991472 0.909219
0.991471 0.90918
0.99147 0.909141
0.991468 0.909102
0.991467 0.909064
0.991466 0.909025
0.991464 0.908986
0.991463 0.908947
0.991461 0.908909
0.99146 0.90887
0.991459 0.908832
0.991457 0.908793
0.991456 0.908754
0.991455 0.908716
0.991453 0.908677
0.991452 0.908639
0.99145 0.908601
0.991449 0.908562
0.991448 0.908524
0.991446 0.908485
0.991445 0.908447
0.991443 0.908409
0.991442 0.90837
0.991441 0.908332
0.991439 0.908294
0.991438 0.908256
0.991436 0.908218
0.991435 0.908179
0.991433 0.908141
0.991432 0.908103
0.991431 0.908065
0.991429 0.908027
0.991428 0.907989
0.991426 0.907951
0.991425 0.907913
0.991424 0.907875
0.991422 0.907837
0.991421 0.907799
0.991419 0.907761
0.991418 0.907723
0.991416 0.907685
0.991415 0.907648
0.991413 0.90761
0.991412 0.907572
0.991411 0.907534
0.991409 0.907497
0.991408 0.907459
0.991406 0.907421
0.991405 0.907384
0.991403 0.907346
0.991402 0.907308
0.9914 0.907271
0.991399 0.907233
0.991398 0.907196
0.991396 0.907158
0.991395 0.907121
0.991393 0.907083
0.991392 0.907046
0.99139 0.907008
0.991389 0.906971
0.991387 0.906934
0.991386 0.906896
0.991384 0.906859
0.991383 0.906822
0.991382 0.906784
0.99138 0.906747
0.991379 0.90671
0.991377 0.906673
0.991376 0.906635
0.991374 0.906598
0.991373 0.906561
0.991371 0.906524
0.99137 0.906487
0.991368 0.90645
0.991367 0.906413
0.991365 0.906376
0.991364 0.906339
0.991362 0.906302
0.991361 0.906265
0.991359 0.906228
0.991358 0.906191
0.991356 0.906154
0.991355 0.906117
0.991353 0.90608
0.991352 0.906044
0.99135 0.906007
0.991349 0.90597
0.991347 0.905933
0.991346 0.905896
0.991344 0.90586
0.991343 0.905823
0.991341 0.905786
0.99134 0.90575
0.991338 0.905713
0.991337 0.905676
0.991335 0.90564
0.991334 0.905603
0.991332 0.905567
0.991331 0.90553
0.991329 0.905494
0.991328 0.905457
0.991326 0.905421
0.991325 0.905384
0.991323 0.905348
0.991322 0.905311
0.99132 0.905275
0.991319 0.905239
0.991317 0.905202
0.991316 0.905166
0.991314 0.90513
0.991313 0.905093
0.991311 0.905057
0.99131 0.905021
0.991308 0.904985
0.991307 0.904948
0.991305 0.904912
0.991304 0.904876
0.991302 0.90484
0.991301 0.904804
0.991299 0.904768
0.991298 0.904732
0.991296 0.904695
0.991295 0.904659
0.991293 0.904623
0.991292 0.904587
0.99129 0.904551
0.991289 0.904515
0.991287 0.904479
0.991286 0.904444
0.991284 0.904408
0.991282 0.904372
0.991281 0.904336
0.991279 0.9043
0.991278 0.904264
0.991276 0.904228
0.991275 0.904193
0.991273 0.904157
0.991272 0.904121
0.99127 0.904085
0.991269 0.90405
0.991267 0.904014
0.991266 0.903978
0.991264 0.903942
0.991263 0.903907
0.991261 0.903871
0.991259 0.903836
0.991258 0.9038
0.991256 0.903764
0.991255 0.903729
0.991253 0.903693
0.991252 0.903658
0.99125 0.903622
0.991249 0.903587
0.991247 0.903551
0.991246 0.903516
0.991244 0.90348
0.991243 0.903445
0.991241 0.90341
0.991239 0.903374
0.991238 0.903339
0.991236 0.903304
0.991235 0.903268
0.991233 0.903233
0.991232 0.903198
0.99123 0.903162
0.991229 0.903127
0.991227 0.903092
0.991226 0.903057
0.991224 0.903021
0.991222 0.902986
0.991221 0.902951
0.991219 0.902916
0.991218 0.902881
0.991216 0.902846
0.991215 0.902811
0.991213 0.902776
0.991212 0.90274
0.99121 0.902705
0.991208 0.90267
0.991207 0.902635
0.991205 0.9026
0.991204 0.902565
0.991202 0.90253
0.991201 0.902495
0.991199 0.902461
0.991198 0.902426
0.991196 0.902391
0.991194 0.902356
0.991193 0.902321
0.991191 0.902286
0.99119 0.902251
0.991188 0.902216
0.991187 0.902182
0.991185 0.902147
0.991184 0.902112
0.991182 0.902077
0.99118 0.902043
0.991179 0.902008
0.991177 0.901973
0.991176 0.901938
0.991174 0.901904
0.991173 0.901869
0.991171 0.901834
0.99117 0.9018
0.991168 0.901765
0.991166 0.901731
0.991165 0.901696
0.991163 0.901661
0.991162 0.901627
0.99116 0.901592
0.991159 0.901558
0.991157 0.901523
0.991155 0.901489
0.991154 0.901454
0.991152 0.90142
0.991151 0.901385
0.991149 0.901351
0.991148 0.901317
0.991146 0.901282
0.991144 0.901248
0.991143 0.901213
0.991141 0.901179
0.99114 0.901145
0.991138 0.90111
0.991137 0.901076
0.991135 0.901042
0.991134 0.901007
0.991132 0.900973
0.99113 0.900939
0.991129 0.900905
0.991127 0.90087
0.991126 0.900836
0.991124 0.900802
0.991123 0.900768
0.991121 0.900734
0.991119 0.900699
0.991118 0.900665
0.991116 0.900631
0.991115 0.900597
0.991113 0.900563
0.991112 0.900529
0.99111 0.900495
0.991108 0.900461
0.991107 0.900427
0.991105 0.900393
0.991104 0.900358
0.991102 0.900324
0.991101 0.90029
0.991099 0.900256
0.991097 0.900223
0.991096 0.900189
0.991094 0.900155
0.991093 0.900121
0.991091 0.900087
0.99109 0.900053
0.991088 0.900019
0.991086 0.899985
0.991085 0.899951
0.991083 0.899917
0.991082 0.899883
0.99108 0.89985
0.991079 0.899816
0.991077 0.899782
0.991075 0.899748
0.991074 0.899714
0.991072 0.899681
0.991071 0.899647
0.991069 0.899613
0.991068 0.899579
0.991066 0.899546
0.991064 0.899512
0.991063 0.899478
0.991061 0.899445
0.99106 0.899411
0.991058 0.899377
0.991057 0.899344
0.991055 0.89931
0.991053 0.899276
0.991052 0.899243
0.99105 0.899209
0.991049 0.899176
0.991047 0.899142
0.991045 0.899108
0.991044 0.899075
0.991042 0.899041
0.991041 0.899008
0.991039 0.898974
0.991038 0.898941
0.991036 0.898907
0.991034 0.898874
0.991033 0.89884
0.991031 0.898807
0.99103 0.898773
0.991028 0.89874
0.991027 0.898707
0.991025 0.898673
0.991023 0.89864
0.991022 0.898606
0.99102 0.898573
0.991019 0.89854
0.991017 0.898506
0.991016 0.898473
0.991014 0.89844
0.991012 0.898406
0.991011 0.898373
0.991009 0.89834
0.991008 0.898306
0.991006 0.898273
0.991005 0.89824
0.991003 0.898207
0.991001 0.898173
0.991 0.89814
0.990998 0.898107
0.990997 0.898074
0.990995 0.89804
0.990993 0.898007
0.990992 0.897974
0.99099 0.897941
0.990989 0.897908
0.990987 0.897874
0.990986 0.897841
0.990984 0.897808
0.990982 0.897775
0.990981 0.897742
0.990979 0.897709
0.990978 0.897676
0.990976 0.897643
0.990975 0.89761
0.990973 0.897576
0.990971 0.897543
0.99097 0.89751
0.990968 0.897477
0.990967 0.897444
0.990965 0.897411
0.990964 0.897378
0.990962 0.897345
0.99096 0.897312
0.990959 0.897279
0.990957 0.897246
0.990956 0.897213
0.990954 0.89718
0.990952 0.897147
0.990951 0.897114
0.990949 0.897081
0.990948 0.897049
0.990946 0.897016
0.990945 0.896983
0.990943 0.89695
0.990941 0.896917
0.99094 0.896884
0.990938 0.896851
0.990937 0.896818
0.990935 0.896785
0.990934 0.896753
0.990932 0.89672
0.99093 0.896687
0.990929 0.896654
0.990927 0.896621
0.990926 0.896589
0.990924 0.896556
0.990923 0.896523
0.990921 0.89649
0.990919 0.896457
0.990918 0.896425
0.990916 0.896392
0.990915 0.896359
0.990913 0.896326
0.990911 0.896294
0.99091 0.896261
0.990908 0.896228
0.990907 0.896196
0.990905 0.896163
0.990904 0.89613
0.990902 0.896097
0.9909 0.896065
0.990899 0.896032
0.990897 0.895999
0.990896 0.895967
0.990894 0.895934
0.990893 0.895902
0.990891 0.895869
0.990889 0.895836
0.990888 0.895804
0.990886 0.895771
0.990885 0.895738
0.990883 0.895706
0.990882 0.895673
0.99088 0.895641
0.990878 0.895608
0.990877 0.895576
0.990875 0.895543
0.990874 0.89551
0.990872 0.895478
0.990871 0.895445
0.990869 0.895413
0.990867 0.89538
0.990866 0.895348
0.990864 0.895315
0.990863 0.895283
0.990861 0.89525
0.990859 0.895218
0.990858 0.895185
0.990856 0.895153
0.990855 0.89512
0.990853 0.895088
0.990852 0.895055
0.99085 0.895023
0.990848 0.894991
0.990847 0.894958
0.990845 0.894926
0.990844 0.894893
0.990842 0.894861
0.990841 0.894828
0.990839 0.894796
0.990837 0.894764
0.990836 0.894731
0.990834 0.894699
0.990833 0.894666
0.990831 0.894634
0.99083 0.894602
0.990828 0.894569
0.990826 0.894537
0.990825 0.894505
0.990823 0.894472
0.990822 0.89444
0.99082 0.894408
0.990819 0.894375
0.990817 0.894343
0.990815 0.894311
0.990814 0.894278
0.990812 0.894246
0.990811 0.894214
0.990809 0.894181
0.990808 0.894149
0.990806 0.894117
0.990804 0.894084
0.990803 0.894052
0.990801 0.89402
0.9908 0.893988
0.990798 0.893955
0.990796 0.893923
0.990795 0.893891
0.990793 0.893859
0.990792 0.893826
0.99079 0.893794
0.990789 0.893762
0.990787 0.89373
0.990785 0.893697
0.990784 0.893665
0.990782 0.893633
0.990781 0.893601
0.990779 0.893569
0.990778 0.893536
0.990776 0.893504
0.990774 0.893472
0.990773 0.89344
0.990771 0.893408
0.99077 0.893375
0.990768 0.893343
0.990767 0.893311
0.990765 0.893279
0.990763 0.893247
0.990762 0.893214
0.99076 0.893182
0.990759 0.89315
0.990757 0.893118
0.990756 0.893086
0.990754 0.893054
0.990752 0.893022
0.990751 0.892989
0.990749 0.892957
0.990748 0.892925
0.990746 0.892893
0.990745 0.892861
0.990743 0.892829
0.990741 0.892797
0.99074 0.892765
0.990738 0.892732
0.990737 0.8927
0.990735 0.892668
0.990734 0.892636
0.990732 0.892604
0.99073 0.892572
0.990729 0.89254
0.990727 0.892508
0.990726 0.892476
0.990724 0.892444
0.990723 0.892412
0.990721 0.89238
0.990719 0.892347
0.990718 0.892315
0.990716 0.892283
0.990715 0.892251
0.990713 0.892219
0.990712 0.892187
0.99071 0.892155
0.990708 0.892123
0.990707 0.892091
0.990705 0.892059
0.990704 0.892027
0.990702 0.891995
0.9907 0.891963
0.990699 0.891931
0.990697 0.891899
0.990696 0.891867
0.990694 0.891835
0.990693 0.891803
0.990691 0.891771
0.990689 0.891739
0.990688 0.891707
0.990686 0.891675
0.990685 0.891643
0.990683 0.891611
0.990682 0.891578
0.99068 0.891546
0.990678 0.891514
0.990677 0.891482
0.990675 0.89145
0.990674 0.891418
0.990672 0.891386
0.990671 0.891354
0.990669 0.891322
0.990667 0.89129
0.990666 0.891258
0.990664 0.891226
0.990663 0.891194
0.990661 0.891162
0.99066 0.89113
0.990658 0.891098
0.990656 0.891066
0.990655 0.891035
0.990653 0.891003
0.990652 0.890971
0.99065 0.890939
0.990649 0.890907
0.990647 0.890875
0.990645 0.890843
0.990644 0.890811
0.990642 0.890779
0.990641 0.890747
0.990639 0.890715
0.990638 0.890683
0.990636 0.890651
0.990634 0.890619
0.990633 0.890587
0.990631 0.890555
0.99063 0.890523
0.990628 0.890491
0.990627 0.890459
0.990625 0.890427
0.990623 0.890395
0.990622 0.890363
0.99062 0.890331
0.990619 0.890299
0.990617 0.890267
0.990615 0.890235
0.990614 0.890203
0.990612 0.890171
0.990611 0.890139
0.990609 0.890107
0.990608 0.890075
0.990606 0.890043
0.990604 0.890011
0.990603 0.889979
0.990601 0.889947
0.9906 0.889915
0.990598 0.889883
0.990597 0.889851
0.990595 0.889819
0.990593 0.889787
0.990592 0.889755
0.99059 0.889724
0.990589 0.889692
0.990587 0.88966
0.990586 0.889628
0.990584 0.889596
0.990582 0.889564
0.990581 0.889532
0.990579 0.8895
0.990578 0.889468
0.990576 0.889436
0.990575 0.889404
0.990573 0.889372
0.990571 0.88934
0.99057 0.889308
0.990568 0.889276
0.990567 0.889244
0.990565 0.889212
0.990563 0.88918
0.990562 0.889148
0.99056 0.889116
0.990559 0.889084
0.990557 0.889052
0.990556 0.88902
0.990554 0.888988
0.990552 0.888956
0.990551 0.888924
0.990549 0.888892
0.990548 0.88886
0.990546 0.888828
0.990545 0.888796
0.990543 0.888764
0.990541 0.888732
0.99054 0.8887
0.990538 0.888668
0.990537 0.888636
0.990535 0.888604
0.990533 0.888572
0.990532 0.88854
0.99053 0.888508
0.990529 0.888476
0.990527 0.888444
0.990526 0.888412
0.990524 0.88838
0.990522 0.888348
0.990521 0.888316
0.990519 0.888283
0.990518 0.888251
0.990516 0.888219
0.990515 0.888187
0.990513 0.888155
0.990511 0.888123
0.99051 0.888091
0.990508 0.888059
0.990507 0.888027
0.990505 0.887995
0.990503 0.887963
0.990502 0.887931
0.9905 0.887899
0.990499 0.887867
0.990497 0.887835
0.990496 0.887803
0.990494 0.88777
0.990492 0.887738
0.990491 0.887706
0.990489 0.887674
0.990488 0.887642
0.990486 0.88761
0.990484 0.887578
0.990483 0.887546
0.990481 0.887514
0.99048 0.887482
0.990478 0.887449
0.990477 0.887417
0.990475 0.887385
0.990473 0.887353
0.990472 0.887321
0.99047 0.887289
0.990469 0.887257
0.990467 0.887225
0.990465 0.887192
0.990464 0.88716
0.990462 0.887128
0.990461 0.887096
0.990459 0.887064
0.990457 0.887032
0.990456 0.886999
0.990454 0.886967
0.990453 0.886935
0.990451 0.886903
0.99045 0.886871
0.990448 0.886839
0.990446 0.886806
0.990445 0.886774
0.990443 0.886742
0.990442 0.88671
0.99044 0.886677
0.990438 0.886645
0.990437 0.886613
0.990435 0.886581
0.990434 0.886549
0.990432 0.886516
0.99043 0.886484
0.990429 0.886452
0.990427 0.88642
0.990426 0.886387
0.990424 0.886355
0.990423 0.886323
0.990421 0.886291
0.990419 0.886258
0.990418 0.886226
0.990416 0.886194
0.990415 0.886161
0.990413 0.886129
0.990411 0.886097
0.99041 0.886065
0.990408 0.886032
0.990407 0.886
0.990405 0.885968
0.990403 0.885935
0.990402 0.885903
0.9904 0.885871
0.990399 0.885838
0.990397 0.885806
0.990395 0.885773
0.990394 0.885741
0.990392 0.885709
0.990391 0.885676
0.990389 0.885644
0.990387 0.885612
0.990386 0.885579
0.990384 0.885547
0.990383 0.885514
0.990381 0.885482
0.990379 0.88545
0.990378 0.885417
0.990376 0.885385
0.990375 0.885352
0.990373 0.88532
0.990371 0.885287
0.99037 0.885255
0.990368 0.885222
0.990367 0.88519
0.990365 0.885158
0.990363 0.885125
0.990362 0.885093
0.99036 0.88506
0.990359 0.885028
0.990357 0.884995
0.990355 0.884963
0.990354 0.88493
0.990352 0.884897
0.990351 0.884865
0.990349 0.884832
0.990347 0.8848
0.990346 0.884767
0.990344 0.884735
0.990343 0.884702
0.990341 0.88467
0.990339 0.884637
0.990338 0.884604
0.990336 0.884572
0.990335 0.884539
0.990333 0.884507
0.990331 0.884474
0.99033 0.884441
0.990328 0.884409
0.990327 0.884376
0.990325 0.884343
0.990323 0.884311
0.990322 0.884278
0.99032 0.884245
0.990319 0.884213
0.990317 0.88418
0.990315 0.884147
0.990314 0.884114
0.990312 0.884082
0.99031 0.884049
0.990309 0.884016
0.990307 0.883984
0.990306 0.883951
0.990304 0.883918
0.990302 0.883885
0.990301 0.883852
0.990299 0.88382
0.990298 0.883787
0.990296 0.883754
0.990294 0.883721
0.990293 0.883688
0.990291 0.883656
0.990289 0.883623
0.990288 0.88359
0.990286 0.883557
0.990285 0.883524
0.990283 0.883491
0.990281 0.883458
0.99028 0.883426
0.990278 0.883393
0.990277 0.88336
0.990275 0.883327
0.990273 0.883294
0.990272 0.883261
0.99027 0.883228
0.990268 0.883195
0.990267 0.883162
0.990265 0.883129
0.990264 0.883096
0.990262 0.883063
0.99026 0.88303
0.990259 0.882997
0.990257 0.882964
0.990255 0.882931
0.990254 0.882898
0.990252 0.882865
0.990251 0.882832
0.990249 0.882799
0.990247 0.882766
0.990246 0.882733
0.990244 0.882699
0.990242 0.882666
0.990241 0.882633
0.990239 0.8826
0.990238 0.882567
0.990236 0.882534
0.990234 0.882501
0.990233 0.882467
0.990231 0.882434
0.990229 0.882401
0.990228 0.882368
0.990226 0.882335
0.990224 0.882301
0.990223 0.882268
0.990221 0.882235
0.99022 0.882202
0.990218 0.882168
0.990216 0.882135
0.990215 0.882102
0.990213 0.882068
0.990211 0.882035
0.99021 0.882002
0.990208 0.881968
0.990206 0.881935
0.990205 0.881902
0.990203 0.881868
0.990202 0.881835
0.9902 0.881802
0.990198 0.881768
0.990197 0.881735
0.990195 0.881701
0.990193 0.881668
0.990192 0.881634
0.99019 0.881601
0.990188 0.881567
0.990187 0.881534
0.990185 0.8815
0.990184 0.881467
0.990182 0.881433
0.99018 0.8814
0.990179 0.881366
0.990177 0.881333
0.990175 0.881299
0.990174 0.881265
0.990172 0.881232
0.99017 0.881198
0.990169 0.881165
0.990167 0.881131
0.990165 0.881097
0.990164 0.881064
0.990162 0.88103
0.99016 0.880996
0.990159 0.880963
0.990157 0.880929
0.990155 0.880895
0.990154 0.880861
0.990152 0.880828
0.990151 0.880794
0.990149 0.88076
0.990147 0.880726
0.990146 0.880692
0.990144 0.880659
0.990142 0.880625
0.990141 0.880591
0.990139 0.880557
0.990137 0.880523
0.990136 0.880489
0.990134 0.880455
0.990132 0.880421
0.990131 0.880387
0.990129 0.880354
0.990127 0.88032
0.990126 0.880286
0.990124 0.880252
0.990122 0.880218
0.990121 0.880184
0.990119 0.88015
0.990117 0.880116
0.990116 0.880081
0.990114 0.880047
0.990112 0.880013
0.990111 0.879979
0.990109 0.879945
0.990107 0.879911
0.990106 0.879877
0.990104 0.879843
0.990102 0.879808
0.990101 0.879774
0.990099 0.87974
0.990097 0.879706
0.990096 0.879672
0.990094 0.879637
0.990092 0.879603
0.990091 0.879569
0.990089 0.879534
0.990087 0.8795
0.990085 0.879466
0.990084 0.879431
0.990082 0.879397
0.99008 0.879363
0.990079 0.879328
0.990077 0.879294
0.990075 0.879259
0.990074 0.879225
0.990072 0.879191
0.99007 0.879156
0.990069 0.879122
0.990067 0.879087
0.990065 0.879053
0.990064 0.879018
0.990062 0.878984
0.99006 0.878949
0.990059 0.878914
0.990057 0.87888
0.990055 0.878845
0.990053 0.878811
0.990052 0.878776
0.99005 0.878741
0.990048 0.878707
0.990047 0.878672
0.990045 0.878637
0.990043 0.878602
0.990042 0.878568
0.99004 0.878533
0.990038 0.878498
0.990037 0.878463
0.990035 0.878428
0.990033 0.878394
0.990031 0.878359
0.99003 0.878324
0.990028 0.878289
0.990026 0.878254
0.990025 0.878219
0.990023 0.878184
0.990021 0.878149
0.990019 0.878114
0.990018 0.878079
0.990016 0.878044
0.990014 0.878009
0.990013 0.877974
0.990011 0.877939
0.990009 0.877904
0.990008 0.877869
0.990006 0.877834
0.990004 0.877799
0.990002 0.877764
0.990001 0.877728
0.989999 0.877693
0.989997 0.877658
0.989995 0.877623
0.989994 0.877588
0.989992 0.877552
0.98999 0.877517
0.989989 0.877482
0.989987 0.877446
0.989985 0.877411
0.989983 0.877376
0.989982 0.87734
0.98998 0.877305
0.989978 0.87727
0.989977 0.877234
0.989975 0.877199
0.989973 0.877163
0.989971 0.877128
0.98997 0.877092
0.989968 0.877057
0.989966 0.877021
0.989964 0.876985
0.989963 0.87695
0.989961 0.876914
0.989959 0.876879
0.989958 0.876843
0.989956 0.876807
0.989954 0.876772
0.989952 0.876736
0.989951 0.8767
0.989949 0.876664
0.989947 0.876629
0.989945 0.876593
0.989944 0.876557
0.989942 0.876521
0.98994 0.876485
0.989938 0.876449
0.989937 0.876414
0.989935 0.876378
0.989933 0.876342
0.989931 0.876306
0.98993 0.87627
0.989928 0.876234
0.989926 0.876198
0.989924 0.876162
0.989923 0.876126
0.989921 0.87609
0.989919 0.876053
0.989917 0.876017
0.989916 0.875981
0.989914 0.875945
0.989912 0.875909
0.98991 0.875873
0.989909 0.875836
0.989907 0.8758
0.989905 0.875764
0.989903 0.875728
0.989902 0.875691
0.9899 0.875655
0.989898 0.875618
0.989896 0.875582
0.989894 0.875546
0.989893 0.875509
0.989891 0.875473
0.989889 0.875436
0.989887 0.8754
0.989886 0.875363
0.989884 0.875327
0.989882 0.87529
0.98988 0.875253
0.989878 0.875217
0.989877 0.87518
0.989875 0.875144
0.989873 0.875107
0.989871 0.87507
0.98987 0.875033
0.989868 0.874997
0.989866 0.87496
0.989864 0.874923
0.989862 0.874886
0.989861 0.874849
0.989859 0.874812
0.989857 0.874776
0.989855 0.874739
0.989853 0.874702
0.989852 0.874665
0.98985 0.874628
0.989848 0.874591
0.989846 0.874554
0.989845 0.874517
0.989843 0.874479
0.989841 0.874442
0.989839 0.874405
0.989837 0.874368
0.989836 0.874331
0.989834 0.874294
0.989832 0.874256
0.98983 0.874219
0.989828 0.874182
0.989826 0.874144
0.989825 0.874107
0.989823 0.87407
0.989821 0.874032
0.989819 0.873995
0.989817 0.873957
0.989816 0.87392
0.989814 0.873882
0.989812 0.873845
0.98981 0.873807
0.989808 0.87377
0.989807 0.873732
0.989805 0.873695
0.989803 0.873657
0.989801 0.873619
0.989799 0.873581
0.989797 0.873544
0.989796 0.873506
0.989794 0.873468
0.989792 0.87343
0.98979 0.873392
0.989788 0.873355
0.989786 0.873317
0.989785 0.873279
0.989783 0.873241
0.989781 0.873203
0.989779 0.873165
0.989777 0.873127
0.989775 0.873089
0.989774 0.873051
0.989772 0.873012
0.98977 0.872974
0.989768 0.872936
0.989766 0.872898
0.989764 0.87286
0.989763 0.872821
0.989761 0.872783
0.989759 0.872745
0.989757 0.872706
0.989755 0.872668
0.989753 0.87263
0.989751 0.872591
0.98975 0.872553
0.989748 0.872514
0.989746 0.872476
0.989744 0.872437
0.989742 0.872399
0.98974 0.87236
0.989738 0.872321
0.989736 0.872283
0.989735 0.872244
0.989733 0.872205
0.989731 0.872167
0.989729 0.872128
0.989727 0.872089
0.989725 0.87205
0.989723 0.872011
0.989722 0.871972
0.98972 0.871933
0.989718 0.871894
0.989716 0.871855
0.989714 0.871816
0.989712 0.871777
0.98971 0.871738
0.989708 0.871699
0.989706 0.87166
0.989705 0.871621
0.989703 0.871582
0.989701 0.871542
0.989699 0.871503
0.989697 0.871464
0.989695 0.871424
0.989693 0.871385
0.989691 0.871346
0.989689 0.871306
0.989688 0.871267
0.989686 0.871227
0.989684 0.871188
0.989682 0.871148
0.98968 0.871109
0.989678 0.871069
0.989676 0.871029
0.989674 0.87099
0.989672 0.87095
0.98967 0.87091
0.989668 0.87087
0.989667 0.870831
0.989665 0.870791
0.989663 0.870751
0.989661 0.870711
0.989659 0.870671
0.989657 0.870631
0.989655 0.870591
0.989653 0.870551
0.989651 0.870511
0.989649 0.870471
0.989647 0.87043
0.989645 0.87039
0.989643 0.87035
0.989641 0.87031
0.98964 0.87027
0.989638 0.870229
0.989636 0.870189
0.989634 0.870148
0.989632 0.870108
0.98963 0.870068
0.989628 0.870027
0.989626 0.869987
0.989624 0.869946
0.989622 0.869905
0.98962 0.869865
0.989618 0.869824
0.989616 0.869783
0.989614 0.869743
0.989612 0.869702
0.98961 0.869661
0.989608 0.86962
0.989606 0.869579
0.989604 0.869538
0.989602 0.869497
0.9896 0.869456
0.989599 0.869415
0.989597 0.869374
0.989595 0.869333
0.989593 0.869292
0.989591 0.869251
0.989589 0.86921
0.989587 0.869168
0.989585 0.869127
0.989583 0.869086
0.989581 0.869044
0.989579 0.869003
0.989577 0.868962
0.989575 0.86892
0.989573 0.868879
0.989571 0.868837
0.989569 0.868795
0.989567 0.868754
0.989565 0.868712
0.989563 0.86867
0.989561 0.868629
0.989559 0.868587
0.989557 0.868545
0.989555 0.868503
0.989553 0.868461
0.989551 0.868419
0.989549 0.868377
0.989547 0.868335
0.989545 0.868293
0.989543 0.868251
0.989541 0.868209
0.989539 0.868167
0.989537 0.868125
0.989535 0.868082
0.989533 0.86804
0.989531 0.867998
0.989529 0.867955
0.989527 0.867913
0.989525 0.86787
0.989522 0.867828
0.98952 0.867785
0.989518 0.867743
0.989516 0.8677
0.989514 0.867658
0.989512 0.867615
0.98951 0.867572
0.989508 0.867529
0.989506 0.867486
0.989504 0.867444
0.989502 0.867401
0.9895 0.867358
0.989498 0.867315
0.989496 0.867272
0.989494 0.867229
0.989492 0.867185
0.98949 0.867142
0.989488 0.867099
0.989486 0.867056
0.989484 0.867012
0.989481 0.866969
0.989479 0.866926
0.989477 0.866882
0.989475 0.866839
0.989473 0.866795
0.989471 0.866752
0.989469 0.866708
0.989467 0.866665
0.989465 0.866621
0.989463 0.866577
0.989461 0.866533
0.989459 0.866489
0.989456 0.866446
0.989454 0.866402
0.989452 0.866358
0.98945 0.866314
0.989448 0.86627
0.989446 0.866226
0.989444 0.866181
0.989442 0.866137
0.98944 0.866093
0.989438 0.866049
0.989435 0.866004
0.989433 0.86596
0.989431 0.865916
0.989429 0.865871
0.989427 0.865827
0.989425 0.865782
0.989423 0.865737
0.989421 0.865693
0.989418 0.865648
0.989416 0.865603
0.989414 0.865559
0.989412 0.865514
0.98941 0.865469
0.989408 0.865424
0.989406 0.865379
0.989403 0.865334
0.989401 0.865289
0.989399 0.865244
0.989397 0.865198
0.989395 0.865153
0.989393 0.865108
0.989391 0.865063
0.989388 0.865017
0.989386 0.864972
0.989384 0.864926
0.989382 0.864881
0.98938 0.864835
0.989378 0.86479
0.989375 0.864744
0.989373 0.864698
0.989371 0.864652
0.989369 0.864607
0.989367 0.864561
0.989364 0.864515
0.989362 0.864469
0.98936 0.864423
0.989358 0.864377
0.989356 0.864331
0.989354 0.864284
0.989351 0.864238
0.989349 0.864192
0.989347 0.864146
0.989345 0.864099
0.989343 0.864053
0.98934 0.864006
0.989338 0.86396
0.989336 0.863913
0.989334 0.863866
0.989331 0.86382
0.989329 0.863773
0.989327 0.863726
0.989325 0.863679
0.989323 0.863632
0.98932 0.863585
0.989318 0.863538
0.989316 0.863491
0.989314 0.863444
0.989311 0.863397
0.989309 0.86335
0.989307 0.863302
0.989305 0.863255
0.989302 0.863208
0.9893 0.86316
0.989298 0.863113
0.989296 0.863065
0.989293 0.863017
0.989291 0.86297
0.989289 0.862922
0.989287 0.862874
0.989284 0.862826
0.989282 0.862778
0.98928 0.86273
0.989278 0.862682
0.989275 0.862634
0.989273 0.862586
0.989271 0.862538
0.989268 0.86249
0.989266 0.862441
0.989264 0.862393
0.989262 0.862344
0.989259 0.862296
0.989257 0.862247
0.989255 0.862199
0.989252 0.86215
0.98925 0.862101
0.989248 0.862052
0.989245 0.862004
0.989243 0.861955
0.989241 0.861906
0.989238 0.861857
0.989236 0.861808
0.989234 0.861758
0.989231 0.861709
0.989229 0.86166
0.989227 0.861611
0.989224 0.861561
0.989222 0.861512
0.98922 0.861462
0.989217 0.861413
0.989215 0.861363
0.989213 0.861313
0.98921 0.861263
0.989208 0.861214
0.989206 0.861164
0.989203 0.861114
0.989201 0.861064
0.989199 0.861014
0.989196 0.860964
0.989194 0.860913
0.989191 0.860863
0.989189 0.860813
0.989187 0.860762
0.989184 0.860712
0.989182 0.860661
0.98918 0.860611
0.989177 0.86056
0.989175 0.860509
0.989172 0.860458
0.98917 0.860408
0.989168 0.860357
0.989165 0.860306
0.989163 0.860255
0.98916 0.860204
0.989158 0.860152
0.989156 0.860101
0.989153 0.86005
0.989151 0.859998
0.989148 0.859947
0.989146 0.859895
0.989143 0.859844
0.989141 0.859792
0.989139 0.85974
0.989136 0.859689
0.989134 0.859637
0.989131 0.859585
0.989129 0.859533
0.989126 0.859481
0.989124 0.859428
0.989121 0.859376
0.989119 0.859324
0.989116 0.859272
0.989114 0.859219
0.989112 0.859167
0.989109 0.859114
0.989107 0.859061
0.989104 0.859009
0.989102 0.858956
0.989099 0.858903
0.989097 0.85885
0.989094 0.858797
0.989092 0.858744
0.989089 0.858691
0.989087 0.858638
0.989084 0.858584
0.989082 0.858531
0.989079 0.858477
0.989077 0.858424
0.989074 0.85837
0.989072 0.858317
0.989069 0.858263
0.989066 0.858209
0.989064 0.858155
0.989061 0.858101
0.989059 0.858047
0.989056 0.857993
0.989054 0.857939
0.989051 0.857885
0.989049 0.85783
0.989046 0.857776
0.989044 0.857721
0.989041 0.857667
0.989038 0.857612
0.989036 0.857557
0.989033 0.857503
0.989031 0.857448
0.989028 0.857393
0.989026 0.857338
0.989023 0.857283
0.98902 0.857227
0.989018 0.857172
0.989015 0.857117
0.989013 0.857061
0.98901 0.857006
0.989007 0.85695
0.989005 0.856894
0.989002 0.856839
0.988999 0.856783
0.988997 0.856727
0.988994 0.856671
0.988992 0.856615
0.988989 0.856558
0.988986 0.856502
0.988984 0.856446
0.988981 0.856389
0.988978 0.856333
0.988976 0.856276
0.988973 0.85622
0.98897 0.856163
0.988968 0.856106
0.988965 0.856049
0.988962 0.855992
0.98896 0.855935
0.988957 0.855878
0.988954 0.85582
0.988952 0.855763
0.988949 0.855706
0.988946 0.855648
0.988944 0.855591
0.988941 0.855533
0.988938 0.855475
0.988936 0.855417
0.988933 0.855359
0.98893 0.855301
0.988927 0.855243
0.988925 0.855185
0.988922 0.855126
0.988919 0.855068
0.988916 0.855009
0.988914 0.854951
0.988911 0.854892
0.988908 0.854833
0.988905 0.854774
0.988903 0.854715
0.9889 0.854656
0.988897 0.854597
0.988894 0.854538
0.988892 0.854479
0.988889 0.854419
0.988886 0.85436
0.988883 0.8543
0.988881 0.85424
0.988878 0.854181
0.988875 0.854121
0.988872 0.854061
0.988869 0.854001
0.988867 0.85394
0.988864 0.85388
0.988861 0.85382
0.988858 0.853759
0.988855 0.853699
0.988852 0.853638
0.98885 0.853577
0.988847 0.853516
0.988844 0.853455
0.988841 0.853394
0.988838 0.853333
0.988835 0.853272
0.988833 0.853211
0.98883 0.853149
0.988827 0.853088
0.988824 0.853026
0.988821 0.852964
0.988818 0.852902
0.988815 0.85284
0.988812 0.852778
0.988809 0.852716
0.988807 0.852654
0.988804 0.852591
0.988801 0.852529
0.988798 0.852466
0.988795 0.852404
0.988792 0.852341
0.988789 0.852278
0.988786 0.852215
0.988783 0.852152
0.98878 0.852089
0.988777 0.852025
0.988774 0.851962
0.988771 0.851899
0.988768 0.851835
0.988765 0.851771
0.988763 0.851707
0.98876 0.851643
0.988757 0.851579
0.988754 0.851515
0.988751 0.851451
0.988748 0.851386
0.988745 0.851322
0.988742 0.851257
0.988739 0.851193
0.988736 0.851128
0.988733 0.851063
0.98873 0.850998
0.988727 0.850933
0.988723 0.850867
0.98872 0.850802
0.988717 0.850736
0.988714 0.850671
0.988711 0.850605
0.988708 0.850539
0.988705 0.850473
0.988702 0.850407
0.988699 0.850341
0.988696 0.850275
0.988693 0.850208
0.98869 0.850142
0.988687 0.850075
0.988684 0.850008
0.988681 0.849941
0.988677 0.849874
0.988674 0.849807
0.988671 0.84974
0.988668 0.849673
0.988665 0.849605
0.988662 0.849537
0.988659 0.84947
0.988655 0.849402
0.988652 0.849334
0.988649 0.849266
0.988646 0.849197
0.988643 0.849129
0.98864 0.849061
0.988637 0.848992
0.988633 0.848923
0.98863 0.848854
0.988627 0.848785
0.988624 0.848716
0.988621 0.848647
0.988617 0.848578
0.988614 0.848508
0.988611 0.848439
0.988608 0.848369
0.988604 0.848299
0.988601 0.848229
0.988598 0.848159
0.988595 0.848089
0.988591 0.848018
0.988588 0.847948
0.988585 0.847877
0.988582 0.847806
0.988578 0.847735
0.988575 0.847664
0.988572 0.847593
0.988568 0.847522
0.988565 0.84745
0.988562 0.847379
0.988559 0.847307
0.988555 0.847235
0.988552 0.847163
0.988549 0.847091
0.988545 0.847019
0.988542 0.846946
0.988539 0.846874
0.988535 0.846801
0.988532 0.846728
0.988528 0.846655
0.988525 0.846582
0.988522 0.846509
0.988518 0.846436
0.988515 0.846362
0.988512 0.846288
0.988508 0.846215
0.988505 0.846141
0.988501 0.846066
0.988498 0.845992
0.988494 0.845918
0.988491 0.845843
0.988488 0.845769
0.988484 0.845694
0.988481 0.845619
0.988477 0.845544
0.988474 0.845468
0.98847 0.845393
0.988467 0.845317
0.988463 0.845242
0.98846 0.845166
0.988456 0.84509
0.988453 0.845013
0.988449 0.844937
0.988446 0.844861
0.988442 0.844784
0.988439 0.844707
0.988435 0.84463
0.988432 0.844553
0.988428 0.844476
0.988424 0.844398
0.988421 0.844321
0.988417 0.844243
0.988414 0.844165
0.98841 0.844087
0.988407 0.844009
0.988403 0.843931
0.988399 0.843852
0.988396 0.843773
0.988392 0.843695
0.988388 0.843616
0.988385 0.843536
0.988381 0.843457
0.988378 0.843377
0.988374 0.843298
0.98837 0.843218
0.988367 0.843138
0.988363 0.843058
0.988359 0.842977
0.988355 0.842897
0.988352 0.842816
0.988348 0.842735
0.988344 0.842654
0.988341 0.842573
0.988337 0.842492
0.988333 0.84241
0.988329 0.842329
0.988326 0.842247
0.988322 0.842165
0.988318 0.842082
0.988314 0.842
0.988311 0.841917
0.988307 0.841835
0.988303 0.841752
0.988299 0.841669
0.988295 0.841585
0.988292 0.841502
0.988288 0.841418
0.988284 0.841334
0.98828 0.84125
0.988276 0.841166
0.988272 0.841082
0.988268 0.840997
0.988265 0.840912
0.988261 0.840827
0.988257 0.840742
0.988253 0.840657
0.988249 0.840572
0.988245 0.840486
0.988241 0.8404
0.988237 0.840314
0.988233 0.840228
0.988229 0.840141
0.988225 0.840055
0.988221 0.839968
0.988217 0.839881
0.988213 0.839793
0.988209 0.839706
0.988205 0.839618
0.988201 0.839531
0.988197 0.839443
0.988193 0.839354
0.988189 0.839266
0.988185 0.839177
0.988181 0.839089
0.988177 0.839
0.988173 0.83891
0.988169 0.838821
0.988165 0.838731
0.988161 0.838641
0.988157 0.838551
0.988152 0.838461
0.988148 0.838371
0.988144 0.83828
0.98814 0.838189
0.988136 0.838098
0.988132 0.838007
0.988128 0.837915
0.988123 0.837824
0.988119 0.837732
0.988115 0.83764
0.988111 0.837547
0.988107 0.837455
0.988102 0.837362
0.988098 0.837269
0.988094 0.837176
0.98809 0.837082
0.988085 0.836988
0.988081 0.836895
0.988077 0.8368
0.988072 0.836706
0.988068 0.836612
0.988064 0.836517
0.988059 0.836422
0.988055 0.836327
0.988051 0.836231
0.988046 0.836135
0.988042 0.836039
0.988038 0.835943
0.988033 0.835847
0.988029 0.83575
0.988025 0.835653
0.98802 0.835556
0.988016 0.835459
0.988011 0.835361
0.988007 0.835264
0.988002 0.835165
0.987998 0.835067
0.987993 0.834969
0.987989 0.83487
0.987984 0.834771
0.98798 0.834672
0.987975 0.834572
0.987971 0.834472
0.987966 0.834372
0.987962 0.834272
0.987957 0.834172
0.987953 0.834071
0.987948 0.83397
0.987943 0.833869
0.987939 0.833767
0.987934 0.833665
0.98793 0.833563
0.987925 0.833461
0.98792 0.833358
0.987916 0.833256
0.987911 0.833153
0.987906 0.833049
0.987902 0.832946
0.987897 0.832842
0.987892 0.832738
0.987887 0.832633
0.987883 0.832529
0.987878 0.832424
0.987873 0.832318
0.987868 0.832213
0.987864 0.832107
0.987859 0.832001
0.987854 0.831895
0.987849 0.831788
0.987844 0.831682
0.987839 0.831574
0.987835 0.831467
0.98783 0.831359
0.987825 0.831251
0.98782 0.831143
0.987815 0.831035
0.98781 0.830926
0.987805 0.830817
0.9878 0.830707
0.987795 0.830598
0.98779 0.830488
0.987785 0.830377
0.98778 0.830267
0.987775 0.830156
0.98777 0.830045
0.987765 0.829933
0.98776 0.829821
0.987755 0.829709
0.98775 0.829597
0.987745 0.829484
0.98774 0.829371
0.987735 0.829258
0.98773 0.829144
0.987724 0.829031
0.987719 0.828916
0.987714 0.828802
0.987709 0.828687
0.987704 0.828572
0.987699 0.828456
0.987693 0.828341
0.987688 0.828224
0.987683 0.828108
0.987678 0.827991
0.987672 0.827874
0.987667 0.827757
0.987662 0.827639
0.987656 0.827521
0.987651 0.827403
0.987646 0.827284
0.98764 0.827165
0.987635 0.827045
0.98763 0.826926
0.987624 0.826806
0.987619 0.826685
0.987613 0.826564
0.987608 0.826443
0.987602 0.826322
0.987597 0.8262
0.987591 0.826078
0.987586 0.825955
0.98758 0.825833
0.987575 0.825709
0.987569 0.825586
0.987564 0.825462
0.987558 0.825338
0.987552 0.825213
0.987547 0.825088
0.987541 0.824963
0.987536 0.824837
0.98753 0.824711
0.987524 0.824585
0.987518 0.824458
0.987513 0.82433
0.987507 0.824203
0.987501 0.824075
0.987496 0.823947
0.98749 0.823818
0.987484 0.823689
0.987478 0.823559
0.987472 0.82343
0.987466 0.823299
0.987461 0.823169
0.987455 0.823038
0.987449 0.822906
0.987443 0.822774
0.987437 0.822642
0.987431 0.82251
0.987425 0.822377
0.987419 0.822243
0.987413 0.822109
0.987407 0.821975
0.987401 0.82184
0.987395 0.821705
0.987389 0.82157
0.987383 0.821434
0.987377 0.821298
0.987371 0.821161
0.987364 0.821024
0.987358 0.820886
0.987352 0.820748
0.987346 0.82061
0.98734 0.820471
0.987333 0.820332
0.987327 0.820192
0.987321 0.820052
0.987315 0.819911
0.987308 0.81977
0.987302 0.819629
0.987296 0.819487
0.987289 0.819344
0.987283 0.819202
0.987276 0.819058
0.98727 0.818915
0.987264 0.81877
0.987257 0.818626
0.987251 0.818481
0.987244 0.818335
0.987238 0.818189
0.987231 0.818042
0.987225 0.817895
0.987218 0.817748
0.987211 0.8176
0.987205 0.817452
0.987198 0.817303
0.987191 0.817153
0.987185 0.817003
0.987178 0.816853
0.987171 0.816702
0.987165 0.816551
0.987158 0.816399
0.987151 0.816246
0.987144 0.816094
0.987137 0.81594
0.98713 0.815786
0.987124 0.815632
0.987117 0.815477
0.98711 0.815322
0.987103 0.815166
0.987096 0.815009
0.987089 0.814852
0.987082 0.814695
0.987075 0.814536
0.987068 0.814378
0.987061 0.814219
0.987053 0.814059
0.987046 0.813899
0.987039 0.813738
0.987032 0.813577
0.987025 0.813415
0.987018 0.813252
0.98701 0.813089
0.987003 0.812926
0.986996 0.812762
0.986988 0.812597
0.986981 0.812432
0.986974 0.812266
0.986966 0.8121
0.986959 0.811933
0.986951 0.811765
0.986944 0.811597
0.986936 0.811428
0.986929 0.811259
0.986921 0.811089
0.986914 0.810918
0.986906 0.810747
0.986899 0.810575
0.986891 0.810403
0.986883 0.81023
0.986876 0.810056
0.986868 0.809882
0.98686 0.809707
0.986852 0.809532
0.986844 0.809356
0.986837 0.809179
0.986829 0.809002
0.986821 0.808823
0.986813 0.808645
0.986805 0.808465
0.986797 0.808285
0.986789 0.808105
0.986781 0.807924
0.986773 0.807742
0.986765 0.807559
0.986757 0.807376
0.986749 0.807192
0.98674 0.807007
0.986732 0.806822
0.986724 0.806635
0.986716 0.806449
0.986707 0.806261
0.986699 0.806073
0.986691 0.805884
0.986682 0.805695
0.986674 0.805504
0.986665 0.805313
0.986657 0.805122
0.986648 0.804929
0.98664 0.804736
0.986631 0.804542
0.986623 0.804347
0.986614 0.804152
0.986605 0.803956
0.986597 0.803759
0.986588 0.803561
0.986579 0.803363
0.98657 0.803164
0.986562 0.802964
0.986553 0.802763
0.986544 0.802561
0.986535 0.802359
0.986526 0.802156
0.986517 0.801952
0.986508 0.801747
0.986499 0.801542
0.98649 0.801335
0.986481 0.801128
0.986471 0.80092
0.986462 0.800711
0.986453 0.800502
0.986444 0.800291
0.986434 0.80008
0.986425 0.799868
0.986416 0.799655
0.986406 0.799441
0.986397 0.799226
0.986387 0.79901
0.986378 0.798794
0.986368 0.798576
0.986358 0.798358
0.986349 0.798139
0.986339 0.797919
0.986329 0.797698
0.98632 0.797476
0.98631 0.797253
0.9863 0.79703
0.98629 0.796805
0.98628 0.796579
0.98627 0.796353
0.98626 0.796125
0.98625 0.795897
0.98624 0.795668
0.98623 0.795437
0.98622 0.795206
0.98621 0.794974
0.986199 0.79474
0.986189 0.794506
0.986179 0.794271
0.986168 0.794035
0.986158 0.793797
0.986147 0.793559
0.986137 0.79332
0.986126 0.793079
0.986116 0.792838
0.986105 0.792596
0.986094 0.792352
0.986084 0.792108
0.986073 0.791862
0.986062 0.791615
0.986051 0.791368
0.98604 0.791119
0.986029 0.790869
0.986018 0.790618
0.986007 0.790366
0.985996 0.790112
0.985985 0.789858
0.985974 0.789603
0.985962 0.789346
0.985951 0.789088
0.98594 0.788829
0.985928 0.788569
0.985917 0.788308
0.985905 0.788045
0.985894 0.787782
0.985882 0.787517
0.985871 0.787251
0.985859 0.786983
0.985847 0.786715
0.985835 0.786445
0.985823 0.786174
0.985812 0.785902
0.9858 0.785629
0.985788 0.785354
0.985775 0.785078
0.985763 0.784801
0.985751 0.784522
0.985739 0.784242
0.985727 0.783961
0.985714 0.783678
0.985702 0.783395
0.985689 0.783109
0.985677 0.782823
0.985664 0.782535
0.985652 0.782246
0.985639 0.781955
0.985626 0.781663
0.985613 0.78137
0.9856 0.781075
0.985587 0.780779
0.985574 0.780481
0.985561 0.780182
0.985548 0.779881
0.985535 0.779579
0.985522 0.779276
0.985508 0.778971
0.985495 0.778665
0.985482 0.778357
0.985468 0.778047
0.985454 0.777736
0.985441 0.777424
0.985427 0.777109
0.985413 0.776794
0.985399 0.776477
0.985386 0.776158
0.985372 0.775837
0.985358 0.775515
0.985343 0.775192
0.985329 0.774867
0.985315 0.77454
0.985301 0.774211
0.985286 0.773881
0.985272 0.773549
0.985257 0.773215
0.985243 0.77288
0.985228 0.772543
0.985213 0.772204
0.985198 0.771864
0.985183 0.771521
0.985168 0.771177
0.985153 0.770831
0.985138 0.770484
0.985123 0.770134
0.985107 0.769783
0.985092 0.76943
0.985077 0.769075
0.985061 0.768718
0.985045 0.768359
0.98503 0.767998
0.985014 0.767635
0.984998 0.767271
0.984982 0.766904
0.984966 0.766536
0.98495 0.766165
0.984934 0.765793
0.984917 0.765418
0.984901 0.765042
0.984884 0.764663
0.984868 0.764283
0.984851 0.7639
0.984834 0.763515
0.984818 0.763128
0.984801 0.762739
0.984784 0.762348
0.984766 0.761955
0.984749 0.761559
0.984732 0.761161
0.984714 0.760761
0.984697 0.760359
0.984679 0.759954
0.984662 0.759548
0.984644 0.759139
0.984626 0.758727
0.984608 0.758313
0.98459 0.757897
0.984572 0.757479
0.984553 0.757058
0.984535 0.756635
0.984516 0.756209
0.984498 0.755781
0.984479 0.75535
0.98446 0.754917
0.984441 0.754481
0.984422 0.754043
0.984403 0.753602
0.984384 0.753159
0.984364 0.752713
0.984345 0.752265
0.984325 0.751813
0.984305 0.751359
0.984285 0.750903
0.984265 0.750443
0.984245 0.749981
0.984225 0.749516
0.984205 0.749049
0.984184 0.748578
0.984164 0.748105
0.984143 0.747629
0.984122 0.74715
0.984101 0.746668
0.98408 0.746183
0.984059 0.745695
0.984037 0.745204
0.984016 0.74471
0.983994 0.744213
0.983972 0.743713
0.98395 0.74321
0.983928 0.742703
0.983906 0.742194
0.983884 0.741681
0.983861 0.741165
0.983839 0.740646
0.983816 0.740123
0.983793 0.739598
0.98377 0.739069
0.983747 0.738536
0.983723 0.738
0.9837 0.737461
0.983676 0.736918
0.983652 0.736372
0.983628 0.735822
0.983604 0.735269
0.98358 0.734712
0.983556 0.734151
0.983531 0.733587
0.983506 0.733019
0.983481 0.732447
0.983456 0.731872
0.983431 0.731292
0.983405 0.730709
0.98338 0.730122
0.983354 0.729531
0.983328 0.728937
0.983302 0.728338
0.983276 0.727735
0.983249 0.727128
0.983222 0.726517
0.983195 0.725902
0.983168 0.725282
0.983141 0.724659
0.983114 0.724031
0.983086 0.723399
0.983058 0.722762
0.98303 0.722121
0.983002 0.721476
0.982973 0.720826
0.982945 0.720172
0.982916 0.719513
0.982887 0.718849
0.982858 0.718181
0.982828 0.717508
0.982798 0.716831
0.982769 0.716148
0.982738 0.715461
0.982708 0.714769
0.982677 0.714072
0.982647 0.71337
0.982616 0.712663
0.982584 0.711951
0.982553 0.711233
0.982521 0.710511
0.982489 0.709783
0.982457 0.70905
0.982424 0.708312
0.982392 0.707568
0.982359 0.706818
0.982325 0.706064
0.982292 0.705303
0.982258 0.704537
0.982224 0.703766
0.98219 0.702988
0.982155 0.702205
0.982121 0.701416
0.982086 0.700621
0.98205 0.69982
0.982014 0.699013
0.981979 0.6982
0.981942 0.697381
0.981906 0.696555
0.981869 0.695723
0.981832 0.694885
0.981794 0.694041
0.981757 0.69319
0.981719 0.692332
0.98168 0.691468
0.981642 0.690597
0.981603 0.689719
0.981563 0.688834
0.981524 0.687943
0.981484 0.687044
0.981444 0.686139
0.981403 0.685226
0.981362 0.684306
0.981321 0.683379
0.981279 0.682444
0.981237 0.681502
0.981194 0.680553
0.981152 0.679596
0.981109 0.678631
0.981065 0.677658
0.981021 0.676678
0.980977 0.67569
0.980932 0.674693
0.980887 0.673689
0.980842 0.672676
0.980796 0.671655
0.980749 0.670626
0.980703 0.669588
0.980656 0.668542
0.980608 0.667487
0.98056 0.666423
0.980511 0.665351
0.980463 0.66427
0.980413 0.663179
0.980363 0.66208
0.980313 0.660971
0.980263 0.659853
0.980211 0.658726
0.98016 0.657589
0.980107 0.656442
0.980055 0.655286
0.980002 0.65412
0.979948 0.652944
0.979894 0.651758
0.979839 0.650562
0.979784 0.649356
0.979728 0.64814
0.979672 0.646912
0.979615 0.645675
0.979557 0.644426
0.979499 0.643167
0.979441 0.641897
0.979382 0.640616
0.979322 0.639324
0.979262 0.63802
0.979201 0.636706
0.979139 0.635379
0.979077 0.634041
0.979014 0.632692
0.978951 0.63133
0.978887 0.629956
0.978822 0.628571
0.978756 0.627173
0.97869 0.625762
0.978623 0.62434
0.978556 0.622904
0.978488 0.621456
0.978419 0.619995
0.978349 0.618521
0.978279 0.617034
0.978207 0.615533
0.978135 0.614019
0.978063 0.612491
0.977989 0.61095
0.977915 0.609395
0.97784 0.607826
0.977764 0.606243
0.977687 0.604645
0.977609 0.603034
0.977531 0.601407
0.977451 0.599766
0.977371 0.59811
0.97729 0.59644
0.977208 0.594754
0.977125 0.593053
0.977041 0.591336
0.976956 0.589604
0.97687 0.587856
0.976783 0.586093
0.976696 0.584313
0.976607 0.582518
0.976517 0.580706
0.976426 0.578878
0.976334 0.577033
0.976241 0.575171
0.976146 0.573293
0.976051 0.571398
0.975954 0.569485
0.975857 0.567556
0.975758 0.565609
0.975658 0.563644
0.975557 0.561662
0.975454 0.559662
0.975351 0.557644
0.975246 0.555608
0.975139 0.553554
0.975032 0.551482
0.974923 0.549391
0.974813 0.547281
0.974701 0.545153
0.974588 0.543006
0.974474 0.54084
0.974358 0.538655
0.97424 0.536451
0.974121 0.534227
0.974001 0.531984
0.973879 0.529722
0.973756 0.52744
0.973631 0.525138
0.973504 0.522817
0.973375 0.520475
0.973245 0.518114
0.973114 0.515732
0.97298 0.513331
0.972845 0.510909
0.972708 0.508467
0.972569 0.506005
0.972429 0.503522
0.972286 0.501019
0.972142 0.498495
0.971995 0.495951
0.971847 0.493387
0.971697 0.490802
0.971544 0.488196
0.97139 0.48557
0.971233 0.482923
0.971075 0.480256
0.970914 0.477568
0.970751 0.47486
0.970585 0.472131
0.970418 0.469382
0.970248 0.466613
0.970075 0.463823
0.969901 0.461014
0.969724 0.458184
0.969544 0.455334
0.969362 0.452464
0.969177 0.449575
0.96899 0.446666
0.9688 0.443738
0.968607 0.44079
0.968412 0.437823
0.968214 0.434837
0.968013 0.431833
0.967809 0.42881
0.967602 0.425769
0.967392 0.42271
0.96718 0.419633
0.966964 0.416539
0.966745 0.413427
0.966523 0.410299
0.966298 0.407154
0.966069 0.403993
0.965837 0.400816
0.965602 0.397624
0.965364 0.394416
0.965122 0.391194
0.964876 0.387957
0.964627 0.384707
0.964374 0.381444
0.964118 0.378167
0.963857 0.374878
0.963593 0.371577
0.963325 0.368265
0.963054 0.364941
0.962778 0.361608
0.962498 0.358265
0.962214 0.354912
0.961926 0.351551
0.961634 0.348182
0.961338 0.344805
0.961037 0.341422
0.960732 0.338033
0.960422 0.334638
0.960108 0.331239
0.959789 0.327835
0.959466 0.324429
0.959138 0.321019
0.958805 0.317608
0.958467 0.314195
0.958125 0.310783
0.957777 0.30737
0.957424 0.303958
0.957067 0.300549
0.956704 0.297142
0.956336 0.293738
0.955963 0.290339
0.955584 0.286945
0.9552 0.283556
0.954811 0.280174
0.954416 0.276799
0.954015 0.273433
0.953609 0.270075
0.953197 0.266728
0.952779 0.26339
0.952355 0.260065
0.951926 0.256751
0.95149 0.25345
0.951048 0.250163
0.950601 0.24689
0.950147 0.243633
0.949687 0.240391
0.94922 0.237166
0.948747 0.233959
0.948268 0.230769
0.947782 0.227599
0.94729 0.224448
0.946791 0.221317
0.946285 0.218207
0.945773 0.215118
0.945254 0.212052
0.944728 0.209008
0.944195 0.205988
0.943655 0.202991
0.943109 0.200019
0.942555 0.197072
0.941994 0.194151
0.941425 0.191255
0.94085 0.188386
0.940267 0.185543
0.939677 0.182728
0.93908 0.179941
0.938475 0.177182
0.937863 0.174451
0.937243 0.171749
0.936615 0.169077
0.93598 0.166433
0.935338 0.16382
0.934687 0.161236
0.934029 0.158682
0.933363 0.156159
0.932689 0.153667
0.932007 0.151205
0.931318 0.148773
0.93062 0.146373
0.929914 0.144004
0.929201 0.141666
0.928479 0.139359
0.927749 0.137084
0.927011 0.134839
0.926265 0.132626
0.92551 0.130444
0.924748 0.128293
0.923977 0.126173
0.923197 0.124084
0.92241 0.122027
0.921614 0.119999
0.920809 0.118003
0.919997 0.116037
0.919175 0.114102
0.918346 0.112196
0.917507 0.110321
0.916661 0.108475
0.915805 0.106659
0.914942 0.104873
0.914069 0.103116
0.913188 0.101387
0.912299 0.0996874
0.9114 0.0980161
0.910493 0.0963729
0.909578 0.0947576
0.908653 0.0931699
0.90772 0.0916095
0.906779 0.0900761
0.905828 0.0885694
0.904869 0.0870891
0.903901 0.0856348
0.902924 0.0842063
0.901939 0.0828033
0.900944 0.0814254
0.899941 0.0800723
0.898929 0.0787436
0.897908 0.0774391
0.896879 0.0761583
0.89584 0.0749011
0.894793 0.0736669
0.893737 0.0724555
0.892672 0.0712666
0.891598 0.0700998
0.890515 0.0689547
0.889424 0.0678311
0.888323 0.0667286
0.887214 0.0656468
0.886096 0.0645855
0.884968 0.0635443
0.883832 0.0625228
0.882687 0.0615207
0.881534 0.0605378
0.880371 0.0595737
0.879199 0.058628
0.878019 0.0577004
0.876829 0.0567907
0.875631 0.0558985
0.874424 0.0550235
0.873208 0.0541654
0.871983 0.0533239
0.870749 0.0524987
0.869506 0.0516894
0.868255 0.0508959
0.866994 0.0501178
0.865725 0.0493548
0.864447 0.0486066
0.86316 0.0478731
0.861864 0.0471538
0.860559 0.0464485
0.859245 0.0457569
0.857923 0.0450789
0.856592 0.0444141
0.855252 0.0437622
0.853903 0.0431231
0.852545 0.0424965
0.851178 0.0418821
0.849803 0.0412797
0.848419 0.040689
0.847026 0.0401099
0.845624 0.0395421
0.844213 0.0389854
0.842794 0.0384395
0.841366 0.0379043
0.839929 0.0373795
0.838484 0.0368649
0.837029 0.0363603
0.835566 0.0358656
0.834094 0.0353805
0.832614 0.0349049
0.831125 0.0344384
0.829627 0.0339811
0.82812 0.0335326
0.826605 0.0330928
0.825081 0.0326615
0.823549 0.0322386
0.822008 0.0318239
0.820458 0.0314172
0.8189 0.0310184
0.817333 0.0306272
0.815757 0.0302436
0.814173 0.0298674
0.81258 0.0294985
0.810979 0.0291366
0.809369 0.0287817
0.807751 0.0284336
0.806124 0.0280922
0.804489 0.0277574
0.802845 0.027429
0.801193 0.0271068
0.799532 0.0267908
0.797863 0.0264809
0.796185 0.0261768
0.794499 0.0258786
0.792805 0.025586
0.791102 0.025299
0.789391 0.0250175
0.787671 0.0247413
0.785943 0.0244704
0.784207 0.0242046
0.782463 0.0239439
0.78071 0.0236881
0.778949 0.0234371
0.77718 0.0231909
0.775402 0.0229494
0.773616 0.0227124
0.771822 0.0224799
0.77002 0.0222518
0.76821 0.022028
0.766392 0.0218084
0.764565 0.0215929
0.76273 0.0213815
0.760888 0.0211741
0.759037 0.0209706
0.757178 0.0207709
0.755311 0.020575
0.753437 0.0203828
0.751554 0.0201942
0.749663 0.0200091
0.747765 0.0198275
0.745858 0.0196494
0.743944 0.0194746
0.742021 0.019303
0.740091 0.0191347
0.738154 0.0189696
0.736208 0.0188076
0.734255 0.0186487
0.732294 0.0184927
0.730325 0.0183397
0.728349 0.0181896
0.726365 0.0180423
0.724373 0.0178978
0.722374 0.017756
0.720367 0.017617
0.718353 0.0174805
0.716332 0.0173467
0.714303 0.0172154
0.712266 0.0170866
0.710222 0.0169603
0.708171 0.0168364
0.706113 0.0167149
0.704047 0.0165957
0.701974 0.0164788
0.699894 0.0163642
0.697807 0.0162517
0.695713 0.0161415
0.693611 0.0160334
0.691503 0.0159274
0.689387 0.0158235
0.687265 0.0157216
0.685136 0.0156217
0.683 0.0155238
0.680857 0.0154279
0.678707 0.0153338
0.676551 0.0152417
0.674388 0.0151513
0.672218 0.0150628
0.670042 0.0149761
0.667859 0.0148912
0.66567 0.014808
0.663475 0.0147265
0.661273 0.0146467
0.659064 0.0145685
0.65685 0.014492
0.654629 0.0144171
0.652402 0.0143438
0.650169 0.014272
0.64793 0.0142018
0.645685 0.0141331
0.643434 0.0140659
0.641178 0.0140002
0.638915 0.0139359
0.636647 0.0138731
0.634373 0.0138116
0.632094 0.0137516
0.629809 0.0136929
0.627518 0.0136356
0.625222 0.0135797
0.622921 0.013525
0.620615 0.0134717
0.618303 0.0134196
0.615986 0.0133689
0.613665 0.0133193
0.611338 0.013271
0.609006 0.013224
0.60667 0.0131781
0.604329 0.0131335
0.601983 0.01309
0.599633 0.0130477
0.597278 0.0130065
0.594919 0.0129665
0.592556 0.0129276
0.590188 0.0128898
0.587816 0.0128531
0.58544 0.0128175
0.58306 0.012783
0.580676 0.0127495
0.578289 0.0127171
0.575898 0.0126857
0.573503 0.0126554
0.571105 0.0126261
0.568703 0.0125978
0.566298 0.0125705
0.56389 0.0125442
0.561478 0.0125189
0.559064 0.0124945
0.556646 0.0124711
0.554226 0.0124487
0.551803 0.0124272
0.549378 0.0124067
0.54695 0.0123871
0.54452 0.0123684
0.542087 0.0123506
0.539652 0.0123337
0.537215 0.0123177
0.534776 0.0123026
0.532336 0.0122884
0.529893 0.0122751
0.527449 0.0122627
0.525003 0.0122511
0.522556 0.0122404
0.520108 0.0122305
0.517659 0.0122215
0.515208 0.0122133
0.512757 0.0122059
0.510305 0.0121994
0.507852 0.0121937
0.505398 0.0121889
0.502944 0.0121848
0.50049 0.0121816
0.498036 0.0121791
0.495581 0.0121775
0.493126 0.0121767
0.490672 0.0121766
0.488218 0.0121774
0.485765 0.0121789
0.483311 0.0121812
0.480859 0.0121843
0.478408 0.0121882
0.475957 0.0121928
0.473507 0.0121982
0.471059 0.0122044
0.468612 0.0122113
0.466166 0.012219
0.463722 0.0122275
0.46128 0.0122367
0.45884 0.0122466
0.456401 0.0122573
0.453965 0.0122688
0.451531 0.0122809
0.449099 0.0122939
0.44667 0.0123075
0.444243 0.0123219
0.441819 0.012337
0.439398 0.0123529
0.43698 0.0123695
0.434566 0.0123868
0.432154 0.0124049
0.429746 0.0124236
0.427342 0.0124431
0.424941 0.0124634
0.422544 0.0124843
0.420151 0.012506
0.417762 0.0125283
0.415378 0.0125514
0.412997 0.0125752
0.410622 0.0125998
0.40825 0.012625
0.405884 0.012651
0.403522 0.0126776
0.401165 0.012705
0.398814 0.0127331
0.396468 0.0127619
0.394127 0.0127914
0.391791 0.0128217
0.389461 0.0128526
0.387137 0.0128843
0.384819 0.0129166
0.382507 0.0129497
0.380201 0.0129834
0.377901 0.0130179
0.375607 0.0130531
0.37332 0.013089
0.371039 0.0131256
0.368765 0.0131629
0.366498 0.013201
0.364238 0.0132397
0.361985 0.0132791
0.359739 0.0133193
0.3575 0.0133601
0.355269 0.0134017
0.353045 0.013444
0.350828 0.013487
0.348619 0.0135307
0.346418 0.0135751
0.344225 0.0136202
0.34204 0.013666
0.339863 0.0137126
0.337694 0.0137598
0.335533 0.0138078
0.333381 0.0138565
0.331237 0.0139059
0.329102 0.013956
0.326975 0.0140069
0.324857 0.0140584
0.322748 0.0141107
0.320648 0.0141636
0.318556 0.0142173
0.316474 0.0142718
0.314401 0.0143269
0.312337 0.0143828
0.310282 0.0144394
0.308237 0.0144967
0.306201 0.0145547
0.304174 0.0146134
0.302157 0.0146729
0.30015 0.0147331
0.298152 0.0147941
0.296164 0.0148557
0.294186 0.0149181
0.292218 0.0149812
0.29026 0.0150451
0.288311 0.0151097
0.286373 0.015175
0.284445 0.015241
0.282527 0.0153078
0.280619 0.0153753
0.278721 0.0154436
0.276834 0.0155125
0.274957 0.0155823
0.27309 0.0156527
0.271233 0.0157239
0.269387 0.0157959
0.267552 0.0158686
0.265727 0.015942
0.263912 0.0160162
0.262109 0.0160911
0.260315 0.0161668
0.258532 0.0162432
0.25676 0.0163203
0.254999 0.0163982
0.253248 0.0164769
0.251508 0.0165563
0.249779 0.0166364
0.24806 0.0167174
0.246352 0.016799
0.244655 0.0168814
0.242968 0.0169646
0.241293 0.0170485
0.239628 0.0171332
0.237974 0.0172187
0.23633 0.0173049
0.234698 0.0173918
0.233076 0.0174795
0.231465 0.017568
0.229865 0.0176573
0.228275 0.0177473
0.226696 0.017838
0.225128 0.0179296
0.223571 0.0180219
0.222025 0.0181149
0.220489 0.0182088
0.218964 0.0183034
0.21745 0.0183987
0.215946 0.0184949
0.214453 0.0185918
0.212971 0.0186894
0.211499 0.0187879
0.210038 0.0188871
0.208588 0.0189871
0.207148 0.0190879
0.205718 0.0191894
0.204299 0.0192917
0.202891 0.0193948
0.201493 0.0194986
0.200105 0.0196033
0.198728 0.0197087
0.197362 0.0198149
0.196005 0.0199218
0.194659 0.0200296
0.193323 0.0201381
0.191997 0.0202474
0.190682 0.0203575
0.189377 0.0204684
0.188082 0.02058
0.186796 0.0206924
0.185521 0.0208056
0.184256 0.0209196
0.183001 0.0210344
0.181756 0.0211499
0.180521 0.0212662
0.179295 0.0213833
0.178079 0.0215012
0.176874 0.0216199
0.175677 0.0217394
0.174491 0.0218596
0.173314 0.0219806
0.172146 0.0221025
0.170988 0.0222251
0.16984 0.0223484
0.168701 0.0224726
0.167571 0.0225975
0.16645 0.0227233
0.165339 0.0228498
0.164237 0.0229771
0.163144 0.0231052
0.162061 0.0232341
0.160986 0.0233637
0.15992 0.0234942
0.158864 0.0236254
0.157816 0.0237574
0.156777 0.0238902
0.155747 0.0240238
0.154725 0.0241582
0.153712 0.0242933
0.152708 0.0244292
0.151713 0.024566
0.150726 0.0247035
0.149747 0.0248418
0.148777 0.0249808
0.147815 0.0251207
0.146861 0.0252613
0.145916 0.0254028
0.144979 0.025545
0.14405 0.025688
0.143129 0.0258318
0.142216 0.0259763
0.141311 0.0261217
0.140414 0.0262678
0.139525 0.0264147
0.138644 0.0265624
0.13777 0.0267108
0.136904 0.0268601
0.136046 0.0270101
0.135195 0.0271609
0.134352 0.0273125
0.133516 0.0274649
0.132687 0.0276181
0.131866 0.027772
0.131052 0.0279267
0.130246 0.0280822
0.129447 0.0282384
0.128654 0.0283955
0.127869 0.0285533
0.127091 0.0287119
0.12632 0.0288713
0.125556 0.0290314
0.124798 0.0291923
0.124047 0.029354
0.123304 0.0295165
0.122566 0.0296798
0.121836 0.0298438
0.121112 0.0300086
0.120394 0.0301741
0.119683 0.0303405
0.118979 0.0305076
0.118281 0.0306754
0.117589 0.0308441
0.116903 0.0310135
0.116224 0.0311837
0.11555 0.0313546
0.114883 0.0315263
0.114222 0.0316988
0.113567 0.0318721
0.112918 0.0320461
0.112275 0.0322209
0.111637 0.0323964
0.111006 0.0325727
0.11038 0.0327498
0.10976 0.0329276
0.109146 0.0331062
0.108537 0.0332856
0.107934 0.0334657
0.107336 0.0336466
0.106743 0.0338283
0.106157 0.0340107
0.105575 0.0341938
0.104999 0.0343777
0.104428 0.0345624
0.103862 0.0347478
0.103302 0.034934
0.102747 0.035121
0.102196 0.0353087
0.101651 0.0354971
0.101111 0.0356863
0.100576 0.0358763
0.100046 0.036067
0.0995201 0.0362585
0.0989995 0.0364507
0.0984837 0.0366437
0.0979726 0.0368374
0.0974662 0.0370319
0.0969645 0.0372271
0.0964674 0.0374231
0.0959749 0.0376198
0.0954869 0.0378172
0.0950033 0.0380154
0.0945243 0.0382144
0.0940496 0.0384141
0.0935794 0.0386145
0.0931134 0.0388157
0.0926518 0.0390177
0.0921944 0.0392204
0.0917412 0.0394238
0.0912922 0.0396279
0.0908473 0.0398329
0.0904066 0.0400385
0.0899698 0.0402449
0.0895372 0.040452
0.0891085 0.0406599
0.0886837 0.0408685
0.0882629 0.0410779
0.087846 0.0412879
0.0874329 0.0414988
0.0870236 0.0417103
0.0866181 0.0419226
0.0862163 0.0421357
0.0858183 0.0423495
0.0854239 0.042564
0.0850331 0.0427792
0.084646 0.0429952
0.0842624 0.0432119
0.0838824 0.0434294
0.0835059 0.0436476
0.0831328 0.0438665
0.0827632 0.0440862
0.082397 0.0443066
0.0820342 0.0445277
0.0816748 0.0447495
0.0813186 0.0449721
0.0809658 0.0451955
0.0806162 0.0454195
0.0802698 0.0456443
0.0799266 0.0458698
0.0795866 0.0460961
0.0792498 0.0463231
0.078916 0.0465508
0.0785853 0.0467792
0.0782577 0.0470084
0.0779331 0.0472383
0.0776116 0.047469
0.077293 0.0477003
0.0769773 0.0479325
0.0766645 0.0481653
0.0763547 0.0483989
0.0760477 0.0486332
0.0757435 0.0488682
0.0754422 0.0491039
0.0751436 0.0493404
0.0748478 0.0495777
0.0745548 0.0498156
0.0742644 0.0500543
0.0739768 0.0502937
0.0736918 0.0505339
0.0734094 0.0507748
0.0731297 0.0510164
0.0728526 0.0512587
0.072578 0.0515018
0.072306 0.0517456
0.0720365 0.0519902
0.0717694 0.0522354
0.0715049 0.0524814
0.0712428 0.0527282
0.0709832 0.0529757
0.070726 0.0532239
0.0704711 0.0534728
0.0702186 0.0537225
0.0699685 0.0539729
0.0697207 0.0542241
0.0694752 0.054476
0.069232 0.0547286
0.068991 0.054982
0.0687523 0.0552361
0.0685159 0.055491
0.0682816 0.0557465
0.0680495 0.0560029
0.0678196 0.0562599
0.0675918 0.0565178
0.0673661 0.0567763
0.0671426 0.0570356
0.0669211 0.0572956
0.0667018 0.0575564
0.0664845 0.057818
0.0662692 0.0580802
0.0660559 0.0583433
0.0658446 0.058607
0.0656354 0.0588716
0.065428 0.0591368
0.0652227 0.0594029
0.0650192 0.0596696
0.0648177 0.0599372
0.0646181 0.0602054
0.0644204 0.0604745
0.0642245 0.0607443
0.0640305 0.0610148
0.0638383 0.0612861
0.063648 0.0615582
0.0634594 0.061831
0.0632727 0.0621046
0.0630877 0.062379
0.0629044 0.0626541
0.062723 0.06293
0.0625432 0.0632066
0.0623652 0.063484
0.0621888 0.0637622
0.0620142 0.0640412
0.0618412 0.0643209
0.0616699 0.0646014
0.0615002 0.0648827
0.0613321 0.0651648
0.0611657 0.0654476
0.0610009 0.0657313
0.0608376 0.0660157
0.060676 0.0663009
0.0605159 0.0665868
0.0603573 0.0668736
0.0602003 0.0671612
0.0600449 0.0674495
0.0598909 0.0677387
0.0597385 0.0680286
0.0595875 0.0683193
0.059438 0.0686109
0.05929 0.0689032
0.0591434 0.0691963
0.0589983 0.0694903
0.0588546 0.069785
0.0587124 0.0700806
0.0585715 0.070377
0.058432 0.0706741
0.058294 0.0709721
0.0581573 0.071271
0.0580219 0.0715706
0.057888 0.0718711
0.0577553 0.0721724
0.057624 0.0724745
0.0574941 0.0727774
0.0573654 0.0730812
0.0572381 0.0733859
0.057112 0.0736913
0.0569872 0.0739976
0.0568637 0.0743048
0.0567415 0.0746128
0.0566205 0.0749216
0.0565008 0.0752313
0.0563823 0.0755418
0.056265 0.0758533
0.056149 0.0761655
0.0560341 0.0764787
0.0559205 0.0767927
0.055808 0.0771075
0.0556968 0.0774233
0.0555867 0.0777399
0.0554778 0.0780574
0.05537 0.0783758
0.0552634 0.078695
0.0551579 0.0790152
0.0550536 0.0793362
0.0549503 0.0796582
0.0548482 0.079981
0.0547472 0.0803048
0.0546474 0.0806294
0.0545486 0.080955
0.0544508 0.0812815
0.0543542 0.0816089
0.0542586 0.0819372
0.0541641 0.0822664
0.0540707 0.0825966
0.0539783 0.0829277
0.053887 0.0832598
0.0537967 0.0835927
0.0537074 0.0839267
0.0536191 0.0842615
0.0535319 0.0845974
0.0534456 0.0849342
0.0533604 0.0852719
0.0532761 0.0856106
0.0531929 0.0859503
0.0531106 0.086291
0.0530293 0.0866326
0.052949 0.0869752
0.0528696 0.0873189
0.0527912 0.0876635
0.0527138 0.0880091
0.0526373 0.0883557
0.0525617 0.0887033
0.0524871 0.0890519
0.0524133 0.0894015
0.0523406 0.0897522
0.0522687 0.0901039
0.0521977 0.0904566
0.0521277 0.0908104
0.0520586 0.0911652
0.0519903 0.091521
0.0519229 0.0918779
0.0518565 0.0922359
0.0517909 0.0925949
0.0517262 0.092955
0.0516623 0.0933161
0.0515993 0.0936784
0.0515372 0.0940417
0.0514759 0.0944061
0.0514155 0.0947716
0.051356 0.0951383
0.0512972 0.095506
0.0512393 0.0958748
0.0511823 0.0962448
0.0511261 0.0966159
0.0510707 0.0969881
0.0510161 0.0973615
0.0509623 0.097736
0.0509093 0.0981117
0.0508572 0.0984885
0.0508058 0.0988665
0.0507553 0.0992457
0.0507055 0.099626
0.0506566 0.100008
0.0506084 0.10039
0.050561 0.100774
0.0505144 0.101159
0.0504686 0.101546
0.0504235 0.101933
0.0503792 0.102322
0.0503357 0.102712
0.0502929 0.103103
0.0502509 0.103496
0.0502097 0.10389
0.0501692 0.104285
0.0501294 0.104681
0.0500904 0.105079
0.0500522 0.105478
0.0500147 0.105878
0.0499779 0.106279
0.0499418 0.106682
0.0499065 0.107086
0.0498719 0.107492
0.0498381 0.107899
0.0498049 0.108307
0.0497725 0.108716
0.0497408 0.109127
0.0497098 0.109539
0.0496795 0.109953
0.0496499 0.110368
0.0496211 0.110784
0.0495929 0.111202
0.0495655 0.111621
0.0495387 0.112042
0.0495126 0.112464
0.0494873 0.112888
0.0494626 0.113313
0.0494386 0.113739
0.0494153 0.114167
0.0493927 0.114597
0.0493708 0.115028
0.0493495 0.11546
0.049329 0.115894
0.0493091 0.11633
0.0492899 0.116767
0.0492714 0.117205
0.0492535 0.117645
0.0492363 0.118087
0.0492198 0.118531
0.049204 0.118975
0.0491888 0.119422
0.0491743 0.11987
0.0491604 0.12032
0.0491472 0.120771
0.0491347 0.121224
0.0491228 0.121679
0.0491116 0.122135
0.0491011 0.122593
0.0490912 0.123053
0.0490819 0.123515
0.0490733 0.123978
0.0490654 0.124443
0.0490581 0.124909
0.0490515 0.125378
0.0490455 0.125848
0.0490402 0.12632
0.0490355 0.126794
0.0490315 0.12727
0.0490281 0.127747
0.0490253 0.128226
0.0490232 0.128708
0.0490218 0.129191
0.049021 0.129675
0.0490208 0.130162
0.0490213 0.130651
0.0490224 0.131142
0.0490242 0.131634
0.0490266 0.132129
0.0490296 0.132625
0.0490333 0.133124
0.0490376 0.133625
0.0490426 0.134127
0.0490482 0.134632
0.0490545 0.135138
0.0490614 0.135647
0.0490689 0.136158
0.0490771 0.136671
0.0490859 0.137186
0.0490954 0.137703
0.0491055 0.138222
0.0491162 0.138744
0.0491276 0.139267
0.0491396 0.139793
0.0491523 0.140321
0.0491656 0.140852
0.0491796 0.141384
0.0491942 0.141919
0.0492094 0.142457
0.0492253 0.142996
0.0492418 0.143538
0.049259 0.144082
0.0492769 0.144629
0.0492953 0.145178
0.0493145 0.145729
0.0493343 0.146283
0.0493547 0.146839
0.0493758 0.147398
0.0493975 0.147959
0.0494199 0.148523
0.049443 0.149089
0.0494667 0.149658
0.0494911 0.15023
0.0495161 0.150804
0.0495418 0.15138
0.0495682 0.15196
0.0495952 0.152542
0.0496229 0.153126
0.0496513 0.153714
0.0496803 0.154304
0.04971 0.154897
0.0497404 0.155493
0.0497714 0.156091
0.0498031 0.156693
0.0498355 0.157297
0.0498686 0.157904
0.0499024 0.158514
0.0499369 0.159127
0.049972 0.159743
0.0500078 0.160362
0.0500444 0.160984
0.0500816 0.16161
0.0501195 0.162238
0.0501581 0.162869
0.0501974 0.163503
0.0502375 0.164141
0.0502782 0.164782
0.0503197 0.165426
0.0503618 0.166073
0.0504047 0.166724
0.0504483 0.167377
0.0504926 0.168035
0.0505377 0.168695
0.0505834 0.169359
0.05063 0.170027
0.0506772 0.170698
0.0507252 0.171372
0.0507739 0.17205
0.0508234 0.172731
0.0508736 0.173417
0.0509246 0.174105
0.0509763 0.174798
0.0510288 0.175494
0.0510821 0.176194
0.0511361 0.176897
0.051191 0.177605
0.0512465 0.178316
0.0513029 0.179031
0.0513601 0.179751
0.051418 0.180474
0.0514768 0.181201
0.0515363 0.181932
0.0515967 0.182667
0.0516578 0.183407
0.0517198 0.18415
0.0517826 0.184898
0.0518462 0.18565
0.0519107 0.186406
0.051976 0.187167
0.0520421 0.187932
0.0521091 0.188701
0.052177 0.189475
0.0522457 0.190253
0.0523152 0.191036
0.0523857 0.191824
0.052457 0.192616
0.0525292 0.193413
0.0526022 0.194214
0.0526762 0.195021
0.0527511 0.195832
0.0528269 0.196648
0.0529036 0.197469
0.0529812 0.198295
0.0530598 0.199126
0.0531393 0.199962
0.0532197 0.200803
0.0533011 0.20165
0.0533835 0.202501
0.0534668 0.203358
0.0535511 0.204221
0.0536363 0.205089
0.0537226 0.205962
0.0538099 0.206841
0.0538981 0.207725
0.0539874 0.208615
0.0540777 0.209511
0.0541691 0.210412
0.0542615 0.21132
0.0543549 0.212233
0.0544494 0.213152
0.054545 0.214077
0.0546416 0.215008
0.0547394 0.215946
0.0548382 0.216889
0.0549382 0.217839
0.0550392 0.218795
0.0551414 0.219758
0.0552448 0.220727
0.0553493 0.221703
0.0554549 0.222685
0.0555617 0.223674
0.0556698 0.22467
0.055779 0.225672
0.0558894 0.226682
0.056001 0.227698
0.0561139 0.228722
0.056228 0.229753
0.0563434 0.230791
0.05646 0.231836
0.056578 0.232888
0.0566972 0.233949
0.0568178 0.235016
0.0569396 0.236092
0.0570628 0.237175
0.0571874 0.238265
0.0573133 0.239364
0.0574406 0.240471
0.0575694 0.241586
0.0576995 0.242709
0.057831 0.24384
0.057964 0.244979
0.0580985 0.246127
0.0582344 0.247284
0.0583719 0.248449
0.0585108 0.249623
0.0586513 0.250806
0.0587933 0.251997
0.0589369 0.253198
0.059082 0.254408
0.0592288 0.255627
0.0593772 0.256855
0.0595272 0.258093
0.0596789 0.25934
0.0598323 0.260597
0.0599873 0.261864
0.0601441 0.263141
0.0603026 0.264428
0.0604629 0.265725
0.060625 0.267032
0.0607889 0.268349
0.0609546 0.269677
0.0611221 0.271016
0.0612916 0.272365
0.0614629 0.273725
0.0616362 0.275096
0.0618114 0.276478
0.0619885 0.277871
0.0621677 0.279276
0.0623489 0.280692
0.0625322 0.28212
0.0627175 0.283559
0.062905 0.285011
0.0630946 0.286474
0.0632863 0.287949
0.0634803 0.289437
0.0636764 0.290937
0.0638749 0.29245
0.0640756 0.293976
0.0642786 0.295514
0.0644839 0.297065
0.0646917 0.29863
0.0649019 0.300207
0.0651145 0.301799
0.0653296 0.303404
0.0655472 0.305022
0.0657674 0.306655
0.0659901 0.308301
0.0662155 0.309962
0.0664435 0.311637
0.0666743 0.313327
0.0669078 0.315031
0.0671441 0.316751
0.0673832 0.318485
0.0676251 0.320235
0.06787 0.322
0.0681179 0.32378
0.0683687 0.325576
0.0686226 0.327389
0.0688795 0.329217
0.0691396 0.331061
0.0694029 0.332922
0.0696694 0.334799
0.0699391 0.336694
0.0702122 0.338605
0.0704887 0.340533
0.0707686 0.342479
0.071052 0.344442
0.071339 0.346422
0.0716295 0.348421
0.0719237 0.350437
0.0722216 0.352472
0.0725233 0.354525
0.0728288 0.356597
0.0731382 0.358688
0.0734516 0.360797
0.0737689 0.362926
0.0740904 0.365073
0.074416 0.367241
0.0747458 0.369428
0.0750798 0.371635
0.0754183 0.373862
0.0757612 0.376109
0.0761085 0.378377
0.0764604 0.380665
0.076817 0.382974
0.0771783 0.385304
0.0775444 0.387655
0.0779154 0.390027
0.0782913 0.392421
0.0786723 0.394836
0.0790584 0.397273
0.0794498 0.399733
0.0798464 0.402214
0.0802485 0.404717
0.080656 0.407243
0.0810691 0.409792
0.0814879 0.412363
0.0819124 0.414958
0.0823428 0.417575
0.0827792 0.420215
0.0832217 0.422879
0.0836703 0.425566
0.0841252 0.428277
0.0845865 0.431011
0.0850543 0.433769
0.0855288 0.436551
0.0860099 0.439357
0.0864979 0.442187
0.0869929 0.445041
0.0874949 0.44792
0.0880042 0.450822
0.0885208 0.453749
0.0890448 0.4567
0.0895764 0.459676
0.0901158 0.462676
0.090663 0.465701
0.0912182 0.46875
0.0917816 0.471823
0.0923532 0.474921
0.0929332 0.478043
0.0935218 0.48119
0.0941191 0.484361
0.0947253 0.487556
0.0953405 0.490775
0.0959649 0.494019
0.0965986 0.497286
0.0972418 0.500577
0.0978947 0.503892
0.0985574 0.507231
0.0992301 0.510592
0.099913 0.513977
0.100606 0.517385
0.10131 0.520816
0.102024 0.524269
0.10275 0.527744
0.103486 0.531241
0.104234 0.53476
0.104993 0.5383
0.105764 0.541861
0.106546 0.545442
0.107341 0.549044
0.108148 0.552665
0.108967 0.556306
0.109799 0.559965
0.110644 0.563643
0.111502 0.567339
0.112373 0.571052
0.113258 0.574782
0.114157 0.578529
0.115069 0.582291
0.115996 0.586068
0.116937 0.589859
0.117892 0.593664
0.118863 0.597483
0.119848 0.601313
0.120849 0.605155
0.121865 0.609009
0.122898 0.612872
0.123946 0.616744
0.12501 0.620626
0.126091 0.624514
0.127189 0.62841
0.128304 0.632312
0.129436 0.636218
0.130585 0.640129
0.131752 0.644043
0.132938 0.64796
0.134141 0.651878
0.135363 0.655796
0.136604 0.659713
0.137863 0.663629
0.139142 0.667543
0.140441 0.671453
0.141759 0.675358
0.143097 0.679258
0.144455 0.683151
0.145834 0.687036
0.147234 0.690912
0.148655 0.694779
0.150097 0.698635
0.15156 0.702479
0.153045 0.70631
0.154553 0.710127
0.156082 0.71393
0.157634 0.717716
0.159209 0.721485
0.160806 0.725236
0.162427 0.728968
0.164071 0.732681
0.165739 0.736372
0.16743 0.740041
0.169146 0.743688
0.170886 0.747311
0.172651 0.750909
0.17444 0.754481
0.176255 0.758028
0.178094 0.761547
0.179959 0.765038
0.181849 0.7685
0.183766 0.771933
0.185708 0.775335
0.187676 0.778707
0.18967 0.782047
0.191691 0.785354
0.193739 0.788629
0.195813 0.79187
0.197915 0.795078
0.200043 0.79825
0.202199 0.801388
0.204382 0.80449
0.206593 0.807557
0.208831 0.810587
0.211097 0.81358
0.213391 0.816536
0.215713 0.819455
0.218063 0.822337
0.220442 0.825181
0.222848 0.827986
0.225283 0.830754
0.227746 0.833483
0.230238 0.836174
0.232759 0.838826
0.235308 0.84144
0.237885 0.844016
0.240492 0.846552
0.243127 0.84905
0.24579 0.85151
0.248483 0.853931
0.251204 0.856314
0.253954 0.858659
0.256733 0.860966
0.25954 0.863234
0.262376 0.865465
0.265241 0.867659
0.268134 0.869816
0.271056 0.871935
0.274006 0.874018
0.276984 0.876064
0.279991 0.878074
0.283026 0.880049
0.286089 0.881987
0.28918 0.883891
0.292299 0.88576
0.295445 0.887594
0.298619 0.889395
0.301821 0.891161
0.305049 0.892895
0.308305 0.894595
0.311588 0.896263
0.314897 0.897899
0.318233 0.899503
0.321595 0.901076
0.324983 0.902618
0.328397 0.90413
0.331836 0.905612
0.335301 0.907064
0.338791 0.908487
0.342305 0.909882
0.345844 0.911248
0.349408 0.912587
0.352995 0.913898
0.356605 0.915183
0.360239 0.916441
0.363896 0.917673
0.367575 0.91888
0.371277 0.920061
0.375 0.921218
0.378745 0.922351
0.38251 0.923459
0.386296 0.924545
0.390103 0.925607
0.393929 0.926647
0.397774 0.927665
0.401639 0.928661
0.405521 0.929636
0.409422 0.93059
0.41334 0.931523
0.417275 0.932436
0.421227 0.93333
0.425194 0.934204
0.429177 0.935059
0.433175 0.935895
0.437187 0.936713
0.441213 0.937514
0.445253 0.938296
0.449305 0.939062
0.453369 0.939811
0.457444 0.940543
0.461531 0.941259
0.465628 0.941959
0.469734 0.942644
0.47385 0.943313
0.477974 0.943968
0.482106 0.944608
0.486245 0.945233
0.490391 0.945845
0.494543 0.946443
0.498699 0.947027
0.502861 0.947598
0.507026 0.948156
0.511195 0.948702
0.515366 0.949235
0.519539 0.949757
0.523713 0.950266
0.527888 0.950764
0.532062 0.95125
0.536236 0.951725
0.540408 0.95219
0.544578 0.952643
0.548744 0.953086
0.552908 0.953519
0.557066 0.953942
0.56122 0.954355
0.565368 0.954758
0.569509 0.955152
0.573644 0.955537
0.57777 0.955913
0.581888 0.95628
0.585997 0.956638
0.590096 0.956988
0.594184 0.957329
0.598261 0.957662
0.602327 0.957988
0.606379 0.958305
0.610419 0.958615
0.614444 0.958917
0.618455 0.959212
0.622451 0.9595
0.626432 0.959781
0.630396 0.960055
0.634342 0.960322
0.638272 0.960582
0.642183 0.960836
0.646076 0.961084
0.649949 0.961325
0.653802 0.961561
0.657636 0.96179
0.661448 0.962013
0.665239 0.962231
0.669007 0.962443
0.672754 0.96265
0.676478 0.962851
0.680178 0.963047
0.683854 0.963238
0.687507 0.963424
0.691134 0.963604
0.694737 0.96378
0.698314 0.963951
0.701865 0.964117
0.70539 0.964279
0.708889 0.964436
0.71236 0.964589
0.715805 0.964738
0.719222 0.964882
0.722611 0.965022
0.725972 0.965158
0.729304 0.96529
0.732608 0.965418
0.735884 0.965542
0.73913 0.965662
0.742347 0.965779
0.745534 0.965892
0.748692 0.966002
0.75182 0.966108
0.754919 0.96621
0.757987 0.96631
0.761025 0.966406
0.764033 0.966498
0.767011 0.966588
0.769958 0.966674
0.772875 0.966758
0.775761 0.966838
0.778617 0.966915
0.781442 0.96699
0.784237 0.967062
0.787001 0.967131
0.789735 0.967197
0.792438 0.96726
0.79511 0.967321
0.797752 0.96738
0.800364 0.967435
0.802946 0.967489
0.805497 0.96754
0.808018 0.967588
0.81051 0.967634
0.812971 0.967678
0.815403 0.96772
0.817805 0.967759
0.820177 0.967796
0.82252 0.967832
0.824834 0.967865
0.827119 0.967895
0.829375 0.967924
0.831602 0.967951
0.833801 0.967976
0.835972 0.967999
0.838114 0.96802
0.840229 0.96804
0.842315 0.968057
0.844374 0.968073
0.846406 0.968087
0.848411 0.968099
0.850389 0.96811
0.852341 0.968119
0.854266 0.968126
0.856164 0.968132
0.858037 0.968136
0.859885 0.968139
0.861706 0.96814
0.863503 0.968139
0.865275 0.968137
0.867022 0.968134
0.868744 0.968129
0.870443 0.968123
0.872117 0.968116
0.873768 0.968107
0.875396 0.968097
0.877 0.968086
0.878582 0.968073
0.880141 0.968059
0.881677 0.968044
0.883192 0.968028
0.884685 0.96801
0.886156 0.967992
0.887606 0.967972
0.889035 0.967951
0.890443 0.967929
0.89183 0.967906
0.893198 0.967882
0.894545 0.967857
0.895873 0.96783
0.897181 0.967803
0.89847 0.967775
0.89974 0.967746
0.900991 0.967716
0.902224 0.967685
0.903439 0.967653
0.904635 0.96762
0.905814 0.967586
0.906976 0.967551
0.90812 0.967516
0.909248 0.967479
0.910358 0.967442
0.911452 0.967404
0.91253 0.967365
0.913592 0.967326
0.914638 0.967285
0.915668 0.967244
0.916683 0.967202
0.917683 0.967159
0.918668 0.967116
0.919639 0.967072
0.920595 0.967027
0.921536 0.966982
0.922464 0.966936
0.923378 0.966889
0.924278 0.966841
0.925165 0.966793
0.926038 0.966744
0.926899 0.966695
0.927746 0.966645
0.928581 0.966594
0.929404 0.966543
0.930215 0.966491
0.931013 0.966439
0.9318 0.966386
0.932574 0.966333
0.933338 0.966279
0.93409 0.966224
0.934831 0.966169
0.935561 0.966114
0.93628 0.966058
0.936988 0.966001
0.937686 0.965944
0.938374 0.965887
0.939052 0.965829
0.93972 0.96577
0.940377 0.965711
0.941026 0.965652
0.941664 0.965592
0.942293 0.965532
0.942914 0.965471
0.943525 0.96541
0.944127 0.965349
0.94472 0.965287
0.945305 0.965225
0.945881 0.965162
0.946449 0.965099
0.947008 0.965035
0.94756 0.964972
0.948103 0.964908
0.948639 0.964843
0.949167 0.964778
0.949687 0.964713
0.9502 0.964647
0.950705 0.964582
0.951203 0.964515
0.951694 0.964449
0.952178 0.964382
0.952656 0.964315
0.953126 0.964247
0.95359 0.96418
0.954047 0.964112
0.954497 0.964043
0.954941 0.963975
0.955379 0.963906
0.955811 0.963837
0.956237 0.963767
0.956657 0.963697
0.957071 0.963627
0.957479 0.963557
0.957881 0.963487
0.958278 0.963416
0.958669 0.963345
0.959055 0.963274
0.959435 0.963203
0.95981 0.963131
0.96018 0.963059
0.960545 0.962987
0.960905 0.962915
0.96126 0.962842
0.96161 0.96277
0.961956 0.962697
0.962296 0.962624
0.962632 0.96255
0.962964 0.962477
0.963291 0.962403
0.963613 0.962329
0.963931 0.962255
0.964245 0.962181
0.964555 0.962107
0.96486 0.962032
0.965162 0.961957
0.965459 0.961882
0.965752 0.961807
0.966042 0.961732
0.966328 0.961657
0.966609 0.961581
0.966888 0.961506
0.967162 0.96143
0.967433 0.961354
0.9677 0.961278
0.967964 0.961202
0.968225 0.961125
0.968482 0.961049
0.968735 0.960972
0.968986 0.960896
0.969233 0.960819
0.969477 0.960742
0.969718 0.960665
0.969955 0.960588
0.97019 0.96051
0.970422 0.960433
0.97065 0.960356
0.970876 0.960278
0.971099 0.9602
0.971319 0.960122
0.971536 0.960045
0.971751 0.959967
0.971963 0.959889
0.972172 0.95981
0.972378 0.959732
0.972582 0.959654
0.972784 0.959575
0.972983 0.959497
0.973179 0.959418
0.973373 0.95934
0.973565 0.959261
0.973754 0.959182
0.973941 0.959104
0.974126 0.959025
0.974308 0.958946
0.974488 0.958867
0.974666 0.958788
0.974842 0.958708
0.975015 0.958629
0.975187 0.95855
0.975356 0.958471
0.975524 0.958391
0.975689 0.958312
0.975853 0.958232
0.976014 0.958153
0.976174 0.958073
0.976331 0.957994
0.976487 0.957914
0.976641 0.957834
0.976793 0.957755
0.976943 0.957675
0.977092 0.957595
0.977239 0.957515
0.977384 0.957436
0.977527 0.957356
0.977669 0.957276
0.977809 0.957196
0.977947 0.957116
0.978084 0.957036
0.978219 0.956956
0.978353 0.956876
0.978485 0.956796
0.978616 0.956716
0.978745 0.956636
0.978872 0.956556
0.978999 0.956476
0.979123 0.956395
0.979247 0.956315
0.979369 0.956235
0.979489 0.956155
0.979608 0.956075
0.979726 0.955995
0.979843 0.955914
0.979958 0.955834
0.980072 0.955754
0.980185 0.955674
0.980296 0.955594
0.980406 0.955514
0.980515 0.955433
0.980623 0.955353
0.98073 0.955273
0.980835 0.955193
0.980939 0.955113
0.981042 0.955033
0.981144 0.954952
0.981245 0.954872
0.981345 0.954792
0.981444 0.954712
0.981541 0.954632
0.981638 0.954552
0.981733 0.954472
0.981828 0.954392
0.981921 0.954312
0.982014 0.954231
0.982105 0.954151
0.982196 0.954071
0.982285 0.953991
0.982374 0.953912
0.982462 0.953832
0.982548 0.953752
0.982634 0.953672
0.982719 0.953592
0.982803 0.953512
0.982886 0.953432
0.982968 0.953352
0.98305 0.953273
0.98313 0.953193
0.98321 0.953113
0.983289 0.953033
0.983367 0.952954
0.983444 0.952874
0.983521 0.952794
0.983596 0.952715
0.983671 0.952635
0.983746 0.952556
0.983819 0.952476
0.983892 0.952397
0.983963 0.952317
0.984035 0.952238
0.984105 0.952159
0.984175 0.952079
0.984244 0.952
0.984312 0.951921
0.98438 0.951842
0.984447 0.951763
0.984513 0.951683
0.984579 0.951604
0.984644 0.951525
0.984708 0.951446
0.984772 0.951367
0.984835 0.951288
0.984897 0.95121
0.984959 0.951131
0.98502 0.951052
0.985081 0.950973
0.985141 0.950895
0.9852 0.950816
0.985259 0.950737
0.985317 0.950659
0.985375 0.95058
0.985432 0.950502
0.985488 0.950423
0.985544 0.950345
0.9856 0.950267
0.985655 0.950188
0.985709 0.95011
0.985763 0.950032
0.985816 0.949954
0.985869 0.949876
0.985922 0.949798
0.985974 0.94972
0.986025 0.949642
0.986076 0.949564
0.986126 0.949486
0.986176 0.949409
0.986225 0.949331
0.986274 0.949253
0.986323 0.949176
0.986371 0.949098
0.986418 0.949021
0.986466 0.948943
0.986512 0.948866
0.986559 0.948789
0.986604 0.948711
0.98665 0.948634
0.986695 0.948557
0.986739 0.94848
0.986783 0.948403
0.986827 0.948326
0.98687 0.948249
0.986913 0.948172
0.986956 0.948095
0.986998 0.948019
0.98704 0.947942
0.987081 0.947865
0.987122 0.947789
0.987163 0.947712
0.987203 0.947636
0.987243 0.947559
0.987282 0.947483
0.987321 0.947407
0.98736 0.947331
0.987399 0.947255
0.987437 0.947179
0.987474 0.947103
0.987512 0.947027
0.987549 0.946951
0.987586 0.946875
0.987622 0.946799
0.987658 0.946724
0.987694 0.946648
0.987729 0.946572
0.987764 0.946497
0.987799 0.946421
0.987834 0.946346
0.987868 0.946271
0.987902 0.946196
0.987935 0.94612
0.987968 0.946045
0.988001 0.94597
0.988034 0.945895
0.988066 0.94582
0.988099 0.945746
0.98813 0.945671
0.988162 0.945596
0.988193 0.945522
0.988224 0.945447
0.988255 0.945373
0.988285 0.945298
0.988315 0.945224
0.988345 0.945149
0.988375 0.945075
0.988404 0.945001
0.988434 0.944927
0.988462 0.944853
0.988491 0.944779
0.988519 0.944705
0.988548 0.944631
0.988576 0.944558
0.988603 0.944484
0.988631 0.94441
0.988658 0.944337
0.988685 0.944263
0.988711 0.94419
0.988738 0.944117
0.988764 0.944043
0.98879 0.94397
0.988816 0.943897
0.988842 0.943824
0.988867 0.943751
0.988892 0.943678
0.988917 0.943605
0.988942 0.943533
0.988966 0.94346
0.988991 0.943387
0.989015 0.943315
0.989039 0.943242
0.989062 0.94317
0.989086 0.943098
0.989109 0.943025
0.989132 0.942953
0.989155 0.942881
0.989178 0.942809
0.9892 0.942737
0.989222 0.942665
0.989245 0.942593
0.989267 0.942521
0.989288 0.94245
0.98931 0.942378
0.989331 0.942307
0.989352 0.942235
0.989373 0.942164
0.989394 0.942092
0.989415 0.942021
0.989436 0.94195
0.989456 0.941879
0.989476 0.941808
0.989496 0.941737
0.989516 0.941666
0.989536 0.941595
0.989555 0.941524
0.989574 0.941454
0.989594 0.941383
0.989613 0.941313
0.989631 0.941242
0.98965 0.941172
0.989669 0.941101
0.989687 0.941031
0.989705 0.940961
0.989723 0.940891
0.989741 0.940821
0.989759 0.940751
0.989777 0.940681
0.989794 0.940611
0.989812 0.940542
0.989829 0.940472
0.989846 0.940402
0.989863 0.940333
0.98988 0.940263
0.989896 0.940194
0.989913 0.940125
0.989929 0.940055
0.989945 0.939986
0.989962 0.939917
0.989978 0.939848
0.989993 0.939779
0.990009 0.93971
0.990025 0.939642
0.99004 0.939573
0.990055 0.939504
0.990071 0.939436
0.990086 0.939367
0.990101 0.939299
0.990115 0.93923
0.99013 0.939162
0.990145 0.939094
0.990159 0.939026
0.990174 0.938958
0.990188 0.93889
0.990202 0.938822
0.990216 0.938754
0.99023 0.938686
0.990244 0.938619
0.990257 0.938551
0.990271 0.938483
0.990284 0.938416
0.990298 0.938349
0.990311 0.938281
0.990324 0.938214
0.990337 0.938147
0.99035 0.93808
0.990363 0.938013
0.990375 0.937946
0.990388 0.937879
0.9904 0.937812
0.990413 0.937745
0.990425 0.937679
0.990437 0.937612
0.990449 0.937545
0.990461 0.937479
0.990473 0.937413
0.990485 0.937346
0.990497 0.93728
0.990508 0.937214
0.99052 0.937148
0.990531 0.937082
0.990542 0.937016
0.990554 0.93695
0.990565 0.936884
0.990576 0.936818
0.990587 0.936753
0.990598 0.936687
0.990608 0.936622
0.990619 0.936556
0.99063 0.936491
0.99064 0.936425
0.99065 0.93636
0.990661 0.936295
0.990671 0.93623
0.990681 0.936165
0.990691 0.9361
0.990701 0.936035
0.990711 0.93597
0.990721 0.935906
0.990731 0.935841
0.99074 0.935776
0.99075 0.935712
0.990759 0.935647
0.990769 0.935583
0.990778 0.935519
0.990788 0.935454
0.990797 0.93539
0.990806 0.935326
0.990815 0.935262
0.990824 0.935198
0.990833 0.935134
0.990842 0.93507
0.99085 0.935007
0.990859 0.934943
0.990868 0.934879
0.990876 0.934816
0.990885 0.934752
0.990893 0.934689
0.990901 0.934626
0.99091 0.934562
0.990918 0.934499
0.990926 0.934436
0.990934 0.934373
0.990942 0.93431
0.99095 0.934247
0.990958 0.934184
0.990966 0.934122
0.990973 0.934059
0.990981 0.933996
0.990989 0.933934
0.990996 0.933871
0.991004 0.933809
0.991011 0.933746
0.991018 0.933684
0.991026 0.933622
0.991033 0.93356
0.99104 0.933498
0.991047 0.933436
0.991054 0.933374
0.991061 0.933312
0.991068 0.93325
0.991075 0.933188
0.991082 0.933127
0.991088 0.933065
0.991095 0.933004
0.991102 0.932942
0.991108 0.932881
0.991115 0.932819
0.991121 0.932758
0.991128 0.932697
0.991134 0.932636
0.99114 0.932575
0.991147 0.932514
0.991153 0.932453
0.991159 0.932392
0.991165 0.932331
0.991171 0.93227
0.991177 0.93221
0.991183 0.932149
0.991189 0.932089
0.991195 0.932028
0.9912 0.931968
0.991206 0.931907
0.991212 0.931847
0.991217 0.931787
0.991223 0.931727
0.991228 0.931667
0.991234 0.931607
0.991239 0.931547
0.991245 0.931487
0.99125 0.931427
0.991255 0.931368
0.991261 0.931308
0.991266 0.931248
0.991271 0.931189
0.991276 0.931129
0.991281 0.93107
0.991286 0.931011
0.991291 0.930951
0.991296 0.930892
0.991301 0.930833
0.991306 0.930774
0.99131 0.930715
0.991315 0.930656
0.99132 0.930597
0.991325 0.930538
0.991329 0.93048
0.991334 0.930421
0.991338 0.930362
0.991343 0.930304
0.991347 0.930245
0.991352 0.930187
0.991356 0.930128
0.99136 0.93007
0.991365 0.930012
0.991369 0.929954
0.991373 0.929896
0.991377 0.929837
0.991381 0.92978
0.991385 0.929722
0.99139 0.929664
0.991394 0.929606
0.991398 0.929548
0.991401 0.929491
0.991405 0.929433
0.991409 0.929375
0.991413 0.929318
0.991417 0.929261
0.991421 0.929203
0.991424 0.929146
0.991428 0.929089
0.991432 0.929031
0.991435 0.928974
0.991439 0.928917
0.991442 0.92886
0.991446 0.928803
0.991449 0.928747
0.991453 0.92869
0.991456 0.928633
0.99146 0.928576
0.991463 0.92852
0.991466 0.928463
0.99147 0.928407
0.991473 0.92835
0.991476 0.928294
0.991479 0.928238
0.991482 0.928181
0.991485 0.928125
0.991489 0.928069
0.991492 0.928013
0.991495 0.927957
0.991498 0.927901
0.991501 0.927845
0.991503 0.927789
0.991506 0.927734
0.991509 0.927678
0.991512 0.927622
0.991515 0.927567
0.991518 0.927511
0.99152 0.927456
0.991523 0.9274
0.991526 0.927345
0.991528 0.92729
0.991531 0.927234
0.991534 0.927179
0.991536 0.927124
0.991539 0.927069
0.991541 0.927014
0.991544 0.926959
0.991546 0.926904
0.991549 0.926849
0.991551 0.926795
0.991554 0.92674
0.991556 0.926685
0.991558 0.926631
0.991561 0.926576
0.991563 0.926522
0.991565 0.926467
0.991567 0.926413
0.991569 0.926359
0.991572 0.926304
0.991574 0.92625
0.991576 0.926196
0.991578 0.926142
0.99158 0.926088
0.991582 0.926034
0.991584 0.92598
0.991586 0.925926
0.991588 0.925873
0.99159 0.925819
0.991592 0.925765
0.991594 0.925712
0.991596 0.925658
0.991598 0.925605
0.9916 0.925551
0.991601 0.925498
0.991603 0.925444
0.991605 0.925391
0.991607 0.925338
0.991608 0.925285
0.99161 0.925232
0.991612 0.925179
0.991613 0.925126
0.991615 0.925073
0.991617 0.92502
0.991618 0.924967
0.99162 0.924914
0.991621 0.924861
0.991623 0.924809
0.991624 0.924756
0.991626 0.924704
0.991627 0.924651
0.991629 0.924599
0.99163 0.924546
0.991632 0.924494
0.991633 0.924442
0.991634 0.924389
0.991636 0.924337
0.991637 0.924285
0.991638 0.924233
0.99164 0.924181
0.991641 0.924129
0.991642 0.924077
0.991643 0.924025
0.991644 0.923974
0.991646 0.923922
0.991647 0.92387
0.991648 0.923819
0.991649 0.923767
0.99165 0.923715
0.991651 0.923664
0.991652 0.923612
0.991653 0.923561
0.991654 0.92351
0.991656 0.923458
0.991657 0.923407
0.991658 0.923356
0.991658 0.923305
0.991659 0.923254
0.99166 0.923203
0.991661 0.923152
0.991662 0.923101
0.991663 0.92305
0.991664 0.922999
0.991665 0.922949
0.991666 0.922898
0.991666 0.922847
0.991667 0.922797
0.991668 0.922746
0.991669 0.922696
0.99167 0.922645
0.99167 0.922595
0.991671 0.922544
0.991672 0.922494
0.991672 0.922444
0.991673 0.922394
0.991674 0.922344
0.991674 0.922293
0.991675 0.922243
0.991676 0.922193
0.991676 0.922143
0.991677 0.922094
0.991677 0.922044
0.991678 0.921994
0.991678 0.921944
0.991679 0.921895
0.991679 0.921845
0.99168 0.921795
0.99168 0.921746
0.991681 0.921696
0.991681 0.921647
0.991682 0.921597
0.991682 0.921548
0.991683 0.921499
0.991683 0.921449
0.991683 0.9214
0.991684 0.921351
0.991684 0.921302
0.991684 0.921253
0.991685 0.921204
0.991685 0.921155
0.991685 0.921106
0.991686 0.921057
0.991686 0.921008
0.991686 0.92096
0.991686 0.920911
0.991687 0.920862
0.991687 0.920814
0.991687 0.920765
0.991687 0.920716
0.991687 0.920668
0.991688 0.920619
0.991688 0.920571
0.991688 0.920523
0.991688 0.920474
0.991688 0.920426
0.991688 0.920378
0.991688 0.92033
0.991689 0.920282
0.991689 0.920234
0.991689 0.920186
0.991689 0.920138
0.991689 0.92009
0.991689 0.920042
0.991689 0.919994
0.991689 0.919946
0.991689 0.919898
0.991689 0.919851
0.991689 0.919803
0.991689 0.919755
0.991689 0.919708
0.991689 0.91966
0.991689 0.919613
0.991688 0.919566
0.991688 0.919518
0.991688 0.919471
0.991688 0.919423
0.991688 0.919376
0.991688 0.919329
0.991688 0.919282
0.991688 0.919235
0.991687 0.919188
0.991687 0.919141
0.991687 0.919094
0.991687 0.919047
0.991687 0.919
0.991687 0.918953
0.991686 0.918906
0.991686 0.918859
0.991686 0.918813
0.991686 0.918766
0.991685 0.918719
0.991685 0.918673
0.991685 0.918626
0.991684 0.91858
0.991684 0.918533
0.991684 0.918487
0.991684 0.918441
0.991683 0.918394
0.991683 0.918348
0.991683 0.918302
0.991682 0.918255
0.991682 0.918209
0.991681 0.918163
0.991681 0.918117
0.991681 0.918071
0.99168 0.918025
0.99168 0.917979
0.991679 0.917933
0.991679 0.917887
0.991679 0.917842
0.991678 0.917796
0.991678 0.91775
0.991677 0.917704
0.991677 0.917659
0.991676 0.917613
0.991676 0.917568
0.991675 0.917522
0.991675 0.917476
0.991674 0.917431
0.991674 0.917386
0.991673 0.91734
0.991673 0.917295
0.991672 0.91725
0.991672 0.917204
0.991671 0.917159
0.991671 0.917114
0.99167 0.917069
0.991669 0.917024
0.991669 0.916979
0.991668 0.916934
0.991668 0.916889
0.991667 0.916844
0.991667 0.916799
0.991666 0.916754
0.991665 0.916709
0.991665 0.916665
0.991664 0.91662
0.991663 0.916575
0.991663 0.916531
0.991662 0.916486
0.991661 0.916441
0.991661 0.916397
0.99166 0.916352
0.991659 0.916308
0.991659 0.916264
0.991658 0.916219
0.991657 0.916175
0.991657 0.916131
0.991656 0.916086
0.991655 0.916042
0.991654 0.915998
0.991654 0.915954
0.991653 0.91591
0.991652 0.915866
0.991651 0.915822
0.991651 0.915778
0.99165 0.915734
0.991649 0.91569
0.991648 0.915646
0.991647 0.915602
0.991647 0.915558
0.991646 0.915515
0.991645 0.915471
0.991644 0.915427
0.991643 0.915384
0.991643 0.91534
0.991642 0.915296
0.991641 0.915253
0.99164 0.915209
0.991639 0.915166
0.991638 0.915122
0.991638 0.915079
0.991637 0.915036
0.991636 0.914992
0.991635 0.914949
0.991634 0.914906
0.991633 0.914863
0.991632 0.91482
0.991631 0.914776
0.991631 0.914733
0.99163 0.91469
0.991629 0.914647
0.991628 0.914604
0.991627 0.914561
0.991626 0.914518
0.991625 0.914476
0.991624 0.914433
0.991623 0.91439
0.991622 0.914347
0.991621 0.914304
0.99162 0.914262
0.991619 0.914219
0.991618 0.914176
0.991617 0.914134
0.991616 0.914091
0.991615 0.914049
0.991614 0.914006
0.991613 0.913964
0.991612 0.913921
0.991611 0.913879
0.99161 0.913837
0.991609 0.913794
0.991608 0.913752
0.991607 0.91371
0.991606 0.913668
0.991605 0.913625
0.991604 0.913583
0.991603 0.913541
0.991602 0.913499
0.991601 0.913457
0.9916 0.913415
0.991599 0.913373
0.991598 0.913331
0.991597 0.913289
0.991596 0.913247
0.991595 0.913206
0.991594 0.913164
0.991593 0.913122
0.991592 0.91308
0.991591 0.913039
0.991589 0.912997
0.991588 0.912955
0.991587 0.912914
0.991586 0.912872
0.991585 0.912831
0.991584 0.912789
0.991583 0.912748
0.991582 0.912706
0.991581 0.912665
0.991579 0.912623
0.991578 0.912582
0.991577 0.912541
0.991576 0.912499
0.991575 0.912458
0.991574 0.912417
0.991573 0.912376
0.991571 0.912335
0.99157 0.912293
0.991569 0.912252
0.991568 0.912211
0.991567 0.91217
0.991566 0.912129
0.991564 0.912088
0.991563 0.912047
0.991562 0.912007
0.991561 0.911966
0.99156 0.911925
0.991559 0.911884
0.991557 0.911843
0.991556 0.911803
0.991555 0.911762
0.991554 0.911721
0.991553 0.911681
0.991551 0.91164
0.99155 0.911599
0.991549 0.911559
0.991548 0.911518
0.991547 0.911478
0.991545 0.911437
0.991544 0.911397
0.991543 0.911356
0.991542 0.911316
0.99154 0.911276
0.991539 0.911235
0.991538 0.911195
0.991537 0.911155
0.991535 0.911115
0.991534 0.911074
0.991533 0.911034
0.991532 0.910994
0.99153 0.910954
0.991529 0.910914
0.991528 0.910874
0.991527 0.910834
0.991525 0.910794
0.991524 0.910754
0.991523 0.910714
0.991521 0.910674
0.99152 0.910634
0.991519 0.910594
0.991518 0.910555
0.991516 0.910515
0.991515 0.910475
0.991514 0.910435
0.991512 0.910396
0.991511 0.910356
0.99151 0.910316
0.991509 0.910277
0.991507 0.910237
0.991506 0.910198
0.991505 0.910158
0.991503 0.910119
0.991502 0.910079
0.991501 0.91004
0.991499 0.91
0.991498 0.909961
0.991497 0.909922
0.991495 0.909882
0.991494 0.909843
0.991493 0.909804
0.991491 0.909764
0.99149 0.909725
0.991489 0.909686
0.991487 0.909647
0.991486 0.909608
0.991485 0.909569
0.991483 0.90953
0.991482 0.909491
0.991481 0.909452
0.991479 0.909413
0.991478 0.909374
0.991477 0.909335
0.991475 0.909296
0.991474 0.909257
0.991472 0.909218
0.991471 0.909179
0.99147 0.90914
0.991468 0.909102
0.991467 0.909063
0.991466 0.909024
0.991464 0.908985
0.991463 0.908947
0.991461 0.908908
0.99146 0.908869
0.991459 0.908831
0.991457 0.908792
0.991456 0.908754
0.991455 0.908715
0.991453 0.908677
0.991452 0.908638
0.99145 0.9086
0.991449 0.908561
0.991448 0.908523
0.991446 0.908485
0.991445 0.908446
0.991443 0.908408
0.991442 0.90837
0.991441 0.908331
0.991439 0.908293
0.991438 0.908255
0.991436 0.908217
0.991435 0.908179
0.991433 0.90814
0.991432 0.908102
0.991431 0.908064
0.991429 0.908026
0.991428 0.907988
0.991426 0.90795
0.991425 0.907912
0.991424 0.907874
0.991422 0.907836
0.991421 0.907798
0.991419 0.90776
0.991418 0.907723
0.991416 0.907685
0.991415 0.907647
0.991413 0.907609
0.991412 0.907571
0.991411 0.907534
0.991409 0.907496
0.991408 0.907458
0.991406 0.90742
0.991405 0.907383
0.991403 0.907345
0.991402 0.907308
0.9914 0.90727
0.991399 0.907232
0.991398 0.907195
0.991396 0.907157
0.991395 0.90712
0.991393 0.907082
0.991392 0.907045
0.99139 0.907008
0.991389 0.90697
0.991387 0.906933
0.991386 0.906895
0.991384 0.906858
0.991383 0.906821
0.991381 0.906784
0.99138 0.906746
0.991379 0.906709
0.991377 0.906672
0.991376 0.906635
0.991374 0.906598
0.991373 0.90656
0.991371 0.906523
0.99137 0.906486
0.991368 0.906449
0.991367 0.906412
0.991365 0.906375
0.991364 0.906338
0.991362 0.906301
0.991361 0.906264
0.991359 0.906227
0.991358 0.90619
0.991356 0.906153
0.991355 0.906116
0.991353 0.90608
0.991352 0.906043
0.99135 0.906006
0.991349 0.905969
0.991347 0.905932
0.991346 0.905896
0.991344 0.905859
0.991343 0.905822
0.991341 0.905786
0.99134 0.905749
0.991338 0.905712
0.991337 0.905676
0.991335 0.905639
0.991334 0.905602
0.991332 0.905566
0.991331 0.905529
0.991329 0.905493
0.991328 0.905456
0.991326 0.90542
0.991325 0.905383
0.991323 0.905347
0.991322 0.905311
0.99132 0.905274
0.991319 0.905238
0.991317 0.905201
0.991316 0.905165
0.991314 0.905129
0.991313 0.905093
0.991311 0.905056
0.99131 0.90502
0.991308 0.904984
0.991307 0.904948
0.991305 0.904911
0.991304 0.904875
0.991302 0.904839
0.991301 0.904803
0.991299 0.904767
0.991298 0.904731
0.991296 0.904695
0.991295 0.904659
0.991293 0.904623
0.991292 0.904587
0.99129 0.904551
0.991289 0.904515
0.991287 0.904479
0.991285 0.904443
0.991284 0.904407
0.991282 0.904371
0.991281 0.904335
0.991279 0.904299
0.991278 0.904263
0.991276 0.904228
0.991275 0.904192
0.991273 0.904156
0.991272 0.90412
0.99127 0.904084
0.991269 0.904049
0.991267 0.904013
0.991266 0.903977
0.991264 0.903942
0.991263 0.903906
0.991261 0.90387
0.991259 0.903835
0.991258 0.903799
0.991256 0.903764
0.991255 0.903728
0.991253 0.903693
0.991252 0.903657
0.99125 0.903622
0.991249 0.903586
0.991247 0.903551
0.991246 0.903515
0.991244 0.90348
0.991242 0.903444
0.991241 0.903409
0.991239 0.903374
0.991238 0.903338
0.991236 0.903303
0.991235 0.903267
0.991233 0.903232
0.991232 0.903197
0.99123 0.903162
0.991229 0.903126
0.991227 0.903091
0.991225 0.903056
0.991224 0.903021
0.991222 0.902986
0.991221 0.90295
0.991219 0.902915
0.991218 0.90288
0.991216 0.902845
0.991215 0.90281
0.991213 0.902775
0.991212 0.90274
0.99121 0.902705
0.991208 0.90267
0.991207 0.902635
0.991205 0.9026
0.991204 0.902565
0.991202 0.90253
0.991201 0.902495
0.991199 0.90246
0.991198 0.902425
0.991196 0.90239
0.991194 0.902355
0.991193 0.90232
0.991191 0.902285
0.99119 0.90225
0.991188 0.902216
0.991187 0.902181
0.991185 0.902146
0.991184 0.902111
0.991182 0.902077
0.99118 0.902042
0.991179 0.902007
0.991177 0.901972
0.991176 0.901938
0.991174 0.901903
0.991173 0.901868
0.991171 0.901834
0.991169 0.901799
0.991168 0.901764
0.991166 0.90173
0.991165 0.901695
0.991163 0.901661
0.991162 0.901626
0.99116 0.901592
0.991159 0.901557
0.991157 0.901523
0.991155 0.901488
0.991154 0.901454
0.991152 0.901419
0.991151 0.901385
0.991149 0.90135
0.991148 0.901316
0.991146 0.901281
0.991144 0.901247
0.991143 0.901213
0.991141 0.901178
0.99114 0.901144
0.991138 0.90111
0.991137 0.901075
0.991135 0.901041
0.991133 0.901007
0.991132 0.900972
0.99113 0.900938
0.991129 0.900904
0.991127 0.90087
0.991126 0.900835
0.991124 0.900801
0.991123 0.900767
0.991121 0.900733
0.991119 0.900699
0.991118 0.900664
0.991116 0.90063
0.991115 0.900596
0.991113 0.900562
0.991112 0.900528
0.99111 0.900494
0.991108 0.90046
0.991107 0.900426
0.991105 0.900392
0.991104 0.900358
0.991102 0.900324
0.991101 0.90029
0.991099 0.900256
0.991097 0.900222
0.991096 0.900188
0.991094 0.900154
0.991093 0.90012
0.991091 0.900086
0.99109 0.900052
0.991088 0.900018
0.991086 0.899984
0.991085 0.89995
0.991083 0.899917
0.991082 0.899883
0.99108 0.899849
0.991079 0.899815
0.991077 0.899781
0.991075 0.899748
0.991074 0.899714
0.991072 0.89968
0.991071 0.899646
0.991069 0.899612
0.991067 0.899579
0.991066 0.899545
0.991064 0.899511
0.991063 0.899478
0.991061 0.899444
0.99106 0.89941
0.991058 0.899377
0.991056 0.899343
0.991055 0.899309
0.991053 0.899276
0.991052 0.899242
0.99105 0.899208
0.991049 0.899175
0.991047 0.899141
0.991045 0.899108
0.991044 0.899074
0.991042 0.899041
0.991041 0.899007
0.991039 0.898974
0.991038 0.89894
0.991036 0.898907
0.991034 0.898873
0.991033 0.89884
0.991031 0.898806
0.99103 0.898773
0.991028 0.898739
0.991027 0.898706
0.991025 0.898672
0.991023 0.898639
0.991022 0.898606
0.99102 0.898572
0.991019 0.898539
0.991017 0.898506
0.991016 0.898472
0.991014 0.898439
0.991012 0.898406
0.991011 0.898372
0.991009 0.898339
0.991008 0.898306
0.991006 0.898272
0.991004 0.898239
0.991003 0.898206
0.991001 0.898173
0.991 0.898139
0.990998 0.898106
0.990997 0.898073
0.990995 0.89804
0.990993 0.898006
0.990992 0.897973
0.99099 0.89794
0.990989 0.897907
0.990987 0.897874
0.990986 0.897841
0.990984 0.897807
0.990982 0.897774
0.990981 0.897741
0.990979 0.897708
0.990978 0.897675
0.990976 0.897642
0.990975 0.897609
0.990973 0.897576
0.990971 0.897543
0.99097 0.89751
0.990968 0.897477
0.990967 0.897444
0.990965 0.89741
0.990963 0.897377
0.990962 0.897344
0.99096 0.897311
0.990959 0.897278
0.990957 0.897246
0.990956 0.897213
0.990954 0.89718
0.990952 0.897147
0.990951 0.897114
0.990949 0.897081
0.990948 0.897048
0.990946 0.897015
0.990945 0.896982
0.990943 0.896949
0.990941 0.896916
0.99094 0.896883
0.990938 0.89685
0.990937 0.896818
0.990935 0.896785
0.990934 0.896752
0.990932 0.896719
0.99093 0.896686
0.990929 0.896653
0.990927 0.896621
0.990926 0.896588
0.990924 0.896555
0.990922 0.896522
0.990921 0.896489
0.990919 0.896457
0.990918 0.896424
0.990916 0.896391
0.990915 0.896358
0.990913 0.896326
0.990911 0.896293
0.99091 0.89626
0.990908 0.896228
0.990907 0.896195
0.990905 0.896162
0.990904 0.896129
0.990902 0.896097
0.9909 0.896064
0.990899 0.896031
0.990897 0.895999
0.990896 0.895966
0.990894 0.895933
0.990893 0.895901
0.990891 0.895868
0.990889 0.895836
0.990888 0.895803
0.990886 0.89577
0.990885 0.895738
0.990883 0.895705
0.990882 0.895673
0.99088 0.89564
0.990878 0.895607
0.990877 0.895575
0.990875 0.895542
0.990874 0.89551
0.990872 0.895477
0.99087 0.895445
0.990869 0.895412
0.990867 0.89538
0.990866 0.895347
0.990864 0.895315
0.990863 0.895282
0.990861 0.89525
0.990859 0.895217
0.990858 0.895185
0.990856 0.895152
0.990855 0.89512
0.990853 0.895087
0.990852 0.895055
0.99085 0.895022
0.990848 0.89499
0.990847 0.894957
0.990845 0.894925
0.990844 0.894893
0.990842 0.89486
0.990841 0.894828
0.990839 0.894795
0.990837 0.894763
0.990836 0.89473
0.990834 0.894698
0.990833 0.894666
0.990831 0.894633
0.99083 0.894601
0.990828 0.894569
0.990826 0.894536
0.990825 0.894504
0.990823 0.894472
0.990822 0.894439
0.99082 0.894407
0.990818 0.894375
0.990817 0.894342
0.990815 0.89431
0.990814 0.894278
0.990812 0.894245
0.990811 0.894213
0.990809 0.894181
0.990807 0.894148
0.990806 0.894116
0.990804 0.894084
0.990803 0.894051
0.990801 0.894019
0.9908 0.893987
0.990798 0.893955
0.990796 0.893922
0.990795 0.89389
0.990793 0.893858
0.990792 0.893826
0.99079 0.893793
0.990789 0.893761
0.990787 0.893729
0.990785 0.893697
0.990784 0.893664
0.990782 0.893632
0.990781 0.8936
0.990779 0.893568
0.990778 0.893536
0.990776 0.893503
0.990774 0.893471
0.990773 0.893439
0.990771 0.893407
0.99077 0.893375
0.990768 0.893342
0.990767 0.89331
0.990765 0.893278
0.990763 0.893246
0.990762 0.893214
0.99076 0.893182
0.990759 0.893149
0.990757 0.893117
0.990756 0.893085
0.990754 0.893053
0.990752 0.893021
0.990751 0.892989
0.990749 0.892957
0.990748 0.892925
0.990746 0.892892
0.990745 0.89286
0.990743 0.892828
0.990741 0.892796
0.99074 0.892764
0.990738 0.892732
0.990737 0.8927
0.990735 0.892668
0.990733 0.892636
0.990732 0.892603
0.99073 0.892571
0.990729 0.892539
0.990727 0.892507
0.990726 0.892475
0.990724 0.892443
0.990722 0.892411
0.990721 0.892379
0.990719 0.892347
0.990718 0.892315
0.990716 0.892283
0.990715 0.892251
0.990713 0.892218
0.990711 0.892186
0.99071 0.892154
0.990708 0.892122
0.990707 0.89209
0.990705 0.892058
0.990704 0.892026
0.990702 0.891994
0.9907 0.891962
0.990699 0.89193
0.990697 0.891898
0.990696 0.891866
0.990694 0.891834
0.990693 0.891802
0.990691 0.89177
0.990689 0.891738
0.990688 0.891706
0.990686 0.891674
0.990685 0.891642
0.990683 0.89161
0.990682 0.891578
0.99068 0.891546
0.990678 0.891514
0.990677 0.891482
0.990675 0.89145
0.990674 0.891418
0.990672 0.891386
0.990671 0.891354
0.990669 0.891322
0.990667 0.89129
0.990666 0.891258
0.990664 0.891226
0.990663 0.891194
0.990661 0.891162
0.99066 0.89113
0.990658 0.891098
0.990656 0.891066
0.990655 0.891034
0.990653 0.891002
0.990652 0.89097
0.99065 0.890938
0.990649 0.890906
0.990647 0.890874
0.990645 0.890842
0.990644 0.89081
0.990642 0.890778
0.990641 0.890746
0.990639 0.890714
0.990637 0.890682
0.990636 0.89065
0.990634 0.890618
0.990633 0.890586
0.990631 0.890554
0.99063 0.890522
0.990628 0.89049
0.990626 0.890458
0.990625 0.890426
0.990623 0.890394
0.990622 0.890362
0.99062 0.89033
0.990619 0.890298
0.990617 0.890266
0.990615 0.890234
0.990614 0.890202
0.990612 0.89017
0.990611 0.890138
0.990609 0.890106
0.990608 0.890075
0.990606 0.890043
0.990604 0.890011
0.990603 0.889979
0.990601 0.889947
0.9906 0.889915
0.990598 0.889883
0.990597 0.889851
0.990595 0.889819
0.990593 0.889787
0.990592 0.889755
0.99059 0.889723
0.990589 0.889691
0.990587 0.889659
0.990586 0.889627
0.990584 0.889595
0.990582 0.889563
0.990581 0.889531
0.990579 0.889499
0.990578 0.889467
0.990576 0.889435
0.990574 0.889403
0.990573 0.889371
0.990571 0.889339
0.99057 0.889307
0.990568 0.889275
0.990567 0.889243
0.990565 0.889211
0.990563 0.889179
0.990562 0.889147
0.99056 0.889115
0.990559 0.889083
0.990557 0.889051
0.990556 0.889019
0.990554 0.888987
0.990552 0.888955
0.990551 0.888923
0.990549 0.888891
0.990548 0.888859
0.990546 0.888827
0.990544 0.888795
0.990543 0.888763
0.990541 0.888731
0.99054 0.888699
0.990538 0.888667
0.990537 0.888635
0.990535 0.888603
0.990533 0.888571
0.990532 0.888539
0.99053 0.888507
0.990529 0.888475
0.990527 0.888443
0.990526 0.888411
0.990524 0.888379
0.990522 0.888347
0.990521 0.888315
0.990519 0.888283
0.990518 0.888251
0.990516 0.888219
0.990514 0.888187
0.990513 0.888155
0.990511 0.888123
0.99051 0.88809
0.990508 0.888058
0.990507 0.888026
0.990505 0.887994
0.990503 0.887962
0.990502 0.88793
0.9905 0.887898
0.990499 0.887866
0.990497 0.887834
0.990495 0.887802
0.990494 0.88777
0.990492 0.887738
0.990491 0.887706
0.990489 0.887674
0.990488 0.887641
0.990486 0.887609
0.990484 0.887577
0.990483 0.887545
0.990481 0.887513
0.99048 0.887481
0.990478 0.887449
0.990476 0.887417
0.990475 0.887385
0.990473 0.887352
0.990472 0.88732
0.99047 0.887288
0.990469 0.887256
0.990467 0.887224
0.990465 0.887192
0.990464 0.88716
0.990462 0.887127
0.990461 0.887095
0.990459 0.887063
0.990457 0.887031
0.990456 0.886999
0.990454 0.886967
0.990453 0.886934
0.990451 0.886902
0.99045 0.88687
0.990448 0.886838
0.990446 0.886806
0.990445 0.886773
0.990443 0.886741
0.990442 0.886709
0.99044 0.886677
0.990438 0.886645
0.990437 0.886612
0.990435 0.88658
0.990434 0.886548
0.990432 0.886516
0.99043 0.886483
0.990429 0.886451
0.990427 0.886419
0.990426 0.886387
0.990424 0.886354
0.990422 0.886322
0.990421 0.88629
0.990419 0.886258
0.990418 0.886225
0.990416 0.886193
0.990415 0.886161
0.990413 0.886128
0.990411 0.886096
0.99041 0.886064
0.990408 0.886032
0.990407 0.885999
0.990405 0.885967
0.990403 0.885935
0.990402 0.885902
0.9904 0.88587
0.990399 0.885838
0.990397 0.885805
0.990395 0.885773
0.990394 0.88574
0.990392 0.885708
0.990391 0.885676
0.990389 0.885643
0.990387 0.885611
0.990386 0.885579
0.990384 0.885546
0.990383 0.885514
0.990381 0.885481
0.990379 0.885449
0.990378 0.885416
0.990376 0.885384
0.990375 0.885352
0.990373 0.885319
0.990371 0.885287
0.99037 0.885254
0.990368 0.885222
0.990367 0.885189
0.990365 0.885157
0.990363 0.885124
0.990362 0.885092
0.99036 0.885059
0.990359 0.885027
0.990357 0.884994
0.990355 0.884962
0.990354 0.884929
0.990352 0.884897
0.990351 0.884864
0.990349 0.884832
0.990347 0.884799
0.990346 0.884767
0.990344 0.884734
0.990343 0.884701
0.990341 0.884669
0.990339 0.884636
0.990338 0.884604
0.990336 0.884571
0.990335 0.884538
0.990333 0.884506
0.990331 0.884473
0.99033 0.884441
0.990328 0.884408
0.990327 0.884375
0.990325 0.884343
0.990323 0.88431
0.990322 0.884277
0.99032 0.884245
0.990318 0.884212
0.990317 0.884179
0.990315 0.884147
0.990314 0.884114
0.990312 0.884081
0.99031 0.884048
0.990309 0.884016
0.990307 0.883983
0.990306 0.88395
0.990304 0.883917
0.990302 0.883885
0.990301 0.883852
0.990299 0.883819
0.990298 0.883786
0.990296 0.883753
0.990294 0.883721
0.990293 0.883688
0.990291 0.883655
0.990289 0.883622
0.990288 0.883589
0.990286 0.883556
0.990285 0.883524
0.990283 0.883491
0.990281 0.883458
0.99028 0.883425
0.990278 0.883392
0.990276 0.883359
0.990275 0.883326
0.990273 0.883293
0.990272 0.88326
0.99027 0.883227
0.990268 0.883194
0.990267 0.883161
0.990265 0.883128
0.990264 0.883095
0.990262 0.883062
0.99026 0.883029
0.990259 0.882996
0.990257 0.882963
0.990255 0.88293
0.990254 0.882897
0.990252 0.882864
0.990251 0.882831
0.990249 0.882798
0.990247 0.882765
0.990246 0.882732
0.990244 0.882699
0.990242 0.882666
0.990241 0.882633
0.990239 0.882599
0.990238 0.882566
0.990236 0.882533
0.990234 0.8825
0.990233 0.882467
0.990231 0.882434
0.990229 0.8824
0.990228 0.882367
0.990226 0.882334
0.990224 0.882301
0.990223 0.882267
0.990221 0.882234
0.99022 0.882201
0.990218 0.882168
0.990216 0.882134
0.990215 0.882101
0.990213 0.882068
0.990211 0.882034
0.99021 0.882001
0.990208 0.881968
0.990206 0.881934
0.990205 0.881901
0.990203 0.881868
0.990202 0.881834
0.9902 0.881801
0.990198 0.881767
0.990197 0.881734
0.990195 0.881701
0.990193 0.881667
0.990192 0.881634
0.99019 0.8816
0.990188 0.881567
0.990187 0.881533
0.990185 0.8815
0.990183 0.881466
0.990182 0.881433
0.99018 0.881399
0.990179 0.881365
0.990177 0.881332
0.990175 0.881298
0.990174 0.881265
0.990172 0.881231
0.99017 0.881198
0.990169 0.881164
0.990167 0.88113
0.990165 0.881097
0.990164 0.881063
0.990162 0.881029
0.99016 0.880996
0.990159 0.880962
0.990157 0.880928
0.990155 0.880894
0.990154 0.880861
0.990152 0.880827
0.99015 0.880793
0.990149 0.880759
0.990147 0.880726
0.990146 0.880692
0.990144 0.880658
0.990142 0.880624
0.990141 0.88059
0.990139 0.880556
0.990137 0.880522
0.990136 0.880489
0.990134 0.880455
0.990132 0.880421
0.990131 0.880387
0.990129 0.880353
0.990127 0.880319
0.990126 0.880285
0.990124 0.880251
0.990122 0.880217
0.990121 0.880183
0.990119 0.880149
0.990117 0.880115
0.990116 0.880081
0.990114 0.880047
0.990112 0.880013
0.990111 0.879978
0.990109 0.879944
0.990107 0.87991
0.990106 0.879876
0.990104 0.879842
0.990102 0.879808
0.990101 0.879773
0.990099 0.879739
0.990097 0.879705
0.990096 0.879671
0.990094 0.879637
0.990092 0.879602
0.99009 0.879568
0.990089 0.879534
0.990087 0.879499
0.990085 0.879465
0.990084 0.879431
0.990082 0.879396
0.99008 0.879362
0.990079 0.879328
0.990077 0.879293
0.990075 0.879259
0.990074 0.879224
0.990072 0.87919
0.99007 0.879155
0.990069 0.879121
0.990067 0.879086
0.990065 0.879052
0.990064 0.879017
0.990062 0.878983
0.99006 0.878948
0.990058 0.878914
0.990057 0.878879
0.990055 0.878844
0.990053 0.87881
0.990052 0.878775
0.99005 0.87874
0.990048 0.878706
0.990047 0.878671
0.990045 0.878636
0.990043 0.878602
0.990042 0.878567
0.99004 0.878532
0.990038 0.878497
0.990036 0.878463
0.990035 0.878428
0.990033 0.878393
0.990031 0.878358
0.99003 0.878323
0.990028 0.878288
0.990026 0.878253
0.990025 0.878218
0.990023 0.878184
0.990021 0.878149
0.990019 0.878114
0.990018 0.878079
0.990016 0.878044
0.990014 0.878009
0.990013 0.877974
0.990011 0.877938
0.990009 0.877903
0.990007 0.877868
0.990006 0.877833
0.990004 0.877798
0.990002 0.877763
0.990001 0.877728
0.989999 0.877693
0.989997 0.877657
0.989995 0.877622
0.989994 0.877587
0.989992 0.877552
0.98999 0.877516
0.989989 0.877481
0.989987 0.877446
0.989985 0.87741
0.989983 0.877375
0.989982 0.87734
0.98998 0.877304
0.989978 0.877269
0.989977 0.877233
0.989975 0.877198
0.989973 0.877162
0.989971 0.877127
0.98997 0.877091
0.989968 0.877056
0.989966 0.87702
0.989964 0.876985
0.989963 0.876949
0.989961 0.876914
0.989959 0.876878
0.989957 0.876842
0.989956 0.876807
0.989954 0.876771
0.989952 0.876735
0.989951 0.876699
0.989949 0.876664
0.989947 0.876628
0.989945 0.876592
0.989944 0.876556
0.989942 0.87652
0.98994 0.876485
0.989938 0.876449
0.989937 0.876413
0.989935 0.876377
0.989933 0.876341
0.989931 0.876305
0.98993 0.876269
0.989928 0.876233
0.989926 0.876197
0.989924 0.876161
0.989923 0.876125
0.989921 0.876089
0.989919 0.876053
0.989917 0.876017
0.989916 0.87598
0.989914 0.875944
0.989912 0.875908
0.98991 0.875872
0.989909 0.875836
0.989907 0.875799
0.989905 0.875763
0.989903 0.875727
0.989901 0.87569
0.9899 0.875654
0.989898 0.875618
0.989896 0.875581
0.989894 0.875545
0.989893 0.875508
0.989891 0.875472
0.989889 0.875435
0.989887 0.875399
0.989886 0.875362
0.989884 0.875326
0.989882 0.875289
0.98988 0.875253
0.989878 0.875216
0.989877 0.875179
0.989875 0.875143
0.989873 0.875106
0.989871 0.875069
0.98987 0.875033
0.989868 0.874996
0.989866 0.874959
0.989864 0.874922
0.989862 0.874885
0.989861 0.874849
0.989859 0.874812
0.989857 0.874775
0.989855 0.874738
0.989853 0.874701
0.989852 0.874664
0.98985 0.874627
0.989848 0.87459
0.989846 0.874553
0.989844 0.874516
0.989843 0.874479
0.989841 0.874442
0.989839 0.874404
0.989837 0.874367
0.989835 0.87433
0.989834 0.874293
0.989832 0.874256
0.98983 0.874218
0.989828 0.874181
0.989826 0.874144
0.989825 0.874106
0.989823 0.874069
0.989821 0.874031
0.989819 0.873994
0.989817 0.873957
0.989816 0.873919
0.989814 0.873882
0.989812 0.873844
0.98981 0.873807
0.989808 0.873769
0.989806 0.873731
0.989805 0.873694
0.989803 0.873656
0.989801 0.873618
0.989799 0.873581
0.989797 0.873543
0.989796 0.873505
0.989794 0.873467
0.989792 0.87343
0.98979 0.873392
0.989788 0.873354
0.989786 0.873316
0.989785 0.873278
0.989783 0.87324
0.989781 0.873202
0.989779 0.873164
0.989777 0.873126
0.989775 0.873088
0.989774 0.87305
0.989772 0.873012
0.98977 0.872973
0.989768 0.872935
0.989766 0.872897
0.989764 0.872859
0.989762 0.872821
0.989761 0.872782
0.989759 0.872744
0.989757 0.872706
0.989755 0.872667
0.989753 0.872629
0.989751 0.87259
0.989749 0.872552
0.989748 0.872513
0.989746 0.872475
0.989744 0.872436
0.989742 0.872398
0.98974 0.872359
0.989738 0.872321
0.989736 0.872282
0.989735 0.872243
0.989733 0.872204
0.989731 0.872166
0.989729 0.872127
0.989727 0.872088
0.989725 0.872049
0.989723 0.87201
0.989721 0.871971
0.98972 0.871933
0.989718 0.871894
0.989716 0.871855
0.989714 0.871816
0.989712 0.871777
0.98971 0.871737
0.989708 0.871698
0.989706 0.871659
0.989705 0.87162
0.989703 0.871581
0.989701 0.871542
0.989699 0.871502
0.989697 0.871463
0.989695 0.871424
0.989693 0.871384
0.989691 0.871345
0.989689 0.871305
0.989687 0.871266
0.989686 0.871226
0.989684 0.871187
0.989682 0.871147
0.98968 0.871108
0.989678 0.871068
0.989676 0.871028
0.989674 0.870989
0.989672 0.870949
0.98967 0.870909
0.989668 0.870869
0.989666 0.87083
0.989665 0.87079
0.989663 0.87075
0.989661 0.87071
0.989659 0.87067
0.989657 0.87063
0.989655 0.87059
0.989653 0.87055
0.989651 0.87051
0.989649 0.87047
0.989647 0.87043
0.989645 0.870389
0.989643 0.870349
0.989641 0.870309
0.98964 0.870269
0.989638 0.870228
0.989636 0.870188
0.989634 0.870148
0.989632 0.870107
0.98963 0.870067
0.989628 0.870026
0.989626 0.869986
0.989624 0.869945
0.989622 0.869904
0.98962 0.869864
0.989618 0.869823
0.989616 0.869782
0.989614 0.869742
0.989612 0.869701
0.98961 0.86966
0.989608 0.869619
0.989606 0.869578
0.989604 0.869537
0.989602 0.869496
0.9896 0.869455
0.989598 0.869414
0.989597 0.869373
0.989595 0.869332
0.989593 0.869291
0.989591 0.86925
0.989589 0.869209
0.989587 0.869167
0.989585 0.869126
0.989583 0.869085
0.989581 0.869043
0.989579 0.869002
0.989577 0.868961
0.989575 0.868919
0.989573 0.868878
0.989571 0.868836
0.989569 0.868794
0.989567 0.868753
0.989565 0.868711
0.989563 0.868669
0.989561 0.868628
0.989559 0.868586
0.989557 0.868544
0.989555 0.868502
0.989553 0.86846
0.989551 0.868418
0.989549 0.868376
0.989547 0.868334
0.989545 0.868292
0.989543 0.86825
0.989541 0.868208
0.989539 0.868166
0.989537 0.868124
0.989535 0.868081
0.989533 0.868039
0.989531 0.867997
0.989529 0.867954
0.989527 0.867912
0.989524 0.86787
0.989522 0.867827
0.98952 0.867784
0.989518 0.867742
0.989516 0.867699
0.989514 0.867657
0.989512 0.867614
0.98951 0.867571
0.989508 0.867528
0.989506 0.867486
0.989504 0.867443
0.989502 0.8674
0.9895 0.867357
0.989498 0.867314
0.989496 0.867271
0.989494 0.867228
0.989492 0.867185
0.98949 0.867141
0.989488 0.867098
0.989486 0.867055
0.989483 0.867012
0.989481 0.866968
0.989479 0.866925
0.989477 0.866881
0.989475 0.866838
0.989473 0.866794
0.989471 0.866751
0.989469 0.866707
0.989467 0.866664
0.989465 0.86662
0.989463 0.866576
0.989461 0.866532
0.989458 0.866489
0.989456 0.866445
0.989454 0.866401
0.989452 0.866357
0.98945 0.866313
0.989448 0.866269
0.989446 0.866225
0.989444 0.86618
0.989442 0.866136
0.98944 0.866092
0.989437 0.866048
0.989435 0.866003
0.989433 0.865959
0.989431 0.865915
0.989429 0.86587
0.989427 0.865826
0.989425 0.865781
0.989423 0.865737
0.989421 0.865692
0.989418 0.865647
0.989416 0.865602
0.989414 0.865558
0.989412 0.865513
0.98941 0.865468
0.989408 0.865423
0.989406 0.865378
0.989403 0.865333
0.989401 0.865288
0.989399 0.865243
0.989397 0.865198
0.989395 0.865152
0.989393 0.865107
0.989391 0.865062
0.989388 0.865016
0.989386 0.864971
0.989384 0.864925
0.989382 0.86488
0.98938 0.864834
0.989378 0.864789
0.989375 0.864743
0.989373 0.864697
0.989371 0.864651
0.989369 0.864606
0.989367 0.86456
0.989364 0.864514
0.989362 0.864468
0.98936 0.864422
0.989358 0.864376
0.989356 0.86433
0.989353 0.864283
0.989351 0.864237
0.989349 0.864191
0.989347 0.864145
0.989345 0.864098
0.989342 0.864052
0.98934 0.864005
0.989338 0.863959
0.989336 0.863912
0.989334 0.863865
0.989331 0.863819
0.989329 0.863772
0.989327 0.863725
0.989325 0.863678
0.989323 0.863631
0.98932 0.863584
0.989318 0.863537
0.989316 0.86349
0.989314 0.863443
0.989311 0.863396
0.989309 0.863349
0.989307 0.863301
0.989305 0.863254
0.989302 0.863207
0.9893 0.863159
0.989298 0.863111
0.989296 0.863064
0.989293 0.863016
0.989291 0.862969
0.989289 0.862921
0.989287 0.862873
0.989284 0.862825
0.989282 0.862777
0.98928 0.862729
0.989277 0.862681
0.989275 0.862633
0.989273 0.862585
0.989271 0.862537
0.989268 0.862488
0.989266 0.86244
0.989264 0.862392
0.989261 0.862343
0.989259 0.862295
0.989257 0.862246
0.989255 0.862198
0.989252 0.862149
0.98925 0.8621
0.989248 0.862051
0.989245 0.862003
0.989243 0.861954
0.989241 0.861905
0.989238 0.861856
0.989236 0.861807
0.989234 0.861757
0.989231 0.861708
0.989229 0.861659
0.989227 0.86161
0.989224 0.86156
0.989222 0.861511
0.98922 0.861461
0.989217 0.861412
0.989215 0.861362
0.989213 0.861312
0.98921 0.861262
0.989208 0.861213
0.989206 0.861163
0.989203 0.861113
0.989201 0.861063
0.989199 0.861013
0.989196 0.860962
0.989194 0.860912
0.989191 0.860862
0.989189 0.860812
0.989187 0.860761
0.989184 0.860711
0.989182 0.86066
0.98918 0.86061
0.989177 0.860559
0.989175 0.860508
0.989172 0.860457
0.98917 0.860407
0.989168 0.860356
0.989165 0.860305
0.989163 0.860254
0.98916 0.860202
0.989158 0.860151
0.989155 0.8601
0.989153 0.860049
0.989151 0.859997
0.989148 0.859946
0.989146 0.859894
0.989143 0.859843
0.989141 0.859791
0.989138 0.859739
0.989136 0.859687
0.989134 0.859636
0.989131 0.859584
0.989129 0.859532
0.989126 0.859479
0.989124 0.859427
0.989121 0.859375
0.989119 0.859323
0.989116 0.85927
0.989114 0.859218
0.989111 0.859165
0.989109 0.859113
0.989106 0.85906
0.989104 0.859008
0.989102 0.858955
0.989099 0.858902
0.989097 0.858849
0.989094 0.858796
0.989092 0.858743
0.989089 0.85869
0.989087 0.858636
0.989084 0.858583
0.989082 0.85853
0.989079 0.858476
0.989077 0.858423
0.989074 0.858369
0.989071 0.858316
0.989069 0.858262
0.989066 0.858208
0.989064 0.858154
0.989061 0.8581
0.989059 0.858046
0.989056 0.857992
0.989054 0.857938
0.989051 0.857883
0.989049 0.857829
0.989046 0.857775
0.989043 0.85772
0.989041 0.857666
0.989038 0.857611
0.989036 0.857556
0.989033 0.857501
0.989031 0.857446
0.989028 0.857392
0.989025 0.857336
0.989023 0.857281
0.98902 0.857226
0.989018 0.857171
0.989015 0.857115
0.989013 0.85706
0.98901 0.857004
0.989007 0.856949
0.989005 0.856893
0.989002 0.856837
0.988999 0.856782
0.988997 0.856726
0.988994 0.85667
0.988992 0.856613
0.988989 0.856557
0.988986 0.856501
0.988984 0.856445
0.988981 0.856388
0.988978 0.856332
0.988976 0.856275
0.988973 0.856218
0.98897 0.856162
0.988968 0.856105
0.988965 0.856048
0.988962 0.855991
0.98896 0.855934
0.988957 0.855877
0.988954 0.855819
0.988952 0.855762
0.988949 0.855704
0.988946 0.855647
0.988944 0.855589
0.988941 0.855532
0.988938 0.855474
0.988935 0.855416
0.988933 0.855358
0.98893 0.8553
0.988927 0.855242
0.988925 0.855183
0.988922 0.855125
0.988919 0.855067
0.988916 0.855008
0.988914 0.85495
0.988911 0.854891
0.988908 0.854832
0.988905 0.854773
0.988903 0.854714
0.9889 0.854655
0.988897 0.854596
0.988894 0.854537
0.988892 0.854477
0.988889 0.854418
0.988886 0.854358
0.988883 0.854299
0.98888 0.854239
0.988878 0.854179
0.988875 0.854119
0.988872 0.854059
0.988869 0.853999
0.988866 0.853939
0.988864 0.853879
0.988861 0.853818
0.988858 0.853758
0.988855 0.853697
0.988852 0.853637
0.98885 0.853576
0.988847 0.853515
0.988844 0.853454
0.988841 0.853393
0.988838 0.853332
0.988835 0.853271
0.988832 0.853209
0.98883 0.853148
0.988827 0.853086
0.988824 0.853025
0.988821 0.852963
0.988818 0.852901
0.988815 0.852839
0.988812 0.852777
0.988809 0.852715
0.988807 0.852653
0.988804 0.85259
0.988801 0.852528
0.988798 0.852465
0.988795 0.852402
0.988792 0.85234
0.988789 0.852277
0.988786 0.852214
0.988783 0.852151
0.98878 0.852087
0.988777 0.852024
0.988774 0.851961
0.988771 0.851897
0.988768 0.851834
0.988765 0.85177
0.988762 0.851706
0.988759 0.851642
0.988756 0.851578
0.988754 0.851514
0.988751 0.851449
0.988748 0.851385
0.988745 0.851321
0.988742 0.851256
0.988739 0.851191
0.988736 0.851126
0.988732 0.851061
0.988729 0.850996
0.988726 0.850931
0.988723 0.850866
0.98872 0.850801
0.988717 0.850735
0.988714 0.850669
0.988711 0.850604
0.988708 0.850538
0.988705 0.850472
0.988702 0.850406
0.988699 0.85034
0.988696 0.850273
0.988693 0.850207
0.98869 0.85014
0.988687 0.850074
0.988684 0.850007
0.98868 0.84994
0.988677 0.849873
0.988674 0.849806
0.988671 0.849738
0.988668 0.849671
0.988665 0.849604
0.988662 0.849536
0.988659 0.849468
0.988655 0.8494
0.988652 0.849332
0.988649 0.849264
0.988646 0.849196
0.988643 0.849128
0.98864 0.849059
0.988636 0.848991
0.988633 0.848922
0.98863 0.848853
0.988627 0.848784
0.988624 0.848715
0.98862 0.848646
0.988617 0.848576
0.988614 0.848507
0.988611 0.848437
0.988608 0.848367
0.988604 0.848298
0.988601 0.848228
0.988598 0.848157
0.988595 0.848087
0.988591 0.848017
0.988588 0.847946
0.988585 0.847876
0.988582 0.847805
0.988578 0.847734
0.988575 0.847663
0.988572 0.847592
0.988568 0.84752
0.988565 0.847449
0.988562 0.847377
0.988559 0.847305
0.988555 0.847234
0.988552 0.847162
0.988549 0.847089
0.988545 0.847017
0.988542 0.846945
0.988538 0.846872
0.988535 0.8468
0.988532 0.846727
0.988528 0.846654
0.988525 0.846581
0.988522 0.846507
0.988518 0.846434
0.988515 0.84636
0.988511 0.846287
0.988508 0.846213
0.988505 0.846139
0.988501 0.846065
0.988498 0.845991
0.988494 0.845916
0.988491 0.845842
0.988488 0.845767
0.988484 0.845692
0.988481 0.845617
0.988477 0.845542
0.988474 0.845467
0.98847 0.845391
0.988467 0.845316
0.988463 0.84524
0.98846 0.845164
0.988456 0.845088
0.988453 0.845012
0.988449 0.844936
0.988446 0.844859
0.988442 0.844782
0.988439 0.844706
0.988435 0.844629
0.988432 0.844552
0.988428 0.844474
0.988424 0.844397
0.988421 0.844319
0.988417 0.844242
0.988414 0.844164
0.98841 0.844086
0.988407 0.844007
0.988403 0.843929
0.988399 0.84385
0.988396 0.843772
0.988392 0.843693
0.988388 0.843614
0.988385 0.843535
0.988381 0.843455
0.988377 0.843376
0.988374 0.843296
0.98837 0.843216
0.988366 0.843136
0.988363 0.843056
0.988359 0.842976
0.988355 0.842895
0.988352 0.842815
0.988348 0.842734
0.988344 0.842653
0.988341 0.842571
0.988337 0.84249
0.988333 0.842409
0.988329 0.842327
0.988326 0.842245
0.988322 0.842163
0.988318 0.842081
0.988314 0.841998
0.98831 0.841916
0.988307 0.841833
0.988303 0.84175
0.988299 0.841667
0.988295 0.841584
0.988291 0.8415
0.988288 0.841416
0.988284 0.841333
0.98828 0.841249
0.988276 0.841164
0.988272 0.84108
0.988268 0.840995
0.988264 0.840911
0.988261 0.840826
0.988257 0.840741
0.988253 0.840655
0.988249 0.84057
0.988245 0.840484
0.988241 0.840398
0.988237 0.840312
0.988233 0.840226
0.988229 0.840139
0.988225 0.840053
0.988221 0.839966
0.988217 0.839879
0.988213 0.839792
0.988209 0.839704
0.988205 0.839617
0.988201 0.839529
0.988197 0.839441
0.988193 0.839353
0.988189 0.839264
0.988185 0.839175
0.988181 0.839087
0.988177 0.838998
0.988173 0.838908
0.988169 0.838819
0.988165 0.838729
0.988161 0.83864
0.988156 0.83855
0.988152 0.838459
0.988148 0.838369
0.988144 0.838278
0.98814 0.838187
0.988136 0.838096
0.988132 0.838005
0.988127 0.837913
0.988123 0.837822
0.988119 0.83773
0.988115 0.837638
0.988111 0.837545
0.988106 0.837453
0.988102 0.83736
0.988098 0.837267
0.988094 0.837174
0.988089 0.83708
0.988085 0.836986
0.988081 0.836893
0.988077 0.836798
0.988072 0.836704
0.988068 0.83661
0.988064 0.836515
0.988059 0.83642
0.988055 0.836324
0.988051 0.836229
0.988046 0.836133
0.988042 0.836037
0.988038 0.835941
0.988033 0.835845
0.988029 0.835748
0.988024 0.835651
0.98802 0.835554
0.988016 0.835457
0.988011 0.835359
0.988007 0.835261
0.988002 0.835163
0.987998 0.835065
0.987993 0.834967
0.987989 0.834868
0.987984 0.834769
0.98798 0.834669
0.987975 0.83457
0.987971 0.83447
0.987966 0.83437
0.987962 0.83427
0.987957 0.834169
0.987952 0.834069
0.987948 0.833968
0.987943 0.833866
0.987939 0.833765
0.987934 0.833663
0.987929 0.833561
0.987925 0.833459
0.98792 0.833356
0.987916 0.833253
0.987911 0.83315
0.987906 0.833047
0.987901 0.832943
0.987897 0.83284
0.987892 0.832735
0.987887 0.832631
0.987883 0.832526
0.987878 0.832421
0.987873 0.832316
0.987868 0.832211
0.987863 0.832105
0.987859 0.831999
0.987854 0.831893
0.987849 0.831786
0.987844 0.831679
0.987839 0.831572
0.987834 0.831465
0.98783 0.831357
0.987825 0.831249
0.98782 0.831141
0.987815 0.831032
0.98781 0.830923
0.987805 0.830814
0.9878 0.830705
0.987795 0.830595
0.98779 0.830485
0.987785 0.830375
0.98778 0.830264
0.987775 0.830153
0.98777 0.830042
0.987765 0.829931
0.98776 0.829819
0.987755 0.829707
0.98775 0.829595
0.987745 0.829482
0.98774 0.829369
0.987735 0.829256
0.987729 0.829142
0.987724 0.829028
0.987719 0.828914
0.987714 0.828799
0.987709 0.828685
0.987704 0.828569
0.987698 0.828454
0.987693 0.828338
0.987688 0.828222
0.987683 0.828106
0.987677 0.827989
0.987672 0.827872
0.987667 0.827754
0.987662 0.827637
0.987656 0.827518
0.987651 0.8274
0.987646 0.827281
0.98764 0.827162
0.987635 0.827043
0.987629 0.826923
0.987624 0.826803
0.987619 0.826683
0.987613 0.826562
0.987608 0.826441
0.987602 0.826319
0.987597 0.826197
0.987591 0.826075
0.987586 0.825953
0.98758 0.82583
0.987575 0.825707
0.987569 0.825583
0.987564 0.825459
0.987558 0.825335
0.987552 0.82521
0.987547 0.825085
0.987541 0.82496
0.987535 0.824834
0.98753 0.824708
0.987524 0.824582
0.987518 0.824455
0.987513 0.824328
0.987507 0.8242
0.987501 0.824072
0.987495 0.823944
0.98749 0.823815
0.987484 0.823686
0.987478 0.823557
0.987472 0.823427
0.987466 0.823296
0.98746 0.823166
0.987455 0.823035
0.987449 0.822903
0.987443 0.822772
0.987437 0.822639
0.987431 0.822507
0.987425 0.822374
0.987419 0.82224
0.987413 0.822106
0.987407 0.821972
0.987401 0.821838
0.987395 0.821702
0.987389 0.821567
0.987383 0.821431
0.987377 0.821295
0.98737 0.821158
0.987364 0.821021
0.987358 0.820883
0.987352 0.820745
0.987346 0.820607
0.98734 0.820468
0.987333 0.820329
0.987327 0.820189
0.987321 0.820049
0.987315 0.819908
0.987308 0.819767
0.987302 0.819626
0.987296 0.819484
0.987289 0.819341
0.987283 0.819199
0.987276 0.819055
0.98727 0.818911
0.987263 0.818767
0.987257 0.818623
0.987251 0.818477
0.987244 0.818332
0.987238 0.818186
0.987231 0.818039
0.987224 0.817892
0.987218 0.817745
0.987211 0.817597
0.987205 0.817448
0.987198 0.817299
0.987191 0.81715
0.987185 0.817
0.987178 0.81685
0.987171 0.816699
0.987164 0.816547
0.987158 0.816396
0.987151 0.816243
0.987144 0.81609
0.987137 0.815937
0.98713 0.815783
0.987123 0.815629
0.987116 0.815474
0.98711 0.815318
0.987103 0.815162
0.987096 0.815006
0.987089 0.814849
0.987082 0.814691
0.987075 0.814533
0.987068 0.814374
0.98706 0.814215
0.987053 0.814056
0.987046 0.813895
0.987039 0.813735
0.987032 0.813573
0.987025 0.813411
0.987017 0.813249
0.98701 0.813086
0.987003 0.812922
0.986996 0.812758
0.986988 0.812594
0.986981 0.812428
0.986974 0.812262
0.986966 0.812096
0.986959 0.811929
0.986951 0.811761
0.986944 0.811593
0.986936 0.811424
0.986929 0.811255
0.986921 0.811085
0.986914 0.810915
0.986906 0.810743
0.986898 0.810572
0.986891 0.810399
0.986883 0.810226
0.986875 0.810053
0.986868 0.809878
0.98686 0.809704
0.986852 0.809528
0.986844 0.809352
0.986836 0.809175
0.986829 0.808998
0.986821 0.80882
0.986813 0.808641
0.986805 0.808462
0.986797 0.808282
0.986789 0.808101
0.986781 0.80792
0.986773 0.807738
0.986765 0.807555
0.986757 0.807372
0.986748 0.807188
0.98674 0.807003
0.986732 0.806818
0.986724 0.806631
0.986715 0.806445
0.986707 0.806257
0.986699 0.806069
0.986691 0.80588
0.986682 0.805691
0.986674 0.8055
0.986665 0.805309
0.986657 0.805118
0.986648 0.804925
0.98664 0.804732
0.986631 0.804538
0.986623 0.804343
0.986614 0.804148
0.986605 0.803952
0.986597 0.803755
0.986588 0.803557
0.986579 0.803359
0.98657 0.803159
0.986561 0.802959
0.986553 0.802759
0.986544 0.802557
0.986535 0.802355
0.986526 0.802151
0.986517 0.801948
0.986508 0.801743
0.986499 0.801537
0.98649 0.801331
0.98648 0.801124
0.986471 0.800916
0.986462 0.800707
0.986453 0.800497
0.986443 0.800287
0.986434 0.800075
0.986425 0.799863
0.986415 0.79965
0.986406 0.799436
0.986396 0.799221
0.986387 0.799006
0.986377 0.798789
0.986368 0.798572
0.986358 0.798353
0.986349 0.798134
0.986339 0.797914
0.986329 0.797693
0.986319 0.797471
0.98631 0.797249
0.9863 0.797025
0.98629 0.7968
0.98628 0.796575
0.98627 0.796348
0.98626 0.79612
0.98625 0.795892
0.98624 0.795663
0.98623 0.795432
0.98622 0.795201
0.986209 0.794969
0.986199 0.794735
0.986189 0.794501
0.986178 0.794266
0.986168 0.79403
0.986158 0.793792
0.986147 0.793554
0.986137 0.793315
0.986126 0.793074
0.986115 0.792833
0.986105 0.79259
0.986094 0.792347
0.986083 0.792102
0.986073 0.791857
0.986062 0.79161
0.986051 0.791362
0.98604 0.791113
0.986029 0.790863
0.986018 0.790612
0.986007 0.79036
0.985996 0.790107
0.985985 0.789853
0.985973 0.789597
0.985962 0.78934
0.985951 0.789083
0.98594 0.788824
0.985928 0.788563
0.985917 0.788302
0.985905 0.78804
0.985894 0.787776
0.985882 0.787511
0.98587 0.787245
0.985859 0.786978
0.985847 0.786709
0.985835 0.786439
0.985823 0.786168
0.985811 0.785896
0.985799 0.785623
0.985787 0.785348
0.985775 0.785072
0.985763 0.784795
0.985751 0.784516
0.985739 0.784236
0.985726 0.783955
0.985714 0.783672
0.985702 0.783389
0.985689 0.783103
0.985677 0.782817
0.985664 0.782529
0.985651 0.78224
0.985639 0.781949
0.985626 0.781657
0.985613 0.781364
0.9856 0.781069
0.985587 0.780772
0.985574 0.780475
0.985561 0.780176
0.985548 0.779875
0.985535 0.779573
0.985521 0.779269
0.985508 0.778964
0.985495 0.778658
0.985481 0.77835
0.985468 0.77804
0.985454 0.777729
0.985441 0.777417
0.985427 0.777103
0.985413 0.776787
0.985399 0.77647
0.985385 0.776151
0.985371 0.775831
0.985357 0.775508
0.985343 0.775185
0.985329 0.77486
0.985315 0.774533
0.9853 0.774204
0.985286 0.773874
0.985271 0.773542
0.985257 0.773208
0.985242 0.772873
0.985228 0.772536
0.985213 0.772197
0.985198 0.771856
0.985183 0.771514
0.985168 0.77117
0.985153 0.770824
0.985138 0.770476
0.985122 0.770127
0.985107 0.769775
0.985092 0.769422
0.985076 0.769067
0.985061 0.76871
0.985045 0.768351
0.985029 0.76799
0.985014 0.767628
0.984998 0.767263
0.984982 0.766897
0.984966 0.766528
0.98495 0.766157
0.984933 0.765785
0.984917 0.76541
0.984901 0.765034
0.984884 0.764655
0.984867 0.764275
0.984851 0.763892
0.984834 0.763507
0.984817 0.76312
0.9848 0.762731
0.984783 0.76234
0.984766 0.761946
0.984749 0.76155
0.984732 0.761153
0.984714 0.760753
0.984697 0.76035
0.984679 0.759946
0.984661 0.759539
0.984643 0.75913
0.984626 0.758718
0.984608 0.758305
0.984589 0.757888
0.984571 0.75747
0.984553 0.757049
0.984534 0.756626
0.984516 0.7562
0.984497 0.755772
0.984479 0.755341
0.98446 0.754908
0.984441 0.754472
0.984422 0.754034
0.984402 0.753593
0.984383 0.75315
0.984364 0.752704
0.984344 0.752255
0.984325 0.751804
0.984305 0.75135
0.984285 0.750893
0.984265 0.750433
0.984245 0.749971
0.984225 0.749506
0.984204 0.749039
0.984184 0.748568
0.984163 0.748095
0.984142 0.747618
0.984122 0.747139
0.984101 0.746657
0.984079 0.746172
0.984058 0.745684
0.984037 0.745193
0.984015 0.744699
0.983994 0.744202
0.983972 0.743702
0.98395 0.743199
0.983928 0.742692
0.983906 0.742183
0.983883 0.74167
0.983861 0.741154
0.983838 0.740635
0.983815 0.740112
0.983793 0.739586
0.983769 0.739057
0.983746 0.738525
0.983723 0.737989
0.983699 0.737449
0.983676 0.736906
0.983652 0.73636
0.983628 0.73581
0.983604 0.735257
0.98358 0.7347
0.983555 0.734139
0.98353 0.733575
0.983506 0.733007
0.983481 0.732435
0.983456 0.731859
0.98343 0.73128
0.983405 0.730697
0.983379 0.73011
0.983353 0.729519
0.983327 0.728924
0.983301 0.728325
0.983275 0.727722
0.983248 0.727115
0.983222 0.726504
0.983195 0.725888
0.983168 0.725269
0.983141 0.724645
0.983113 0.724017
0.983085 0.723385
0.983058 0.722748
0.98303 0.722107
0.983001 0.721462
0.982973 0.720812
0.982944 0.720158
0.982915 0.719499
0.982886 0.718835
0.982857 0.718167
0.982828 0.717494
0.982798 0.716816
0.982768 0.716134
0.982738 0.715446
0.982707 0.714754
0.982677 0.714057
0.982646 0.713355
0.982615 0.712648
0.982584 0.711935
0.982552 0.711218
0.98252 0.710495
0.982488 0.709767
0.982456 0.709034
0.982424 0.708296
0.982391 0.707552
0.982358 0.706802
0.982325 0.706047
0.982291 0.705287
0.982258 0.704521
0.982223 0.703749
0.982189 0.702972
0.982155 0.702188
0.98212 0.701399
0.982085 0.700604
0.982049 0.699803
0.982014 0.698996
0.981978 0.698183
0.981942 0.697363
0.981905 0.696538
0.981868 0.695706
0.981831 0.694867
0.981794 0.694023
0.981756 0.693171
0.981718 0.692314
0.98168 0.691449
0.981641 0.690578
0.981602 0.6897
0.981563 0.688815
0.981523 0.687924
0.981483 0.687025
0.981443 0.686119
0.981402 0.685206
0.981361 0.684286
0.98132 0.683359
0.981278 0.682424
0.981236 0.681482
0.981194 0.680532
0.981151 0.679575
0.981108 0.67861
0.981064 0.677637
0.98102 0.676657
0.980976 0.675668
0.980931 0.674672
0.980886 0.673667
0.980841 0.672654
0.980795 0.671633
0.980748 0.670604
0.980702 0.669566
0.980654 0.668519
0.980607 0.667464
0.980559 0.666401
0.98051 0.665328
0.980462 0.664246
0.980412 0.663156
0.980362 0.662056
0.980312 0.660947
0.980261 0.659829
0.98021 0.658702
0.980159 0.657564
0.980106 0.656418
0.980054 0.655261
0.98 0.654095
0.979947 0.652919
0.979893 0.651733
0.979838 0.650537
0.979783 0.64933
0.979727 0.648113
0.979671 0.646886
0.979614 0.645648
0.979556 0.6444
0.979498 0.64314
0.97944 0.64187
0.97938 0.640589
0.979321 0.639296
0.97926 0.637992
0.979199 0.636677
0.979138 0.635351
0.979076 0.634013
0.979013 0.632663
0.978949 0.631301
0.978885 0.629927
0.97882 0.628541
0.978755 0.627143
0.978689 0.625732
0.978622 0.624309
0.978554 0.622873
0.978486 0.621425
0.978417 0.619963
0.978347 0.618489
0.978277 0.617002
0.978206 0.615501
0.978134 0.613986
0.978061 0.612459
0.977988 0.610917
0.977913 0.609362
0.977838 0.607792
0.977762 0.606209
0.977685 0.604611
0.977608 0.602999
0.977529 0.601372
0.97745 0.599731
0.97737 0.598075
0.977288 0.596404
0.977206 0.594718
0.977123 0.593016
0.977039 0.591299
0.976954 0.589567
0.976868 0.587819
0.976782 0.586055
0.976694 0.584275
0.976605 0.582479
0.976515 0.580667
0.976424 0.578838
0.976332 0.576993
0.976239 0.575131
0.976144 0.573253
0.976049 0.571357
0.975952 0.569444
0.975855 0.567514
0.975756 0.565567
0.975656 0.563602
0.975555 0.56162
0.975452 0.559619
0.975348 0.557601
0.975243 0.555565
0.975137 0.55351
0.97503 0.551437
0.974921 0.549346
0.97481 0.547236
0.974699 0.545107
0.974586 0.54296
0.974471 0.540794
0.974355 0.538608
0.974238 0.536403
0.974119 0.534179
0.973998 0.531936
0.973876 0.529673
0.973753 0.527391
0.973628 0.525089
0.973501 0.522767
0.973373 0.520425
0.973243 0.518063
0.973111 0.515681
0.972977 0.513279
0.972842 0.510857
0.972705 0.508414
0.972566 0.505952
0.972426 0.503469
0.972283 0.500965
0.972139 0.498441
0.971992 0.495897
0.971844 0.493332
0.971693 0.490746
0.971541 0.48814
0.971387 0.485513
0.97123 0.482866
0.971071 0.480199
0.97091 0.47751
0.970747 0.474802
0.970582 0.472073
0.970414 0.469323
0.970244 0.466553
0.970072 0.463763
0.969897 0.460953
0.96972 0.458123
0.96954 0.455273
0.969358 0.452403
0.969173 0.449513
0.968986 0.446603
0.968796 0.443675
0.968603 0.440727
0.968408 0.437759
0.96821 0.434773
0.968008 0.431768
0.967805 0.428745
0.967598 0.425704
0.967388 0.422644
0.967175 0.419567
0.966959 0.416472
0.96674 0.41336
0.966518 0.410232
0.966293 0.407086
0.966064 0.403925
0.965832 0.400748
0.965597 0.397555
0.965358 0.394347
0.965116 0.391125
0.964871 0.387888
0.964621 0.384637
0.964369 0.381373
0.964112 0.378097
0.963852 0.374807
0.963588 0.371506
0.96332 0.368194
0.963048 0.36487
0.962772 0.361536
0.962492 0.358193
0.962208 0.35484
0.96192 0.351479
0.961628 0.34811
0.961331 0.344733
0.96103 0.34135
0.960725 0.33796
0.960415 0.334565
0.960101 0.331166
0.959782 0.327762
0.959459 0.324356
0.959131 0.320946
0.958798 0.317535
0.95846 0.314122
0.958117 0.310709
0.95777 0.307297
0.957417 0.303885
0.957059 0.300476
0.956696 0.297069
0.956328 0.293665
0.955955 0.290266
0.955576 0.286872
0.955192 0.283483
0.954802 0.280102
0.954407 0.276727
0.954006 0.273361
0.9536 0.270004
0.953188 0.266656
0.95277 0.263319
0.952346 0.259993
0.951916 0.25668
0.951481 0.253379
0.951039 0.250093
0.950591 0.24682
0.950137 0.243563
0.949677 0.240322
0.94921 0.237097
0.948737 0.23389
0.948258 0.230701
0.947772 0.227531
0.947279 0.22438
0.94678 0.22125
0.946274 0.21814
0.945762 0.215052
0.945243 0.211986
0.944717 0.208943
0.944184 0.205923
0.943644 0.202927
0.943097 0.199956
0.942543 0.197009
0.941982 0.194088
0.941413 0.191193
0.940838 0.188325
0.940255 0.185483
0.939665 0.182668
0.939067 0.179882
0.938462 0.177123
0.93785 0.174393
0.937229 0.171692
0.936602 0.16902
0.935967 0.166377
0.935324 0.163764
0.934673 0.161181
0.934015 0.158628
0.933349 0.156105
0.932675 0.153613
0.931993 0.151152
0.931303 0.148722
0.930605 0.146322
0.929899 0.143954
0.929185 0.141616
0.928463 0.13931
0.927733 0.137035
0.926995 0.134791
0.926249 0.132579
0.925494 0.130398
0.924731 0.128247
0.92396 0.126128
0.923181 0.12404
0.922393 0.121983
0.921597 0.119956
0.920792 0.117961
0.919979 0.115995
0.919158 0.11406
0.918328 0.112156
0.917489 0.110281
0.916643 0.108436
0.915787 0.106621
0.914923 0.104835
0.91405 0.103078
0.913169 0.10135
0.912279 0.0996513
0.911381 0.0979806
0.910474 0.096338
0.909558 0.0947233
0.908634 0.0931362
0.9077 0.0915764
0.906758 0.0900435
0.905808 0.0885374
0.904848 0.0870576
0.90388 0.0856039
0.902903 0.084176
0.901917 0.0827735
0.900923 0.0813962
0.89992 0.0800436
0.898907 0.0787154
0.897886 0.0774114
0.896857 0.0761312
0.895818 0.0748744
0.894771 0.0736407
0.893714 0.0724298
0.892649 0.0712414
0.891575 0.070075
0.890492 0.0689304
0.8894 0.0678073
0.888299 0.0667052
0.88719 0.0656239
0.886071 0.064563
0.884944 0.0635222
0.883808 0.0625011
0.882663 0.0614995
0.881509 0.060517
0.880346 0.0595532
0.879174 0.0586079
0.877993 0.0576808
0.876804 0.0567714
0.875605 0.0558796
0.874398 0.055005
0.873182 0.0541472
0.871957 0.0533061
0.870723 0.0524812
0.86948 0.0516723
0.868228 0.0508791
0.866967 0.0501013
0.865698 0.0493386
0.864419 0.0485908
0.863132 0.0478575
0.861836 0.0471385
0.860531 0.0464335
0.859217 0.0457423
0.857895 0.0450645
0.856563 0.0444
0.855223 0.0437484
0.853874 0.0431096
0.852516 0.0424832
0.851149 0.0418691
0.849773 0.0412669
0.848389 0.0406765
0.846996 0.0400976
0.845594 0.03953
0.844183 0.0389735
0.842764 0.0384279
0.841335 0.0378929
0.839898 0.0373683
0.838453 0.036854
0.836998 0.0363496
0.835535 0.0358551
0.834063 0.0353702
0.832582 0.0348948
0.831093 0.0344285
0.829595 0.0339714
0.828088 0.0335231
0.826573 0.0330835
0.825049 0.0326524
0.823516 0.0322297
0.821975 0.0318151
0.820425 0.0314086
0.818866 0.0310099
0.817299 0.0306189
0.815723 0.0302355
0.814139 0.0298595
0.812546 0.0294907
0.810945 0.0291289
0.809335 0.0287742
0.807716 0.0284263
0.806089 0.028085
0.804454 0.0277503
0.80281 0.027422
0.801157 0.0271
0.799496 0.0267841
0.797827 0.0264743
0.796149 0.0261704
0.794463 0.0258723
0.792768 0.0255798
0.791065 0.025293
0.789354 0.0250115
0.787634 0.0247355
0.785906 0.0244647
0.78417 0.024199
0.782425 0.0239384
0.780672 0.0236827
0.778911 0.0234318
0.777142 0.0231857
0.775364 0.0229443
0.773578 0.0227074
0.771784 0.022475
0.769982 0.0222469
0.768171 0.0220232
0.766352 0.0218037
0.764526 0.0215883
0.762691 0.021377
0.760848 0.0211697
0.758997 0.0209663
0.757138 0.0207667
0.755271 0.0205709
0.753396 0.0203787
0.751513 0.0201902
0.749623 0.0200052
0.747724 0.0198237
0.745817 0.0196456
0.743903 0.0194708
0.74198 0.0192994
0.74005 0.0191312
0.738112 0.0189661
0.736166 0.0188042
0.734213 0.0186453
0.732252 0.0184894
0.730283 0.0183365
0.728306 0.0181864
0.726322 0.0180392
0.72433 0.0178947
0.722331 0.017753
0.720324 0.017614
0.71831 0.0174777
0.716288 0.0173439
0.714259 0.0172126
0.712222 0.0170839
0.710179 0.0169576
0.708127 0.0168338
0.706069 0.0167123
0.704003 0.0165932
0.70193 0.0164763
0.69985 0.0163617
0.697762 0.0162494
0.695668 0.0161392
0.693566 0.0160311
0.691458 0.0159252
0.689342 0.0158213
0.68722 0.0157195
0.68509 0.0156196
0.682954 0.0155218
0.680811 0.0154258
0.678661 0.0153318
0.676505 0.0152397
0.674342 0.0151494
0.672172 0.015061
0.669995 0.0149743
0.667813 0.0148894
0.665623 0.0148062
0.663428 0.0147248
0.661225 0.014645
0.659017 0.0145669
0.656802 0.0144904
0.654581 0.0144155
0.652354 0.0143422
0.650121 0.0142705
0.647882 0.0142003
0.645637 0.0141317
0.643386 0.0140645
0.641129 0.0139988
0.638867 0.0139345
0.636598 0.0138717
0.634324 0.0138103
0.632045 0.0137503
0.62976 0.0136917
0.627469 0.0136344
0.625173 0.0135785
0.622872 0.0135239
0.620565 0.0134706
0.618253 0.0134185
0.615937 0.0133678
0.613615 0.0133183
0.611288 0.01327
0.608956 0.013223
0.60662 0.0131772
0.604279 0.0131325
0.601933 0.0130891
0.599583 0.0130468
0.597228 0.0130056
0.594868 0.0129656
0.592505 0.0129268
0.590137 0.012889
0.587765 0.0128523
0.585389 0.0128167
0.583009 0.0127822
0.580625 0.0127488
0.578238 0.0127164
0.575846 0.0126851
0.573452 0.0126548
0.571053 0.0126255
0.568651 0.0125972
0.566246 0.0125699
0.563838 0.0125437
0.561426 0.0125183
0.559012 0.012494
0.556595 0.0124706
0.554174 0.0124482
0.551751 0.0124268
0.549326 0.0124062
0.546898 0.0123866
0.544468 0.012368
0.542035 0.0123502
0.5396 0.0123333
0.537163 0.0123174
0.534724 0.0123023
0.532283 0.0122881
0.529841 0.0122748
0.527397 0.0122624
0.524951 0.0122508
0.522504 0.0122401
0.520056 0.0122303
0.517606 0.0122213
0.515156 0.0122131
0.512704 0.0122058
0.510252 0.0121993
0.507799 0.0121936
0.505346 0.0121888
0.502892 0.0121847
0.500437 0.0121815
0.497983 0.0121791
0.495528 0.0121775
0.493074 0.0121767
0.49062 0.0121766
0.488166 0.0121774
0.485712 0.012179
0.483259 0.0121813
0.480807 0.0121844
0.478355 0.0121883
0.475904 0.0121929
0.473455 0.0121984
0.471007 0.0122046
0.46856 0.0122115
0.466114 0.0122192
0.46367 0.0122277
0.461228 0.0122369
0.458787 0.0122468
0.456349 0.0122576
0.453913 0.012269
0.451479 0.0122812
0.449047 0.0122941
0.446618 0.0123078
0.444191 0.0123222
0.441767 0.0123374
0.439347 0.0123532
0.436929 0.0123699
0.434514 0.0123872
0.432103 0.0124053
0.429695 0.012424
0.42729 0.0124436
0.42489 0.0124638
0.422493 0.0124847
0.4201 0.0125064
0.417711 0.0125288
0.415327 0.0125519
0.412946 0.0125758
0.410571 0.0126003
0.4082 0.0126256
0.405833 0.0126515
0.403472 0.0126782
0.401115 0.0127056
0.398764 0.0127337
0.396417 0.0127625
0.394077 0.0127921
0.391741 0.0128223
0.389412 0.0128533
0.387088 0.0128849
0.384769 0.0129173
0.382457 0.0129504
0.380151 0.0129842
0.377851 0.0130187
0.375558 0.0130539
0.373271 0.0130898
0.37099 0.0131264
0.368717 0.0131637
0.36645 0.0132018
0.36419 0.0132405
0.361937 0.01328
0.359691 0.0133202
0.357452 0.013361
0.355221 0.0134026
0.352997 0.0134449
0.350781 0.0134879
0.348572 0.0135316
0.346371 0.0135761
0.344178 0.0136212
0.341993 0.013667
0.339817 0.0137136
0.337648 0.0137609
0.335487 0.0138089
0.333335 0.0138576
0.331191 0.013907
0.329056 0.0139571
0.32693 0.014008
0.324812 0.0140595
0.322703 0.0141118
0.320603 0.0141648
0.318512 0.0142185
0.316429 0.0142729
0.314356 0.0143281
0.312293 0.014384
0.310238 0.0144406
0.308193 0.0144979
0.306157 0.0145559
0.304131 0.0146147
0.302114 0.0146742
0.300107 0.0147344
0.29811 0.0147954
0.296122 0.014857
0.294144 0.0149195
0.292176 0.0149826
0.290218 0.0150464
0.28827 0.015111
0.286332 0.0151764
0.284404 0.0152424
0.282486 0.0153092
0.280578 0.0153768
0.278681 0.015445
0.276793 0.015514
0.274916 0.0155838
0.27305 0.0156542
0.271194 0.0157255
0.269348 0.0157974
0.267513 0.0158701
0.265688 0.0159436
0.263874 0.0160178
0.26207 0.0160927
0.260277 0.0161684
0.258494 0.0162448
0.256722 0.016322
0.254961 0.0163999
0.253211 0.0164786
0.251471 0.016558
0.249742 0.0166382
0.248023 0.0167191
0.246315 0.0168008
0.244618 0.0168832
0.242932 0.0169664
0.241257 0.0170503
0.239592 0.017135
0.237938 0.0172205
0.236295 0.0173067
0.234663 0.0173937
0.233041 0.0174814
0.23143 0.0175699
0.22983 0.0176592
0.228241 0.0177492
0.226663 0.01784
0.225095 0.0179315
0.223538 0.0180239
0.221992 0.0181169
0.220456 0.0182108
0.218932 0.0183054
0.217417 0.0184008
0.215914 0.0184969
0.214421 0.0185939
0.212939 0.0186915
0.211468 0.01879
0.210007 0.0188892
0.208557 0.0189892
0.207117 0.01909
0.205688 0.0191916
0.204269 0.0192939
0.202861 0.019397
0.201463 0.0195009
0.200076 0.0196055
0.198699 0.019711
0.197332 0.0198172
0.195976 0.0199242
0.19463 0.0200319
0.193295 0.0201404
0.191969 0.0202498
0.190654 0.0203599
0.189349 0.0204707
0.188054 0.0205824
0.186769 0.0206948
0.185494 0.020808
0.184229 0.020922
0.182974 0.0210368
0.181729 0.0211524
0.180494 0.0212687
0.179269 0.0213859
0.178054 0.0215038
0.176848 0.0216225
0.175652 0.0217419
0.174465 0.0218622
0.173288 0.0219832
0.172121 0.0221051
0.170963 0.0222277
0.169815 0.0223511
0.168676 0.0224753
0.167547 0.0226002
0.166426 0.022726
0.165315 0.0228525
0.164214 0.0229798
0.163121 0.0231079
0.162038 0.0232368
0.160963 0.0233665
0.159898 0.023497
0.158841 0.0236282
0.157793 0.0237602
0.156755 0.0238931
0.155725 0.0240267
0.154703 0.024161
0.153691 0.0242962
0.152687 0.0244322
0.151692 0.0245689
0.150705 0.0247064
0.149726 0.0248447
0.148756 0.0249838
0.147795 0.0251237
0.146841 0.0252644
0.145896 0.0254058
0.144959 0.025548
0.14403 0.025691
0.143109 0.0258348
0.142197 0.0259794
0.141292 0.0261248
0.140395 0.0262709
0.139506 0.0264178
0.138625 0.0265655
0.137751 0.026714
0.136886 0.0268633
0.136027 0.0270134
0.135177 0.0271642
0.134334 0.0273158
0.133498 0.0274682
0.13267 0.0276213
0.131849 0.0277753
0.131035 0.02793
0.130229 0.0280855
0.12943 0.0282418
0.128637 0.0283989
0.127852 0.0285567
0.127074 0.0287153
0.126303 0.0288747
0.125539 0.0290349
0.124782 0.0291958
0.124031 0.0293575
0.123288 0.02952
0.122551 0.0296833
0.12182 0.0298473
0.121096 0.0300121
0.120379 0.0301777
0.119668 0.030344
0.118964 0.0305111
0.118266 0.030679
0.117574 0.0308477
0.116888 0.0310171
0.116209 0.0311873
0.115536 0.0313583
0.114869 0.03153
0.114208 0.0317025
0.113553 0.0318758
0.112904 0.0320498
0.112261 0.0322246
0.111624 0.0324002
0.110992 0.0325765
0.110367 0.0327536
0.109747 0.0329315
0.109132 0.0331101
0.108524 0.0332895
0.107921 0.0334696
0.107323 0.0336505
0.106731 0.0338322
0.106144 0.0340146
0.105563 0.0341977
0.104987 0.0343817
0.104416 0.0345664
0.10385 0.0347518
0.10329 0.034938
0.102735 0.035125
0.102185 0.0353127
0.10164 0.0355012
0.1011 0.0356904
0.100564 0.0358804
0.100034 0.0360711
0.0995089 0.0362626
0.0989884 0.0364548
0.0984727 0.0366478
0.0979617 0.0368416
0.0974554 0.037036
0.0969538 0.0372313
0.0964568 0.0374273
0.0959644 0.037624
0.0954764 0.0378215
0.094993 0.0380197
0.0945141 0.0382187
0.0940395 0.0384184
0.0935693 0.0386188
0.0931035 0.0388201
0.0926419 0.039022
0.0921846 0.0392247
0.0917315 0.0394281
0.0912826 0.0396323
0.0908378 0.0398372
0.0903972 0.0400429
0.0899605 0.0402493
0.0895279 0.0404565
0.0890993 0.0406644
0.0886747 0.040873
0.0882539 0.0410824
0.0878371 0.0412925
0.0874241 0.0415033
0.0870149 0.0417149
0.0866095 0.0419272
0.0862078 0.0421403
0.0858098 0.0423541
0.0854155 0.0425686
0.0850248 0.0427838
0.0846377 0.0429998
0.0842542 0.0432166
0.0838743 0.0434341
0.0834978 0.0436523
0.0831249 0.0438712
0.0827553 0.0440909
0.0823892 0.0443113
0.0820265 0.0445324
0.0816671 0.0447543
0.081311 0.0449769
0.0809582 0.0452003
0.0806087 0.0454243
0.0802624 0.0456491
0.0799193 0.0458747
0.0795794 0.0461009
0.0792426 0.0463279
0.0789089 0.0465557
0.0785783 0.0467841
0.0782507 0.0470133
0.0779262 0.0472433
0.0776047 0.0474739
0.0772862 0.0477053
0.0769706 0.0479374
0.0766579 0.0481703
0.0763481 0.0484039
0.0760411 0.0486382
0.075737 0.0488732
0.0754358 0.049109
0.0751373 0.0493455
0.0748415 0.0495828
0.0745485 0.0498207
0.0742583 0.0500594
0.0739707 0.0502989
0.0736857 0.050539
0.0734034 0.0507799
0.0731237 0.0510216
0.0728467 0.0512639
0.0725721 0.051507
0.0723002 0.0517508
0.0720307 0.0519954
0.0717637 0.0522407
0.0714993 0.0524867
0.0712372 0.0527335
0.0709776 0.052981
0.0707205 0.0532292
0.0704657 0.0534782
0.0702132 0.0537279
0.0699632 0.0539783
0.0697154 0.0542295
0.06947 0.0544814
0.0692268 0.054734
0.0689859 0.0549874
0.0687472 0.0552416
0.0685108 0.0554964
0.0682766 0.055752
0.0680445 0.0560084
0.0678147 0.0562655
0.0675869 0.0565233
0.0673613 0.0567819
0.0671378 0.0570412
0.0669164 0.0573012
0.0666971 0.057562
0.0664798 0.0578236
0.0662646 0.0580859
0.0660514 0.0583489
0.0658401 0.0586127
0.0656309 0.0588772
0.0654236 0.0591425
0.0652183 0.0594086
0.0650149 0.0596754
0.0648134 0.0599429
0.0646139 0.0602112
0.0644162 0.0604802
0.0642203 0.0607501
0.0640264 0.0610206
0.0638342 0.0612919
0.0636439 0.061564
0.0634554 0.0618369
0.0632687 0.0621105
0.0630837 0.0623849
0.0629005 0.06266
0.0627191 0.0629359
0.0625394 0.0632126
0.0623614 0.06349
0.0621851 0.0637682
0.0620104 0.0640472
0.0618375 0.0643269
0.0616662 0.0646075
0.0614966 0.0648888
0.0613285 0.0651708
0.0611621 0.0654537
0.0609974 0.0657373
0.0608342 0.0660218
0.0606725 0.066307
0.0605125 0.066593
0.060354 0.0668798
0.060197 0.0671673
0.0600416 0.0674557
0.0598876 0.0677449
0.0597352 0.0680348
0.0595843 0.0683256
0.0594348 0.0686171
0.0592868 0.0689095
0.0591403 0.0692026
0.0589952 0.0694966
0.0588516 0.0697913
0.0587093 0.0700869
0.0585685 0.0703833
0.0584291 0.0706805
0.058291 0.0709785
0.0581544 0.0712774
0.0580191 0.071577
0.0578851 0.0718775
0.0577525 0.0721788
0.0576212 0.072481
0.0574913 0.0727839
0.0573627 0.0730878
0.0572354 0.0733924
0.0571093 0.0736979
0.0569846 0.0740042
0.0568611 0.0743114
0.0567389 0.0746194
0.0566179 0.0749282
0.0564982 0.0752379
0.0563798 0.0755485
0.0562625 0.0758599
0.0561465 0.0761722
0.0560317 0.0764854
0.0559181 0.0767994
0.0558057 0.0771143
0.0556944 0.07743
0.0555843 0.0777467
0.0554754 0.0780642
0.0553677 0.0783826
0.0552611 0.0787019
0.0551557 0.0790221
0.0550513 0.0793431
0.0549481 0.0796651
0.0548461 0.079988
0.0547451 0.0803117
0.0546452 0.0806364
0.0545464 0.080962
0.0544488 0.0812885
0.0543522 0.0816159
0.0542566 0.0819442
0.0541621 0.0822735
0.0540687 0.0826037
0.0539763 0.0829348
0.053885 0.0832669
0.0537947 0.0835999
0.0537055 0.0839338
0.0536172 0.0842687
0.05353 0.0846046
0.0534438 0.0849414
0.0533586 0.0852792
0.0532743 0.0856179
0.0531911 0.0859576
0.0531089 0.0862983
0.0530276 0.0866399
0.0529473 0.0869826
0.0528679 0.0873262
0.0527895 0.0876708
0.0527121 0.0880165
0.0526356 0.0883631
0.0525601 0.0887107
0.0524855 0.0890594
0.0524118 0.089409
0.052339 0.0897597
0.0522672 0.0901114
0.0521962 0.0904642
0.0521262 0.0908179
0.0520571 0.0911728
0.0519889 0.0915286
0.0519215 0.0918856
0.0518551 0.0922435
0.0517895 0.0926026
0.0517248 0.0929627
0.051661 0.0933239
0.051598 0.0936861
0.0515359 0.0940495
0.0514746 0.0944139
0.0514142 0.0947795
0.0513547 0.0951461
0.051296 0.0955139
0.0512381 0.0958828
0.0511811 0.0962528
0.0511249 0.0966239
0.0510695 0.0969961
0.0510149 0.0973695
0.0509612 0.0977441
0.0509082 0.0981198
0.0508561 0.0984966
0.0508048 0.0988746
0.0507542 0.0992538
0.0507045 0.0996342
0.0506555 0.100016
0.0506074 0.100399
0.05056 0.100782
0.0505134 0.101168
0.0504676 0.101554
0.0504226 0.101942
0.0503783 0.10233
0.0503348 0.10272
0.050292 0.103112
0.05025 0.103504
0.0502088 0.103898
0.0501683 0.104293
0.0501286 0.10469
0.0500896 0.105087
0.0500514 0.105486
0.0500139 0.105886
0.0499771 0.106288
0.0499411 0.106691
0.0499058 0.107095
0.0498712 0.1075
0.0498373 0.107907
0.0498042 0.108315
0.0497718 0.108725
0.0497401 0.109136
0.0497091 0.109548
0.0496789 0.109962
0.0496493 0.110377
0.0496205 0.110793
0.0495923 0.111211
0.0495649 0.11163
0.0495381 0.112051
0.0495121 0.112473
0.0494867 0.112897
0.0494621 0.113322
0.0494381 0.113749
0.0494148 0.114177
0.0493922 0.114606
0.0493703 0.115037
0.0493491 0.115469
0.0493285 0.115904
0.0493087 0.116339
0.0492895 0.116776
0.049271 0.117215
0.0492531 0.117655
0.049236 0.118097
0.0492195 0.11854
0.0492036 0.118985
0.0491885 0.119432
0.049174 0.11988
0.0491601 0.120329
0.0491469 0.120781
0.0491344 0.121234
0.0491226 0.121689
0.0491114 0.122145
0.0491008 0.122603
0.049091 0.123063
0.0490817 0.123525
0.0490732 0.123988
0.0490652 0.124453
0.049058 0.124919
0.0490514 0.125388
0.0490454 0.125858
0.0490401 0.12633
0.0490354 0.126804
0.0490314 0.12728
0.049028 0.127757
0.0490253 0.128237
0.0490232 0.128718
0.0490218 0.129201
0.049021 0.129686
0.0490208 0.130173
0.0490213 0.130662
0.0490224 0.131152
0.0490242 0.131645
0.0490266 0.13214
0.0490297 0.132636
0.0490334 0.133135
0.0490377 0.133635
0.0490427 0.134138
0.0490483 0.134643
0.0490546 0.135149
0.0490615 0.135658
0.0490691 0.136169
0.0490773 0.136682
0.0490861 0.137197
0.0490956 0.137714
0.0491057 0.138233
0.0491164 0.138755
0.0491278 0.139279
0.0491399 0.139805
0.0491526 0.140333
0.0491659 0.140863
0.0491799 0.141396
0.0491945 0.141931
0.0492097 0.142468
0.0492256 0.143008
0.0492422 0.14355
0.0492594 0.144094
0.0492773 0.14464
0.0492958 0.145189
0.0493149 0.145741
0.0493347 0.146295
0.0493552 0.146851
0.0493763 0.14741
0.049398 0.147971
0.0494204 0.148535
0.0494435 0.149101
0.0494672 0.14967
0.0494916 0.150242
0.0495167 0.150816
0.0495424 0.151393
0.0495688 0.151972
0.0495958 0.152554
0.0496235 0.153139
0.0496519 0.153727
0.0496809 0.154317
0.0497106 0.15491
0.049741 0.155506
0.0497721 0.156104
0.0498038 0.156706
0.0498362 0.15731
0.0498693 0.157917
0.0499031 0.158527
0.0499376 0.159141
0.0499728 0.159757
0.0500086 0.160376
0.0500452 0.160998
0.0500824 0.161623
0.0501203 0.162251
0.050159 0.162883
0.0501983 0.163517
0.0502383 0.164155
0.0502791 0.164796
0.0503206 0.16544
0.0503627 0.166087
0.0504056 0.166738
0.0504492 0.167392
0.0504936 0.168049
0.0505386 0.168709
0.0505844 0.169374
0.050631 0.170041
0.0506782 0.170712
0.0507262 0.171386
0.050775 0.172065
0.0508245 0.172746
0.0508747 0.173431
0.0509257 0.17412
0.0509775 0.174813
0.05103 0.175509
0.0510833 0.176209
0.0511373 0.176913
0.0511921 0.17762
0.0512477 0.178332
0.0513041 0.179047
0.0513613 0.179766
0.0514193 0.180489
0.051478 0.181216
0.0515376 0.181948
0.051598 0.182683
0.0516592 0.183422
0.0517212 0.184166
0.051784 0.184914
0.0518476 0.185666
0.0519121 0.186422
0.0519774 0.187183
0.0520436 0.187948
0.0521106 0.188718
0.0521784 0.189492
0.0522471 0.19027
0.0523167 0.191053
0.0523872 0.191841
0.0524585 0.192633
0.0525307 0.19343
0.0526038 0.194231
0.0526778 0.195038
0.0527527 0.195849
0.0528285 0.196665
0.0529053 0.197487
0.0529829 0.198313
0.0530615 0.199144
0.053141 0.19998
0.0532215 0.200821
0.0533029 0.201668
0.0533852 0.20252
0.0534686 0.203377
0.0535529 0.204239
0.0536382 0.205107
0.0537245 0.205981
0.0538118 0.20686
0.0539001 0.207744
0.0539894 0.208634
0.0540797 0.20953
0.0541711 0.210432
0.0542635 0.211339
0.0543569 0.212252
0.0544515 0.213172
0.054547 0.214097
0.0546437 0.215028
0.0547415 0.215966
0.0548403 0.21691
0.0549403 0.21786
0.0550414 0.218816
0.0551436 0.219779
0.055247 0.220748
0.0553515 0.221724
0.0554572 0.222706
0.055564 0.223695
0.0556721 0.224691
0.0557813 0.225694
0.0558918 0.226704
0.0560034 0.22772
0.0561163 0.228744
0.0562305 0.229775
0.0563459 0.230813
0.0564626 0.231858
0.0565805 0.232911
0.0566998 0.233971
0.0568204 0.235039
0.0569423 0.236115
0.0570655 0.237198
0.0571901 0.238289
0.057316 0.239388
0.0574434 0.240495
0.0575721 0.24161
0.0577023 0.242733
0.0578339 0.243864
0.0579669 0.245004
0.0581014 0.246152
0.0582374 0.247309
0.0583748 0.248474
0.0585138 0.249648
0.0586543 0.250831
0.0587963 0.252023
0.05894 0.253224
0.0590852 0.254434
0.059232 0.255653
0.0593804 0.256882
0.0595304 0.25812
0.0596822 0.259367
0.0598356 0.260625
0.0599907 0.261892
0.0601475 0.263169
0.060306 0.264455
0.0604664 0.265753
0.0606285 0.26706
0.0607924 0.268378
0.0609581 0.269706
0.0611257 0.271044
0.0612952 0.272394
0.0614666 0.273754
0.0616399 0.275125
0.0618151 0.276508
0.0619924 0.277901
0.0621716 0.279306
0.0623528 0.280723
0.0625361 0.282151
0.0627215 0.28359
0.062909 0.285042
0.0630987 0.286505
0.0632905 0.287981
0.0634844 0.289469
0.0636807 0.29097
0.0638791 0.292483
0.0640799 0.294008
0.064283 0.295547
0.0644884 0.297099
0.0646962 0.298663
0.0649064 0.300241
0.0651191 0.301833
0.0653342 0.303438
0.0655519 0.305057
0.0657721 0.30669
0.0659949 0.308337
0.0662204 0.309998
0.0664485 0.311673
0.0666793 0.313363
0.0669128 0.315068
0.0671492 0.316788
0.0673883 0.318522
0.0676304 0.320272
0.0678753 0.322038
0.0681232 0.323819
0.0683741 0.325615
0.068628 0.327428
0.068885 0.329256
0.0691452 0.331101
0.0694085 0.332962
0.0696751 0.33484
0.0699449 0.336734
0.0702181 0.338646
0.0704947 0.340574
0.0707747 0.34252
0.0710582 0.344484
0.0713452 0.346465
0.0716358 0.348464
0.0719301 0.350481
0.0722281 0.352516
0.0725298 0.354569
0.0728354 0.356642
0.0731449 0.358733
0.0734583 0.360842
0.0737758 0.362971
0.0740973 0.36512
0.074423 0.367288
0.0747529 0.369475
0.0750871 0.371682
0.0754256 0.37391
0.0757685 0.376157
0.076116 0.378426
0.076468 0.380714
0.0768247 0.383024
0.0771861 0.385354
0.0775523 0.387705
0.0779234 0.390078
0.0782995 0.392472
0.0786805 0.394888
0.0790668 0.397326
0.0794582 0.399786
0.079855 0.402267
0.0802571 0.404771
0.0806648 0.407298
0.081078 0.409847
0.0814969 0.412419
0.0819216 0.415013
0.0823521 0.417631
0.0827886 0.420272
0.0832312 0.422936
0.08368 0.425624
0.084135 0.428335
0.0845965 0.43107
0.0850644 0.433829
0.085539 0.436611
0.0860203 0.439418
0.0865085 0.442248
0.0870036 0.445103
0.0875058 0.447981
0.0880152 0.450885
0.0885319 0.453812
0.0890561 0.456764
0.0895879 0.45974
0.0901274 0.462741
0.0906748 0.465766
0.0912302 0.468815
0.0917937 0.471889
0.0923655 0.474988
0.0929457 0.47811
0.0935345 0.481258
0.094132 0.484429
0.0947384 0.487625
0.0953538 0.490845
0.0959784 0.494089
0.0966123 0.497357
0.0972557 0.500648
0.0979088 0.503964
0.0985717 0.507303
0.0992446 0.510665
0.0999277 0.51405
0.100621 0.517458
0.101325 0.52089
0.10204 0.524343
0.102765 0.527819
0.103502 0.531316
0.10425 0.534835
0.105009 0.538376
0.10578 0.541937
0.106563 0.545519
0.107358 0.549121
0.108165 0.552743
0.108985 0.556384
0.109817 0.560044
0.110663 0.563722
0.111521 0.567419
0.112392 0.571132
0.113277 0.574863
0.114176 0.578609
0.115089 0.582372
0.116016 0.586149
0.116957 0.589941
0.117913 0.593746
0.118884 0.597565
0.119869 0.601395
0.120871 0.605238
0.121887 0.609091
0.12292 0.612955
0.123968 0.616828
0.125033 0.620709
0.126115 0.624598
0.127213 0.628494
0.128328 0.632395
0.12946 0.636302
0.13061 0.640213
0.131778 0.644127
0.132963 0.648044
0.134167 0.651962
0.135389 0.65588
0.13663 0.659797
0.137891 0.663713
0.13917 0.667627
0.140469 0.671537
0.141787 0.675442
0.143126 0.679341
0.144485 0.683234
0.145864 0.687119
0.147264 0.690995
0.148685 0.694862
0.150128 0.698718
0.151592 0.702561
0.153077 0.706392
0.154585 0.710209
0.156115 0.714011
0.157667 0.717797
0.159243 0.721566
0.160841 0.725316
0.162462 0.729048
0.164106 0.73276
0.165775 0.736451
0.167467 0.74012
0.169183 0.743766
0.170924 0.747388
0.172689 0.750986
0.174479 0.754558
0.176294 0.758103
0.178134 0.761622
0.179999 0.765112
0.18189 0.768574
0.183807 0.772006
0.185749 0.775408
0.187718 0.778779
0.189713 0.782118
0.191735 0.785425
0.193783 0.788699
0.195858 0.791939
0.19796 0.795146
0.200089 0.798318
0.202245 0.801455
0.204429 0.804556
0.20664 0.807622
0.208879 0.810651
0.211146 0.813644
0.213441 0.816599
0.215763 0.819517
0.218114 0.822398
0.220493 0.825241
0.2229 0.828046
0.225336 0.830813
0.2278 0.833541
0.230292 0.836231
0.232813 0.838883
0.235363 0.841496
0.237941 0.84407
0.240548 0.846606
0.243183 0.849103
0.245848 0.851562
0.248541 0.853983
0.251263 0.856365
0.254013 0.858709
0.256793 0.861015
0.259601 0.863283
0.262437 0.865513
0.265302 0.867706
0.268196 0.869861
0.271119 0.87198
0.274069 0.874062
0.277048 0.876108
0.280056 0.878117
0.283091 0.88009
0.286155 0.882028
0.289246 0.883931
0.292366 0.8858
0.295513 0.887633
0.298688 0.889433
0.30189 0.891199
0.305119 0.892931
0.308375 0.894631
0.311658 0.896298
0.314968 0.897933
0.318305 0.899537
0.321667 0.901109
0.325056 0.902651
0.32847 0.904162
0.33191 0.905643
0.335376 0.907095
0.338866 0.908517
0.342381 0.909911
0.345921 0.911277
0.349484 0.912615
0.353072 0.913926
0.356683 0.91521
0.360317 0.916468
0.363975 0.917699
0.367654 0.918905
0.371356 0.920086
0.37508 0.921243
0.378825 0.922375
0.382591 0.923483
0.386378 0.924568
0.390185 0.92563
0.394011 0.926669
0.397857 0.927687
0.401722 0.928682
0.405605 0.929657
0.409506 0.93061
0.413424 0.931543
0.41736 0.932456
0.421312 0.933349
0.42528 0.934222
0.429263 0.935077
0.433261 0.935913
0.437274 0.936731
0.4413 0.937531
0.445339 0.938313
0.449392 0.939078
0.453456 0.939827
0.457532 0.940558
0.461619 0.941274
0.465716 0.941974
0.469822 0.942658
0.473938 0.943327
0.478063 0.943982
0.482195 0.944621
0.486334 0.945246
0.49048 0.945858
0.494632 0.946455
0.498788 0.947039
0.50295 0.94761
0.507115 0.948168
0.511284 0.948714
0.515455 0.949247
0.519628 0.949768
0.523802 0.950277
0.527977 0.950774
0.532152 0.95126
0.536325 0.951735
0.540497 0.952199
0.544667 0.952653
0.548834 0.953096
0.552997 0.953528
0.557155 0.953951
0.561309 0.954364
0.565457 0.954767
0.569598 0.955161
0.573732 0.955545
0.577859 0.955921
0.581976 0.956287
0.586085 0.956645
0.590184 0.956995
0.594272 0.957336
0.598349 0.957669
0.602414 0.957994
0.606466 0.958312
0.610505 0.958621
0.61453 0.958924
0.618541 0.959218
0.622537 0.959506
0.626517 0.959787
0.63048 0.96006
0.634427 0.960327
0.638356 0.960588
0.642267 0.960842
0.646159 0.961089
0.650032 0.96133
0.653885 0.961566
0.657717 0.961795
0.661529 0.962018
0.66532 0.962236
0.669088 0.962448
0.672834 0.962654
0.676557 0.962855
0.680257 0.963051
0.683933 0.963242
0.687585 0.963427
0.691212 0.963608
0.694814 0.963784
0.69839 0.963955
0.701941 0.964121
0.705465 0.964283
0.708963 0.96444
0.712434 0.964592
0.715878 0.964741
0.719294 0.964885
0.722683 0.965025
0.726043 0.965161
0.729375 0.965293
0.732679 0.965421
0.735953 0.965545
0.739199 0.965665
0.742415 0.965782
0.745602 0.965895
0.74876 0.966004
0.751887 0.96611
0.754985 0.966213
0.758053 0.966312
0.76109 0.966408
0.764097 0.9665
0.767074 0.96659
0.770021 0.966676
0.772937 0.966759
0.775823 0.96684
0.778678 0.966917
0.781502 0.966991
0.784296 0.967063
0.78706 0.967132
0.789793 0.967198
0.792495 0.967262
0.795167 0.967323
0.797809 0.967381
0.80042 0.967437
0.803001 0.96749
0.805552 0.967541
0.808072 0.967589
0.810563 0.967635
0.813024 0.967679
0.815455 0.967721
0.817856 0.96776
0.820228 0.967797
0.82257 0.967832
0.824884 0.967865
0.827168 0.967896
0.829423 0.967925
0.83165 0.967952
0.833848 0.967977
0.836018 0.968
0.83816 0.968021
0.840274 0.96804
0.84236 0.968058
0.844418 0.968073
0.84645 0.968087
0.848454 0.9681
0.850431 0.96811
0.852382 0.968119
0.854306 0.968126
0.856205 0.968132
0.858077 0.968136
0.859924 0.968139
0.861745 0.96814
0.863541 0.968139
0.865312 0.968137
0.867059 0.968134
0.868781 0.968129
0.870479 0.968123
0.872153 0.968116
0.873804 0.968107
0.875431 0.968097
0.877034 0.968085
0.878616 0.968073
0.880174 0.968059
0.88171 0.968044
0.883224 0.968027
0.884716 0.96801
0.886187 0.967991
0.887637 0.967971
0.889065 0.967951
0.890473 0.967929
0.89186 0.967905
0.893227 0.967881
0.894574 0.967856
0.895901 0.96783
0.897209 0.967803
0.898497 0.967774
0.899767 0.967745
0.901018 0.967715
0.90225 0.967684
0.903465 0.967652
0.904661 0.967619
0.905839 0.967585
0.907001 0.96755
0.908145 0.967515
0.909272 0.967478
0.910382 0.967441
0.911476 0.967403
0.912553 0.967364
0.913614 0.967325
0.91466 0.967284
0.91569 0.967243
0.916705 0.967201
0.917705 0.967159
0.918689 0.967115
0.919659 0.967071
0.920615 0.967026
0.921556 0.966981
0.922484 0.966935
0.923397 0.966888
0.924297 0.96684
0.925183 0.966792
0.926057 0.966743
0.926917 0.966694
0.927764 0.966644
0.928599 0.966593
0.929422 0.966542
0.930232 0.96649
0.93103 0.966438
0.931816 0.966385
0.932591 0.966332
0.933354 0.966278
0.934106 0.966223
0.934847 0.966168
0.935576 0.966113
0.936295 0.966057
0.937003 0.966
0.937701 0.965943
0.938389 0.965885
0.939066 0.965827
0.939734 0.965769
0.940391 0.96571
0.941039 0.965651
0.941678 0.965591
0.942307 0.965531
0.942927 0.96547
0.943538 0.965409
0.944139 0.965347
0.944733 0.965286
0.945317 0.965223
0.945893 0.965161
0.946461 0.965098
0.94702 0.965034
0.947571 0.96497
0.948115 0.964906
0.94865 0.964842
0.949178 0.964777
0.949698 0.964712
0.950211 0.964646
0.950716 0.96458
0.951214 0.964514
0.951705 0.964447
0.952189 0.964381
0.952666 0.964313
0.953136 0.964246
0.953599 0.964178
0.954056 0.96411
0.954507 0.964042
0.954951 0.963973
0.955389 0.963904
0.95582 0.963835
0.956246 0.963766
0.956666 0.963696
0.957079 0.963626
0.957487 0.963556
0.957889 0.963485
0.958286 0.963415
0.958677 0.963344
0.959063 0.963272
0.959443 0.963201
0.959818 0.963129
0.960188 0.963058
0.960553 0.962985
0.960913 0.962913
0.961268 0.962841
0.961618 0.962768
0.961963 0.962695
0.962303 0.962622
0.962639 0.962549
0.962971 0.962475
0.963297 0.962402
0.96362 0.962328
0.963938 0.962254
0.964252 0.962179
0.964561 0.962105
0.964867 0.96203
0.965168 0.961956
0.965465 0.961881
0.965759 0.961806
0.966048 0.961731
0.966334 0.961655
0.966615 0.96158
0.966894 0.961504
0.967168 0.961428
0.967439 0.961352
0.967706 0.961276
0.96797 0.9612
0.96823 0.961124
0.968487 0.961047
0.968741 0.960971
0.968991 0.960894
0.969238 0.960817
0.969482 0.96074
0.969723 0.960663
0.96996 0.960586
0.970195 0.960509
0.970426 0.960431
0.970655 0.960354
0.970881 0.960276
0.971104 0.960199
0.971324 0.960121
0.971541 0.960043
0.971755 0.959965
0.971967 0.959887
0.972176 0.959809
0.972383 0.959731
0.972587 0.959652
0.972788 0.959574
0.972987 0.959495
0.973183 0.959417
0.973377 0.959338
0.973569 0.959259
0.973758 0.959181
0.973945 0.959102
0.974129 0.959023
0.974312 0.958944
0.974492 0.958865
0.97467 0.958786
0.974845 0.958707
0.975019 0.958627
0.975191 0.958548
0.97536 0.958469
0.975527 0.95839
0.975693 0.95831
0.975856 0.958231
0.976018 0.958151
0.976177 0.958072
0.976335 0.957992
0.97649 0.957912
0.976644 0.957833
0.976796 0.957753
0.976947 0.957673
0.977095 0.957593
0.977242 0.957514
0.977387 0.957434
0.97753 0.957354
0.977672 0.957274
0.977812 0.957194
0.97795 0.957114
0.978087 0.957034
0.978222 0.956954
0.978356 0.956874
0.978488 0.956794
0.978618 0.956714
0.978748 0.956634
0.978875 0.956554
0.979001 0.956474
0.979126 0.956394
0.979249 0.956314
0.979371 0.956233
0.979492 0.956153
0.979611 0.956073
0.979729 0.955993
0.979845 0.955913
0.979961 0.955833
0.980074 0.955752
0.980187 0.955672
0.980298 0.955592
0.980409 0.955512
0.980518 0.955432
0.980625 0.955351
0.980732 0.955271
0.980837 0.955191
0.980941 0.955111
0.981045 0.955031
0.981146 0.954951
0.981247 0.954871
0.981347 0.95479
0.981446 0.95471
0.981543 0.95463
0.98164 0.95455
0.981735 0.95447
0.98183 0.95439
0.981923 0.95431
0.982016 0.95423
0.982107 0.95415
0.982198 0.95407
0.982287 0.95399
0.982376 0.95391
0.982463 0.95383
0.98255 0.95375
0.982636 0.95367
0.982721 0.95359
0.982805 0.95351
0.982888 0.95343
0.98297 0.953351
0.983052 0.953271
0.983132 0.953191
0.983212 0.953111
0.983291 0.953032
0.983369 0.952952
0.983446 0.952872
0.983522 0.952793
0.983598 0.952713
0.983673 0.952634
0.983747 0.952554
0.98382 0.952475
0.983893 0.952395
0.983965 0.952316
0.984036 0.952236
0.984107 0.952157
0.984176 0.952078
0.984245 0.951998
0.984314 0.951919
0.984381 0.95184
0.984448 0.951761
0.984514 0.951682
0.98458 0.951603
0.984645 0.951524
0.984709 0.951445
0.984773 0.951366
0.984836 0.951287
0.984898 0.951208
0.98496 0.951129
0.985021 0.95105
0.985082 0.950972
0.985142 0.950893
0.985201 0.950814
0.98526 0.950736
0.985318 0.950657
0.985376 0.950579
0.985433 0.9505
0.98549 0.950422
0.985546 0.950343
0.985601 0.950265
0.985656 0.950187
0.98571 0.950109
0.985764 0.95003
0.985818 0.949952
0.98587 0.949874
0.985923 0.949796
0.985975 0.949718
0.986026 0.94964
0.986077 0.949562
0.986127 0.949485
0.986177 0.949407
0.986226 0.949329
0.986275 0.949252
0.986324 0.949174
0.986372 0.949096
0.986419 0.949019
0.986467 0.948942
0.986513 0.948864
0.986559 0.948787
0.986605 0.94871
0.986651 0.948632
0.986696 0.948555
0.98674 0.948478
0.986784 0.948401
0.986828 0.948324
0.986871 0.948247
0.986914 0.94817
0.986957 0.948094
0.986999 0.948017
0.987041 0.94794
0.987082 0.947864
0.987123 0.947787
0.987163 0.947711
0.987204 0.947634
0.987244 0.947558
0.987283 0.947482
0.987322 0.947405
0.987361 0.947329
0.987399 0.947253
0.987437 0.947177
0.987475 0.947101
0.987513 0.947025
0.98755 0.946949
0.987586 0.946873
0.987623 0.946798
0.987659 0.946722
0.987694 0.946646
0.98773 0.946571
0.987765 0.946495
0.9878 0.94642
0.987834 0.946345
0.987868 0.946269
0.987902 0.946194
0.987936 0.946119
0.987969 0.946044
0.988002 0.945969
0.988035 0.945894
0.988067 0.945819
0.988099 0.945744
0.988131 0.945669
0.988163 0.945595
0.988194 0.94552
0.988225 0.945445
0.988255 0.945371
0.988286 0.945297
0.988316 0.945222
0.988346 0.945148
0.988376 0.945074
0.988405 0.945
0.988434 0.944925
0.988463 0.944851
0.988492 0.944777
0.98852 0.944704
0.988548 0.94463
0.988576 0.944556
0.988604 0.944482
0.988631 0.944409
0.988658 0.944335
0.988685 0.944262
0.988712 0.944188
0.988738 0.944115
0.988765 0.944042
0.988791 0.943969
0.988817 0.943896
0.988842 0.943823
0.988867 0.94375
0.988893 0.943677
0.988918 0.943604
0.988942 0.943531
0.988967 0.943458
0.988991 0.943386
0.989015 0.943313
0.989039 0.943241
0.989063 0.943168
0.989086 0.943096
0.989109 0.943024
0.989133 0.942952
0.989155 0.942879
0.989178 0.942807
0.989201 0.942735
0.989223 0.942664
0.989245 0.942592
0.989267 0.94252
0.989289 0.942448
0.98931 0.942377
0.989332 0.942305
0.989353 0.942234
0.989374 0.942162
0.989395 0.942091
0.989415 0.94202
0.989436 0.941948
0.989456 0.941877
0.989476 0.941806
0.989496 0.941735
0.989516 0.941664
0.989536 0.941594
0.989555 0.941523
0.989575 0.941452
0.989594 0.941382
0.989613 0.941311
0.989632 0.941241
0.989651 0.94117
0.989669 0.9411
0.989687 0.94103
0.989706 0.94096
0.989724 0.940889
0.989742 0.940819
0.98976 0.940749
0.989777 0.94068
0.989795 0.94061
0.989812 0.94054
0.989829 0.94047
0.989846 0.940401
0.989863 0.940331
0.98988 0.940262
0.989897 0.940192
0.989913 0.940123
0.98993 0.940054
0.989946 0.939985
0.989962 0.939916
0.989978 0.939847
0.989994 0.939778
0.990009 0.939709
0.990025 0.93964
0.99004 0.939571
0.990056 0.939503
0.990071 0.939434
0.990086 0.939366
0.990101 0.939297
0.990116 0.939229
0.990131 0.939161
0.990145 0.939093
0.99016 0.939024
0.990174 0.938956
0.990188 0.938888
0.990202 0.93882
0.990216 0.938753
0.99023 0.938685
0.990244 0.938617
0.990258 0.93855
0.990271 0.938482
0.990285 0.938415
0.990298 0.938347
0.990311 0.93828
0.990324 0.938213
0.990337 0.938145
0.99035 0.938078
0.990363 0.938011
0.990376 0.937944
0.990388 0.937877
0.990401 0.937811
0.990413 0.937744
0.990425 0.937677
0.990437 0.937611
0.990449 0.937544
0.990461 0.937478
0.990473 0.937411
0.990485 0.937345
0.990497 0.937279
0.990508 0.937212
0.99052 0.937146
0.990531 0.93708
0.990543 0.937014
0.990554 0.936948
0.990565 0.936883
0.990576 0.936817
0.990587 0.936751
0.990598 0.936686
0.990608 0.93662
0.990619 0.936555
0.99063 0.936489
0.99064 0.936424
0.990651 0.936359
0.990661 0.936294
0.990671 0.936229
0.990681 0.936164
0.990691 0.936099
0.990701 0.936034
0.990711 0.935969
0.990721 0.935904
0.990731 0.93584
0.990741 0.935775
0.99075 0.93571
0.99076 0.935646
0.990769 0.935582
0.990778 0.935517
0.990788 0.935453
0.990797 0.935389
0.990806 0.935325
0.990815 0.935261
0.990824 0.935197
0.990833 0.935133
0.990842 0.935069
0.990851 0.935005
0.990859 0.934942
0.990868 0.934878
0.990876 0.934815
0.990885 0.934751
0.990893 0.934688
0.990902 0.934624
0.99091 0.934561
0.990918 0.934498
0.990926 0.934435
0.990934 0.934372
0.990942 0.934309
0.99095 0.934246
0.990958 0.934183
0.990966 0.93412
0.990973 0.934058
0.990981 0.933995
0.990989 0.933932
0.990996 0.93387
0.991004 0.933807
0.991011 0.933745
0.991018 0.933683
0.991026 0.933621
0.991033 0.933558
0.99104 0.933496
0.991047 0.933434
0.991054 0.933372
0.991061 0.933311
0.991068 0.933249
0.991075 0.933187
0.991082 0.933125
0.991088 0.933064
0.991095 0.933002
0.991102 0.932941
0.991108 0.932879
0.991115 0.932818
0.991121 0.932757
0.991128 0.932696
0.991134 0.932634
0.99114 0.932573
0.991147 0.932512
0.991153 0.932451
0.991159 0.932391
0.991165 0.93233
0.991171 0.932269
0.991177 0.932208
0.991183 0.932148
0.991189 0.932087
0.991195 0.932027
0.9912 0.931967
0.991206 0.931906
0.991212 0.931846
0.991217 0.931786
0.991223 0.931726
0.991229 0.931666
0.991234 0.931606
0.991239 0.931546
0.991245 0.931486
0.99125 0.931426
0.991255 0.931366
0.991261 0.931307
0.991266 0.931247
0.991271 0.931188
0.991276 0.931128
0.991281 0.931069
0.991286 0.931009
0.991291 0.93095
0.991296 0.930891
0.991301 0.930832
0.991306 0.930773
0.991311 0.930714
0.991315 0.930655
0.99132 0.930596
0.991325 0.930537
0.991329 0.930478
0.991334 0.93042
0.991338 0.930361
0.991343 0.930302
0.991347 0.930244
0.991352 0.930185
0.991356 0.930127
0.99136 0.930069
0.991365 0.930011
0.991369 0.929952
0.991373 0.929894
0.991377 0.929836
0.991381 0.929778
0.991386 0.92972
0.99139 0.929662
0.991394 0.929605
0.991398 0.929547
0.991402 0.929489
0.991405 0.929432
0.991409 0.929374
0.991413 0.929317
0.991417 0.929259
0.991421 0.929202
0.991424 0.929145
0.991428 0.929087
0.991432 0.92903
0.991435 0.928973
0.991439 0.928916
0.991443 0.928859
0.991446 0.928802
0.991449 0.928745
0.991453 0.928689
0.991456 0.928632
0.99146 0.928575
0.991463 0.928519
0.991466 0.928462
0.99147 0.928405
0.991473 0.928349
0.991476 0.928293
0.991479 0.928236
0.991482 0.92818
0.991486 0.928124
0.991489 0.928068
0.991492 0.928012
0.991495 0.927956
0.991498 0.9279
0.991501 0.927844
0.991504 0.927788
0.991506 0.927732
0.991509 0.927677
0.991512 0.927621
0.991515 0.927565
0.991518 0.92751
0.99152 0.927454
0.991523 0.927399
0.991526 0.927344
0.991529 0.927288
0.991531 0.927233
0.991534 0.927178
0.991536 0.927123
0.991539 0.927068
0.991541 0.927013
0.991544 0.926958
0.991546 0.926903
0.991549 0.926848
0.991551 0.926794
0.991554 0.926739
0.991556 0.926684
0.991558 0.92663
0.991561 0.926575
0.991563 0.926521
0.991565 0.926466
0.991567 0.926412
0.99157 0.926358
0.991572 0.926303
0.991574 0.926249
0.991576 0.926195
0.991578 0.926141
0.99158 0.926087
0.991582 0.926033
0.991584 0.925979
0.991586 0.925925
0.991588 0.925871
0.99159 0.925818
0.991592 0.925764
0.991594 0.92571
0.991596 0.925657
0.991598 0.925603
0.9916 0.92555
0.991601 0.925497
0.991603 0.925443
0.991605 0.92539
0.991607 0.925337
0.991608 0.925284
0.99161 0.925231
0.991612 0.925177
0.991613 0.925125
0.991615 0.925072
0.991617 0.925019
0.991618 0.924966
0.99162 0.924913
0.991621 0.92486
0.991623 0.924808
0.991624 0.924755
0.991626 0.924703
0.991627 0.92465
0.991629 0.924598
0.99163 0.924545
0.991632 0.924493
0.991633 0.924441
0.991634 0.924388
0.991636 0.924336
0.991637 0.924284
0.991638 0.924232
0.99164 0.92418
0.991641 0.924128
0.991642 0.924076
0.991643 0.924024
0.991645 0.923972
0.991646 0.923921
0.991647 0.923869
0.991648 0.923817
0.991649 0.923766
0.99165 0.923714
0.991651 0.923663
0.991652 0.923611
0.991653 0.92356
0.991655 0.923509
0.991656 0.923457
0.991657 0.923406
0.991658 0.923355
0.991658 0.923304
0.991659 0.923253
0.99166 0.923202
0.991661 0.923151
0.991662 0.9231
0.991663 0.923049
0.991664 0.922998
0.991665 0.922948
0.991666 0.922897
0.991666 0.922846
0.991667 0.922796
0.991668 0.922745
0.991669 0.922695
0.99167 0.922644
0.99167 0.922594
0.991671 0.922543
0.991672 0.922493
0.991672 0.922443
0.991673 0.922393
0.991674 0.922342
0.991674 0.922292
0.991675 0.922242
0.991676 0.922192
0.991676 0.922142
0.991677 0.922093
0.991677 0.922043
0.991678 0.921993
0.991678 0.921943
0.991679 0.921893
0.991679 0.921844
0.99168 0.921794
0.99168 0.921745
0.991681 0.921695
0.991681 0.921646
0.991682 0.921596
0.991682 0.921547
0.991683 0.921498
0.991683 0.921448
0.991683 0.921399
0.991684 0.92135
0.991684 0.921301
0.991684 0.921252
0.991685 0.921203
0.991685 0.921154
0.991685 0.921105
0.991686 0.921056
0.991686 0.921007
0.991686 0.920959
0.991686 0.92091
0.991687 0.920861
0.991687 0.920813
0.991687 0.920764
0.991687 0.920715
0.991687 0.920667
0.991688 0.920618
0.991688 0.92057
0.991688 0.920522
0.991688 0.920473
0.991688 0.920425
0.991688 0.920377
0.991688 0.920329
0.991689 0.920281
0.991689 0.920233
0.991689 0.920185
0.991689 0.920137
0.991689 0.920089
0.991689 0.920041
0.991689 0.919993
0.991689 0.919945
0.991689 0.919897
0.991689 0.91985
0.991689 0.919802
0.991689 0.919754
0.991689 0.919707
0.991689 0.919659
0.991689 0.919612
0.991688 0.919564
0.991688 0.919517
0.991688 0.91947
0.991688 0.919422
0.991688 0.919375
0.991688 0.919328
0.991688 0.919281
0.991688 0.919234
0.991687 0.919187
0.991687 0.91914
0.991687 0.919093
0.991687 0.919046
0.991687 0.918999
0.991686 0.918952
0.991686 0.918905
0.991686 0.918858
0.991686 0.918812
0.991686 0.918765
0.991685 0.918718
0.991685 0.918672
0.991685 0.918625
0.991684 0.918579
0.991684 0.918532
0.991684 0.918486
0.991684 0.91844
0.991683 0.918393
0.991683 0.918347
0.991683 0.918301
0.991682 0.918254
0.991682 0.918208
0.991681 0.918162
0.991681 0.918116
0.991681 0.91807
0.99168 0.918024
0.99168 0.917978
0.991679 0.917932
0.991679 0.917886
0.991679 0.917841
0.991678 0.917795
0.991678 0.917749
0.991677 0.917703
0.991677 0.917658
0.991676 0.917612
0.991676 0.917567
0.991675 0.917521
0.991675 0.917476
0.991674 0.91743
0.991674 0.917385
0.991673 0.917339
0.991673 0.917294
0.991672 0.917249
0.991672 0.917203
0.991671 0.917158
0.991671 0.917113
0.99167 0.917068
0.991669 0.917023
0.991669 0.916978
0.991668 0.916933
0.991668 0.916888
0.991667 0.916843
0.991667 0.916798
0.991666 0.916753
0.991665 0.916708
0.991665 0.916664
0.991664 0.916619
0.991663 0.916574
0.991663 0.91653
0.991662 0.916485
0.991661 0.91644
0.991661 0.916396
0.99166 0.916351
0.991659 0.916307
0.991659 0.916263
0.991658 0.916218
0.991657 0.916174
0.991657 0.91613
0.991656 0.916085
0.991655 0.916041
0.991654 0.915997
0.991654 0.915953
0.991653 0.915909
0.991652 0.915865
0.991651 0.915821
0.991651 0.915777
0.99165 0.915733
0.991649 0.915689
0.991648 0.915645
0.991647 0.915601
0.991647 0.915557
0.991646 0.915514
0.991645 0.91547
0.991644 0.915426
0.991643 0.915383
0.991643 0.915339
0.991642 0.915295
0.991641 0.915252
0.99164 0.915208
0.991639 0.915165
0.991638 0.915122
0.991638 0.915078
0.991637 0.915035
0.991636 0.914991
0.991635 0.914948
0.991634 0.914905
0.991633 0.914862
0.991632 0.914819
0.991631 0.914775
0.991631 0.914732
0.99163 0.914689
0.991629 0.914646
0.991628 0.914603
0.991627 0.91456
0.991626 0.914517
0.991625 0.914475
0.991624 0.914432
0.991623 0.914389
0.991622 0.914346
0.991621 0.914303
0.99162 0.914261
0.991619 0.914218
0.991618 0.914175
0.991617 0.914133
0.991616 0.91409
0.991615 0.914048
0.991614 0.914005
0.991613 0.913963
0.991612 0.91392
0.991611 0.913878
0.99161 0.913836
0.991609 0.913793
0.991608 0.913751
0.991607 0.913709
0.991606 0.913667
0.991605 0.913625
0.991604 0.913582
0.991603 0.91354
0.991602 0.913498
0.991601 0.913456
0.9916 0.913414
0.991599 0.913372
0.991598 0.91333
0.991597 0.913288
0.991596 0.913246
0.991595 0.913205
0.991594 0.913163
0.991593 0.913121
0.991592 0.913079
0.99159 0.913038
0.991589 0.912996
0.991588 0.912954
0.991587 0.912913
0.991586 0.912871
0.991585 0.91283
0.991584 0.912788
0.991583 0.912747
0.991582 0.912705
0.991581 0.912664
0.991579 0.912622
0.991578 0.912581
0.991577 0.91254
0.991576 0.912498
0.991575 0.912457
0.991574 0.912416
0.991573 0.912375
0.991571 0.912334
0.99157 0.912293
0.991569 0.912252
0.991568 0.91221
0.991567 0.912169
0.991566 0.912128
0.991564 0.912087
0.991563 0.912047
0.991562 0.912006
0.991561 0.911965
0.99156 0.911924
0.991559 0.911883
0.991557 0.911842
0.991556 0.911802
0.991555 0.911761
0.991554 0.91172
0.991553 0.91168
0.991551 0.911639
0.99155 0.911598
0.991549 0.911558
0.991548 0.911517
0.991546 0.911477
0.991545 0.911436
0.991544 0.911396
0.991543 0.911356
0.991542 0.911315
0.99154 0.911275
0.991539 0.911235
0.991538 0.911194
0.991537 0.911154
0.991535 0.911114
0.991534 0.911074
0.991533 0.911033
0.991532 0.910993
0.99153 0.910953
0.991529 0.910913
0.991528 0.910873
0.991527 0.910833
0.991525 0.910793
0.991524 0.910753
0.991523 0.910713
0.991521 0.910673
0.99152 0.910633
0.991519 0.910594
0.991518 0.910554
0.991516 0.910514
0.991515 0.910474
0.991514 0.910435
0.991512 0.910395
0.991511 0.910355
0.99151 0.910316
0.991509 0.910276
0.991507 0.910236
0.991506 0.910197
0.991505 0.910157
0.991503 0.910118
0.991502 0.910078
0.991501 0.910039
0.991499 0.91
0.991498 0.90996
0.991497 0.909921
0.991495 0.909881
0.991494 0.909842
0.991493 0.909803
0.991491 0.909764
0.99149 0.909724
0.991489 0.909685
0.991487 0.909646
0.991486 0.909607
0.991485 0.909568
0.991483 0.909529
0.991482 0.90949
0.991481 0.909451
0.991479 0.909412
0.991478 0.909373
0.991477 0.909334
0.991475 0.909295
0.991474 0.909256
0.991472 0.909217
0.991471 0.909178
0.99147 0.909139
0.991468 0.909101
0.991467 0.909062
0.991466 0.909023
0.991464 0.908985
0.991463 0.908946
0.991461 0.908907
0.99146 0.908869
0.991459 0.90883
0.991457 0.908791
0.991456 0.908753
0.991454 0.908714
0.991453 0.908676
0.991452 0.908637
0.99145 0.908599
0.991449 0.908561
0.991448 0.908522
0.991446 0.908484
0.991445 0.908445
0.991443 0.908407
0.991442 0.908369
0.99144 0.908331
0.991439 0.908292
0.991438 0.908254
0.991436 0.908216
0.991435 0.908178
0.991433 0.90814
0.991432 0.908101
0.991431 0.908063
0.991429 0.908025
0.991428 0.907987
0.991426 0.907949
0.991425 0.907911
0.991423 0.907873
0.991422 0.907835
0.991421 0.907797
0.991419 0.90776
0.991418 0.907722
0.991416 0.907684
0.991415 0.907646
0.991413 0.907608
0.991412 0.90757
0.991411 0.907533
0.991409 0.907495
0.991408 0.907457
0.991406 0.90742
0.991405 0.907382
0.991403 0.907344
0.991402 0.907307
0.9914 0.907269
0.991399 0.907232
0.991398 0.907194
0.991396 0.907157
0.991395 0.907119
0.991393 0.907082
0.991392 0.907044
0.99139 0.907007
0.991389 0.906969
0.991387 0.906932
0.991386 0.906895
0.991384 0.906857
0.991383 0.90682
0.991381 0.906783
0.99138 0.906746
0.991379 0.906708
0.991377 0.906671
0.991376 0.906634
0.991374 0.906597
0.991373 0.90656
0.991371 0.906522
0.99137 0.906485
0.991368 0.906448
0.991367 0.906411
0.991365 0.906374
0.991364 0.906337
0.991362 0.9063
0.991361 0.906263
0.991359 0.906226
0.991358 0.906189
0.991356 0.906153
0.991355 0.906116
0.991353 0.906079
0.991352 0.906042
0.99135 0.906005
0.991349 0.905968
0.991347 0.905932
0.991346 0.905895
0.991344 0.905858
0.991343 0.905821
0.991341 0.905785
0.99134 0.905748
0.991338 0.905711
0.991337 0.905675
0.991335 0.905638
0.991334 0.905602
0.991332 0.905565
0.991331 0.905529
0.991329 0.905492
0.991328 0.905456
0.991326 0.905419
0.991325 0.905383
0.991323 0.905346
0.991322 0.90531
0.99132 0.905273
0.991319 0.905237
0.991317 0.905201
0.991316 0.905164
0.991314 0.905128
0.991313 0.905092
0.991311 0.905055
0.99131 0.905019
0.991308 0.904983
0.991307 0.904947
0.991305 0.904911
0.991304 0.904874
0.991302 0.904838
0.991301 0.904802
0.991299 0.904766
0.991298 0.90473
0.991296 0.904694
0.991295 0.904658
0.991293 0.904622
0.991292 0.904586
0.99129 0.90455
0.991288 0.904514
0.991287 0.904478
0.991285 0.904442
0.991284 0.904406
0.991282 0.90437
0.991281 0.904334
0.991279 0.904298
0.991278 0.904263
0.991276 0.904227
0.991275 0.904191
0.991273 0.904155
0.991272 0.904119
0.99127 0.904084
0.991269 0.904048
0.991267 0.904012
0.991266 0.903977
0.991264 0.903941
0.991262 0.903905
0.991261 0.90387
0.991259 0.903834
0.991258 0.903798
0.991256 0.903763
0.991255 0.903727
0.991253 0.903692
0.991252 0.903656
0.99125 0.903621
0.991249 0.903585
0.991247 0.90355
0.991246 0.903514
0.991244 0.903479
0.991242 0.903444
0.991241 0.903408
0.991239 0.903373
0.991238 0.903337
0.991236 0.903302
0.991235 0.903267
0.991233 0.903231
0.991232 0.903196
0.99123 0.903161
0.991229 0.903126
0.991227 0.90309
0.991225 0.903055
0.991224 0.90302
0.991222 0.902985
0.991221 0.90295
0.991219 0.902914
0.991218 0.902879
0.991216 0.902844
0.991215 0.902809
0.991213 0.902774
0.991211 0.902739
0.99121 0.902704
0.991208 0.902669
0.991207 0.902634
0.991205 0.902599
0.991204 0.902564
0.991202 0.902529
0.991201 0.902494
0.991199 0.902459
0.991198 0.902424
0.991196 0.902389
0.991194 0.902354
0.991193 0.902319
0.991191 0.902285
0.99119 0.90225
0.991188 0.902215
0.991187 0.90218
0.991185 0.902145
0.991183 0.902111
0.991182 0.902076
0.99118 0.902041
0.991179 0.902006
0.991177 0.901972
0.991176 0.901937
0.991174 0.901902
0.991173 0.901868
0.991171 0.901833
0.991169 0.901798
0.991168 0.901764
0.991166 0.901729
0.991165 0.901694
0.991163 0.90166
0.991162 0.901625
0.99116 0.901591
0.991159 0.901556
0.991157 0.901522
0.991155 0.901487
0.991154 0.901453
0.991152 0.901418
0.991151 0.901384
0.991149 0.901349
0.991148 0.901315
0.991146 0.901281
0.991144 0.901246
0.991143 0.901212
0.991141 0.901177
0.99114 0.901143
0.991138 0.901109
0.991137 0.901074
0.991135 0.90104
0.991133 0.901006
0.991132 0.900972
0.99113 0.900937
0.991129 0.900903
0.991127 0.900869
0.991126 0.900835
0.991124 0.9008
0.991122 0.900766
0.991121 0.900732
0.991119 0.900698
0.991118 0.900664
0.991116 0.90063
0.991115 0.900596
0.991113 0.900561
0.991111 0.900527
0.99111 0.900493
0.991108 0.900459
0.991107 0.900425
0.991105 0.900391
0.991104 0.900357
0.991102 0.900323
0.9911 0.900289
0.991099 0.900255
0.991097 0.900221
0.991096 0.900187
0.991094 0.900153
0.991093 0.900119
0.991091 0.900085
0.991089 0.900051
0.991088 0.900017
0.991086 0.899984
0.991085 0.89995
0.991083 0.899916
0.991082 0.899882
0.99108 0.899848
0.991078 0.899814
0.991077 0.899781
0.991075 0.899747
0.991074 0.899713
0.991072 0.899679
0.991071 0.899645
0.991069 0.899612
0.991067 0.899578
0.991066 0.899544
0.991064 0.899511
0.991063 0.899477
0.991061 0.899443
0.99106 0.89941
0.991058 0.899376
0.991056 0.899342
0.991055 0.899309
0.991053 0.899275
0.991052 0.899241
0.99105 0.899208
0.991049 0.899174
0.991047 0.899141
0.991045 0.899107
0.991044 0.899073
0.991042 0.89904
0.991041 0.899006
0.991039 0.898973
0.991038 0.898939
0.991036 0.898906
0.991034 0.898872
0.991033 0.898839
0.991031 0.898805
0.99103 0.898772
0.991028 0.898739
0.991027 0.898705
0.991025 0.898672
0.991023 0.898638
0.991022 0.898605
0.99102 0.898572
0.991019 0.898538
0.991017 0.898505
0.991015 0.898471
0.991014 0.898438
0.991012 0.898405
0.991011 0.898372
0.991009 0.898338
0.991008 0.898305
0.991006 0.898272
0.991004 0.898238
0.991003 0.898205
0.991001 0.898172
0.991 0.898139
0.990998 0.898105
0.990997 0.898072
0.990995 0.898039
0.990993 0.898006
0.990992 0.897973
0.99099 0.897939
0.990989 0.897906
0.990987 0.897873
0.990986 0.89784
0.990984 0.897807
0.990982 0.897774
0.990981 0.89774
0.990979 0.897707
0.990978 0.897674
0.990976 0.897641
0.990974 0.897608
0.990973 0.897575
0.990971 0.897542
0.99097 0.897509
0.990968 0.897476
0.990967 0.897443
0.990965 0.89741
0.990963 0.897377
0.990962 0.897344
0.99096 0.897311
0.990959 0.897278
0.990957 0.897245
0.990956 0.897212
0.990954 0.897179
0.990952 0.897146
0.990951 0.897113
0.990949 0.89708
0.990948 0.897047
0.990946 0.897014
0.990945 0.896981
0.990943 0.896948
0.990941 0.896916
0.99094 0.896883
0.990938 0.89685
0.990937 0.896817
0.990935 0.896784
0.990933 0.896751
0.990932 0.896718
0.99093 0.896686
0.990929 0.896653
0.990927 0.89662
0.990926 0.896587
0.990924 0.896554
0.990922 0.896522
0.990921 0.896489
0.990919 0.896456
0.990918 0.896423
0.990916 0.89639
0.990915 0.896358
0.990913 0.896325
0.990911 0.896292
0.99091 0.89626
0.990908 0.896227
0.990907 0.896194
0.990905 0.896161
0.990904 0.896129
0.990902 0.896096
0.9909 0.896063
0.990899 0.896031
0.990897 0.895998
0.990896 0.895965
0.990894 0.895933
0.990893 0.8959
0.990891 0.895867
0.990889 0.895835
0.990888 0.895802
0.990886 0.89577
0.990885 0.895737
0.990883 0.895704
0.990881 0.895672
0.99088 0.895639
0.990878 0.895607
0.990877 0.895574
0.990875 0.895542
0.990874 0.895509
0.990872 0.895476
0.99087 0.895444
0.990869 0.895411
0.990867 0.895379
0.990866 0.895346
0.990864 0.895314
0.990863 0.895281
0.990861 0.895249
0.990859 0.895216
0.990858 0.895184
0.990856 0.895151
0.990855 0.895119
0.990853 0.895086
0.990852 0.895054
0.99085 0.895022
0.990848 0.894989
0.990847 0.894957
0.990845 0.894924
0.990844 0.894892
0.990842 0.894859
0.990841 0.894827
0.990839 0.894795
0.990837 0.894762
0.990836 0.89473
0.990834 0.894697
0.990833 0.894665
0.990831 0.894633
0.990829 0.8946
0.990828 0.894568
0.990826 0.894536
0.990825 0.894503
0.990823 0.894471
0.990822 0.894438
0.99082 0.894406
0.990818 0.894374
0.990817 0.894341
0.990815 0.894309
0.990814 0.894277
0.990812 0.894245
0.990811 0.894212
0.990809 0.89418
0.990807 0.894148
0.990806 0.894115
0.990804 0.894083
0.990803 0.894051
0.990801 0.894019
0.9908 0.893986
0.990798 0.893954
0.990796 0.893922
0.990795 0.893889
0.990793 0.893857
0.990792 0.893825
0.99079 0.893793
0.990789 0.89376
0.990787 0.893728
0.990785 0.893696
0.990784 0.893664
0.990782 0.893632
0.990781 0.893599
0.990779 0.893567
0.990778 0.893535
0.990776 0.893503
0.990774 0.893471
0.990773 0.893438
0.990771 0.893406
0.99077 0.893374
0.990768 0.893342
0.990767 0.89331
0.990765 0.893277
0.990763 0.893245
0.990762 0.893213
0.99076 0.893181
0.990759 0.893149
0.990757 0.893117
0.990755 0.893085
0.990754 0.893052
0.990752 0.89302
0.990751 0.892988
0.990749 0.892956
0.990748 0.892924
0.990746 0.892892
0.990744 0.89286
0.990743 0.892827
0.990741 0.892795
0.99074 0.892763
0.990738 0.892731
0.990737 0.892699
0.990735 0.892667
0.990733 0.892635
0.990732 0.892603
0.99073 0.892571
0.990729 0.892539
0.990727 0.892506
0.990726 0.892474
0.990724 0.892442
0.990722 0.89241
0.990721 0.892378
0.990719 0.892346
0.990718 0.892314
0.990716 0.892282
0.990715 0.89225
0.990713 0.892218
0.990711 0.892186
0.99071 0.892154
0.990708 0.892122
0.990707 0.89209
0.990705 0.892058
0.990704 0.892026
0.990702 0.891993
0.9907 0.891961
0.990699 0.891929
0.990697 0.891897
0.990696 0.891865
0.990694 0.891833
0.990693 0.891801
0.990691 0.891769
0.990689 0.891737
0.990688 0.891705
0.990686 0.891673
0.990685 0.891641
0.990683 0.891609
0.990682 0.891577
0.99068 0.891545
0.990678 0.891513
0.990677 0.891481
0.990675 0.891449
0.990674 0.891417
0.990672 0.891385
0.990671 0.891353
0.990669 0.891321
0.990667 0.891289
0.990666 0.891257
0.990664 0.891225
0.990663 0.891193
0.990661 0.891161
0.99066 0.891129
0.990658 0.891097
0.990656 0.891065
0.990655 0.891033
0.990653 0.891001
0.990652 0.890969
0.99065 0.890937
0.990648 0.890905
0.990647 0.890873
0.990645 0.890841
0.990644 0.890809
0.990642 0.890777
0.990641 0.890745
0.990639 0.890713
0.990637 0.890681
0.990636 0.890649
0.990634 0.890617
0.990633 0.890585
0.990631 0.890553
0.99063 0.890521
0.990628 0.890489
0.990626 0.890458
0.990625 0.890426
0.990623 0.890394
0.990622 0.890362
0.99062 0.89033
0.990619 0.890298
0.990617 0.890266
0.990615 0.890234
0.990614 0.890202
0.990612 0.89017
0.990611 0.890138
0.990609 0.890106
0.990608 0.890074
0.990606 0.890042
0.990604 0.89001
0.990603 0.889978
0.990601 0.889946
0.9906 0.889914
0.990598 0.889882
0.990597 0.88985
0.990595 0.889818
0.990593 0.889786
0.990592 0.889754
0.99059 0.889722
0.990589 0.88969
0.990587 0.889658
0.990585 0.889626
0.990584 0.889594
0.990582 0.889562
0.990581 0.88953
0.990579 0.889498
0.990578 0.889466
0.990576 0.889434
0.990574 0.889402
0.990573 0.88937
0.990571 0.889338
0.99057 0.889306
0.990568 0.889274
0.990567 0.889242
0.990565 0.88921
0.990563 0.889178
0.990562 0.889146
0.99056 0.889114
0.990559 0.889082
0.990557 0.88905
0.990556 0.889018
0.990554 0.888986
0.990552 0.888954
0.990551 0.888922
0.990549 0.88889
0.990548 0.888858
0.990546 0.888826
0.990544 0.888794
0.990543 0.888762
0.990541 0.88873
0.99054 0.888698
0.990538 0.888666
0.990537 0.888634
0.990535 0.888602
0.990533 0.88857
0.990532 0.888538
0.99053 0.888506
0.990529 0.888474
0.990527 0.888442
0.990525 0.88841
0.990524 0.888378
0.990522 0.888346
0.990521 0.888314
0.990519 0.888282
0.990518 0.88825
0.990516 0.888218
0.990514 0.888186
0.990513 0.888154
0.990511 0.888122
0.99051 0.88809
0.990508 0.888058
0.990507 0.888026
0.990505 0.887994
0.990503 0.887962
0.990502 0.887929
0.9905 0.887897
0.990499 0.887865
0.990497 0.887833
0.990495 0.887801
0.990494 0.887769
0.990492 0.887737
0.990491 0.887705
0.990489 0.887673
0.990488 0.887641
0.990486 0.887609
0.990484 0.887577
0.990483 0.887544
0.990481 0.887512
0.99048 0.88748
0.990478 0.887448
0.990476 0.887416
0.990475 0.887384
0.990473 0.887352
0.990472 0.88732
0.99047 0.887287
0.990469 0.887255
0.990467 0.887223
0.990465 0.887191
0.990464 0.887159
0.990462 0.887127
0.990461 0.887095
0.990459 0.887062
0.990457 0.88703
0.990456 0.886998
0.990454 0.886966
0.990453 0.886934
0.990451 0.886902
0.990449 0.886869
0.990448 0.886837
0.990446 0.886805
0.990445 0.886773
0.990443 0.886741
0.990442 0.886708
0.99044 0.886676
0.990438 0.886644
0.990437 0.886612
0.990435 0.886579
0.990434 0.886547
0.990432 0.886515
0.99043 0.886483
0.990429 0.88645
0.990427 0.886418
0.990426 0.886386
0.990424 0.886354
0.990422 0.886321
0.990421 0.886289
0.990419 0.886257
0.990418 0.886225
0.990416 0.886192
0.990414 0.88616
0.990413 0.886128
0.990411 0.886095
0.99041 0.886063
0.990408 0.886031
0.990407 0.885998
0.990405 0.885966
0.990403 0.885934
0.990402 0.885902
0.9904 0.885869
0.990399 0.885837
0.990397 0.885804
0.990395 0.885772
0.990394 0.88574
0.990392 0.885707
0.990391 0.885675
0.990389 0.885643
0.990387 0.88561
0.990386 0.885578
0.990384 0.885545
0.990383 0.885513
0.990381 0.885481
0.990379 0.885448
0.990378 0.885416
0.990376 0.885383
0.990375 0.885351
0.990373 0.885318
0.990371 0.885286
0.99037 0.885254
0.990368 0.885221
0.990367 0.885189
0.990365 0.885156
0.990363 0.885124
0.990362 0.885091
0.99036 0.885059
0.990359 0.885026
0.990357 0.884994
0.990355 0.884961
0.990354 0.884929
0.990352 0.884896
0.990351 0.884864
0.990349 0.884831
0.990347 0.884798
0.990346 0.884766
0.990344 0.884733
0.990343 0.884701
0.990341 0.884668
0.990339 0.884636
0.990338 0.884603
0.990336 0.88457
0.990335 0.884538
0.990333 0.884505
0.990331 0.884473
0.99033 0.88444
0.990328 0.884407
0.990326 0.884375
0.990325 0.884342
0.990323 0.884309
0.990322 0.884277
0.99032 0.884244
0.990318 0.884211
0.990317 0.884179
0.990315 0.884146
0.990314 0.884113
0.990312 0.88408
0.99031 0.884048
0.990309 0.884015
0.990307 0.883982
0.990306 0.883949
0.990304 0.883917
0.990302 0.883884
0.990301 0.883851
0.990299 0.883818
0.990297 0.883785
0.990296 0.883753
0.990294 0.88372
0.990293 0.883687
0.990291 0.883654
0.990289 0.883621
0.990288 0.883589
0.990286 0.883556
0.990285 0.883523
0.990283 0.88349
0.990281 0.883457
0.99028 0.883424
0.990278 0.883391
0.990276 0.883358
0.990275 0.883325
0.990273 0.883292
0.990272 0.88326
0.99027 0.883227
0.990268 0.883194
0.990267 0.883161
0.990265 0.883128
0.990263 0.883095
0.990262 0.883062
0.99026 0.883029
0.990259 0.882996
0.990257 0.882963
0.990255 0.88293
0.990254 0.882897
0.990252 0.882863
0.99025 0.88283
0.990249 0.882797
0.990247 0.882764
0.990246 0.882731
0.990244 0.882698
0.990242 0.882665
0.990241 0.882632
0.990239 0.882599
0.990237 0.882566
0.990236 0.882532
0.990234 0.882499
0.990233 0.882466
0.990231 0.882433
0.990229 0.8824
0.990228 0.882366
0.990226 0.882333
0.990224 0.8823
0.990223 0.882267
0.990221 0.882233
0.99022 0.8822
0.990218 0.882167
0.990216 0.882134
0.990215 0.8821
0.990213 0.882067
0.990211 0.882034
0.99021 0.882
0.990208 0.881967
0.990206 0.881934
0.990205 0.8819
0.990203 0.881867
0.990202 0.881833
0.9902 0.8818
0.990198 0.881767
0.990197 0.881733
0.990195 0.8817
0.990193 0.881666
0.990192 0.881633
0.99019 0.881599
0.990188 0.881566
0.990187 0.881532
0.990185 0.881499
0.990183 0.881465
0.990182 0.881432
0.99018 0.881398
0.990179 0.881365
0.990177 0.881331
0.990175 0.881298
0.990174 0.881264
0.990172 0.88123
0.99017 0.881197
0.990169 0.881163
0.990167 0.88113
0.990165 0.881096
0.990164 0.881062
0.990162 0.881029
0.99016 0.880995
0.990159 0.880961
0.990157 0.880927
0.990155 0.880894
0.990154 0.88086
0.990152 0.880826
0.99015 0.880792
0.990149 0.880759
0.990147 0.880725
0.990145 0.880691
0.990144 0.880657
0.990142 0.880623
0.99014 0.880589
0.990139 0.880556
0.990137 0.880522
0.990136 0.880488
0.990134 0.880454
0.990132 0.88042
0.990131 0.880386
0.990129 0.880352
0.990127 0.880318
0.990126 0.880284
0.990124 0.88025
0.990122 0.880216
0.990121 0.880182
0.990119 0.880148
0.990117 0.880114
0.990116 0.88008
0.990114 0.880046
0.990112 0.880012
0.990111 0.879978
0.990109 0.879944
0.990107 0.879909
0.990106 0.879875
0.990104 0.879841
0.990102 0.879807
0.990101 0.879773
0.990099 0.879739
0.990097 0.879704
0.990095 0.87967
0.990094 0.879636
0.990092 0.879602
0.99009 0.879567
0.990089 0.879533
0.990087 0.879499
0.990085 0.879464
0.990084 0.87943
0.990082 0.879396
0.99008 0.879361
0.990079 0.879327
0.990077 0.879292
0.990075 0.879258
0.990074 0.879224
0.990072 0.879189
0.99007 0.879155
0.990069 0.87912
0.990067 0.879086
0.990065 0.879051
0.990064 0.879017
0.990062 0.878982
0.99006 0.878947
0.990058 0.878913
0.990057 0.878878
0.990055 0.878844
0.990053 0.878809
0.990052 0.878774
0.99005 0.87874
0.990048 0.878705
0.990047 0.87867
0.990045 0.878636
0.990043 0.878601
0.990042 0.878566
0.99004 0.878531
0.990038 0.878497
0.990036 0.878462
0.990035 0.878427
0.990033 0.878392
0.990031 0.878357
0.99003 0.878322
0.990028 0.878288
0.990026 0.878253
0.990025 0.878218
0.990023 0.878183
0.990021 0.878148
0.990019 0.878113
0.990018 0.878078
0.990016 0.878043
0.990014 0.878008
0.990013 0.877973
0.990011 0.877938
0.990009 0.877903
0.990007 0.877868
0.990006 0.877832
0.990004 0.877797
0.990002 0.877762
0.990001 0.877727
0.989999 0.877692
0.989997 0.877657
0.989995 0.877621
0.989994 0.877586
0.989992 0.877551
0.98999 0.877516
0.989989 0.87748
0.989987 0.877445
0.989985 0.87741
0.989983 0.877374
0.989982 0.877339
0.98998 0.877303
0.989978 0.877268
0.989976 0.877233
0.989975 0.877197
0.989973 0.877162
0.989971 0.877126
0.98997 0.877091
0.989968 0.877055
0.989966 0.87702
0.989964 0.876984
0.989963 0.876948
0.989961 0.876913
0.989959 0.876877
0.989957 0.876841
0.989956 0.876806
0.989954 0.87677
0.989952 0.876734
0.98995 0.876699
0.989949 0.876663
0.989947 0.876627
0.989945 0.876591
0.989944 0.876556
0.989942 0.87652
0.98994 0.876484
0.989938 0.876448
0.989937 0.876412
0.989935 0.876376
0.989933 0.87634
0.989931 0.876304
0.98993 0.876268
0.989928 0.876232
0.989926 0.876196
0.989924 0.87616
0.989923 0.876124
0.989921 0.876088
0.989919 0.876052
0.989917 0.876016
0.989916 0.87598
0.989914 0.875943
0.989912 0.875907
0.98991 0.875871
0.989908 0.875835
0.989907 0.875799
0.989905 0.875762
0.989903 0.875726
0.989901 0.87569
0.9899 0.875653
0.989898 0.875617
0.989896 0.875581
0.989894 0.875544
0.989893 0.875508
0.989891 0.875471
0.989889 0.875435
0.989887 0.875398
0.989886 0.875362
0.989884 0.875325
0.989882 0.875289
0.98988 0.875252
0.989878 0.875215
0.989877 0.875179
0.989875 0.875142
0.989873 0.875105
0.989871 0.875069
0.989869 0.875032
0.989868 0.874995
0.989866 0.874958
0.989864 0.874921
0.989862 0.874885
0.989861 0.874848
0.989859 0.874811
0.989857 0.874774
0.989855 0.874737
0.989853 0.8747
0.989852 0.874663
0.98985 0.874626
0.989848 0.874589
0.989846 0.874552
0.989844 0.874515
0.989843 0.874478
0.989841 0.874441
0.989839 0.874404
0.989837 0.874366
0.989835 0.874329
0.989834 0.874292
0.989832 0.874255
0.98983 0.874217
0.989828 0.87418
0.989826 0.874143
0.989825 0.874105
0.989823 0.874068
0.989821 0.874031
0.989819 0.873993
0.989817 0.873956
0.989816 0.873918
0.989814 0.873881
0.989812 0.873843
0.98981 0.873806
0.989808 0.873768
0.989806 0.873731
0.989805 0.873693
0.989803 0.873655
0.989801 0.873618
0.989799 0.87358
0.989797 0.873542
0.989796 0.873504
0.989794 0.873467
0.989792 0.873429
0.98979 0.873391
0.989788 0.873353
0.989786 0.873315
0.989785 0.873277
0.989783 0.873239
0.989781 0.873201
0.989779 0.873163
0.989777 0.873125
0.989775 0.873087
0.989773 0.873049
0.989772 0.873011
0.98977 0.872973
0.989768 0.872935
0.989766 0.872896
0.989764 0.872858
0.989762 0.87282
0.989761 0.872781
0.989759 0.872743
0.989757 0.872705
0.989755 0.872666
0.989753 0.872628
0.989751 0.87259
0.989749 0.872551
0.989748 0.872513
0.989746 0.872474
0.989744 0.872436
0.989742 0.872397
0.98974 0.872358
0.989738 0.87232
0.989736 0.872281
0.989735 0.872242
0.989733 0.872204
0.989731 0.872165
0.989729 0.872126
0.989727 0.872087
0.989725 0.872048
0.989723 0.87201
0.989721 0.871971
0.98972 0.871932
0.989718 0.871893
0.989716 0.871854
0.989714 0.871815
0.989712 0.871776
0.98971 0.871737
0.989708 0.871697
0.989706 0.871658
0.989704 0.871619
0.989703 0.87158
0.989701 0.871541
0.989699 0.871501
0.989697 0.871462
0.989695 0.871423
0.989693 0.871383
0.989691 0.871344
0.989689 0.871305
0.989687 0.871265
0.989686 0.871226
0.989684 0.871186
0.989682 0.871146
0.98968 0.871107
0.989678 0.871067
0.989676 0.871028
0.989674 0.870988
0.989672 0.870948
0.98967 0.870908
0.989668 0.870869
0.989666 0.870829
0.989665 0.870789
0.989663 0.870749
0.989661 0.870709
0.989659 0.870669
0.989657 0.870629
0.989655 0.870589
0.989653 0.870549
0.989651 0.870509
0.989649 0.870469
0.989647 0.870429
0.989645 0.870389
0.989643 0.870348
0.989641 0.870308
0.989639 0.870268
0.989638 0.870227
0.989636 0.870187
0.989634 0.870147
0.989632 0.870106
0.98963 0.870066
0.989628 0.870025
0.989626 0.869985
0.989624 0.869944
0.989622 0.869904
0.98962 0.869863
0.989618 0.869822
0.989616 0.869782
0.989614 0.869741
0.989612 0.8697
0.98961 0.869659
0.989608 0.869618
0.989606 0.869577
0.989604 0.869537
0.989602 0.869496
0.9896 0.869455
0.989598 0.869414
0.989596 0.869372
0.989595 0.869331
0.989593 0.86929
0.989591 0.869249
0.989589 0.869208
0.989587 0.869167
0.989585 0.869125
0.989583 0.869084
0.989581 0.869043
0.989579 0.869001
0.989577 0.86896
0.989575 0.868918
0.989573 0.868877
0.989571 0.868835
0.989569 0.868794
0.989567 0.868752
0.989565 0.86871
0.989563 0.868669
0.989561 0.868627
0.989559 0.868585
0.989557 0.868543
0.989555 0.868501
0.989553 0.868459
0.989551 0.868417
0.989549 0.868376
0.989547 0.868333
0.989545 0.868291
0.989543 0.868249
0.989541 0.868207
0.989539 0.868165
0.989537 0.868123
0.989535 0.868081
0.989533 0.868038
0.989531 0.867996
0.989528 0.867954
0.989526 0.867911
0.989524 0.867869
0.989522 0.867826
0.98952 0.867784
0.989518 0.867741
0.989516 0.867698
0.989514 0.867656
0.989512 0.867613
0.98951 0.86757
0.989508 0.867527
0.989506 0.867485
0.989504 0.867442
0.989502 0.867399
0.9895 0.867356
0.989498 0.867313
0.989496 0.86727
0.989494 0.867227
0.989492 0.867184
0.98949 0.86714
0.989488 0.867097
0.989485 0.867054
0.989483 0.867011
0.989481 0.866967
0.989479 0.866924
0.989477 0.86688
0.989475 0.866837
0.989473 0.866793
0.989471 0.86675
0.989469 0.866706
0.989467 0.866663
0.989465 0.866619
0.989463 0.866575
0.989461 0.866531
0.989458 0.866488
0.989456 0.866444
0.989454 0.8664
0.989452 0.866356
0.98945 0.866312
0.989448 0.866268
0.989446 0.866224
0.989444 0.86618
0.989442 0.866135
0.98944 0.866091
0.989437 0.866047
0.989435 0.866003
0.989433 0.865958
0.989431 0.865914
0.989429 0.865869
0.989427 0.865825
0.989425 0.86578
0.989423 0.865736
0.98942 0.865691
0.989418 0.865646
0.989416 0.865601
0.989414 0.865557
0.989412 0.865512
0.98941 0.865467
0.989408 0.865422
0.989406 0.865377
0.989403 0.865332
0.989401 0.865287
0.989399 0.865242
0.989397 0.865197
0.989395 0.865151
0.989393 0.865106
0.98939 0.865061
0.989388 0.865015
0.989386 0.86497
0.989384 0.864924
0.989382 0.864879
0.98938 0.864833
0.989377 0.864788
0.989375 0.864742
0.989373 0.864696
0.989371 0.86465
0.989369 0.864605
0.989367 0.864559
0.989364 0.864513
0.989362 0.864467
0.98936 0.864421
0.989358 0.864375
0.989356 0.864329
0.989353 0.864282
0.989351 0.864236
0.989349 0.86419
0.989347 0.864144
0.989345 0.864097
0.989342 0.864051
0.98934 0.864004
0.989338 0.863958
0.989336 0.863911
0.989334 0.863864
0.989331 0.863818
0.989329 0.863771
0.989327 0.863724
0.989325 0.863677
0.989322 0.86363
0.98932 0.863583
0.989318 0.863536
0.989316 0.863489
0.989314 0.863442
0.989311 0.863395
0.989309 0.863348
0.989307 0.8633
0.989305 0.863253
0.989302 0.863205
0.9893 0.863158
0.989298 0.86311
0.989296 0.863063
0.989293 0.863015
0.989291 0.862968
0.989289 0.86292
0.989287 0.862872
0.989284 0.862824
0.989282 0.862776
0.98928 0.862728
0.989277 0.86268
0.989275 0.862632
0.989273 0.862584
0.989271 0.862536
0.989268 0.862487
0.989266 0.862439
0.989264 0.862391
0.989261 0.862342
0.989259 0.862294
0.989257 0.862245
0.989255 0.862197
0.989252 0.862148
0.98925 0.862099
0.989248 0.86205
0.989245 0.862002
0.989243 0.861953
0.989241 0.861904
0.989238 0.861855
0.989236 0.861805
0.989234 0.861756
0.989231 0.861707
0.989229 0.861658
0.989227 0.861608
0.989224 0.861559
0.989222 0.86151
0.98922 0.86146
0.989217 0.861411
0.989215 0.861361
0.989213 0.861311
0.98921 0.861261
0.989208 0.861212
0.989206 0.861162
0.989203 0.861112
0.989201 0.861062
0.989199 0.861012
0.989196 0.860961
0.989194 0.860911
0.989191 0.860861
0.989189 0.860811
0.989187 0.86076
0.989184 0.86071
0.989182 0.860659
0.989179 0.860609
0.989177 0.860558
0.989175 0.860507
0.989172 0.860456
0.98917 0.860405
0.989167 0.860355
0.989165 0.860304
0.989163 0.860252
0.98916 0.860201
0.989158 0.86015
0.989155 0.860099
0.989153 0.860048
0.989151 0.859996
0.989148 0.859945
0.989146 0.859893
0.989143 0.859842
0.989141 0.85979
0.989138 0.859738
0.989136 0.859686
0.989134 0.859634
0.989131 0.859582
0.989129 0.85953
0.989126 0.859478
0.989124 0.859426
0.989121 0.859374
0.989119 0.859322
0.989116 0.859269
0.989114 0.859217
0.989111 0.859164
0.989109 0.859112
0.989106 0.859059
0.989104 0.859006
0.989101 0.858954
0.989099 0.858901
0.989096 0.858848
0.989094 0.858795
0.989092 0.858742
0.989089 0.858689
0.989087 0.858635
0.989084 0.858582
0.989081 0.858529
0.989079 0.858475
0.989076 0.858422
0.989074 0.858368
0.989071 0.858314
0.989069 0.858261
0.989066 0.858207
0.989064 0.858153
0.989061 0.858099
0.989059 0.858045
0.989056 0.857991
0.989054 0.857937
0.989051 0.857882
0.989049 0.857828
0.989046 0.857774
0.989043 0.857719
0.989041 0.857664
0.989038 0.85761
0.989036 0.857555
0.989033 0.8575
0.989031 0.857445
0.989028 0.85739
0.989025 0.857335
0.989023 0.85728
0.98902 0.857225
0.989018 0.85717
0.989015 0.857114
0.989012 0.857059
0.98901 0.857003
0.989007 0.856948
0.989005 0.856892
0.989002 0.856836
0.988999 0.85678
0.988997 0.856724
0.988994 0.856668
0.988992 0.856612
0.988989 0.856556
0.988986 0.8565
0.988984 0.856443
0.988981 0.856387
0.988978 0.856331
0.988976 0.856274
0.988973 0.856217
0.98897 0.85616
0.988968 0.856104
0.988965 0.856047
0.988962 0.85599
0.98896 0.855933
0.988957 0.855875
0.988954 0.855818
0.988952 0.855761
0.988949 0.855703
0.988946 0.855646
0.988944 0.855588
0.988941 0.85553
0.988938 0.855473
0.988935 0.855415
0.988933 0.855357
0.98893 0.855299
0.988927 0.85524
0.988925 0.855182
0.988922 0.855124
0.988919 0.855065
0.988916 0.855007
0.988914 0.854948
0.988911 0.85489
0.988908 0.854831
0.988905 0.854772
0.988903 0.854713
0.9889 0.854654
0.988897 0.854595
0.988894 0.854535
0.988892 0.854476
0.988889 0.854417
0.988886 0.854357
0.988883 0.854298
0.98888 0.854238
0.988878 0.854178
0.988875 0.854118
0.988872 0.854058
0.988869 0.853998
0.988866 0.853938
0.988864 0.853878
0.988861 0.853817
0.988858 0.853757
0.988855 0.853696
0.988852 0.853635
0.988849 0.853575
0.988847 0.853514
0.988844 0.853453
0.988841 0.853392
0.988838 0.853331
0.988835 0.853269
0.988832 0.853208
0.98883 0.853147
0.988827 0.853085
0.988824 0.853023
0.988821 0.852962
0.988818 0.8529
0.988815 0.852838
0.988812 0.852776
0.988809 0.852713
0.988806 0.852651
0.988804 0.852589
0.988801 0.852526
0.988798 0.852464
0.988795 0.852401
0.988792 0.852338
0.988789 0.852275
0.988786 0.852212
0.988783 0.852149
0.98878 0.852086
0.988777 0.852023
0.988774 0.851959
0.988771 0.851896
0.988768 0.851832
0.988765 0.851768
0.988762 0.851705
0.988759 0.851641
0.988756 0.851577
0.988753 0.851512
0.98875 0.851448
0.988747 0.851384
0.988744 0.851319
0.988741 0.851255
0.988738 0.85119
0.988735 0.851125
0.988732 0.85106
0.988729 0.850995
0.988726 0.85093
0.988723 0.850865
0.98872 0.850799
0.988717 0.850734
0.988714 0.850668
0.988711 0.850602
0.988708 0.850536
0.988705 0.85047
0.988702 0.850404
0.988699 0.850338
0.988696 0.850272
0.988693 0.850205
0.98869 0.850139
0.988687 0.850072
0.988683 0.850005
0.98868 0.849938
0.988677 0.849871
0.988674 0.849804
0.988671 0.849737
0.988668 0.84967
0.988665 0.849602
0.988662 0.849534
0.988659 0.849467
0.988655 0.849399
0.988652 0.849331
0.988649 0.849263
0.988646 0.849195
0.988643 0.849126
0.98864 0.849058
0.988636 0.848989
0.988633 0.84892
0.98863 0.848851
0.988627 0.848782
0.988624 0.848713
0.98862 0.848644
0.988617 0.848575
0.988614 0.848505
0.988611 0.848436
0.988608 0.848366
0.988604 0.848296
0.988601 0.848226
0.988598 0.848156
0.988595 0.848086
0.988591 0.848015
0.988588 0.847945
0.988585 0.847874
0.988582 0.847803
0.988578 0.847732
0.988575 0.847661
0.988572 0.84759
0.988568 0.847519
0.988565 0.847447
0.988562 0.847376
0.988558 0.847304
0.988555 0.847232
0.988552 0.84716
0.988548 0.847088
0.988545 0.847016
0.988542 0.846943
0.988538 0.846871
0.988535 0.846798
0.988532 0.846725
0.988528 0.846652
0.988525 0.846579
0.988522 0.846506
0.988518 0.846432
0.988515 0.846359
0.988511 0.846285
0.988508 0.846211
0.988505 0.846137
0.988501 0.846063
0.988498 0.845989
0.988494 0.845915
0.988491 0.84584
0.988487 0.845765
0.988484 0.845691
0.988481 0.845616
0.988477 0.84554
0.988474 0.845465
0.98847 0.84539
0.988467 0.845314
0.988463 0.845238
0.98846 0.845162
0.988456 0.845086
0.988453 0.84501
0.988449 0.844934
0.988446 0.844857
0.988442 0.844781
0.988439 0.844704
0.988435 0.844627
0.988431 0.84455
0.988428 0.844473
0.988424 0.844395
0.988421 0.844318
0.988417 0.84424
0.988414 0.844162
0.98841 0.844084
0.988406 0.844006
0.988403 0.843927
0.988399 0.843849
0.988396 0.84377
0.988392 0.843691
0.988388 0.843612
0.988385 0.843533
0.988381 0.843454
0.988377 0.843374
0.988374 0.843294
0.98837 0.843215
0.988366 0.843135
0.988363 0.843054
0.988359 0.842974
0.988355 0.842893
0.988352 0.842813
0.988348 0.842732
0.988344 0.842651
0.98834 0.84257
0.988337 0.842488
0.988333 0.842407
0.988329 0.842325
0.988325 0.842243
0.988322 0.842161
0.988318 0.842079
0.988314 0.841996
0.98831 0.841914
0.988307 0.841831
0.988303 0.841748
0.988299 0.841665
0.988295 0.841582
0.988291 0.841498
0.988288 0.841415
0.988284 0.841331
0.98828 0.841247
0.988276 0.841163
0.988272 0.841078
0.988268 0.840994
0.988264 0.840909
0.98826 0.840824
0.988257 0.840739
0.988253 0.840653
0.988249 0.840568
0.988245 0.840482
0.988241 0.840396
0.988237 0.84031
0.988233 0.840224
0.988229 0.840138
0.988225 0.840051
0.988221 0.839964
0.988217 0.839877
0.988213 0.83979
0.988209 0.839702
0.988205 0.839615
0.988201 0.839527
0.988197 0.839439
0.988193 0.839351
0.988189 0.839262
0.988185 0.839174
0.988181 0.839085
0.988177 0.838996
0.988173 0.838907
0.988169 0.838817
0.988165 0.838727
0.98816 0.838638
0.988156 0.838548
0.988152 0.838457
0.988148 0.838367
0.988144 0.838276
0.98814 0.838185
0.988136 0.838094
0.988132 0.838003
0.988127 0.837911
0.988123 0.83782
0.988119 0.837728
0.988115 0.837636
0.988111 0.837543
0.988106 0.837451
0.988102 0.837358
0.988098 0.837265
0.988094 0.837172
0.988089 0.837078
0.988085 0.836984
0.988081 0.836891
0.988077 0.836796
0.988072 0.836702
0.988068 0.836608
0.988064 0.836513
0.988059 0.836418
0.988055 0.836322
0.988051 0.836227
0.988046 0.836131
0.988042 0.836035
0.988038 0.835939
0.988033 0.835843
0.988029 0.835746
0.988024 0.835649
0.98802 0.835552
0.988015 0.835455
0.988011 0.835357
0.988007 0.835259
0.988002 0.835161
0.987998 0.835063
0.987993 0.834964
0.987989 0.834866
0.987984 0.834767
0.98798 0.834667
0.987975 0.834568
0.987971 0.834468
0.987966 0.834368
0.987962 0.834268
0.987957 0.834167
0.987952 0.834066
0.987948 0.833965
0.987943 0.833864
0.987939 0.833763
0.987934 0.833661
0.987929 0.833559
0.987925 0.833457
0.98792 0.833354
0.987915 0.833251
0.987911 0.833148
0.987906 0.833045
0.987901 0.832941
0.987897 0.832837
0.987892 0.832733
0.987887 0.832629
0.987882 0.832524
0.987878 0.832419
0.987873 0.832314
0.987868 0.832208
0.987863 0.832103
0.987859 0.831997
0.987854 0.83189
0.987849 0.831784
0.987844 0.831677
0.987839 0.83157
0.987834 0.831462
0.987829 0.831355
0.987825 0.831247
0.98782 0.831138
0.987815 0.83103
0.98781 0.830921
0.987805 0.830812
0.9878 0.830703
0.987795 0.830593
0.98779 0.830483
0.987785 0.830373
0.98778 0.830262
0.987775 0.830151
0.98777 0.83004
0.987765 0.829928
0.98776 0.829817
0.987755 0.829705
0.98775 0.829592
0.987745 0.829479
0.98774 0.829367
0.987734 0.829253
0.987729 0.82914
0.987724 0.829026
0.987719 0.828911
0.987714 0.828797
0.987709 0.828682
0.987703 0.828567
0.987698 0.828451
0.987693 0.828336
0.987688 0.828219
0.987683 0.828103
0.987677 0.827986
0.987672 0.827869
0.987667 0.827752
0.987661 0.827634
0.987656 0.827516
0.987651 0.827397
0.987645 0.827279
0.98764 0.82716
0.987635 0.82704
0.987629 0.826921
0.987624 0.8268
0.987618 0.82668
0.987613 0.826559
0.987608 0.826438
0.987602 0.826317
0.987597 0.826195
0.987591 0.826073
0.987586 0.82595
0.98758 0.825827
0.987575 0.825704
0.987569 0.825581
0.987563 0.825457
0.987558 0.825332
0.987552 0.825208
0.987547 0.825083
0.987541 0.824957
0.987535 0.824832
0.98753 0.824706
0.987524 0.824579
0.987518 0.824452
0.987513 0.824325
0.987507 0.824197
0.987501 0.824069
0.987495 0.823941
0.987489 0.823812
0.987484 0.823683
0.987478 0.823554
0.987472 0.823424
0.987466 0.823294
0.98746 0.823163
0.987454 0.823032
0.987449 0.822901
0.987443 0.822769
0.987437 0.822636
0.987431 0.822504
0.987425 0.822371
0.987419 0.822237
0.987413 0.822104
0.987407 0.821969
0.987401 0.821835
0.987395 0.8217
0.987389 0.821564
0.987383 0.821428
0.987376 0.821292
0.98737 0.821155
0.987364 0.821018
0.987358 0.82088
0.987352 0.820742
0.987346 0.820604
0.987339 0.820465
0.987333 0.820326
0.987327 0.820186
0.987321 0.820046
0.987314 0.819905
0.987308 0.819764
0.987302 0.819623
0.987295 0.819481
0.987289 0.819338
0.987283 0.819195
0.987276 0.819052
0.98727 0.818908
0.987263 0.818764
0.987257 0.818619
0.98725 0.818474
0.987244 0.818329
0.987237 0.818183
0.987231 0.818036
0.987224 0.817889
0.987218 0.817742
0.987211 0.817594
0.987204 0.817445
0.987198 0.817296
0.987191 0.817147
0.987184 0.816997
0.987178 0.816846
0.987171 0.816696
0.987164 0.816544
0.987157 0.816392
0.987151 0.81624
0.987144 0.816087
0.987137 0.815934
0.98713 0.81578
0.987123 0.815625
0.987116 0.81547
0.987109 0.815315
0.987102 0.815159
0.987095 0.815002
0.987088 0.814845
0.987081 0.814688
0.987074 0.81453
0.987067 0.814371
0.98706 0.814212
0.987053 0.814052
0.987046 0.813892
0.987039 0.813731
0.987032 0.81357
0.987024 0.813408
0.987017 0.813245
0.98701 0.813082
0.987003 0.812919
0.986995 0.812755
0.986988 0.81259
0.986981 0.812425
0.986973 0.812259
0.986966 0.812092
0.986959 0.811925
0.986951 0.811758
0.986944 0.81159
0.986936 0.811421
0.986929 0.811251
0.986921 0.811081
0.986914 0.810911
0.986906 0.81074
0.986898 0.810568
0.986891 0.810396
0.986883 0.810223
0.986875 0.810049
0.986868 0.809875
0.98686 0.8097
0.986852 0.809524
0.986844 0.809348
0.986836 0.809171
0.986828 0.808994
0.986821 0.808816
0.986813 0.808637
0.986805 0.808458
0.986797 0.808278
0.986789 0.808097
0.986781 0.807916
0.986773 0.807734
0.986764 0.807551
0.986756 0.807368
0.986748 0.807184
0.98674 0.806999
0.986732 0.806814
0.986724 0.806628
0.986715 0.806441
0.986707 0.806253
0.986699 0.806065
0.98669 0.805876
0.986682 0.805687
0.986674 0.805496
0.986665 0.805305
0.986657 0.805113
0.986648 0.804921
0.98664 0.804728
0.986631 0.804534
0.986622 0.804339
0.986614 0.804144
0.986605 0.803947
0.986596 0.80375
0.986588 0.803553
0.986579 0.803354
0.98657 0.803155
0.986561 0.802955
0.986552 0.802754
0.986543 0.802553
0.986534 0.80235
0.986526 0.802147
0.986517 0.801943
0.986507 0.801738
0.986498 0.801533
0.986489 0.801326
0.98648 0.801119
0.986471 0.800911
0.986462 0.800702
0.986453 0.800493
0.986443 0.800282
0.986434 0.800071
0.986425 0.799859
0.986415 0.799645
0.986406 0.799432
0.986396 0.799217
0.986387 0.799001
0.986377 0.798785
0.986368 0.798567
0.986358 0.798349
0.986348 0.79813
0.986339 0.797909
0.986329 0.797688
0.986319 0.797467
0.986309 0.797244
0.9863 0.79702
0.98629 0.796795
0.98628 0.79657
0.98627 0.796343
0.98626 0.796116
0.98625 0.795887
0.98624 0.795658
0.986229 0.795427
0.986219 0.795196
0.986209 0.794964
0.986199 0.79473
0.986189 0.794496
0.986178 0.794261
0.986168 0.794024
0.986157 0.793787
0.986147 0.793549
0.986136 0.793309
0.986126 0.793069
0.986115 0.792828
0.986105 0.792585
0.986094 0.792342
0.986083 0.792097
0.986072 0.791851
0.986062 0.791605
0.986051 0.791357
0.98604 0.791108
0.986029 0.790858
0.986018 0.790607
0.986007 0.790355
0.985996 0.790102
0.985984 0.789847
0.985973 0.789592
0.985962 0.789335
0.985951 0.789077
0.985939 0.788818
0.985928 0.788558
0.985916 0.788296
0.985905 0.788034
0.985893 0.78777
0.985882 0.787505
0.98587 0.787239
0.985858 0.786972
0.985847 0.786703
0.985835 0.786434
0.985823 0.786163
0.985811 0.78589
0.985799 0.785617
0.985787 0.785342
0.985775 0.785066
0.985763 0.784789
0.985751 0.78451
0.985738 0.78423
0.985726 0.783949
0.985714 0.783666
0.985701 0.783382
0.985689 0.783097
0.985676 0.782811
0.985664 0.782523
0.985651 0.782233
0.985638 0.781943
0.985626 0.781651
0.985613 0.781357
0.9856 0.781062
0.985587 0.780766
0.985574 0.780468
0.985561 0.780169
0.985548 0.779869
0.985534 0.779566
0.985521 0.779263
0.985508 0.778958
0.985494 0.778651
0.985481 0.778343
0.985467 0.778034
0.985454 0.777723
0.98544 0.77741
0.985427 0.777096
0.985413 0.77678
0.985399 0.776463
0.985385 0.776144
0.985371 0.775824
0.985357 0.775502
0.985343 0.775178
0.985329 0.774853
0.985314 0.774526
0.9853 0.774197
0.985286 0.773867
0.985271 0.773535
0.985257 0.773201
0.985242 0.772865
0.985227 0.772528
0.985212 0.77219
0.985198 0.771849
0.985183 0.771507
0.985168 0.771162
0.985153 0.770816
0.985137 0.770469
0.985122 0.770119
0.985107 0.769768
0.985091 0.769414
0.985076 0.769059
0.98506 0.768702
0.985045 0.768343
0.985029 0.767983
0.985013 0.76762
0.984997 0.767255
0.984981 0.766889
0.984965 0.76652
0.984949 0.76615
0.984933 0.765777
0.984917 0.765402
0.9849 0.765026
0.984884 0.764647
0.984867 0.764266
0.98485 0.763884
0.984834 0.763499
0.984817 0.763112
0.9848 0.762722
0.984783 0.762331
0.984766 0.761938
0.984748 0.761542
0.984731 0.761144
0.984714 0.760744
0.984696 0.760342
0.984679 0.759937
0.984661 0.75953
0.984643 0.759121
0.984625 0.75871
0.984607 0.758296
0.984589 0.757879
0.984571 0.757461
0.984552 0.75704
0.984534 0.756617
0.984516 0.756191
0.984497 0.755762
0.984478 0.755332
0.984459 0.754898
0.98444 0.754463
0.984421 0.754024
0.984402 0.753583
0.984383 0.75314
0.984363 0.752694
0.984344 0.752245
0.984324 0.751794
0.984304 0.75134
0.984284 0.750883
0.984264 0.750424
0.984244 0.749961
0.984224 0.749496
0.984204 0.749029
0.984183 0.748558
0.984163 0.748085
0.984142 0.747608
0.984121 0.747129
0.9841 0.746647
0.984079 0.746162
0.984058 0.745674
0.984036 0.745183
0.984015 0.744689
0.983993 0.744191
0.983971 0.743691
0.983949 0.743188
0.983927 0.742681
0.983905 0.742172
0.983883 0.741659
0.98386 0.741143
0.983838 0.740624
0.983815 0.740101
0.983792 0.739575
0.983769 0.739046
0.983746 0.738513
0.983722 0.737977
0.983699 0.737438
0.983675 0.736895
0.983651 0.736348
0.983627 0.735798
0.983603 0.735245
0.983579 0.734688
0.983555 0.734127
0.98353 0.733563
0.983505 0.732994
0.98348 0.732423
0.983455 0.731847
0.98343 0.731268
0.983404 0.730684
0.983379 0.730097
0.983353 0.729506
0.983327 0.728911
0.983301 0.728312
0.983274 0.727709
0.983248 0.727102
0.983221 0.726491
0.983194 0.725875
0.983167 0.725256
0.98314 0.724632
0.983112 0.724004
0.983085 0.723371
0.983057 0.722735
0.983029 0.722094
0.983001 0.721448
0.982972 0.720798
0.982944 0.720144
0.982915 0.719485
0.982886 0.718821
0.982856 0.718152
0.982827 0.717479
0.982797 0.716802
0.982767 0.716119
0.982737 0.715432
0.982707 0.714739
0.982676 0.714042
0.982645 0.71334
0.982614 0.712632
0.982583 0.71192
0.982551 0.711202
0.98252 0.71048
0.982488 0.709752
0.982455 0.709018
0.982423 0.70828
0.98239 0.707536
0.982357 0.706786
0.982324 0.706031
0.982291 0.705271
0.982257 0.704504
0.982223 0.703733
0.982188 0.702955
0.982154 0.702171
0.982119 0.701382
0.982084 0.700587
0.982049 0.699786
0.982013 0.698978
0.981977 0.698165
0.981941 0.697346
0.981904 0.69652
0.981867 0.695688
0.98183 0.694849
0.981793 0.694004
0.981755 0.693153
0.981717 0.692295
0.981679 0.69143
0.98164 0.690559
0.981601 0.689681
0.981562 0.688796
0.981522 0.687904
0.981482 0.687006
0.981442 0.6861
0.981401 0.685187
0.98136 0.684267
0.981319 0.683339
0.981277 0.682404
0.981235 0.681462
0.981193 0.680512
0.98115 0.679555
0.981107 0.678589
0.981063 0.677616
0.981019 0.676636
0.980975 0.675647
0.98093 0.67465
0.980885 0.673646
0.98084 0.672633
0.980794 0.671611
0.980747 0.670582
0.980701 0.669544
0.980653 0.668497
0.980606 0.667442
0.980558 0.666378
0.980509 0.665305
0.980461 0.664223
0.980411 0.663132
0.980361 0.662032
0.980311 0.660923
0.98026 0.659805
0.980209 0.658677
0.980157 0.65754
0.980105 0.656393
0.980053 0.655237
0.979999 0.65407
0.979946 0.652894
0.979891 0.651707
0.979837 0.650511
0.979781 0.649304
0.979726 0.648087
0.979669 0.64686
0.979612 0.645621
0.979555 0.644373
0.979497 0.643113
0.979438 0.641843
0.979379 0.640561
0.979319 0.639268
0.979259 0.637964
0.979198 0.636649
0.979136 0.635322
0.979074 0.633984
0.979011 0.632633
0.978948 0.631271
0.978884 0.629897
0.978819 0.628511
0.978753 0.627113
0.978687 0.625702
0.97862 0.624278
0.978553 0.622842
0.978485 0.621394
0.978416 0.619932
0.978346 0.618457
0.978275 0.61697
0.978204 0.615468
0.978132 0.613954
0.97806 0.612426
0.977986 0.610884
0.977912 0.609328
0.977836 0.607759
0.97776 0.606175
0.977684 0.604577
0.977606 0.602964
0.977527 0.601337
0.977448 0.599696
0.977368 0.598039
0.977287 0.596368
0.977204 0.594681
0.977121 0.592979
0.977037 0.591262
0.976952 0.58953
0.976867 0.587781
0.97678 0.586017
0.976692 0.584237
0.976603 0.58244
0.976513 0.580628
0.976422 0.578799
0.97633 0.576953
0.976237 0.575091
0.976142 0.573212
0.976047 0.571316
0.97595 0.569403
0.975853 0.567473
0.975754 0.565525
0.975654 0.56356
0.975552 0.561577
0.97545 0.559576
0.975346 0.557558
0.975241 0.555521
0.975135 0.553466
0.975027 0.551393
0.974918 0.549301
0.974808 0.547191
0.974696 0.545062
0.974583 0.542914
0.974469 0.540747
0.974353 0.538561
0.974235 0.536356
0.974116 0.534132
0.973996 0.531888
0.973874 0.529624
0.97375 0.527342
0.973625 0.525039
0.973498 0.522717
0.97337 0.520374
0.97324 0.518012
0.973108 0.51563
0.972975 0.513227
0.972839 0.510805
0.972702 0.508362
0.972563 0.505899
0.972423 0.503415
0.97228 0.500911
0.972135 0.498387
0.971989 0.495842
0.971841 0.493276
0.97169 0.49069
0.971538 0.488084
0.971383 0.485457
0.971227 0.482809
0.971068 0.480141
0.970907 0.477453
0.970744 0.474743
0.970578 0.472014
0.97041 0.469264
0.97024 0.466494
0.970068 0.463703
0.969893 0.460893
0.969716 0.458062
0.969536 0.455211
0.969354 0.452341
0.969169 0.449451
0.968982 0.446541
0.968792 0.443612
0.968599 0.440663
0.968403 0.437696
0.968205 0.434709
0.968004 0.431704
0.9678 0.42868
0.967593 0.425638
0.967383 0.422578
0.967171 0.419501
0.966955 0.416406
0.966736 0.413294
0.966513 0.410164
0.966288 0.407019
0.966059 0.403857
0.965827 0.400679
0.965592 0.397486
0.965353 0.394278
0.965111 0.391055
0.964865 0.387818
0.964616 0.384568
0.964363 0.381303
0.964106 0.378026
0.963846 0.374737
0.963582 0.371435
0.963314 0.368122
0.963042 0.364799
0.962766 0.361465
0.962486 0.358121
0.962202 0.354768
0.961914 0.351407
0.961621 0.348037
0.961325 0.34466
0.961024 0.341277
0.960718 0.337888
0.960409 0.334493
0.960094 0.331093
0.959775 0.327689
0.959452 0.324283
0.959123 0.320873
0.95879 0.317462
0.958453 0.314049
0.95811 0.310636
0.957762 0.307224
0.957409 0.303812
0.957051 0.300403
0.956688 0.296996
0.95632 0.293593
0.955947 0.290193
0.955568 0.286799
0.955184 0.283411
0.954794 0.280029
0.954399 0.276655
0.953998 0.273289
0.953591 0.269932
0.953179 0.266584
0.952761 0.263248
0.952337 0.259922
0.951907 0.256609
0.951471 0.253309
0.951029 0.250022
0.950581 0.24675
0.950127 0.243493
0.949667 0.240252
0.9492 0.237028
0.948727 0.233822
0.948247 0.230633
0.947761 0.227463
0.947269 0.224313
0.946769 0.221183
0.946264 0.218074
0.945751 0.214986
0.945232 0.211921
0.944705 0.208878
0.944172 0.205859
0.943632 0.202863
0.943085 0.199892
0.942531 0.196946
0.941969 0.194026
0.941401 0.191131
0.940825 0.188263
0.940242 0.185422
0.939652 0.182608
0.939054 0.179822
0.938449 0.177064
0.937836 0.174335
0.937216 0.171634
0.936588 0.168963
0.935953 0.166321
0.93531 0.163708
0.934659 0.161126
0.934001 0.158574
0.933334 0.156052
0.93266 0.15356
0.931978 0.1511
0.931288 0.14867
0.93059 0.146271
0.929884 0.143903
0.92917 0.141567
0.928448 0.139261
0.927718 0.136987
0.926979 0.134744
0.926233 0.132532
0.925478 0.130351
0.924715 0.128202
0.923943 0.126083
0.923164 0.123996
0.922376 0.121939
0.921579 0.119913
0.920775 0.117918
0.919962 0.115953
0.91914 0.114019
0.91831 0.112115
0.917471 0.110241
0.916624 0.108397
0.915769 0.106582
0.914904 0.104797
0.914032 0.103041
0.91315 0.101314
0.91226 0.0996152
0.911362 0.0979451
0.910454 0.0963031
0.909538 0.094689
0.908614 0.0931025
0.90768 0.0915432
0.906738 0.090011
0.905787 0.0885054
0.904828 0.0870262
0.903859 0.0855731
0.902882 0.0841457
0.901896 0.0827438
0.900902 0.0813669
0.899898 0.0800148
0.898886 0.0786872
0.897865 0.0773837
0.896835 0.076104
0.895796 0.0748477
0.894748 0.0736145
0.893691 0.0724041
0.892626 0.0712161
0.891552 0.0700503
0.890469 0.0689061
0.889377 0.0677834
0.888276 0.0666818
0.887166 0.0656009
0.886047 0.0645405
0.88492 0.0635001
0.883783 0.0624794
0.882638 0.0614782
0.881484 0.0604961
0.880321 0.0595328
0.879149 0.0585879
0.877968 0.0576611
0.876778 0.0567521
0.87558 0.0558607
0.874372 0.0549864
0.873156 0.054129
0.87193 0.0532882
0.870696 0.0524637
0.869453 0.0516551
0.868201 0.0508623
0.86694 0.0500848
0.86567 0.0493224
0.864392 0.0485749
0.863104 0.0478419
0.861808 0.0471232
0.860503 0.0464186
0.859189 0.0457276
0.857866 0.0450501
0.856534 0.0443859
0.855194 0.0437346
0.853845 0.043096
0.852486 0.0424699
0.85112 0.041856
0.849744 0.0412541
0.848359 0.040664
0.846966 0.0400853
0.845564 0.039518
0.844153 0.0389617
0.842733 0.0384163
0.841305 0.0378816
0.839867 0.0373572
0.838421 0.0368431
0.836967 0.0363389
0.835503 0.0358446
0.834031 0.0353599
0.83255 0.0348847
0.831061 0.0344186
0.829563 0.0339617
0.828056 0.0335136
0.82654 0.0330741
0.825016 0.0326433
0.823483 0.0322207
0.821942 0.0318063
0.820391 0.0314
0.818833 0.0310015
0.817265 0.0306106
0.81569 0.0302274
0.814105 0.0298515
0.812512 0.0294828
0.81091 0.0291213
0.8093 0.0287667
0.807682 0.0284189
0.806054 0.0280778
0.804419 0.0277432
0.802774 0.027415
0.801122 0.0270931
0.799461 0.0267774
0.797791 0.0264677
0.796113 0.0261639
0.794427 0.0258659
0.792732 0.0255736
0.791029 0.0252869
0.789317 0.0250056
0.787597 0.0247296
0.785869 0.0244589
0.784133 0.0241934
0.782388 0.0239328
0.780635 0.0236772
0.778873 0.0234265
0.777104 0.0231805
0.775326 0.0229391
0.77354 0.0227023
0.771745 0.02247
0.769943 0.0222421
0.768132 0.0220185
0.766313 0.021799
0.764487 0.0215838
0.762652 0.0213726
0.760809 0.0211653
0.758957 0.020962
0.757098 0.0207625
0.755231 0.0205667
0.753356 0.0203746
0.751473 0.0201862
0.749582 0.0200013
0.747683 0.0198198
0.745776 0.0196418
0.743861 0.0194671
0.741939 0.0192958
0.740009 0.0191276
0.73807 0.0189626
0.736125 0.0188007
0.734171 0.0186419
0.73221 0.0184861
0.730241 0.0183332
0.728264 0.0181832
0.72628 0.018036
0.724288 0.0178917
0.722288 0.01775
0.720281 0.0176111
0.718267 0.0174748
0.716245 0.017341
0.714216 0.0172099
0.712179 0.0170812
0.710135 0.016955
0.708083 0.0168312
0.706024 0.0167097
0.703958 0.0165906
0.701885 0.0164738
0.699805 0.0163593
0.697717 0.016247
0.695623 0.0161368
0.693521 0.0160288
0.691412 0.0159229
0.689297 0.0158191
0.687174 0.0157173
0.685045 0.0156175
0.682908 0.0155197
0.680765 0.0154238
0.678615 0.0153298
0.676458 0.0152378
0.674295 0.0151475
0.672125 0.0150591
0.669949 0.0149725
0.667766 0.0148876
0.665576 0.0148045
0.66338 0.014723
0.661178 0.0146433
0.65897 0.0145652
0.656755 0.0144888
0.654534 0.0144139
0.652307 0.0143407
0.650073 0.014269
0.647834 0.0141988
0.645589 0.0141302
0.643338 0.0140631
0.641081 0.0139974
0.638818 0.0139332
0.63655 0.0138704
0.634275 0.013809
0.631996 0.0137491
0.629711 0.0136905
0.62742 0.0136332
0.625124 0.0135773
0.622822 0.0135227
0.620516 0.0134694
0.618204 0.0134174
0.615887 0.0133667
0.613565 0.0133172
0.611238 0.013269
0.608906 0.013222
0.60657 0.0131762
0.604229 0.0131316
0.601883 0.0130881
0.599532 0.0130459
0.597177 0.0130048
0.594818 0.0129648
0.592454 0.0129259
0.590086 0.0128882
0.587714 0.0128516
0.585338 0.012816
0.582958 0.0127815
0.580574 0.0127481
0.578187 0.0127157
0.575795 0.0126844
0.5734 0.0126541
0.571002 0.0126249
0.5686 0.0125966
0.566195 0.0125694
0.563786 0.0125431
0.561375 0.0125178
0.55896 0.0124935
0.556543 0.0124702
0.554123 0.0124478
0.5517 0.0124263
0.549274 0.0124058
0.546846 0.0123862
0.544415 0.0123676
0.541983 0.0123498
0.539548 0.012333
0.537111 0.0123171
0.534672 0.012302
0.532231 0.0122878
0.529788 0.0122746
0.527344 0.0122621
0.524899 0.0122506
0.522452 0.0122399
0.520003 0.0122301
0.517554 0.0122211
0.515103 0.012213
0.512652 0.0122056
0.5102 0.0121992
0.507747 0.0121935
0.505293 0.0121887
0.502839 0.0121847
0.500385 0.0121815
0.49793 0.0121791
0.495476 0.0121775
0.493021 0.0121767
0.490567 0.0121767
0.488113 0.0121774
0.485659 0.012179
0.483206 0.0121814
0.480754 0.0121845
0.478303 0.0121884
0.475852 0.0121931
0.473402 0.0121985
0.470954 0.0122047
0.468507 0.0122117
0.466062 0.0122194
0.463618 0.0122279
0.461175 0.0122371
0.458735 0.0122471
0.456297 0.0122578
0.45386 0.0122693
0.451426 0.0122815
0.448995 0.0122944
0.446566 0.0123081
0.444139 0.0123225
0.441715 0.0123377
0.439295 0.0123536
0.436877 0.0123702
0.434462 0.0123876
0.432051 0.0124057
0.429643 0.0124245
0.427239 0.012444
0.424838 0.0124642
0.422442 0.0124852
0.420049 0.0125069
0.41766 0.0125293
0.415276 0.0125524
0.412895 0.0125763
0.41052 0.0126008
0.408149 0.0126261
0.405782 0.0126521
0.403421 0.0126788
0.401065 0.0127062
0.398713 0.0127343
0.396367 0.0127632
0.394026 0.0127927
0.391691 0.012823
0.389362 0.0128539
0.387038 0.0128856
0.38472 0.012918
0.382408 0.0129511
0.380102 0.0129849
0.377802 0.0130194
0.375509 0.0130546
0.373222 0.0130906
0.370942 0.0131272
0.368668 0.0131646
0.366401 0.0132026
0.364141 0.0132414
0.361888 0.0132808
0.359643 0.013321
0.357404 0.0133619
0.355173 0.0134035
0.352949 0.0134458
0.350733 0.0134888
0.348525 0.0135326
0.346324 0.013577
0.344132 0.0136222
0.341947 0.013668
0.33977 0.0137146
0.337601 0.0137619
0.335441 0.0138099
0.333289 0.0138586
0.331146 0.013908
0.329011 0.0139582
0.326884 0.014009
0.324767 0.0140606
0.322658 0.0141129
0.320558 0.0141659
0.318467 0.0142197
0.316385 0.0142741
0.314312 0.0143293
0.312249 0.0143852
0.310194 0.0144418
0.308149 0.0144991
0.306114 0.0145572
0.304088 0.014616
0.302071 0.0146755
0.300064 0.0147357
0.298067 0.0147967
0.296079 0.0148584
0.294102 0.0149208
0.292134 0.0149839
0.290176 0.0150478
0.288228 0.0151124
0.28629 0.0151778
0.284362 0.0152439
0.282445 0.0153107
0.280537 0.0153782
0.27864 0.0154465
0.276753 0.0155155
0.274876 0.0155853
0.27301 0.0156558
0.271154 0.015727
0.269309 0.015799
0.267474 0.0158717
0.265649 0.0159452
0.263835 0.0160194
0.262031 0.0160943
0.260239 0.01617
0.258456 0.0162465
0.256685 0.0163236
0.254924 0.0164016
0.253173 0.0164803
0.251434 0.0165597
0.249705 0.0166399
0.247986 0.0167208
0.246279 0.0168025
0.244582 0.016885
0.242896 0.0169682
0.241221 0.0170521
0.239557 0.0171369
0.237903 0.0172223
0.23626 0.0173086
0.234628 0.0173956
0.233007 0.0174833
0.231396 0.0175718
0.229796 0.0176611
0.228207 0.0177511
0.226629 0.0178419
0.225062 0.0179335
0.223505 0.0180258
0.221959 0.0181189
0.220424 0.0182128
0.218899 0.0183074
0.217385 0.0184028
0.215882 0.018499
0.214389 0.0185959
0.212908 0.0186937
0.211436 0.0187921
0.209976 0.0188914
0.208526 0.0189914
0.207086 0.0190922
0.205657 0.0191938
0.204239 0.0192961
0.202831 0.0193992
0.201433 0.0195031
0.200046 0.0196078
0.19867 0.0197132
0.197303 0.0198195
0.195947 0.0199265
0.194602 0.0200342
0.193266 0.0201428
0.191941 0.0202521
0.190626 0.0203622
0.189321 0.0204731
0.188026 0.0205848
0.186742 0.0206972
0.185467 0.0208105
0.184202 0.0209245
0.182948 0.0210393
0.181703 0.0211549
0.180468 0.0212712
0.179243 0.0213884
0.178028 0.0215063
0.176822 0.021625
0.175626 0.0217445
0.17444 0.0218648
0.173263 0.0219858
0.172096 0.0221077
0.170939 0.0222303
0.169791 0.0223537
0.168652 0.0224779
0.167523 0.0226029
0.166403 0.0227287
0.165292 0.0228552
0.16419 0.0229826
0.163098 0.0231107
0.162014 0.0232396
0.16094 0.0233693
0.159875 0.0234998
0.158819 0.023631
0.157771 0.0237631
0.156733 0.0238959
0.155703 0.0240295
0.154682 0.0241639
0.153669 0.0242991
0.152665 0.0244351
0.15167 0.0245718
0.150684 0.0247094
0.149705 0.0248477
0.148735 0.0249868
0.147774 0.0251267
0.146821 0.0252674
0.145876 0.0254088
0.144939 0.0255511
0.14401 0.0256941
0.14309 0.0258379
0.142177 0.0259825
0.141273 0.0261279
0.140376 0.0262741
0.139487 0.026421
0.138606 0.0265687
0.137733 0.0267172
0.136867 0.0268665
0.136009 0.0270166
0.135159 0.0271674
0.134316 0.027319
0.13348 0.0274715
0.132652 0.0276246
0.131831 0.0277786
0.131018 0.0279333
0.130212 0.0280889
0.129412 0.0282452
0.128621 0.0284022
0.127836 0.0285601
0.127058 0.0287187
0.126287 0.0288781
0.125523 0.0290383
0.124766 0.0291993
0.124015 0.029361
0.123272 0.0295235
0.122535 0.0296868
0.121805 0.0298508
0.121081 0.0300156
0.120364 0.0301812
0.119653 0.0303476
0.118949 0.0305147
0.118251 0.0306826
0.117559 0.0308513
0.116874 0.0310208
0.116195 0.031191
0.115522 0.031362
0.114855 0.0315337
0.114194 0.0317062
0.113539 0.0318795
0.11289 0.0320536
0.112247 0.0322284
0.11161 0.032404
0.110979 0.0325803
0.110353 0.0327574
0.109734 0.0329353
0.109119 0.0331139
0.108511 0.0332933
0.107908 0.0334735
0.10731 0.0336544
0.106718 0.0338361
0.106132 0.0340185
0.10555 0.0342017
0.104974 0.0343856
0.104404 0.0345703
0.103838 0.0347558
0.103278 0.034942
0.102723 0.035129
0.102173 0.0353167
0.101628 0.0355052
0.101088 0.0356945
0.100553 0.0358845
0.100023 0.0360752
0.0994977 0.0362667
0.0989773 0.036459
0.0984617 0.036652
0.0979508 0.0368457
0.0974446 0.0370402
0.0969431 0.0372355
0.0964462 0.0374315
0.0959538 0.0376282
0.095466 0.0378257
0.0949827 0.038024
0.0945039 0.0382229
0.0940294 0.0384227
0.0935593 0.0386232
0.0930936 0.0388244
0.0926321 0.0390263
0.0921749 0.0392291
0.0917219 0.0394325
0.091273 0.0396367
0.0908283 0.0398416
0.0903878 0.0400473
0.0899512 0.0402538
0.0895187 0.0404609
0.0890902 0.0406688
0.0886656 0.0408775
0.088245 0.0410868
0.0878282 0.041297
0.0874153 0.0415078
0.0870062 0.0417194
0.0866008 0.0419318
0.0861992 0.0421448
0.0858013 0.0423586
0.0854071 0.0425732
0.0850165 0.0427885
0.0846295 0.0430045
0.0842461 0.0432212
0.0838662 0.0434387
0.0834898 0.0436569
0.0831169 0.0438759
0.0827475 0.0440956
0.0823814 0.044316
0.0820187 0.0445372
0.0816594 0.0447591
0.0813034 0.0449817
0.0809507 0.045205
0.0806012 0.0454291
0.080255 0.045654
0.079912 0.0458795
0.0795721 0.0461058
0.0792354 0.0463328
0.0789018 0.0465606
0.0785712 0.046789
0.0782438 0.0470183
0.0779193 0.0472482
0.0775978 0.0474789
0.0772794 0.0477103
0.0769638 0.0479424
0.0766512 0.0481753
0.0763415 0.0484089
0.0760346 0.0486432
0.0757306 0.0488783
0.0754293 0.0491141
0.0751309 0.0493506
0.0748352 0.0495878
0.0745423 0.0498258
0.0742521 0.0500646
0.0739645 0.050304
0.0736796 0.0505442
0.0733974 0.0507851
0.0731178 0.0510267
0.0728407 0.0512691
0.0725663 0.0515122
0.0722944 0.0517561
0.072025 0.0520006
0.0717581 0.052246
0.0714936 0.052492
0.0712317 0.0527388
0.0709721 0.0529863
0.070715 0.0532345
0.0704602 0.0534835
0.0702079 0.0537332
0.0699578 0.0539837
0.0697101 0.0542349
0.0694647 0.0544868
0.0692216 0.0547395
0.0689808 0.0549929
0.0687422 0.055247
0.0685058 0.0555019
0.0682716 0.0557575
0.0680396 0.0560139
0.0678098 0.056271
0.0675821 0.0565288
0.0673565 0.0567874
0.0671331 0.0570467
0.0669117 0.0573068
0.0666924 0.0575676
0.0664752 0.0578292
0.06626 0.0580915
0.0660468 0.0583546
0.0658356 0.0586184
0.0656264 0.0588829
0.0654192 0.0591482
0.0652139 0.0594143
0.0650106 0.0596811
0.0648091 0.0599486
0.0646096 0.060217
0.064412 0.060486
0.0642162 0.0607558
0.0640222 0.0610264
0.0638301 0.0612978
0.0636399 0.0615699
0.0634514 0.0618427
0.0632647 0.0621164
0.0630798 0.0623907
0.0628966 0.0626659
0.0627152 0.0629418
0.0625355 0.0632185
0.0623576 0.0634959
0.0621813 0.0637742
0.0620067 0.0640532
0.0618338 0.0643329
0.0616625 0.0646135
0.0614929 0.0648948
0.061325 0.0651769
0.0611586 0.0654598
0.0609938 0.0657434
0.0608307 0.0660279
0.0606691 0.0663131
0.0605091 0.0665991
0.0603506 0.0668859
0.0601937 0.0671735
0.0600382 0.0674619
0.0598844 0.0677511
0.059732 0.068041
0.0595811 0.0683318
0.0594316 0.0686234
0.0592837 0.0689157
0.0591372 0.0692089
0.0589921 0.0695029
0.0588485 0.0697977
0.0587063 0.0700933
0.0585655 0.0703897
0.0584261 0.0706869
0.0582881 0.0709849
0.0581514 0.0712838
0.0580162 0.0715835
0.0578823 0.071884
0.0577497 0.0721853
0.0576185 0.0724875
0.0574885 0.0727905
0.0573599 0.0730943
0.0572326 0.0733989
0.0571066 0.0737044
0.0569819 0.0740108
0.0568585 0.0743179
0.0567363 0.074626
0.0566154 0.0749349
0.0564957 0.0752446
0.0563772 0.0755552
0.05626 0.0758666
0.056144 0.0761789
0.0560292 0.0764921
0.0559157 0.0768061
0.0558033 0.077121
0.055692 0.0774368
0.055582 0.0777535
0.0554731 0.078071
0.0553654 0.0783894
0.0552588 0.0787087
0.0551534 0.0790289
0.0550491 0.07935
0.0549459 0.079672
0.0548439 0.0799949
0.0547429 0.0803187
0.0546431 0.0806434
0.0545443 0.080969
0.0544467 0.0812955
0.0543501 0.0816229
0.0542546 0.0819513
0.0541601 0.0822806
0.0540667 0.0826108
0.0539744 0.0829419
0.0538831 0.083274
0.0537928 0.083607
0.0537036 0.083941
0.0536153 0.0842759
0.0535281 0.0846118
0.0534419 0.0849486
0.0533567 0.0852864
0.0532725 0.0856252
0.0531893 0.0859649
0.0531071 0.0863056
0.0530258 0.0866473
0.0529456 0.0869899
0.0528662 0.0873336
0.0527879 0.0876782
0.0527105 0.0880239
0.052634 0.0883705
0.0525585 0.0887182
0.0524839 0.0890669
0.0524102 0.0894165
0.0523375 0.0897672
0.0522656 0.090119
0.0521947 0.0904717
0.0521247 0.0908255
0.0520556 0.0911804
0.0519874 0.0915363
0.0519201 0.0918932
0.0518536 0.0922512
0.0517881 0.0926103
0.0517234 0.0929704
0.0516596 0.0933316
0.0515967 0.0936939
0.0515346 0.0940573
0.0514733 0.0944218
0.051413 0.0947873
0.0513534 0.095154
0.0512947 0.0955218
0.0512369 0.0958907
0.0511799 0.0962607
0.0511237 0.0966318
0.0510683 0.0970041
0.0510137 0.0973775
0.05096 0.0977521
0.0509071 0.0981278
0.050855 0.0985047
0.0508037 0.0988828
0.0507531 0.099262
0.0507034 0.0996424
0.0506545 0.100024
0.0506064 0.100407
0.050559 0.100791
0.0505124 0.101176
0.0504666 0.101562
0.0504216 0.10195
0.0503773 0.102339
0.0503338 0.102729
0.0502911 0.10312
0.0502491 0.103513
0.0502079 0.103907
0.0501675 0.104302
0.0501277 0.104698
0.0500888 0.105096
0.0500506 0.105495
0.0500131 0.105895
0.0499763 0.106297
0.0499403 0.106699
0.049905 0.107104
0.0498705 0.107509
0.0498366 0.107916
0.0498035 0.108324
0.0497711 0.108734
0.0497394 0.109145
0.0497085 0.109557
0.0496782 0.109971
0.0496487 0.110386
0.0496199 0.110802
0.0495917 0.11122
0.0495643 0.111639
0.0495376 0.11206
0.0495115 0.112482
0.0494862 0.112906
0.0494615 0.113331
0.0494376 0.113758
0.0494143 0.114186
0.0493918 0.114615
0.0493699 0.115046
0.0493486 0.115479
0.0493281 0.115913
0.0493083 0.116348
0.0492891 0.116786
0.0492706 0.117224
0.0492528 0.117664
0.0492356 0.118106
0.0492191 0.11855
0.0492033 0.118995
0.0491881 0.119441
0.0491737 0.119889
0.0491598 0.120339
0.0491467 0.120791
0.0491342 0.121244
0.0491223 0.121698
0.0491112 0.122155
0.0491006 0.122613
0.0490908 0.123073
0.0490815 0.123534
0.049073 0.123998
0.0490651 0.124463
0.0490578 0.124929
0.0490512 0.125398
0.0490453 0.125868
0.04904 0.12634
0.0490353 0.126814
0.0490313 0.12729
0.0490279 0.127768
0.0490252 0.128247
0.0490232 0.128728
0.0490217 0.129211
0.0490209 0.129696
0.0490208 0.130183
0.0490213 0.130672
0.0490225 0.131163
0.0490243 0.131655
0.0490267 0.13215
0.0490298 0.132647
0.0490335 0.133145
0.0490378 0.133646
0.0490428 0.134149
0.0490485 0.134653
0.0490548 0.13516
0.0490617 0.135669
0.0490692 0.13618
0.0490774 0.136693
0.0490863 0.137208
0.0490958 0.137725
0.0491059 0.138245
0.0491167 0.138766
0.0491281 0.13929
0.0491401 0.139816
0.0491528 0.140344
0.0491662 0.140875
0.0491802 0.141407
0.0491948 0.141942
0.0492101 0.14248
0.049226 0.143019
0.0492426 0.143561
0.0492598 0.144105
0.0492776 0.144652
0.0492962 0.145201
0.0493153 0.145753
0.0493351 0.146307
0.0493556 0.146863
0.0493767 0.147422
0.0493985 0.147983
0.0494209 0.148547
0.049444 0.149114
0.0494677 0.149683
0.0494921 0.150254
0.0495172 0.150828
0.0495429 0.151405
0.0495693 0.151985
0.0495964 0.152567
0.0496241 0.153152
0.0496525 0.153739
0.0496815 0.154329
0.0497113 0.154923
0.0497417 0.155518
0.0497728 0.156117
0.0498045 0.156719
0.0498369 0.157323
0.0498701 0.15793
0.0499039 0.158541
0.0499383 0.159154
0.0499735 0.15977
0.0500094 0.160389
0.0500459 0.161011
0.0500832 0.161636
0.0501211 0.162265
0.0501598 0.162896
0.0501992 0.163531
0.0502392 0.164168
0.05028 0.164809
0.0503215 0.165454
0.0503636 0.166101
0.0504066 0.166752
0.0504502 0.167406
0.0504945 0.168063
0.0505396 0.168724
0.0505854 0.169388
0.050632 0.170055
0.0506792 0.170726
0.0507273 0.171401
0.050776 0.172079
0.0508255 0.172761
0.0508758 0.173446
0.0509268 0.174135
0.0509786 0.174828
0.0510311 0.175524
0.0510844 0.176224
0.0511385 0.176928
0.0511933 0.177635
0.0512489 0.178347
0.0513053 0.179062
0.0513625 0.179781
0.0514205 0.180505
0.0514793 0.181232
0.0515389 0.181963
0.0515993 0.182699
0.0516605 0.183438
0.0517225 0.184182
0.0517853 0.18493
0.051849 0.185682
0.0519135 0.186439
0.0519788 0.187199
0.052045 0.187965
0.052112 0.188734
0.0521799 0.189508
0.0522486 0.190287
0.0523182 0.19107
0.0523887 0.191858
0.05246 0.19265
0.0525323 0.193447
0.0526054 0.194249
0.0526794 0.195055
0.0527543 0.195867
0.0528302 0.196683
0.0529069 0.197504
0.0529846 0.19833
0.0530632 0.199162
0.0531427 0.199998
0.0532232 0.200839
0.0533046 0.201686
0.053387 0.202538
0.0534704 0.203395
0.0535547 0.204258
0.05364 0.205126
0.0537263 0.205999
0.0538136 0.206878
0.053902 0.207763
0.0539913 0.208653
0.0540816 0.209549
0.054173 0.210451
0.0542655 0.211359
0.0543589 0.212272
0.0544535 0.213191
0.0545491 0.214117
0.0546458 0.215048
0.0547436 0.215986
0.0548425 0.21693
0.0549425 0.21788
0.0550436 0.218836
0.0551458 0.219799
0.0552492 0.220769
0.0553538 0.221745
0.0554595 0.222727
0.0555663 0.223717
0.0556744 0.224713
0.0557837 0.225715
0.0558941 0.226725
0.0560058 0.227742
0.0561188 0.228766
0.0562329 0.229797
0.0563484 0.230835
0.0564651 0.231881
0.0565831 0.232934
0.0567024 0.233994
0.056823 0.235062
0.0569449 0.236138
0.0570681 0.237221
0.0571928 0.238312
0.0573188 0.239411
0.0574461 0.240518
0.0575749 0.241634
0.0577051 0.242757
0.0578367 0.243888
0.0579698 0.245028
0.0581043 0.246177
0.0582403 0.247334
0.0583778 0.248499
0.0585168 0.249673
0.0586573 0.250856
0.0587994 0.252048
0.0589431 0.25325
0.0590883 0.25446
0.0592351 0.255679
0.0593836 0.256908
0.0595337 0.258146
0.0596854 0.259394
0.0598389 0.260652
0.059994 0.261919
0.0601509 0.263196
0.0603095 0.264483
0.0604698 0.26578
0.060632 0.267088
0.0607959 0.268406
0.0609617 0.269734
0.0611293 0.271073
0.0612989 0.272423
0.0614703 0.273783
0.0616436 0.275155
0.0618189 0.276537
0.0619962 0.277931
0.0621754 0.279336
0.0623567 0.280753
0.0625401 0.282181
0.0627255 0.283621
0.0629131 0.285073
0.0631027 0.286537
0.0632946 0.288013
0.0634886 0.289501
0.0636849 0.291002
0.0638834 0.292515
0.0640842 0.294041
0.0642873 0.29558
0.0644928 0.297132
0.0647007 0.298697
0.0649109 0.300275
0.0651236 0.301867
0.0653388 0.303473
0.0655566 0.305092
0.0657768 0.306725
0.0659997 0.308372
0.0662252 0.310034
0.0664534 0.311709
0.0666842 0.3134
0.0669179 0.315105
0.0671543 0.316825
0.0673935 0.31856
0.0676356 0.32031
0.0678806 0.322076
0.0681285 0.323857
0.0683795 0.325654
0.0686335 0.327467
0.0688906 0.329295
0.0691508 0.331141
0.0694142 0.333002
0.0696809 0.33488
0.0699508 0.336775
0.070224 0.338687
0.0705006 0.340616
0.0707807 0.342562
0.0710643 0.344526
0.0713514 0.346508
0.0716421 0.348507
0.0719364 0.350524
0.0722345 0.35256
0.0725363 0.354614
0.072842 0.356686
0.0731516 0.358778
0.0734651 0.360888
0.0737826 0.363017
0.0741042 0.365166
0.07443 0.367334
0.07476 0.369522
0.0750943 0.37173
0.0754329 0.373958
0.0757759 0.376206
0.0761235 0.378474
0.0764756 0.380763
0.0768324 0.383073
0.0771939 0.385404
0.0775602 0.387756
0.0779314 0.390129
0.0783076 0.392524
0.0786888 0.39494
0.0790751 0.397378
0.0794667 0.399838
0.0798635 0.402321
0.0802658 0.404825
0.0806736 0.407352
0.0810869 0.409902
0.0815059 0.412474
0.0819307 0.415069
0.0823614 0.417688
0.0827981 0.420329
0.0832408 0.422994
0.0836897 0.425682
0.0841449 0.428394
0.0846065 0.431129
0.0850745 0.433888
0.0855493 0.436671
0.0860307 0.439478
0.086519 0.442309
0.0870143 0.445164
0.0875166 0.448043
0.0880262 0.450947
0.0885431 0.453875
0.0890674 0.456827
0.0895994 0.459804
0.0901391 0.462805
0.0906866 0.465831
0.0912422 0.468881
0.0918059 0.471955
0.0923779 0.475054
0.0929583 0.478178
0.0935472 0.481325
0.0941449 0.484497
0.0947515 0.487694
0.0953671 0.490914
0.0959919 0.494158
0.096626 0.497427
0.0972696 0.500719
0.0979229 0.504035
0.098586 0.507374
0.0992592 0.510737
0.0999425 0.514123
0.100636 0.517532
0.10134 0.520963
0.102055 0.524417
0.102781 0.527893
0.103518 0.531391
0.104266 0.534911
0.105026 0.538452
0.105797 0.542014
0.10658 0.545596
0.107375 0.549199
0.108183 0.552821
0.109003 0.556462
0.109835 0.560123
0.110681 0.563801
0.111539 0.567498
0.112411 0.571212
0.113296 0.574943
0.114195 0.57869
0.115108 0.582452
0.116036 0.58623
0.116977 0.590022
0.117933 0.593828
0.118905 0.597647
0.119891 0.601478
0.120892 0.60532
0.121909 0.609174
0.122942 0.613038
0.123991 0.616911
0.125056 0.620792
0.126138 0.624681
0.127236 0.628577
0.128352 0.632479
0.129485 0.636386
0.130635 0.640297
0.131803 0.644211
0.132989 0.648128
0.134193 0.652046
0.135416 0.655964
0.136657 0.659881
0.137918 0.663797
0.139198 0.667711
0.140497 0.67162
0.141816 0.675525
0.143155 0.679425
0.144514 0.683317
0.145894 0.687202
0.147295 0.691078
0.148716 0.694945
0.150159 0.6988
0.151623 0.702644
0.15311 0.706474
0.154618 0.710291
0.156148 0.714092
0.157701 0.717878
0.159277 0.721646
0.160875 0.725397
0.162497 0.729128
0.164142 0.732839
0.165811 0.73653
0.167504 0.740198
0.16922 0.743844
0.170961 0.747465
0.172727 0.751062
0.174518 0.754634
0.176333 0.758179
0.178174 0.761697
0.180039 0.765187
0.181931 0.768648
0.183848 0.772079
0.185791 0.77548
0.187761 0.778851
0.189756 0.782189
0.191778 0.785495
0.193827 0.788769
0.195903 0.792009
0.198005 0.795214
0.200135 0.798386
0.202292 0.801522
0.204476 0.804622
0.206688 0.807687
0.208928 0.810716
0.211195 0.813707
0.21349 0.816662
0.215813 0.81958
0.218165 0.822459
0.220544 0.825302
0.222952 0.828106
0.225388 0.830872
0.227853 0.833599
0.230346 0.836289
0.232867 0.838939
0.235418 0.841551
0.237996 0.844125
0.240604 0.84666
0.24324 0.849157
0.245905 0.851615
0.248599 0.854034
0.251321 0.856415
0.254073 0.858758
0.256853 0.861064
0.259661 0.863331
0.262498 0.86556
0.265364 0.867752
0.268259 0.869907
0.271182 0.872025
0.274133 0.874106
0.277113 0.876151
0.280121 0.87816
0.283157 0.880132
0.286221 0.88207
0.289313 0.883972
0.292433 0.885839
0.295581 0.887672
0.298756 0.889471
0.301958 0.891236
0.305188 0.892968
0.308445 0.894667
0.311729 0.896334
0.315039 0.897968
0.318376 0.899571
0.321739 0.901143
0.325129 0.902683
0.328544 0.904194
0.331984 0.905674
0.33545 0.907125
0.338941 0.908547
0.342457 0.909941
0.345997 0.911306
0.349561 0.912644
0.353149 0.913954
0.356761 0.915237
0.360396 0.916494
0.364053 0.917725
0.367733 0.918931
0.371436 0.920111
0.37516 0.921267
0.378905 0.922399
0.382672 0.923506
0.386459 0.924591
0.390266 0.925652
0.394093 0.926691
0.39794 0.927708
0.401805 0.928703
0.405688 0.929677
0.40959 0.93063
0.413509 0.931563
0.417444 0.932475
0.421397 0.933367
0.425365 0.934241
0.429348 0.935095
0.433347 0.935931
0.43736 0.936748
0.441386 0.937548
0.445426 0.93833
0.449479 0.939094
0.453543 0.939842
0.457619 0.940574
0.461706 0.941289
0.465804 0.941989
0.469911 0.942673
0.474027 0.943341
0.478151 0.943995
0.482283 0.944635
0.486423 0.94526
0.490569 0.945871
0.494721 0.946468
0.498878 0.947052
0.503039 0.947622
0.507205 0.94818
0.511373 0.948725
0.515545 0.949258
0.519718 0.949779
0.523892 0.950288
0.528067 0.950785
0.532241 0.951271
0.536415 0.951745
0.540587 0.952209
0.544756 0.952662
0.548923 0.953105
0.553086 0.953537
0.557244 0.95396
0.561398 0.954372
0.565546 0.954775
0.569687 0.955169
0.573821 0.955553
0.577947 0.955929
0.582065 0.956295
0.586173 0.956653
0.590271 0.957002
0.594359 0.957343
0.598436 0.957676
0.602501 0.958001
0.606553 0.958318
0.610591 0.958628
0.614616 0.95893
0.618627 0.959225
0.622622 0.959512
0.626602 0.959793
0.630565 0.960066
0.634511 0.960333
0.63844 0.960593
0.64235 0.960847
0.646242 0.961094
0.650115 0.961335
0.653967 0.961571
0.657799 0.9618
0.661611 0.962023
0.665401 0.96224
0.669169 0.962452
0.672914 0.962659
0.676637 0.96286
0.680336 0.963055
0.684011 0.963246
0.687663 0.963431
0.691289 0.963612
0.694891 0.963787
0.698467 0.963958
0.702017 0.964124
0.705541 0.964286
0.709038 0.964443
0.712508 0.964596
0.715952 0.964744
0.719367 0.964888
0.722755 0.965028
0.726115 0.965164
0.729446 0.965295
0.732749 0.965423
0.736023 0.965547
0.739268 0.965668
0.742484 0.965784
0.74567 0.965897
0.748827 0.966006
0.751954 0.966112
0.755051 0.966215
0.758118 0.966314
0.761155 0.96641
0.764161 0.966502
0.767138 0.966592
0.770084 0.966678
0.772999 0.966761
0.775884 0.966841
0.778739 0.966919
0.781563 0.966993
0.784356 0.967065
0.787119 0.967133
0.789851 0.9672
0.792553 0.967263
0.795224 0.967324
0.797865 0.967382
0.800476 0.967438
0.803056 0.967491
0.805606 0.967542
0.808126 0.96759
0.810616 0.967636
0.813076 0.96768
0.815506 0.967722
0.817907 0.967761
0.820278 0.967798
0.82262 0.967833
0.824933 0.967866
0.827216 0.967897
0.829471 0.967926
0.831697 0.967952
0.833895 0.967977
0.836064 0.968
0.838205 0.968021
0.840319 0.968041
0.842404 0.968058
0.844462 0.968074
0.846493 0.968088
0.848497 0.9681
0.850473 0.96811
0.852424 0.968119
0.854347 0.968126
0.856245 0.968132
0.858117 0.968136
0.859963 0.968139
0.861784 0.96814
0.863579 0.968139
0.86535 0.968137
0.867096 0.968134
0.868818 0.968129
0.870515 0.968123
0.872189 0.968116
0.873839 0.968107
0.875465 0.968097
0.877069 0.968085
0.878649 0.968073
0.880207 0.968059
0.881743 0.968043
0.883256 0.968027
0.884748 0.96801
0.886218 0.967991
0.887667 0.967971
0.889095 0.96795
0.890503 0.967928
0.891889 0.967905
0.893256 0.967881
0.894602 0.967856
0.895929 0.967829
0.897237 0.967802
0.898525 0.967774
0.899794 0.967745
0.901044 0.967714
0.902276 0.967683
0.90349 0.967651
0.904686 0.967618
0.905865 0.967584
0.907025 0.96755
0.908169 0.967514
0.909295 0.967478
0.910405 0.96744
0.911499 0.967402
0.912576 0.967364
0.913637 0.967324
0.914682 0.967283
0.915712 0.967242
0.916726 0.9672
0.917726 0.967158
0.91871 0.967114
0.91968 0.96707
0.920635 0.967025
0.921576 0.96698
0.922503 0.966934
0.923416 0.966887
0.924316 0.966839
0.925202 0.966791
0.926075 0.966742
0.926935 0.966693
0.927782 0.966643
0.928617 0.966592
0.929439 0.966541
0.930249 0.966489
0.931047 0.966437
0.931833 0.966384
0.932607 0.966331
0.93337 0.966277
0.934122 0.966222
0.934862 0.966167
0.935592 0.966111
0.93631 0.966055
0.937019 0.965999
0.937716 0.965942
0.938403 0.965884
0.939081 0.965826
0.939748 0.965768
0.940405 0.965709
0.941053 0.965649
0.941691 0.96559
0.94232 0.965529
0.94294 0.965469
0.943551 0.965408
0.944152 0.965346
0.944745 0.965284
0.94533 0.965222
0.945905 0.965159
0.946473 0.965096
0.947032 0.965033
0.947583 0.964969
0.948126 0.964905
0.948661 0.96484
0.949189 0.964775
0.949709 0.96471
0.950221 0.964645
0.950727 0.964579
0.951224 0.964512
0.951715 0.964446
0.952199 0.964379
0.952676 0.964312
0.953146 0.964244
0.953609 0.964177
0.954066 0.964109
0.954516 0.96404
0.95496 0.963972
0.955398 0.963903
0.95583 0.963834
0.956255 0.963764
0.956675 0.963694
0.957088 0.963624
0.957496 0.963554
0.957898 0.963484
0.958295 0.963413
0.958686 0.963342
0.959071 0.963271
0.959451 0.9632
0.959826 0.963128
0.960196 0.963056
0.960561 0.962984
0.960921 0.962912
0.961275 0.962839
0.961625 0.962766
0.96197 0.962694
0.962311 0.96262
0.962647 0.962547
0.962978 0.962474
0.963304 0.9624
0.963627 0.962326
0.963945 0.962252
0.964258 0.962178
0.964568 0.962103
0.964873 0.962029
0.965174 0.961954
0.965472 0.961879
0.965765 0.961804
0.966054 0.961729
0.96634 0.961654
0.966621 0.961578
0.966899 0.961502
0.967174 0.961427
0.967445 0.961351
0.967712 0.961275
0.967975 0.961198
0.968236 0.961122
0.968493 0.961046
0.968746 0.960969
0.968996 0.960892
0.969243 0.960816
0.969487 0.960739
0.969728 0.960662
0.969965 0.960584
0.9702 0.960507
0.970431 0.96043
0.97066 0.960352
0.970886 0.960275
0.971108 0.960197
0.971328 0.960119
0.971545 0.960041
0.97176 0.959963
0.971972 0.959885
0.972181 0.959807
0.972387 0.959729
0.972591 0.959651
0.972792 0.959572
0.972991 0.959494
0.973187 0.959415
0.973381 0.959336
0.973573 0.959258
0.973762 0.959179
0.973949 0.9591
0.974133 0.959021
0.974316 0.958942
0.974496 0.958863
0.974674 0.958784
0.974849 0.958705
0.975023 0.958626
0.975194 0.958547
0.975364 0.958467
0.975531 0.958388
0.975696 0.958308
0.97586 0.958229
0.976021 0.958149
0.97618 0.95807
0.976338 0.95799
0.976494 0.957911
0.976647 0.957831
0.9768 0.957751
0.97695 0.957672
0.977098 0.957592
0.977245 0.957512
0.97739 0.957432
0.977533 0.957352
0.977675 0.957272
0.977815 0.957192
0.977953 0.957112
0.97809 0.957032
0.978225 0.956952
0.978359 0.956872
0.978491 0.956792
0.978621 0.956712
0.97875 0.956632
0.978878 0.956552
0.979004 0.956472
0.979129 0.956392
0.979252 0.956312
0.979374 0.956232
0.979494 0.956152
0.979614 0.956071
0.979731 0.955991
0.979848 0.955911
0.979963 0.955831
0.980077 0.955751
0.980189 0.95567
0.980301 0.95559
0.980411 0.95551
0.98052 0.95543
0.980628 0.95535
0.980734 0.95527
0.980839 0.955189
0.980944 0.955109
0.981047 0.955029
0.981149 0.954949
0.981249 0.954869
0.981349 0.954789
0.981448 0.954709
0.981545 0.954628
0.981642 0.954548
0.981737 0.954468
0.981832 0.954388
0.981925 0.954308
0.982018 0.954228
0.982109 0.954148
0.9822 0.954068
0.982289 0.953988
0.982378 0.953908
0.982465 0.953828
0.982552 0.953748
0.982638 0.953668
0.982723 0.953588
0.982807 0.953509
0.98289 0.953429
0.982972 0.953349
0.983053 0.953269
0.983134 0.953189
0.983213 0.95311
0.983292 0.95303
0.98337 0.95295
0.983448 0.952871
0.983524 0.952791
0.9836 0.952711
0.983675 0.952632
0.983749 0.952552
0.983822 0.952473
0.983895 0.952393
0.983966 0.952314
0.984038 0.952235
0.984108 0.952155
0.984178 0.952076
0.984247 0.951997
0.984315 0.951918
0.984383 0.951838
0.98445 0.951759
0.984516 0.95168
0.984581 0.951601
0.984646 0.951522
0.984711 0.951443
0.984774 0.951364
0.984837 0.951285
0.9849 0.951206
0.984961 0.951127
0.985023 0.951049
0.985083 0.95097
0.985143 0.950891
0.985203 0.950813
0.985261 0.950734
0.98532 0.950655
0.985377 0.950577
0.985434 0.950498
0.985491 0.95042
0.985547 0.950342
0.985602 0.950263
0.985657 0.950185
0.985712 0.950107
0.985765 0.950029
0.985819 0.949951
0.985872 0.949873
0.985924 0.949794
0.985976 0.949717
0.986027 0.949639
0.986078 0.949561
0.986128 0.949483
0.986178 0.949405
0.986228 0.949328
0.986276 0.94925
0.986325 0.949172
0.986373 0.949095
0.98642 0.949017
0.986468 0.94894
0.986514 0.948863
0.98656 0.948785
0.986606 0.948708
0.986652 0.948631
0.986697 0.948554
0.986741 0.948477
0.986785 0.9484
0.986829 0.948323
0.986872 0.948246
0.986915 0.948169
0.986958 0.948092
0.987 0.948015
0.987041 0.947939
0.987083 0.947862
0.987124 0.947785
0.987164 0.947709
0.987205 0.947633
0.987244 0.947556
0.987284 0.94748
0.987323 0.947404
0.987362 0.947327
0.9874 0.947251
0.987438 0.947175
0.987476 0.947099
0.987513 0.947023
0.98755 0.946948
0.987587 0.946872
0.987623 0.946796
0.98766 0.94672
0.987695 0.946645
0.987731 0.946569
0.987766 0.946494
0.987801 0.946418
0.987835 0.946343
0.987869 0.946268
0.987903 0.946192
0.987937 0.946117
0.98797 0.946042
0.988003 0.945967
0.988035 0.945892
0.988068 0.945817
0.9881 0.945742
0.988132 0.945668
0.988163 0.945593
0.988194 0.945518
0.988225 0.945444
0.988256 0.945369
0.988287 0.945295
0.988317 0.945221
0.988347 0.945146
0.988376 0.945072
0.988406 0.944998
0.988435 0.944924
0.988464 0.94485
0.988492 0.944776
0.988521 0.944702
0.988549 0.944628
0.988577 0.944554
0.988604 0.944481
0.988632 0.944407
0.988659 0.944334
0.988686 0.94426
0.988713 0.944187
0.988739 0.944114
0.988765 0.94404
0.988791 0.943967
0.988817 0.943894
0.988843 0.943821
0.988868 0.943748
0.988893 0.943675
0.988918 0.943602
0.988943 0.94353
0.988967 0.943457
0.988992 0.943384
0.989016 0.943312
0.98904 0.943239
0.989063 0.943167
0.989087 0.943094
0.98911 0.943022
0.989133 0.94295
0.989156 0.942878
0.989179 0.942806
0.989201 0.942734
0.989223 0.942662
0.989246 0.94259
0.989267 0.942518
0.989289 0.942447
0.989311 0.942375
0.989332 0.942304
0.989353 0.942232
0.989374 0.942161
0.989395 0.942089
0.989416 0.942018
0.989436 0.941947
0.989457 0.941876
0.989477 0.941805
0.989497 0.941734
0.989517 0.941663
0.989536 0.941592
0.989556 0.941521
0.989575 0.941451
0.989594 0.94138
0.989613 0.94131
0.989632 0.941239
0.989651 0.941169
0.989669 0.941098
0.989688 0.941028
0.989706 0.940958
0.989724 0.940888
0.989742 0.940818
0.98976 0.940748
0.989778 0.940678
0.989795 0.940608
0.989812 0.940539
0.98983 0.940469
0.989847 0.940399
0.989864 0.94033
0.98988 0.94026
0.989897 0.940191
0.989914 0.940122
0.98993 0.940052
0.989946 0.939983
0.989962 0.939914
0.989978 0.939845
0.989994 0.939776
0.99001 0.939707
0.990025 0.939639
0.990041 0.93957
0.990056 0.939501
0.990071 0.939433
0.990086 0.939364
0.990101 0.939296
0.990116 0.939228
0.990131 0.939159
0.990145 0.939091
0.99016 0.939023
0.990174 0.938955
0.990188 0.938887
0.990203 0.938819
0.990217 0.938751
0.99023 0.938683
0.990244 0.938616
0.990258 0.938548
0.990271 0.938481
0.990285 0.938413
0.990298 0.938346
0.990311 0.938278
0.990324 0.938211
0.990337 0.938144
0.99035 0.938077
0.990363 0.93801
0.990376 0.937943
0.990388 0.937876
0.990401 0.937809
0.990413 0.937742
0.990426 0.937676
0.990438 0.937609
0.99045 0.937543
0.990462 0.937476
0.990474 0.93741
0.990485 0.937343
0.990497 0.937277
0.990509 0.937211
0.99052 0.937145
0.990532 0.937079
0.990543 0.937013
0.990554 0.936947
0.990565 0.936881
0.990576 0.936816
0.990587 0.93675
0.990598 0.936684
0.990609 0.936619
0.990619 0.936553
0.99063 0.936488
0.99064 0.936423
0.990651 0.936357
0.990661 0.936292
0.990671 0.936227
0.990682 0.936162
0.990692 0.936097
0.990702 0.936032
0.990712 0.935968
0.990721 0.935903
0.990731 0.935838
0.990741 0.935774
0.99075 0.935709
0.99076 0.935645
0.990769 0.93558
0.990779 0.935516
0.990788 0.935452
0.990797 0.935387
0.990806 0.935323
0.990815 0.935259
0.990824 0.935195
0.990833 0.935132
0.990842 0.935068
0.990851 0.935004
0.990859 0.93494
0.990868 0.934877
0.990877 0.934813
0.990885 0.93475
0.990893 0.934686
0.990902 0.934623
0.99091 0.93456
0.990918 0.934497
0.990926 0.934433
0.990934 0.93437
0.990942 0.934307
0.99095 0.934244
0.990958 0.934182
0.990966 0.934119
0.990974 0.934056
0.990981 0.933994
0.990989 0.933931
0.990996 0.933869
0.991004 0.933806
0.991011 0.933744
0.991019 0.933681
0.991026 0.933619
0.991033 0.933557
0.99104 0.933495
0.991047 0.933433
0.991054 0.933371
0.991061 0.933309
0.991068 0.933247
0.991075 0.933186
0.991082 0.933124
0.991089 0.933062
0.991095 0.933001
0.991102 0.932939
0.991109 0.932878
0.991115 0.932817
0.991121 0.932755
0.991128 0.932694
0.991134 0.932633
0.991141 0.932572
0.991147 0.932511
0.991153 0.93245
0.991159 0.932389
0.991165 0.932329
0.991171 0.932268
0.991177 0.932207
0.991183 0.932147
0.991189 0.932086
0.991195 0.932026
0.991201 0.931965
0.991206 0.931905
0.991212 0.931845
0.991218 0.931784
0.991223 0.931724
0.991229 0.931664
0.991234 0.931604
0.99124 0.931544
0.991245 0.931485
0.99125 0.931425
0.991256 0.931365
0.991261 0.931305
0.991266 0.931246
0.991271 0.931186
0.991276 0.931127
0.991281 0.931067
0.991286 0.931008
0.991291 0.930949
0.991296 0.93089
0.991301 0.93083
0.991306 0.930771
0.991311 0.930712
0.991315 0.930653
0.99132 0.930595
0.991325 0.930536
0.991329 0.930477
0.991334 0.930418
0.991338 0.93036
0.991343 0.930301
0.991347 0.930243
0.991352 0.930184
0.991356 0.930126
0.991361 0.930068
0.991365 0.930009
0.991369 0.929951
0.991373 0.929893
0.991377 0.929835
0.991382 0.929777
0.991386 0.929719
0.99139 0.929661
0.991394 0.929603
0.991398 0.929546
0.991402 0.929488
0.991406 0.92943
0.991409 0.929373
0.991413 0.929315
0.991417 0.929258
0.991421 0.929201
0.991425 0.929143
0.991428 0.929086
0.991432 0.929029
0.991435 0.928972
0.991439 0.928915
0.991443 0.928858
0.991446 0.928801
0.99145 0.928744
0.991453 0.928687
0.991456 0.928631
0.99146 0.928574
0.991463 0.928517
0.991466 0.928461
0.99147 0.928404
0.991473 0.928348
0.991476 0.928291
0.991479 0.928235
0.991482 0.928179
0.991486 0.928123
0.991489 0.928067
0.991492 0.928011
0.991495 0.927955
0.991498 0.927899
0.991501 0.927843
0.991504 0.927787
0.991506 0.927731
0.991509 0.927675
0.991512 0.92762
0.991515 0.927564
0.991518 0.927509
0.991521 0.927453
0.991523 0.927398
0.991526 0.927343
0.991529 0.927287
0.991531 0.927232
0.991534 0.927177
0.991536 0.927122
0.991539 0.927067
0.991541 0.927012
0.991544 0.926957
0.991546 0.926902
0.991549 0.926847
0.991551 0.926792
0.991554 0.926738
0.991556 0.926683
0.991558 0.926628
0.991561 0.926574
0.991563 0.926519
0.991565 0.926465
0.991567 0.926411
0.99157 0.926356
0.991572 0.926302
0.991574 0.926248
0.991576 0.926194
0.991578 0.92614
0.99158 0.926086
0.991582 0.926032
0.991584 0.925978
0.991586 0.925924
0.991588 0.92587
0.99159 0.925817
0.991592 0.925763
0.991594 0.925709
0.991596 0.925656
0.991598 0.925602
0.9916 0.925549
0.991601 0.925495
0.991603 0.925442
0.991605 0.925389
0.991607 0.925336
0.991608 0.925283
0.99161 0.925229
0.991612 0.925176
0.991613 0.925123
0.991615 0.92507
0.991617 0.925018
0.991618 0.924965
0.99162 0.924912
0.991621 0.924859
0.991623 0.924807
0.991624 0.924754
0.991626 0.924701
0.991627 0.924649
0.991629 0.924596
0.99163 0.924544
0.991632 0.924492
0.991633 0.924439
0.991634 0.924387
0.991636 0.924335
0.991637 0.924283
0.991638 0.924231
0.99164 0.924179
0.991641 0.924127
0.991642 0.924075
0.991643 0.924023
0.991645 0.923971
0.991646 0.92392
0.991647 0.923868
0.991648 0.923816
0.991649 0.923765
0.99165 0.923713
0.991651 0.923662
0.991652 0.92361
0.991654 0.923559
0.991655 0.923508
0.991656 0.923456
0.991657 0.923405
0.991658 0.923354
0.991659 0.923303
0.991659 0.923252
0.99166 0.923201
0.991661 0.92315
0.991662 0.923099
0.991663 0.923048
0.991664 0.922997
0.991665 0.922946
0.991666 0.922896
0.991666 0.922845
0.991667 0.922795
0.991668 0.922744
0.991669 0.922693
0.99167 0.922643
0.99167 0.922593
0.991671 0.922542
0.991672 0.922492
0.991672 0.922442
0.991673 0.922392
0.991674 0.922341
0.991674 0.922291
0.991675 0.922241
0.991676 0.922191
0.991676 0.922141
0.991677 0.922091
0.991677 0.922042
0.991678 0.921992
0.991678 0.921942
0.991679 0.921892
0.991679 0.921843
0.99168 0.921793
0.99168 0.921744
0.991681 0.921694
0.991681 0.921645
0.991682 0.921595
0.991682 0.921546
0.991683 0.921497
0.991683 0.921447
0.991683 0.921398
0.991684 0.921349
0.991684 0.9213
0.991684 0.921251
0.991685 0.921202
0.991685 0.921153
0.991685 0.921104
0.991686 0.921055
0.991686 0.921006
0.991686 0.920957
0.991686 0.920909
0.991687 0.92086
0.991687 0.920811
0.991687 0.920763
0.991687 0.920714
0.991687 0.920666
0.991688 0.920617
0.991688 0.920569
0.991688 0.920521
0.991688 0.920472
0.991688 0.920424
0.991688 0.920376
0.991688 0.920328
0.991689 0.92028
0.991689 0.920232
0.991689 0.920184
0.991689 0.920136
0.991689 0.920088
0.991689 0.92004
0.991689 0.919992
0.991689 0.919944
0.991689 0.919896
0.991689 0.919849
0.991689 0.919801
0.991689 0.919753
0.991689 0.919706
0.991689 0.919658
0.991689 0.919611
0.991688 0.919563
0.991688 0.919516
0.991688 0.919469
0.991688 0.919421
0.991688 0.919374
0.991688 0.919327
0.991688 0.91928
0.991688 0.919233
0.991687 0.919186
0.991687 0.919139
0.991687 0.919092
0.991687 0.919045
0.991687 0.918998
0.991686 0.918951
0.991686 0.918904
0.991686 0.918857
0.991686 0.918811
0.991686 0.918764
0.991685 0.918717
0.991685 0.918671
0.991685 0.918624
0.991684 0.918578
0.991684 0.918531
0.991684 0.918485
0.991684 0.918439
0.991683 0.918392
0.991683 0.918346
0.991683 0.9183
0.991682 0.918253
0.991682 0.918207
0.991681 0.918161
0.991681 0.918115
0.991681 0.918069
0.99168 0.918023
0.99168 0.917977
0.991679 0.917931
0.991679 0.917885
0.991679 0.91784
0.991678 0.917794
0.991678 0.917748
0.991677 0.917702
0.991677 0.917657
0.991676 0.917611
0.991676 0.917566
0.991675 0.91752
0.991675 0.917475
0.991674 0.917429
0.991674 0.917384
0.991673 0.917338
0.991673 0.917293
0.991672 0.917248
0.991672 0.917202
0.991671 0.917157
0.991671 0.917112
0.99167 0.917067
0.991669 0.917022
0.991669 0.916977
0.991668 0.916932
0.991668 0.916887
0.991667 0.916842
0.991666 0.916797
0.991666 0.916752
0.991665 0.916707
0.991665 0.916663
0.991664 0.916618
0.991663 0.916573
0.991663 0.916529
0.991662 0.916484
0.991661 0.91644
0.991661 0.916395
0.99166 0.916351
0.991659 0.916306
0.991659 0.916262
0.991658 0.916217
0.991657 0.916173
0.991657 0.916129
0.991656 0.916084
0.991655 0.91604
0.991654 0.915996
0.991654 0.915952
0.991653 0.915908
0.991652 0.915864
0.991651 0.91582
0.991651 0.915776
0.99165 0.915732
0.991649 0.915688
0.991648 0.915644
0.991647 0.9156
0.991647 0.915556
0.991646 0.915513
0.991645 0.915469
0.991644 0.915425
0.991643 0.915382
0.991643 0.915338
0.991642 0.915294
0.991641 0.915251
0.99164 0.915207
0.991639 0.915164
0.991638 0.915121
0.991638 0.915077
0.991637 0.915034
0.991636 0.914991
0.991635 0.914947
0.991634 0.914904
0.991633 0.914861
0.991632 0.914818
0.991631 0.914775
0.99163 0.914731
0.99163 0.914688
0.991629 0.914645
0.991628 0.914602
0.991627 0.914559
0.991626 0.914517
0.991625 0.914474
0.991624 0.914431
0.991623 0.914388
0.991622 0.914345
0.991621 0.914303
0.99162 0.91426
0.991619 0.914217
0.991618 0.914175
0.991617 0.914132
0.991616 0.914089
0.991615 0.914047
0.991614 0.914004
0.991613 0.913962
0.991612 0.91392
0.991611 0.913877
0.99161 0.913835
0.991609 0.913793
0.991608 0.91375
0.991607 0.913708
0.991606 0.913666
0.991605 0.913624
0.991604 0.913581
0.991603 0.913539
0.991602 0.913497
0.991601 0.913455
0.9916 0.913413
0.991599 0.913371
0.991598 0.913329
0.991597 0.913287
0.991596 0.913246
0.991595 0.913204
0.991594 0.913162
0.991593 0.91312
0.991592 0.913078
0.99159 0.913037
0.991589 0.912995
0.991588 0.912953
0.991587 0.912912
0.991586 0.91287
0.991585 0.912829
0.991584 0.912787
0.991583 0.912746
0.991582 0.912704
0.991581 0.912663
0.991579 0.912622
0.991578 0.91258
0.991577 0.912539
0.991576 0.912498
0.991575 0.912456
0.991574 0.912415
0.991573 0.912374
0.991571 0.912333
0.99157 0.912292
0.991569 0.912251
0.991568 0.91221
0.991567 0.912169
0.991566 0.912128
0.991564 0.912087
0.991563 0.912046
0.991562 0.912005
0.991561 0.911964
0.99156 0.911923
0.991559 0.911882
0.991557 0.911842
0.991556 0.911801
0.991555 0.91176
0.991554 0.911719
0.991553 0.911679
0.991551 0.911638
0.99155 0.911598
0.991549 0.911557
0.991548 0.911516
0.991546 0.911476
0.991545 0.911436
0.991544 0.911395
0.991543 0.911355
0.991542 0.911314
0.99154 0.911274
0.991539 0.911234
0.991538 0.911193
0.991537 0.911153
0.991535 0.911113
0.991534 0.911073
0.991533 0.911033
0.991532 0.910992
0.99153 0.910952
0.991529 0.910912
0.991528 0.910872
0.991527 0.910832
0.991525 0.910792
0.991524 0.910752
0.991523 0.910712
0.991521 0.910672
0.99152 0.910633
0.991519 0.910593
0.991518 0.910553
0.991516 0.910513
0.991515 0.910473
0.991514 0.910434
0.991512 0.910394
0.991511 0.910354
0.99151 0.910315
0.991508 0.910275
0.991507 0.910236
0.991506 0.910196
0.991505 0.910156
0.991503 0.910117
0.991502 0.910078
0.991501 0.910038
0.991499 0.909999
0.991498 0.909959
0.991497 0.90992
0.991495 0.909881
0.991494 0.909841
0.991493 0.909802
0.991491 0.909763
0.99149 0.909724
0.991489 0.909684
0.991487 0.909645
0.991486 0.909606
0.991485 0.909567
0.991483 0.909528
0.991482 0.909489
0.991481 0.90945
0.991479 0.909411
0.991478 0.909372
0.991476 0.909333
0.991475 0.909294
0.991474 0.909255
0.991472 0.909216
0.991471 0.909177
0.99147 0.909139
0.991468 0.9091
0.991467 0.909061
0.991466 0.909022
0.991464 0.908984
0.991463 0.908945
0.991461 0.908906
0.99146 0.908868
0.991459 0.908829
0.991457 0.908791
0.991456 0.908752
0.991454 0.908713
0.991453 0.908675
0.991452 0.908637
0.99145 0.908598
0.991449 0.90856
0.991447 0.908521
0.991446 0.908483
0.991445 0.908445
0.991443 0.908406
0.991442 0.908368
0.99144 0.90833
0.991439 0.908291
0.991438 0.908253
0.991436 0.908215
0.991435 0.908177
0.991433 0.908139
0.991432 0.908101
0.991431 0.908063
0.991429 0.908025
0.991428 0.907986
0.991426 0.907948
0.991425 0.90791
0.991423 0.907873
0.991422 0.907835
0.991421 0.907797
0.991419 0.907759
0.991418 0.907721
0.991416 0.907683
0.991415 0.907645
0.991413 0.907607
0.991412 0.90757
0.991411 0.907532
0.991409 0.907494
0.991408 0.907457
0.991406 0.907419
0.991405 0.907381
0.991403 0.907344
0.991402 0.907306
0.9914 0.907268
0.991399 0.907231
0.991397 0.907193
0.991396 0.907156
0.991395 0.907118
0.991393 0.907081
0.991392 0.907043
0.99139 0.907006
0.991389 0.906969
0.991387 0.906931
0.991386 0.906894
0.991384 0.906857
0.991383 0.906819
0.991381 0.906782
0.99138 0.906745
0.991378 0.906708
0.991377 0.90667
0.991376 0.906633
0.991374 0.906596
0.991373 0.906559
0.991371 0.906522
0.99137 0.906485
0.991368 0.906448
0.991367 0.90641
0.991365 0.906373
0.991364 0.906336
0.991362 0.906299
0.991361 0.906262
0.991359 0.906226
0.991358 0.906189
0.991356 0.906152
0.991355 0.906115
0.991353 0.906078
0.991352 0.906041
0.99135 0.906004
0.991349 0.905968
0.991347 0.905931
0.991346 0.905894
0.991344 0.905857
0.991343 0.905821
0.991341 0.905784
0.99134 0.905747
0.991338 0.905711
0.991337 0.905674
0.991335 0.905637
0.991334 0.905601
0.991332 0.905564
0.991331 0.905528
0.991329 0.905491
0.991328 0.905455
0.991326 0.905418
0.991325 0.905382
0.991323 0.905345
0.991322 0.905309
0.99132 0.905273
0.991319 0.905236
0.991317 0.9052
0.991316 0.905164
0.991314 0.905127
0.991313 0.905091
0.991311 0.905055
0.99131 0.905018
0.991308 0.904982
0.991307 0.904946
0.991305 0.90491
0.991304 0.904874
0.991302 0.904838
0.991301 0.904801
0.991299 0.904765
0.991298 0.904729
0.991296 0.904693
0.991295 0.904657
0.991293 0.904621
0.991292 0.904585
0.99129 0.904549
0.991288 0.904513
0.991287 0.904477
0.991285 0.904441
0.991284 0.904405
0.991282 0.904369
0.991281 0.904334
0.991279 0.904298
0.991278 0.904262
0.991276 0.904226
0.991275 0.90419
0.991273 0.904154
0.991272 0.904119
0.99127 0.904083
0.991269 0.904047
0.991267 0.904012
0.991266 0.903976
0.991264 0.90394
0.991262 0.903905
0.991261 0.903869
0.991259 0.903833
0.991258 0.903798
0.991256 0.903762
0.991255 0.903727
0.991253 0.903691
0.991252 0.903656
0.99125 0.90362
0.991249 0.903585
0.991247 0.903549
0.991246 0.903514
0.991244 0.903478
0.991242 0.903443
0.991241 0.903407
0.991239 0.903372
0.991238 0.903337
0.991236 0.903301
0.991235 0.903266
0.991233 0.903231
0.991232 0.903195
0.99123 0.90316
0.991229 0.903125
0.991227 0.90309
0.991225 0.903054
0.991224 0.903019
0.991222 0.902984
0.991221 0.902949
0.991219 0.902914
0.991218 0.902879
0.991216 0.902843
0.991215 0.902808
0.991213 0.902773
0.991211 0.902738
0.99121 0.902703
0.991208 0.902668
0.991207 0.902633
0.991205 0.902598
0.991204 0.902563
0.991202 0.902528
0.991201 0.902493
0.991199 0.902458
0.991197 0.902423
0.991196 0.902388
0.991194 0.902354
0.991193 0.902319
0.991191 0.902284
0.99119 0.902249
0.991188 0.902214
0.991187 0.902179
0.991185 0.902145
0.991183 0.90211
0.991182 0.902075
0.99118 0.90204
0.991179 0.902006
0.991177 0.901971
0.991176 0.901936
0.991174 0.901901
0.991173 0.901867
0.991171 0.901832
0.991169 0.901798
0.991168 0.901763
0.991166 0.901728
0.991165 0.901694
0.991163 0.901659
0.991162 0.901625
0.99116 0.90159
0.991158 0.901556
0.991157 0.901521
0.991155 0.901487
0.991154 0.901452
0.991152 0.901418
0.991151 0.901383
0.991149 0.901349
0.991148 0.901314
0.991146 0.90128
0.991144 0.901245
0.991143 0.901211
0.991141 0.901177
0.99114 0.901142
0.991138 0.901108
0.991137 0.901074
0.991135 0.901039
0.991133 0.901005
0.991132 0.900971
0.99113 0.900937
0.991129 0.900902
0.991127 0.900868
0.991126 0.900834
0.991124 0.9008
0.991122 0.900766
0.991121 0.900731
0.991119 0.900697
0.991118 0.900663
0.991116 0.900629
0.991115 0.900595
0.991113 0.900561
0.991111 0.900527
0.99111 0.900492
0.991108 0.900458
0.991107 0.900424
0.991105 0.90039
0.991104 0.900356
0.991102 0.900322
0.9911 0.900288
0.991099 0.900254
0.991097 0.90022
0.991096 0.900186
0.991094 0.900152
0.991093 0.900118
0.991091 0.900085
0.991089 0.900051
0.991088 0.900017
0.991086 0.899983
0.991085 0.899949
0.991083 0.899915
0.991082 0.899881
0.99108 0.899847
0.991078 0.899814
0.991077 0.89978
0.991075 0.899746
0.991074 0.899712
0.991072 0.899679
0.991071 0.899645
0.991069 0.899611
0.991067 0.899577
0.991066 0.899544
0.991064 0.89951
0.991063 0.899476
0.991061 0.899442
0.99106 0.899409
0.991058 0.899375
0.991056 0.899341
0.991055 0.899308
0.991053 0.899274
0.991052 0.899241
0.99105 0.899207
0.991049 0.899173
0.991047 0.89914
0.991045 0.899106
0.991044 0.899073
0.991042 0.899039
0.991041 0.899006
0.991039 0.898972
0.991038 0.898939
0.991036 0.898905
0.991034 0.898872
0.991033 0.898838
0.991031 0.898805
0.99103 0.898771
0.991028 0.898738
0.991026 0.898704
0.991025 0.898671
0.991023 0.898638
0.991022 0.898604
0.99102 0.898571
0.991019 0.898537
0.991017 0.898504
0.991015 0.898471
0.991014 0.898437
0.991012 0.898404
0.991011 0.898371
0.991009 0.898337
0.991008 0.898304
0.991006 0.898271
0.991004 0.898238
0.991003 0.898204
0.991001 0.898171
0.991 0.898138
0.990998 0.898105
0.990997 0.898071
0.990995 0.898038
0.990993 0.898005
0.990992 0.897972
0.99099 0.897939
0.990989 0.897905
0.990987 0.897872
0.990985 0.897839
0.990984 0.897806
0.990982 0.897773
0.990981 0.89774
0.990979 0.897707
0.990978 0.897674
0.990976 0.89764
0.990974 0.897607
0.990973 0.897574
0.990971 0.897541
0.99097 0.897508
0.990968 0.897475
0.990967 0.897442
0.990965 0.897409
0.990963 0.897376
0.990962 0.897343
0.99096 0.89731
0.990959 0.897277
0.990957 0.897244
0.990956 0.897211
0.990954 0.897178
0.990952 0.897145
0.990951 0.897112
0.990949 0.897079
0.990948 0.897046
0.990946 0.897014
0.990945 0.896981
0.990943 0.896948
0.990941 0.896915
0.99094 0.896882
0.990938 0.896849
0.990937 0.896816
0.990935 0.896783
0.990933 0.896751
0.990932 0.896718
0.99093 0.896685
0.990929 0.896652
0.990927 0.896619
0.990926 0.896586
0.990924 0.896554
0.990922 0.896521
0.990921 0.896488
0.990919 0.896455
0.990918 0.896423
0.990916 0.89639
0.990915 0.896357
0.990913 0.896324
0.990911 0.896292
0.99091 0.896259
0.990908 0.896226
0.990907 0.896193
0.990905 0.896161
0.990904 0.896128
0.990902 0.896095
0.9909 0.896063
0.990899 0.89603
0.990897 0.895997
0.990896 0.895965
0.990894 0.895932
0.990892 0.895899
0.990891 0.895867
0.990889 0.895834
0.990888 0.895802
0.990886 0.895769
0.990885 0.895736
0.990883 0.895704
0.990881 0.895671
0.99088 0.895639
0.990878 0.895606
0.990877 0.895573
0.990875 0.895541
0.990874 0.895508
0.990872 0.895476
0.99087 0.895443
0.990869 0.895411
0.990867 0.895378
0.990866 0.895346
0.990864 0.895313
0.990863 0.895281
0.990861 0.895248
0.990859 0.895216
0.990858 0.895183
0.990856 0.895151
0.990855 0.895118
0.990853 0.895086
0.990852 0.895053
0.99085 0.895021
0.990848 0.894988
0.990847 0.894956
0.990845 0.894924
0.990844 0.894891
0.990842 0.894859
0.99084 0.894826
0.990839 0.894794
0.990837 0.894761
0.990836 0.894729
0.990834 0.894697
0.990833 0.894664
0.990831 0.894632
0.990829 0.8946
0.990828 0.894567
0.990826 0.894535
0.990825 0.894502
0.990823 0.89447
0.990822 0.894438
0.99082 0.894405
0.990818 0.894373
0.990817 0.894341
0.990815 0.894308
0.990814 0.894276
0.990812 0.894244
0.990811 0.894212
0.990809 0.894179
0.990807 0.894147
0.990806 0.894115
0.990804 0.894082
0.990803 0.89405
0.990801 0.894018
0.9908 0.893986
0.990798 0.893953
0.990796 0.893921
0.990795 0.893889
0.990793 0.893857
0.990792 0.893824
0.99079 0.893792
0.990789 0.89376
0.990787 0.893728
0.990785 0.893695
0.990784 0.893663
0.990782 0.893631
0.990781 0.893599
0.990779 0.893566
0.990777 0.893534
0.990776 0.893502
0.990774 0.89347
0.990773 0.893438
0.990771 0.893405
0.99077 0.893373
0.990768 0.893341
0.990766 0.893309
0.990765 0.893277
0.990763 0.893245
0.990762 0.893212
0.99076 0.89318
0.990759 0.893148
0.990757 0.893116
0.990755 0.893084
0.990754 0.893052
0.990752 0.89302
0.990751 0.892987
0.990749 0.892955
0.990748 0.892923
0.990746 0.892891
0.990744 0.892859
0.990743 0.892827
0.990741 0.892795
0.99074 0.892763
0.990738 0.89273
0.990737 0.892698
0.990735 0.892666
0.990733 0.892634
0.990732 0.892602
0.99073 0.89257
0.990729 0.892538
0.990727 0.892506
0.990726 0.892474
0.990724 0.892442
0.990722 0.89241
0.990721 0.892377
0.990719 0.892345
0.990718 0.892313
0.990716 0.892281
0.990715 0.892249
0.990713 0.892217
0.990711 0.892185
0.99071 0.892153
0.990708 0.892121
0.990707 0.892089
0.990705 0.892057
0.990704 0.892025
0.990702 0.891993
0.9907 0.891961
0.990699 0.891929
0.990697 0.891897
0.990696 0.891865
0.990694 0.891833
0.990693 0.891801
0.990691 0.891769
0.990689 0.891737
0.990688 0.891705
0.990686 0.891672
0.990685 0.89164
0.990683 0.891608
0.990682 0.891576
0.99068 0.891544
0.990678 0.891512
0.990677 0.89148
0.990675 0.891448
0.990674 0.891416
0.990672 0.891384
0.99067 0.891352
0.990669 0.89132
0.990667 0.891288
0.990666 0.891256
0.990664 0.891224
0.990663 0.891192
0.990661 0.89116
0.990659 0.891128
0.990658 0.891096
0.990656 0.891064
0.990655 0.891032
0.990653 0.891
0.990652 0.890968
0.99065 0.890936
0.990648 0.890905
0.990647 0.890873
0.990645 0.890841
0.990644 0.890809
0.990642 0.890777
0.990641 0.890745
0.990639 0.890713
0.990637 0.890681
0.990636 0.890649
0.990634 0.890617
0.990633 0.890585
0.990631 0.890553
0.99063 0.890521
0.990628 0.890489
0.990626 0.890457
0.990625 0.890425
0.990623 0.890393
0.990622 0.890361
0.99062 0.890329
0.990619 0.890297
0.990617 0.890265
0.990615 0.890233
0.990614 0.890201
0.990612 0.890169
0.990611 0.890137
0.990609 0.890105
0.990608 0.890073
0.990606 0.890041
0.990604 0.890009
0.990603 0.889977
0.990601 0.889945
0.9906 0.889913
0.990598 0.889881
0.990596 0.889849
0.990595 0.889817
0.990593 0.889785
0.990592 0.889753
0.99059 0.889721
0.990589 0.889689
0.990587 0.889658
0.990585 0.889626
0.990584 0.889594
0.990582 0.889562
0.990581 0.88953
0.990579 0.889498
0.990578 0.889466
0.990576 0.889434
0.990574 0.889402
0.990573 0.88937
0.990571 0.889338
0.99057 0.889306
0.990568 0.889274
0.990567 0.889242
0.990565 0.88921
0.990563 0.889178
0.990562 0.889146
0.99056 0.889114
0.990559 0.889082
0.990557 0.88905
0.990555 0.889018
0.990554 0.888986
0.990552 0.888954
0.990551 0.888922
0.990549 0.88889
0.990548 0.888858
0.990546 0.888826
0.990544 0.888794
0.990543 0.888762
0.990541 0.88873
0.99054 0.888698
0.990538 0.888666
0.990537 0.888634
0.990535 0.888602
0.990533 0.88857
0.990532 0.888538
0.99053 0.888506
0.990529 0.888474
0.990527 0.888442
0.990525 0.88841
0.990524 0.888378
0.990522 0.888345
0.990521 0.888313
0.990519 0.888281
0.990518 0.888249
0.990516 0.888217
0.990514 0.888185
0.990513 0.888153
0.990511 0.888121
0.99051 0.888089
0.990508 0.888057
0.990506 0.888025
0.990505 0.887993
0.990503 0.887961
0.990502 0.887929
0.9905 0.887897
0.990499 0.887865
0.990497 0.887833
0.990495 0.8878
0.990494 0.887768
0.990492 0.887736
0.990491 0.887704
0.990489 0.887672
0.990487 0.88764
0.990486 0.887608
0.990484 0.887576
0.990483 0.887544
0.990481 0.887512
0.99048 0.88748
0.990478 0.887447
0.990476 0.887415
0.990475 0.887383
0.990473 0.887351
0.990472 0.887319
0.99047 0.887287
0.990468 0.887255
0.990467 0.887222
0.990465 0.88719
0.990464 0.887158
0.990462 0.887126
0.990461 0.887094
0.990459 0.887062
0.990457 0.88703
0.990456 0.886997
0.990454 0.886965
0.990453 0.886933
0.990451 0.886901
0.990449 0.886869
0.990448 0.886836
0.990446 0.886804
0.990445 0.886772
0.990443 0.88674
0.990441 0.886708
0.99044 0.886675
0.990438 0.886643
0.990437 0.886611
0.990435 0.886579
0.990434 0.886547
0.990432 0.886514
0.99043 0.886482
0.990429 0.88645
0.990427 0.886418
0.990426 0.886385
0.990424 0.886353
0.990422 0.886321
0.990421 0.886288
0.990419 0.886256
0.990418 0.886224
0.990416 0.886192
0.990414 0.886159
0.990413 0.886127
0.990411 0.886095
0.99041 0.886062
0.990408 0.88603
0.990406 0.885998
0.990405 0.885965
0.990403 0.885933
0.990402 0.885901
0.9904 0.885868
0.990399 0.885836
0.990397 0.885804
0.990395 0.885771
0.990394 0.885739
0.990392 0.885707
0.990391 0.885674
0.990389 0.885642
0.990387 0.88561
0.990386 0.885577
0.990384 0.885545
0.990383 0.885512
0.990381 0.88548
0.990379 0.885447
0.990378 0.885415
0.990376 0.885383
0.990375 0.88535
0.990373 0.885318
0.990371 0.885285
0.99037 0.885253
0.990368 0.88522
0.990367 0.885188
0.990365 0.885155
0.990363 0.885123
0.990362 0.88509
0.99036 0.885058
0.990359 0.885025
0.990357 0.884993
0.990355 0.88496
0.990354 0.884928
0.990352 0.884895
0.990351 0.884863
0.990349 0.88483
0.990347 0.884798
0.990346 0.884765
0.990344 0.884733
0.990343 0.8847
0.990341 0.884667
0.990339 0.884635
0.990338 0.884602
0.990336 0.88457
0.990334 0.884537
0.990333 0.884504
0.990331 0.884472
0.99033 0.884439
0.990328 0.884407
0.990326 0.884374
0.990325 0.884341
0.990323 0.884309
0.990322 0.884276
0.99032 0.884243
0.990318 0.884211
0.990317 0.884178
0.990315 0.884145
0.990314 0.884112
0.990312 0.88408
0.99031 0.884047
0.990309 0.884014
0.990307 0.883981
0.990306 0.883949
0.990304 0.883916
0.990302 0.883883
0.990301 0.88385
0.990299 0.883818
0.990297 0.883785
0.990296 0.883752
0.990294 0.883719
0.990293 0.883686
0.990291 0.883654
0.990289 0.883621
0.990288 0.883588
0.990286 0.883555
0.990285 0.883522
0.990283 0.883489
0.990281 0.883456
0.99028 0.883423
0.990278 0.883391
0.990276 0.883358
0.990275 0.883325
0.990273 0.883292
0.990272 0.883259
0.99027 0.883226
0.990268 0.883193
0.990267 0.88316
0.990265 0.883127
0.990263 0.883094
0.990262 0.883061
0.99026 0.883028
0.990259 0.882995
0.990257 0.882962
0.990255 0.882929
0.990254 0.882896
0.990252 0.882863
0.99025 0.88283
0.990249 0.882797
0.990247 0.882764
0.990246 0.88273
0.990244 0.882697
0.990242 0.882664
0.990241 0.882631
0.990239 0.882598
0.990237 0.882565
0.990236 0.882532
0.990234 0.882498
0.990233 0.882465
0.990231 0.882432
0.990229 0.882399
0.990228 0.882366
0.990226 0.882332
0.990224 0.882299
0.990223 0.882266
0.990221 0.882233
0.990219 0.882199
0.990218 0.882166
0.990216 0.882133
0.990215 0.8821
0.990213 0.882066
0.990211 0.882033
0.99021 0.882
0.990208 0.881966
0.990206 0.881933
0.990205 0.8819
0.990203 0.881866
0.990201 0.881833
0.9902 0.881799
0.990198 0.881766
0.990197 0.881733
0.990195 0.881699
0.990193 0.881666
0.990192 0.881632
0.99019 0.881599
0.990188 0.881565
0.990187 0.881532
0.990185 0.881498
0.990183 0.881465
0.990182 0.881431
0.99018 0.881398
0.990178 0.881364
0.990177 0.88133
0.990175 0.881297
0.990174 0.881263
0.990172 0.88123
0.99017 0.881196
0.990169 0.881162
0.990167 0.881129
0.990165 0.881095
0.990164 0.881061
0.990162 0.881028
0.99016 0.880994
0.990159 0.88096
0.990157 0.880927
0.990155 0.880893
0.990154 0.880859
0.990152 0.880825
0.99015 0.880792
0.990149 0.880758
0.990147 0.880724
0.990145 0.88069
0.990144 0.880656
0.990142 0.880623
0.99014 0.880589
0.990139 0.880555
0.990137 0.880521
0.990135 0.880487
0.990134 0.880453
0.990132 0.880419
0.99013 0.880385
0.990129 0.880351
0.990127 0.880317
0.990126 0.880283
0.990124 0.880249
0.990122 0.880215
0.990121 0.880181
0.990119 0.880147
0.990117 0.880113
0.990116 0.880079
0.990114 0.880045
0.990112 0.880011
0.99011 0.879977
0.990109 0.879943
0.990107 0.879909
0.990105 0.879875
0.990104 0.87984
0.990102 0.879806
0.9901 0.879772
0.990099 0.879738
0.990097 0.879704
0.990095 0.879669
0.990094 0.879635
0.990092 0.879601
0.99009 0.879567
0.990089 0.879532
0.990087 0.879498
0.990085 0.879464
0.990084 0.879429
0.990082 0.879395
0.99008 0.879361
0.990079 0.879326
0.990077 0.879292
0.990075 0.879257
0.990074 0.879223
0.990072 0.879188
0.99007 0.879154
0.990069 0.879119
0.990067 0.879085
0.990065 0.87905
0.990063 0.879016
0.990062 0.878981
0.99006 0.878947
0.990058 0.878912
0.990057 0.878878
0.990055 0.878843
0.990053 0.878808
0.990052 0.878774
0.99005 0.878739
0.990048 0.878704
0.990047 0.87867
0.990045 0.878635
0.990043 0.8786
0.990041 0.878565
0.99004 0.878531
0.990038 0.878496
0.990036 0.878461
0.990035 0.878426
0.990033 0.878391
0.990031 0.878357
0.99003 0.878322
0.990028 0.878287
0.990026 0.878252
0.990024 0.878217
0.990023 0.878182
0.990021 0.878147
0.990019 0.878112
0.990018 0.878077
0.990016 0.878042
0.990014 0.878007
0.990013 0.877972
0.990011 0.877937
0.990009 0.877902
0.990007 0.877867
0.990006 0.877832
0.990004 0.877797
0.990002 0.877761
0.990001 0.877726
0.989999 0.877691
0.989997 0.877656
0.989995 0.877621
0.989994 0.877585
0.989992 0.87755
0.98999 0.877515
0.989989 0.877479
0.989987 0.877444
0.989985 0.877409
0.989983 0.877373
0.989982 0.877338
0.98998 0.877303
0.989978 0.877267
0.989976 0.877232
0.989975 0.877196
0.989973 0.877161
0.989971 0.877125
0.98997 0.87709
0.989968 0.877054
0.989966 0.877019
0.989964 0.876983
0.989963 0.876948
0.989961 0.876912
0.989959 0.876876
0.989957 0.876841
0.989956 0.876805
0.989954 0.876769
0.989952 0.876734
0.98995 0.876698
0.989949 0.876662
0.989947 0.876626
0.989945 0.876591
0.989943 0.876555
0.989942 0.876519
0.98994 0.876483
0.989938 0.876447
0.989937 0.876411
0.989935 0.876375
0.989933 0.876339
0.989931 0.876303
0.98993 0.876267
0.989928 0.876231
0.989926 0.876195
0.989924 0.876159
0.989923 0.876123
0.989921 0.876087
0.989919 0.876051
0.989917 0.876015
0.989915 0.875979
0.989914 0.875943
0.989912 0.875906
0.98991 0.87587
0.989908 0.875834
0.989907 0.875798
0.989905 0.875761
0.989903 0.875725
0.989901 0.875689
0.9899 0.875652
0.989898 0.875616
0.989896 0.87558
0.989894 0.875543
0.989893 0.875507
0.989891 0.87547
0.989889 0.875434
0.989887 0.875397
0.989885 0.875361
0.989884 0.875324
0.989882 0.875288
0.98988 0.875251
0.989878 0.875215
0.989877 0.875178
0.989875 0.875141
0.989873 0.875105
0.989871 0.875068
0.989869 0.875031
0.989868 0.874994
0.989866 0.874957
0.989864 0.874921
0.989862 0.874884
0.989861 0.874847
0.989859 0.87481
0.989857 0.874773
0.989855 0.874736
0.989853 0.874699
0.989852 0.874662
0.98985 0.874625
0.989848 0.874588
0.989846 0.874551
0.989844 0.874514
0.989843 0.874477
0.989841 0.87444
0.989839 0.874403
0.989837 0.874366
0.989835 0.874328
0.989834 0.874291
0.989832 0.874254
0.98983 0.874217
0.989828 0.874179
0.989826 0.874142
0.989825 0.874105
0.989823 0.874067
0.989821 0.87403
0.989819 0.873992
0.989817 0.873955
0.989816 0.873918
0.989814 0.87388
0.989812 0.873842
0.98981 0.873805
0.989808 0.873767
0.989806 0.87373
0.989805 0.873692
0.989803 0.873654
0.989801 0.873617
0.989799 0.873579
0.989797 0.873541
0.989795 0.873504
0.989794 0.873466
0.989792 0.873428
0.98979 0.87339
0.989788 0.873352
0.989786 0.873314
0.989784 0.873276
0.989783 0.873238
0.989781 0.8732
0.989779 0.873162
0.989777 0.873124
0.989775 0.873086
0.989773 0.873048
0.989772 0.87301
0.98977 0.872972
0.989768 0.872934
0.989766 0.872895
0.989764 0.872857
0.989762 0.872819
0.989761 0.872781
0.989759 0.872742
0.989757 0.872704
0.989755 0.872666
0.989753 0.872627
0.989751 0.872589
0.989749 0.87255
0.989748 0.872512
0.989746 0.872473
0.989744 0.872435
0.989742 0.872396
0.98974 0.872358
0.989738 0.872319
0.989736 0.87228
0.989735 0.872242
0.989733 0.872203
0.989731 0.872164
0.989729 0.872125
0.989727 0.872086
0.989725 0.872048
0.989723 0.872009
0.989721 0.87197
0.98972 0.871931
0.989718 0.871892
0.989716 0.871853
0.989714 0.871814
0.989712 0.871775
0.98971 0.871736
0.989708 0.871697
0.989706 0.871657
0.989704 0.871618
0.989703 0.871579
0.989701 0.87154
0.989699 0.871501
0.989697 0.871461
0.989695 0.871422
0.989693 0.871383
0.989691 0.871343
0.989689 0.871304
0.989687 0.871264
0.989685 0.871225
0.989684 0.871185
0.989682 0.871146
0.98968 0.871106
0.989678 0.871066
0.989676 0.871027
0.989674 0.870987
0.989672 0.870947
0.98967 0.870908
0.989668 0.870868
0.989666 0.870828
0.989664 0.870788
0.989663 0.870748
0.989661 0.870708
0.989659 0.870668
0.989657 0.870628
0.989655 0.870588
0.989653 0.870548
0.989651 0.870508
0.989649 0.870468
0.989647 0.870428
0.989645 0.870388
0.989643 0.870347
0.989641 0.870307
0.989639 0.870267
0.989637 0.870227
0.989636 0.870186
0.989634 0.870146
0.989632 0.870105
0.98963 0.870065
0.989628 0.870024
0.989626 0.869984
0.989624 0.869943
0.989622 0.869903
0.98962 0.869862
0.989618 0.869821
0.989616 0.869781
0.989614 0.86974
0.989612 0.869699
0.98961 0.869658
0.989608 0.869618
0.989606 0.869577
0.989604 0.869536
0.989602 0.869495
0.9896 0.869454
0.989598 0.869413
0.989596 0.869372
0.989594 0.869331
0.989592 0.869289
0.989591 0.869248
0.989589 0.869207
0.989587 0.869166
0.989585 0.869124
0.989583 0.869083
0.989581 0.869042
0.989579 0.869
0.989577 0.868959
0.989575 0.868917
0.989573 0.868876
0.989571 0.868834
0.989569 0.868793
0.989567 0.868751
0.989565 0.868709
0.989563 0.868668
0.989561 0.868626
0.989559 0.868584
0.989557 0.868542
0.989555 0.8685
0.989553 0.868459
0.989551 0.868417
0.989549 0.868375
0.989547 0.868333
0.989545 0.868291
0.989543 0.868248
0.989541 0.868206
0.989539 0.868164
0.989537 0.868122
0.989535 0.86808
0.989532 0.868037
0.98953 0.867995
0.989528 0.867953
0.989526 0.86791
0.989524 0.867868
0.989522 0.867825
0.98952 0.867783
0.989518 0.86774
0.989516 0.867697
0.989514 0.867655
0.989512 0.867612
0.98951 0.867569
0.989508 0.867527
0.989506 0.867484
0.989504 0.867441
0.989502 0.867398
0.9895 0.867355
0.989498 0.867312
0.989496 0.867269
0.989494 0.867226
0.989492 0.867183
0.98949 0.867139
0.989488 0.867096
0.989485 0.867053
0.989483 0.86701
0.989481 0.866966
0.989479 0.866923
0.989477 0.86688
0.989475 0.866836
0.989473 0.866793
0.989471 0.866749
0.989469 0.866705
0.989467 0.866662
0.989465 0.866618
0.989463 0.866574
0.98946 0.866531
0.989458 0.866487
0.989456 0.866443
0.989454 0.866399
0.989452 0.866355
0.98945 0.866311
0.989448 0.866267
0.989446 0.866223
0.989444 0.866179
0.989442 0.866134
0.989439 0.86609
0.989437 0.866046
0.989435 0.866002
0.989433 0.865957
0.989431 0.865913
0.989429 0.865868
0.989427 0.865824
0.989425 0.865779
0.989423 0.865735
0.98942 0.86569
0.989418 0.865645
0.989416 0.8656
0.989414 0.865556
0.989412 0.865511
0.98941 0.865466
0.989408 0.865421
0.989405 0.865376
0.989403 0.865331
0.989401 0.865286
0.989399 0.865241
0.989397 0.865196
0.989395 0.86515
0.989393 0.865105
0.98939 0.86506
0.989388 0.865014
0.989386 0.864969
0.989384 0.864923
0.989382 0.864878
0.98938 0.864832
0.989377 0.864787
0.989375 0.864741
0.989373 0.864695
0.989371 0.86465
0.989369 0.864604
0.989367 0.864558
0.989364 0.864512
0.989362 0.864466
0.98936 0.86442
0.989358 0.864374
0.989356 0.864328
0.989353 0.864281
0.989351 0.864235
0.989349 0.864189
0.989347 0.864143
0.989345 0.864096
0.989342 0.86405
0.98934 0.864003
0.989338 0.863957
0.989336 0.86391
0.989334 0.863863
0.989331 0.863817
0.989329 0.86377
0.989327 0.863723
0.989325 0.863676
0.989322 0.863629
0.98932 0.863582
0.989318 0.863535
0.989316 0.863488
0.989314 0.863441
0.989311 0.863394
0.989309 0.863347
0.989307 0.863299
0.989305 0.863252
0.989302 0.863204
0.9893 0.863157
0.989298 0.863109
0.989296 0.863062
0.989293 0.863014
0.989291 0.862967
0.989289 0.862919
0.989286 0.862871
0.989284 0.862823
0.989282 0.862775
0.98928 0.862727
0.989277 0.862679
0.989275 0.862631
0.989273 0.862583
0.989271 0.862535
0.989268 0.862486
0.989266 0.862438
0.989264 0.86239
0.989261 0.862341
0.989259 0.862293
0.989257 0.862244
0.989254 0.862196
0.989252 0.862147
0.98925 0.862098
0.989248 0.862049
0.989245 0.862
0.989243 0.861952
0.989241 0.861903
0.989238 0.861854
0.989236 0.861804
0.989234 0.861755
0.989231 0.861706
0.989229 0.861657
0.989227 0.861607
0.989224 0.861558
0.989222 0.861509
0.98922 0.861459
0.989217 0.861409
0.989215 0.86136
0.989213 0.86131
0.98921 0.86126
0.989208 0.86121
0.989206 0.861161
0.989203 0.861111
0.989201 0.861061
0.989198 0.86101
0.989196 0.86096
0.989194 0.86091
0.989191 0.86086
0.989189 0.860809
0.989187 0.860759
0.989184 0.860709
0.989182 0.860658
0.989179 0.860607
0.989177 0.860557
0.989175 0.860506
0.989172 0.860455
0.98917 0.860404
0.989167 0.860353
0.989165 0.860302
0.989163 0.860251
0.98916 0.8602
0.989158 0.860149
0.989155 0.860098
0.989153 0.860046
0.989151 0.859995
0.989148 0.859944
0.989146 0.859892
0.989143 0.85984
0.989141 0.859789
0.989138 0.859737
0.989136 0.859685
0.989133 0.859633
0.989131 0.859581
0.989129 0.859529
0.989126 0.859477
0.989124 0.859425
0.989121 0.859373
0.989119 0.859321
0.989116 0.859268
0.989114 0.859216
0.989111 0.859163
0.989109 0.859111
0.989106 0.859058
0.989104 0.859005
0.989101 0.858952
0.989099 0.8589
0.989096 0.858847
0.989094 0.858794
0.989091 0.858741
0.989089 0.858687
0.989086 0.858634
0.989084 0.858581
0.989081 0.858528
0.989079 0.858474
0.989076 0.858421
0.989074 0.858367
0.989071 0.858313
0.989069 0.85826
0.989066 0.858206
0.989064 0.858152
0.989061 0.858098
0.989059 0.858044
0.989056 0.85799
0.989054 0.857935
0.989051 0.857881
0.989048 0.857827
0.989046 0.857772
0.989043 0.857718
0.989041 0.857663
0.989038 0.857609
0.989036 0.857554
0.989033 0.857499
0.989031 0.857444
0.989028 0.857389
0.989025 0.857334
0.989023 0.857279
0.98902 0.857224
0.989018 0.857168
0.989015 0.857113
0.989012 0.857058
0.98901 0.857002
0.989007 0.856946
0.989005 0.856891
0.989002 0.856835
0.988999 0.856779
0.988997 0.856723
0.988994 0.856667
0.988991 0.856611
0.988989 0.856555
0.988986 0.856499
0.988984 0.856442
0.988981 0.856386
0.988978 0.856329
0.988976 0.856273
0.988973 0.856216
0.98897 0.856159
0.988968 0.856102
0.988965 0.856045
0.988962 0.855988
0.98896 0.855931
0.988957 0.855874
0.988954 0.855817
0.988952 0.855759
0.988949 0.855702
0.988946 0.855644
0.988943 0.855587
0.988941 0.855529
0.988938 0.855471
0.988935 0.855413
0.988933 0.855355
0.98893 0.855297
0.988927 0.855239
0.988924 0.855181
0.988922 0.855123
0.988919 0.855064
0.988916 0.855006
0.988914 0.854947
0.988911 0.854888
0.988908 0.85483
0.988905 0.854771
0.988903 0.854712
0.9889 0.854653
0.988897 0.854593
0.988894 0.854534
0.988891 0.854475
0.988889 0.854415
0.988886 0.854356
0.988883 0.854296
0.98888 0.854237
0.988878 0.854177
0.988875 0.854117
0.988872 0.854057
0.988869 0.853997
0.988866 0.853937
0.988864 0.853876
0.988861 0.853816
0.988858 0.853755
0.988855 0.853695
0.988852 0.853634
0.988849 0.853573
0.988847 0.853512
0.988844 0.853452
0.988841 0.85339
0.988838 0.853329
0.988835 0.853268
0.988832 0.853207
0.988829 0.853145
0.988827 0.853084
0.988824 0.853022
0.988821 0.85296
0.988818 0.852898
0.988815 0.852836
0.988812 0.852774
0.988809 0.852712
0.988806 0.85265
0.988803 0.852587
0.988801 0.852525
0.988798 0.852462
0.988795 0.8524
0.988792 0.852337
0.988789 0.852274
0.988786 0.852211
0.988783 0.852148
0.98878 0.852085
0.988777 0.852021
0.988774 0.851958
0.988771 0.851894
0.988768 0.851831
0.988765 0.851767
0.988762 0.851703
0.988759 0.851639
0.988756 0.851575
0.988753 0.851511
0.98875 0.851447
0.988747 0.851382
0.988744 0.851318
0.988741 0.851253
0.988738 0.851188
0.988735 0.851124
0.988732 0.851059
0.988729 0.850994
0.988726 0.850928
0.988723 0.850863
0.98872 0.850798
0.988717 0.850732
0.988714 0.850667
0.988711 0.850601
0.988708 0.850535
0.988705 0.850469
0.988702 0.850403
0.988699 0.850337
0.988696 0.85027
0.988693 0.850204
0.98869 0.850137
0.988687 0.850071
0.988683 0.850004
0.98868 0.849937
0.988677 0.84987
0.988674 0.849803
0.988671 0.849736
0.988668 0.849668
0.988665 0.849601
0.988662 0.849533
0.988658 0.849465
0.988655 0.849397
0.988652 0.849329
0.988649 0.849261
0.988646 0.849193
0.988643 0.849125
0.988639 0.849056
0.988636 0.848988
0.988633 0.848919
0.98863 0.84885
0.988627 0.848781
0.988624 0.848712
0.98862 0.848643
0.988617 0.848573
0.988614 0.848504
0.988611 0.848434
0.988607 0.848364
0.988604 0.848295
0.988601 0.848225
0.988598 0.848154
0.988594 0.848084
0.988591 0.848014
0.988588 0.847943
0.988585 0.847873
0.988581 0.847802
0.988578 0.847731
0.988575 0.84766
0.988572 0.847589
0.988568 0.847517
0.988565 0.847446
0.988562 0.847374
0.988558 0.847302
0.988555 0.847231
0.988552 0.847159
0.988548 0.847086
0.988545 0.847014
0.988542 0.846942
0.988538 0.846869
0.988535 0.846796
0.988532 0.846724
0.988528 0.846651
0.988525 0.846577
0.988522 0.846504
0.988518 0.846431
0.988515 0.846357
0.988511 0.846284
0.988508 0.84621
0.988505 0.846136
0.988501 0.846062
0.988498 0.845987
0.988494 0.845913
0.988491 0.845838
0.988487 0.845764
0.988484 0.845689
0.98848 0.845614
0.988477 0.845539
0.988474 0.845463
0.98847 0.845388
0.988467 0.845312
0.988463 0.845237
0.98846 0.845161
0.988456 0.845085
0.988453 0.845009
0.988449 0.844932
0.988446 0.844856
0.988442 0.844779
0.988438 0.844702
0.988435 0.844625
0.988431 0.844548
0.988428 0.844471
0.988424 0.844393
0.988421 0.844316
0.988417 0.844238
0.988414 0.84416
0.98841 0.844082
0.988406 0.844004
0.988403 0.843926
0.988399 0.843847
0.988396 0.843768
0.988392 0.843689
0.988388 0.84361
0.988385 0.843531
0.988381 0.843452
0.988377 0.843372
0.988374 0.843293
0.98837 0.843213
0.988366 0.843133
0.988363 0.843053
0.988359 0.842972
0.988355 0.842892
0.988352 0.842811
0.988348 0.84273
0.988344 0.842649
0.98834 0.842568
0.988337 0.842487
0.988333 0.842405
0.988329 0.842323
0.988325 0.842241
0.988322 0.842159
0.988318 0.842077
0.988314 0.841995
0.98831 0.841912
0.988307 0.841829
0.988303 0.841746
0.988299 0.841663
0.988295 0.84158
0.988291 0.841496
0.988287 0.841413
0.988284 0.841329
0.98828 0.841245
0.988276 0.841161
0.988272 0.841076
0.988268 0.840992
0.988264 0.840907
0.98826 0.840822
0.988256 0.840737
0.988253 0.840652
0.988249 0.840566
0.988245 0.84048
0.988241 0.840394
0.988237 0.840308
0.988233 0.840222
0.988229 0.840136
0.988225 0.840049
0.988221 0.839962
0.988217 0.839875
0.988213 0.839788
0.988209 0.8397
0.988205 0.839613
0.988201 0.839525
0.988197 0.839437
0.988193 0.839349
0.988189 0.83926
0.988185 0.839172
0.988181 0.839083
0.988177 0.838994
0.988173 0.838905
0.988169 0.838815
0.988165 0.838726
0.98816 0.838636
0.988156 0.838546
0.988152 0.838455
0.988148 0.838365
0.988144 0.838274
0.98814 0.838183
0.988136 0.838092
0.988131 0.838001
0.988127 0.837909
0.988123 0.837818
0.988119 0.837726
0.988115 0.837634
0.98811 0.837541
0.988106 0.837449
0.988102 0.837356
0.988098 0.837263
0.988094 0.83717
0.988089 0.837076
0.988085 0.836982
0.988081 0.836889
0.988076 0.836794
0.988072 0.8367
0.988068 0.836605
0.988064 0.836511
0.988059 0.836416
0.988055 0.83632
0.988051 0.836225
0.988046 0.836129
0.988042 0.836033
0.988037 0.835937
0.988033 0.835841
0.988029 0.835744
0.988024 0.835647
0.98802 0.83555
0.988015 0.835453
0.988011 0.835355
0.988006 0.835257
0.988002 0.835159
0.987998 0.835061
0.987993 0.834962
0.987989 0.834864
0.987984 0.834764
0.98798 0.834665
0.987975 0.834566
0.987971 0.834466
0.987966 0.834366
0.987961 0.834266
0.987957 0.834165
0.987952 0.834064
0.987948 0.833963
0.987943 0.833862
0.987939 0.83376
0.987934 0.833659
0.987929 0.833557
0.987925 0.833454
0.98792 0.833352
0.987915 0.833249
0.987911 0.833146
0.987906 0.833043
0.987901 0.832939
0.987897 0.832835
0.987892 0.832731
0.987887 0.832627
0.987882 0.832522
0.987878 0.832417
0.987873 0.832312
0.987868 0.832206
0.987863 0.8321
0.987858 0.831994
0.987854 0.831888
0.987849 0.831782
0.987844 0.831675
0.987839 0.831568
0.987834 0.83146
0.987829 0.831352
0.987824 0.831244
0.98782 0.831136
0.987815 0.831028
0.98781 0.830919
0.987805 0.83081
0.9878 0.8307
0.987795 0.83059
0.98779 0.83048
0.987785 0.83037
0.98778 0.83026
0.987775 0.830149
0.98777 0.830038
0.987765 0.829926
0.98776 0.829814
0.987755 0.829702
0.98775 0.82959
0.987745 0.829477
0.987739 0.829364
0.987734 0.829251
0.987729 0.829137
0.987724 0.829023
0.987719 0.828909
0.987714 0.828794
0.987709 0.82868
0.987703 0.828564
0.987698 0.828449
0.987693 0.828333
0.987688 0.828217
0.987682 0.828101
0.987677 0.827984
0.987672 0.827867
0.987667 0.827749
0.987661 0.827631
0.987656 0.827513
0.987651 0.827395
0.987645 0.827276
0.98764 0.827157
0.987635 0.827038
0.987629 0.826918
0.987624 0.826798
0.987618 0.826677
0.987613 0.826557
0.987607 0.826436
0.987602 0.826314
0.987596 0.826192
0.987591 0.82607
0.987585 0.825948
0.98758 0.825825
0.987574 0.825702
0.987569 0.825578
0.987563 0.825454
0.987558 0.82533
0.987552 0.825205
0.987546 0.82508
0.987541 0.824955
0.987535 0.824829
0.987529 0.824703
0.987524 0.824576
0.987518 0.82445
0.987512 0.824322
0.987507 0.824195
0.987501 0.824067
0.987495 0.823938
0.987489 0.82381
0.987484 0.823681
0.987478 0.823551
0.987472 0.823421
0.987466 0.823291
0.98746 0.82316
0.987454 0.823029
0.987448 0.822898
0.987443 0.822766
0.987437 0.822634
0.987431 0.822501
0.987425 0.822368
0.987419 0.822235
0.987413 0.822101
0.987407 0.821966
0.987401 0.821832
0.987395 0.821697
0.987389 0.821561
0.987382 0.821425
0.987376 0.821289
0.98737 0.821152
0.987364 0.821015
0.987358 0.820877
0.987352 0.820739
0.987346 0.820601
0.987339 0.820462
0.987333 0.820323
0.987327 0.820183
0.987321 0.820043
0.987314 0.819902
0.987308 0.819761
0.987302 0.81962
0.987295 0.819478
0.987289 0.819335
0.987282 0.819192
0.987276 0.819049
0.98727 0.818905
0.987263 0.818761
0.987257 0.818616
0.98725 0.818471
0.987244 0.818326
0.987237 0.81818
0.987231 0.818033
0.987224 0.817886
0.987218 0.817738
0.987211 0.81759
0.987204 0.817442
0.987198 0.817293
0.987191 0.817144
0.987184 0.816994
0.987178 0.816843
0.987171 0.816692
0.987164 0.816541
0.987157 0.816389
0.987151 0.816237
0.987144 0.816084
0.987137 0.81593
0.98713 0.815776
0.987123 0.815622
0.987116 0.815467
0.987109 0.815312
0.987102 0.815156
0.987095 0.814999
0.987088 0.814842
0.987081 0.814684
0.987074 0.814526
0.987067 0.814368
0.98706 0.814208
0.987053 0.814049
0.987046 0.813888
0.987039 0.813728
0.987032 0.813566
0.987024 0.813404
0.987017 0.813242
0.98701 0.813079
0.987003 0.812915
0.986995 0.812751
0.986988 0.812586
0.986981 0.812421
0.986973 0.812255
0.986966 0.812089
0.986958 0.811922
0.986951 0.811754
0.986943 0.811586
0.986936 0.811417
0.986928 0.811248
0.986921 0.811078
0.986913 0.810907
0.986906 0.810736
0.986898 0.810564
0.98689 0.810392
0.986883 0.810219
0.986875 0.810045
0.986867 0.809871
0.98686 0.809696
0.986852 0.80952
0.986844 0.809344
0.986836 0.809168
0.986828 0.80899
0.98682 0.808812
0.986812 0.808633
0.986804 0.808454
0.986797 0.808274
0.986789 0.808093
0.98678 0.807912
0.986772 0.80773
0.986764 0.807547
0.986756 0.807364
0.986748 0.80718
0.98674 0.806995
0.986732 0.80681
0.986723 0.806624
0.986715 0.806437
0.986707 0.806249
0.986699 0.806061
0.98669 0.805872
0.986682 0.805682
0.986673 0.805492
0.986665 0.805301
0.986656 0.805109
0.986648 0.804917
0.986639 0.804724
0.986631 0.80453
0.986622 0.804335
0.986614 0.804139
0.986605 0.803943
0.986596 0.803746
0.986587 0.803549
0.986579 0.80335
0.98657 0.803151
0.986561 0.802951
0.986552 0.80275
0.986543 0.802548
0.986534 0.802346
0.986525 0.802143
0.986516 0.801939
0.986507 0.801734
0.986498 0.801528
0.986489 0.801322
0.98648 0.801115
0.986471 0.800907
0.986462 0.800698
0.986452 0.800488
0.986443 0.800278
0.986434 0.800066
0.986424 0.799854
0.986415 0.799641
0.986406 0.799427
0.986396 0.799212
0.986387 0.798996
0.986377 0.79878
0.986367 0.798562
0.986358 0.798344
0.986348 0.798125
0.986338 0.797905
0.986329 0.797684
0.986319 0.797462
0.986309 0.797239
0.986299 0.797015
0.986289 0.79679
0.98628 0.796565
0.98627 0.796338
0.98626 0.796111
0.986249 0.795882
0.986239 0.795653
0.986229 0.795422
0.986219 0.795191
0.986209 0.794959
0.986199 0.794725
0.986188 0.794491
0.986178 0.794256
0.986168 0.794019
0.986157 0.793782
0.986147 0.793544
0.986136 0.793304
0.986126 0.793064
0.986115 0.792822
0.986104 0.79258
0.986094 0.792336
0.986083 0.792092
0.986072 0.791846
0.986061 0.791599
0.98605 0.791352
0.986039 0.791103
0.986029 0.790853
0.986018 0.790602
0.986006 0.790349
0.985995 0.790096
0.985984 0.789842
0.985973 0.789586
0.985962 0.789329
0.98595 0.789071
0.985939 0.788812
0.985928 0.788552
0.985916 0.788291
0.985905 0.788028
0.985893 0.787765
0.985882 0.7875
0.98587 0.787234
0.985858 0.786966
0.985846 0.786698
0.985835 0.786428
0.985823 0.786157
0.985811 0.785885
0.985799 0.785611
0.985787 0.785336
0.985775 0.78506
0.985763 0.784783
0.98575 0.784504
0.985738 0.784224
0.985726 0.783943
0.985713 0.78366
0.985701 0.783376
0.985689 0.783091
0.985676 0.782805
0.985663 0.782517
0.985651 0.782227
0.985638 0.781937
0.985625 0.781644
0.985612 0.781351
0.9856 0.781056
0.985587 0.78076
0.985574 0.780462
0.98556 0.780163
0.985547 0.779862
0.985534 0.77956
0.985521 0.779256
0.985508 0.778951
0.985494 0.778645
0.985481 0.778337
0.985467 0.778027
0.985454 0.777716
0.98544 0.777403
0.985426 0.777089
0.985412 0.776774
0.985399 0.776456
0.985385 0.776137
0.985371 0.775817
0.985357 0.775495
0.985342 0.775171
0.985328 0.774846
0.985314 0.774519
0.9853 0.77419
0.985285 0.773859
0.985271 0.773527
0.985256 0.773194
0.985242 0.772858
0.985227 0.772521
0.985212 0.772182
0.985197 0.771842
0.985182 0.771499
0.985167 0.771155
0.985152 0.770809
0.985137 0.770461
0.985122 0.770112
0.985106 0.76976
0.985091 0.769407
0.985076 0.769052
0.98506 0.768695
0.985044 0.768336
0.985029 0.767975
0.985013 0.767612
0.984997 0.767247
0.984981 0.766881
0.984965 0.766512
0.984949 0.766142
0.984933 0.765769
0.984916 0.765394
0.9849 0.765018
0.984883 0.764639
0.984867 0.764258
0.98485 0.763875
0.984833 0.76349
0.984816 0.763103
0.9848 0.762714
0.984782 0.762323
0.984765 0.761929
0.984748 0.761533
0.984731 0.761136
0.984713 0.760735
0.984696 0.760333
0.984678 0.759928
0.984661 0.759521
0.984643 0.759112
0.984625 0.758701
0.984607 0.758287
0.984589 0.757871
0.98457 0.757452
0.984552 0.757031
0.984534 0.756607
0.984515 0.756182
0.984496 0.755753
0.984478 0.755322
0.984459 0.754889
0.98444 0.754453
0.984421 0.754015
0.984402 0.753574
0.984382 0.75313
0.984363 0.752684
0.984343 0.752236
0.984324 0.751784
0.984304 0.75133
0.984284 0.750873
0.984264 0.750414
0.984244 0.749951
0.984224 0.749486
0.984203 0.749019
0.984183 0.748548
0.984162 0.748074
0.984141 0.747598
0.984121 0.747119
0.9841 0.746637
0.984078 0.746151
0.984057 0.745663
0.984036 0.745172
0.984014 0.744678
0.983993 0.744181
0.983971 0.74368
0.983949 0.743177
0.983927 0.742671
0.983905 0.742161
0.983882 0.741648
0.98386 0.741132
0.983837 0.740612
0.983814 0.74009
0.983792 0.739564
0.983768 0.739034
0.983745 0.738502
0.983722 0.737966
0.983698 0.737426
0.983675 0.736883
0.983651 0.736337
0.983627 0.735787
0.983603 0.735233
0.983578 0.734676
0.983554 0.734115
0.983529 0.73355
0.983505 0.732982
0.98348 0.73241
0.983455 0.731835
0.983429 0.731255
0.983404 0.730672
0.983378 0.730084
0.983352 0.729493
0.983326 0.728898
0.9833 0.728299
0.983274 0.727696
0.983247 0.727089
0.983221 0.726477
0.983194 0.725862
0.983167 0.725242
0.983139 0.724618
0.983112 0.72399
0.983084 0.723358
0.983056 0.722721
0.983028 0.72208
0.983 0.721434
0.982972 0.720784
0.982943 0.72013
0.982914 0.71947
0.982885 0.718807
0.982856 0.718138
0.982826 0.717465
0.982797 0.716787
0.982767 0.716104
0.982736 0.715417
0.982706 0.714724
0.982675 0.714027
0.982645 0.713325
0.982614 0.712617
0.982582 0.711905
0.982551 0.711187
0.982519 0.710464
0.982487 0.709736
0.982455 0.709003
0.982422 0.708264
0.98239 0.70752
0.982357 0.70677
0.982323 0.706015
0.98229 0.705254
0.982256 0.704488
0.982222 0.703716
0.982188 0.702938
0.982153 0.702155
0.982118 0.701365
0.982083 0.70057
0.982048 0.699768
0.982012 0.698961
0.981976 0.698148
0.98194 0.697328
0.981903 0.696502
0.981867 0.69567
0.98183 0.694831
0.981792 0.693986
0.981754 0.693135
0.981716 0.692277
0.981678 0.691412
0.981639 0.69054
0.9816 0.689662
0.981561 0.688777
0.981521 0.687885
0.981481 0.686986
0.981441 0.68608
0.9814 0.685167
0.981359 0.684247
0.981318 0.683319
0.981276 0.682384
0.981234 0.681442
0.981192 0.680492
0.981149 0.679534
0.981106 0.678569
0.981062 0.677596
0.981018 0.676615
0.980974 0.675626
0.980929 0.674629
0.980884 0.673624
0.980839 0.672611
0.980793 0.671589
0.980746 0.670559
0.9807 0.669521
0.980652 0.668474
0.980605 0.667419
0.980557 0.666355
0.980508 0.665282
0.980459 0.6642
0.98041 0.663109
0.98036 0.662009
0.98031 0.6609
0.980259 0.659781
0.980208 0.658653
0.980156 0.657516
0.980104 0.656368
0.980051 0.655212
0.979998 0.654045
0.979945 0.652868
0.97989 0.651682
0.979836 0.650485
0.97978 0.649278
0.979724 0.648061
0.979668 0.646833
0.979611 0.645595
0.979554 0.644346
0.979496 0.643086
0.979437 0.641815
0.979378 0.640533
0.979318 0.639241
0.979258 0.637936
0.979197 0.636621
0.979135 0.635294
0.979073 0.633955
0.97901 0.632604
0.978947 0.631242
0.978882 0.629868
0.978818 0.628481
0.978752 0.627083
0.978686 0.625671
0.978619 0.624248
0.978551 0.622812
0.978483 0.621363
0.978414 0.619901
0.978344 0.618426
0.978274 0.616938
0.978203 0.615436
0.978131 0.613921
0.978058 0.612393
0.977984 0.610851
0.97791 0.609295
0.977835 0.607725
0.977759 0.606141
0.977682 0.604542
0.977604 0.60293
0.977526 0.601302
0.977446 0.59966
0.977366 0.598004
0.977285 0.596332
0.977203 0.594645
0.97712 0.592943
0.977036 0.591225
0.976951 0.589492
0.976865 0.587743
0.976778 0.585979
0.97669 0.584198
0.976601 0.582402
0.976511 0.580589
0.97642 0.57876
0.976328 0.576914
0.976235 0.575051
0.97614 0.573172
0.976045 0.571275
0.975948 0.569362
0.975851 0.567431
0.975752 0.565483
0.975652 0.563518
0.97555 0.561534
0.975448 0.559533
0.975344 0.557514
0.975239 0.555477
0.975133 0.553422
0.975025 0.551348
0.974916 0.549256
0.974806 0.547145
0.974694 0.545016
0.974581 0.542867
0.974466 0.5407
0.97435 0.538514
0.974233 0.536308
0.974114 0.534084
0.973993 0.531839
0.973871 0.529576
0.973748 0.527292
0.973622 0.524989
0.973496 0.522667
0.973367 0.520324
0.973237 0.517961
0.973105 0.515579
0.972972 0.513176
0.972836 0.510753
0.972699 0.508309
0.97256 0.505846
0.97242 0.503362
0.972277 0.500857
0.972132 0.498332
0.971986 0.495787
0.971837 0.493221
0.971687 0.490635
0.971534 0.488028
0.97138 0.4854
0.971223 0.482752
0.971064 0.480084
0.970903 0.477395
0.97074 0.474685
0.970575 0.471955
0.970407 0.469205
0.970237 0.466434
0.970064 0.463643
0.969889 0.460832
0.969712 0.458001
0.969532 0.45515
0.96935 0.452279
0.969165 0.449389
0.968978 0.446478
0.968788 0.443549
0.968595 0.4406
0.968399 0.437632
0.968201 0.434645
0.968 0.431639
0.967796 0.428615
0.967589 0.425573
0.967379 0.422513
0.967166 0.419435
0.96695 0.416339
0.966731 0.413227
0.966509 0.410097
0.966283 0.406951
0.966054 0.403789
0.965822 0.400611
0.965587 0.397418
0.965348 0.394209
0.965106 0.390986
0.96486 0.387749
0.964611 0.384498
0.964358 0.381233
0.964101 0.377956
0.963841 0.374666
0.963576 0.371364
0.963308 0.368051
0.963036 0.364727
0.96276 0.361393
0.96248 0.358049
0.962196 0.354696
0.961908 0.351335
0.961615 0.347965
0.961318 0.344588
0.961017 0.341204
0.960712 0.337815
0.960402 0.33442
0.960087 0.33102
0.959768 0.327616
0.959445 0.324209
0.959116 0.3208
0.958783 0.317389
0.958445 0.313976
0.958102 0.310563
0.957755 0.307151
0.957402 0.303739
0.957044 0.30033
0.956681 0.296923
0.956312 0.29352
0.955939 0.290121
0.95556 0.286727
0.955175 0.283338
0.954786 0.279957
0.95439 0.276583
0.953989 0.273217
0.953582 0.26986
0.95317 0.266513
0.952752 0.263176
0.952328 0.259851
0.951898 0.256538
0.951462 0.253238
0.95102 0.249952
0.950572 0.24668
0.950117 0.243424
0.949657 0.240183
0.94919 0.236959
0.948717 0.233753
0.948237 0.230565
0.947751 0.227396
0.947258 0.224246
0.946759 0.221116
0.946253 0.218008
0.94574 0.21492
0.94522 0.211856
0.944694 0.208813
0.944161 0.205794
0.94362 0.2028
0.943073 0.199829
0.942519 0.196884
0.941957 0.193964
0.941389 0.19107
0.940813 0.188202
0.94023 0.185362
0.939639 0.182548
0.939041 0.179763
0.938436 0.177006
0.937823 0.174277
0.937203 0.171577
0.936575 0.168906
0.935939 0.166264
0.935296 0.163653
0.934645 0.161071
0.933986 0.158519
0.93332 0.155998
0.932645 0.153507
0.931963 0.151047
0.931273 0.148618
0.930575 0.14622
0.929869 0.143853
0.929154 0.141517
0.928432 0.139212
0.927702 0.136938
0.926963 0.134696
0.926216 0.132485
0.925462 0.130305
0.924698 0.128156
0.923927 0.126038
0.923147 0.123951
0.922359 0.121895
0.921562 0.11987
0.920757 0.117876
0.919944 0.115912
0.919122 0.113978
0.918292 0.112075
0.917453 0.110201
0.916606 0.108358
0.91575 0.106544
0.914886 0.104759
0.914013 0.103004
0.913131 0.101277
0.912241 0.0995791
0.911342 0.0979096
0.910435 0.0962682
0.909519 0.0946547
0.908594 0.0930688
0.90766 0.0915101
0.906718 0.0899784
0.905767 0.0884734
0.904807 0.0869948
0.903838 0.0855422
0.902861 0.0841154
0.901875 0.082714
0.90088 0.0813377
0.899876 0.0799861
0.898864 0.078659
0.897843 0.077356
0.896812 0.0760768
0.895773 0.074821
0.894725 0.0735884
0.893669 0.0723784
0.892603 0.0711909
0.891529 0.0700255
0.890445 0.0688819
0.889353 0.0677596
0.888252 0.0666584
0.887142 0.065578
0.886023 0.064518
0.884896 0.063478
0.883759 0.0624578
0.882613 0.061457
0.881459 0.0604753
0.880296 0.0595123
0.879124 0.0585678
0.877943 0.0576414
0.876753 0.0567329
0.875554 0.0558418
0.874346 0.0549679
0.873129 0.0541108
0.871904 0.0532704
0.870669 0.0524462
0.869426 0.051638
0.868174 0.0508454
0.866913 0.0500683
0.865643 0.0493063
0.864364 0.0485591
0.863077 0.0478264
0.86178 0.047108
0.860475 0.0464036
0.859161 0.0457129
0.857838 0.0450358
0.856506 0.0443718
0.855165 0.0437208
0.853816 0.0430825
0.852457 0.0424566
0.85109 0.041843
0.849714 0.0412414
0.848329 0.0406515
0.846936 0.0400731
0.845534 0.039506
0.844122 0.0389499
0.842703 0.0384048
0.841274 0.0378702
0.839836 0.0373461
0.83839 0.0368322
0.836935 0.0363282
0.835472 0.0358341
0.834 0.0353497
0.832519 0.0348746
0.831029 0.0344088
0.82953 0.033952
0.828023 0.0335041
0.826508 0.0330648
0.824983 0.0326341
0.82345 0.0322117
0.821908 0.0317975
0.820358 0.0313913
0.818799 0.030993
0.817232 0.0306023
0.815656 0.0302192
0.814071 0.0298435
0.812478 0.029475
0.810876 0.0291136
0.809266 0.0287591
0.807647 0.0284115
0.806019 0.0280705
0.804383 0.0277361
0.802739 0.0274081
0.801086 0.0270863
0.799425 0.0267707
0.797755 0.0264611
0.796077 0.0261575
0.794391 0.0258596
0.792696 0.0255674
0.790992 0.0252808
0.789281 0.0249996
0.78756 0.0247238
0.785832 0.0244532
0.784095 0.0241877
0.78235 0.0239273
0.780597 0.0236718
0.778835 0.0234212
0.777066 0.0231753
0.775287 0.022934
0.773501 0.0226973
0.771707 0.0224651
0.769904 0.0222373
0.768093 0.0220137
0.766274 0.0217944
0.764447 0.0215792
0.762612 0.0213681
0.760769 0.0211609
0.758918 0.0209577
0.757058 0.0207582
0.755191 0.0205625
0.753316 0.0203706
0.751433 0.0201822
0.749541 0.0199973
0.747642 0.019816
0.745735 0.019638
0.74382 0.0194634
0.741898 0.0192921
0.739967 0.019124
0.738029 0.0189591
0.736083 0.0187973
0.734129 0.0186385
0.732167 0.0184828
0.730198 0.01833
0.728221 0.01818
0.726237 0.0180329
0.724245 0.0178886
0.722245 0.017747
0.720238 0.0176081
0.718224 0.0174719
0.716201 0.0173382
0.714172 0.0172071
0.712135 0.0170785
0.710091 0.0169523
0.708039 0.0168285
0.70598 0.0167072
0.703914 0.0165881
0.701841 0.0164714
0.69976 0.0163569
0.697673 0.0162446
0.695578 0.0161345
0.693476 0.0160265
0.691367 0.0159207
0.689251 0.0158169
0.687128 0.0157151
0.684999 0.0156154
0.682862 0.0155176
0.680719 0.0154218
0.678569 0.0153279
0.676412 0.0152358
0.674249 0.0151456
0.672079 0.0150572
0.669902 0.0149706
0.667719 0.0148858
0.665529 0.0148027
0.663333 0.0147213
0.661131 0.0146416
0.658922 0.0145636
0.656707 0.0144872
0.654486 0.0144124
0.652259 0.0143391
0.650025 0.0142675
0.647786 0.0141974
0.645541 0.0141287
0.64329 0.0140616
0.641032 0.013996
0.63877 0.0139318
0.636501 0.0138691
0.634227 0.0138077
0.631947 0.0137478
0.629661 0.0136892
0.627371 0.013632
0.625074 0.0135761
0.622773 0.0135216
0.620466 0.0134683
0.618154 0.0134163
0.615837 0.0133656
0.613515 0.0133162
0.611188 0.013268
0.608856 0.013221
0.60652 0.0131752
0.604178 0.0131306
0.601832 0.0130872
0.599482 0.013045
0.597127 0.0130039
0.594767 0.0129639
0.592403 0.0129251
0.590036 0.0128874
0.587663 0.0128508
0.585287 0.0128152
0.582907 0.0127808
0.580523 0.0127474
0.578135 0.0127151
0.575744 0.0126838
0.573349 0.0126535
0.57095 0.0126243
0.568548 0.012596
0.566143 0.0125688
0.563735 0.0125425
0.561323 0.0125173
0.558908 0.012493
0.556491 0.0124697
0.554071 0.0124473
0.551648 0.0124259
0.549222 0.0124054
0.546794 0.0123858
0.544363 0.0123672
0.541931 0.0123495
0.539496 0.0123326
0.537059 0.0123167
0.53462 0.0123017
0.532179 0.0122876
0.529736 0.0122743
0.527292 0.0122619
0.524846 0.0122504
0.522399 0.0122397
0.519951 0.0122299
0.517501 0.0122209
0.515051 0.0122128
0.512599 0.0122055
0.510147 0.012199
0.507694 0.0121934
0.50524 0.0121886
0.502787 0.0121846
0.500332 0.0121814
0.497878 0.012179
0.495423 0.0121774
0.492969 0.0121767
0.490514 0.0121767
0.48806 0.0121775
0.485607 0.012179
0.483154 0.0121814
0.480702 0.0121846
0.47825 0.0121885
0.475799 0.0121932
0.47335 0.0121986
0.470902 0.0122048
0.468455 0.0122118
0.466009 0.0122196
0.463565 0.012228
0.461123 0.0122373
0.458683 0.0122473
0.456244 0.012258
0.453808 0.0122695
0.451374 0.0122817
0.448943 0.0122947
0.446514 0.0123084
0.444087 0.0123229
0.441664 0.012338
0.439243 0.0123539
0.436825 0.0123706
0.434411 0.012388
0.431999 0.012406
0.429592 0.0124249
0.427187 0.0124444
0.424787 0.0124647
0.42239 0.0124857
0.419998 0.0125074
0.417609 0.0125298
0.415225 0.0125529
0.412845 0.0125768
0.410469 0.0126014
0.408098 0.0126267
0.405732 0.0126527
0.40337 0.0126794
0.401014 0.0127068
0.398663 0.0127349
0.396317 0.0127638
0.393976 0.0127934
0.391641 0.0128236
0.389312 0.0128546
0.386988 0.0128863
0.38467 0.0129187
0.382358 0.0129518
0.380053 0.0129856
0.377753 0.0130202
0.37546 0.0130554
0.373173 0.0130913
0.370893 0.013128
0.368619 0.0131654
0.366353 0.0132034
0.364093 0.0132422
0.36184 0.0132817
0.359595 0.0133219
0.357356 0.0133628
0.355125 0.0134044
0.352902 0.0134467
0.350686 0.0134898
0.348478 0.0135335
0.346277 0.013578
0.344085 0.0136231
0.3419 0.013669
0.339723 0.0137156
0.337555 0.0137629
0.335395 0.0138109
0.333243 0.0138597
0.3311 0.0139091
0.328965 0.0139593
0.326839 0.0140101
0.324721 0.0140617
0.322613 0.0141141
0.320513 0.0141671
0.318422 0.0142208
0.31634 0.0142753
0.314268 0.0143305
0.312204 0.0143864
0.31015 0.014443
0.308105 0.0145004
0.30607 0.0145584
0.304044 0.0146172
0.302028 0.0146768
0.300021 0.014737
0.298024 0.014798
0.296037 0.0148597
0.294059 0.0149221
0.292092 0.0149853
0.290134 0.0150492
0.288186 0.0151138
0.286249 0.0151792
0.284321 0.0152453
0.282404 0.0153121
0.280496 0.0153797
0.278599 0.015448
0.276713 0.015517
0.274836 0.0155868
0.27297 0.0156573
0.271114 0.0157285
0.269269 0.0158005
0.267434 0.0158733
0.26561 0.0159467
0.263796 0.016021
0.261993 0.0160959
0.2602 0.0161716
0.258418 0.0162481
0.256647 0.0163253
0.254886 0.0164033
0.253136 0.016482
0.251396 0.0165614
0.249668 0.0166416
0.24795 0.0167226
0.246243 0.0168043
0.244546 0.0168868
0.24286 0.01697
0.241185 0.017054
0.239521 0.0171387
0.237868 0.0172242
0.236225 0.0173104
0.234593 0.0173974
0.232972 0.0174852
0.231362 0.0175737
0.229762 0.017663
0.228173 0.0177531
0.226595 0.0178439
0.225028 0.0179355
0.223472 0.0180278
0.221926 0.0181209
0.220391 0.0182148
0.218866 0.0183095
0.217353 0.0184049
0.21585 0.0185011
0.214358 0.018598
0.212876 0.0186958
0.211405 0.0187942
0.209945 0.0188935
0.208495 0.0189936
0.207055 0.0190944
0.205627 0.0191959
0.204208 0.0192983
0.202801 0.0194014
0.201403 0.0195054
0.200017 0.01961
0.19864 0.0197155
0.197274 0.0198217
0.195918 0.0199288
0.194573 0.0200365
0.193238 0.0201451
0.191913 0.0202545
0.190598 0.0203646
0.189293 0.0204755
0.187999 0.0205872
0.186714 0.0206997
0.18544 0.0208129
0.184175 0.020927
0.182921 0.0210418
0.181676 0.0211574
0.180442 0.0212737
0.179217 0.0213909
0.178002 0.0215088
0.176796 0.0216276
0.175601 0.0217471
0.174415 0.0218674
0.173238 0.0219885
0.172071 0.0221103
0.170914 0.022233
0.169766 0.0223564
0.168628 0.0224806
0.167498 0.0226056
0.166379 0.0227314
0.165268 0.022858
0.164167 0.0229853
0.163074 0.0231134
0.161991 0.0232424
0.160917 0.0233721
0.159852 0.0235026
0.158796 0.0236339
0.157749 0.0237659
0.15671 0.0238988
0.155681 0.0240324
0.15466 0.0241668
0.153648 0.024302
0.152644 0.024438
0.151649 0.0245748
0.150663 0.0247123
0.149684 0.0248507
0.148715 0.0249898
0.147753 0.0251297
0.1468 0.0252704
0.145856 0.0254119
0.144919 0.0255541
0.143991 0.0256972
0.14307 0.025841
0.142158 0.0259856
0.141253 0.026131
0.140357 0.0262772
0.139468 0.0264242
0.138587 0.0265719
0.137714 0.0267204
0.136849 0.0268697
0.135991 0.0270198
0.13514 0.0271707
0.134298 0.0273223
0.133462 0.0274747
0.132634 0.0276279
0.131814 0.0277819
0.131 0.0279367
0.130194 0.0280922
0.129395 0.0282485
0.128604 0.0284056
0.127819 0.0285635
0.127041 0.0287221
0.12627 0.0288815
0.125507 0.0290417
0.12475 0.0292027
0.123999 0.0293645
0.123256 0.029527
0.122519 0.0296903
0.121789 0.0298543
0.121065 0.0300192
0.120348 0.0301848
0.119638 0.0303512
0.118934 0.0305183
0.118236 0.0306862
0.117544 0.0308549
0.116859 0.0310244
0.11618 0.0311946
0.115507 0.0313656
0.114841 0.0315374
0.11418 0.0317099
0.113525 0.0318832
0.112876 0.0320573
0.112234 0.0322321
0.111597 0.0324077
0.110965 0.0325841
0.11034 0.0327612
0.10972 0.0329391
0.109106 0.0331177
0.108498 0.0332972
0.107895 0.0334773
0.107298 0.0336583
0.106706 0.03384
0.106119 0.0340224
0.105538 0.0342056
0.104962 0.0343896
0.104392 0.0345743
0.103826 0.0347598
0.103266 0.034946
0.102711 0.035133
0.102161 0.0353208
0.101616 0.0355093
0.101077 0.0356985
0.100542 0.0358885
0.100012 0.0360793
0.0994865 0.0362708
0.0989662 0.0364631
0.0984507 0.0366561
0.0979399 0.0368499
0.0974338 0.0370444
0.0969324 0.0372397
0.0964356 0.0374357
0.0959433 0.0376324
0.0954556 0.0378299
0.0949724 0.0380282
0.0944936 0.0382272
0.0940193 0.038427
0.0935493 0.0386275
0.0930836 0.0388287
0.0926222 0.0390307
0.0921651 0.0392334
0.0917122 0.0394369
0.0912635 0.0396411
0.0908189 0.039846
0.0903784 0.0400517
0.0899419 0.0402582
0.0895095 0.0404654
0.0890811 0.0406733
0.0886566 0.0408819
0.088236 0.0410913
0.0878193 0.0413015
0.0874065 0.0415124
0.0869974 0.041724
0.0865922 0.0419363
0.0861906 0.0421494
0.0857928 0.0423632
0.0853987 0.0425778
0.0850081 0.0427931
0.0846212 0.0430091
0.0842379 0.0432259
0.0838581 0.0434434
0.0834818 0.0436616
0.083109 0.0438806
0.0827396 0.0441003
0.0823736 0.0443207
0.082011 0.0445419
0.0816518 0.0447638
0.0812958 0.0449865
0.0809432 0.0452098
0.0805938 0.0454339
0.0802476 0.0456588
0.0799047 0.0458844
0.0795649 0.0461107
0.0792282 0.0463377
0.0788947 0.0465655
0.0785642 0.0467939
0.0782368 0.0470232
0.0779124 0.0472531
0.077591 0.0474838
0.0772726 0.0477152
0.0769571 0.0479474
0.0766445 0.0481803
0.0763349 0.0484139
0.076028 0.0486482
0.0757241 0.0488833
0.0754229 0.0491191
0.0751245 0.0493557
0.0748289 0.0495929
0.074536 0.0498309
0.0742459 0.0500697
0.0739584 0.0503091
0.0736736 0.0505493
0.0733914 0.0507903
0.0731118 0.0510319
0.0728348 0.0512743
0.0725604 0.0515174
0.0722886 0.0517613
0.0720192 0.0520059
0.0717524 0.0522512
0.071488 0.0524973
0.0712261 0.0527441
0.0709666 0.0529916
0.0707095 0.0532399
0.0704548 0.0534889
0.0702025 0.0537386
0.0699525 0.0539891
0.0697048 0.0542403
0.0694595 0.0544922
0.0692164 0.0547449
0.0689756 0.0549983
0.0687371 0.0552525
0.0685007 0.0555074
0.0682666 0.055763
0.0680346 0.0560194
0.0678049 0.0562765
0.0675772 0.0565344
0.0673517 0.056793
0.0671283 0.0570523
0.066907 0.0573124
0.0666877 0.0575732
0.0664706 0.0578348
0.0662554 0.0580971
0.0660423 0.0583602
0.0658311 0.058624
0.065622 0.0588886
0.0654148 0.0591539
0.0652095 0.05942
0.0650062 0.0596868
0.0648048 0.0599544
0.0646053 0.0602227
0.0644077 0.0604918
0.064212 0.0607616
0.0640181 0.0610322
0.063826 0.0613036
0.0636358 0.0615757
0.0634474 0.0618486
0.0632607 0.0621222
0.0630758 0.0623966
0.0628927 0.0626718
0.0627113 0.0629477
0.0625317 0.0632244
0.0623538 0.0635019
0.0621775 0.0637801
0.062003 0.0640592
0.0618301 0.0643389
0.0616589 0.0646195
0.0614893 0.0649008
0.0613214 0.065183
0.061155 0.0654658
0.0609903 0.0657495
0.0608272 0.066034
0.0606656 0.0663192
0.0605056 0.0666053
0.0603472 0.0668921
0.0601903 0.0671797
0.0600349 0.0674681
0.0598811 0.0677573
0.0597287 0.0680473
0.0595778 0.068338
0.0594285 0.0686296
0.0592805 0.068922
0.0591341 0.0692152
0.058989 0.0695092
0.0588454 0.069804
0.0587033 0.0700996
0.0585625 0.070396
0.0584231 0.0706933
0.0582851 0.0709913
0.0581485 0.0712902
0.0580133 0.0715899
0.0578794 0.0718904
0.0577469 0.0721918
0.0576157 0.0724939
0.0574858 0.072797
0.0573572 0.0731008
0.0572299 0.0734055
0.057104 0.073711
0.0569793 0.0740173
0.0568558 0.0743245
0.0567337 0.0746326
0.0566128 0.0749415
0.0564931 0.0752512
0.0563747 0.0755618
0.0562575 0.0758733
0.0561416 0.0761856
0.0560268 0.0764988
0.0559132 0.0768129
0.0558009 0.0771278
0.0556897 0.0774436
0.0555797 0.0777603
0.0554708 0.0780778
0.0553631 0.0783963
0.0552566 0.0787156
0.0551512 0.0790358
0.0550469 0.0793569
0.0549437 0.0796789
0.0548417 0.0800018
0.0547408 0.0803256
0.054641 0.0806503
0.0545422 0.080976
0.0544446 0.0813025
0.054348 0.08163
0.0542525 0.0819583
0.0541581 0.0822876
0.0540647 0.0826179
0.0539724 0.082949
0.0538811 0.0832811
0.0537909 0.0836142
0.0537017 0.0839482
0.0536135 0.0842831
0.0535263 0.084619
0.0534401 0.0849558
0.0533549 0.0852937
0.0532707 0.0856324
0.0531876 0.0859722
0.0531053 0.0863129
0.0530241 0.0866546
0.0529439 0.0869973
0.0528645 0.087341
0.0527862 0.0876856
0.0527088 0.0880313
0.0526324 0.088378
0.0525569 0.0887257
0.0524823 0.0890743
0.0524086 0.089424
0.0523359 0.0897748
0.0522641 0.0901265
0.0521932 0.0904793
0.0521232 0.0908331
0.0520541 0.091188
0.051986 0.0915439
0.0519186 0.0919009
0.0518522 0.0922589
0.0517867 0.092618
0.051722 0.0929782
0.0516582 0.0933394
0.0515953 0.0937017
0.0515332 0.0940651
0.051472 0.0944296
0.0514117 0.0947952
0.0513522 0.0951619
0.0512935 0.0955297
0.0512356 0.0958986
0.0511786 0.0962686
0.0511225 0.0966398
0.0510671 0.0970121
0.0510126 0.0973856
0.0509589 0.0977601
0.050906 0.0981359
0.0508539 0.0985128
0.0508026 0.0988909
0.0507521 0.0992701
0.0507024 0.0996505
0.0506535 0.100032
0.0506053 0.100415
0.050558 0.100799
0.0505114 0.101184
0.0504657 0.101571
0.0504206 0.101958
0.0503764 0.102347
0.0503329 0.102737
0.0502902 0.103129
0.0502483 0.103521
0.0502071 0.103915
0.0501666 0.10431
0.0501269 0.104707
0.050088 0.105104
0.0500497 0.105503
0.0500123 0.105904
0.0499755 0.106305
0.0499395 0.106708
0.0499043 0.107112
0.0498697 0.107518
0.0498359 0.107925
0.0498028 0.108333
0.0497704 0.108743
0.0497388 0.109154
0.0497078 0.109566
0.0496776 0.10998
0.0496481 0.110395
0.0496192 0.110811
0.0495911 0.111229
0.0495637 0.111648
0.049537 0.112069
0.049511 0.112491
0.0494857 0.112915
0.049461 0.11334
0.0494371 0.113767
0.0494138 0.114195
0.0493913 0.114624
0.0493694 0.115055
0.0493482 0.115488
0.0493277 0.115922
0.0493078 0.116358
0.0492887 0.116795
0.0492702 0.117234
0.0492524 0.117674
0.0492352 0.118116
0.0492188 0.118559
0.049203 0.119004
0.0491878 0.119451
0.0491733 0.119899
0.0491595 0.120349
0.0491464 0.1208
0.0491339 0.121253
0.0491221 0.121708
0.0491109 0.122165
0.0491004 0.122623
0.0490906 0.123083
0.0490814 0.123544
0.0490728 0.124008
0.0490649 0.124473
0.0490577 0.12494
0.0490511 0.125408
0.0490452 0.125878
0.0490399 0.126351
0.0490352 0.126824
0.0490312 0.1273
0.0490279 0.127778
0.0490252 0.128257
0.0490231 0.128739
0.0490217 0.129222
0.0490209 0.129707
0.0490208 0.130194
0.0490213 0.130683
0.0490225 0.131173
0.0490243 0.131666
0.0490267 0.132161
0.0490298 0.132657
0.0490336 0.133156
0.0490379 0.133657
0.0490429 0.134159
0.0490486 0.134664
0.0490549 0.135171
0.0490618 0.13568
0.0490694 0.136191
0.0490776 0.136704
0.0490865 0.137219
0.049096 0.137736
0.0491061 0.138256
0.0491169 0.138777
0.0491283 0.139301
0.0491404 0.139827
0.0491531 0.140355
0.0491665 0.140886
0.0491805 0.141419
0.0491951 0.141954
0.0492104 0.142491
0.0492263 0.143031
0.0492429 0.143573
0.0492602 0.144117
0.049278 0.144664
0.0492966 0.145213
0.0493157 0.145765
0.0493356 0.146319
0.049356 0.146875
0.0493772 0.147434
0.049399 0.147995
0.0494214 0.148559
0.0494445 0.149126
0.0494683 0.149695
0.0494927 0.150266
0.0495178 0.150841
0.0495435 0.151418
0.0495699 0.151997
0.049597 0.152579
0.0496247 0.153164
0.0496531 0.153752
0.0496822 0.154342
0.0497119 0.154935
0.0497423 0.155531
0.0497734 0.15613
0.0498052 0.156732
0.0498376 0.157336
0.0498708 0.157943
0.0499046 0.158554
0.0499391 0.159167
0.0499743 0.159783
0.0500102 0.160402
0.0500467 0.161025
0.050084 0.16165
0.050122 0.162278
0.0501606 0.16291
0.0502 0.163544
0.0502401 0.164182
0.0502809 0.164823
0.0503224 0.165467
0.0503646 0.166115
0.0504075 0.166766
0.0504511 0.16742
0.0504955 0.168077
0.0505406 0.168738
0.0505864 0.169402
0.050633 0.17007
0.0506803 0.170741
0.0507283 0.171415
0.0507771 0.172094
0.0508266 0.172775
0.0508769 0.173461
0.0509279 0.17415
0.0509797 0.174842
0.0510322 0.175539
0.0510856 0.176239
0.0511396 0.176943
0.0511945 0.177651
0.0512501 0.178362
0.0513066 0.179078
0.0513638 0.179797
0.0514218 0.18052
0.0514806 0.181248
0.0515402 0.181979
0.0516006 0.182715
0.0516618 0.183454
0.0517238 0.184198
0.0517867 0.184946
0.0518504 0.185698
0.0519149 0.186455
0.0519802 0.187216
0.0520464 0.187981
0.0521135 0.188751
0.0521814 0.189525
0.0522501 0.190303
0.0523197 0.191087
0.0523902 0.191874
0.0524616 0.192667
0.0525338 0.193464
0.052607 0.194266
0.052681 0.195073
0.0527559 0.195884
0.0528318 0.1967
0.0529086 0.197522
0.0529862 0.198348
0.0530649 0.19918
0.0531444 0.200016
0.0532249 0.200858
0.0533064 0.201704
0.0533888 0.202556
0.0534722 0.203414
0.0535565 0.204276
0.0536419 0.205145
0.0537282 0.206018
0.0538155 0.206897
0.0539039 0.207782
0.0539932 0.208672
0.0540836 0.209569
0.054175 0.21047
0.0542675 0.211378
0.054361 0.212292
0.0544555 0.213211
0.0545512 0.214137
0.0546479 0.215068
0.0547457 0.216006
0.0548446 0.21695
0.0549446 0.2179
0.0550458 0.218857
0.055148 0.21982
0.0552514 0.22079
0.055356 0.221766
0.0554617 0.222748
0.0555686 0.223738
0.0556767 0.224734
0.055786 0.225737
0.0558965 0.226747
0.0560082 0.227764
0.0561212 0.228788
0.0562354 0.229819
0.0563509 0.230858
0.0564676 0.231903
0.0565856 0.232956
0.0567049 0.234017
0.0568256 0.235085
0.0569475 0.236161
0.0570708 0.237244
0.0571955 0.238336
0.0573215 0.239435
0.0574489 0.240542
0.0575777 0.241658
0.0577079 0.242781
0.0578395 0.243913
0.0579726 0.245053
0.0581072 0.246201
0.0582432 0.247358
0.0583807 0.248524
0.0585198 0.249699
0.0586603 0.250882
0.0588025 0.252074
0.0589461 0.253275
0.0590914 0.254486
0.0592383 0.255705
0.0593868 0.256934
0.0595369 0.258173
0.0596887 0.259421
0.0598422 0.260679
0.0599973 0.261946
0.0601542 0.263223
0.0603129 0.264511
0.0604733 0.265808
0.0606355 0.267116
0.0607995 0.268434
0.0609653 0.269763
0.061133 0.271102
0.0613025 0.272452
0.061474 0.273813
0.0616474 0.275184
0.0618227 0.276567
0.062 0.277961
0.0621793 0.279367
0.0623607 0.280784
0.062544 0.282212
0.0627295 0.283652
0.0629171 0.285104
0.0631068 0.286568
0.0632987 0.288045
0.0634928 0.289533
0.0636891 0.291034
0.0638877 0.292548
0.0640885 0.294074
0.0642917 0.295613
0.0644972 0.297165
0.0647051 0.298731
0.0649155 0.300309
0.0651282 0.301901
0.0653435 0.303507
0.0655613 0.305127
0.0657816 0.30676
0.0660045 0.308408
0.0662301 0.310069
0.0664583 0.311745
0.0666892 0.313436
0.0669229 0.315141
0.0671594 0.316862
0.0673986 0.318597
0.0676408 0.320348
0.0678859 0.322114
0.0681339 0.323895
0.0683849 0.325692
0.068639 0.327506
0.0688961 0.329335
0.0691564 0.33118
0.0694199 0.333042
0.0696866 0.334921
0.0699566 0.336816
0.0702299 0.338728
0.0705066 0.340658
0.0707868 0.342604
0.0710704 0.344568
0.0713576 0.34655
0.0716483 0.34855
0.0719428 0.350568
0.0722409 0.352604
0.0725428 0.354658
0.0728486 0.356731
0.0731582 0.358823
0.0734718 0.360933
0.0737895 0.363063
0.0741112 0.365212
0.074437 0.367381
0.0747671 0.369569
0.0751015 0.371777
0.0754402 0.374006
0.0757833 0.376254
0.076131 0.378523
0.0764832 0.380813
0.0768401 0.383123
0.0772017 0.385454
0.0775681 0.387807
0.0779394 0.39018
0.0783157 0.392575
0.078697 0.394992
0.0790834 0.397431
0.0794751 0.399891
0.0798721 0.402374
0.0802745 0.404879
0.0806824 0.407407
0.0810958 0.409957
0.081515 0.412529
0.0819399 0.415125
0.0823707 0.417744
0.0828075 0.420386
0.0832503 0.423051
0.0836994 0.42574
0.0841547 0.428452
0.0846164 0.431188
0.0850846 0.433947
0.0855595 0.436731
0.0860411 0.439538
0.0865295 0.44237
0.0870249 0.445225
0.0875274 0.448105
0.0880372 0.451009
0.0885542 0.453938
0.0890788 0.456891
0.0896109 0.459868
0.0901507 0.46287
0.0906985 0.465896
0.0912542 0.468946
0.0918181 0.472021
0.0923902 0.475121
0.0929708 0.478245
0.09356 0.481393
0.0941578 0.484566
0.0947646 0.487762
0.0953804 0.490983
0.0960054 0.494228
0.0966397 0.497497
0.0972835 0.50079
0.097937 0.504106
0.0986004 0.507446
0.0992737 0.510809
0.0999573 0.514196
0.100651 0.517605
0.101356 0.521037
0.102071 0.524491
0.102797 0.527968
0.103534 0.531467
0.104282 0.534987
0.105042 0.538528
0.105814 0.54209
0.106597 0.545673
0.107393 0.549276
0.1082 0.552899
0.10902 0.556541
0.109853 0.560201
0.110699 0.56388
0.111558 0.567577
0.11243 0.571292
0.113316 0.575023
0.114215 0.57877
0.115128 0.582533
0.116056 0.586311
0.116998 0.590103
0.117954 0.593909
0.118926 0.597728
0.119912 0.60156
0.120914 0.605403
0.121931 0.609257
0.122964 0.613121
0.124014 0.616994
0.125079 0.620875
0.126161 0.624765
0.12726 0.628661
0.128376 0.632563
0.129509 0.63647
0.13066 0.640381
0.131828 0.644295
0.133014 0.648212
0.134219 0.652129
0.135442 0.656048
0.136684 0.659965
0.137945 0.663881
0.139225 0.667794
0.140525 0.671704
0.141844 0.675609
0.143184 0.679508
0.144544 0.683401
0.145924 0.687285
0.147325 0.691161
0.148747 0.695027
0.15019 0.698883
0.151655 0.702726
0.153142 0.706556
0.15465 0.710372
0.156181 0.714173
0.157734 0.717959
0.159311 0.721727
0.16091 0.725477
0.162532 0.729208
0.164178 0.732919
0.165847 0.736608
0.16754 0.740276
0.169257 0.743921
0.170999 0.747543
0.172765 0.751139
0.174556 0.75471
0.176372 0.758255
0.178213 0.761772
0.18008 0.765261
0.181972 0.768722
0.18389 0.772152
0.185833 0.775553
0.187803 0.778923
0.189799 0.78226
0.191822 0.785566
0.193871 0.788838
0.195948 0.792078
0.198051 0.795283
0.200181 0.798453
0.202338 0.801589
0.204523 0.804688
0.206736 0.807752
0.208976 0.81078
0.211244 0.813771
0.21354 0.816725
0.215863 0.819642
0.218215 0.822521
0.220595 0.825362
0.223004 0.828165
0.225441 0.830931
0.227906 0.833657
0.230399 0.836346
0.232922 0.838996
0.235473 0.841607
0.238052 0.84418
0.24066 0.846714
0.243297 0.84921
0.245963 0.851667
0.248657 0.854086
0.25138 0.856466
0.254132 0.858808
0.256912 0.861113
0.259722 0.863379
0.262559 0.865608
0.265426 0.867799
0.268321 0.869953
0.271244 0.87207
0.274196 0.87415
0.277177 0.876194
0.280185 0.878202
0.283222 0.880174
0.286287 0.882111
0.28938 0.884012
0.2925 0.885879
0.295648 0.887711
0.298824 0.889509
0.302027 0.891274
0.305258 0.893005
0.308515 0.894703
0.3118 0.896369
0.315111 0.898003
0.318448 0.899605
0.321812 0.901176
0.325202 0.902716
0.328617 0.904226
0.332058 0.905706
0.335525 0.907156
0.339016 0.908578
0.342532 0.90997
0.346073 0.911335
0.349638 0.912672
0.353226 0.913982
0.356838 0.915264
0.360474 0.916521
0.364132 0.917751
0.367813 0.918956
0.371515 0.920136
0.37524 0.921292
0.378986 0.922423
0.382753 0.92353
0.38654 0.924614
0.390348 0.925675
0.394176 0.926713
0.398022 0.92773
0.401888 0.928724
0.405772 0.929698
0.409673 0.93065
0.413593 0.931582
0.417529 0.932494
0.421481 0.933386
0.42545 0.934259
0.429434 0.935113
0.433433 0.935948
0.437446 0.936765
0.441473 0.937565
0.445513 0.938346
0.449566 0.939111
0.45363 0.939858
0.457707 0.940589
0.461794 0.941304
0.465891 0.942004
0.469999 0.942687
0.474115 0.943356
0.478239 0.944009
0.482372 0.944648
0.486512 0.945273
0.490658 0.945884
0.49481 0.94648
0.498967 0.947064
0.503128 0.947634
0.507294 0.948192
0.511463 0.948737
0.515634 0.949269
0.519807 0.94979
0.523981 0.950298
0.528156 0.950795
0.532331 0.951281
0.536504 0.951755
0.540676 0.952219
0.544846 0.952672
0.549012 0.953114
0.553175 0.953547
0.557333 0.953969
0.561487 0.954381
0.565634 0.954784
0.569775 0.955177
0.573909 0.955562
0.578035 0.955937
0.582153 0.956303
0.586261 0.956661
0.590359 0.95701
0.594447 0.957351
0.598523 0.957683
0.602587 0.958008
0.606639 0.958325
0.610678 0.958635
0.614703 0.958936
0.618713 0.959231
0.622708 0.959518
0.626687 0.959799
0.63065 0.960072
0.634596 0.960339
0.638524 0.960599
0.642434 0.960852
0.646325 0.9611
0.650197 0.961341
0.654049 0.961576
0.657881 0.961804
0.661692 0.962028
0.665482 0.962245
0.669249 0.962457
0.672994 0.962663
0.676716 0.962864
0.680415 0.96306
0.68409 0.96325
0.687741 0.963435
0.691367 0.963616
0.694967 0.963791
0.698543 0.963962
0.702093 0.964128
0.705616 0.964289
0.709113 0.964446
0.712582 0.964599
0.716025 0.964747
0.71944 0.964891
0.722828 0.965031
0.726187 0.965166
0.729518 0.965298
0.73282 0.965426
0.736093 0.96555
0.739337 0.96567
0.742553 0.965787
0.745738 0.965899
0.748894 0.966009
0.752021 0.966114
0.755117 0.966217
0.758183 0.966316
0.76122 0.966412
0.764226 0.966504
0.767201 0.966593
0.770147 0.96668
0.773061 0.966763
0.775946 0.966843
0.778799 0.96692
0.781623 0.966995
0.784415 0.967066
0.787178 0.967135
0.789909 0.967201
0.79261 0.967264
0.795281 0.967325
0.797921 0.967383
0.800531 0.967439
0.803111 0.967492
0.80566 0.967543
0.80818 0.967591
0.810669 0.967637
0.813128 0.967681
0.815558 0.967722
0.817958 0.967762
0.820329 0.967799
0.82267 0.967834
0.824982 0.967867
0.827265 0.967897
0.829519 0.967926
0.831745 0.967953
0.833942 0.967978
0.83611 0.968001
0.838251 0.968022
0.840364 0.968041
0.842448 0.968058
0.844506 0.968074
0.846536 0.968088
0.848539 0.9681
0.850515 0.968111
0.852465 0.968119
0.854388 0.968127
0.856286 0.968132
0.858157 0.968136
0.860002 0.968139
0.861823 0.96814
0.863618 0.968139
0.865388 0.968137
0.867133 0.968134
0.868854 0.968129
0.870551 0.968123
0.872224 0.968115
0.873874 0.968107
0.8755 0.968096
0.877103 0.968085
0.878683 0.968072
0.88024 0.968058
0.881775 0.968043
0.883289 0.968027
0.88478 0.968009
0.88625 0.96799
0.887698 0.967971
0.889126 0.96795
0.890533 0.967928
0.891919 0.967904
0.893285 0.96788
0.894631 0.967855
0.895957 0.967829
0.897264 0.967801
0.898552 0.967773
0.899821 0.967744
0.901071 0.967714
0.902303 0.967683
0.903516 0.96765
0.904712 0.967618
0.90589 0.967584
0.90705 0.967549
0.908193 0.967513
0.909319 0.967477
0.910429 0.96744
0.911522 0.967402
0.912599 0.967363
0.91366 0.967323
0.914705 0.967283
0.915734 0.967241
0.916748 0.967199
0.917747 0.967157
0.918731 0.967113
0.919701 0.967069
0.920656 0.967024
0.921596 0.966979
0.922523 0.966933
0.923436 0.966886
0.924335 0.966838
0.925221 0.96679
0.926094 0.966741
0.926954 0.966692
0.9278 0.966642
0.928635 0.966591
0.929457 0.96654
0.930266 0.966488
0.931064 0.966436
0.93185 0.966383
0.932624 0.966329
0.933386 0.966275
0.934138 0.966221
0.934878 0.966166
0.935607 0.96611
0.936326 0.966054
0.937034 0.965998
0.937731 0.96594
0.938418 0.965883
0.939095 0.965825
0.939762 0.965766
0.940419 0.965708
0.941067 0.965648
0.941705 0.965588
0.942334 0.965528
0.942953 0.965467
0.943564 0.965406
0.944165 0.965345
0.944758 0.965283
0.945342 0.965221
0.945918 0.965158
0.946485 0.965095
0.947044 0.965031
0.947595 0.964968
0.948138 0.964903
0.948673 0.964839
0.9492 0.964774
0.94972 0.964709
0.950232 0.964643
0.950737 0.964577
0.951235 0.964511
0.951726 0.964445
0.952209 0.964378
0.952686 0.96431
0.953156 0.964243
0.953619 0.964175
0.954076 0.964107
0.954526 0.964039
0.95497 0.96397
0.955407 0.963901
0.955839 0.963832
0.956264 0.963763
0.956683 0.963693
0.957097 0.963623
0.957505 0.963553
0.957907 0.963482
0.958303 0.963412
0.958694 0.963341
0.959079 0.963269
0.959459 0.963198
0.959834 0.963126
0.960204 0.963054
0.960569 0.962982
0.960928 0.96291
0.961283 0.962838
0.961633 0.962765
0.961978 0.962692
0.962318 0.962619
0.962654 0.962546
0.962985 0.962472
0.963311 0.962398
0.963634 0.962324
0.963951 0.96225
0.964265 0.962176
0.964574 0.962102
0.96488 0.962027
0.965181 0.961953
0.965478 0.961878
0.965771 0.961803
0.96606 0.961727
0.966346 0.961652
0.966627 0.961577
0.966905 0.961501
0.96718 0.961425
0.96745 0.961349
0.967717 0.961273
0.967981 0.961197
0.968241 0.961121
0.968498 0.961044
0.968751 0.960967
0.969002 0.960891
0.969249 0.960814
0.969492 0.960737
0.969733 0.96066
0.96997 0.960583
0.970205 0.960505
0.970436 0.960428
0.970665 0.960351
0.97089 0.960273
0.971113 0.960195
0.971333 0.960117
0.97155 0.96004
0.971764 0.959962
0.971976 0.959884
0.972185 0.959805
0.972392 0.959727
0.972595 0.959649
0.972797 0.95957
0.972995 0.959492
0.973192 0.959413
0.973386 0.959335
0.973577 0.959256
0.973766 0.959177
0.973953 0.959098
0.974137 0.95902
0.97432 0.958941
0.9745 0.958862
0.974677 0.958782
0.974853 0.958703
0.975026 0.958624
0.975198 0.958545
0.975367 0.958466
0.975534 0.958386
0.9757 0.958307
0.975863 0.958227
0.976024 0.958148
0.976184 0.958068
0.976341 0.957989
0.976497 0.957909
0.976651 0.957829
0.976803 0.95775
0.976953 0.95767
0.977101 0.95759
0.977248 0.95751
0.977393 0.95743
0.977536 0.957351
0.977678 0.957271
0.977818 0.957191
0.977956 0.957111
0.978093 0.957031
0.978228 0.956951
0.978361 0.956871
0.978494 0.956791
0.978624 0.956711
0.978753 0.956631
0.978881 0.95655
0.979007 0.95647
0.979131 0.95639
0.979255 0.95631
0.979376 0.95623
0.979497 0.95615
0.979616 0.95607
0.979734 0.955989
0.97985 0.955909
0.979965 0.955829
0.980079 0.955749
0.980192 0.955669
0.980303 0.955589
0.980413 0.955508
0.980522 0.955428
0.98063 0.955348
0.980736 0.955268
0.980842 0.955188
0.980946 0.955108
0.981049 0.955027
0.981151 0.954947
0.981252 0.954867
0.981351 0.954787
0.98145 0.954707
0.981547 0.954627
0.981644 0.954547
0.981739 0.954467
0.981834 0.954386
0.981927 0.954306
0.98202 0.954226
0.982111 0.954146
0.982202 0.954066
0.982291 0.953986
0.98238 0.953906
0.982467 0.953826
0.982554 0.953746
0.98264 0.953667
0.982724 0.953587
0.982808 0.953507
0.982891 0.953427
0.982974 0.953347
0.983055 0.953267
0.983136 0.953188
0.983215 0.953108
0.983294 0.953028
0.983372 0.952949
0.983449 0.952869
0.983526 0.952789
0.983601 0.95271
0.983676 0.95263
0.98375 0.952551
0.983824 0.952471
0.983896 0.952392
0.983968 0.952312
0.984039 0.952233
0.98411 0.952154
0.984179 0.952074
0.984248 0.951995
0.984316 0.951916
0.984384 0.951837
0.984451 0.951757
0.984517 0.951678
0.984583 0.951599
0.984648 0.95152
0.984712 0.951441
0.984776 0.951362
0.984839 0.951283
0.984901 0.951205
0.984963 0.951126
0.985024 0.951047
0.985084 0.950968
0.985144 0.950889
0.985204 0.950811
0.985263 0.950732
0.985321 0.950654
0.985378 0.950575
0.985436 0.950497
0.985492 0.950418
0.985548 0.95034
0.985603 0.950262
0.985658 0.950183
0.985713 0.950105
0.985767 0.950027
0.98582 0.949949
0.985873 0.949871
0.985925 0.949793
0.985977 0.949715
0.986028 0.949637
0.986079 0.949559
0.986129 0.949481
0.986179 0.949404
0.986229 0.949326
0.986277 0.949248
0.986326 0.949171
0.986374 0.949093
0.986421 0.949016
0.986469 0.948938
0.986515 0.948861
0.986561 0.948784
0.986607 0.948706
0.986653 0.948629
0.986698 0.948552
0.986742 0.948475
0.986786 0.948398
0.98683 0.948321
0.986873 0.948244
0.986916 0.948167
0.986959 0.94809
0.987001 0.948014
0.987042 0.947937
0.987084 0.94786
0.987125 0.947784
0.987165 0.947707
0.987205 0.947631
0.987245 0.947555
0.987285 0.947478
0.987324 0.947402
0.987363 0.947326
0.987401 0.94725
0.987439 0.947174
0.987477 0.947098
0.987514 0.947022
0.987551 0.946946
0.987588 0.94687
0.987624 0.946794
0.98766 0.946719
0.987696 0.946643
0.987731 0.946568
0.987766 0.946492
0.987801 0.946417
0.987836 0.946341
0.98787 0.946266
0.987904 0.946191
0.987937 0.946116
0.98797 0.946041
0.988003 0.945966
0.988036 0.945891
0.988068 0.945816
0.988101 0.945741
0.988132 0.945666
0.988164 0.945591
0.988195 0.945517
0.988226 0.945442
0.988257 0.945368
0.988287 0.945293
0.988317 0.945219
0.988347 0.945145
0.988377 0.94507
0.988406 0.944996
0.988435 0.944922
0.988464 0.944848
0.988493 0.944774
0.988521 0.9447
0.988549 0.944627
0.988577 0.944553
0.988605 0.944479
0.988632 0.944406
0.988659 0.944332
0.988686 0.944259
0.988713 0.944185
0.98874 0.944112
0.988766 0.944039
0.988792 0.943966
0.988818 0.943892
0.988843 0.943819
0.988869 0.943746
0.988894 0.943674
0.988919 0.943601
0.988943 0.943528
0.988968 0.943455
0.988992 0.943383
0.989016 0.94331
0.98904 0.943238
0.989064 0.943165
0.989087 0.943093
0.98911 0.943021
0.989134 0.942948
0.989156 0.942876
0.989179 0.942804
0.989202 0.942732
0.989224 0.94266
0.989246 0.942589
0.989268 0.942517
0.98929 0.942445
0.989311 0.942374
0.989333 0.942302
0.989354 0.942231
0.989375 0.942159
0.989396 0.942088
0.989416 0.942017
0.989437 0.941945
0.989457 0.941874
0.989477 0.941803
0.989497 0.941732
0.989517 0.941661
0.989537 0.941591
0.989556 0.94152
0.989576 0.941449
0.989595 0.941379
0.989614 0.941308
0.989633 0.941238
0.989651 0.941167
0.98967 0.941097
0.989688 0.941027
0.989707 0.940957
0.989725 0.940886
0.989743 0.940816
0.98976 0.940746
0.989778 0.940677
0.989795 0.940607
0.989813 0.940537
0.98983 0.940467
0.989847 0.940398
0.989864 0.940328
0.989881 0.940259
0.989897 0.94019
0.989914 0.94012
0.98993 0.940051
0.989946 0.939982
0.989963 0.939913
0.989979 0.939844
0.989994 0.939775
0.99001 0.939706
0.990026 0.939637
0.990041 0.939569
0.990056 0.9395
0.990072 0.939431
0.990087 0.939363
0.990102 0.939294
0.990116 0.939226
0.990131 0.939158
0.990146 0.93909
0.99016 0.939021
0.990175 0.938953
0.990189 0.938885
0.990203 0.938818
0.990217 0.93875
0.990231 0.938682
0.990244 0.938614
0.990258 0.938547
0.990272 0.938479
0.990285 0.938412
0.990298 0.938344
0.990312 0.938277
0.990325 0.93821
0.990338 0.938143
0.990351 0.938075
0.990363 0.938008
0.990376 0.937941
0.990389 0.937875
0.990401 0.937808
0.990414 0.937741
0.990426 0.937674
0.990438 0.937608
0.99045 0.937541
0.990462 0.937475
0.990474 0.937408
0.990486 0.937342
0.990497 0.937276
0.990509 0.93721
0.99052 0.937144
0.990532 0.937078
0.990543 0.937012
0.990554 0.936946
0.990565 0.93688
0.990576 0.936814
0.990587 0.936748
0.990598 0.936683
0.990609 0.936617
0.99062 0.936552
0.99063 0.936487
0.990641 0.936421
0.990651 0.936356
0.990661 0.936291
0.990672 0.936226
0.990682 0.936161
0.990692 0.936096
0.990702 0.936031
0.990712 0.935966
0.990722 0.935901
0.990731 0.935837
0.990741 0.935772
0.990751 0.935708
0.99076 0.935643
0.99077 0.935579
0.990779 0.935514
0.990788 0.93545
0.990797 0.935386
0.990806 0.935322
0.990816 0.935258
0.990824 0.935194
0.990833 0.93513
0.990842 0.935066
0.990851 0.935003
0.99086 0.934939
0.990868 0.934875
0.990877 0.934812
0.990885 0.934748
0.990894 0.934685
0.990902 0.934622
0.99091 0.934558
0.990918 0.934495
0.990926 0.934432
0.990935 0.934369
0.990943 0.934306
0.99095 0.934243
0.990958 0.93418
0.990966 0.934118
0.990974 0.934055
0.990981 0.933992
0.990989 0.93393
0.990997 0.933867
0.991004 0.933805
0.991011 0.933742
0.991019 0.93368
0.991026 0.933618
0.991033 0.933556
0.99104 0.933494
0.991047 0.933432
0.991055 0.93337
0.991061 0.933308
0.991068 0.933246
0.991075 0.933184
0.991082 0.933123
0.991089 0.933061
0.991095 0.933
0.991102 0.932938
0.991109 0.932877
0.991115 0.932815
0.991122 0.932754
0.991128 0.932693
0.991134 0.932632
0.991141 0.932571
0.991147 0.93251
0.991153 0.932449
0.991159 0.932388
0.991165 0.932327
0.991171 0.932267
0.991177 0.932206
0.991183 0.932145
0.991189 0.932085
0.991195 0.932024
0.991201 0.931964
0.991206 0.931904
0.991212 0.931843
0.991218 0.931783
0.991223 0.931723
0.991229 0.931663
0.991234 0.931603
0.99124 0.931543
0.991245 0.931483
0.99125 0.931423
0.991256 0.931364
0.991261 0.931304
0.991266 0.931244
0.991271 0.931185
0.991276 0.931126
0.991281 0.931066
0.991286 0.931007
0.991291 0.930948
0.991296 0.930888
0.991301 0.930829
0.991306 0.93077
0.991311 0.930711
0.991316 0.930652
0.99132 0.930593
0.991325 0.930534
0.991329 0.930476
0.991334 0.930417
0.991339 0.930358
0.991343 0.9303
0.991348 0.930241
0.991352 0.930183
0.991356 0.930125
0.991361 0.930066
0.991365 0.930008
0.991369 0.92995
0.991373 0.929892
0.991378 0.929834
0.991382 0.929776
0.991386 0.929718
0.99139 0.92966
0.991394 0.929602
0.991398 0.929545
0.991402 0.929487
0.991406 0.929429
0.99141 0.929372
0.991413 0.929314
0.991417 0.929257
0.991421 0.929199
0.991425 0.929142
0.991428 0.929085
0.991432 0.929028
0.991436 0.928971
0.991439 0.928914
0.991443 0.928857
0.991446 0.9288
0.99145 0.928743
0.991453 0.928686
0.991456 0.928629
0.99146 0.928573
0.991463 0.928516
0.991467 0.92846
0.99147 0.928403
0.991473 0.928347
0.991476 0.92829
0.991479 0.928234
0.991483 0.928178
0.991486 0.928122
0.991489 0.928065
0.991492 0.928009
0.991495 0.927953
0.991498 0.927897
0.991501 0.927842
0.991504 0.927786
0.991507 0.92773
0.991509 0.927674
0.991512 0.927619
0.991515 0.927563
0.991518 0.927508
0.991521 0.927452
0.991523 0.927397
0.991526 0.927341
0.991529 0.927286
0.991531 0.927231
0.991534 0.927176
0.991536 0.927121
0.991539 0.927066
0.991542 0.927011
0.991544 0.926956
0.991546 0.926901
0.991549 0.926846
0.991551 0.926791
0.991554 0.926736
0.991556 0.926682
0.991558 0.926627
0.991561 0.926573
0.991563 0.926518
0.991565 0.926464
0.991567 0.92641
0.99157 0.926355
0.991572 0.926301
0.991574 0.926247
0.991576 0.926193
0.991578 0.926139
0.99158 0.926085
0.991582 0.926031
0.991584 0.925977
0.991586 0.925923
0.991588 0.925869
0.99159 0.925815
0.991592 0.925762
0.991594 0.925708
0.991596 0.925655
0.991598 0.925601
0.9916 0.925548
0.991601 0.925494
0.991603 0.925441
0.991605 0.925388
0.991607 0.925335
0.991608 0.925281
0.99161 0.925228
0.991612 0.925175
0.991613 0.925122
0.991615 0.925069
0.991617 0.925016
0.991618 0.924964
0.99162 0.924911
0.991621 0.924858
0.991623 0.924805
0.991624 0.924753
0.991626 0.9247
0.991627 0.924648
0.991629 0.924595
0.99163 0.924543
0.991632 0.924491
0.991633 0.924438
0.991634 0.924386
0.991636 0.924334
0.991637 0.924282
0.991638 0.92423
0.99164 0.924178
0.991641 0.924126
0.991642 0.924074
0.991643 0.924022
0.991645 0.92397
0.991646 0.923919
0.991647 0.923867
0.991648 0.923815
0.991649 0.923764
0.99165 0.923712
0.991651 0.923661
0.991652 0.923609
0.991654 0.923558
0.991655 0.923506
0.991656 0.923455
0.991657 0.923404
0.991658 0.923353
0.991659 0.923302
0.991659 0.923251
0.99166 0.9232
0.991661 0.923149
0.991662 0.923098
0.991663 0.923047
0.991664 0.922996
0.991665 0.922945
0.991666 0.922895
0.991666 0.922844
0.991667 0.922793
0.991668 0.922743
0.991669 0.922692
0.99167 0.922642
0.99167 0.922592
0.991671 0.922541
0.991672 0.922491
0.991672 0.922441
0.991673 0.92239
0.991674 0.92234
0.991674 0.92229
0.991675 0.92224
0.991676 0.92219
0.991676 0.92214
0.991677 0.92209
0.991677 0.922041
0.991678 0.921991
0.991678 0.921941
0.991679 0.921891
0.991679 0.921842
0.99168 0.921792
0.99168 0.921743
0.991681 0.921693
0.991681 0.921644
0.991682 0.921594
0.991682 0.921545
0.991683 0.921496
0.991683 0.921446
0.991683 0.921397
0.991684 0.921348
0.991684 0.921299
0.991684 0.92125
0.991685 0.921201
0.991685 0.921152
0.991685 0.921103
0.991686 0.921054
0.991686 0.921005
0.991686 0.920956
0.991686 0.920908
0.991687 0.920859
0.991687 0.92081
0.991687 0.920762
0.991687 0.920713
0.991687 0.920665
0.991688 0.920616
0.991688 0.920568
0.991688 0.92052
0.991688 0.920471
0.991688 0.920423
0.991688 0.920375
0.991688 0.920327
0.991689 0.920279
0.991689 0.920231
0.991689 0.920183
0.991689 0.920135
0.991689 0.920087
0.991689 0.920039
0.991689 0.919991
0.991689 0.919943
0.991689 0.919895
0.991689 0.919848
0.991689 0.9198
0.991689 0.919752
0.991689 0.919705
0.991689 0.919657
0.991689 0.91961
0.991688 0.919562
0.991688 0.919515
0.991688 0.919468
0.991688 0.91942
0.991688 0.919373
0.991688 0.919326
0.991688 0.919279
0.991688 0.919232
0.991687 0.919185
0.991687 0.919138
0.991687 0.919091
0.991687 0.919044
0.991687 0.918997
0.991686 0.91895
0.991686 0.918903
0.991686 0.918856
0.991686 0.91881
0.991686 0.918763
0.991685 0.918716
0.991685 0.91867
0.991685 0.918623
0.991684 0.918577
0.991684 0.91853
0.991684 0.918484
0.991684 0.918438
0.991683 0.918391
0.991683 0.918345
0.991683 0.918299
0.991682 0.918252
0.991682 0.918206
0.991681 0.91816
0.991681 0.918114
0.991681 0.918068
0.99168 0.918022
0.99168 0.917976
0.991679 0.91793
0.991679 0.917884
0.991679 0.917839
0.991678 0.917793
0.991678 0.917747
0.991677 0.917701
0.991677 0.917656
0.991676 0.91761
0.991676 0.917565
0.991675 0.917519
0.991675 0.917474
0.991674 0.917428
0.991674 0.917383
0.991673 0.917337
0.991673 0.917292
0.991672 0.917247
0.991672 0.917202
0.991671 0.917156
0.991671 0.917111
0.99167 0.917066
0.991669 0.917021
0.991669 0.916976
0.991668 0.916931
0.991668 0.916886
0.991667 0.916841
0.991666 0.916796
0.991666 0.916751
0.991665 0.916707
0.991665 0.916662
0.991664 0.916617
0.991663 0.916572
0.991663 0.916528
0.991662 0.916483
0.991661 0.916439
0.991661 0.916394
0.99166 0.91635
0.991659 0.916305
0.991659 0.916261
0.991658 0.916216
0.991657 0.916172
0.991656 0.916128
0.991656 0.916084
0.991655 0.916039
0.991654 0.915995
0.991654 0.915951
0.991653 0.915907
0.991652 0.915863
0.991651 0.915819
0.991651 0.915775
0.99165 0.915731
0.991649 0.915687
0.991648 0.915643
0.991647 0.915599
0.991647 0.915556
0.991646 0.915512
0.991645 0.915468
0.991644 0.915424
0.991643 0.915381
0.991643 0.915337
0.991642 0.915294
0.991641 0.91525
0.99164 0.915207
0.991639 0.915163
0.991638 0.91512
0.991638 0.915076
0.991637 0.915033
0.991636 0.91499
0.991635 0.914946
0.991634 0.914903
0.991633 0.91486
0.991632 0.914817
0.991631 0.914774
0.99163 0.914731
0.99163 0.914687
0.991629 0.914644
0.991628 0.914602
0.991627 0.914559
0.991626 0.914516
0.991625 0.914473
0.991624 0.91443
0.991623 0.914387
0.991622 0.914344
0.991621 0.914302
0.99162 0.914259
0.991619 0.914216
0.991618 0.914174
0.991617 0.914131
0.991616 0.914089
0.991615 0.914046
0.991614 0.914004
0.991613 0.913961
0.991612 0.913919
0.991611 0.913876
0.99161 0.913834
0.991609 0.913792
0.991608 0.913749
0.991607 0.913707
0.991606 0.913665
0.991605 0.913623
0.991604 0.913581
0.991603 0.913538
0.991602 0.913496
0.991601 0.913454
0.9916 0.913412
0.991599 0.91337
0.991598 0.913328
0.991597 0.913287
0.991596 0.913245
0.991595 0.913203
0.991594 0.913161
0.991593 0.913119
0.991592 0.913078
0.99159 0.913036
0.991589 0.912994
0.991588 0.912953
0.991587 0.912911
0.991586 0.912869
0.991585 0.912828
0.991584 0.912786
0.991583 0.912745
0.991582 0.912703
0.99158 0.912662
0.991579 0.912621
0.991578 0.912579
0.991577 0.912538
0.991576 0.912497
0.991575 0.912455
0.991574 0.912414
0.991573 0.912373
0.991571 0.912332
0.99157 0.912291
0.991569 0.91225
0.991568 0.912209
0.991567 0.912168
0.991566 0.912127
0.991564 0.912086
0.991563 0.912045
0.991562 0.912004
0.991561 0.911963
0.99156 0.911922
0.991558 0.911881
0.991557 0.911841
0.991556 0.9118
0.991555 0.911759
0.991554 0.911719
0.991552 0.911678
0.991551 0.911637
0.99155 0.911597
0.991549 0.911556
0.991548 0.911516
0.991546 0.911475
0.991545 0.911435
0.991544 0.911394
0.991543 0.911354
0.991542 0.911313
0.99154 0.911273
0.991539 0.911233
0.991538 0.911193
0.991537 0.911152
0.991535 0.911112
0.991534 0.911072
0.991533 0.911032
0.991532 0.910992
0.99153 0.910952
0.991529 0.910911
0.991528 0.910871
0.991526 0.910831
0.991525 0.910791
0.991524 0.910751
0.991523 0.910712
0.991521 0.910672
0.99152 0.910632
0.991519 0.910592
0.991518 0.910552
0.991516 0.910512
0.991515 0.910473
0.991514 0.910433
0.991512 0.910393
0.991511 0.910354
0.99151 0.910314
0.991508 0.910274
0.991507 0.910235
0.991506 0.910195
0.991505 0.910156
0.991503 0.910116
0.991502 0.910077
0.991501 0.910037
0.991499 0.909998
0.991498 0.909958
0.991497 0.909919
0.991495 0.90988
0.991494 0.90984
0.991493 0.909801
0.991491 0.909762
0.99149 0.909723
0.991489 0.909684
0.991487 0.909644
0.991486 0.909605
0.991485 0.909566
0.991483 0.909527
0.991482 0.909488
0.991481 0.909449
0.991479 0.90941
0.991478 0.909371
0.991476 0.909332
0.991475 0.909293
0.991474 0.909254
0.991472 0.909215
0.991471 0.909177
0.99147 0.909138
0.991468 0.909099
0.991467 0.90906
0.991466 0.909022
0.991464 0.908983
0.991463 0.908944
0.991461 0.908906
0.99146 0.908867
0.991459 0.908828
0.991457 0.90879
0.991456 0.908751
0.991454 0.908713
0.991453 0.908674
0.991452 0.908636
0.99145 0.908597
0.991449 0.908559
0.991447 0.90852
0.991446 0.908482
0.991445 0.908444
0.991443 0.908405
0.991442 0.908367
0.99144 0.908329
0.991439 0.908291
0.991438 0.908252
0.991436 0.908214
0.991435 0.908176
0.991433 0.908138
0.991432 0.9081
0.991431 0.908062
0.991429 0.908024
0.991428 0.907986
0.991426 0.907948
0.991425 0.90791
0.991423 0.907872
0.991422 0.907834
0.991421 0.907796
0.991419 0.907758
0.991418 0.90772
0.991416 0.907682
0.991415 0.907644
0.991413 0.907607
0.991412 0.907569
0.99141 0.907531
0.991409 0.907493
0.991408 0.907456
0.991406 0.907418
0.991405 0.90738
0.991403 0.907343
0.991402 0.907305
0.9914 0.907268
0.991399 0.90723
0.991397 0.907192
0.991396 0.907155
0.991395 0.907118
0.991393 0.90708
0.991392 0.907043
0.99139 0.907005
0.991389 0.906968
0.991387 0.90693
0.991386 0.906893
0.991384 0.906856
0.991383 0.906818
0.991381 0.906781
0.99138 0.906744
0.991378 0.906707
0.991377 0.906669
0.991376 0.906632
0.991374 0.906595
0.991373 0.906558
0.991371 0.906521
0.99137 0.906484
0.991368 0.906447
0.991367 0.90641
0.991365 0.906373
0.991364 0.906336
0.991362 0.906299
0.991361 0.906262
0.991359 0.906225
0.991358 0.906188
0.991356 0.906151
0.991355 0.906114
0.991353 0.906077
0.991352 0.90604
0.99135 0.906004
0.991349 0.905967
0.991347 0.90593
0.991346 0.905893
0.991344 0.905857
0.991343 0.90582
0.991341 0.905783
0.99134 0.905747
0.991338 0.90571
0.991337 0.905673
0.991335 0.905637
0.991334 0.9056
0.991332 0.905564
0.991331 0.905527
0.991329 0.90549
0.991328 0.905454
0.991326 0.905418
0.991325 0.905381
0.991323 0.905345
0.991322 0.905308
0.99132 0.905272
0.991319 0.905235
0.991317 0.905199
0.991316 0.905163
0.991314 0.905126
0.991313 0.90509
0.991311 0.905054
0.99131 0.905018
0.991308 0.904981
0.991307 0.904945
0.991305 0.904909
0.991304 0.904873
0.991302 0.904837
0.991301 0.904801
0.991299 0.904765
0.991298 0.904728
0.991296 0.904692
0.991295 0.904656
0.991293 0.90462
0.991291 0.904584
0.99129 0.904548
0.991288 0.904512
0.991287 0.904476
0.991285 0.90444
0.991284 0.904405
0.991282 0.904369
0.991281 0.904333
0.991279 0.904297
0.991278 0.904261
0.991276 0.904225
0.991275 0.904189
0.991273 0.904154
0.991272 0.904118
0.99127 0.904082
0.991269 0.904046
0.991267 0.904011
0.991265 0.903975
0.991264 0.903939
0.991262 0.903904
0.991261 0.903868
0.991259 0.903833
0.991258 0.903797
0.991256 0.903761
0.991255 0.903726
0.991253 0.90369
0.991252 0.903655
0.99125 0.903619
0.991249 0.903584
0.991247 0.903548
0.991245 0.903513
0.991244 0.903477
0.991242 0.903442
0.991241 0.903407
0.991239 0.903371
0.991238 0.903336
0.991236 0.903301
0.991235 0.903265
0.991233 0.90323
0.991232 0.903195
0.99123 0.903159
0.991228 0.903124
0.991227 0.903089
0.991225 0.903054
0.991224 0.903018
0.991222 0.902983
0.991221 0.902948
0.991219 0.902913
0.991218 0.902878
0.991216 0.902843
0.991215 0.902808
0.991213 0.902773
0.991211 0.902737
0.99121 0.902702
0.991208 0.902667
0.991207 0.902632
0.991205 0.902597
0.991204 0.902562
0.991202 0.902527
0.991201 0.902492
0.991199 0.902458
0.991197 0.902423
0.991196 0.902388
0.991194 0.902353
0.991193 0.902318
0.991191 0.902283
0.99119 0.902248
0.991188 0.902213
0.991187 0.902179
0.991185 0.902144
0.991183 0.902109
0.991182 0.902074
0.99118 0.90204
0.991179 0.902005
0.991177 0.90197
0.991176 0.901935
0.991174 0.901901
0.991172 0.901866
0.991171 0.901831
0.991169 0.901797
0.991168 0.901762
0.991166 0.901728
0.991165 0.901693
0.991163 0.901658
0.991162 0.901624
0.99116 0.901589
0.991158 0.901555
0.991157 0.90152
0.991155 0.901486
0.991154 0.901451
0.991152 0.901417
0.991151 0.901382
0.991149 0.901348
0.991147 0.901314
0.991146 0.901279
0.991144 0.901245
0.991143 0.90121
0.991141 0.901176
0.99114 0.901142
0.991138 0.901107
0.991137 0.901073
0.991135 0.901039
0.991133 0.901004
0.991132 0.90097
0.99113 0.900936
0.991129 0.900902
0.991127 0.900867
0.991126 0.900833
0.991124 0.900799
0.991122 0.900765
0.991121 0.900731
0.991119 0.900696
0.991118 0.900662
0.991116 0.900628
0.991115 0.900594
0.991113 0.90056
0.991111 0.900526
0.99111 0.900492
0.991108 0.900458
0.991107 0.900424
0.991105 0.90039
0.991104 0.900356
0.991102 0.900322
0.9911 0.900288
0.991099 0.900254
0.991097 0.90022
0.991096 0.900186
0.991094 0.900152
0.991093 0.900118
0.991091 0.900084
0.991089 0.90005
0.991088 0.900016
0.991086 0.899982
0.991085 0.899948
0.991083 0.899914
0.991082 0.899881
0.99108 0.899847
0.991078 0.899813
0.991077 0.899779
0.991075 0.899745
0.991074 0.899712
0.991072 0.899678
0.991071 0.899644
0.991069 0.89961
0.991067 0.899577
0.991066 0.899543
0.991064 0.899509
0.991063 0.899475
0.991061 0.899442
0.99106 0.899408
0.991058 0.899374
0.991056 0.899341
0.991055 0.899307
0.991053 0.899274
0.991052 0.89924
0.99105 0.899206
0.991049 0.899173
0.991047 0.899139
0.991045 0.899106
0.991044 0.899072
0.991042 0.899038
0.991041 0.899005
0.991039 0.898971
0.991037 0.898938
0.991036 0.898904
0.991034 0.898871
0.991033 0.898838
0.991031 0.898804
0.99103 0.898771
0.991028 0.898737
0.991026 0.898704
0.991025 0.89867
0.991023 0.898637
0.991022 0.898604
0.99102 0.89857
0.991019 0.898537
0.991017 0.898503
0.991015 0.89847
0.991014 0.898437
0.991012 0.898403
0.991011 0.89837
0.991009 0.898337
0.991008 0.898303
0.991006 0.89827
0.991004 0.898237
0.991003 0.898204
0.991001 0.89817
0.991 0.898137
0.990998 0.898104
0.990996 0.898071
0.990995 0.898037
0.990993 0.898004
0.990992 0.897971
0.99099 0.897938
0.990989 0.897905
0.990987 0.897872
0.990985 0.897838
0.990984 0.897805
0.990982 0.897772
0.990981 0.897739
0.990979 0.897706
0.990978 0.897673
0.990976 0.89764
0.990974 0.897607
0.990973 0.897574
0.990971 0.897541
0.99097 0.897507
0.990968 0.897474
0.990967 0.897441
0.990965 0.897408
0.990963 0.897375
0.990962 0.897342
0.99096 0.897309
0.990959 0.897276
0.990957 0.897243
0.990956 0.89721
0.990954 0.897177
0.990952 0.897145
0.990951 0.897112
0.990949 0.897079
0.990948 0.897046
0.990946 0.897013
0.990944 0.89698
0.990943 0.896947
0.990941 0.896914
0.99094 0.896881
0.990938 0.896848
0.990937 0.896816
0.990935 0.896783
0.990933 0.89675
0.990932 0.896717
0.99093 0.896684
0.990929 0.896651
0.990927 0.896619
0.990926 0.896586
0.990924 0.896553
0.990922 0.89652
0.990921 0.896487
0.990919 0.896455
0.990918 0.896422
0.990916 0.896389
0.990915 0.896356
0.990913 0.896324
0.990911 0.896291
0.99091 0.896258
0.990908 0.896225
0.990907 0.896193
0.990905 0.89616
0.990903 0.896127
0.990902 0.896095
0.9909 0.896062
0.990899 0.896029
0.990897 0.895997
0.990896 0.895964
0.990894 0.895931
0.990892 0.895899
0.990891 0.895866
0.990889 0.895833
0.990888 0.895801
0.990886 0.895768
0.990885 0.895736
0.990883 0.895703
0.990881 0.89567
0.99088 0.895638
0.990878 0.895605
0.990877 0.895573
0.990875 0.89554
0.990874 0.895508
0.990872 0.895475
0.99087 0.895443
0.990869 0.89541
0.990867 0.895378
0.990866 0.895345
0.990864 0.895312
0.990863 0.89528
0.990861 0.895247
0.990859 0.895215
0.990858 0.895183
0.990856 0.89515
0.990855 0.895118
0.990853 0.895085
0.990851 0.895053
0.99085 0.89502
0.990848 0.894988
0.990847 0.894955
0.990845 0.894923
0.990844 0.89489
0.990842 0.894858
0.99084 0.894826
0.990839 0.894793
0.990837 0.894761
0.990836 0.894728
0.990834 0.894696
0.990833 0.894664
0.990831 0.894631
0.990829 0.894599
0.990828 0.894567
0.990826 0.894534
0.990825 0.894502
0.990823 0.894469
0.990822 0.894437
0.99082 0.894405
0.990818 0.894372
0.990817 0.89434
0.990815 0.894308
0.990814 0.894275
0.990812 0.894243
0.990811 0.894211
0.990809 0.894179
0.990807 0.894146
0.990806 0.894114
0.990804 0.894082
0.990803 0.894049
0.990801 0.894017
0.9908 0.893985
0.990798 0.893953
0.990796 0.89392
0.990795 0.893888
0.990793 0.893856
0.990792 0.893824
0.99079 0.893791
0.990788 0.893759
0.990787 0.893727
0.990785 0.893695
0.990784 0.893662
0.990782 0.89363
0.990781 0.893598
0.990779 0.893566
0.990777 0.893534
0.990776 0.893501
0.990774 0.893469
0.990773 0.893437
0.990771 0.893405
0.99077 0.893373
0.990768 0.89334
0.990766 0.893308
0.990765 0.893276
0.990763 0.893244
0.990762 0.893212
0.99076 0.89318
0.990759 0.893147
0.990757 0.893115
0.990755 0.893083
0.990754 0.893051
0.990752 0.893019
0.990751 0.892987
0.990749 0.892955
0.990748 0.892922
0.990746 0.89289
0.990744 0.892858
0.990743 0.892826
0.990741 0.892794
0.99074 0.892762
0.990738 0.89273
0.990737 0.892698
0.990735 0.892666
0.990733 0.892633
0.990732 0.892601
0.99073 0.892569
0.990729 0.892537
0.990727 0.892505
0.990726 0.892473
0.990724 0.892441
0.990722 0.892409
0.990721 0.892377
0.990719 0.892345
0.990718 0.892313
0.990716 0.892281
0.990715 0.892248
0.990713 0.892216
0.990711 0.892184
0.99071 0.892152
0.990708 0.89212
0.990707 0.892088
0.990705 0.892056
0.990703 0.892024
0.990702 0.891992
0.9907 0.89196
0.990699 0.891928
0.990697 0.891896
0.990696 0.891864
0.990694 0.891832
0.990692 0.8918
0.990691 0.891768
0.990689 0.891736
0.990688 0.891704
0.990686 0.891672
0.990685 0.89164
0.990683 0.891608
0.990681 0.891576
0.99068 0.891544
0.990678 0.891512
0.990677 0.89148
0.990675 0.891448
0.990674 0.891416
0.990672 0.891384
0.99067 0.891352
0.990669 0.89132
0.990667 0.891288
0.990666 0.891256
0.990664 0.891224
0.990663 0.891192
0.990661 0.89116
0.990659 0.891128
0.990658 0.891096
0.990656 0.891064
0.990655 0.891032
0.990653 0.891
0.990652 0.890968
0.99065 0.890936
0.990648 0.890904
0.990647 0.890872
0.990645 0.89084
0.990644 0.890808
0.990642 0.890776
0.990641 0.890744
0.990639 0.890712
0.990637 0.89068
0.990636 0.890648
0.990634 0.890616
0.990633 0.890584
0.990631 0.890552
0.99063 0.89052
0.990628 0.890488
0.990626 0.890456
0.990625 0.890424
0.990623 0.890392
0.990622 0.89036
0.99062 0.890328
0.990618 0.890296
0.990617 0.890264
0.990615 0.890232
0.990614 0.8902
0.990612 0.890168
0.990611 0.890136
0.990609 0.890104
0.990607 0.890072
0.990606 0.890041
0.990604 0.890009
0.990603 0.889977
0.990601 0.889945
0.9906 0.889913
0.990598 0.889881
0.990596 0.889849
0.990595 0.889817
0.990593 0.889785
0.990592 0.889753
0.99059 0.889721
0.990589 0.889689
0.990587 0.889657
0.990585 0.889625
0.990584 0.889593
0.990582 0.889561
0.990581 0.889529
0.990579 0.889497
0.990578 0.889465
0.990576 0.889433
0.990574 0.889401
0.990573 0.889369
0.990571 0.889337
0.99057 0.889305
0.990568 0.889273
0.990566 0.889241
0.990565 0.889209
0.990563 0.889177
0.990562 0.889145
0.99056 0.889113
0.990559 0.889081
0.990557 0.889049
0.990555 0.889017
0.990554 0.888985
0.990552 0.888953
0.990551 0.888921
0.990549 0.888889
0.990548 0.888857
0.990546 0.888825
0.990544 0.888793
0.990543 0.888761
0.990541 0.888729
0.99054 0.888697
0.990538 0.888665
0.990536 0.888633
0.990535 0.888601
0.990533 0.888569
0.990532 0.888537
0.99053 0.888505
0.990529 0.888473
0.990527 0.888441
0.990525 0.888409
0.990524 0.888377
0.990522 0.888345
0.990521 0.888313
0.990519 0.888281
0.990518 0.888249
0.990516 0.888217
0.990514 0.888185
0.990513 0.888153
0.990511 0.88812
0.99051 0.888088
0.990508 0.888056
0.990506 0.888024
0.990505 0.887992
0.990503 0.88796
0.990502 0.887928
0.9905 0.887896
0.990499 0.887864
0.990497 0.887832
0.990495 0.8878
0.990494 0.887768
0.990492 0.887736
0.990491 0.887704
0.990489 0.887671
0.990487 0.887639
0.990486 0.887607
0.990484 0.887575
0.990483 0.887543
0.990481 0.887511
0.99048 0.887479
0.990478 0.887447
0.990476 0.887415
0.990475 0.887382
0.990473 0.88735
0.990472 0.887318
0.99047 0.887286
0.990468 0.887254
0.990467 0.887222
0.990465 0.88719
0.990464 0.887157
0.990462 0.887125
0.990461 0.887093
0.990459 0.887061
0.990457 0.887029
0.990456 0.886997
0.990454 0.886965
0.990453 0.886932
0.990451 0.8869
0.990449 0.886868
0.990448 0.886836
0.990446 0.886804
0.990445 0.886771
0.990443 0.886739
0.990441 0.886707
0.99044 0.886675
0.990438 0.886643
0.990437 0.88661
0.990435 0.886578
0.990434 0.886546
0.990432 0.886514
0.99043 0.886481
0.990429 0.886449
0.990427 0.886417
0.990426 0.886385
0.990424 0.886352
0.990422 0.88632
0.990421 0.886288
0.990419 0.886256
0.990418 0.886223
0.990416 0.886191
0.990414 0.886159
0.990413 0.886126
0.990411 0.886094
0.99041 0.886062
0.990408 0.886029
0.990406 0.885997
0.990405 0.885965
0.990403 0.885932
0.990402 0.8859
0.9904 0.885868
0.990398 0.885835
0.990397 0.885803
0.990395 0.885771
0.990394 0.885738
0.990392 0.885706
0.99039 0.885674
0.990389 0.885641
0.990387 0.885609
0.990386 0.885576
0.990384 0.885544
0.990383 0.885512
0.990381 0.885479
0.990379 0.885447
0.990378 0.885414
0.990376 0.885382
0.990375 0.88535
0.990373 0.885317
0.990371 0.885285
0.99037 0.885252
0.990368 0.88522
0.990367 0.885187
0.990365 0.885155
0.990363 0.885122
0.990362 0.88509
0.99036 0.885057
0.990359 0.885025
0.990357 0.884992
0.990355 0.88496
0.990354 0.884927
0.990352 0.884895
0.99035 0.884862
0.990349 0.88483
0.990347 0.884797
0.990346 0.884764
0.990344 0.884732
0.990342 0.884699
0.990341 0.884667
0.990339 0.884634
0.990338 0.884602
0.990336 0.884569
0.990334 0.884536
0.990333 0.884504
0.990331 0.884471
0.99033 0.884438
0.990328 0.884406
0.990326 0.884373
0.990325 0.884341
0.990323 0.884308
0.990322 0.884275
0.99032 0.884242
0.990318 0.88421
0.990317 0.884177
0.990315 0.884144
0.990314 0.884112
0.990312 0.884079
0.99031 0.884046
0.990309 0.884013
0.990307 0.883981
0.990305 0.883948
0.990304 0.883915
0.990302 0.883882
0.990301 0.88385
0.990299 0.883817
0.990297 0.883784
0.990296 0.883751
0.990294 0.883718
0.990293 0.883686
0.990291 0.883653
0.990289 0.88362
0.990288 0.883587
0.990286 0.883554
0.990284 0.883521
0.990283 0.883489
0.990281 0.883456
0.99028 0.883423
0.990278 0.88339
0.990276 0.883357
0.990275 0.883324
0.990273 0.883291
0.990272 0.883258
0.99027 0.883225
0.990268 0.883192
0.990267 0.883159
0.990265 0.883126
0.990263 0.883093
0.990262 0.88306
0.99026 0.883027
0.990259 0.882994
0.990257 0.882961
0.990255 0.882928
0.990254 0.882895
0.990252 0.882862
0.99025 0.882829
0.990249 0.882796
0.990247 0.882763
0.990246 0.88273
0.990244 0.882697
0.990242 0.882664
0.990241 0.88263
0.990239 0.882597
0.990237 0.882564
0.990236 0.882531
0.990234 0.882498
0.990233 0.882465
0.990231 0.882431
0.990229 0.882398
0.990228 0.882365
0.990226 0.882332
0.990224 0.882299
0.990223 0.882265
0.990221 0.882232
0.990219 0.882199
0.990218 0.882165
0.990216 0.882132
0.990215 0.882099
0.990213 0.882066
0.990211 0.882032
0.99021 0.881999
0.990208 0.881966
0.990206 0.881932
0.990205 0.881899
0.990203 0.881865
0.990201 0.881832
0.9902 0.881799
0.990198 0.881765
0.990197 0.881732
0.990195 0.881698
0.990193 0.881665
0.990192 0.881631
0.99019 0.881598
0.990188 0.881565
0.990187 0.881531
0.990185 0.881497
0.990183 0.881464
0.990182 0.88143
0.99018 0.881397
0.990178 0.881363
0.990177 0.88133
0.990175 0.881296
0.990173 0.881263
0.990172 0.881229
0.99017 0.881195
0.990169 0.881162
0.990167 0.881128
0.990165 0.881094
0.990164 0.881061
0.990162 0.881027
0.99016 0.880993
0.990159 0.88096
0.990157 0.880926
0.990155 0.880892
0.990154 0.880858
0.990152 0.880825
0.99015 0.880791
0.990149 0.880757
0.990147 0.880723
0.990145 0.88069
0.990144 0.880656
0.990142 0.880622
0.99014 0.880588
0.990139 0.880554
0.990137 0.88052
0.990135 0.880486
0.990134 0.880452
0.990132 0.880419
0.99013 0.880385
0.990129 0.880351
0.990127 0.880317
0.990125 0.880283
0.990124 0.880249
0.990122 0.880215
0.99012 0.880181
0.990119 0.880147
0.990117 0.880113
0.990115 0.880079
0.990114 0.880044
0.990112 0.88001
0.99011 0.879976
0.990109 0.879942
0.990107 0.879908
0.990105 0.879874
0.990104 0.87984
0.990102 0.879805
0.9901 0.879771
0.990099 0.879737
0.990097 0.879703
0.990095 0.879669
0.990094 0.879634
0.990092 0.8796
0.99009 0.879566
0.990089 0.879532
0.990087 0.879497
0.990085 0.879463
0.990084 0.879429
0.990082 0.879394
0.99008 0.87936
0.990079 0.879325
0.990077 0.879291
0.990075 0.879257
0.990074 0.879222
0.990072 0.879188
0.99007 0.879153
0.990069 0.879119
0.990067 0.879084
0.990065 0.87905
0.990063 0.879015
0.990062 0.878981
0.99006 0.878946
0.990058 0.878911
0.990057 0.878877
0.990055 0.878842
0.990053 0.878808
0.990052 0.878773
0.99005 0.878738
0.990048 0.878704
0.990047 0.878669
0.990045 0.878634
0.990043 0.878599
0.990041 0.878565
0.99004 0.87853
0.990038 0.878495
0.990036 0.87846
0.990035 0.878426
0.990033 0.878391
0.990031 0.878356
0.99003 0.878321
0.990028 0.878286
0.990026 0.878251
0.990024 0.878216
0.990023 0.878181
0.990021 0.878146
0.990019 0.878111
0.990018 0.878076
0.990016 0.878041
0.990014 0.878006
0.990012 0.877971
0.990011 0.877936
0.990009 0.877901
0.990007 0.877866
0.990006 0.877831
0.990004 0.877796
0.990002 0.877761
0.990001 0.877725
0.989999 0.87769
0.989997 0.877655
0.989995 0.87762
0.989994 0.877585
0.989992 0.877549
0.98999 0.877514
0.989988 0.877479
0.989987 0.877443
0.989985 0.877408
0.989983 0.877373
0.989982 0.877337
0.98998 0.877302
0.989978 0.877266
0.989976 0.877231
0.989975 0.877196
0.989973 0.87716
0.989971 0.877125
0.989969 0.877089
0.989968 0.877054
0.989966 0.877018
0.989964 0.876982
0.989963 0.876947
0.989961 0.876911
0.989959 0.876876
0.989957 0.87684
0.989956 0.876804
0.989954 0.876769
0.989952 0.876733
0.98995 0.876697
0.989949 0.876661
0.989947 0.876626
0.989945 0.87659
0.989943 0.876554
0.989942 0.876518
0.98994 0.876482
0.989938 0.876446
0.989936 0.876411
0.989935 0.876375
0.989933 0.876339
0.989931 0.876303
0.989929 0.876267
0.989928 0.876231
0.989926 0.876195
0.989924 0.876159
0.989922 0.876123
0.989921 0.876086
0.989919 0.87605
0.989917 0.876014
0.989915 0.875978
0.989914 0.875942
0.989912 0.875906
0.98991 0.875869
0.989908 0.875833
0.989907 0.875797
0.989905 0.875761
0.989903 0.875724
0.989901 0.875688
0.9899 0.875652
0.989898 0.875615
0.989896 0.875579
0.989894 0.875543
0.989893 0.875506
0.989891 0.87547
0.989889 0.875433
0.989887 0.875397
0.989885 0.87536
0.989884 0.875324
0.989882 0.875287
0.98988 0.87525
0.989878 0.875214
0.989877 0.875177
0.989875 0.87514
0.989873 0.875104
0.989871 0.875067
0.989869 0.87503
0.989868 0.874993
0.989866 0.874957
0.989864 0.87492
0.989862 0.874883
0.98986 0.874846
0.989859 0.874809
0.989857 0.874772
0.989855 0.874735
0.989853 0.874699
0.989852 0.874662
0.98985 0.874625
0.989848 0.874588
0.989846 0.87455
0.989844 0.874513
0.989843 0.874476
0.989841 0.874439
0.989839 0.874402
0.989837 0.874365
0.989835 0.874328
0.989834 0.87429
0.989832 0.874253
0.98983 0.874216
0.989828 0.874179
0.989826 0.874141
0.989825 0.874104
0.989823 0.874066
0.989821 0.874029
0.989819 0.873992
0.989817 0.873954
0.989815 0.873917
0.989814 0.873879
0.989812 0.873842
0.98981 0.873804
0.989808 0.873767
0.989806 0.873729
0.989805 0.873691
0.989803 0.873654
0.989801 0.873616
0.989799 0.873578
0.989797 0.87354
0.989795 0.873503
0.989794 0.873465
0.989792 0.873427
0.98979 0.873389
0.989788 0.873351
0.989786 0.873313
0.989784 0.873275
0.989783 0.873238
0.989781 0.8732
0.989779 0.873162
0.989777 0.873123
0.989775 0.873085
0.989773 0.873047
0.989772 0.873009
0.98977 0.872971
0.989768 0.872933
0.989766 0.872895
0.989764 0.872856
0.989762 0.872818
0.98976 0.87278
0.989759 0.872742
0.989757 0.872703
0.989755 0.872665
0.989753 0.872626
0.989751 0.872588
0.989749 0.872549
0.989748 0.872511
0.989746 0.872472
0.989744 0.872434
0.989742 0.872395
0.98974 0.872357
0.989738 0.872318
0.989736 0.872279
0.989734 0.872241
0.989733 0.872202
0.989731 0.872163
0.989729 0.872124
0.989727 0.872086
0.989725 0.872047
0.989723 0.872008
0.989721 0.871969
0.989719 0.87193
0.989718 0.871891
0.989716 0.871852
0.989714 0.871813
0.989712 0.871774
0.98971 0.871735
0.989708 0.871696
0.989706 0.871657
0.989704 0.871617
0.989703 0.871578
0.989701 0.871539
0.989699 0.8715
0.989697 0.87146
0.989695 0.871421
0.989693 0.871382
0.989691 0.871342
0.989689 0.871303
0.989687 0.871263
0.989685 0.871224
0.989684 0.871184
0.989682 0.871145
0.98968 0.871105
0.989678 0.871066
0.989676 0.871026
0.989674 0.870986
0.989672 0.870946
0.98967 0.870907
0.989668 0.870867
0.989666 0.870827
0.989664 0.870787
0.989663 0.870747
0.989661 0.870707
0.989659 0.870667
0.989657 0.870627
0.989655 0.870587
0.989653 0.870547
0.989651 0.870507
0.989649 0.870467
0.989647 0.870427
0.989645 0.870387
0.989643 0.870347
0.989641 0.870306
0.989639 0.870266
0.989637 0.870226
0.989636 0.870185
0.989634 0.870145
0.989632 0.870105
0.98963 0.870064
0.989628 0.870024
0.989626 0.869983
0.989624 0.869942
0.989622 0.869902
0.98962 0.869861
0.989618 0.869821
0.989616 0.86978
0.989614 0.869739
0.989612 0.869698
0.98961 0.869657
0.989608 0.869617
0.989606 0.869576
0.989604 0.869535
0.989602 0.869494
0.9896 0.869453
0.989598 0.869412
0.989596 0.869371
0.989594 0.86933
0.989592 0.869288
0.98959 0.869247
0.989588 0.869206
0.989587 0.869165
0.989585 0.869124
0.989583 0.869082
0.989581 0.869041
0.989579 0.868999
0.989577 0.868958
0.989575 0.868916
0.989573 0.868875
0.989571 0.868833
0.989569 0.868792
0.989567 0.86875
0.989565 0.868708
0.989563 0.868667
0.989561 0.868625
0.989559 0.868583
0.989557 0.868541
0.989555 0.8685
0.989553 0.868458
0.989551 0.868416
0.989549 0.868374
0.989547 0.868332
0.989545 0.86829
0.989543 0.868248
0.989541 0.868205
0.989539 0.868163
0.989537 0.868121
0.989534 0.868079
0.989532 0.868036
0.98953 0.867994
0.989528 0.867952
0.989526 0.867909
0.989524 0.867867
0.989522 0.867824
0.98952 0.867782
0.989518 0.867739
0.989516 0.867697
0.989514 0.867654
0.989512 0.867611
0.98951 0.867568
0.989508 0.867526
0.989506 0.867483
0.989504 0.86744
0.989502 0.867397
0.9895 0.867354
0.989498 0.867311
0.989496 0.867268
0.989494 0.867225
0.989492 0.867182
0.98949 0.867139
0.989487 0.867095
0.989485 0.867052
0.989483 0.867009
0.989481 0.866965
0.989479 0.866922
0.989477 0.866879
0.989475 0.866835
0.989473 0.866792
0.989471 0.866748
0.989469 0.866704
0.989467 0.866661
0.989465 0.866617
0.989463 0.866573
0.98946 0.86653
0.989458 0.866486
0.989456 0.866442
0.989454 0.866398
0.989452 0.866354
0.98945 0.86631
0.989448 0.866266
0.989446 0.866222
0.989444 0.866178
0.989442 0.866133
0.989439 0.866089
0.989437 0.866045
0.989435 0.866001
0.989433 0.865956
0.989431 0.865912
0.989429 0.865867
0.989427 0.865823
0.989425 0.865778
0.989422 0.865734
0.98942 0.865689
0.989418 0.865644
0.989416 0.8656
0.989414 0.865555
0.989412 0.86551
0.98941 0.865465
0.989408 0.86542
0.989405 0.865375
0.989403 0.86533
0.989401 0.865285
0.989399 0.86524
0.989397 0.865195
0.989395 0.865149
0.989393 0.865104
0.98939 0.865059
0.989388 0.865013
0.989386 0.864968
0.989384 0.864922
0.989382 0.864877
0.98938 0.864831
0.989377 0.864786
0.989375 0.86474
0.989373 0.864694
0.989371 0.864649
0.989369 0.864603
0.989366 0.864557
0.989364 0.864511
0.989362 0.864465
0.98936 0.864419
0.989358 0.864373
0.989356 0.864327
0.989353 0.86428
0.989351 0.864234
0.989349 0.864188
0.989347 0.864142
0.989345 0.864095
0.989342 0.864049
0.98934 0.864002
0.989338 0.863956
0.989336 0.863909
0.989334 0.863862
0.989331 0.863816
0.989329 0.863769
0.989327 0.863722
0.989325 0.863675
0.989322 0.863628
0.98932 0.863581
0.989318 0.863534
0.989316 0.863487
0.989313 0.86344
0.989311 0.863393
0.989309 0.863346
0.989307 0.863298
0.989304 0.863251
0.989302 0.863203
0.9893 0.863156
0.989298 0.863108
0.989295 0.863061
0.989293 0.863013
0.989291 0.862966
0.989289 0.862918
0.989286 0.86287
0.989284 0.862822
0.989282 0.862774
0.98928 0.862726
0.989277 0.862678
0.989275 0.86263
0.989273 0.862582
0.98927 0.862534
0.989268 0.862485
0.989266 0.862437
0.989264 0.862389
0.989261 0.86234
0.989259 0.862292
0.989257 0.862243
0.989254 0.862195
0.989252 0.862146
0.98925 0.862097
0.989248 0.862048
0.989245 0.861999
0.989243 0.861951
0.989241 0.861902
0.989238 0.861852
0.989236 0.861803
0.989234 0.861754
0.989231 0.861705
0.989229 0.861656
0.989227 0.861606
0.989224 0.861557
0.989222 0.861507
0.98922 0.861458
0.989217 0.861408
0.989215 0.861359
0.989213 0.861309
0.98921 0.861259
0.989208 0.861209
0.989205 0.861159
0.989203 0.86111
0.989201 0.861059
0.989198 0.861009
0.989196 0.860959
0.989194 0.860909
0.989191 0.860859
0.989189 0.860808
0.989187 0.860758
0.989184 0.860707
0.989182 0.860657
0.989179 0.860606
0.989177 0.860556
0.989175 0.860505
0.989172 0.860454
0.98917 0.860403
0.989167 0.860352
0.989165 0.860301
0.989163 0.86025
0.98916 0.860199
0.989158 0.860148
0.989155 0.860097
0.989153 0.860045
0.98915 0.859994
0.989148 0.859942
0.989146 0.859891
0.989143 0.859839
0.989141 0.859788
0.989138 0.859736
0.989136 0.859684
0.989133 0.859632
0.989131 0.85958
0.989129 0.859528
0.989126 0.859476
0.989124 0.859424
0.989121 0.859372
0.989119 0.859319
0.989116 0.859267
0.989114 0.859215
0.989111 0.859162
0.989109 0.85911
0.989106 0.859057
0.989104 0.859004
0.989101 0.858951
0.989099 0.858898
0.989096 0.858846
0.989094 0.858793
0.989091 0.858739
0.989089 0.858686
0.989086 0.858633
0.989084 0.85858
0.989081 0.858526
0.989079 0.858473
0.989076 0.858419
0.989074 0.858366
0.989071 0.858312
0.989069 0.858258
0.989066 0.858205
0.989064 0.858151
0.989061 0.858097
0.989059 0.858043
0.989056 0.857988
0.989054 0.857934
0.989051 0.85788
0.989048 0.857826
0.989046 0.857771
0.989043 0.857717
0.989041 0.857662
0.989038 0.857607
0.989036 0.857553
0.989033 0.857498
0.98903 0.857443
0.989028 0.857388
0.989025 0.857333
0.989023 0.857278
0.98902 0.857223
0.989018 0.857167
0.989015 0.857112
0.989012 0.857056
0.98901 0.857001
0.989007 0.856945
0.989005 0.85689
0.989002 0.856834
0.988999 0.856778
0.988997 0.856722
0.988994 0.856666
0.988991 0.85661
0.988989 0.856554
0.988986 0.856497
0.988983 0.856441
0.988981 0.856385
0.988978 0.856328
0.988976 0.856271
0.988973 0.856215
0.98897 0.856158
0.988968 0.856101
0.988965 0.856044
0.988962 0.855987
0.98896 0.85593
0.988957 0.855873
0.988954 0.855816
0.988952 0.855758
0.988949 0.855701
0.988946 0.855643
0.988943 0.855586
0.988941 0.855528
0.988938 0.85547
0.988935 0.855412
0.988933 0.855354
0.98893 0.855296
0.988927 0.855238
0.988924 0.85518
0.988922 0.855121
0.988919 0.855063
0.988916 0.855004
0.988913 0.854946
0.988911 0.854887
0.988908 0.854828
0.988905 0.854769
0.988903 0.85471
0.9889 0.854651
0.988897 0.854592
0.988894 0.854533
0.988891 0.854474
0.988889 0.854414
0.988886 0.854355
0.988883 0.854295
0.98888 0.854235
0.988878 0.854175
0.988875 0.854116
0.988872 0.854056
0.988869 0.853995
0.988866 0.853935
0.988863 0.853875
0.988861 0.853815
0.988858 0.853754
0.988855 0.853694
0.988852 0.853633
0.988849 0.853572
0.988847 0.853511
0.988844 0.85345
0.988841 0.853389
0.988838 0.853328
0.988835 0.853267
0.988832 0.853205
0.988829 0.853144
0.988827 0.853082
0.988824 0.853021
0.988821 0.852959
0.988818 0.852897
0.988815 0.852835
0.988812 0.852773
0.988809 0.852711
0.988806 0.852649
0.988803 0.852586
0.988801 0.852524
0.988798 0.852461
0.988795 0.852398
0.988792 0.852336
0.988789 0.852273
0.988786 0.85221
0.988783 0.852147
0.98878 0.852083
0.988777 0.85202
0.988774 0.851957
0.988771 0.851893
0.988768 0.851829
0.988765 0.851766
0.988762 0.851702
0.988759 0.851638
0.988756 0.851574
0.988753 0.85151
0.98875 0.851445
0.988747 0.851381
0.988744 0.851316
0.988741 0.851252
0.988738 0.851187
0.988735 0.851122
0.988732 0.851057
0.988729 0.850992
0.988726 0.850927
0.988723 0.850862
0.98872 0.850796
0.988717 0.850731
0.988714 0.850665
0.988711 0.850599
0.988708 0.850534
0.988705 0.850468
0.988702 0.850402
0.988699 0.850335
0.988696 0.850269
0.988693 0.850203
0.98869 0.850136
0.988686 0.850069
0.988683 0.850002
0.98868 0.849936
0.988677 0.849869
0.988674 0.849801
0.988671 0.849734
0.988668 0.849667
0.988665 0.849599
0.988662 0.849532
0.988658 0.849464
0.988655 0.849396
0.988652 0.849328
0.988649 0.84926
0.988646 0.849192
0.988643 0.849123
0.988639 0.849055
0.988636 0.848986
0.988633 0.848917
0.98863 0.848849
0.988627 0.84878
0.988623 0.84871
0.98862 0.848641
0.988617 0.848572
0.988614 0.848502
0.988611 0.848433
0.988607 0.848363
0.988604 0.848293
0.988601 0.848223
0.988598 0.848153
0.988594 0.848083
0.988591 0.848012
0.988588 0.847942
0.988585 0.847871
0.988581 0.8478
0.988578 0.847729
0.988575 0.847658
0.988572 0.847587
0.988568 0.847516
0.988565 0.847444
0.988562 0.847373
0.988558 0.847301
0.988555 0.847229
0.988552 0.847157
0.988548 0.847085
0.988545 0.847013
0.988542 0.84694
0.988538 0.846868
0.988535 0.846795
0.988532 0.846722
0.988528 0.846649
0.988525 0.846576
0.988521 0.846503
0.988518 0.846429
0.988515 0.846356
0.988511 0.846282
0.988508 0.846208
0.988504 0.846134
0.988501 0.84606
0.988498 0.845986
0.988494 0.845911
0.988491 0.845837
0.988487 0.845762
0.988484 0.845687
0.98848 0.845612
0.988477 0.845537
0.988473 0.845462
0.98847 0.845386
0.988466 0.845311
0.988463 0.845235
0.98846 0.845159
0.988456 0.845083
0.988452 0.845007
0.988449 0.844931
0.988445 0.844854
0.988442 0.844777
0.988438 0.844701
0.988435 0.844624
0.988431 0.844547
0.988428 0.844469
0.988424 0.844392
0.988421 0.844314
0.988417 0.844236
0.988413 0.844159
0.98841 0.844081
0.988406 0.844002
0.988403 0.843924
0.988399 0.843845
0.988395 0.843767
0.988392 0.843688
0.988388 0.843609
0.988385 0.84353
0.988381 0.84345
0.988377 0.843371
0.988374 0.843291
0.98837 0.843211
0.988366 0.843131
0.988363 0.843051
0.988359 0.842971
0.988355 0.84289
0.988351 0.842809
0.988348 0.842728
0.988344 0.842647
0.98834 0.842566
0.988337 0.842485
0.988333 0.842403
0.988329 0.842322
0.988325 0.84224
0.988322 0.842158
0.988318 0.842075
0.988314 0.841993
0.98831 0.84191
0.988306 0.841828
0.988303 0.841745
0.988299 0.841661
0.988295 0.841578
0.988291 0.841495
0.988287 0.841411
0.988283 0.841327
0.98828 0.841243
0.988276 0.841159
0.988272 0.841075
0.988268 0.84099
0.988264 0.840905
0.98826 0.84082
0.988256 0.840735
0.988252 0.84065
0.988249 0.840564
0.988245 0.840479
0.988241 0.840393
0.988237 0.840307
0.988233 0.84022
0.988229 0.840134
0.988225 0.840047
0.988221 0.83996
0.988217 0.839873
0.988213 0.839786
0.988209 0.839699
0.988205 0.839611
0.988201 0.839523
0.988197 0.839435
0.988193 0.839347
0.988189 0.839258
0.988185 0.83917
0.988181 0.839081
0.988177 0.838992
0.988173 0.838903
0.988169 0.838813
0.988164 0.838724
0.98816 0.838634
0.988156 0.838544
0.988152 0.838453
0.988148 0.838363
0.988144 0.838272
0.98814 0.838181
0.988136 0.83809
0.988131 0.837999
0.988127 0.837907
0.988123 0.837816
0.988119 0.837724
0.988115 0.837632
0.98811 0.837539
0.988106 0.837447
0.988102 0.837354
0.988098 0.837261
0.988093 0.837168
0.988089 0.837074
0.988085 0.83698
0.988081 0.836887
0.988076 0.836792
0.988072 0.836698
0.988068 0.836603
0.988063 0.836509
0.988059 0.836414
0.988055 0.836318
0.98805 0.836223
0.988046 0.836127
0.988042 0.836031
0.988037 0.835935
0.988033 0.835839
0.988029 0.835742
0.988024 0.835645
0.98802 0.835548
0.988015 0.835451
0.988011 0.835353
0.988006 0.835255
0.988002 0.835157
0.987997 0.835059
0.987993 0.83496
0.987989 0.834861
0.987984 0.834762
0.987979 0.834663
0.987975 0.834564
0.98797 0.834464
0.987966 0.834364
0.987961 0.834263
0.987957 0.834163
0.987952 0.834062
0.987948 0.833961
0.987943 0.83386
0.987938 0.833758
0.987934 0.833657
0.987929 0.833554
0.987925 0.833452
0.98792 0.83335
0.987915 0.833247
0.987911 0.833144
0.987906 0.83304
0.987901 0.832937
0.987896 0.832833
0.987892 0.832729
0.987887 0.832624
0.987882 0.83252
0.987877 0.832415
0.987873 0.832309
0.987868 0.832204
0.987863 0.832098
0.987858 0.831992
0.987854 0.831886
0.987849 0.831779
0.987844 0.831672
0.987839 0.831565
0.987834 0.831458
0.987829 0.83135
0.987824 0.831242
0.987819 0.831134
0.987815 0.831025
0.98781 0.830916
0.987805 0.830807
0.9878 0.830698
0.987795 0.830588
0.98779 0.830478
0.987785 0.830368
0.98778 0.830257
0.987775 0.830146
0.98777 0.830035
0.987765 0.829924
0.98776 0.829812
0.987755 0.8297
0.98775 0.829587
0.987744 0.829475
0.987739 0.829362
0.987734 0.829248
0.987729 0.829135
0.987724 0.829021
0.987719 0.828907
0.987714 0.828792
0.987708 0.828677
0.987703 0.828562
0.987698 0.828446
0.987693 0.828331
0.987688 0.828214
0.987682 0.828098
0.987677 0.827981
0.987672 0.827864
0.987667 0.827747
0.987661 0.827629
0.987656 0.827511
0.987651 0.827392
0.987645 0.827274
0.98764 0.827155
0.987634 0.827035
0.987629 0.826915
0.987624 0.826795
0.987618 0.826675
0.987613 0.826554
0.987607 0.826433
0.987602 0.826311
0.987596 0.82619
0.987591 0.826067
0.987585 0.825945
0.98758 0.825822
0.987574 0.825699
0.987569 0.825575
0.987563 0.825451
0.987558 0.825327
0.987552 0.825202
0.987546 0.825077
0.987541 0.824952
0.987535 0.824826
0.987529 0.8247
0.987524 0.824574
0.987518 0.824447
0.987512 0.82432
0.987507 0.824192
0.987501 0.824064
0.987495 0.823936
0.987489 0.823807
0.987483 0.823678
0.987478 0.823548
0.987472 0.823418
0.987466 0.823288
0.98746 0.823157
0.987454 0.823026
0.987448 0.822895
0.987442 0.822763
0.987436 0.822631
0.987431 0.822498
0.987425 0.822365
0.987419 0.822232
0.987413 0.822098
0.987407 0.821964
0.987401 0.821829
0.987394 0.821694
0.987388 0.821558
0.987382 0.821422
0.987376 0.821286
0.98737 0.821149
0.987364 0.821012
0.987358 0.820874
0.987352 0.820736
0.987345 0.820598
0.987339 0.820459
0.987333 0.82032
0.987327 0.82018
0.98732 0.82004
0.987314 0.819899
0.987308 0.819758
0.987301 0.819617
0.987295 0.819475
0.987289 0.819332
0.987282 0.819189
0.987276 0.819046
0.98727 0.818902
0.987263 0.818758
0.987257 0.818613
0.98725 0.818468
0.987244 0.818322
0.987237 0.818176
0.987231 0.81803
0.987224 0.817883
0.987217 0.817735
0.987211 0.817587
0.987204 0.817439
0.987197 0.81729
0.987191 0.81714
0.987184 0.81699
0.987177 0.81684
0.987171 0.816689
0.987164 0.816538
0.987157 0.816386
0.98715 0.816233
0.987144 0.81608
0.987137 0.815927
0.98713 0.815773
0.987123 0.815619
0.987116 0.815464
0.987109 0.815308
0.987102 0.815152
0.987095 0.814996
0.987088 0.814839
0.987081 0.814681
0.987074 0.814523
0.987067 0.814364
0.98706 0.814205
0.987053 0.814045
0.987046 0.813885
0.987039 0.813724
0.987031 0.813563
0.987024 0.813401
0.987017 0.813238
0.98701 0.813075
0.987002 0.812912
0.986995 0.812748
0.986988 0.812583
0.98698 0.812418
0.986973 0.812252
0.986966 0.812085
0.986958 0.811918
0.986951 0.811751
0.986943 0.811582
0.986936 0.811414
0.986928 0.811244
0.986921 0.811074
0.986913 0.810904
0.986906 0.810732
0.986898 0.810561
0.98689 0.810388
0.986883 0.810215
0.986875 0.810041
0.986867 0.809867
0.986859 0.809692
0.986852 0.809517
0.986844 0.809341
0.986836 0.809164
0.986828 0.808986
0.98682 0.808808
0.986812 0.808629
0.986804 0.80845
0.986796 0.80827
0.986788 0.808089
0.98678 0.807908
0.986772 0.807726
0.986764 0.807543
0.986756 0.80736
0.986748 0.807176
0.98674 0.806991
0.986731 0.806806
0.986723 0.80662
0.986715 0.806433
0.986707 0.806245
0.986698 0.806057
0.98669 0.805868
0.986682 0.805678
0.986673 0.805488
0.986665 0.805297
0.986656 0.805105
0.986648 0.804913
0.986639 0.804719
0.986631 0.804525
0.986622 0.804331
0.986613 0.804135
0.986605 0.803939
0.986596 0.803742
0.986587 0.803544
0.986578 0.803346
0.98657 0.803146
0.986561 0.802946
0.986552 0.802746
0.986543 0.802544
0.986534 0.802342
0.986525 0.802138
0.986516 0.801934
0.986507 0.80173
0.986498 0.801524
0.986489 0.801318
0.98648 0.80111
0.986471 0.800902
0.986461 0.800693
0.986452 0.800484
0.986443 0.800273
0.986434 0.800062
0.986424 0.799849
0.986415 0.799636
0.986405 0.799422
0.986396 0.799208
0.986386 0.798992
0.986377 0.798775
0.986367 0.798558
0.986358 0.798339
0.986348 0.79812
0.986338 0.7979
0.986329 0.797679
0.986319 0.797457
0.986309 0.797234
0.986299 0.79701
0.986289 0.796786
0.986279 0.79656
0.986269 0.796333
0.986259 0.796106
0.986249 0.795877
0.986239 0.795648
0.986229 0.795417
0.986219 0.795186
0.986209 0.794954
0.986198 0.79472
0.986188 0.794486
0.986178 0.794251
0.986167 0.794014
0.986157 0.793777
0.986146 0.793539
0.986136 0.793299
0.986125 0.793059
0.986115 0.792817
0.986104 0.792575
0.986093 0.792331
0.986083 0.792087
0.986072 0.791841
0.986061 0.791594
0.98605 0.791346
0.986039 0.791097
0.986028 0.790847
0.986017 0.790596
0.986006 0.790344
0.985995 0.790091
0.985984 0.789836
0.985973 0.789581
0.985961 0.789324
0.98595 0.789066
0.985939 0.788807
0.985927 0.788547
0.985916 0.788285
0.985904 0.788023
0.985893 0.787759
0.985881 0.787494
0.98587 0.787228
0.985858 0.78696
0.985846 0.786692
0.985834 0.786422
0.985822 0.786151
0.985811 0.785879
0.985799 0.785605
0.985786 0.78533
0.985774 0.785054
0.985762 0.784777
0.98575 0.784498
0.985738 0.784218
0.985726 0.783937
0.985713 0.783654
0.985701 0.78337
0.985688 0.783085
0.985676 0.782798
0.985663 0.78251
0.98565 0.782221
0.985638 0.78193
0.985625 0.781638
0.985612 0.781345
0.985599 0.78105
0.985586 0.780753
0.985573 0.780456
0.98556 0.780156
0.985547 0.779856
0.985534 0.779554
0.985521 0.77925
0.985507 0.778945
0.985494 0.778638
0.98548 0.77833
0.985467 0.778021
0.985453 0.777709
0.98544 0.777397
0.985426 0.777083
0.985412 0.776767
0.985398 0.776449
0.985384 0.77613
0.98537 0.77581
0.985356 0.775488
0.985342 0.775164
0.985328 0.774839
0.985314 0.774511
0.985299 0.774183
0.985285 0.773852
0.98527 0.77352
0.985256 0.773187
0.985241 0.772851
0.985227 0.772514
0.985212 0.772175
0.985197 0.771834
0.985182 0.771492
0.985167 0.771148
0.985152 0.770802
0.985137 0.770454
0.985121 0.770104
0.985106 0.769753
0.985091 0.769399
0.985075 0.769044
0.98506 0.768687
0.985044 0.768328
0.985028 0.767967
0.985013 0.767604
0.984997 0.76724
0.984981 0.766873
0.984965 0.766504
0.984948 0.766134
0.984932 0.765761
0.984916 0.765386
0.9849 0.76501
0.984883 0.764631
0.984866 0.76425
0.98485 0.763867
0.984833 0.763482
0.984816 0.763095
0.984799 0.762706
0.984782 0.762314
0.984765 0.761921
0.984748 0.761525
0.98473 0.761127
0.984713 0.760727
0.984695 0.760324
0.984678 0.75992
0.98466 0.759513
0.984642 0.759103
0.984624 0.758692
0.984606 0.758278
0.984588 0.757862
0.98457 0.757443
0.984552 0.757022
0.984533 0.756598
0.984515 0.756172
0.984496 0.755744
0.984477 0.755313
0.984458 0.75488
0.984439 0.754444
0.98442 0.754006
0.984401 0.753565
0.984382 0.753121
0.984362 0.752675
0.984343 0.752226
0.984323 0.751774
0.984304 0.75132
0.984284 0.750863
0.984264 0.750404
0.984244 0.749942
0.984223 0.749476
0.984203 0.749009
0.984182 0.748538
0.984162 0.748064
0.984141 0.747588
0.98412 0.747108
0.984099 0.746626
0.984078 0.746141
0.984057 0.745653
0.984035 0.745162
0.984014 0.744667
0.983992 0.74417
0.98397 0.74367
0.983949 0.743166
0.983926 0.74266
0.983904 0.74215
0.983882 0.741637
0.983859 0.741121
0.983837 0.740601
0.983814 0.740079
0.983791 0.739552
0.983768 0.739023
0.983745 0.73849
0.983721 0.737954
0.983698 0.737415
0.983674 0.736871
0.98365 0.736325
0.983626 0.735775
0.983602 0.735221
0.983578 0.734664
0.983553 0.734103
0.983529 0.733538
0.983504 0.73297
0.983479 0.732398
0.983454 0.731822
0.983429 0.731243
0.983403 0.730659
0.983378 0.730072
0.983352 0.729481
0.983326 0.728885
0.9833 0.728286
0.983273 0.727683
0.983247 0.727076
0.98322 0.726464
0.983193 0.725849
0.983166 0.725229
0.983139 0.724605
0.983111 0.723977
0.983084 0.723344
0.983056 0.722707
0.983028 0.722066
0.982999 0.72142
0.982971 0.72077
0.982942 0.720115
0.982913 0.719456
0.982884 0.718792
0.982855 0.718124
0.982826 0.71745
0.982796 0.716772
0.982766 0.71609
0.982736 0.715402
0.982705 0.714709
0.982675 0.714012
0.982644 0.713309
0.982613 0.712602
0.982582 0.711889
0.98255 0.711172
0.982518 0.710449
0.982486 0.70972
0.982454 0.708987
0.982422 0.708248
0.982389 0.707504
0.982356 0.706754
0.982323 0.705999
0.982289 0.705238
0.982255 0.704471
0.982221 0.703699
0.982187 0.702921
0.982152 0.702138
0.982118 0.701348
0.982082 0.700553
0.982047 0.699751
0.982011 0.698944
0.981975 0.69813
0.981939 0.69731
0.981903 0.696484
0.981866 0.695652
0.981829 0.694813
0.981791 0.693968
0.981754 0.693116
0.981715 0.692258
0.981677 0.691393
0.981638 0.690522
0.981599 0.689643
0.98156 0.688758
0.98152 0.687866
0.98148 0.686967
0.98144 0.686061
0.981399 0.685147
0.981358 0.684227
0.981317 0.683299
0.981275 0.682364
0.981233 0.681421
0.981191 0.680471
0.981148 0.679513
0.981105 0.678548
0.981061 0.677575
0.981017 0.676594
0.980973 0.675604
0.980928 0.674607
0.980883 0.673602
0.980838 0.672589
0.980792 0.671567
0.980745 0.670537
0.980699 0.669499
0.980651 0.668452
0.980604 0.667396
0.980556 0.666332
0.980507 0.665259
0.980458 0.664177
0.980409 0.663085
0.980359 0.661985
0.980309 0.660876
0.980258 0.659757
0.980207 0.658629
0.980155 0.657491
0.980103 0.656344
0.98005 0.655187
0.979997 0.65402
0.979943 0.652843
0.979889 0.651656
0.979834 0.650459
0.979779 0.649252
0.979723 0.648035
0.979667 0.646807
0.97961 0.645568
0.979553 0.644319
0.979494 0.643059
0.979436 0.641788
0.979377 0.640506
0.979317 0.639213
0.979256 0.637908
0.979195 0.636592
0.979134 0.635265
0.979072 0.633926
0.979009 0.632575
0.978945 0.631213
0.978881 0.629838
0.978816 0.628451
0.978751 0.627052
0.978684 0.625641
0.978618 0.624217
0.97855 0.622781
0.978482 0.621331
0.978413 0.619869
0.978343 0.618394
0.978272 0.616905
0.978201 0.615404
0.978129 0.613889
0.978056 0.61236
0.977983 0.610817
0.977908 0.609261
0.977833 0.607691
0.977757 0.606107
0.97768 0.604508
0.977603 0.602895
0.977524 0.601267
0.977445 0.599625
0.977364 0.597968
0.977283 0.596296
0.977201 0.594609
0.977118 0.592906
0.977034 0.591188
0.976949 0.589455
0.976863 0.587706
0.976776 0.585941
0.976688 0.58416
0.976599 0.582363
0.976509 0.58055
0.976418 0.57872
0.976326 0.576874
0.976233 0.575011
0.976138 0.573131
0.976043 0.571235
0.975946 0.569321
0.975848 0.56739
0.97575 0.565441
0.975649 0.563475
0.975548 0.561492
0.975446 0.55949
0.975342 0.557471
0.975237 0.555433
0.97513 0.553377
0.975023 0.551303
0.974914 0.549211
0.974803 0.5471
0.974691 0.54497
0.974578 0.542821
0.974464 0.540654
0.974348 0.538467
0.97423 0.536261
0.974111 0.534036
0.973991 0.531791
0.973869 0.529527
0.973745 0.527243
0.97362 0.52494
0.973493 0.522617
0.973364 0.520273
0.973234 0.51791
0.973102 0.515527
0.972969 0.513124
0.972833 0.5107
0.972696 0.508257
0.972557 0.505793
0.972417 0.503308
0.972274 0.500803
0.972129 0.498278
0.971983 0.495732
0.971834 0.493166
0.971684 0.490579
0.971531 0.487972
0.971377 0.485344
0.97122 0.482695
0.971061 0.480026
0.9709 0.477337
0.970737 0.474627
0.970571 0.471897
0.970403 0.469146
0.970233 0.466375
0.970061 0.463583
0.969886 0.460772
0.969708 0.45794
0.969529 0.455089
0.969346 0.452217
0.969161 0.449326
0.968974 0.446416
0.968784 0.443486
0.968591 0.440536
0.968395 0.437568
0.968197 0.434581
0.967995 0.431575
0.967791 0.42855
0.967584 0.425508
0.967374 0.422447
0.967161 0.419369
0.966945 0.416273
0.966726 0.41316
0.966504 0.41003
0.966278 0.406884
0.96605 0.403721
0.965817 0.400543
0.965582 0.397349
0.965343 0.39414
0.965101 0.390917
0.964855 0.387679
0.964605 0.384428
0.964352 0.381163
0.964095 0.377886
0.963835 0.374595
0.963571 0.371294
0.963302 0.36798
0.96303 0.364656
0.962754 0.361322
0.962474 0.357978
0.96219 0.354624
0.961901 0.351262
0.961609 0.347893
0.961312 0.344516
0.961011 0.341132
0.960705 0.337742
0.960395 0.334347
0.960081 0.330947
0.959762 0.327543
0.959438 0.324136
0.959109 0.320727
0.958776 0.317315
0.958438 0.313903
0.958095 0.31049
0.957747 0.307077
0.957394 0.303666
0.957036 0.300257
0.956673 0.29685
0.956304 0.293447
0.955931 0.290048
0.955552 0.286654
0.955167 0.283266
0.954777 0.279884
0.954382 0.27651
0.95398 0.273145
0.953574 0.269788
0.953161 0.266441
0.952743 0.263105
0.952319 0.25978
0.951889 0.256467
0.951452 0.253168
0.95101 0.249882
0.950562 0.24661
0.950108 0.243354
0.949647 0.240114
0.94918 0.236891
0.948706 0.233685
0.948227 0.230497
0.94774 0.227328
0.947247 0.224179
0.946748 0.221049
0.946242 0.217941
0.945729 0.214855
0.945209 0.21179
0.944683 0.208748
0.944149 0.20573
0.943609 0.202736
0.943061 0.199766
0.942507 0.196821
0.941945 0.193901
0.941376 0.191008
0.9408 0.188141
0.940217 0.185301
0.939626 0.182488
0.939028 0.179704
0.938423 0.176947
0.93781 0.174219
0.937189 0.171519
0.936561 0.168849
0.935926 0.166208
0.935282 0.163597
0.934631 0.161016
0.933972 0.158465
0.933305 0.155944
0.932631 0.153454
0.931948 0.150995
0.931258 0.148567
0.93056 0.146169
0.929853 0.143803
0.929139 0.141467
0.928417 0.139163
0.927686 0.13689
0.926947 0.134648
0.9262 0.132438
0.925445 0.130258
0.924682 0.12811
0.92391 0.125993
0.92313 0.123907
0.922342 0.121852
0.921545 0.119827
0.92074 0.117833
0.919927 0.11587
0.919105 0.113937
0.918274 0.112034
0.917435 0.110161
0.916588 0.108319
0.915732 0.106505
0.914867 0.104721
0.913994 0.102966
0.913112 0.10124
0.912222 0.0995431
0.911323 0.0978742
0.910415 0.0962334
0.909499 0.0946205
0.908574 0.0930351
0.90764 0.091477
0.906698 0.0899459
0.905746 0.0884415
0.904786 0.0869634
0.903818 0.0855114
0.90284 0.0840851
0.901854 0.0826842
0.900859 0.0813085
0.899855 0.0799574
0.898842 0.0786309
0.897821 0.0773284
0.89679 0.0760497
0.895751 0.0747944
0.894703 0.0735622
0.893646 0.0723528
0.89258 0.0711657
0.891506 0.0700008
0.890422 0.0688576
0.88933 0.0677358
0.888228 0.0666351
0.887118 0.0655551
0.885999 0.0644955
0.884871 0.0634559
0.883735 0.0624361
0.882589 0.0614358
0.881434 0.0604545
0.880271 0.0594919
0.879098 0.0585478
0.877917 0.0576218
0.876727 0.0567136
0.875528 0.0558229
0.87432 0.0549493
0.873103 0.0540926
0.871878 0.0532525
0.870643 0.0524287
0.869399 0.0516208
0.868147 0.0508286
0.866886 0.0500518
0.865616 0.0492901
0.864337 0.0485432
0.863049 0.0478108
0.861752 0.0470928
0.860447 0.0463887
0.859132 0.0456983
0.857809 0.0450214
0.856477 0.0443577
0.855136 0.043707
0.853787 0.0430689
0.852428 0.0424434
0.851061 0.04183
0.849685 0.0412286
0.8483 0.0406389
0.846906 0.0400608
0.845503 0.0394939
0.844092 0.0389381
0.842672 0.0383932
0.841243 0.0378589
0.839806 0.037335
0.838359 0.0368213
0.836904 0.0363176
0.83544 0.0358237
0.833968 0.0353394
0.832487 0.0348645
0.830997 0.0343989
0.829498 0.0339423
0.827991 0.0334946
0.826475 0.0330555
0.82495 0.032625
0.823417 0.0322028
0.821875 0.0317887
0.820325 0.0313827
0.818766 0.0309845
0.817198 0.0305941
0.815622 0.0302111
0.814037 0.0298355
0.812443 0.0294672
0.810842 0.0291059
0.809231 0.0287516
0.807612 0.0284041
0.805984 0.0280633
0.804348 0.027729
0.802704 0.0274011
0.801051 0.0270795
0.799389 0.026764
0.797719 0.0264546
0.796041 0.026151
0.794354 0.0258533
0.792659 0.0255612
0.790956 0.0252747
0.789244 0.0249936
0.787523 0.0247179
0.785795 0.0244474
0.784058 0.0241821
0.782313 0.0239218
0.780559 0.0236664
0.778798 0.0234159
0.777028 0.0231701
0.775249 0.0229289
0.773463 0.0226923
0.771668 0.0224602
0.769865 0.0222324
0.768054 0.022009
0.766235 0.0217897
0.764408 0.0215746
0.762573 0.0213636
0.760729 0.0211565
0.758878 0.0209533
0.757018 0.020754
0.755151 0.0205584
0.753276 0.0203665
0.751392 0.0201782
0.749501 0.0199934
0.747601 0.0198121
0.745694 0.0196343
0.743779 0.0194597
0.741856 0.0192885
0.739926 0.0191205
0.737987 0.0189556
0.736041 0.0187939
0.734087 0.0186352
0.732125 0.0184795
0.730156 0.0183267
0.728179 0.0181768
0.726194 0.0180298
0.724202 0.0178855
0.722202 0.017744
0.720195 0.0176052
0.71818 0.017469
0.716158 0.0173354
0.714128 0.0172043
0.712091 0.0170757
0.710047 0.0169496
0.707995 0.0168259
0.705936 0.0167046
0.70387 0.0165856
0.701796 0.0164689
0.699716 0.0163544
0.697628 0.0162422
0.695533 0.0161321
0.693431 0.0160242
0.691322 0.0159184
0.689206 0.0158147
0.687083 0.015713
0.684953 0.0156133
0.682816 0.0155155
0.680673 0.0154197
0.678523 0.0153259
0.676366 0.0152339
0.674202 0.0151437
0.672032 0.0150553
0.669855 0.0149688
0.667672 0.014884
0.665482 0.0148009
0.663286 0.0147196
0.661084 0.0146399
0.658875 0.0145619
0.65666 0.0144855
0.654438 0.0144108
0.652211 0.0143376
0.649978 0.014266
0.647738 0.0141959
0.645493 0.0141273
0.643241 0.0140602
0.640984 0.0139946
0.638721 0.0139305
0.636452 0.0138677
0.634178 0.0138064
0.631898 0.0137465
0.629612 0.013688
0.627322 0.0136308
0.625025 0.0135749
0.622724 0.0135204
0.620417 0.0134672
0.618105 0.0134152
0.615788 0.0133646
0.613465 0.0133151
0.611138 0.013267
0.608806 0.01322
0.60647 0.0131743
0.604128 0.0131297
0.601782 0.0130863
0.599431 0.0130441
0.597076 0.013003
0.594717 0.0129631
0.592353 0.0129243
0.589985 0.0128866
0.587613 0.01285
0.585236 0.0128145
0.582856 0.0127801
0.580472 0.0127467
0.578084 0.0127144
0.575693 0.0126831
0.573297 0.0126529
0.570899 0.0126236
0.568497 0.0125954
0.566092 0.0125682
0.563683 0.012542
0.561271 0.0125168
0.558857 0.0124925
0.556439 0.0124692
0.554019 0.0124468
0.551596 0.0124254
0.54917 0.012405
0.546742 0.0123854
0.544311 0.0123668
0.541878 0.0123491
0.539443 0.0123323
0.537006 0.0123164
0.534567 0.0123014
0.532126 0.0122873
0.529684 0.012274
0.52724 0.0122616
0.524794 0.0122501
0.522347 0.0122395
0.519898 0.0122297
0.517449 0.0122207
0.514998 0.0122126
0.512547 0.0122053
0.510094 0.0121989
0.507641 0.0121933
0.505188 0.0121885
0.502734 0.0121845
0.50028 0.0121813
0.497825 0.012179
0.495371 0.0121774
0.492916 0.0121766
0.490462 0.0121767
0.488008 0.0121775
0.485554 0.0121791
0.483101 0.0121815
0.480649 0.0121846
0.478197 0.0121886
0.475747 0.0121933
0.473297 0.0121987
0.470849 0.012205
0.468402 0.012212
0.465957 0.0122197
0.463513 0.0122282
0.461071 0.0122375
0.458631 0.0122475
0.456192 0.0122583
0.453756 0.0122698
0.451322 0.012282
0.448891 0.012295
0.446462 0.0123087
0.444035 0.0123232
0.441612 0.0123384
0.439191 0.0123543
0.436773 0.0123709
0.434359 0.0123883
0.431948 0.0124064
0.42954 0.0124253
0.427136 0.0124448
0.424736 0.0124651
0.422339 0.0124861
0.419946 0.0125078
0.417558 0.0125303
0.415173 0.0125534
0.412794 0.0125773
0.410418 0.0126019
0.408047 0.0126272
0.405681 0.0126532
0.40332 0.01268
0.400964 0.0127074
0.398613 0.0127356
0.396267 0.0127644
0.393926 0.012794
0.391591 0.0128243
0.389262 0.0128553
0.386938 0.012887
0.384621 0.0129194
0.382309 0.0129525
0.380003 0.0129864
0.377704 0.0130209
0.375411 0.0130562
0.373124 0.0130921
0.370844 0.0131288
0.368571 0.0131662
0.366304 0.0132043
0.364045 0.013243
0.361792 0.0132825
0.359547 0.0133228
0.357309 0.0133637
0.355078 0.0134053
0.352854 0.0134476
0.350639 0.0134907
0.34843 0.0135345
0.34623 0.0135789
0.344038 0.0136241
0.341853 0.01367
0.339677 0.0137166
0.337509 0.0137639
0.335349 0.013812
0.333197 0.0138607
0.331054 0.0139102
0.328919 0.0139604
0.326793 0.0140112
0.324676 0.0140629
0.322568 0.0141152
0.320468 0.0141682
0.318378 0.014222
0.316296 0.0142765
0.314224 0.0143317
0.31216 0.0143876
0.310106 0.0144442
0.308062 0.0145016
0.306027 0.0145597
0.304001 0.0146185
0.301985 0.0146781
0.299978 0.0147383
0.297981 0.0147993
0.295994 0.014861
0.294017 0.0149235
0.29205 0.0149867
0.290092 0.0150506
0.288145 0.0151152
0.286207 0.0151806
0.28428 0.0152467
0.282363 0.0153135
0.280456 0.0153811
0.278559 0.0154494
0.276672 0.0155185
0.274796 0.0155883
0.27293 0.0156588
0.271075 0.0157301
0.26923 0.0158021
0.267395 0.0158748
0.265571 0.0159483
0.263757 0.0160226
0.261954 0.0160975
0.260162 0.0161733
0.25838 0.0162497
0.256609 0.016327
0.254848 0.0164049
0.253099 0.0164837
0.251359 0.0165631
0.249631 0.0166434
0.247913 0.0167243
0.246206 0.0168061
0.24451 0.0168885
0.242824 0.0169718
0.241149 0.0170558
0.239486 0.0171405
0.237832 0.017226
0.23619 0.0173123
0.234558 0.0173993
0.232937 0.0174871
0.231327 0.0175756
0.229728 0.017665
0.228139 0.017755
0.226562 0.0178459
0.224995 0.0179375
0.223438 0.0180298
0.221893 0.0181229
0.220358 0.0182168
0.218834 0.0183115
0.21732 0.0184069
0.215818 0.0185031
0.214326 0.0186001
0.212844 0.0186979
0.211374 0.0187964
0.209913 0.0188956
0.208464 0.0189957
0.207025 0.0190965
0.205596 0.0191981
0.204178 0.0193005
0.202771 0.0194037
0.201374 0.0195076
0.199987 0.0196123
0.198611 0.0197178
0.197245 0.019824
0.195889 0.0199311
0.194544 0.0200389
0.193209 0.0201475
0.191884 0.0202568
0.19057 0.020367
0.189265 0.0204779
0.187971 0.0205896
0.186687 0.0207021
0.185413 0.0208154
0.184148 0.0209294
0.182894 0.0210442
0.18165 0.0211598
0.180415 0.0212762
0.179191 0.0213934
0.177976 0.0215114
0.176771 0.0216301
0.175575 0.0217497
0.174389 0.02187
0.173213 0.0219911
0.172046 0.0221129
0.170889 0.0222356
0.169742 0.022359
0.168603 0.0224833
0.167474 0.0226083
0.166355 0.0227341
0.165244 0.0228607
0.164143 0.022988
0.163051 0.0231162
0.161968 0.0232451
0.160894 0.0233749
0.159829 0.0235054
0.158774 0.0236367
0.157726 0.0237688
0.156688 0.0239016
0.155659 0.0240353
0.154638 0.0241697
0.153626 0.0243049
0.152623 0.0244409
0.151628 0.0245777
0.150641 0.0247153
0.149664 0.0248537
0.148694 0.0249928
0.147733 0.0251327
0.14678 0.0252734
0.145836 0.0254149
0.144899 0.0255572
0.143971 0.0257003
0.143051 0.0258441
0.142138 0.0259887
0.141234 0.0261341
0.140338 0.0262803
0.139449 0.0264273
0.138568 0.0265751
0.137695 0.0267236
0.13683 0.0268729
0.135972 0.027023
0.135122 0.0271739
0.13428 0.0273256
0.133444 0.027478
0.132617 0.0276312
0.131796 0.0277852
0.130983 0.02794
0.130177 0.0280955
0.129378 0.0282519
0.128587 0.028409
0.127802 0.0285669
0.127025 0.0287255
0.126254 0.028885
0.12549 0.0290452
0.124733 0.0292062
0.123983 0.0293679
0.12324 0.0295305
0.122503 0.0296938
0.121773 0.0298579
0.12105 0.0300227
0.120333 0.0301883
0.119623 0.0303547
0.118919 0.0305219
0.118221 0.0306899
0.11753 0.0308586
0.116845 0.031028
0.116166 0.0311983
0.115493 0.0313693
0.114826 0.0315411
0.114166 0.0317136
0.113511 0.031887
0.112863 0.032061
0.11222 0.0322359
0.111583 0.0324115
0.110952 0.0325879
0.110327 0.032765
0.109707 0.0329429
0.109093 0.0331216
0.108485 0.033301
0.107882 0.0334812
0.107285 0.0336621
0.106693 0.0338439
0.106107 0.0340263
0.105526 0.0342095
0.10495 0.0343935
0.104379 0.0345783
0.103814 0.0347638
0.103254 0.03495
0.102699 0.035137
0.10215 0.0353248
0.101605 0.0355133
0.101065 0.0357026
0.10053 0.0358926
0.1 0.0360834
0.0994753 0.0362749
0.0989551 0.0364672
0.0984397 0.0366603
0.097929 0.036854
0.097423 0.0370486
0.0969217 0.0372439
0.096425 0.0374399
0.0959329 0.0376367
0.0954452 0.0378342
0.0949621 0.0380325
0.0944834 0.0382315
0.0940092 0.0384312
0.0935393 0.0386318
0.0930737 0.038833
0.0926124 0.039035
0.0921554 0.0392378
0.0917025 0.0394412
0.0912539 0.0396455
0.0908094 0.0398504
0.090369 0.0400562
0.0899326 0.0402626
0.0895003 0.0404698
0.0890719 0.0406777
0.0886475 0.0408864
0.088227 0.0410958
0.0878104 0.041306
0.0873977 0.0415169
0.0869887 0.0417285
0.0865835 0.0419409
0.0861821 0.042154
0.0857843 0.0423678
0.0853903 0.0425824
0.0849998 0.0427977
0.084613 0.0430138
0.0842297 0.0432305
0.08385 0.0434481
0.0834738 0.0436663
0.083101 0.0438853
0.0827317 0.044105
0.0823658 0.0443255
0.0820033 0.0445467
0.0816441 0.0447686
0.0812882 0.0449912
0.0809357 0.0452146
0.0805863 0.0454388
0.0802403 0.0456636
0.0798974 0.0458892
0.0795576 0.0461155
0.079221 0.0463426
0.0788875 0.0465703
0.0785571 0.0467989
0.0782298 0.0470281
0.0779055 0.0472581
0.0775841 0.0474888
0.0772658 0.0477202
0.0769504 0.0479524
0.0766379 0.0481853
0.0763283 0.0484189
0.0760215 0.0486533
0.0757176 0.0488884
0.0754165 0.0491242
0.0751182 0.0493607
0.0748226 0.049598
0.0745298 0.049836
0.0742397 0.0500748
0.0739523 0.0503143
0.0736675 0.0505545
0.0733854 0.0507954
0.0731059 0.0510371
0.0728289 0.0512795
0.0725546 0.0515227
0.0722828 0.0517665
0.0720135 0.0520111
0.0717467 0.0522565
0.0714824 0.0525026
0.0712205 0.0527494
0.070961 0.0529969
0.070704 0.0532452
0.0704494 0.0534942
0.0701971 0.053744
0.0699472 0.0539944
0.0696996 0.0542457
0.0694543 0.0544976
0.0692112 0.0547503
0.0689705 0.0550037
0.068732 0.0552579
0.0684957 0.0555128
0.0682616 0.0557685
0.0680297 0.0560249
0.0678 0.056282
0.0675724 0.0565399
0.0673469 0.0567985
0.0671235 0.0570579
0.0669023 0.057318
0.0666831 0.0575788
0.0664659 0.0578404
0.0662508 0.0581028
0.0660377 0.0583658
0.0658266 0.0586297
0.0656175 0.0588943
0.0654104 0.0591596
0.0652052 0.0594257
0.0650019 0.0596925
0.0648005 0.0599601
0.0646011 0.0602285
0.0644035 0.0604976
0.0642078 0.0607674
0.064014 0.061038
0.0638219 0.0613094
0.0636317 0.0615815
0.0634433 0.0618544
0.0632567 0.0621281
0.0630719 0.0624025
0.0628888 0.0626777
0.0627075 0.0629537
0.0625279 0.0632304
0.06235 0.0635079
0.0621738 0.0637861
0.0619993 0.0640651
0.0618264 0.0643449
0.0616552 0.0646255
0.0614857 0.0649069
0.0613178 0.065189
0.0611515 0.0654719
0.0609868 0.0657556
0.0608237 0.0660401
0.0606622 0.0663253
0.0605022 0.0666114
0.0603438 0.0668982
0.060187 0.0671858
0.0600316 0.0674743
0.0598778 0.0677635
0.0597255 0.0680535
0.0595746 0.0683443
0.0594253 0.0686359
0.0592774 0.0689283
0.0591309 0.0692215
0.0589859 0.0695155
0.0588424 0.0698103
0.0587002 0.070106
0.0585595 0.0704024
0.0584202 0.0706997
0.0582822 0.0709977
0.0581456 0.0712966
0.0580104 0.0715963
0.0578766 0.0718969
0.057744 0.0721982
0.0576129 0.0725004
0.057483 0.0728035
0.0573545 0.0731073
0.0572272 0.073412
0.0571013 0.0737175
0.0569766 0.0740239
0.0568532 0.0743311
0.0567311 0.0746392
0.0566102 0.0749481
0.0564906 0.0752579
0.0563722 0.0755685
0.056255 0.07588
0.0561391 0.0761923
0.0560243 0.0765055
0.0559108 0.0768196
0.0557985 0.0771345
0.0556873 0.0774504
0.0555773 0.0777671
0.0554685 0.0780846
0.0553608 0.0784031
0.0552543 0.0787224
0.0551489 0.0790427
0.0550447 0.0793638
0.0549415 0.0796858
0.0548395 0.0800087
0.0547386 0.0803326
0.0546388 0.0806573
0.0545401 0.0809829
0.0544425 0.0813095
0.054346 0.081637
0.0542505 0.0819654
0.0541561 0.0822947
0.0540627 0.082625
0.0539704 0.0829561
0.0538792 0.0832883
0.053789 0.0836213
0.0536998 0.0839553
0.0536116 0.0842903
0.0535244 0.0846262
0.0534383 0.0849631
0.0533531 0.0853009
0.053269 0.0856397
0.0531858 0.0859795
0.0531036 0.0863202
0.0530224 0.0866619
0.0529421 0.0870047
0.0528629 0.0873483
0.0527845 0.087693
0.0527072 0.0880387
0.0526307 0.0883854
0.0525553 0.0887331
0.0524807 0.0890818
0.0524071 0.0894315
0.0523344 0.0897823
0.0522626 0.0901341
0.0521917 0.0904869
0.0521217 0.0908407
0.0520527 0.0911956
0.0519845 0.0915516
0.0519172 0.0919085
0.0518508 0.0922666
0.0517853 0.0926257
0.0517207 0.0929859
0.0516569 0.0933471
0.051594 0.0937095
0.0515319 0.0940729
0.0514707 0.0944374
0.0514104 0.094803
0.0513509 0.0951697
0.0512922 0.0955376
0.0512344 0.0959065
0.0511774 0.0962766
0.0511213 0.0966478
0.0510659 0.0970201
0.0510114 0.0973936
0.0509577 0.0977682
0.0509048 0.098144
0.0508528 0.0985209
0.0508015 0.098899
0.050751 0.0992782
0.0507013 0.0996587
0.0506524 0.10004
0.0506043 0.100423
0.050557 0.100807
0.0505104 0.101192
0.0504647 0.101579
0.0504197 0.101967
0.0503755 0.102355
0.050332 0.102746
0.0502893 0.103137
0.0502474 0.10353
0.0502062 0.103924
0.0501657 0.104319
0.0501261 0.104715
0.0500871 0.105113
0.0500489 0.105512
0.0500115 0.105912
0.0499748 0.106314
0.0499388 0.106717
0.0499035 0.107121
0.049869 0.107527
0.0498352 0.107933
0.0498021 0.108342
0.0497697 0.108751
0.0497381 0.109162
0.0497072 0.109575
0.0496769 0.109988
0.0496474 0.110404
0.0496186 0.11082
0.0495905 0.111238
0.0495631 0.111657
0.0495364 0.112078
0.0495104 0.112501
0.0494851 0.112924
0.0494605 0.113349
0.0494366 0.113776
0.0494133 0.114204
0.0493908 0.114634
0.0493689 0.115065
0.0493477 0.115497
0.0493272 0.115931
0.0493074 0.116367
0.0492883 0.116804
0.0492698 0.117243
0.049252 0.117683
0.0492349 0.118125
0.0492184 0.118569
0.0492026 0.119014
0.0491875 0.11946
0.049173 0.119909
0.0491593 0.120358
0.0491461 0.12081
0.0491337 0.121263
0.0491218 0.121718
0.0491107 0.122175
0.0491002 0.122633
0.0490904 0.123093
0.0490812 0.123554
0.0490726 0.124018
0.0490648 0.124483
0.0490575 0.12495
0.049051 0.125418
0.049045 0.125889
0.0490398 0.126361
0.0490351 0.126835
0.0490311 0.12731
0.0490278 0.127788
0.0490251 0.128268
0.0490231 0.128749
0.0490217 0.129232
0.0490209 0.129717
0.0490208 0.130204
0.0490214 0.130693
0.0490225 0.131184
0.0490243 0.131677
0.0490268 0.132171
0.0490299 0.132668
0.0490337 0.133167
0.049038 0.133668
0.0490431 0.13417
0.0490487 0.134675
0.049055 0.135182
0.049062 0.135691
0.0490696 0.136202
0.0490778 0.136715
0.0490867 0.13723
0.0490962 0.137747
0.0491063 0.138267
0.0491171 0.138789
0.0491286 0.139312
0.0491407 0.139839
0.0491534 0.140367
0.0491668 0.140897
0.0491808 0.14143
0.0491954 0.141965
0.0492107 0.142503
0.0492267 0.143042
0.0492433 0.143584
0.0492605 0.144129
0.0492784 0.144676
0.049297 0.145225
0.0493162 0.145776
0.049336 0.14633
0.0493565 0.146887
0.0493776 0.147446
0.0493994 0.148007
0.0494219 0.148571
0.049445 0.149138
0.0494688 0.149707
0.0494932 0.150279
0.0495183 0.150853
0.0495441 0.15143
0.0495705 0.152009
0.0495975 0.152592
0.0496253 0.153177
0.0496537 0.153764
0.0496828 0.154355
0.0497126 0.154948
0.049743 0.155544
0.0497741 0.156143
0.0498059 0.156744
0.0498383 0.157349
0.0498715 0.157956
0.0499053 0.158567
0.0499398 0.15918
0.049975 0.159796
0.0500109 0.160416
0.0500475 0.161038
0.0500848 0.161663
0.0501228 0.162292
0.0501615 0.162923
0.0502009 0.163558
0.0502409 0.164196
0.0502817 0.164837
0.0503232 0.165481
0.0503655 0.166129
0.0504084 0.16678
0.0504521 0.167434
0.0504965 0.168091
0.0505416 0.168752
0.0505874 0.169416
0.050634 0.170084
0.0506813 0.170755
0.0507293 0.17143
0.0507781 0.172108
0.0508277 0.17279
0.050878 0.173475
0.050929 0.174165
0.0509808 0.174857
0.0510334 0.175554
0.0510867 0.176254
0.0511408 0.176958
0.0511957 0.177666
0.0512513 0.178377
0.0513078 0.179093
0.051365 0.179812
0.051423 0.180536
0.0514818 0.181263
0.0515415 0.181995
0.0516019 0.18273
0.0516631 0.18347
0.0517252 0.184214
0.051788 0.184962
0.0518517 0.185714
0.0519163 0.186471
0.0519816 0.187232
0.0520478 0.187997
0.0521149 0.188767
0.0521828 0.189541
0.0522516 0.19032
0.0523212 0.191103
0.0523917 0.191891
0.0524631 0.192684
0.0525354 0.193481
0.0526085 0.194283
0.0526826 0.19509
0.0527576 0.195902
0.0528334 0.196718
0.0529102 0.197539
0.0529879 0.198366
0.0530666 0.199197
0.0531461 0.200034
0.0532267 0.200876
0.0533081 0.201723
0.0533906 0.202575
0.053474 0.203432
0.0535583 0.204295
0.0536437 0.205163
0.0537301 0.206037
0.0538174 0.206916
0.0539058 0.207801
0.0539951 0.208692
0.0540855 0.209588
0.054177 0.21049
0.0542694 0.211398
0.054363 0.212311
0.0544576 0.213231
0.0545532 0.214157
0.05465 0.215088
0.0547478 0.216026
0.0548467 0.21697
0.0549468 0.217921
0.0550479 0.218878
0.0551502 0.219841
0.0552537 0.22081
0.0553583 0.221787
0.055464 0.22277
0.055571 0.223759
0.0556791 0.224755
0.0557884 0.225759
0.0558989 0.226769
0.0560107 0.227786
0.0561236 0.22881
0.0562379 0.229841
0.0563533 0.23088
0.0564701 0.231926
0.0565882 0.232979
0.0567075 0.23404
0.0568282 0.235108
0.0569501 0.236184
0.0570735 0.237268
0.0571981 0.238359
0.0573242 0.239459
0.0574516 0.240566
0.0575804 0.241682
0.0577107 0.242805
0.0578424 0.243937
0.0579755 0.245077
0.0581101 0.246226
0.0582461 0.247383
0.0583837 0.248549
0.0585228 0.249724
0.0586634 0.250907
0.0588055 0.2521
0.0589492 0.253301
0.0590945 0.254512
0.0592414 0.255732
0.05939 0.256961
0.0595401 0.2582
0.059692 0.259448
0.0598455 0.260706
0.0600007 0.261973
0.0601576 0.263251
0.0603163 0.264539
0.0604767 0.265836
0.060639 0.267144
0.060803 0.268463
0.0609688 0.269791
0.0611366 0.271131
0.0613062 0.272481
0.0614777 0.273842
0.0616511 0.275214
0.0618265 0.276597
0.0620038 0.277991
0.0621832 0.279397
0.0623646 0.280814
0.062548 0.282243
0.0627335 0.283683
0.0629212 0.285136
0.0631109 0.2866
0.0633029 0.288076
0.063497 0.289565
0.0636933 0.291067
0.063892 0.29258
0.0640929 0.294107
0.0642961 0.295646
0.0645017 0.297199
0.0647096 0.298764
0.06492 0.300343
0.0651328 0.301936
0.0653481 0.303542
0.065566 0.305161
0.0657863 0.306795
0.0660093 0.308443
0.0662349 0.310105
0.0664632 0.311781
0.0666942 0.313472
0.0669279 0.315178
0.0671645 0.316899
0.0674038 0.318634
0.067646 0.320385
0.0678912 0.322152
0.0681392 0.323934
0.0683903 0.325731
0.0686445 0.327545
0.0689017 0.329374
0.069162 0.33122
0.0694256 0.333082
0.0696924 0.334961
0.0699624 0.336857
0.0702358 0.338769
0.0705126 0.340699
0.0707928 0.342646
0.0710765 0.344611
0.0713638 0.346593
0.0716546 0.348593
0.0719491 0.350611
0.0722473 0.352647
0.0725493 0.354702
0.0728552 0.356775
0.0731649 0.358868
0.0734786 0.360979
0.0737963 0.363109
0.0741181 0.365258
0.0744441 0.367428
0.0747742 0.369616
0.0751087 0.371825
0.0754475 0.374054
0.0757907 0.376303
0.0761385 0.378572
0.0764908 0.380862
0.0768478 0.383173
0.0772095 0.385504
0.077576 0.387857
0.0779474 0.390231
0.0783238 0.392627
0.0787052 0.395044
0.0790918 0.397483
0.0794836 0.399944
0.0798807 0.402428
0.0802832 0.404933
0.0806912 0.407461
0.0811048 0.410012
0.081524 0.412585
0.0819491 0.415181
0.08238 0.4178
0.0828169 0.420443
0.0832599 0.423108
0.0837091 0.425798
0.0841645 0.42851
0.0846264 0.431247
0.0850947 0.434007
0.0855697 0.436791
0.0860515 0.439599
0.0865401 0.442431
0.0870356 0.445287
0.0875383 0.448167
0.0880482 0.451072
0.0885654 0.454001
0.0890901 0.456954
0.0896224 0.459932
0.0901624 0.462934
0.0907103 0.465961
0.0912662 0.469012
0.0918302 0.472088
0.0924026 0.475188
0.0929833 0.478312
0.0935727 0.481461
0.0941707 0.484634
0.0947777 0.487831
0.0953937 0.491052
0.0960188 0.494298
0.0966534 0.497567
0.0972974 0.500861
0.0979511 0.504178
0.0986147 0.507518
0.0992883 0.510882
0.099972 0.514269
0.100666 0.517678
0.101371 0.521111
0.102086 0.524566
0.102812 0.528043
0.10355 0.531542
0.104299 0.535062
0.105059 0.538604
0.10583 0.542167
0.106614 0.54575
0.10741 0.549353
0.108218 0.552976
0.109038 0.556619
0.109871 0.56028
0.110717 0.563959
0.111576 0.567657
0.112449 0.571371
0.113335 0.575103
0.114234 0.578851
0.115148 0.582614
0.116076 0.586392
0.117018 0.590185
0.117975 0.593991
0.118947 0.59781
0.119933 0.601642
0.120935 0.605485
0.121953 0.609339
0.122987 0.613203
0.124036 0.617077
0.125102 0.620959
0.126185 0.624848
0.127284 0.628744
0.1284 0.632646
0.129534 0.636553
0.130684 0.640465
0.131853 0.644379
0.13304 0.648296
0.134245 0.652213
0.135469 0.656132
0.136711 0.660049
0.137972 0.663965
0.139253 0.667878
0.140553 0.671788
0.141873 0.675693
0.143213 0.679592
0.144573 0.683484
0.145954 0.687369
0.147355 0.691244
0.148778 0.69511
0.150221 0.698965
0.151687 0.702808
0.153174 0.706638
0.154683 0.710454
0.156214 0.714255
0.157768 0.71804
0.159345 0.721807
0.160944 0.725557
0.162567 0.729287
0.164213 0.732998
0.165883 0.736687
0.167577 0.740355
0.169294 0.743999
0.171037 0.74762
0.172803 0.751216
0.174595 0.754786
0.176411 0.75833
0.178253 0.761847
0.18012 0.765336
0.182013 0.768795
0.183931 0.772226
0.185875 0.775626
0.187846 0.778994
0.189842 0.782332
0.191866 0.785636
0.193916 0.788908
0.195992 0.792147
0.198096 0.795351
0.200227 0.798521
0.202385 0.801655
0.20457 0.804754
0.206784 0.807818
0.209024 0.810845
0.211293 0.813835
0.213589 0.816788
0.215914 0.819704
0.218266 0.822582
0.220647 0.825423
0.223056 0.828225
0.225493 0.830989
0.227959 0.833715
0.230453 0.836403
0.232976 0.839052
0.235527 0.841663
0.238108 0.844234
0.240716 0.846768
0.243354 0.849263
0.24602 0.851719
0.248715 0.854137
0.251439 0.856517
0.254191 0.858858
0.256972 0.861161
0.259782 0.863427
0.262621 0.865655
0.265488 0.867845
0.268383 0.869999
0.271307 0.872115
0.27426 0.874195
0.277241 0.876238
0.28025 0.878245
0.283287 0.880216
0.286353 0.882152
0.289446 0.884053
0.292567 0.885918
0.295716 0.88775
0.298893 0.889547
0.302096 0.891311
0.305327 0.893042
0.308585 0.894739
0.31187 0.896404
0.315182 0.898037
0.31852 0.899639
0.321884 0.901209
0.325275 0.902749
0.328691 0.904258
0.332132 0.905737
0.335599 0.907187
0.339091 0.908608
0.342608 0.91
0.346149 0.911364
0.349714 0.9127
0.353303 0.914009
0.356916 0.915292
0.360552 0.916548
0.364211 0.917778
0.367892 0.918982
0.371595 0.920161
0.37532 0.921316
0.379066 0.922447
0.382834 0.923553
0.386622 0.924637
0.39043 0.925697
0.394258 0.926735
0.398105 0.927751
0.401971 0.928745
0.405855 0.929718
0.409757 0.93067
0.413677 0.931602
0.417613 0.932514
0.421566 0.933405
0.425535 0.934278
0.429519 0.935131
0.433519 0.935966
0.437532 0.936783
0.441559 0.937581
0.4456 0.938363
0.449653 0.939127
0.453718 0.939874
0.457794 0.940605
0.461882 0.94132
0.465979 0.942018
0.470087 0.942702
0.474203 0.94337
0.478328 0.944023
0.482461 0.944662
0.4866 0.945286
0.490747 0.945896
0.494899 0.946493
0.499056 0.947076
0.503218 0.947646
0.507383 0.948204
0.511552 0.948748
0.515723 0.949281
0.519897 0.949801
0.524071 0.950309
0.528246 0.950806
0.53242 0.951291
0.536593 0.951765
0.540765 0.952229
0.544935 0.952681
0.549101 0.953124
0.553264 0.953556
0.557423 0.953978
0.561576 0.95439
0.565723 0.954793
0.569864 0.955186
0.573998 0.95557
0.578124 0.955945
0.582241 0.956311
0.586349 0.956668
0.590447 0.957017
0.594534 0.957358
0.59861 0.95769
0.602674 0.958015
0.606726 0.958332
0.610764 0.958641
0.614789 0.958943
0.618798 0.959237
0.622793 0.959524
0.626772 0.959804
0.630734 0.960078
0.63468 0.960344
0.638608 0.960604
0.642518 0.960858
0.646408 0.961105
0.65028 0.961346
0.654132 0.96158
0.657963 0.961809
0.661774 0.962032
0.665562 0.96225
0.669329 0.962461
0.673074 0.962667
0.676796 0.962868
0.680494 0.963064
0.684168 0.963254
0.687819 0.963439
0.691444 0.963619
0.695044 0.963795
0.698619 0.963965
0.702168 0.964131
0.705691 0.964293
0.709187 0.96445
0.712657 0.964602
0.716099 0.96475
0.719513 0.964894
0.7229 0.965034
0.726258 0.965169
0.729589 0.965301
0.73289 0.965429
0.736163 0.965553
0.739407 0.965673
0.742621 0.965789
0.745806 0.965902
0.748962 0.966011
0.752087 0.966117
0.755183 0.966219
0.758249 0.966318
0.761284 0.966414
0.76429 0.966506
0.767265 0.966595
0.770209 0.966681
0.773123 0.966765
0.776007 0.966845
0.77886 0.966922
0.781683 0.966996
0.784475 0.967068
0.787236 0.967136
0.789967 0.967202
0.792668 0.967266
0.795338 0.967326
0.797977 0.967384
0.800587 0.96744
0.803166 0.967493
0.805714 0.967544
0.808233 0.967592
0.810722 0.967638
0.813181 0.967682
0.81561 0.967723
0.818009 0.967763
0.820379 0.9678
0.82272 0.967834
0.825031 0.967867
0.827314 0.967898
0.829567 0.967927
0.831792 0.967953
0.833988 0.967978
0.836156 0.968001
0.838296 0.968022
0.840408 0.968041
0.842493 0.968059
0.84455 0.968074
0.846579 0.968088
0.848582 0.9681
0.850557 0.968111
0.852507 0.96812
0.854429 0.968127
0.856326 0.968132
0.858197 0.968136
0.860042 0.968139
0.861861 0.96814
0.863656 0.968139
0.865425 0.968137
0.86717 0.968134
0.868891 0.968129
0.870587 0.968123
0.87226 0.968115
0.873909 0.968106
0.875534 0.968096
0.877137 0.968085
0.878716 0.968072
0.880273 0.968058
0.881808 0.968043
0.883321 0.968026
0.884812 0.968009
0.886281 0.96799
0.887729 0.96797
0.889156 0.967949
0.890563 0.967927
0.891948 0.967904
0.893314 0.96788
0.89466 0.967854
0.895986 0.967828
0.897292 0.967801
0.898579 0.967773
0.899848 0.967743
0.901098 0.967713
0.902329 0.967682
0.903542 0.96765
0.904737 0.967617
0.905915 0.967583
0.907075 0.967548
0.908218 0.967513
0.909343 0.967476
0.910453 0.967439
0.911545 0.967401
0.912622 0.967362
0.913682 0.967322
0.914727 0.967282
0.915756 0.96724
0.91677 0.967198
0.917768 0.967156
0.918752 0.967112
0.919721 0.967068
0.920676 0.967023
0.921616 0.966978
0.922543 0.966932
0.923455 0.966885
0.924354 0.966837
0.92524 0.966789
0.926112 0.96674
0.926972 0.966691
0.927818 0.966641
0.928652 0.96659
0.929474 0.966539
0.930284 0.966487
0.931081 0.966435
0.931866 0.966382
0.93264 0.966328
0.933403 0.966274
0.934154 0.96622
0.934894 0.966165
0.935623 0.966109
0.936341 0.966053
0.937049 0.965996
0.937746 0.965939
0.938433 0.965882
0.939109 0.965824
0.939776 0.965765
0.940433 0.965706
0.941081 0.965647
0.941718 0.965587
0.942347 0.965527
0.942966 0.965466
0.943577 0.965405
0.944178 0.965343
0.94477 0.965282
0.945354 0.965219
0.94593 0.965157
0.946497 0.965093
0.947056 0.96503
0.947606 0.964966
0.948149 0.964902
0.948684 0.964837
0.949211 0.964773
0.949731 0.964707
0.950243 0.964642
0.950748 0.964576
0.951246 0.96451
0.951736 0.964443
0.95222 0.964376
0.952696 0.964309
0.953166 0.964242
0.953629 0.964174
0.954086 0.964106
0.954536 0.964037
0.954979 0.963969
0.955417 0.9639
0.955848 0.963831
0.956273 0.963761
0.956692 0.963691
0.957106 0.963621
0.957513 0.963551
0.957915 0.963481
0.958311 0.96341
0.958702 0.963339
0.959088 0.963268
0.959468 0.963196
0.959842 0.963125
0.960212 0.963053
0.960576 0.962981
0.960936 0.962909
0.96129 0.962836
0.96164 0.962763
0.961985 0.96269
0.962325 0.962617
0.962661 0.962544
0.962992 0.96247
0.963318 0.962397
0.96364 0.962323
0.963958 0.962249
0.964272 0.962175
0.964581 0.9621
0.964886 0.962026
0.965187 0.961951
0.965484 0.961876
0.965777 0.961801
0.966067 0.961726
0.966352 0.96165
0.966633 0.961575
0.966911 0.961499
0.967186 0.961423
0.967456 0.961348
0.967723 0.961271
0.967987 0.961195
0.968247 0.961119
0.968504 0.961042
0.968757 0.960966
0.969007 0.960889
0.969254 0.960812
0.969497 0.960735
0.969738 0.960658
0.969975 0.960581
0.97021 0.960504
0.970441 0.960426
0.97067 0.960349
0.970895 0.960271
0.971118 0.960194
0.971338 0.960116
0.971555 0.960038
0.971769 0.95996
0.971981 0.959882
0.97219 0.959804
0.972396 0.959725
0.9726 0.959647
0.972801 0.959569
0.973 0.95949
0.973196 0.959412
0.97339 0.959333
0.973581 0.959254
0.97377 0.959176
0.973957 0.959097
0.974141 0.959018
0.974323 0.958939
0.974503 0.95886
0.974681 0.958781
0.974857 0.958702
0.97503 0.958622
0.975202 0.958543
0.975371 0.958464
0.975538 0.958384
0.975703 0.958305
0.975867 0.958226
0.976028 0.958146
0.976187 0.958067
0.976345 0.957987
0.9765 0.957907
0.976654 0.957828
0.976806 0.957748
0.976956 0.957668
0.977105 0.957588
0.977251 0.957509
0.977396 0.957429
0.977539 0.957349
0.977681 0.957269
0.977821 0.957189
0.977959 0.957109
0.978096 0.957029
0.978231 0.956949
0.978364 0.956869
0.978496 0.956789
0.978627 0.956709
0.978756 0.956629
0.978883 0.956549
0.979009 0.956469
0.979134 0.956389
0.979257 0.956308
0.979379 0.956228
0.979499 0.956148
0.979619 0.956068
0.979736 0.955988
0.979853 0.955908
0.979968 0.955827
0.980082 0.955747
0.980194 0.955667
0.980306 0.955587
0.980416 0.955507
0.980525 0.955427
0.980632 0.955346
0.980739 0.955266
0.980844 0.955186
0.980948 0.955106
0.981051 0.955026
0.981153 0.954946
0.981254 0.954865
0.981353 0.954785
0.981452 0.954705
0.98155 0.954625
0.981646 0.954545
0.981741 0.954465
0.981836 0.954385
0.981929 0.954305
0.982022 0.954225
0.982113 0.954145
0.982203 0.954065
0.982293 0.953985
0.982381 0.953905
0.982469 0.953825
0.982556 0.953745
0.982641 0.953665
0.982726 0.953585
0.98281 0.953505
0.982893 0.953425
0.982975 0.953345
0.983057 0.953266
0.983137 0.953186
0.983217 0.953106
0.983296 0.953027
0.983374 0.952947
0.983451 0.952867
0.983527 0.952788
0.983603 0.952708
0.983678 0.952628
0.983752 0.952549
0.983825 0.952469
0.983898 0.95239
0.98397 0.952311
0.984041 0.952231
0.984111 0.952152
0.984181 0.952073
0.98425 0.951993
0.984318 0.951914
0.984385 0.951835
0.984452 0.951756
0.984519 0.951677
0.984584 0.951598
0.984649 0.951519
0.984713 0.95144
0.984777 0.951361
0.98484 0.951282
0.984902 0.951203
0.984964 0.951124
0.985025 0.951045
0.985086 0.950966
0.985146 0.950888
0.985205 0.950809
0.985264 0.950731
0.985322 0.950652
0.98538 0.950574
0.985437 0.950495
0.985493 0.950417
0.985549 0.950338
0.985605 0.95026
0.98566 0.950182
0.985714 0.950103
0.985768 0.950025
0.985821 0.949947
0.985874 0.949869
0.985926 0.949791
0.985978 0.949713
0.986029 0.949635
0.98608 0.949557
0.98613 0.94948
0.98618 0.949402
0.98623 0.949324
0.986279 0.949247
0.986327 0.949169
0.986375 0.949091
0.986422 0.949014
0.98647 0.948937
0.986516 0.948859
0.986562 0.948782
0.986608 0.948705
0.986654 0.948627
0.986699 0.94855
0.986743 0.948473
0.986787 0.948396
0.986831 0.948319
0.986874 0.948242
0.986917 0.948166
0.986959 0.948089
0.987002 0.948012
0.987043 0.947935
0.987085 0.947859
0.987126 0.947782
0.987166 0.947706
0.987206 0.947629
0.987246 0.947553
0.987286 0.947477
0.987325 0.9474
0.987363 0.947324
0.987402 0.947248
0.98744 0.947172
0.987478 0.947096
0.987515 0.94702
0.987552 0.946944
0.987589 0.946868
0.987625 0.946793
0.987661 0.946717
0.987697 0.946641
0.987732 0.946566
0.987767 0.94649
0.987802 0.946415
0.987836 0.94634
0.987871 0.946264
0.987904 0.946189
0.987938 0.946114
0.987971 0.946039
0.988004 0.945964
0.988037 0.945889
0.988069 0.945814
0.988101 0.945739
0.988133 0.945665
0.988165 0.94559
0.988196 0.945515
0.988227 0.945441
0.988257 0.945366
0.988288 0.945292
0.988318 0.945217
0.988348 0.945143
0.988378 0.945069
0.988407 0.944995
0.988436 0.944921
0.988465 0.944847
0.988494 0.944773
0.988522 0.944699
0.98855 0.944625
0.988578 0.944551
0.988606 0.944478
0.988633 0.944404
0.98866 0.944331
0.988687 0.944257
0.988714 0.944184
0.98874 0.94411
0.988766 0.944037
0.988792 0.943964
0.988818 0.943891
0.988844 0.943818
0.988869 0.943745
0.988894 0.943672
0.988919 0.943599
0.988944 0.943526
0.988968 0.943454
0.988993 0.943381
0.989017 0.943309
0.989041 0.943236
0.989064 0.943164
0.989088 0.943091
0.989111 0.943019
0.989134 0.942947
0.989157 0.942875
0.98918 0.942803
0.989202 0.942731
0.989224 0.942659
0.989246 0.942587
0.989268 0.942515
0.98929 0.942444
0.989312 0.942372
0.989333 0.942301
0.989354 0.942229
0.989375 0.942158
0.989396 0.942086
0.989417 0.942015
0.989437 0.941944
0.989458 0.941873
0.989478 0.941802
0.989498 0.941731
0.989518 0.94166
0.989537 0.941589
0.989557 0.941518
0.989576 0.941448
0.989595 0.941377
0.989614 0.941307
0.989633 0.941236
0.989652 0.941166
0.98967 0.941095
0.989689 0.941025
0.989707 0.940955
0.989725 0.940885
0.989743 0.940815
0.989761 0.940745
0.989778 0.940675
0.989796 0.940605
0.989813 0.940536
0.98983 0.940466
0.989847 0.940396
0.989864 0.940327
0.989881 0.940257
0.989898 0.940188
0.989914 0.940119
0.989931 0.94005
0.989947 0.93998
0.989963 0.939911
0.989979 0.939842
0.989995 0.939773
0.99001 0.939705
0.990026 0.939636
0.990041 0.939567
0.990057 0.939498
0.990072 0.93943
0.990087 0.939361
0.990102 0.939293
0.990117 0.939225
0.990131 0.939156
0.990146 0.939088
0.99016 0.93902
0.990175 0.938952
0.990189 0.938884
0.990203 0.938816
0.990217 0.938748
0.990231 0.938681
0.990245 0.938613
0.990258 0.938545
0.990272 0.938478
0.990285 0.93841
0.990299 0.938343
0.990312 0.938275
0.990325 0.938208
0.990338 0.938141
0.990351 0.938074
0.990364 0.938007
0.990376 0.93794
0.990389 0.937873
0.990401 0.937806
0.990414 0.93774
0.990426 0.937673
0.990438 0.937606
0.99045 0.93754
0.990462 0.937473
0.990474 0.937407
0.990486 0.937341
0.990498 0.937274
0.990509 0.937208
0.990521 0.937142
0.990532 0.937076
0.990543 0.93701
0.990555 0.936944
0.990566 0.936878
0.990577 0.936813
0.990588 0.936747
0.990598 0.936681
0.990609 0.936616
0.99062 0.936551
0.99063 0.936485
0.990641 0.93642
0.990651 0.936355
0.990662 0.936289
0.990672 0.936224
0.990682 0.936159
0.990692 0.936094
0.990702 0.93603
0.990712 0.935965
0.990722 0.9359
0.990732 0.935835
0.990741 0.935771
0.990751 0.935706
0.99076 0.935642
0.99077 0.935577
0.990779 0.935513
0.990788 0.935449
0.990798 0.935385
0.990807 0.935321
0.990816 0.935257
0.990825 0.935193
0.990834 0.935129
0.990842 0.935065
0.990851 0.935001
0.99086 0.934938
0.990868 0.934874
0.990877 0.93481
0.990885 0.934747
0.990894 0.934684
0.990902 0.93462
0.99091 0.934557
0.990919 0.934494
0.990927 0.934431
0.990935 0.934368
0.990943 0.934305
0.990951 0.934242
0.990958 0.934179
0.990966 0.934116
0.990974 0.934054
0.990982 0.933991
0.990989 0.933928
0.990997 0.933866
0.991004 0.933803
0.991012 0.933741
0.991019 0.933679
0.991026 0.933617
0.991033 0.933554
0.991041 0.933492
0.991048 0.93343
0.991055 0.933368
0.991062 0.933307
0.991069 0.933245
0.991075 0.933183
0.991082 0.933121
0.991089 0.93306
0.991096 0.932998
0.991102 0.932937
0.991109 0.932875
0.991115 0.932814
0.991122 0.932753
0.991128 0.932692
0.991135 0.932631
0.991141 0.932569
0.991147 0.932508
0.991153 0.932448
0.991159 0.932387
0.991165 0.932326
0.991171 0.932265
0.991177 0.932205
0.991183 0.932144
0.991189 0.932083
0.991195 0.932023
0.991201 0.931963
0.991207 0.931902
0.991212 0.931842
0.991218 0.931782
0.991223 0.931722
0.991229 0.931662
0.991234 0.931602
0.99124 0.931542
0.991245 0.931482
0.99125 0.931422
0.991256 0.931362
0.991261 0.931303
0.991266 0.931243
0.991271 0.931184
0.991276 0.931124
0.991281 0.931065
0.991286 0.931006
0.991291 0.930946
0.991296 0.930887
0.991301 0.930828
0.991306 0.930769
0.991311 0.93071
0.991316 0.930651
0.99132 0.930592
0.991325 0.930533
0.99133 0.930474
0.991334 0.930416
0.991339 0.930357
0.991343 0.930299
0.991348 0.93024
0.991352 0.930182
0.991356 0.930123
0.991361 0.930065
0.991365 0.930007
0.991369 0.929949
0.991373 0.929891
0.991378 0.929833
0.991382 0.929775
0.991386 0.929717
0.99139 0.929659
0.991394 0.929601
0.991398 0.929543
0.991402 0.929486
0.991406 0.929428
0.99141 0.92937
0.991413 0.929313
0.991417 0.929256
0.991421 0.929198
0.991425 0.929141
0.991428 0.929084
0.991432 0.929027
0.991436 0.928969
0.991439 0.928912
0.991443 0.928855
0.991446 0.928799
0.99145 0.928742
0.991453 0.928685
0.991457 0.928628
0.99146 0.928571
0.991463 0.928515
0.991467 0.928458
0.99147 0.928402
0.991473 0.928345
0.991476 0.928289
0.991479 0.928233
0.991483 0.928177
0.991486 0.92812
0.991489 0.928064
0.991492 0.928008
0.991495 0.927952
0.991498 0.927896
0.991501 0.92784
0.991504 0.927785
0.991507 0.927729
0.991509 0.927673
0.991512 0.927617
0.991515 0.927562
0.991518 0.927506
0.991521 0.927451
0.991523 0.927395
0.991526 0.92734
0.991529 0.927285
0.991531 0.92723
0.991534 0.927174
0.991537 0.927119
0.991539 0.927064
0.991542 0.927009
0.991544 0.926954
0.991547 0.9269
0.991549 0.926845
0.991551 0.92679
0.991554 0.926735
0.991556 0.926681
0.991558 0.926626
0.991561 0.926572
0.991563 0.926517
0.991565 0.926463
0.991567 0.926408
0.99157 0.926354
0.991572 0.9263
0.991574 0.926246
0.991576 0.926192
0.991578 0.926137
0.99158 0.926083
0.991582 0.92603
0.991584 0.925976
0.991586 0.925922
0.991588 0.925868
0.99159 0.925814
0.991592 0.925761
0.991594 0.925707
0.991596 0.925654
0.991598 0.9256
0.9916 0.925547
0.991601 0.925493
0.991603 0.92544
0.991605 0.925387
0.991607 0.925333
0.991608 0.92528
0.99161 0.925227
0.991612 0.925174
0.991614 0.925121
0.991615 0.925068
0.991617 0.925015
0.991618 0.924962
0.99162 0.92491
0.991621 0.924857
0.991623 0.924804
0.991624 0.924752
0.991626 0.924699
0.991627 0.924647
0.991629 0.924594
0.99163 0.924542
0.991632 0.92449
0.991633 0.924437
0.991634 0.924385
0.991636 0.924333
0.991637 0.924281
0.991638 0.924229
0.99164 0.924177
0.991641 0.924125
0.991642 0.924073
0.991643 0.924021
0.991645 0.923969
0.991646 0.923917
0.991647 0.923866
0.991648 0.923814
0.991649 0.923762
0.99165 0.923711
0.991651 0.923659
0.991652 0.923608
0.991654 0.923557
0.991655 0.923505
0.991656 0.923454
0.991657 0.923403
0.991658 0.923352
0.991659 0.923301
0.99166 0.92325
0.99166 0.923199
0.991661 0.923148
0.991662 0.923097
0.991663 0.923046
0.991664 0.922995
0.991665 0.922944
0.991666 0.922894
0.991666 0.922843
0.991667 0.922792
0.991668 0.922742
0.991669 0.922691
0.99167 0.922641
0.99167 0.92259
0.991671 0.92254
0.991672 0.92249
0.991672 0.92244
0.991673 0.922389
0.991674 0.922339
0.991674 0.922289
0.991675 0.922239
0.991676 0.922189
0.991676 0.922139
0.991677 0.922089
0.991677 0.922039
0.991678 0.92199
0.991678 0.92194
0.991679 0.92189
0.991679 0.921841
0.99168 0.921791
0.99168 0.921741
0.991681 0.921692
0.991681 0.921643
0.991682 0.921593
0.991682 0.921544
0.991683 0.921495
0.991683 0.921445
0.991683 0.921396
0.991684 0.921347
0.991684 0.921298
0.991684 0.921249
0.991685 0.9212
0.991685 0.921151
0.991685 0.921102
0.991686 0.921053
0.991686 0.921004
0.991686 0.920955
0.991686 0.920907
0.991687 0.920858
0.991687 0.920809
0.991687 0.920761
0.991687 0.920712
0.991687 0.920664
0.991688 0.920615
0.991688 0.920567
0.991688 0.920519
0.991688 0.92047
0.991688 0.920422
0.991688 0.920374
0.991688 0.920326
0.991689 0.920278
0.991689 0.92023
0.991689 0.920182
0.991689 0.920134
0.991689 0.920086
0.991689 0.920038
0.991689 0.91999
0.991689 0.919942
0.991689 0.919894
0.991689 0.919847
0.991689 0.919799
0.991689 0.919751
0.991689 0.919704
0.991689 0.919656
0.991689 0.919609
0.991688 0.919561
0.991688 0.919514
0.991688 0.919467
0.991688 0.919419
0.991688 0.919372
0.991688 0.919325
0.991688 0.919278
0.991688 0.919231
0.991687 0.919184
0.991687 0.919137
0.991687 0.91909
0.991687 0.919043
0.991687 0.918996
0.991686 0.918949
0.991686 0.918902
0.991686 0.918855
0.991686 0.918809
0.991686 0.918762
0.991685 0.918715
0.991685 0.918669
0.991685 0.918622
0.991684 0.918576
0.991684 0.918529
0.991684 0.918483
0.991684 0.918437
0.991683 0.91839
0.991683 0.918344
0.991683 0.918298
0.991682 0.918252
0.991682 0.918205
0.991681 0.918159
0.991681 0.918113
0.991681 0.918067
0.99168 0.918021
0.99168 0.917975
0.991679 0.917929
0.991679 0.917883
0.991679 0.917838
0.991678 0.917792
0.991678 0.917746
0.991677 0.9177
0.991677 0.917655
0.991676 0.917609
0.991676 0.917564
0.991675 0.917518
0.991675 0.917473
0.991674 0.917427
0.991674 0.917382
0.991673 0.917336
0.991673 0.917291
0.991672 0.917246
0.991672 0.917201
0.991671 0.917155
0.991671 0.91711
0.99167 0.917065
0.991669 0.91702
0.991669 0.916975
0.991668 0.91693
0.991668 0.916885
0.991667 0.91684
0.991666 0.916795
0.991666 0.91675
0.991665 0.916706
0.991665 0.916661
0.991664 0.916616
0.991663 0.916571
0.991663 0.916527
0.991662 0.916482
0.991661 0.916438
0.991661 0.916393
0.99166 0.916349
0.991659 0.916304
0.991659 0.91626
0.991658 0.916215
0.991657 0.916171
0.991656 0.916127
0.991656 0.916083
0.991655 0.916038
0.991654 0.915994
0.991654 0.91595
0.991653 0.915906
0.991652 0.915862
0.991651 0.915818
0.991651 0.915774
0.99165 0.91573
0.991649 0.915686
0.991648 0.915642
0.991647 0.915598
0.991647 0.915555
0.991646 0.915511
0.991645 0.915467
0.991644 0.915423
0.991643 0.91538
0.991643 0.915336
0.991642 0.915293
0.991641 0.915249
0.99164 0.915206
0.991639 0.915162
0.991638 0.915119
0.991638 0.915075
0.991637 0.915032
0.991636 0.914989
0.991635 0.914945
0.991634 0.914902
0.991633 0.914859
0.991632 0.914816
0.991631 0.914773
0.99163 0.91473
0.99163 0.914687
0.991629 0.914644
0.991628 0.914601
0.991627 0.914558
0.991626 0.914515
0.991625 0.914472
0.991624 0.914429
0.991623 0.914386
0.991622 0.914343
0.991621 0.914301
0.99162 0.914258
0.991619 0.914215
0.991618 0.914173
0.991617 0.91413
0.991616 0.914088
0.991615 0.914045
0.991614 0.914003
0.991613 0.91396
0.991612 0.913918
0.991611 0.913875
0.99161 0.913833
0.991609 0.913791
0.991608 0.913748
0.991607 0.913706
0.991606 0.913664
0.991605 0.913622
0.991604 0.91358
0.991603 0.913538
0.991602 0.913496
0.991601 0.913453
0.9916 0.913411
0.991599 0.913369
0.991598 0.913328
0.991597 0.913286
0.991596 0.913244
0.991595 0.913202
0.991594 0.91316
0.991593 0.913118
0.991592 0.913077
0.99159 0.913035
0.991589 0.912993
0.991588 0.912952
0.991587 0.91291
0.991586 0.912868
0.991585 0.912827
0.991584 0.912785
0.991583 0.912744
0.991582 0.912703
0.99158 0.912661
0.991579 0.91262
0.991578 0.912578
0.991577 0.912537
0.991576 0.912496
0.991575 0.912455
0.991574 0.912413
0.991573 0.912372
0.991571 0.912331
0.99157 0.91229
0.991569 0.912249
0.991568 0.912208
0.991567 0.912167
0.991566 0.912126
0.991564 0.912085
0.991563 0.912044
0.991562 0.912003
0.991561 0.911962
0.99156 0.911921
0.991558 0.911881
0.991557 0.91184
0.991556 0.911799
0.991555 0.911758
0.991554 0.911718
0.991552 0.911677
0.991551 0.911636
0.99155 0.911596
0.991549 0.911555
0.991548 0.911515
0.991546 0.911474
0.991545 0.911434
0.991544 0.911393
0.991543 0.911353
0.991541 0.911313
0.99154 0.911272
0.991539 0.911232
0.991538 0.911192
0.991537 0.911151
0.991535 0.911111
0.991534 0.911071
0.991533 0.911031
0.991532 0.910991
0.99153 0.910951
0.991529 0.910911
0.991528 0.910871
0.991526 0.910831
0.991525 0.910791
0.991524 0.910751
0.991523 0.910711
0.991521 0.910671
0.99152 0.910631
0.991519 0.910591
0.991518 0.910551
0.991516 0.910511
0.991515 0.910472
0.991514 0.910432
0.991512 0.910392
0.991511 0.910353
0.99151 0.910313
0.991508 0.910273
0.991507 0.910234
0.991506 0.910194
0.991504 0.910155
0.991503 0.910115
0.991502 0.910076
0.991501 0.910036
0.991499 0.909997
0.991498 0.909958
0.991497 0.909918
0.991495 0.909879
0.991494 0.90984
0.991493 0.9098
0.991491 0.909761
0.99149 0.909722
0.991489 0.909683
0.991487 0.909644
0.991486 0.909604
0.991485 0.909565
0.991483 0.909526
0.991482 0.909487
0.99148 0.909448
0.991479 0.909409
0.991478 0.90937
0.991476 0.909331
0.991475 0.909292
0.991474 0.909253
0.991472 0.909215
0.991471 0.909176
0.99147 0.909137
0.991468 0.909098
0.991467 0.909059
0.991465 0.909021
0.991464 0.908982
0.991463 0.908943
0.991461 0.908905
0.99146 0.908866
0.991459 0.908827
0.991457 0.908789
0.991456 0.90875
0.991454 0.908712
0.991453 0.908673
0.991452 0.908635
0.99145 0.908596
0.991449 0.908558
0.991447 0.90852
0.991446 0.908481
0.991445 0.908443
0.991443 0.908405
0.991442 0.908366
0.99144 0.908328
0.991439 0.90829
0.991438 0.908252
0.991436 0.908213
0.991435 0.908175
0.991433 0.908137
0.991432 0.908099
0.991431 0.908061
0.991429 0.908023
0.991428 0.907985
0.991426 0.907947
0.991425 0.907909
0.991423 0.907871
0.991422 0.907833
0.991421 0.907795
0.991419 0.907757
0.991418 0.907719
0.991416 0.907681
0.991415 0.907644
0.991413 0.907606
0.991412 0.907568
0.99141 0.90753
0.991409 0.907493
0.991408 0.907455
0.991406 0.907417
0.991405 0.90738
0.991403 0.907342
0.991402 0.907304
0.9914 0.907267
0.991399 0.907229
0.991397 0.907192
0.991396 0.907154
0.991395 0.907117
0.991393 0.907079
0.991392 0.907042
0.99139 0.907004
0.991389 0.906967
0.991387 0.90693
0.991386 0.906892
0.991384 0.906855
0.991383 0.906818
0.991381 0.90678
0.99138 0.906743
0.991378 0.906706
0.991377 0.906669
0.991375 0.906632
0.991374 0.906594
0.991373 0.906557
0.991371 0.90652
0.99137 0.906483
0.991368 0.906446
0.991367 0.906409
0.991365 0.906372
0.991364 0.906335
0.991362 0.906298
0.991361 0.906261
0.991359 0.906224
0.991358 0.906187
0.991356 0.90615
0.991355 0.906113
0.991353 0.906076
0.991352 0.90604
0.99135 0.906003
0.991349 0.905966
0.991347 0.905929
0.991346 0.905892
0.991344 0.905856
0.991343 0.905819
0.991341 0.905782
0.99134 0.905746
0.991338 0.905709
0.991337 0.905672
0.991335 0.905636
0.991334 0.905599
0.991332 0.905563
0.991331 0.905526
0.991329 0.90549
0.991328 0.905453
0.991326 0.905417
0.991325 0.90538
0.991323 0.905344
0.991322 0.905307
0.99132 0.905271
0.991319 0.905235
0.991317 0.905198
0.991316 0.905162
0.991314 0.905126
0.991313 0.905089
0.991311 0.905053
0.99131 0.905017
0.991308 0.904981
0.991307 0.904944
0.991305 0.904908
0.991304 0.904872
0.991302 0.904836
0.991301 0.9048
0.991299 0.904764
0.991298 0.904728
0.991296 0.904692
0.991294 0.904656
0.991293 0.90462
0.991291 0.904584
0.99129 0.904548
0.991288 0.904512
0.991287 0.904476
0.991285 0.90444
0.991284 0.904404
0.991282 0.904368
0.991281 0.904332
0.991279 0.904296
0.991278 0.90426
0.991276 0.904225
0.991275 0.904189
0.991273 0.904153
0.991272 0.904117
0.99127 0.904081
0.991269 0.904046
0.991267 0.90401
0.991265 0.903974
0.991264 0.903939
0.991262 0.903903
0.991261 0.903867
0.991259 0.903832
0.991258 0.903796
0.991256 0.903761
0.991255 0.903725
0.991253 0.90369
0.991252 0.903654
0.99125 0.903618
0.991249 0.903583
0.991247 0.903548
0.991245 0.903512
0.991244 0.903477
0.991242 0.903441
0.991241 0.903406
0.991239 0.90337
0.991238 0.903335
0.991236 0.9033
0.991235 0.903264
0.991233 0.903229
0.991232 0.903194
0.99123 0.903159
0.991228 0.903123
0.991227 0.903088
0.991225 0.903053
0.991224 0.903018
0.991222 0.902983
0.991221 0.902947
0.991219 0.902912
0.991218 0.902877
0.991216 0.902842
0.991214 0.902807
0.991213 0.902772
0.991211 0.902737
0.99121 0.902702
0.991208 0.902667
0.991207 0.902632
0.991205 0.902597
0.991204 0.902562
0.991202 0.902527
0.991201 0.902492
0.991199 0.902457
0.991197 0.902422
0.991196 0.902387
0.991194 0.902352
0.991193 0.902317
0.991191 0.902282
0.99119 0.902247
0.991188 0.902213
0.991187 0.902178
0.991185 0.902143
0.991183 0.902108
0.991182 0.902074
0.99118 0.902039
0.991179 0.902004
0.991177 0.901969
0.991176 0.901935
0.991174 0.9019
0.991172 0.901865
0.991171 0.901831
0.991169 0.901796
0.991168 0.901761
0.991166 0.901727
0.991165 0.901692
0.991163 0.901658
0.991162 0.901623
0.99116 0.901589
0.991158 0.901554
0.991157 0.90152
0.991155 0.901485
0.991154 0.901451
0.991152 0.901416
0.991151 0.901382
0.991149 0.901347
0.991147 0.901313
0.991146 0.901278
0.991144 0.901244
0.991143 0.90121
0.991141 0.901175
0.99114 0.901141
0.991138 0.901107
0.991136 0.901072
0.991135 0.901038
0.991133 0.901004
0.991132 0.900969
0.99113 0.900935
0.991129 0.900901
0.991127 0.900867
0.991126 0.900832
0.991124 0.900798
0.991122 0.900764
0.991121 0.90073
0.991119 0.900696
0.991118 0.900662
0.991116 0.900627
0.991115 0.900593
0.991113 0.900559
0.991111 0.900525
0.99111 0.900491
0.991108 0.900457
0.991107 0.900423
0.991105 0.900389
0.991104 0.900355
0.991102 0.900321
0.9911 0.900287
0.991099 0.900253
0.991097 0.900219
0.991096 0.900185
0.991094 0.900151
0.991093 0.900117
0.991091 0.900083
0.991089 0.900049
0.991088 0.900015
0.991086 0.899981
0.991085 0.899948
0.991083 0.899914
0.991082 0.89988
0.99108 0.899846
0.991078 0.899812
0.991077 0.899778
0.991075 0.899745
0.991074 0.899711
0.991072 0.899677
0.991071 0.899643
0.991069 0.89961
0.991067 0.899576
0.991066 0.899542
0.991064 0.899508
0.991063 0.899475
0.991061 0.899441
0.991059 0.899407
0.991058 0.899374
0.991056 0.89934
0.991055 0.899306
0.991053 0.899273
0.991052 0.899239
0.99105 0.899206
0.991048 0.899172
0.991047 0.899138
0.991045 0.899105
0.991044 0.899071
0.991042 0.899038
0.991041 0.899004
0.991039 0.898971
0.991037 0.898937
0.991036 0.898904
0.991034 0.89887
0.991033 0.898837
0.991031 0.898803
0.99103 0.89877
0.991028 0.898736
0.991026 0.898703
0.991025 0.89867
0.991023 0.898636
0.991022 0.898603
0.99102 0.898569
0.991019 0.898536
0.991017 0.898503
0.991015 0.898469
0.991014 0.898436
0.991012 0.898403
0.991011 0.898369
0.991009 0.898336
0.991008 0.898303
0.991006 0.898269
0.991004 0.898236
0.991003 0.898203
0.991001 0.89817
0.991 0.898136
0.990998 0.898103
0.990996 0.89807
0.990995 0.898037
0.990993 0.898004
0.990992 0.89797
0.99099 0.897937
0.990989 0.897904
0.990987 0.897871
0.990985 0.897838
0.990984 0.897805
0.990982 0.897771
0.990981 0.897738
0.990979 0.897705
0.990978 0.897672
0.990976 0.897639
0.990974 0.897606
0.990973 0.897573
0.990971 0.89754
0.99097 0.897507
0.990968 0.897474
0.990967 0.897441
0.990965 0.897408
0.990963 0.897375
0.990962 0.897342
0.99096 0.897309
0.990959 0.897276
0.990957 0.897243
0.990955 0.89721
0.990954 0.897177
0.990952 0.897144
0.990951 0.897111
0.990949 0.897078
0.990948 0.897045
0.990946 0.897012
0.990944 0.896979
0.990943 0.896946
0.990941 0.896913
0.99094 0.896881
0.990938 0.896848
0.990937 0.896815
0.990935 0.896782
0.990933 0.896749
0.990932 0.896716
0.99093 0.896683
0.990929 0.896651
0.990927 0.896618
0.990926 0.896585
0.990924 0.896552
0.990922 0.896519
0.990921 0.896487
0.990919 0.896454
0.990918 0.896421
0.990916 0.896388
0.990914 0.896356
0.990913 0.896323
0.990911 0.89629
0.99091 0.896257
0.990908 0.896225
0.990907 0.896192
0.990905 0.896159
0.990903 0.896127
0.990902 0.896094
0.9909 0.896061
0.990899 0.896029
0.990897 0.895996
0.990896 0.895963
0.990894 0.895931
0.990892 0.895898
0.990891 0.895865
0.990889 0.895833
0.990888 0.8958
0.990886 0.895768
0.990885 0.895735
0.990883 0.895702
0.990881 0.89567
0.99088 0.895637
0.990878 0.895605
0.990877 0.895572
0.990875 0.895539
0.990873 0.895507
0.990872 0.895474
0.99087 0.895442
0.990869 0.895409
0.990867 0.895377
0.990866 0.895344
0.990864 0.895312
0.990862 0.895279
0.990861 0.895247
0.990859 0.895214
0.990858 0.895182
0.990856 0.895149
0.990855 0.895117
0.990853 0.895084
0.990851 0.895052
0.99085 0.895019
0.990848 0.894987
0.990847 0.894955
0.990845 0.894922
0.990844 0.89489
0.990842 0.894857
0.99084 0.894825
0.990839 0.894793
0.990837 0.89476
0.990836 0.894728
0.990834 0.894695
0.990833 0.894663
0.990831 0.894631
0.990829 0.894598
0.990828 0.894566
0.990826 0.894533
0.990825 0.894501
0.990823 0.894469
0.990822 0.894436
0.99082 0.894404
0.990818 0.894372
0.990817 0.894339
0.990815 0.894307
0.990814 0.894275
0.990812 0.894242
0.99081 0.89421
0.990809 0.894178
0.990807 0.894146
0.990806 0.894113
0.990804 0.894081
0.990803 0.894049
0.990801 0.894016
0.990799 0.893984
0.990798 0.893952
0.990796 0.89392
0.990795 0.893887
0.990793 0.893855
0.990792 0.893823
0.99079 0.893791
0.990788 0.893758
0.990787 0.893726
0.990785 0.893694
0.990784 0.893662
0.990782 0.893629
0.990781 0.893597
0.990779 0.893565
0.990777 0.893533
0.990776 0.893501
0.990774 0.893468
0.990773 0.893436
0.990771 0.893404
0.99077 0.893372
0.990768 0.89334
0.990766 0.893308
0.990765 0.893275
0.990763 0.893243
0.990762 0.893211
0.99076 0.893179
0.990759 0.893147
0.990757 0.893115
0.990755 0.893082
0.990754 0.89305
0.990752 0.893018
0.990751 0.892986
0.990749 0.892954
0.990748 0.892922
0.990746 0.89289
0.990744 0.892858
0.990743 0.892825
0.990741 0.892793
0.99074 0.892761
0.990738 0.892729
0.990737 0.892697
0.990735 0.892665
0.990733 0.892633
0.990732 0.892601
0.99073 0.892569
0.990729 0.892536
0.990727 0.892504
0.990725 0.892472
0.990724 0.89244
0.990722 0.892408
0.990721 0.892376
0.990719 0.892344
0.990718 0.892312
0.990716 0.89228
0.990714 0.892248
0.990713 0.892216
0.990711 0.892184
0.99071 0.892152
0.990708 0.89212
0.990707 0.892088
0.990705 0.892055
0.990703 0.892023
0.990702 0.891991
0.9907 0.891959
0.990699 0.891927
0.990697 0.891895
0.990696 0.891863
0.990694 0.891831
0.990692 0.891799
0.990691 0.891767
0.990689 0.891735
0.990688 0.891703
0.990686 0.891671
0.990685 0.891639
0.990683 0.891607
0.990681 0.891575
0.99068 0.891543
0.990678 0.891511
0.990677 0.891479
0.990675 0.891447
0.990674 0.891415
0.990672 0.891383
0.99067 0.891351
0.990669 0.891319
0.990667 0.891287
0.990666 0.891255
0.990664 0.891223
0.990663 0.891191
0.990661 0.891159
0.990659 0.891127
0.990658 0.891095
0.990656 0.891063
0.990655 0.891031
0.990653 0.890999
0.990652 0.890967
0.99065 0.890935
0.990648 0.890903
0.990647 0.890871
0.990645 0.890839
0.990644 0.890807
0.990642 0.890775
0.990641 0.890743
0.990639 0.890711
0.990637 0.890679
0.990636 0.890647
0.990634 0.890615
0.990633 0.890583
0.990631 0.890551
0.990629 0.890519
0.990628 0.890487
0.990626 0.890455
0.990625 0.890423
0.990623 0.890392
0.990622 0.89036
0.99062 0.890328
0.990618 0.890296
0.990617 0.890264
0.990615 0.890232
0.990614 0.8902
0.990612 0.890168
0.990611 0.890136
0.990609 0.890104
0.990607 0.890072
0.990606 0.89004
0.990604 0.890008
0.990603 0.889976
0.990601 0.889944
0.9906 0.889912
0.990598 0.88988
0.990596 0.889848
0.990595 0.889816
0.990593 0.889784
0.990592 0.889752
0.99059 0.88972
0.990589 0.889688
0.990587 0.889656
0.990585 0.889624
0.990584 0.889592
0.990582 0.88956
0.990581 0.889528
0.990579 0.889496
0.990577 0.889464
0.990576 0.889432
0.990574 0.8894
0.990573 0.889368
0.990571 0.889336
0.99057 0.889304
0.990568 0.889272
0.990566 0.88924
0.990565 0.889208
0.990563 0.889176
0.990562 0.889144
0.99056 0.889112
0.990559 0.88908
0.990557 0.889048
0.990555 0.889016
0.990554 0.888984
0.990552 0.888952
0.990551 0.88892
0.990549 0.888888
0.990548 0.888856
0.990546 0.888824
0.990544 0.888792
0.990543 0.88876
0.990541 0.888728
0.99054 0.888696
0.990538 0.888664
0.990536 0.888632
0.990535 0.8886
0.990533 0.888568
0.990532 0.888536
0.99053 0.888504
0.990529 0.888472
0.990527 0.88844
0.990525 0.888408
0.990524 0.888376
0.990522 0.888344
0.990521 0.888312
0.990519 0.88828
0.990517 0.888248
0.990516 0.888216
0.990514 0.888184
0.990513 0.888152
0.990511 0.88812
0.99051 0.888088
0.990508 0.888056
0.990506 0.888024
0.990505 0.887992
0.990503 0.887959
0.990502 0.887927
0.9905 0.887895
0.990499 0.887863
0.990497 0.887831
0.990495 0.887799
0.990494 0.887767
0.990492 0.887735
0.990491 0.887703
0.990489 0.887671
0.990487 0.887639
0.990486 0.887607
0.990484 0.887574
0.990483 0.887542
0.990481 0.88751
0.99048 0.887478
0.990478 0.887446
0.990476 0.887414
0.990475 0.887382
0.990473 0.88735
0.990472 0.887318
0.99047 0.887285
0.990468 0.887253
0.990467 0.887221
0.990465 0.887189
0.990464 0.887157
0.990462 0.887125
0.99046 0.887092
0.990459 0.88706
0.990457 0.887028
0.990456 0.886996
0.990454 0.886964
0.990453 0.886932
0.990451 0.886899
0.990449 0.886867
0.990448 0.886835
0.990446 0.886803
0.990445 0.886771
0.990443 0.886738
0.990441 0.886706
0.99044 0.886674
0.990438 0.886642
0.990437 0.88661
0.990435 0.886577
0.990433 0.886545
0.990432 0.886513
0.99043 0.886481
0.990429 0.886448
0.990427 0.886416
0.990426 0.886384
0.990424 0.886352
0.990422 0.886319
0.990421 0.886287
0.990419 0.886255
0.990418 0.886223
0.990416 0.88619
0.990414 0.886158
0.990413 0.886126
0.990411 0.886093
0.99041 0.886061
0.990408 0.886029
0.990406 0.885996
0.990405 0.885964
0.990403 0.885932
0.990402 0.885899
0.9904 0.885867
0.990398 0.885835
0.990397 0.885802
0.990395 0.88577
0.990394 0.885738
0.990392 0.885705
0.99039 0.885673
0.990389 0.885641
0.990387 0.885608
0.990386 0.885576
0.990384 0.885543
0.990382 0.885511
0.990381 0.885479
0.990379 0.885446
0.990378 0.885414
0.990376 0.885381
0.990374 0.885349
0.990373 0.885316
0.990371 0.885284
0.99037 0.885251
0.990368 0.885219
0.990366 0.885187
0.990365 0.885154
0.990363 0.885122
0.990362 0.885089
0.99036 0.885057
0.990358 0.885024
0.990357 0.884992
0.990355 0.884959
0.990354 0.884927
0.990352 0.884894
0.99035 0.884861
0.990349 0.884829
0.990347 0.884796
0.990346 0.884764
0.990344 0.884731
0.990342 0.884699
0.990341 0.884666
0.990339 0.884633
0.990338 0.884601
0.990336 0.884568
0.990334 0.884536
0.990333 0.884503
0.990331 0.88447
0.99033 0.884438
0.990328 0.884405
0.990326 0.884372
0.990325 0.88434
0.990323 0.884307
0.990322 0.884274
0.99032 0.884242
0.990318 0.884209
0.990317 0.884176
0.990315 0.884144
0.990313 0.884111
0.990312 0.884078
0.99031 0.884046
0.990309 0.884013
0.990307 0.88398
0.990305 0.883947
0.990304 0.883915
0.990302 0.883882
0.990301 0.883849
0.990299 0.883816
0.990297 0.883783
0.990296 0.883751
0.990294 0.883718
0.990293 0.883685
0.990291 0.883652
0.990289 0.883619
0.990288 0.883586
0.990286 0.883554
0.990284 0.883521
0.990283 0.883488
0.990281 0.883455
0.99028 0.883422
0.990278 0.883389
0.990276 0.883356
0.990275 0.883323
0.990273 0.88329
0.990271 0.883257
0.99027 0.883224
0.990268 0.883192
0.990267 0.883159
0.990265 0.883126
0.990263 0.883093
0.990262 0.88306
0.99026 0.883027
0.990259 0.882994
0.990257 0.882961
0.990255 0.882927
0.990254 0.882894
0.990252 0.882861
0.99025 0.882828
0.990249 0.882795
0.990247 0.882762
0.990246 0.882729
0.990244 0.882696
0.990242 0.882663
0.990241 0.88263
0.990239 0.882597
0.990237 0.882563
0.990236 0.88253
0.990234 0.882497
0.990232 0.882464
0.990231 0.882431
0.990229 0.882397
0.990228 0.882364
0.990226 0.882331
0.990224 0.882298
0.990223 0.882265
0.990221 0.882231
0.990219 0.882198
0.990218 0.882165
0.990216 0.882131
0.990215 0.882098
0.990213 0.882065
0.990211 0.882032
0.99021 0.881998
0.990208 0.881965
0.990206 0.881931
0.990205 0.881898
0.990203 0.881865
0.990201 0.881831
0.9902 0.881798
0.990198 0.881765
0.990196 0.881731
0.990195 0.881698
0.990193 0.881664
0.990192 0.881631
0.99019 0.881597
0.990188 0.881564
0.990187 0.88153
0.990185 0.881497
0.990183 0.881463
0.990182 0.88143
0.99018 0.881396
0.990178 0.881363
0.990177 0.881329
0.990175 0.881295
0.990173 0.881262
0.990172 0.881228
0.99017 0.881195
0.990169 0.881161
0.990167 0.881127
0.990165 0.881094
0.990164 0.88106
0.990162 0.881026
0.99016 0.880993
0.990159 0.880959
0.990157 0.880925
0.990155 0.880891
0.990154 0.880858
0.990152 0.880824
0.99015 0.88079
0.990149 0.880756
0.990147 0.880723
0.990145 0.880689
0.990144 0.880655
0.990142 0.880621
0.99014 0.880587
0.990139 0.880553
0.990137 0.88052
0.990135 0.880486
0.990134 0.880452
0.990132 0.880418
0.99013 0.880384
0.990129 0.88035
0.990127 0.880316
0.990125 0.880282
0.990124 0.880248
0.990122 0.880214
0.99012 0.88018
0.990119 0.880146
0.990117 0.880112
0.990115 0.880078
0.990114 0.880044
0.990112 0.88001
0.99011 0.879976
0.990109 0.879941
0.990107 0.879907
0.990105 0.879873
0.990104 0.879839
0.990102 0.879805
0.9901 0.879771
0.990099 0.879736
0.990097 0.879702
0.990095 0.879668
0.990094 0.879634
0.990092 0.879599
0.99009 0.879565
0.990089 0.879531
0.990087 0.879496
0.990085 0.879462
0.990084 0.879428
0.990082 0.879393
0.99008 0.879359
0.990079 0.879325
0.990077 0.87929
0.990075 0.879256
0.990074 0.879221
0.990072 0.879187
0.99007 0.879152
0.990068 0.879118
0.990067 0.879083
0.990065 0.879049
0.990063 0.879014
0.990062 0.87898
0.99006 0.878945
0.990058 0.878911
0.990057 0.878876
0.990055 0.878841
0.990053 0.878807
0.990052 0.878772
0.99005 0.878738
0.990048 0.878703
0.990047 0.878668
0.990045 0.878633
0.990043 0.878599
0.990041 0.878564
0.99004 0.878529
0.990038 0.878494
0.990036 0.87846
0.990035 0.878425
0.990033 0.87839
0.990031 0.878355
0.99003 0.87832
0.990028 0.878285
0.990026 0.87825
0.990024 0.878215
0.990023 0.878181
0.990021 0.878146
0.990019 0.878111
0.990018 0.878076
0.990016 0.878041
0.990014 0.878006
0.990012 0.877971
0.990011 0.877935
0.990009 0.8779
0.990007 0.877865
0.990006 0.87783
0.990004 0.877795
0.990002 0.87776
0.99 0.877725
0.989999 0.87769
0.989997 0.877654
0.989995 0.877619
0.989994 0.877584
0.989992 0.877549
0.98999 0.877513
0.989988 0.877478
0.989987 0.877443
0.989985 0.877407
0.989983 0.877372
0.989982 0.877337
0.98998 0.877301
0.989978 0.877266
0.989976 0.87723
0.989975 0.877195
0.989973 0.877159
0.989971 0.877124
0.989969 0.877088
0.989968 0.877053
0.989966 0.877017
0.989964 0.876982
0.989963 0.876946
0.989961 0.87691
0.989959 0.876875
0.989957 0.876839
0.989956 0.876804
0.989954 0.876768
0.989952 0.876732
0.98995 0.876696
0.989949 0.876661
0.989947 0.876625
0.989945 0.876589
0.989943 0.876553
0.989942 0.876517
0.98994 0.876482
0.989938 0.876446
0.989936 0.87641
0.989935 0.876374
0.989933 0.876338
0.989931 0.876302
0.989929 0.876266
0.989928 0.87623
0.989926 0.876194
0.989924 0.876158
0.989922 0.876122
0.989921 0.876086
0.989919 0.87605
0.989917 0.876013
0.989915 0.875977
0.989914 0.875941
0.989912 0.875905
0.98991 0.875869
0.989908 0.875832
0.989907 0.875796
0.989905 0.87576
0.989903 0.875724
0.989901 0.875687
0.9899 0.875651
0.989898 0.875615
0.989896 0.875578
0.989894 0.875542
0.989892 0.875505
0.989891 0.875469
0.989889 0.875432
0.989887 0.875396
0.989885 0.875359
0.989884 0.875323
0.989882 0.875286
0.98988 0.87525
0.989878 0.875213
0.989877 0.875176
0.989875 0.87514
0.989873 0.875103
0.989871 0.875066
0.989869 0.875029
0.989868 0.874993
0.989866 0.874956
0.989864 0.874919
0.989862 0.874882
0.98986 0.874845
0.989859 0.874809
0.989857 0.874772
0.989855 0.874735
0.989853 0.874698
0.989852 0.874661
0.98985 0.874624
0.989848 0.874587
0.989846 0.87455
0.989844 0.874513
0.989843 0.874475
0.989841 0.874438
0.989839 0.874401
0.989837 0.874364
0.989835 0.874327
0.989834 0.87429
0.989832 0.874252
0.98983 0.874215
0.989828 0.874178
0.989826 0.87414
0.989824 0.874103
0.989823 0.874066
0.989821 0.874028
0.989819 0.873991
0.989817 0.873953
0.989815 0.873916
0.989814 0.873878
0.989812 0.873841
0.98981 0.873803
0.989808 0.873766
0.989806 0.873728
0.989805 0.87369
0.989803 0.873653
0.989801 0.873615
0.989799 0.873577
0.989797 0.87354
0.989795 0.873502
0.989794 0.873464
0.989792 0.873426
0.98979 0.873388
0.989788 0.873351
0.989786 0.873313
0.989784 0.873275
0.989783 0.873237
0.989781 0.873199
0.989779 0.873161
0.989777 0.873123
0.989775 0.873085
0.989773 0.873047
0.989772 0.873008
0.98977 0.87297
0.989768 0.872932
0.989766 0.872894
0.989764 0.872856
0.989762 0.872817
0.98976 0.872779
0.989759 0.872741
0.989757 0.872702
0.989755 0.872664
0.989753 0.872626
0.989751 0.872587
0.989749 0.872549
0.989747 0.87251
0.989746 0.872472
0.989744 0.872433
0.989742 0.872395
0.98974 0.872356
0.989738 0.872317
0.989736 0.872279
0.989734 0.87224
0.989733 0.872201
0.989731 0.872162
0.989729 0.872124
0.989727 0.872085
0.989725 0.872046
0.989723 0.872007
0.989721 0.871968
0.989719 0.871929
0.989718 0.87189
0.989716 0.871851
0.989714 0.871812
0.989712 0.871773
0.98971 0.871734
0.989708 0.871695
0.989706 0.871656
0.989704 0.871617
0.989702 0.871577
0.989701 0.871538
0.989699 0.871499
0.989697 0.87146
0.989695 0.87142
0.989693 0.871381
0.989691 0.871341
0.989689 0.871302
0.989687 0.871263
0.989685 0.871223
0.989684 0.871183
0.989682 0.871144
0.98968 0.871104
0.989678 0.871065
0.989676 0.871025
0.989674 0.870985
0.989672 0.870946
0.98967 0.870906
0.989668 0.870866
0.989666 0.870826
0.989664 0.870786
0.989662 0.870747
0.989661 0.870707
0.989659 0.870667
0.989657 0.870627
0.989655 0.870587
0.989653 0.870547
0.989651 0.870506
0.989649 0.870466
0.989647 0.870426
0.989645 0.870386
0.989643 0.870346
0.989641 0.870306
0.989639 0.870265
0.989637 0.870225
0.989635 0.870185
0.989634 0.870144
0.989632 0.870104
0.98963 0.870063
0.989628 0.870023
0.989626 0.869982
0.989624 0.869942
0.989622 0.869901
0.98962 0.86986
0.989618 0.86982
0.989616 0.869779
0.989614 0.869738
0.989612 0.869697
0.98961 0.869657
0.989608 0.869616
0.989606 0.869575
0.989604 0.869534
0.989602 0.869493
0.9896 0.869452
0.989598 0.869411
0.989596 0.86937
0.989594 0.869329
0.989592 0.869288
0.98959 0.869246
0.989588 0.869205
0.989586 0.869164
0.989584 0.869123
0.989583 0.869081
0.989581 0.86904
0.989579 0.868999
0.989577 0.868957
0.989575 0.868916
0.989573 0.868874
0.989571 0.868833
0.989569 0.868791
0.989567 0.868749
0.989565 0.868708
0.989563 0.868666
0.989561 0.868624
0.989559 0.868582
0.989557 0.868541
0.989555 0.868499
0.989553 0.868457
0.989551 0.868415
0.989549 0.868373
0.989547 0.868331
0.989545 0.868289
0.989543 0.868247
0.98954 0.868204
0.989538 0.868162
0.989536 0.86812
0.989534 0.868078
0.989532 0.868036
0.98953 0.867993
0.989528 0.867951
0.989526 0.867908
0.989524 0.867866
0.989522 0.867823
0.98952 0.867781
0.989518 0.867738
0.989516 0.867696
0.989514 0.867653
0.989512 0.86761
0.98951 0.867567
0.989508 0.867525
0.989506 0.867482
0.989504 0.867439
0.989502 0.867396
0.9895 0.867353
0.989498 0.86731
0.989496 0.867267
0.989494 0.867224
0.989492 0.867181
0.989489 0.867138
0.989487 0.867094
0.989485 0.867051
0.989483 0.867008
0.989481 0.866965
0.989479 0.866921
0.989477 0.866878
0.989475 0.866834
0.989473 0.866791
0.989471 0.866747
0.989469 0.866704
0.989467 0.86666
0.989465 0.866616
0.989462 0.866572
0.98946 0.866529
0.989458 0.866485
0.989456 0.866441
0.989454 0.866397
0.989452 0.866353
0.98945 0.866309
0.989448 0.866265
0.989446 0.866221
0.989444 0.866177
0.989442 0.866133
0.989439 0.866088
0.989437 0.866044
0.989435 0.866
0.989433 0.865955
0.989431 0.865911
0.989429 0.865866
0.989427 0.865822
0.989425 0.865777
0.989422 0.865733
0.98942 0.865688
0.989418 0.865643
0.989416 0.865599
0.989414 0.865554
0.989412 0.865509
0.98941 0.865464
0.989408 0.865419
0.989405 0.865374
0.989403 0.865329
0.989401 0.865284
0.989399 0.865239
0.989397 0.865194
0.989395 0.865148
0.989392 0.865103
0.98939 0.865058
0.989388 0.865012
0.989386 0.864967
0.989384 0.864921
0.989382 0.864876
0.98938 0.86483
0.989377 0.864785
0.989375 0.864739
0.989373 0.864693
0.989371 0.864648
0.989369 0.864602
0.989366 0.864556
0.989364 0.86451
0.989362 0.864464
0.98936 0.864418
0.989358 0.864372
0.989356 0.864326
0.989353 0.864279
0.989351 0.864233
0.989349 0.864187
0.989347 0.864141
0.989345 0.864094
0.989342 0.864048
0.98934 0.864001
0.989338 0.863955
0.989336 0.863908
0.989333 0.863861
0.989331 0.863815
0.989329 0.863768
0.989327 0.863721
0.989325 0.863674
0.989322 0.863627
0.98932 0.86358
0.989318 0.863533
0.989316 0.863486
0.989313 0.863439
0.989311 0.863392
0.989309 0.863345
0.989307 0.863297
0.989304 0.86325
0.989302 0.863202
0.9893 0.863155
0.989298 0.863107
0.989295 0.86306
0.989293 0.863012
0.989291 0.862964
0.989289 0.862917
0.989286 0.862869
0.989284 0.862821
0.989282 0.862773
0.98928 0.862725
0.989277 0.862677
0.989275 0.862629
0.989273 0.862581
0.98927 0.862533
0.989268 0.862484
0.989266 0.862436
0.989264 0.862388
0.989261 0.862339
0.989259 0.862291
0.989257 0.862242
0.989254 0.862193
0.989252 0.862145
0.98925 0.862096
0.989247 0.862047
0.989245 0.861998
0.989243 0.861949
0.989241 0.8619
0.989238 0.861851
0.989236 0.861802
0.989234 0.861753
0.989231 0.861704
0.989229 0.861655
0.989227 0.861605
0.989224 0.861556
0.989222 0.861506
0.98922 0.861457
0.989217 0.861407
0.989215 0.861358
0.989213 0.861308
0.98921 0.861258
0.989208 0.861208
0.989205 0.861158
0.989203 0.861108
0.989201 0.861058
0.989198 0.861008
0.989196 0.860958
0.989194 0.860908
0.989191 0.860858
0.989189 0.860807
0.989186 0.860757
0.989184 0.860706
0.989182 0.860656
0.989179 0.860605
0.989177 0.860555
0.989175 0.860504
0.989172 0.860453
0.98917 0.860402
0.989167 0.860351
0.989165 0.8603
0.989163 0.860249
0.98916 0.860198
0.989158 0.860147
0.989155 0.860096
0.989153 0.860044
0.98915 0.859993
0.989148 0.859941
0.989146 0.85989
0.989143 0.859838
0.989141 0.859787
0.989138 0.859735
0.989136 0.859683
0.989133 0.859631
0.989131 0.859579
0.989128 0.859527
0.989126 0.859475
0.989124 0.859423
0.989121 0.859371
0.989119 0.859318
0.989116 0.859266
0.989114 0.859213
0.989111 0.859161
0.989109 0.859108
0.989106 0.859056
0.989104 0.859003
0.989101 0.85895
0.989099 0.858897
0.989096 0.858844
0.989094 0.858791
0.989091 0.858738
0.989089 0.858685
0.989086 0.858632
0.989084 0.858579
0.989081 0.858525
0.989079 0.858472
0.989076 0.858418
0.989074 0.858365
0.989071 0.858311
0.989069 0.858257
0.989066 0.858203
0.989064 0.858149
0.989061 0.858095
0.989059 0.858041
0.989056 0.857987
0.989053 0.857933
0.989051 0.857879
0.989048 0.857824
0.989046 0.85777
0.989043 0.857716
0.989041 0.857661
0.989038 0.857606
0.989036 0.857552
0.989033 0.857497
0.98903 0.857442
0.989028 0.857387
0.989025 0.857332
0.989023 0.857277
0.98902 0.857221
0.989017 0.857166
0.989015 0.857111
0.989012 0.857055
0.98901 0.857
0.989007 0.856944
0.989004 0.856888
0.989002 0.856833
0.988999 0.856777
0.988997 0.856721
0.988994 0.856665
0.988991 0.856609
0.988989 0.856552
0.988986 0.856496
0.988983 0.85644
0.988981 0.856383
0.988978 0.856327
0.988975 0.85627
0.988973 0.856214
0.98897 0.856157
0.988968 0.8561
0.988965 0.856043
0.988962 0.855986
0.988959 0.855929
0.988957 0.855872
0.988954 0.855814
0.988951 0.855757
0.988949 0.8557
0.988946 0.855642
0.988943 0.855584
0.988941 0.855527
0.988938 0.855469
0.988935 0.855411
0.988933 0.855353
0.98893 0.855295
0.988927 0.855237
0.988924 0.855178
0.988922 0.85512
0.988919 0.855062
0.988916 0.855003
0.988913 0.854944
0.988911 0.854886
0.988908 0.854827
0.988905 0.854768
0.988902 0.854709
0.9889 0.85465
0.988897 0.854591
0.988894 0.854532
0.988891 0.854472
0.988889 0.854413
0.988886 0.854353
0.988883 0.854294
0.98888 0.854234
0.988877 0.854174
0.988875 0.854114
0.988872 0.854054
0.988869 0.853994
0.988866 0.853934
0.988863 0.853874
0.988861 0.853813
0.988858 0.853753
0.988855 0.853692
0.988852 0.853632
0.988849 0.853571
0.988846 0.85351
0.988844 0.853449
0.988841 0.853388
0.988838 0.853327
0.988835 0.853265
0.988832 0.853204
0.988829 0.853143
0.988826 0.853081
0.988824 0.853019
0.988821 0.852958
0.988818 0.852896
0.988815 0.852834
0.988812 0.852772
0.988809 0.852709
0.988806 0.852647
0.988803 0.852585
0.9888 0.852522
0.988798 0.85246
0.988795 0.852397
0.988792 0.852334
0.988789 0.852271
0.988786 0.852208
0.988783 0.852145
0.98878 0.852082
0.988777 0.852019
0.988774 0.851955
0.988771 0.851892
0.988768 0.851828
0.988765 0.851764
0.988762 0.8517
0.988759 0.851637
0.988756 0.851572
0.988753 0.851508
0.98875 0.851444
0.988747 0.85138
0.988744 0.851315
0.988741 0.85125
0.988738 0.851186
0.988735 0.851121
0.988732 0.851056
0.988729 0.850991
0.988726 0.850926
0.988723 0.85086
0.98872 0.850795
0.988717 0.850729
0.988714 0.850664
0.988711 0.850598
0.988708 0.850532
0.988705 0.850466
0.988702 0.8504
0.988699 0.850334
0.988696 0.850268
0.988693 0.850201
0.988689 0.850135
0.988686 0.850068
0.988683 0.850001
0.98868 0.849934
0.988677 0.849867
0.988674 0.8498
0.988671 0.849733
0.988668 0.849665
0.988665 0.849598
0.988661 0.84953
0.988658 0.849462
0.988655 0.849395
0.988652 0.849327
0.988649 0.849258
0.988646 0.84919
0.988643 0.849122
0.988639 0.849053
0.988636 0.848985
0.988633 0.848916
0.98863 0.848847
0.988627 0.848778
0.988623 0.848709
0.98862 0.84864
0.988617 0.84857
0.988614 0.848501
0.988611 0.848431
0.988607 0.848361
0.988604 0.848292
0.988601 0.848222
0.988598 0.848151
0.988594 0.848081
0.988591 0.848011
0.988588 0.84794
0.988585 0.847869
0.988581 0.847799
0.988578 0.847728
0.988575 0.847657
0.988571 0.847585
0.988568 0.847514
0.988565 0.847443
0.988562 0.847371
0.988558 0.847299
0.988555 0.847227
0.988552 0.847155
0.988548 0.847083
0.988545 0.847011
0.988542 0.846939
0.988538 0.846866
0.988535 0.846793
0.988531 0.84672
0.988528 0.846647
0.988525 0.846574
0.988521 0.846501
0.988518 0.846428
0.988515 0.846354
0.988511 0.84628
0.988508 0.846207
0.988504 0.846133
0.988501 0.846059
0.988498 0.845984
0.988494 0.84591
0.988491 0.845835
0.988487 0.845761
0.988484 0.845686
0.98848 0.845611
0.988477 0.845536
0.988473 0.84546
0.98847 0.845385
0.988466 0.845309
0.988463 0.845233
0.988459 0.845158
0.988456 0.845082
0.988452 0.845005
0.988449 0.844929
0.988445 0.844852
0.988442 0.844776
0.988438 0.844699
0.988435 0.844622
0.988431 0.844545
0.988428 0.844468
0.988424 0.84439
0.988421 0.844313
0.988417 0.844235
0.988413 0.844157
0.98841 0.844079
0.988406 0.844001
0.988403 0.843922
0.988399 0.843844
0.988395 0.843765
0.988392 0.843686
0.988388 0.843607
0.988384 0.843528
0.988381 0.843448
0.988377 0.843369
0.988374 0.843289
0.98837 0.843209
0.988366 0.843129
0.988362 0.843049
0.988359 0.842969
0.988355 0.842888
0.988351 0.842808
0.988348 0.842727
0.988344 0.842646
0.98834 0.842564
0.988336 0.842483
0.988333 0.842402
0.988329 0.84232
0.988325 0.842238
0.988321 0.842156
0.988318 0.842074
0.988314 0.841991
0.98831 0.841909
0.988306 0.841826
0.988303 0.841743
0.988299 0.84166
0.988295 0.841576
0.988291 0.841493
0.988287 0.841409
0.988283 0.841325
0.98828 0.841241
0.988276 0.841157
0.988272 0.841073
0.988268 0.840988
0.988264 0.840903
0.98826 0.840818
0.988256 0.840733
0.988252 0.840648
0.988248 0.840562
0.988245 0.840477
0.988241 0.840391
0.988237 0.840305
0.988233 0.840218
0.988229 0.840132
0.988225 0.840045
0.988221 0.839958
0.988217 0.839871
0.988213 0.839784
0.988209 0.839697
0.988205 0.839609
0.988201 0.839521
0.988197 0.839433
0.988193 0.839345
0.988189 0.839257
0.988185 0.839168
0.988181 0.839079
0.988177 0.83899
0.988173 0.838901
0.988168 0.838811
0.988164 0.838722
0.98816 0.838632
0.988156 0.838542
0.988152 0.838452
0.988148 0.838361
0.988144 0.83827
0.98814 0.838179
0.988135 0.838088
0.988131 0.837997
0.988127 0.837906
0.988123 0.837814
0.988119 0.837722
0.988115 0.83763
0.98811 0.837537
0.988106 0.837445
0.988102 0.837352
0.988098 0.837259
0.988093 0.837166
0.988089 0.837072
0.988085 0.836978
0.988081 0.836885
0.988076 0.83679
0.988072 0.836696
0.988068 0.836601
0.988063 0.836507
0.988059 0.836412
0.988055 0.836316
0.98805 0.836221
0.988046 0.836125
0.988042 0.836029
0.988037 0.835933
0.988033 0.835837
0.988028 0.83574
0.988024 0.835643
0.98802 0.835546
0.988015 0.835448
0.988011 0.835351
0.988006 0.835253
0.988002 0.835155
0.987997 0.835057
0.987993 0.834958
0.987988 0.834859
0.987984 0.83476
0.987979 0.834661
0.987975 0.834561
0.98797 0.834462
0.987966 0.834362
0.987961 0.834261
0.987957 0.834161
0.987952 0.83406
0.987948 0.833959
0.987943 0.833858
0.987938 0.833756
0.987934 0.833654
0.987929 0.833552
0.987924 0.83345
0.98792 0.833347
0.987915 0.833245
0.98791 0.833141
0.987906 0.833038
0.987901 0.832934
0.987896 0.832831
0.987892 0.832726
0.987887 0.832622
0.987882 0.832517
0.987877 0.832412
0.987873 0.832307
0.987868 0.832202
0.987863 0.832096
0.987858 0.83199
0.987853 0.831884
0.987849 0.831777
0.987844 0.83167
0.987839 0.831563
0.987834 0.831455
0.987829 0.831348
0.987824 0.83124
0.987819 0.831131
0.987814 0.831023
0.98781 0.830914
0.987805 0.830805
0.9878 0.830695
0.987795 0.830586
0.98779 0.830476
0.987785 0.830365
0.98778 0.830255
0.987775 0.830144
0.98777 0.830033
0.987765 0.829921
0.98776 0.829809
0.987755 0.829697
0.987749 0.829585
0.987744 0.829472
0.987739 0.829359
0.987734 0.829246
0.987729 0.829132
0.987724 0.829018
0.987719 0.828904
0.987714 0.82879
0.987708 0.828675
0.987703 0.828559
0.987698 0.828444
0.987693 0.828328
0.987687 0.828212
0.987682 0.828096
0.987677 0.827979
0.987672 0.827862
0.987666 0.827744
0.987661 0.827626
0.987656 0.827508
0.98765 0.82739
0.987645 0.827271
0.98764 0.827152
0.987634 0.827033
0.987629 0.826913
0.987624 0.826793
0.987618 0.826672
0.987613 0.826551
0.987607 0.82643
0.987602 0.826309
0.987596 0.826187
0.987591 0.826065
0.987585 0.825942
0.98758 0.825819
0.987574 0.825696
0.987569 0.825573
0.987563 0.825449
0.987557 0.825324
0.987552 0.8252
0.987546 0.825075
0.987541 0.824949
0.987535 0.824824
0.987529 0.824697
0.987524 0.824571
0.987518 0.824444
0.987512 0.824317
0.987506 0.824189
0.987501 0.824061
0.987495 0.823933
0.987489 0.823804
0.987483 0.823675
0.987478 0.823545
0.987472 0.823416
0.987466 0.823285
0.98746 0.823155
0.987454 0.823024
0.987448 0.822892
0.987442 0.82276
0.987436 0.822628
0.98743 0.822495
0.987424 0.822362
0.987418 0.822229
0.987412 0.822095
0.987406 0.821961
0.9874 0.821826
0.987394 0.821691
0.987388 0.821555
0.987382 0.821419
0.987376 0.821283
0.98737 0.821146
0.987364 0.821009
0.987358 0.820872
0.987351 0.820733
0.987345 0.820595
0.987339 0.820456
0.987333 0.820317
0.987327 0.820177
0.98732 0.820037
0.987314 0.819896
0.987308 0.819755
0.987301 0.819614
0.987295 0.819472
0.987289 0.819329
0.987282 0.819186
0.987276 0.819043
0.987269 0.818899
0.987263 0.818755
0.987256 0.81861
0.98725 0.818465
0.987243 0.818319
0.987237 0.818173
0.98723 0.818027
0.987224 0.81788
0.987217 0.817732
0.987211 0.817584
0.987204 0.817436
0.987197 0.817287
0.987191 0.817137
0.987184 0.816987
0.987177 0.816837
0.987171 0.816686
0.987164 0.816534
0.987157 0.816383
0.98715 0.81623
0.987143 0.816077
0.987137 0.815924
0.98713 0.81577
0.987123 0.815615
0.987116 0.81546
0.987109 0.815305
0.987102 0.815149
0.987095 0.814992
0.987088 0.814835
0.987081 0.814678
0.987074 0.814519
0.987067 0.814361
0.98706 0.814202
0.987053 0.814042
0.987046 0.813882
0.987038 0.813721
0.987031 0.813559
0.987024 0.813397
0.987017 0.813235
0.98701 0.813072
0.987002 0.812908
0.986995 0.812744
0.986988 0.812579
0.98698 0.812414
0.986973 0.812248
0.986966 0.812082
0.986958 0.811915
0.986951 0.811747
0.986943 0.811579
0.986936 0.81141
0.986928 0.811241
0.986921 0.811071
0.986913 0.8109
0.986905 0.810729
0.986898 0.810557
0.98689 0.810384
0.986882 0.810211
0.986875 0.810038
0.986867 0.809863
0.986859 0.809688
0.986851 0.809513
0.986844 0.809337
0.986836 0.80916
0.986828 0.808982
0.98682 0.808804
0.986812 0.808626
0.986804 0.808446
0.986796 0.808266
0.986788 0.808085
0.98678 0.807904
0.986772 0.807722
0.986764 0.807539
0.986756 0.807356
0.986748 0.807172
0.98674 0.806987
0.986731 0.806802
0.986723 0.806616
0.986715 0.806429
0.986706 0.806241
0.986698 0.806053
0.98669 0.805864
0.986681 0.805674
0.986673 0.805484
0.986665 0.805293
0.986656 0.805101
0.986648 0.804909
0.986639 0.804715
0.98663 0.804521
0.986622 0.804327
0.986613 0.804131
0.986604 0.803935
0.986596 0.803738
0.986587 0.80354
0.986578 0.803342
0.986569 0.803142
0.986561 0.802942
0.986552 0.802741
0.986543 0.80254
0.986534 0.802337
0.986525 0.802134
0.986516 0.80193
0.986507 0.801725
0.986498 0.80152
0.986489 0.801313
0.98648 0.801106
0.98647 0.800898
0.986461 0.800689
0.986452 0.800479
0.986443 0.800269
0.986433 0.800057
0.986424 0.799845
0.986415 0.799632
0.986405 0.799418
0.986396 0.799203
0.986386 0.798987
0.986377 0.798771
0.986367 0.798553
0.986357 0.798335
0.986348 0.798115
0.986338 0.797895
0.986328 0.797674
0.986319 0.797452
0.986309 0.797229
0.986299 0.797006
0.986289 0.796781
0.986279 0.796555
0.986269 0.796329
0.986259 0.796101
0.986249 0.795872
0.986239 0.795643
0.986229 0.795412
0.986219 0.795181
0.986208 0.794949
0.986198 0.794715
0.986188 0.794481
0.986178 0.794246
0.986167 0.794009
0.986157 0.793772
0.986146 0.793533
0.986136 0.793294
0.986125 0.793054
0.986115 0.792812
0.986104 0.79257
0.986093 0.792326
0.986082 0.792081
0.986072 0.791836
0.986061 0.791589
0.98605 0.791341
0.986039 0.791092
0.986028 0.790842
0.986017 0.790591
0.986006 0.790339
0.985995 0.790085
0.985984 0.789831
0.985972 0.789575
0.985961 0.789318
0.98595 0.78906
0.985939 0.788801
0.985927 0.788541
0.985916 0.78828
0.985904 0.788017
0.985893 0.787753
0.985881 0.787488
0.985869 0.787222
0.985858 0.786955
0.985846 0.786686
0.985834 0.786416
0.985822 0.786145
0.98581 0.785873
0.985798 0.785599
0.985786 0.785324
0.985774 0.785048
0.985762 0.784771
0.98575 0.784492
0.985738 0.784212
0.985725 0.783931
0.985713 0.783648
0.9857 0.783364
0.985688 0.783079
0.985675 0.782792
0.985663 0.782504
0.98565 0.782215
0.985637 0.781924
0.985625 0.781632
0.985612 0.781338
0.985599 0.781043
0.985586 0.780747
0.985573 0.780449
0.98556 0.78015
0.985547 0.779849
0.985534 0.779547
0.98552 0.779243
0.985507 0.778938
0.985494 0.778632
0.98548 0.778324
0.985467 0.778014
0.985453 0.777703
0.985439 0.77739
0.985426 0.777076
0.985412 0.77676
0.985398 0.776443
0.985384 0.776124
0.98537 0.775803
0.985356 0.775481
0.985342 0.775157
0.985328 0.774832
0.985313 0.774504
0.985299 0.774176
0.985285 0.773845
0.98527 0.773513
0.985256 0.773179
0.985241 0.772844
0.985226 0.772507
0.985211 0.772168
0.985197 0.771827
0.985182 0.771484
0.985167 0.77114
0.985152 0.770794
0.985136 0.770446
0.985121 0.770097
0.985106 0.769745
0.98509 0.769392
0.985075 0.769036
0.985059 0.768679
0.985044 0.76832
0.985028 0.767959
0.985012 0.767597
0.984996 0.767232
0.98498 0.766865
0.984964 0.766496
0.984948 0.766126
0.984932 0.765753
0.984916 0.765378
0.984899 0.765001
0.984883 0.764623
0.984866 0.764242
0.984849 0.763859
0.984833 0.763474
0.984816 0.763087
0.984799 0.762697
0.984782 0.762306
0.984765 0.761912
0.984747 0.761516
0.98473 0.761118
0.984713 0.760718
0.984695 0.760316
0.984677 0.759911
0.98466 0.759504
0.984642 0.759095
0.984624 0.758683
0.984606 0.758269
0.984588 0.757853
0.98457 0.757434
0.984551 0.757013
0.984533 0.756589
0.984514 0.756163
0.984496 0.755735
0.984477 0.755304
0.984458 0.754871
0.984439 0.754435
0.98442 0.753996
0.984401 0.753555
0.984381 0.753111
0.984362 0.752665
0.984343 0.752216
0.984323 0.751765
0.984303 0.751311
0.984283 0.750854
0.984263 0.750394
0.984243 0.749932
0.984223 0.749466
0.984202 0.748998
0.984182 0.748528
0.984161 0.748054
0.984141 0.747578
0.98412 0.747098
0.984099 0.746616
0.984078 0.746131
0.984056 0.745642
0.984035 0.745151
0.984013 0.744657
0.983992 0.744159
0.98397 0.743659
0.983948 0.743155
0.983926 0.742649
0.983904 0.742139
0.983881 0.741626
0.983859 0.74111
0.983836 0.74059
0.983814 0.740067
0.983791 0.739541
0.983768 0.739012
0.983744 0.738479
0.983721 0.737943
0.983697 0.737403
0.983674 0.73686
0.98365 0.736313
0.983626 0.735763
0.983602 0.735209
0.983577 0.734652
0.983553 0.734091
0.983528 0.733526
0.983504 0.732958
0.983479 0.732386
0.983453 0.73181
0.983428 0.73123
0.983403 0.730647
0.983377 0.730059
0.983351 0.729468
0.983325 0.728873
0.983299 0.728273
0.983273 0.72767
0.983246 0.727063
0.983219 0.726451
0.983193 0.725836
0.983165 0.725216
0.983138 0.724592
0.983111 0.723963
0.983083 0.723331
0.983055 0.722694
0.983027 0.722052
0.982999 0.721407
0.98297 0.720756
0.982942 0.720101
0.982913 0.719442
0.982884 0.718778
0.982854 0.718109
0.982825 0.717436
0.982795 0.716758
0.982765 0.716075
0.982735 0.715387
0.982705 0.714695
0.982674 0.713997
0.982643 0.713294
0.982612 0.712587
0.982581 0.711874
0.982549 0.711156
0.982518 0.710433
0.982486 0.709705
0.982453 0.708971
0.982421 0.708232
0.982388 0.707488
0.982355 0.706738
0.982322 0.705983
0.982288 0.705222
0.982255 0.704455
0.982221 0.703683
0.982186 0.702905
0.982152 0.702121
0.982117 0.701331
0.982082 0.700536
0.982046 0.699734
0.982011 0.698926
0.981975 0.698113
0.981938 0.697293
0.981902 0.696466
0.981865 0.695634
0.981828 0.694795
0.98179 0.69395
0.981753 0.693098
0.981715 0.69224
0.981676 0.691375
0.981638 0.690503
0.981599 0.689624
0.981559 0.688739
0.98152 0.687847
0.98148 0.686948
0.981439 0.686041
0.981399 0.685128
0.981358 0.684207
0.981316 0.683279
0.981274 0.682344
0.981232 0.681401
0.98119 0.680451
0.981147 0.679493
0.981104 0.678527
0.98106 0.677554
0.981016 0.676572
0.980972 0.675583
0.980927 0.674586
0.980882 0.673581
0.980837 0.672567
0.980791 0.671545
0.980744 0.670515
0.980698 0.669477
0.98065 0.668429
0.980603 0.667374
0.980555 0.666309
0.980506 0.665236
0.980457 0.664153
0.980408 0.663062
0.980358 0.661961
0.980308 0.660852
0.980257 0.659733
0.980206 0.658604
0.980154 0.657467
0.980102 0.656319
0.980049 0.655162
0.979996 0.653995
0.979942 0.652818
0.979888 0.651631
0.979833 0.650434
0.979778 0.649226
0.979722 0.648009
0.979666 0.64678
0.979609 0.645542
0.979551 0.644292
0.979493 0.643032
0.979435 0.641761
0.979375 0.640478
0.979316 0.639185
0.979255 0.63788
0.979194 0.636564
0.979133 0.635236
0.97907 0.633897
0.979007 0.632546
0.978944 0.631183
0.97888 0.629809
0.978815 0.628422
0.978749 0.627022
0.978683 0.625611
0.978616 0.624186
0.978549 0.62275
0.97848 0.6213
0.978411 0.619838
0.978341 0.618362
0.978271 0.616873
0.9782 0.615371
0.978128 0.613856
0.978055 0.612327
0.977981 0.610784
0.977907 0.609228
0.977832 0.607657
0.977756 0.606072
0.977679 0.604474
0.977601 0.60286
0.977522 0.601232
0.977443 0.59959
0.977363 0.597932
0.977281 0.59626
0.977199 0.594572
0.977116 0.59287
0.977032 0.591151
0.976947 0.589418
0.976861 0.587668
0.976774 0.585903
0.976686 0.584122
0.976597 0.582324
0.976507 0.580511
0.976416 0.578681
0.976324 0.576834
0.976231 0.574971
0.976136 0.573091
0.976041 0.571194
0.975944 0.56928
0.975846 0.567348
0.975747 0.565399
0.975647 0.563433
0.975546 0.561449
0.975443 0.559447
0.975339 0.557427
0.975234 0.555389
0.975128 0.553333
0.97502 0.551259
0.974911 0.549166
0.974801 0.547054
0.974689 0.544924
0.974576 0.542775
0.974461 0.540607
0.974345 0.53842
0.974228 0.536214
0.974109 0.533988
0.973988 0.531743
0.973866 0.529478
0.973742 0.527194
0.973617 0.52489
0.97349 0.522567
0.973362 0.520223
0.973231 0.51786
0.9731 0.515476
0.972966 0.513072
0.972831 0.510648
0.972693 0.508204
0.972554 0.50574
0.972414 0.503255
0.972271 0.500749
0.972126 0.498224
0.97198 0.495677
0.971831 0.493111
0.97168 0.490523
0.971528 0.487916
0.971373 0.485287
0.971216 0.482638
0.971057 0.479969
0.970896 0.477279
0.970733 0.474569
0.970567 0.471838
0.9704 0.469087
0.970229 0.466315
0.970057 0.463523
0.969882 0.460711
0.969705 0.457879
0.969525 0.455028
0.969342 0.452156
0.969157 0.449264
0.96897 0.446353
0.968779 0.443423
0.968587 0.440473
0.968391 0.437504
0.968192 0.434516
0.967991 0.43151
0.967787 0.428485
0.96758 0.425442
0.96737 0.422381
0.967157 0.419302
0.966941 0.416206
0.966721 0.413093
0.966499 0.409963
0.966273 0.406816
0.966045 0.403653
0.965812 0.400475
0.965577 0.397281
0.965338 0.394072
0.965095 0.390848
0.964849 0.38761
0.9646 0.384358
0.964347 0.381093
0.96409 0.377815
0.963829 0.374525
0.963565 0.371223
0.963297 0.367909
0.963024 0.364585
0.962748 0.36125
0.962468 0.357906
0.962184 0.354552
0.961895 0.35119
0.961603 0.34782
0.961306 0.344443
0.961004 0.341059
0.960699 0.337669
0.960389 0.334274
0.960074 0.330874
0.959755 0.327471
0.959431 0.324063
0.959102 0.320654
0.958769 0.317242
0.958431 0.31383
0.958088 0.310417
0.957739 0.307004
0.957386 0.303593
0.957028 0.300184
0.956665 0.296777
0.956296 0.293374
0.955923 0.289975
0.955543 0.286581
0.955159 0.283193
0.954769 0.279812
0.954373 0.276438
0.953972 0.273073
0.953565 0.269716
0.953152 0.26637
0.952734 0.263034
0.95231 0.259709
0.951879 0.256397
0.951443 0.253097
0.951001 0.249812
0.950552 0.24654
0.950098 0.243285
0.949637 0.240045
0.94917 0.236822
0.948696 0.233616
0.948216 0.230429
0.94773 0.22726
0.947237 0.224111
0.946737 0.220983
0.946231 0.217875
0.945718 0.214789
0.945198 0.211725
0.944671 0.208683
0.944138 0.205666
0.943597 0.202672
0.94305 0.199702
0.942495 0.196758
0.941933 0.193839
0.941364 0.190946
0.940788 0.18808
0.940204 0.185241
0.939614 0.182428
0.939015 0.179644
0.93841 0.176888
0.937797 0.17416
0.937176 0.171462
0.936548 0.168792
0.935912 0.166152
0.935268 0.163541
0.934617 0.160961
0.933958 0.158411
0.933291 0.155891
0.932616 0.153401
0.931934 0.150943
0.931243 0.148515
0.930545 0.146118
0.929838 0.143752
0.929124 0.141418
0.928401 0.139114
0.92767 0.136842
0.926931 0.134601
0.926184 0.132391
0.925429 0.130212
0.924665 0.128064
0.923894 0.125948
0.923113 0.123862
0.922325 0.121808
0.921528 0.119784
0.920723 0.117791
0.919909 0.115828
0.919087 0.113896
0.918256 0.111994
0.917417 0.110122
0.91657 0.108279
0.915713 0.106467
0.914849 0.104683
0.913975 0.102929
0.913093 0.101204
0.912203 0.099507
0.911304 0.0978387
0.910396 0.0961985
0.909479 0.0945862
0.908554 0.0930014
0.90762 0.0914439
0.906677 0.0899134
0.905726 0.0884095
0.904766 0.086932
0.903797 0.0854806
0.902819 0.0840548
0.901833 0.0826545
0.900837 0.0812793
0.899833 0.0799288
0.89882 0.0786027
0.897799 0.0773007
0.896768 0.0760225
0.895729 0.0747677
0.89468 0.073536
0.893623 0.0723271
0.892557 0.0711405
0.891482 0.0699761
0.890399 0.0688333
0.889306 0.067712
0.888205 0.0666117
0.887094 0.0655322
0.885975 0.064473
0.884847 0.0634339
0.88371 0.0624145
0.882564 0.0614145
0.881409 0.0604336
0.880246 0.0594715
0.879073 0.0585278
0.877892 0.0576021
0.876701 0.0566943
0.875502 0.055804
0.874294 0.0549308
0.873077 0.0540745
0.871851 0.0532347
0.870616 0.0524112
0.869373 0.0516037
0.86812 0.0508118
0.866859 0.0500353
0.865589 0.0492739
0.864309 0.0485274
0.863021 0.0477953
0.861725 0.0470775
0.860419 0.0463737
0.859104 0.0456837
0.857781 0.045007
0.856449 0.0443436
0.855108 0.0436932
0.853758 0.0430554
0.852399 0.0424301
0.851031 0.041817
0.849655 0.0412158
0.84827 0.0406264
0.846876 0.0400485
0.845473 0.0394819
0.844062 0.0389264
0.842641 0.0383816
0.841212 0.0378475
0.839775 0.0373238
0.838328 0.0368104
0.836873 0.0363069
0.835409 0.0358132
0.833936 0.0353291
0.832455 0.0348544
0.830965 0.034389
0.829466 0.0339326
0.827959 0.0334851
0.826442 0.0330462
0.824918 0.0326158
0.823384 0.0321938
0.821842 0.03178
0.820292 0.0313741
0.818732 0.0309761
0.817164 0.0305858
0.815588 0.030203
0.814003 0.0298276
0.812409 0.0294594
0.810807 0.0290983
0.809196 0.0287441
0.807577 0.0283968
0.805949 0.0280561
0.804313 0.0277219
0.802668 0.0273941
0.801015 0.0270727
0.799354 0.0267573
0.797684 0.026448
0.796005 0.0261446
0.794318 0.025847
0.792623 0.025555
0.790919 0.0252686
0.789207 0.0249877
0.787487 0.0247121
0.785758 0.0244417
0.784021 0.0241765
0.782275 0.0239163
0.780522 0.023661
0.77876 0.0234105
0.77699 0.0231648
0.775211 0.0229238
0.773424 0.0226873
0.77163 0.0224552
0.769827 0.0222276
0.768016 0.0220042
0.766196 0.0217851
0.764369 0.0215701
0.762533 0.0213591
0.76069 0.0211521
0.758838 0.020949
0.756979 0.0207498
0.755111 0.0205542
0.753235 0.0203624
0.751352 0.0201742
0.74946 0.0199895
0.747561 0.0198083
0.745653 0.0196305
0.743738 0.019456
0.741815 0.0192849
0.739884 0.0191169
0.737946 0.0189521
0.735999 0.0187904
0.734045 0.0186318
0.732083 0.0184762
0.730114 0.0183235
0.728137 0.0181737
0.726152 0.0180267
0.724159 0.0178825
0.722159 0.017741
0.720152 0.0176022
0.718137 0.0174661
0.716115 0.0173325
0.714085 0.0172015
0.712048 0.017073
0.710003 0.0169469
0.707951 0.0168233
0.705892 0.016702
0.703825 0.0165831
0.701752 0.0164664
0.699671 0.016352
0.697583 0.0162398
0.695488 0.0161298
0.693386 0.0160219
0.691277 0.0159162
0.68916 0.0158125
0.687037 0.0157108
0.684907 0.0156112
0.682771 0.0155135
0.680627 0.0154177
0.678477 0.0153239
0.67632 0.0152319
0.674156 0.0151418
0.671986 0.0150535
0.669809 0.014967
0.667625 0.0148822
0.665435 0.0147992
0.663239 0.0147179
0.661036 0.0146382
0.658827 0.0145603
0.656612 0.0144839
0.654391 0.0144092
0.652163 0.014336
0.64993 0.0142644
0.64769 0.0141944
0.645444 0.0141258
0.643193 0.0140588
0.640936 0.0139932
0.638672 0.0139291
0.636404 0.0138664
0.634129 0.0138051
0.631849 0.0137452
0.629563 0.0136867
0.627272 0.0136296
0.624976 0.0135738
0.622674 0.0135193
0.620367 0.0134661
0.618055 0.0134141
0.615738 0.0133635
0.613416 0.0133141
0.611088 0.0132659
0.608756 0.013219
0.606419 0.0131733
0.604078 0.0131288
0.601732 0.0130854
0.599381 0.0130432
0.597026 0.0130022
0.594666 0.0129623
0.592302 0.0129235
0.589934 0.0128858
0.587562 0.0128492
0.585185 0.0128137
0.582805 0.0127793
0.580421 0.012746
0.578033 0.0127137
0.575641 0.0126824
0.573246 0.0126522
0.570847 0.012623
0.568445 0.0125948
0.56604 0.0125676
0.563631 0.0125414
0.56122 0.0125162
0.558805 0.012492
0.556387 0.0124687
0.553967 0.0124464
0.551544 0.012425
0.549118 0.0124045
0.54669 0.012385
0.544259 0.0123664
0.541826 0.0123487
0.539391 0.0123319
0.536954 0.0123161
0.534515 0.0123011
0.532074 0.012287
0.529631 0.0122737
0.527187 0.0122614
0.524741 0.0122499
0.522294 0.0122393
0.519846 0.0122295
0.517396 0.0122205
0.514946 0.0122125
0.512494 0.0122052
0.510042 0.0121988
0.507589 0.0121932
0.505135 0.0121884
0.502681 0.0121844
0.500227 0.0121813
0.497773 0.0121789
0.495318 0.0121774
0.492864 0.0121766
0.490409 0.0121767
0.487955 0.0121775
0.485502 0.0121791
0.483049 0.0121815
0.480596 0.0121847
0.478145 0.0121887
0.475694 0.0121934
0.473245 0.0121989
0.470797 0.0122051
0.46835 0.0122121
0.465904 0.0122199
0.463461 0.0122284
0.461019 0.0122377
0.458578 0.0122477
0.45614 0.0122585
0.453704 0.01227
0.45127 0.0122823
0.448839 0.0122953
0.44641 0.012309
0.443983 0.0123235
0.44156 0.0123387
0.439139 0.0123546
0.436722 0.0123713
0.434307 0.0123887
0.431896 0.0124068
0.429489 0.0124257
0.427084 0.0124453
0.424684 0.0124656
0.422288 0.0124866
0.419895 0.0125083
0.417507 0.0125308
0.415122 0.0125539
0.412743 0.0125778
0.410367 0.0126024
0.407997 0.0126278
0.405631 0.0126538
0.403269 0.0126805
0.400913 0.012708
0.398562 0.0127362
0.396217 0.0127651
0.393876 0.0127946
0.391541 0.0128249
0.389212 0.012856
0.386889 0.0128877
0.384571 0.0129201
0.382259 0.0129533
0.379954 0.0129871
0.377655 0.0130217
0.375362 0.0130569
0.373075 0.0130929
0.370795 0.0131296
0.368522 0.013167
0.366256 0.0132051
0.363996 0.0132439
0.361744 0.0132834
0.359499 0.0133236
0.357261 0.0133646
0.35503 0.0134062
0.352807 0.0134486
0.350591 0.0134916
0.348383 0.0135354
0.346183 0.0135799
0.343991 0.0136251
0.341807 0.013671
0.33963 0.0137176
0.337462 0.013765
0.335302 0.013813
0.333151 0.0138618
0.331008 0.0139112
0.328874 0.0139614
0.326748 0.0140123
0.324631 0.014064
0.322523 0.0141163
0.320423 0.0141694
0.318333 0.0142231
0.316251 0.0142776
0.314179 0.0143329
0.312116 0.0143888
0.310062 0.0144455
0.308018 0.0145028
0.305983 0.014561
0.303958 0.0146198
0.301942 0.0146793
0.299935 0.0147396
0.297939 0.0148006
0.295952 0.0148624
0.293975 0.0149248
0.292008 0.014988
0.29005 0.015052
0.288103 0.0151166
0.286166 0.015182
0.284239 0.0152481
0.282322 0.015315
0.280415 0.0153826
0.278518 0.0154509
0.276632 0.01552
0.274756 0.0155898
0.27289 0.0156603
0.271035 0.0157316
0.26919 0.0158036
0.267356 0.0158764
0.265532 0.0159499
0.263719 0.0160242
0.261916 0.0160992
0.260124 0.0161749
0.258342 0.0162514
0.256571 0.0163286
0.254811 0.0164066
0.253061 0.0164854
0.251322 0.0165648
0.249594 0.0166451
0.247876 0.0167261
0.24617 0.0168078
0.244474 0.0168903
0.242788 0.0169736
0.241114 0.0170576
0.23945 0.0171423
0.237797 0.0172279
0.236155 0.0173141
0.234523 0.0174012
0.232903 0.017489
0.231293 0.0175775
0.229694 0.0176669
0.228105 0.017757
0.226528 0.0178478
0.224961 0.0179394
0.223405 0.0180318
0.22186 0.018125
0.220325 0.0182189
0.218801 0.0183135
0.217288 0.018409
0.215786 0.0185052
0.214294 0.0186022
0.212813 0.0187
0.211342 0.0187985
0.209882 0.0188978
0.208433 0.0189979
0.206994 0.0190987
0.205566 0.0192003
0.204148 0.0193027
0.202741 0.0194059
0.201344 0.0195098
0.199957 0.0196145
0.198581 0.01972
0.197216 0.0198263
0.19586 0.0199334
0.194515 0.0200412
0.193181 0.0201498
0.191856 0.0202592
0.190542 0.0203693
0.189237 0.0204803
0.187943 0.020592
0.186659 0.0207045
0.185385 0.0208178
0.184121 0.0209319
0.182867 0.0210467
0.181623 0.0211623
0.180389 0.0212787
0.179164 0.0213959
0.17795 0.0215139
0.176745 0.0216327
0.17555 0.0217522
0.174364 0.0218725
0.173188 0.0219937
0.172022 0.0221156
0.170865 0.0222382
0.169717 0.0223617
0.168579 0.0224859
0.16745 0.022611
0.166331 0.0227368
0.165221 0.0228634
0.16412 0.0229908
0.163028 0.023119
0.161945 0.0232479
0.160871 0.0233777
0.159807 0.0235082
0.158751 0.0236395
0.157704 0.0237716
0.156666 0.0239045
0.155637 0.0240381
0.154616 0.0241726
0.153604 0.0243078
0.152601 0.0244439
0.151607 0.0245807
0.15062 0.0247182
0.149643 0.0248566
0.148673 0.0249958
0.147712 0.0251357
0.14676 0.0252765
0.145815 0.025418
0.144879 0.0255603
0.143951 0.0257033
0.143031 0.0258472
0.142119 0.0259918
0.141215 0.0261373
0.140319 0.0262835
0.13943 0.0264305
0.13855 0.0265782
0.137677 0.0267268
0.136812 0.0268761
0.135954 0.0270262
0.135104 0.0271771
0.134262 0.0273288
0.133427 0.0274813
0.132599 0.0276345
0.131779 0.0277885
0.130966 0.0279433
0.13016 0.0280989
0.129361 0.0282552
0.12857 0.0284124
0.127785 0.0285703
0.127008 0.0287289
0.126238 0.0288884
0.125474 0.0290486
0.124717 0.0292096
0.123967 0.0293714
0.123224 0.029534
0.122488 0.0296973
0.121758 0.0298614
0.121035 0.0300263
0.120318 0.0301919
0.119608 0.0303583
0.118904 0.0305255
0.118206 0.0306935
0.117515 0.0308622
0.11683 0.0310317
0.116151 0.0312019
0.115479 0.031373
0.114812 0.0315448
0.114152 0.0317173
0.113497 0.0318907
0.112849 0.0320648
0.112206 0.0322396
0.111569 0.0324153
0.110939 0.0325917
0.110313 0.0327688
0.109694 0.0329467
0.10908 0.0331254
0.108472 0.0333049
0.107869 0.0334851
0.107272 0.033666
0.10668 0.0338478
0.106094 0.0340302
0.105513 0.0342135
0.104938 0.0343975
0.104367 0.0345822
0.103802 0.0347678
0.103242 0.034954
0.102687 0.0351411
0.102138 0.0353288
0.101593 0.0355174
0.101053 0.0357067
0.100519 0.0358967
0.099989 0.0360875
0.0994641 0.036279
0.098944 0.0364713
0.0984287 0.0366644
0.0979181 0.0368582
0.0974122 0.0370527
0.096911 0.037248
0.0964144 0.0374441
0.0959224 0.0376409
0.0954348 0.0378384
0.0949518 0.0380367
0.0944732 0.0382358
0.0939991 0.0384355
0.0935292 0.0386361
0.0930638 0.0388373
0.0926026 0.0390394
0.0921456 0.0392421
0.0916929 0.0394456
0.0912443 0.0396499
0.0907999 0.0398548
0.0903596 0.0400606
0.0899233 0.040267
0.089491 0.0404743
0.0890628 0.0406822
0.0886385 0.0408909
0.0882181 0.0411003
0.0878015 0.0413105
0.0873889 0.0415214
0.08698 0.0417331
0.0865749 0.0419454
0.0861735 0.0421586
0.0857758 0.0423724
0.0853819 0.042587
0.0849915 0.0428023
0.0846047 0.0430184
0.0842215 0.0432352
0.0838419 0.0434527
0.0834657 0.043671
0.0830931 0.04389
0.0827238 0.0441097
0.082358 0.0443302
0.0819955 0.0445514
0.0816364 0.0447734
0.0812807 0.044996
0.0809281 0.0452194
0.0805789 0.0454436
0.0802329 0.0456684
0.07989 0.045894
0.0795504 0.0461204
0.0792139 0.0463474
0.0788804 0.0465752
0.0785501 0.0468038
0.0782228 0.047033
0.0778986 0.047263
0.0775773 0.0474937
0.077259 0.0477252
0.0769436 0.0479574
0.0766312 0.0481903
0.0763216 0.0484239
0.076015 0.0486583
0.0757111 0.0488934
0.0754101 0.0491293
0.0751118 0.0493658
0.0748163 0.0496031
0.0745236 0.0498412
0.0742335 0.0500799
0.0739461 0.0503194
0.0736614 0.0505596
0.0733794 0.0508006
0.0730999 0.0510423
0.072823 0.0512847
0.0725487 0.0515279
0.072277 0.0517718
0.0720077 0.0520164
0.071741 0.0522618
0.0714767 0.0525078
0.0712149 0.0527547
0.0709555 0.0530022
0.0706985 0.0532505
0.0704439 0.0534995
0.0701917 0.0537493
0.0699418 0.0539998
0.0696943 0.0542511
0.069449 0.054503
0.0692061 0.0547557
0.0689654 0.0550092
0.0687269 0.0552634
0.0684906 0.0555183
0.0682566 0.055774
0.0680247 0.0560304
0.0677951 0.0562875
0.0675675 0.0565454
0.0673421 0.0568041
0.0671188 0.0570634
0.0668975 0.0573235
0.0666784 0.0575844
0.0664613 0.057846
0.0662462 0.0581084
0.0660332 0.0583715
0.0658221 0.0586353
0.0656131 0.0588999
0.0654059 0.0591653
0.0652008 0.0594314
0.0649976 0.0596983
0.0647963 0.0599659
0.0645968 0.0602342
0.0643993 0.0605033
0.0642036 0.0607732
0.0640098 0.0610438
0.0638179 0.0613152
0.0636277 0.0615874
0.0634393 0.0618603
0.0632528 0.062134
0.063068 0.0624084
0.0628849 0.0626836
0.0627036 0.0629596
0.062524 0.0632363
0.0623462 0.0635138
0.06217 0.0637921
0.0619955 0.0640711
0.0618227 0.0643509
0.0616516 0.0646315
0.0614821 0.0649129
0.0613142 0.0651951
0.061148 0.065478
0.0609833 0.0657617
0.0608202 0.0660462
0.0606587 0.0663315
0.0604988 0.0666175
0.0603404 0.0669044
0.0601836 0.067192
0.0600283 0.0674805
0.0598745 0.0677697
0.0597222 0.0680597
0.0595714 0.0683505
0.0594221 0.0686421
0.0592742 0.0689346
0.0591278 0.0692278
0.0589828 0.0695218
0.0588393 0.0698167
0.0586972 0.0701123
0.0585565 0.0704088
0.0584172 0.070706
0.0582793 0.0710041
0.0581427 0.071303
0.0580075 0.0716028
0.0578737 0.0719033
0.0577412 0.0722047
0.0576101 0.0725069
0.0574802 0.07281
0.0573517 0.0731138
0.0572245 0.0734185
0.0570986 0.0737241
0.0569739 0.0740305
0.0568506 0.0743377
0.0567285 0.0746458
0.0566076 0.0749547
0.056488 0.0752645
0.0563697 0.0755752
0.0562525 0.0758867
0.0561366 0.076199
0.0560219 0.0765123
0.0559084 0.0768263
0.0557961 0.0771413
0.0556849 0.0774571
0.055575 0.0777739
0.0554662 0.0780915
0.0553585 0.0784099
0.055252 0.0787293
0.0551467 0.0790495
0.0550424 0.0793707
0.0549393 0.0796927
0.0548374 0.0800157
0.0547365 0.0803395
0.0546367 0.0806643
0.054538 0.0809899
0.0544404 0.0813165
0.0543439 0.081644
0.0542485 0.0819724
0.0541541 0.0823018
0.0540608 0.082632
0.0539685 0.0829632
0.0538772 0.0832954
0.053787 0.0836285
0.0536979 0.0839625
0.0536097 0.0842975
0.0535226 0.0846334
0.0534364 0.0849703
0.0533513 0.0853082
0.0532672 0.085647
0.053184 0.0859868
0.0531018 0.0863275
0.0530207 0.0866693
0.0529404 0.087012
0.0528612 0.0873557
0.0527829 0.0877004
0.0527055 0.0880461
0.0526291 0.0883929
0.0525536 0.0887406
0.0524791 0.0890893
0.0524055 0.0894391
0.0523328 0.0897898
0.0522611 0.0901416
0.0521902 0.0904945
0.0521203 0.0908483
0.0520512 0.0912032
0.051983 0.0915592
0.0519158 0.0919162
0.0518494 0.0922743
0.0517839 0.0926334
0.0517193 0.0929936
0.0516555 0.0933549
0.0515926 0.0937172
0.0515306 0.0940807
0.0514694 0.0944452
0.0514091 0.0948109
0.0513496 0.0951776
0.051291 0.0955455
0.0512332 0.0959144
0.0511762 0.0962845
0.0511201 0.0966557
0.0510648 0.0970281
0.0510103 0.0974016
0.0509566 0.0977762
0.0509037 0.098152
0.0508516 0.098529
0.0508004 0.0989071
0.0507499 0.0992864
0.0507003 0.0996669
0.0506514 0.100049
0.0506033 0.100431
0.050556 0.100815
0.0505095 0.101201
0.0504637 0.101587
0.0504187 0.101975
0.0503745 0.102364
0.0503311 0.102754
0.0502884 0.103145
0.0502465 0.103538
0.0502053 0.103932
0.0501649 0.104327
0.0501252 0.104724
0.0500863 0.105121
0.0500481 0.10552
0.0500107 0.105921
0.049974 0.106322
0.049938 0.106725
0.0499028 0.10713
0.0498683 0.107535
0.0498345 0.107942
0.0498014 0.10835
0.0497691 0.10876
0.0497374 0.109171
0.0497065 0.109584
0.0496763 0.109997
0.0496468 0.110413
0.049618 0.110829
0.0495899 0.111247
0.0495626 0.111666
0.0495359 0.112087
0.0495099 0.11251
0.0494846 0.112933
0.04946 0.113358
0.0494361 0.113785
0.0494129 0.114213
0.0493903 0.114643
0.0493685 0.115074
0.0493473 0.115507
0.0493268 0.115941
0.049307 0.116376
0.0492879 0.116814
0.0492694 0.117252
0.0492516 0.117693
0.0492345 0.118135
0.0492181 0.118578
0.0492023 0.119023
0.0491872 0.11947
0.0491727 0.119918
0.049159 0.120368
0.0491458 0.12082
0.0491334 0.121273
0.0491216 0.121728
0.0491105 0.122184
0.0491 0.122643
0.0490901 0.123103
0.049081 0.123564
0.0490725 0.124028
0.0490646 0.124493
0.0490574 0.12496
0.0490508 0.125428
0.0490449 0.125899
0.0490397 0.126371
0.049035 0.126845
0.0490311 0.127321
0.0490277 0.127798
0.0490251 0.128278
0.049023 0.128759
0.0490217 0.129242
0.0490209 0.129728
0.0490208 0.130215
0.0490214 0.130704
0.0490226 0.131194
0.0490244 0.131687
0.0490269 0.132182
0.04903 0.132679
0.0490337 0.133178
0.0490381 0.133678
0.0490432 0.134181
0.0490489 0.134686
0.0490552 0.135193
0.0490621 0.135702
0.0490697 0.136213
0.049078 0.136726
0.0490869 0.137241
0.0490964 0.137759
0.0491066 0.138278
0.0491174 0.1388
0.0491288 0.139324
0.0491409 0.13985
0.0491537 0.140378
0.0491671 0.140909
0.0491811 0.141442
0.0491958 0.141977
0.0492111 0.142514
0.049227 0.143054
0.0492436 0.143596
0.0492609 0.144141
0.0492788 0.144687
0.0492974 0.145237
0.0493166 0.145788
0.0493364 0.146342
0.0493569 0.146899
0.0493781 0.147458
0.0493999 0.148019
0.0494224 0.148583
0.0494455 0.14915
0.0494693 0.149719
0.0494937 0.150291
0.0495188 0.150865
0.0495446 0.151442
0.049571 0.152022
0.0495981 0.152604
0.0496259 0.153189
0.0496543 0.153777
0.0496834 0.154367
0.0497132 0.154961
0.0497437 0.155557
0.0497748 0.156156
0.0498066 0.156757
0.0498391 0.157362
0.0498722 0.157969
0.0499061 0.15858
0.0499406 0.159193
0.0499758 0.15981
0.0500117 0.160429
0.0500483 0.161051
0.0500856 0.161677
0.0501236 0.162305
0.0501623 0.162937
0.0502017 0.163572
0.0502418 0.16421
0.0502826 0.164851
0.0503241 0.165495
0.0503664 0.166143
0.0504093 0.166794
0.050453 0.167448
0.0504974 0.168105
0.0505425 0.168766
0.0505884 0.169431
0.050635 0.170098
0.0506823 0.17077
0.0507304 0.171444
0.0507792 0.172123
0.0508287 0.172805
0.050879 0.17349
0.0509301 0.174179
0.0509819 0.174872
0.0510345 0.175569
0.0510879 0.176269
0.051142 0.176973
0.0511969 0.177681
0.0512525 0.178393
0.051309 0.179108
0.0513662 0.179828
0.0514243 0.180551
0.0514831 0.181279
0.0515427 0.182011
0.0516032 0.182746
0.0516644 0.183486
0.0517265 0.18423
0.0517894 0.184978
0.0518531 0.185731
0.0519177 0.186487
0.051983 0.187248
0.0520493 0.188014
0.0521164 0.188784
0.0521843 0.189558
0.0522531 0.190337
0.0523227 0.19112
0.0523933 0.191908
0.0524647 0.192701
0.0525369 0.193498
0.0526101 0.1943
0.0526842 0.195107
0.0527592 0.195919
0.0528351 0.196736
0.0529119 0.197557
0.0529896 0.198384
0.0530683 0.199215
0.0531479 0.200052
0.0532284 0.200894
0.0533099 0.201741
0.0533923 0.202593
0.0534758 0.203451
0.0535602 0.204314
0.0536455 0.205182
0.0537319 0.206056
0.0538193 0.206935
0.0539077 0.20782
0.0539971 0.208711
0.0540875 0.209607
0.0541789 0.210509
0.0542714 0.211417
0.054365 0.212331
0.0544596 0.213251
0.0545553 0.214177
0.0546521 0.215108
0.0547499 0.216046
0.0548489 0.216991
0.0549489 0.217941
0.0550501 0.218898
0.0551524 0.219861
0.0552559 0.220831
0.0553605 0.221808
0.0554663 0.222791
0.0555733 0.22378
0.0556814 0.224777
0.0557907 0.22578
0.0559013 0.22679
0.0560131 0.227808
0.0561261 0.228832
0.0562403 0.229863
0.0563558 0.230902
0.0564726 0.231948
0.0565907 0.233002
0.0567101 0.234063
0.0568308 0.235131
0.0569528 0.236207
0.0570761 0.237291
0.0572008 0.238383
0.0573269 0.239482
0.0574544 0.24059
0.0575832 0.241706
0.0577135 0.242829
0.0578452 0.243961
0.0579784 0.245102
0.058113 0.246251
0.0582491 0.247408
0.0583867 0.248574
0.0585258 0.249749
0.0586664 0.250933
0.0588086 0.252125
0.0589523 0.253327
0.0590977 0.254538
0.0592446 0.255758
0.0593932 0.256987
0.0595434 0.258226
0.0596952 0.259475
0.0598488 0.260733
0.060004 0.262001
0.060161 0.263278
0.0603197 0.264566
0.0604802 0.265864
0.0606424 0.267172
0.0608065 0.268491
0.0609724 0.26982
0.0611402 0.27116
0.0613098 0.27251
0.0614814 0.273871
0.0616548 0.275243
0.0618302 0.276627
0.0620076 0.278021
0.062187 0.279427
0.0623685 0.280844
0.062552 0.282273
0.0627375 0.283714
0.0629252 0.285167
0.063115 0.286631
0.063307 0.288108
0.0635012 0.289597
0.0636976 0.291099
0.0638962 0.292613
0.0640972 0.29414
0.0643005 0.295679
0.0645061 0.297232
0.0647141 0.298798
0.0649245 0.300377
0.0651374 0.30197
0.0653528 0.303576
0.0655707 0.305196
0.0657911 0.30683
0.0660141 0.308478
0.0662398 0.310141
0.0664681 0.311818
0.0666992 0.313509
0.066933 0.315215
0.0671696 0.316936
0.067409 0.318672
0.0676512 0.320423
0.0678964 0.32219
0.0681446 0.323972
0.0683957 0.32577
0.0686499 0.327584
0.0689072 0.329414
0.0691676 0.33126
0.0694313 0.333122
0.0696981 0.335002
0.0699682 0.336898
0.0702417 0.33881
0.0705185 0.340741
0.0707988 0.342688
0.0710826 0.344653
0.0713699 0.346635
0.0716609 0.348636
0.0719555 0.350654
0.0722538 0.352691
0.0725559 0.354746
0.0728618 0.35682
0.0731716 0.358913
0.0734854 0.361024
0.0738032 0.363155
0.074125 0.365305
0.0744511 0.367474
0.0747813 0.369663
0.0751159 0.371873
0.0754548 0.374102
0.0757981 0.376351
0.076146 0.378621
0.0764984 0.380911
0.0768555 0.383222
0.0772173 0.385555
0.0775839 0.387908
0.0779554 0.390282
0.0783319 0.392679
0.0787135 0.395096
0.0791001 0.397536
0.079492 0.399997
0.0798892 0.402481
0.0802919 0.404987
0.0807 0.407515
0.0811137 0.410066
0.0815331 0.41264
0.0819582 0.415237
0.0823893 0.417857
0.0828263 0.4205
0.0832694 0.423166
0.0837187 0.425855
0.0841743 0.428569
0.0846363 0.431306
0.0851049 0.434066
0.08558 0.436851
0.0860619 0.439659
0.0865506 0.442492
0.0870463 0.445348
0.0875491 0.448229
0.0880592 0.451134
0.0885765 0.454064
0.0891014 0.457018
0.0896339 0.459996
0.0901741 0.462999
0.0907221 0.466026
0.0912782 0.469078
0.0918424 0.472154
0.0924149 0.475254
0.0929959 0.478379
0.0935854 0.481528
0.0941837 0.484702
0.0947908 0.4879
0.095407 0.491122
0.0960323 0.494368
0.0966671 0.497638
0.0973113 0.500931
0.0979652 0.504249
0.098629 0.50759
0.0993028 0.510954
0.0999868 0.514341
0.100681 0.517752
0.101386 0.521185
0.102102 0.52464
0.102828 0.528118
0.103566 0.531617
0.104315 0.535138
0.105075 0.53868
0.105847 0.542243
0.106631 0.545827
0.107427 0.549431
0.108235 0.553054
0.109056 0.556697
0.109889 0.560359
0.110736 0.564038
0.111595 0.567736
0.112468 0.571451
0.113354 0.575183
0.114254 0.578931
0.115168 0.582695
0.116096 0.586473
0.117038 0.590266
0.117995 0.594073
0.118968 0.597892
0.119955 0.601724
0.120957 0.605568
0.121975 0.609422
0.123009 0.613286
0.124059 0.61716
0.125125 0.621042
0.126208 0.624931
0.127308 0.628828
0.128424 0.63273
0.129558 0.636637
0.130709 0.640548
0.131878 0.644463
0.133066 0.648379
0.134271 0.652297
0.135495 0.656216
0.136738 0.660133
0.137999 0.664049
0.13928 0.667962
0.140581 0.671871
0.141901 0.675776
0.143242 0.679675
0.144602 0.683567
0.145983 0.687452
0.147385 0.691327
0.148808 0.695193
0.150253 0.699047
0.151718 0.70289
0.153206 0.70672
0.154715 0.710535
0.156247 0.714336
0.157802 0.71812
0.159379 0.721888
0.160979 0.725637
0.162602 0.729367
0.164249 0.733077
0.165919 0.736766
0.167613 0.740433
0.169332 0.744077
0.171074 0.747697
0.172841 0.751293
0.174634 0.754863
0.176451 0.758406
0.178293 0.761922
0.18016 0.76541
0.182053 0.768869
0.183972 0.772299
0.185917 0.775698
0.187888 0.779066
0.189886 0.782403
0.191909 0.785707
0.19396 0.788978
0.196037 0.792216
0.198141 0.795419
0.200273 0.798588
0.202432 0.801722
0.204618 0.80482
0.206831 0.807883
0.209073 0.810909
0.211342 0.813898
0.213639 0.816851
0.215964 0.819766
0.218317 0.822643
0.220698 0.825483
0.223108 0.828285
0.225546 0.831048
0.228012 0.833773
0.230507 0.83646
0.23303 0.839108
0.235582 0.841718
0.238163 0.844289
0.240773 0.846822
0.243411 0.849316
0.246078 0.851771
0.248773 0.854188
0.251497 0.856567
0.25425 0.858908
0.257032 0.86121
0.259843 0.863475
0.262682 0.865702
0.265549 0.867892
0.268446 0.870044
0.27137 0.87216
0.274324 0.874239
0.277305 0.876281
0.280315 0.878287
0.283353 0.880258
0.286419 0.882193
0.289513 0.884093
0.292634 0.885958
0.295784 0.887789
0.298961 0.889585
0.302165 0.891348
0.305397 0.893078
0.308655 0.894775
0.311941 0.89644
0.315253 0.898072
0.318592 0.899673
0.321957 0.901243
0.325347 0.902781
0.328764 0.90429
0.332206 0.905769
0.335674 0.907218
0.339166 0.908638
0.342683 0.910029
0.346225 0.911393
0.349791 0.912729
0.353381 0.914037
0.356994 0.915319
0.36063 0.916574
0.364289 0.917804
0.367971 0.919007
0.371675 0.920186
0.3754 0.921341
0.379147 0.922471
0.382915 0.923577
0.386703 0.92466
0.390512 0.92572
0.39434 0.926757
0.398187 0.927773
0.402054 0.928767
0.405939 0.929739
0.409841 0.930691
0.413761 0.931622
0.417698 0.932533
0.421651 0.933424
0.42562 0.934296
0.429605 0.935149
0.433604 0.935984
0.437618 0.9368
0.441646 0.937598
0.445686 0.938379
0.44974 0.939143
0.453805 0.93989
0.457882 0.94062
0.461969 0.941335
0.466067 0.942033
0.470175 0.942716
0.474291 0.943384
0.478416 0.944037
0.482549 0.944675
0.486689 0.945299
0.490835 0.945909
0.494988 0.946506
0.499145 0.947089
0.503307 0.947659
0.507473 0.948215
0.511641 0.94876
0.515813 0.949292
0.519986 0.949812
0.52416 0.95032
0.528335 0.950816
0.532509 0.951301
0.536683 0.951775
0.540855 0.952239
0.545024 0.952691
0.549191 0.953133
0.553353 0.953565
0.557512 0.953987
0.561665 0.954399
0.565812 0.954801
0.569953 0.955194
0.574086 0.955578
0.578212 0.955953
0.582329 0.956319
0.586437 0.956676
0.590534 0.957025
0.594622 0.957365
0.598697 0.957698
0.602761 0.958022
0.606813 0.958339
0.610851 0.958648
0.614875 0.958949
0.618884 0.959243
0.622879 0.95953
0.626857 0.95981
0.630819 0.960084
0.634764 0.96035
0.638692 0.96061
0.642601 0.960863
0.646492 0.96111
0.650363 0.961351
0.654214 0.961585
0.658045 0.961814
0.661855 0.962037
0.665643 0.962254
0.66941 0.962466
0.673154 0.962672
0.676875 0.962872
0.680573 0.963068
0.684247 0.963258
0.687896 0.963443
0.691521 0.963623
0.695121 0.963799
0.698696 0.963969
0.702244 0.964135
0.705766 0.964296
0.709262 0.964453
0.712731 0.964605
0.716172 0.964753
0.719586 0.964897
0.722972 0.965037
0.72633 0.965172
0.72966 0.965304
0.732961 0.965431
0.736233 0.965555
0.739476 0.965675
0.74269 0.965791
0.745874 0.965904
0.749029 0.966013
0.752154 0.966119
0.755249 0.966221
0.758314 0.96632
0.761349 0.966416
0.764354 0.966508
0.767328 0.966597
0.770272 0.966683
0.773186 0.966766
0.776069 0.966846
0.778921 0.966923
0.781743 0.966998
0.784534 0.967069
0.787295 0.967138
0.790026 0.967204
0.792725 0.967267
0.795395 0.967328
0.798034 0.967386
0.800642 0.967441
0.803221 0.967494
0.805769 0.967545
0.808287 0.967593
0.810775 0.967639
0.813233 0.967683
0.815662 0.967724
0.81806 0.967763
0.82043 0.9678
0.82277 0.967835
0.82508 0.967868
0.827362 0.967899
0.829615 0.967927
0.831839 0.967954
0.834035 0.967979
0.836203 0.968002
0.838342 0.968023
0.840453 0.968042
0.842537 0.968059
0.844593 0.968075
0.846622 0.968088
0.848624 0.968101
0.8506 0.968111
0.852548 0.96812
0.85447 0.968127
0.856366 0.968132
0.858236 0.968136
0.860081 0.968139
0.8619 0.96814
0.863694 0.968139
0.865463 0.968137
0.867208 0.968134
0.868928 0.968129
0.870623 0.968123
0.872295 0.968115
0.873944 0.968106
0.875569 0.968096
0.877171 0.968084
0.87875 0.968072
0.880307 0.968058
0.881841 0.968042
0.883353 0.968026
0.884843 0.968008
0.886312 0.96799
0.88776 0.96797
0.889187 0.967949
0.890592 0.967927
0.891978 0.967903
0.893343 0.967879
0.894688 0.967854
0.896014 0.967828
0.89732 0.9678
0.898607 0.967772
0.899875 0.967743
0.901124 0.967712
0.902355 0.967681
0.903568 0.967649
0.904763 0.967616
0.90594 0.967582
0.907099 0.967547
0.908242 0.967512
0.909367 0.967475
0.910476 0.967438
0.911568 0.9674
0.912645 0.967361
0.913705 0.967321
0.914749 0.967281
0.915778 0.96724
0.916791 0.967198
0.91779 0.967155
0.918773 0.967111
0.919742 0.967067
0.920696 0.967022
0.921636 0.966977
0.922562 0.966931
0.923475 0.966884
0.924373 0.966836
0.925259 0.966788
0.926131 0.966739
0.92699 0.96669
0.927836 0.96664
0.92867 0.966589
0.929492 0.966538
0.930301 0.966486
0.931098 0.966434
0.931883 0.966381
0.932657 0.966327
0.933419 0.966273
0.93417 0.966218
0.93491 0.966163
0.935638 0.966108
0.936356 0.966052
0.937064 0.965995
0.937761 0.965938
0.938447 0.96588
0.939124 0.965822
0.93979 0.965764
0.940447 0.965705
0.941094 0.965646
0.941732 0.965586
0.94236 0.965525
0.942979 0.965465
0.94359 0.965404
0.944191 0.965342
0.944783 0.96528
0.945367 0.965218
0.945942 0.965155
0.946509 0.965092
0.947068 0.965029
0.947618 0.964965
0.948161 0.964901
0.948696 0.964836
0.949223 0.964771
0.949742 0.964706
0.950254 0.96464
0.950759 0.964574
0.951256 0.964508
0.951747 0.964442
0.95223 0.964375
0.952706 0.964308
0.953176 0.96424
0.953639 0.964172
0.954095 0.964104
0.954545 0.964036
0.954989 0.963967
0.955426 0.963898
0.955857 0.963829
0.956282 0.96376
0.956701 0.96369
0.957115 0.96362
0.957522 0.96355
0.957924 0.963479
0.95832 0.963409
0.958711 0.963338
0.959096 0.963266
0.959476 0.963195
0.95985 0.963123
0.96022 0.963051
0.960584 0.962979
0.960943 0.962907
0.961298 0.962834
0.961648 0.962762
0.961992 0.962689
0.962332 0.962616
0.962668 0.962542
0.962999 0.962469
0.963325 0.962395
0.963647 0.962321
0.963965 0.962247
0.964278 0.962173
0.964588 0.962099
0.964893 0.962024
0.965194 0.961949
0.965491 0.961874
0.965784 0.961799
0.966073 0.961724
0.966358 0.961649
0.966639 0.961573
0.966917 0.961498
0.967191 0.961422
0.967462 0.961346
0.967729 0.96127
0.967992 0.961194
0.968252 0.961117
0.968509 0.961041
0.968762 0.960964
0.969012 0.960887
0.969259 0.960811
0.969503 0.960734
0.969743 0.960657
0.969981 0.960579
0.970215 0.960502
0.970446 0.960425
0.970675 0.960347
0.9709 0.96027
0.971123 0.960192
0.971342 0.960114
0.971559 0.960036
0.971774 0.959958
0.971985 0.95988
0.972194 0.959802
0.9724 0.959724
0.972604 0.959645
0.972805 0.959567
0.973004 0.959489
0.9732 0.95941
0.973394 0.959331
0.973585 0.959253
0.973774 0.959174
0.973961 0.959095
0.974145 0.959016
0.974327 0.958937
0.974507 0.958858
0.974685 0.958779
0.97486 0.9587
0.975034 0.958621
0.975205 0.958541
0.975374 0.958462
0.975542 0.958383
0.975707 0.958303
0.97587 0.958224
0.976031 0.958144
0.976191 0.958065
0.976348 0.957985
0.976504 0.957906
0.976657 0.957826
0.976809 0.957746
0.976959 0.957666
0.977108 0.957587
0.977254 0.957507
0.977399 0.957427
0.977542 0.957347
0.977684 0.957267
0.977824 0.957187
0.977962 0.957107
0.978099 0.957027
0.978234 0.956947
0.978367 0.956867
0.978499 0.956787
0.97863 0.956707
0.978759 0.956627
0.978886 0.956547
0.979012 0.956467
0.979137 0.956387
0.97926 0.956307
0.979382 0.956227
0.979502 0.956146
0.979621 0.956066
0.979739 0.955986
0.979855 0.955906
0.97997 0.955826
0.980084 0.955746
0.980197 0.955665
0.980308 0.955585
0.980418 0.955505
0.980527 0.955425
0.980634 0.955345
0.980741 0.955264
0.980846 0.955184
0.98095 0.955104
0.981053 0.955024
0.981155 0.954944
0.981256 0.954864
0.981356 0.954784
0.981454 0.954703
0.981552 0.954623
0.981648 0.954543
0.981743 0.954463
0.981838 0.954383
0.981931 0.954303
0.982024 0.954223
0.982115 0.954143
0.982205 0.954063
0.982295 0.953983
0.982383 0.953903
0.982471 0.953823
0.982557 0.953743
0.982643 0.953663
0.982728 0.953583
0.982812 0.953503
0.982895 0.953424
0.982977 0.953344
0.983058 0.953264
0.983139 0.953184
0.983219 0.953105
0.983297 0.953025
0.983375 0.952945
0.983453 0.952866
0.983529 0.952786
0.983605 0.952706
0.983679 0.952627
0.983753 0.952547
0.983827 0.952468
0.983899 0.952388
0.983971 0.952309
0.984042 0.95223
0.984113 0.95215
0.984182 0.952071
0.984251 0.951992
0.984319 0.951912
0.984387 0.951833
0.984454 0.951754
0.98452 0.951675
0.984586 0.951596
0.98465 0.951517
0.984715 0.951438
0.984778 0.951359
0.984841 0.95128
0.984904 0.951201
0.984965 0.951122
0.985027 0.951044
0.985087 0.950965
0.985147 0.950886
0.985206 0.950807
0.985265 0.950729
0.985323 0.95065
0.985381 0.950572
0.985438 0.950493
0.985494 0.950415
0.98555 0.950337
0.985606 0.950258
0.985661 0.95018
0.985715 0.950102
0.985769 0.950024
0.985822 0.949946
0.985875 0.949867
0.985927 0.949789
0.985979 0.949712
0.98603 0.949634
0.986081 0.949556
0.986131 0.949478
0.986181 0.9494
0.986231 0.949323
0.98628 0.949245
0.986328 0.949167
0.986376 0.94909
0.986424 0.949012
0.986471 0.948935
0.986517 0.948858
0.986563 0.94878
0.986609 0.948703
0.986655 0.948626
0.986699 0.948549
0.986744 0.948472
0.986788 0.948395
0.986832 0.948318
0.986875 0.948241
0.986918 0.948164
0.98696 0.948087
0.987002 0.94801
0.987044 0.947934
0.987085 0.947857
0.987126 0.947781
0.987167 0.947704
0.987207 0.947628
0.987247 0.947551
0.987286 0.947475
0.987326 0.947399
0.987364 0.947323
0.987403 0.947246
0.987441 0.94717
0.987478 0.947094
0.987516 0.947018
0.987553 0.946943
0.987589 0.946867
0.987626 0.946791
0.987662 0.946715
0.987698 0.94664
0.987733 0.946564
0.987768 0.946489
0.987803 0.946413
0.987837 0.946338
0.987871 0.946263
0.987905 0.946188
0.987939 0.946112
0.987972 0.946037
0.988005 0.945962
0.988038 0.945887
0.98807 0.945812
0.988102 0.945738
0.988134 0.945663
0.988165 0.945588
0.988196 0.945514
0.988227 0.945439
0.988258 0.945365
0.988289 0.94529
0.988319 0.945216
0.988349 0.945142
0.988378 0.945067
0.988408 0.944993
0.988437 0.944919
0.988466 0.944845
0.988494 0.944771
0.988522 0.944697
0.988551 0.944623
0.988578 0.94455
0.988606 0.944476
0.988633 0.944403
0.988661 0.944329
0.988688 0.944256
0.988714 0.944182
0.988741 0.944109
0.988767 0.944036
0.988793 0.943962
0.988819 0.943889
0.988844 0.943816
0.98887 0.943743
0.988895 0.94367
0.98892 0.943598
0.988944 0.943525
0.988969 0.943452
0.988993 0.94338
0.989017 0.943307
0.989041 0.943235
0.989065 0.943162
0.989088 0.94309
0.989111 0.943018
0.989135 0.942945
0.989157 0.942873
0.98918 0.942801
0.989203 0.942729
0.989225 0.942657
0.989247 0.942586
0.989269 0.942514
0.989291 0.942442
0.989312 0.942371
0.989334 0.942299
0.989355 0.942228
0.989376 0.942156
0.989397 0.942085
0.989417 0.942014
0.989438 0.941942
0.989458 0.941871
0.989478 0.9418
0.989498 0.941729
0.989518 0.941658
0.989538 0.941588
0.989557 0.941517
0.989576 0.941446
0.989596 0.941376
0.989615 0.941305
0.989633 0.941235
0.989652 0.941164
0.989671 0.941094
0.989689 0.941024
0.989707 0.940954
0.989725 0.940883
0.989743 0.940813
0.989761 0.940743
0.989779 0.940674
0.989796 0.940604
0.989814 0.940534
0.989831 0.940464
0.989848 0.940395
0.989865 0.940325
0.989881 0.940256
0.989898 0.940187
0.989915 0.940117
0.989931 0.940048
0.989947 0.939979
0.989963 0.93991
0.989979 0.939841
0.989995 0.939772
0.990011 0.939703
0.990026 0.939634
0.990042 0.939566
0.990057 0.939497
0.990072 0.939428
0.990087 0.93936
0.990102 0.939291
0.990117 0.939223
0.990132 0.939155
0.990146 0.939087
0.990161 0.939019
0.990175 0.938951
0.990189 0.938883
0.990203 0.938815
0.990217 0.938747
0.990231 0.938679
0.990245 0.938611
0.990259 0.938544
0.990272 0.938476
0.990286 0.938409
0.990299 0.938341
0.990312 0.938274
0.990325 0.938207
0.990338 0.93814
0.990351 0.938073
0.990364 0.938005
0.990377 0.937939
0.990389 0.937872
0.990402 0.937805
0.990414 0.937738
0.990426 0.937671
0.990438 0.937605
0.990451 0.937538
0.990462 0.937472
0.990474 0.937405
0.990486 0.937339
0.990498 0.937273
0.990509 0.937207
0.990521 0.937141
0.990532 0.937075
0.990544 0.937009
0.990555 0.936943
0.990566 0.936877
0.990577 0.936811
0.990588 0.936746
0.990599 0.93668
0.990609 0.936615
0.99062 0.936549
0.990631 0.936484
0.990641 0.936418
0.990652 0.936353
0.990662 0.936288
0.990672 0.936223
0.990682 0.936158
0.990692 0.936093
0.990702 0.936028
0.990712 0.935963
0.990722 0.935899
0.990732 0.935834
0.990741 0.935769
0.990751 0.935705
0.990761 0.93564
0.99077 0.935576
0.990779 0.935512
0.990789 0.935448
0.990798 0.935383
0.990807 0.935319
0.990816 0.935255
0.990825 0.935191
0.990834 0.935127
0.990843 0.935064
0.990851 0.935
0.99086 0.934936
0.990869 0.934873
0.990877 0.934809
0.990886 0.934746
0.990894 0.934682
0.990902 0.934619
0.990911 0.934556
0.990919 0.934492
0.990927 0.934429
0.990935 0.934366
0.990943 0.934303
0.990951 0.93424
0.990959 0.934178
0.990966 0.934115
0.990974 0.934052
0.990982 0.93399
0.990989 0.933927
0.990997 0.933865
0.991004 0.933802
0.991012 0.93374
0.991019 0.933677
0.991026 0.933615
0.991034 0.933553
0.991041 0.933491
0.991048 0.933429
0.991055 0.933367
0.991062 0.933305
0.991069 0.933243
0.991076 0.933182
0.991082 0.93312
0.991089 0.933058
0.991096 0.932997
0.991102 0.932935
0.991109 0.932874
0.991115 0.932813
0.991122 0.932752
0.991128 0.93269
0.991135 0.932629
0.991141 0.932568
0.991147 0.932507
0.991153 0.932446
0.991159 0.932385
0.991166 0.932325
0.991172 0.932264
0.991178 0.932203
0.991183 0.932143
0.991189 0.932082
0.991195 0.932022
0.991201 0.931961
0.991207 0.931901
0.991212 0.931841
0.991218 0.931781
0.991223 0.93172
0.991229 0.93166
0.991234 0.9316
0.99124 0.931541
0.991245 0.931481
0.991251 0.931421
0.991256 0.931361
0.991261 0.931302
0.991266 0.931242
0.991271 0.931182
0.991277 0.931123
0.991282 0.931064
0.991287 0.931004
0.991292 0.930945
0.991296 0.930886
0.991301 0.930827
0.991306 0.930768
0.991311 0.930709
0.991316 0.93065
0.99132 0.930591
0.991325 0.930532
0.99133 0.930473
0.991334 0.930415
0.991339 0.930356
0.991343 0.930297
0.991348 0.930239
0.991352 0.93018
0.991356 0.930122
0.991361 0.930064
0.991365 0.930006
0.991369 0.929947
0.991374 0.929889
0.991378 0.929831
0.991382 0.929773
0.991386 0.929715
0.99139 0.929658
0.991394 0.9296
0.991398 0.929542
0.991402 0.929484
0.991406 0.929427
0.99141 0.929369
0.991413 0.929312
0.991417 0.929254
0.991421 0.929197
0.991425 0.92914
0.991428 0.929082
0.991432 0.929025
0.991436 0.928968
0.991439 0.928911
0.991443 0.928854
0.991446 0.928797
0.99145 0.92874
0.991453 0.928684
0.991457 0.928627
0.99146 0.92857
0.991463 0.928514
0.991467 0.928457
0.99147 0.928401
0.991473 0.928344
0.991476 0.928288
0.99148 0.928232
0.991483 0.928175
0.991486 0.928119
0.991489 0.928063
0.991492 0.928007
0.991495 0.927951
0.991498 0.927895
0.991501 0.927839
0.991504 0.927783
0.991507 0.927728
0.99151 0.927672
0.991512 0.927616
0.991515 0.927561
0.991518 0.927505
0.991521 0.92745
0.991523 0.927394
0.991526 0.927339
0.991529 0.927284
0.991531 0.927228
0.991534 0.927173
0.991537 0.927118
0.991539 0.927063
0.991542 0.927008
0.991544 0.926953
0.991547 0.926898
0.991549 0.926844
0.991551 0.926789
0.991554 0.926734
0.991556 0.926679
0.991558 0.926625
0.991561 0.92657
0.991563 0.926516
0.991565 0.926462
0.991568 0.926407
0.99157 0.926353
0.991572 0.926299
0.991574 0.926244
0.991576 0.92619
0.991578 0.926136
0.99158 0.926082
0.991582 0.926028
0.991584 0.925974
0.991586 0.925921
0.991588 0.925867
0.99159 0.925813
0.991592 0.92576
0.991594 0.925706
0.991596 0.925652
0.991598 0.925599
0.9916 0.925545
0.991602 0.925492
0.991603 0.925439
0.991605 0.925385
0.991607 0.925332
0.991609 0.925279
0.99161 0.925226
0.991612 0.925173
0.991614 0.92512
0.991615 0.925067
0.991617 0.925014
0.991618 0.924961
0.99162 0.924909
0.991621 0.924856
0.991623 0.924803
0.991625 0.924751
0.991626 0.924698
0.991627 0.924646
0.991629 0.924593
0.99163 0.924541
0.991632 0.924488
0.991633 0.924436
0.991634 0.924384
0.991636 0.924332
0.991637 0.92428
0.991638 0.924228
0.99164 0.924176
0.991641 0.924124
0.991642 0.924072
0.991643 0.92402
0.991645 0.923968
0.991646 0.923916
0.991647 0.923865
0.991648 0.923813
0.991649 0.923761
0.99165 0.92371
0.991651 0.923658
0.991653 0.923607
0.991654 0.923556
0.991655 0.923504
0.991656 0.923453
0.991657 0.923402
0.991658 0.923351
0.991659 0.9233
0.99166 0.923248
0.99166 0.923197
0.991661 0.923146
0.991662 0.923096
0.991663 0.923045
0.991664 0.922994
0.991665 0.922943
0.991666 0.922893
0.991667 0.922842
0.991667 0.922791
0.991668 0.922741
0.991669 0.92269
0.99167 0.92264
0.99167 0.922589
0.991671 0.922539
0.991672 0.922489
0.991672 0.922439
0.991673 0.922388
0.991674 0.922338
0.991674 0.922288
0.991675 0.922238
0.991676 0.922188
0.991676 0.922138
0.991677 0.922088
0.991677 0.922038
0.991678 0.921989
0.991678 0.921939
0.991679 0.921889
0.991679 0.92184
0.99168 0.92179
0.99168 0.92174
0.991681 0.921691
0.991681 0.921641
0.991682 0.921592
0.991682 0.921543
0.991683 0.921493
0.991683 0.921444
0.991683 0.921395
0.991684 0.921346
0.991684 0.921297
0.991684 0.921248
0.991685 0.921199
0.991685 0.92115
0.991685 0.921101
0.991686 0.921052
0.991686 0.921003
0.991686 0.920954
0.991686 0.920906
0.991687 0.920857
0.991687 0.920808
0.991687 0.92076
0.991687 0.920711
0.991687 0.920663
0.991688 0.920614
0.991688 0.920566
0.991688 0.920518
0.991688 0.920469
0.991688 0.920421
0.991688 0.920373
0.991688 0.920325
0.991689 0.920277
0.991689 0.920228
0.991689 0.92018
0.991689 0.920133
0.991689 0.920085
0.991689 0.920037
0.991689 0.919989
0.991689 0.919941
0.991689 0.919893
0.991689 0.919846
0.991689 0.919798
0.991689 0.91975
0.991689 0.919703
0.991689 0.919655
0.991689 0.919608
0.991688 0.91956
0.991688 0.919513
0.991688 0.919466
0.991688 0.919418
0.991688 0.919371
0.991688 0.919324
0.991688 0.919277
0.991688 0.91923
0.991687 0.919183
0.991687 0.919136
0.991687 0.919089
0.991687 0.919042
0.991687 0.918995
0.991686 0.918948
0.991686 0.918901
0.991686 0.918854
0.991686 0.918808
0.991686 0.918761
0.991685 0.918714
0.991685 0.918668
0.991685 0.918621
0.991684 0.918575
0.991684 0.918528
0.991684 0.918482
0.991684 0.918436
0.991683 0.918389
0.991683 0.918343
0.991682 0.918297
0.991682 0.918251
0.991682 0.918204
0.991681 0.918158
0.991681 0.918112
0.991681 0.918066
0.99168 0.91802
0.99168 0.917974
0.991679 0.917928
0.991679 0.917882
0.991679 0.917837
0.991678 0.917791
0.991678 0.917745
0.991677 0.917699
0.991677 0.917654
0.991676 0.917608
0.991676 0.917563
0.991675 0.917517
0.991675 0.917472
0.991674 0.917426
0.991674 0.917381
0.991673 0.917335
0.991673 0.91729
0.991672 0.917245
0.991672 0.9172
0.991671 0.917154
0.991671 0.917109
0.99167 0.917064
0.991669 0.917019
0.991669 0.916974
0.991668 0.916929
0.991668 0.916884
0.991667 0.916839
0.991666 0.916794
0.991666 0.916749
0.991665 0.916705
0.991665 0.91666
0.991664 0.916615
0.991663 0.91657
0.991663 0.916526
0.991662 0.916481
0.991661 0.916437
0.991661 0.916392
0.99166 0.916348
0.991659 0.916303
0.991659 0.916259
0.991658 0.916214
0.991657 0.91617
0.991656 0.916126
0.991656 0.916082
0.991655 0.916037
0.991654 0.915993
0.991654 0.915949
0.991653 0.915905
0.991652 0.915861
0.991651 0.915817
0.991651 0.915773
0.99165 0.915729
0.991649 0.915685
0.991648 0.915641
0.991647 0.915597
0.991647 0.915554
0.991646 0.91551
0.991645 0.915466
0.991644 0.915422
0.991643 0.915379
0.991643 0.915335
0.991642 0.915292
0.991641 0.915248
0.99164 0.915205
0.991639 0.915161
0.991638 0.915118
0.991637 0.915074
0.991637 0.915031
0.991636 0.914988
0.991635 0.914945
0.991634 0.914901
0.991633 0.914858
0.991632 0.914815
0.991631 0.914772
0.99163 0.914729
0.99163 0.914686
0.991629 0.914643
0.991628 0.9146
0.991627 0.914557
0.991626 0.914514
0.991625 0.914471
0.991624 0.914428
0.991623 0.914385
0.991622 0.914343
0.991621 0.9143
0.99162 0.914257
0.991619 0.914214
0.991618 0.914172
0.991617 0.914129
0.991616 0.914087
0.991615 0.914044
0.991614 0.914002
0.991613 0.913959
0.991612 0.913917
0.991611 0.913874
0.99161 0.913832
0.991609 0.91379
0.991608 0.913748
0.991607 0.913705
0.991606 0.913663
0.991605 0.913621
0.991604 0.913579
0.991603 0.913537
0.991602 0.913495
0.991601 0.913453
0.9916 0.913411
0.991599 0.913369
0.991598 0.913327
0.991597 0.913285
0.991596 0.913243
0.991595 0.913201
0.991594 0.913159
0.991593 0.913117
0.991591 0.913076
0.99159 0.913034
0.991589 0.912992
0.991588 0.912951
0.991587 0.912909
0.991586 0.912868
0.991585 0.912826
0.991584 0.912785
0.991583 0.912743
0.991582 0.912702
0.99158 0.91266
0.991579 0.912619
0.991578 0.912578
0.991577 0.912536
0.991576 0.912495
0.991575 0.912454
0.991574 0.912413
0.991572 0.912371
0.991571 0.91233
0.99157 0.912289
0.991569 0.912248
0.991568 0.912207
0.991567 0.912166
0.991566 0.912125
0.991564 0.912084
0.991563 0.912043
0.991562 0.912002
0.991561 0.911961
0.99156 0.91192
0.991558 0.91188
0.991557 0.911839
0.991556 0.911798
0.991555 0.911757
0.991554 0.911717
0.991552 0.911676
0.991551 0.911636
0.99155 0.911595
0.991549 0.911554
0.991548 0.911514
0.991546 0.911473
0.991545 0.911433
0.991544 0.911393
0.991543 0.911352
0.991541 0.911312
0.99154 0.911271
0.991539 0.911231
0.991538 0.911191
0.991536 0.911151
0.991535 0.91111
0.991534 0.91107
0.991533 0.91103
0.991531 0.91099
0.99153 0.91095
0.991529 0.91091
0.991528 0.91087
0.991526 0.91083
0.991525 0.91079
0.991524 0.91075
0.991523 0.91071
0.991521 0.91067
0.99152 0.91063
0.991519 0.91059
0.991517 0.91055
0.991516 0.910511
0.991515 0.910471
0.991514 0.910431
0.991512 0.910391
0.991511 0.910352
0.99151 0.910312
0.991508 0.910273
0.991507 0.910233
0.991506 0.910193
0.991504 0.910154
0.991503 0.910114
0.991502 0.910075
0.991501 0.910036
0.991499 0.909996
0.991498 0.909957
0.991497 0.909917
0.991495 0.909878
0.991494 0.909839
0.991493 0.9098
0.991491 0.90976
0.99149 0.909721
0.991489 0.909682
0.991487 0.909643
0.991486 0.909604
0.991485 0.909564
0.991483 0.909525
0.991482 0.909486
0.99148 0.909447
0.991479 0.909408
0.991478 0.909369
0.991476 0.90933
0.991475 0.909292
0.991474 0.909253
0.991472 0.909214
0.991471 0.909175
0.99147 0.909136
0.991468 0.909097
0.991467 0.909059
0.991465 0.90902
0.991464 0.908981
0.991463 0.908943
0.991461 0.908904
0.99146 0.908865
0.991459 0.908827
0.991457 0.908788
0.991456 0.90875
0.991454 0.908711
0.991453 0.908673
0.991452 0.908634
0.99145 0.908596
0.991449 0.908557
0.991447 0.908519
0.991446 0.90848
0.991445 0.908442
0.991443 0.908404
0.991442 0.908366
0.99144 0.908327
0.991439 0.908289
0.991438 0.908251
0.991436 0.908213
0.991435 0.908174
0.991433 0.908136
0.991432 0.908098
0.99143 0.90806
0.991429 0.908022
0.991428 0.907984
0.991426 0.907946
0.991425 0.907908
0.991423 0.90787
0.991422 0.907832
0.99142 0.907794
0.991419 0.907756
0.991418 0.907718
0.991416 0.907681
0.991415 0.907643
0.991413 0.907605
0.991412 0.907567
0.99141 0.90753
0.991409 0.907492
0.991408 0.907454
0.991406 0.907416
0.991405 0.907379
0.991403 0.907341
0.991402 0.907304
0.9914 0.907266
0.991399 0.907228
0.991397 0.907191
0.991396 0.907153
0.991394 0.907116
0.991393 0.907078
0.991392 0.907041
0.99139 0.907004
0.991389 0.906966
0.991387 0.906929
0.991386 0.906891
0.991384 0.906854
0.991383 0.906817
0.991381 0.90678
0.99138 0.906742
0.991378 0.906705
0.991377 0.906668
0.991375 0.906631
0.991374 0.906594
0.991373 0.906556
0.991371 0.906519
0.99137 0.906482
0.991368 0.906445
0.991367 0.906408
0.991365 0.906371
0.991364 0.906334
0.991362 0.906297
0.991361 0.90626
0.991359 0.906223
0.991358 0.906186
0.991356 0.906149
0.991355 0.906112
0.991353 0.906076
0.991352 0.906039
0.99135 0.906002
0.991349 0.905965
0.991347 0.905928
0.991346 0.905892
0.991344 0.905855
0.991343 0.905818
0.991341 0.905782
0.99134 0.905745
0.991338 0.905708
0.991337 0.905672
0.991335 0.905635
0.991334 0.905599
0.991332 0.905562
0.991331 0.905525
0.991329 0.905489
0.991328 0.905452
0.991326 0.905416
0.991325 0.90538
0.991323 0.905343
0.991322 0.905307
0.99132 0.90527
0.991319 0.905234
0.991317 0.905198
0.991316 0.905161
0.991314 0.905125
0.991313 0.905089
0.991311 0.905052
0.99131 0.905016
0.991308 0.90498
0.991307 0.904944
0.991305 0.904908
0.991304 0.904871
0.991302 0.904835
0.991301 0.904799
0.991299 0.904763
0.991298 0.904727
0.991296 0.904691
0.991294 0.904655
0.991293 0.904619
0.991291 0.904583
0.99129 0.904547
0.991288 0.904511
0.991287 0.904475
0.991285 0.904439
0.991284 0.904403
0.991282 0.904367
0.991281 0.904331
0.991279 0.904295
0.991278 0.90426
0.991276 0.904224
0.991275 0.904188
0.991273 0.904152
0.991272 0.904116
0.99127 0.904081
0.991268 0.904045
0.991267 0.904009
0.991265 0.903974
0.991264 0.903938
0.991262 0.903902
0.991261 0.903867
0.991259 0.903831
0.991258 0.903795
0.991256 0.90376
0.991255 0.903724
0.991253 0.903689
0.991252 0.903653
0.99125 0.903618
0.991248 0.903582
0.991247 0.903547
0.991245 0.903511
0.991244 0.903476
0.991242 0.903441
0.991241 0.903405
0.991239 0.90337
0.991238 0.903334
0.991236 0.903299
0.991235 0.903264
0.991233 0.903228
0.991232 0.903193
0.99123 0.903158
0.991228 0.903123
0.991227 0.903087
0.991225 0.903052
0.991224 0.903017
0.991222 0.902982
0.991221 0.902947
0.991219 0.902911
0.991218 0.902876
0.991216 0.902841
0.991214 0.902806
0.991213 0.902771
0.991211 0.902736
0.99121 0.902701
0.991208 0.902666
0.991207 0.902631
0.991205 0.902596
0.991204 0.902561
0.991202 0.902526
0.9912 0.902491
0.991199 0.902456
0.991197 0.902421
0.991196 0.902386
0.991194 0.902351
0.991193 0.902316
0.991191 0.902282
0.99119 0.902247
0.991188 0.902212
0.991186 0.902177
0.991185 0.902142
0.991183 0.902108
0.991182 0.902073
0.99118 0.902038
0.991179 0.902003
0.991177 0.901969
0.991176 0.901934
0.991174 0.901899
0.991172 0.901865
0.991171 0.90183
0.991169 0.901795
0.991168 0.901761
0.991166 0.901726
0.991165 0.901692
0.991163 0.901657
0.991161 0.901622
0.99116 0.901588
0.991158 0.901553
0.991157 0.901519
0.991155 0.901484
0.991154 0.90145
0.991152 0.901415
0.991151 0.901381
0.991149 0.901347
0.991147 0.901312
0.991146 0.901278
0.991144 0.901243
0.991143 0.901209
0.991141 0.901175
0.99114 0.90114
0.991138 0.901106
0.991136 0.901072
0.991135 0.901037
0.991133 0.901003
0.991132 0.900969
0.99113 0.900934
0.991129 0.9009
0.991127 0.900866
0.991125 0.900832
0.991124 0.900798
0.991122 0.900763
0.991121 0.900729
0.991119 0.900695
0.991118 0.900661
0.991116 0.900627
0.991114 0.900593
0.991113 0.900558
0.991111 0.900524
0.99111 0.90049
0.991108 0.900456
0.991107 0.900422
0.991105 0.900388
0.991103 0.900354
0.991102 0.90032
0.9911 0.900286
0.991099 0.900252
0.991097 0.900218
0.991096 0.900184
0.991094 0.90015
0.991092 0.900116
0.991091 0.900082
0.991089 0.900048
0.991088 0.900015
0.991086 0.899981
0.991085 0.899947
0.991083 0.899913
0.991081 0.899879
0.99108 0.899845
0.991078 0.899811
0.991077 0.899778
0.991075 0.899744
0.991074 0.89971
0.991072 0.899676
0.99107 0.899643
0.991069 0.899609
0.991067 0.899575
0.991066 0.899541
0.991064 0.899508
0.991063 0.899474
0.991061 0.89944
0.991059 0.899407
0.991058 0.899373
0.991056 0.899339
0.991055 0.899306
0.991053 0.899272
0.991052 0.899238
0.99105 0.899205
0.991048 0.899171
0.991047 0.899138
0.991045 0.899104
0.991044 0.899071
0.991042 0.899037
0.991041 0.899004
0.991039 0.89897
0.991037 0.898937
0.991036 0.898903
0.991034 0.89887
0.991033 0.898836
0.991031 0.898803
0.99103 0.898769
0.991028 0.898736
0.991026 0.898702
0.991025 0.898669
0.991023 0.898635
0.991022 0.898602
0.99102 0.898569
0.991018 0.898535
0.991017 0.898502
0.991015 0.898469
0.991014 0.898435
0.991012 0.898402
0.991011 0.898369
0.991009 0.898335
0.991007 0.898302
0.991006 0.898269
0.991004 0.898235
0.991003 0.898202
0.991001 0.898169
0.991 0.898136
0.990998 0.898103
0.990996 0.898069
0.990995 0.898036
0.990993 0.898003
0.990992 0.89797
0.99099 0.897937
0.990989 0.897903
0.990987 0.89787
0.990985 0.897837
0.990984 0.897804
0.990982 0.897771
0.990981 0.897738
0.990979 0.897705
0.990978 0.897671
0.990976 0.897638
0.990974 0.897605
0.990973 0.897572
0.990971 0.897539
0.99097 0.897506
0.990968 0.897473
0.990966 0.89744
0.990965 0.897407
0.990963 0.897374
0.990962 0.897341
0.99096 0.897308
0.990959 0.897275
0.990957 0.897242
0.990955 0.897209
0.990954 0.897176
0.990952 0.897143
0.990951 0.89711
0.990949 0.897077
0.990948 0.897044
0.990946 0.897011
0.990944 0.896978
0.990943 0.896946
0.990941 0.896913
0.99094 0.89688
0.990938 0.896847
0.990937 0.896814
0.990935 0.896781
0.990933 0.896748
0.990932 0.896716
0.99093 0.896683
0.990929 0.89665
0.990927 0.896617
0.990925 0.896584
0.990924 0.896552
0.990922 0.896519
0.990921 0.896486
0.990919 0.896453
0.990918 0.89642
0.990916 0.896388
0.990914 0.896355
0.990913 0.896322
0.990911 0.896289
0.99091 0.896257
0.990908 0.896224
0.990907 0.896191
0.990905 0.896159
0.990903 0.896126
0.990902 0.896093
0.9909 0.896061
0.990899 0.896028
0.990897 0.895995
0.990896 0.895963
0.990894 0.89593
0.990892 0.895897
0.990891 0.895865
0.990889 0.895832
0.990888 0.895799
0.990886 0.895767
0.990884 0.895734
0.990883 0.895702
0.990881 0.895669
0.99088 0.895636
0.990878 0.895604
0.990877 0.895571
0.990875 0.895539
0.990873 0.895506
0.990872 0.895474
0.99087 0.895441
0.990869 0.895409
0.990867 0.895376
0.990866 0.895344
0.990864 0.895311
0.990862 0.895279
0.990861 0.895246
0.990859 0.895214
0.990858 0.895181
0.990856 0.895149
0.990855 0.895116
0.990853 0.895084
0.990851 0.895051
0.99085 0.895019
0.990848 0.894986
0.990847 0.894954
0.990845 0.894921
0.990844 0.894889
0.990842 0.894857
0.99084 0.894824
0.990839 0.894792
0.990837 0.894759
0.990836 0.894727
0.990834 0.894695
0.990833 0.894662
0.990831 0.89463
0.990829 0.894597
0.990828 0.894565
0.990826 0.894533
0.990825 0.8945
0.990823 0.894468
0.990821 0.894436
0.99082 0.894403
0.990818 0.894371
0.990817 0.894339
0.990815 0.894306
0.990814 0.894274
0.990812 0.894242
0.99081 0.894209
0.990809 0.894177
0.990807 0.894145
0.990806 0.894113
0.990804 0.89408
0.990803 0.894048
0.990801 0.894016
0.990799 0.893983
0.990798 0.893951
0.990796 0.893919
0.990795 0.893887
0.990793 0.893854
0.990792 0.893822
0.99079 0.89379
0.990788 0.893758
0.990787 0.893725
0.990785 0.893693
0.990784 0.893661
0.990782 0.893629
0.990781 0.893597
0.990779 0.893564
0.990777 0.893532
0.990776 0.8935
0.990774 0.893468
0.990773 0.893436
0.990771 0.893403
0.99077 0.893371
0.990768 0.893339
0.990766 0.893307
0.990765 0.893275
0.990763 0.893243
0.990762 0.89321
0.99076 0.893178
0.990759 0.893146
0.990757 0.893114
0.990755 0.893082
0.990754 0.89305
0.990752 0.893017
0.990751 0.892985
0.990749 0.892953
0.990747 0.892921
0.990746 0.892889
0.990744 0.892857
0.990743 0.892825
0.990741 0.892793
0.99074 0.89276
0.990738 0.892728
0.990736 0.892696
0.990735 0.892664
0.990733 0.892632
0.990732 0.8926
0.99073 0.892568
0.990729 0.892536
0.990727 0.892504
0.990725 0.892472
0.990724 0.89244
0.990722 0.892407
0.990721 0.892375
0.990719 0.892343
0.990718 0.892311
0.990716 0.892279
0.990714 0.892247
0.990713 0.892215
0.990711 0.892183
0.99071 0.892151
0.990708 0.892119
0.990707 0.892087
0.990705 0.892055
0.990703 0.892023
0.990702 0.891991
0.9907 0.891959
0.990699 0.891927
0.990697 0.891895
0.990696 0.891863
0.990694 0.891831
0.990692 0.891799
0.990691 0.891766
0.990689 0.891734
0.990688 0.891702
0.990686 0.89167
0.990685 0.891638
0.990683 0.891606
0.990681 0.891574
0.99068 0.891542
0.990678 0.89151
0.990677 0.891478
0.990675 0.891446
0.990674 0.891414
0.990672 0.891382
0.99067 0.89135
0.990669 0.891318
0.990667 0.891286
0.990666 0.891254
0.990664 0.891222
0.990663 0.89119
0.990661 0.891158
0.990659 0.891126
0.990658 0.891094
0.990656 0.891062
0.990655 0.89103
0.990653 0.890998
0.990651 0.890966
0.99065 0.890934
0.990648 0.890902
0.990647 0.89087
0.990645 0.890838
0.990644 0.890807
0.990642 0.890775
0.99064 0.890743
0.990639 0.890711
0.990637 0.890679
0.990636 0.890647
0.990634 0.890615
0.990633 0.890583
0.990631 0.890551
0.990629 0.890519
0.990628 0.890487
0.990626 0.890455
0.990625 0.890423
0.990623 0.890391
0.990622 0.890359
0.99062 0.890327
0.990618 0.890295
0.990617 0.890263
0.990615 0.890231
0.990614 0.890199
0.990612 0.890167
0.990611 0.890135
0.990609 0.890103
0.990607 0.890071
0.990606 0.890039
0.990604 0.890007
0.990603 0.889975
0.990601 0.889943
0.9906 0.889911
0.990598 0.889879
0.990596 0.889847
0.990595 0.889815
0.990593 0.889783
0.990592 0.889751
0.99059 0.889719
0.990588 0.889687
0.990587 0.889655
0.990585 0.889623
0.990584 0.889591
0.990582 0.88956
0.990581 0.889528
0.990579 0.889496
0.990577 0.889464
0.990576 0.889432
0.990574 0.8894
0.990573 0.889368
0.990571 0.889336
0.99057 0.889304
0.990568 0.889272
0.990566 0.88924
0.990565 0.889208
0.990563 0.889176
0.990562 0.889144
0.99056 0.889112
0.990559 0.88908
0.990557 0.889048
0.990555 0.889016
0.990554 0.888984
0.990552 0.888952
0.990551 0.88892
0.990549 0.888888
0.990547 0.888856
0.990546 0.888824
0.990544 0.888792
0.990543 0.88876
0.990541 0.888728
0.99054 0.888696
0.990538 0.888664
0.990536 0.888632
0.990535 0.8886
0.990533 0.888568
0.990532 0.888536
0.99053 0.888504
0.990529 0.888472
0.990527 0.88844
0.990525 0.888408
0.990524 0.888375
0.990522 0.888343
0.990521 0.888311
0.990519 0.888279
0.990517 0.888247
0.990516 0.888215
0.990514 0.888183
0.990513 0.888151
0.990511 0.888119
0.99051 0.888087
0.990508 0.888055
0.990506 0.888023
0.990505 0.887991
0.990503 0.887959
0.990502 0.887927
0.9905 0.887895
0.990498 0.887863
0.990497 0.887831
0.990495 0.887798
0.990494 0.887766
0.990492 0.887734
0.990491 0.887702
0.990489 0.88767
0.990487 0.887638
0.990486 0.887606
0.990484 0.887574
0.990483 0.887542
0.990481 0.88751
0.990479 0.887477
0.990478 0.887445
0.990476 0.887413
0.990475 0.887381
0.990473 0.887349
0.990472 0.887317
0.99047 0.887285
0.990468 0.887253
0.990467 0.88722
0.990465 0.887188
0.990464 0.887156
0.990462 0.887124
0.99046 0.887092
0.990459 0.88706
0.990457 0.887027
0.990456 0.886995
0.990454 0.886963
0.990453 0.886931
0.990451 0.886899
0.990449 0.886867
0.990448 0.886834
0.990446 0.886802
0.990445 0.88677
0.990443 0.886738
0.990441 0.886706
0.99044 0.886673
0.990438 0.886641
0.990437 0.886609
0.990435 0.886577
0.990433 0.886544
0.990432 0.886512
0.99043 0.88648
0.990429 0.886448
0.990427 0.886415
0.990425 0.886383
0.990424 0.886351
0.990422 0.886319
0.990421 0.886286
0.990419 0.886254
0.990418 0.886222
0.990416 0.88619
0.990414 0.886157
0.990413 0.886125
0.990411 0.886093
0.99041 0.88606
0.990408 0.886028
0.990406 0.885996
0.990405 0.885963
0.990403 0.885931
0.990402 0.885899
0.9904 0.885866
0.990398 0.885834
0.990397 0.885802
0.990395 0.885769
0.990394 0.885737
0.990392 0.885705
0.99039 0.885672
0.990389 0.88564
0.990387 0.885607
0.990386 0.885575
0.990384 0.885543
0.990382 0.88551
0.990381 0.885478
0.990379 0.885445
0.990378 0.885413
0.990376 0.885381
0.990374 0.885348
0.990373 0.885316
0.990371 0.885283
0.99037 0.885251
0.990368 0.885218
0.990366 0.885186
0.990365 0.885153
0.990363 0.885121
0.990362 0.885088
0.99036 0.885056
0.990358 0.885023
0.990357 0.884991
0.990355 0.884958
0.990354 0.884926
0.990352 0.884893
0.99035 0.884861
0.990349 0.884828
0.990347 0.884796
0.990346 0.884763
0.990344 0.884731
0.990342 0.884698
0.990341 0.884665
0.990339 0.884633
0.990338 0.8846
0.990336 0.884568
0.990334 0.884535
0.990333 0.884502
0.990331 0.88447
0.99033 0.884437
0.990328 0.884404
0.990326 0.884372
0.990325 0.884339
0.990323 0.884306
0.990322 0.884274
0.99032 0.884241
0.990318 0.884208
0.990317 0.884176
0.990315 0.884143
0.990313 0.88411
0.990312 0.884078
0.99031 0.884045
0.990309 0.884012
0.990307 0.883979
0.990305 0.883947
0.990304 0.883914
0.990302 0.883881
0.990301 0.883848
0.990299 0.883815
0.990297 0.883783
0.990296 0.88375
0.990294 0.883717
0.990292 0.883684
0.990291 0.883651
0.990289 0.883619
0.990288 0.883586
0.990286 0.883553
0.990284 0.88352
0.990283 0.883487
0.990281 0.883454
0.99028 0.883421
0.990278 0.883388
0.990276 0.883356
0.990275 0.883323
0.990273 0.88329
0.990271 0.883257
0.99027 0.883224
0.990268 0.883191
0.990267 0.883158
0.990265 0.883125
0.990263 0.883092
0.990262 0.883059
0.99026 0.883026
0.990258 0.882993
0.990257 0.88296
0.990255 0.882927
0.990254 0.882894
0.990252 0.882861
0.99025 0.882828
0.990249 0.882795
0.990247 0.882761
0.990245 0.882728
0.990244 0.882695
0.990242 0.882662
0.990241 0.882629
0.990239 0.882596
0.990237 0.882563
0.990236 0.88253
0.990234 0.882496
0.990232 0.882463
0.990231 0.88243
0.990229 0.882397
0.990228 0.882364
0.990226 0.88233
0.990224 0.882297
0.990223 0.882264
0.990221 0.882231
0.990219 0.882197
0.990218 0.882164
0.990216 0.882131
0.990214 0.882097
0.990213 0.882064
0.990211 0.882031
0.99021 0.881997
0.990208 0.881964
0.990206 0.881931
0.990205 0.881897
0.990203 0.881864
0.990201 0.881831
0.9902 0.881797
0.990198 0.881764
0.990196 0.88173
0.990195 0.881697
0.990193 0.881663
0.990192 0.88163
0.99019 0.881597
0.990188 0.881563
0.990187 0.88153
0.990185 0.881496
0.990183 0.881463
0.990182 0.881429
0.99018 0.881395
0.990178 0.881362
0.990177 0.881328
0.990175 0.881295
0.990173 0.881261
0.990172 0.881228
0.99017 0.881194
0.990168 0.88116
0.990167 0.881127
0.990165 0.881093
0.990164 0.881059
0.990162 0.881026
0.99016 0.880992
0.990159 0.880958
0.990157 0.880924
0.990155 0.880891
0.990154 0.880857
0.990152 0.880823
0.99015 0.880789
0.990149 0.880756
0.990147 0.880722
0.990145 0.880688
0.990144 0.880654
0.990142 0.88062
0.99014 0.880587
0.990139 0.880553
0.990137 0.880519
0.990135 0.880485
0.990134 0.880451
0.990132 0.880417
0.99013 0.880383
0.990129 0.880349
0.990127 0.880315
0.990125 0.880281
0.990124 0.880247
0.990122 0.880213
0.99012 0.880179
0.990119 0.880145
0.990117 0.880111
0.990115 0.880077
0.990114 0.880043
0.990112 0.880009
0.99011 0.879975
0.990109 0.879941
0.990107 0.879907
0.990105 0.879872
0.990104 0.879838
0.990102 0.879804
0.9901 0.87977
0.990099 0.879736
0.990097 0.879701
0.990095 0.879667
0.990094 0.879633
0.990092 0.879599
0.99009 0.879564
0.990089 0.87953
0.990087 0.879496
0.990085 0.879461
0.990084 0.879427
0.990082 0.879393
0.99008 0.879358
0.990079 0.879324
0.990077 0.879289
0.990075 0.879255
0.990073 0.879221
0.990072 0.879186
0.99007 0.879152
0.990068 0.879117
0.990067 0.879083
0.990065 0.879048
0.990063 0.879014
0.990062 0.878979
0.99006 0.878945
0.990058 0.87891
0.990057 0.878875
0.990055 0.878841
0.990053 0.878806
0.990052 0.878771
0.99005 0.878737
0.990048 0.878702
0.990046 0.878667
0.990045 0.878633
0.990043 0.878598
0.990041 0.878563
0.99004 0.878528
0.990038 0.878494
0.990036 0.878459
0.990035 0.878424
0.990033 0.878389
0.990031 0.878354
0.990029 0.878319
0.990028 0.878285
0.990026 0.87825
0.990024 0.878215
0.990023 0.87818
0.990021 0.878145
0.990019 0.87811
0.990018 0.878075
0.990016 0.87804
0.990014 0.878005
0.990012 0.87797
0.990011 0.877935
0.990009 0.8779
0.990007 0.877865
0.990006 0.877829
0.990004 0.877794
0.990002 0.877759
0.99 0.877724
0.989999 0.877689
0.989997 0.877654
0.989995 0.877618
0.989994 0.877583
0.989992 0.877548
0.98999 0.877513
0.989988 0.877477
0.989987 0.877442
0.989985 0.877407
0.989983 0.877371
0.989982 0.877336
0.98998 0.8773
0.989978 0.877265
0.989976 0.87723
0.989975 0.877194
0.989973 0.877159
0.989971 0.877123
0.989969 0.877088
0.989968 0.877052
0.989966 0.877016
0.989964 0.876981
0.989962 0.876945
0.989961 0.87691
0.989959 0.876874
0.989957 0.876838
0.989956 0.876803
0.989954 0.876767
0.989952 0.876731
0.98995 0.876696
0.989949 0.87666
0.989947 0.876624
0.989945 0.876588
0.989943 0.876552
0.989942 0.876517
0.98994 0.876481
0.989938 0.876445
0.989936 0.876409
0.989935 0.876373
0.989933 0.876337
0.989931 0.876301
0.989929 0.876265
0.989928 0.876229
0.989926 0.876193
0.989924 0.876157
0.989922 0.876121
0.989921 0.876085
0.989919 0.876049
0.989917 0.876013
0.989915 0.875977
0.989914 0.87594
0.989912 0.875904
0.98991 0.875868
0.989908 0.875832
0.989907 0.875795
0.989905 0.875759
0.989903 0.875723
0.989901 0.875687
0.9899 0.87565
0.989898 0.875614
0.989896 0.875577
0.989894 0.875541
0.989892 0.875505
0.989891 0.875468
0.989889 0.875432
0.989887 0.875395
0.989885 0.875359
0.989884 0.875322
0.989882 0.875285
0.98988 0.875249
0.989878 0.875212
0.989876 0.875176
0.989875 0.875139
0.989873 0.875102
0.989871 0.875065
0.989869 0.875029
0.989868 0.874992
0.989866 0.874955
0.989864 0.874918
0.989862 0.874881
0.98986 0.874845
0.989859 0.874808
0.989857 0.874771
0.989855 0.874734
0.989853 0.874697
0.989851 0.87466
0.98985 0.874623
0.989848 0.874586
0.989846 0.874549
0.989844 0.874512
0.989842 0.874475
0.989841 0.874438
0.989839 0.8744
0.989837 0.874363
0.989835 0.874326
0.989833 0.874289
0.989832 0.874252
0.98983 0.874214
0.989828 0.874177
0.989826 0.87414
0.989824 0.874102
0.989823 0.874065
0.989821 0.874027
0.989819 0.87399
0.989817 0.873953
0.989815 0.873915
0.989814 0.873878
0.989812 0.87384
0.98981 0.873803
0.989808 0.873765
0.989806 0.873727
0.989804 0.87369
0.989803 0.873652
0.989801 0.873614
0.989799 0.873577
0.989797 0.873539
0.989795 0.873501
0.989794 0.873463
0.989792 0.873425
0.98979 0.873388
0.989788 0.87335
0.989786 0.873312
0.989784 0.873274
0.989783 0.873236
0.989781 0.873198
0.989779 0.87316
0.989777 0.873122
0.989775 0.873084
0.989773 0.873046
0.989771 0.873008
0.98977 0.872969
0.989768 0.872931
0.989766 0.872893
0.989764 0.872855
0.989762 0.872817
0.98976 0.872778
0.989759 0.87274
0.989757 0.872702
0.989755 0.872663
0.989753 0.872625
0.989751 0.872586
0.989749 0.872548
0.989747 0.872509
0.989746 0.872471
0.989744 0.872432
0.989742 0.872394
0.98974 0.872355
0.989738 0.872316
0.989736 0.872278
0.989734 0.872239
0.989733 0.8722
0.989731 0.872162
0.989729 0.872123
0.989727 0.872084
0.989725 0.872045
0.989723 0.872006
0.989721 0.871967
0.989719 0.871928
0.989718 0.871889
0.989716 0.87185
0.989714 0.871811
0.989712 0.871772
0.98971 0.871733
0.989708 0.871694
0.989706 0.871655
0.989704 0.871616
0.989702 0.871577
0.989701 0.871537
0.989699 0.871498
0.989697 0.871459
0.989695 0.871419
0.989693 0.87138
0.989691 0.871341
0.989689 0.871301
0.989687 0.871262
0.989685 0.871222
0.989683 0.871183
0.989682 0.871143
0.98968 0.871103
0.989678 0.871064
0.989676 0.871024
0.989674 0.870985
0.989672 0.870945
0.98967 0.870905
0.989668 0.870865
0.989666 0.870825
0.989664 0.870786
0.989662 0.870746
0.989661 0.870706
0.989659 0.870666
0.989657 0.870626
0.989655 0.870586
0.989653 0.870546
0.989651 0.870506
0.989649 0.870465
0.989647 0.870425
0.989645 0.870385
0.989643 0.870345
0.989641 0.870305
0.989639 0.870264
0.989637 0.870224
0.989635 0.870184
0.989633 0.870143
0.989632 0.870103
0.98963 0.870062
0.989628 0.870022
0.989626 0.869981
0.989624 0.869941
0.989622 0.8699
0.98962 0.869859
0.989618 0.869819
0.989616 0.869778
0.989614 0.869737
0.989612 0.869697
0.98961 0.869656
0.989608 0.869615
0.989606 0.869574
0.989604 0.869533
0.989602 0.869492
0.9896 0.869451
0.989598 0.86941
0.989596 0.869369
0.989594 0.869328
0.989592 0.869287
0.98959 0.869246
0.989588 0.869204
0.989586 0.869163
0.989584 0.869122
0.989582 0.86908
0.98958 0.869039
0.989578 0.868998
0.989577 0.868956
0.989575 0.868915
0.989573 0.868873
0.989571 0.868832
0.989569 0.86879
0.989567 0.868748
0.989565 0.868707
0.989563 0.868665
0.989561 0.868623
0.989559 0.868581
0.989557 0.86854
0.989555 0.868498
0.989553 0.868456
0.989551 0.868414
0.989549 0.868372
0.989547 0.86833
0.989544 0.868288
0.989542 0.868246
0.98954 0.868204
0.989538 0.868161
0.989536 0.868119
0.989534 0.868077
0.989532 0.868035
0.98953 0.867992
0.989528 0.86795
0.989526 0.867907
0.989524 0.867865
0.989522 0.867822
0.98952 0.86778
0.989518 0.867737
0.989516 0.867695
0.989514 0.867652
0.989512 0.867609
0.98951 0.867567
0.989508 0.867524
0.989506 0.867481
0.989504 0.867438
0.989502 0.867395
0.9895 0.867352
0.989498 0.867309
0.989496 0.867266
0.989494 0.867223
0.989491 0.86718
0.989489 0.867137
0.989487 0.867093
0.989485 0.86705
0.989483 0.867007
0.989481 0.866964
0.989479 0.86692
0.989477 0.866877
0.989475 0.866833
0.989473 0.86679
0.989471 0.866746
0.989469 0.866703
0.989467 0.866659
0.989465 0.866615
0.989462 0.866571
0.98946 0.866528
0.989458 0.866484
0.989456 0.86644
0.989454 0.866396
0.989452 0.866352
0.98945 0.866308
0.989448 0.866264
0.989446 0.86622
0.989444 0.866176
0.989441 0.866132
0.989439 0.866087
0.989437 0.866043
0.989435 0.865999
0.989433 0.865954
0.989431 0.86591
0.989429 0.865865
0.989427 0.865821
0.989425 0.865776
0.989422 0.865732
0.98942 0.865687
0.989418 0.865642
0.989416 0.865598
0.989414 0.865553
0.989412 0.865508
0.98941 0.865463
0.989407 0.865418
0.989405 0.865373
0.989403 0.865328
0.989401 0.865283
0.989399 0.865238
0.989397 0.865193
0.989395 0.865147
0.989392 0.865102
0.98939 0.865057
0.989388 0.865011
0.989386 0.864966
0.989384 0.864921
0.989382 0.864875
0.989379 0.864829
0.989377 0.864784
0.989375 0.864738
0.989373 0.864692
0.989371 0.864647
0.989369 0.864601
0.989366 0.864555
0.989364 0.864509
0.989362 0.864463
0.98936 0.864417
0.989358 0.864371
0.989355 0.864325
0.989353 0.864278
0.989351 0.864232
0.989349 0.864186
0.989347 0.86414
0.989344 0.864093
0.989342 0.864047
0.98934 0.864
0.989338 0.863954
0.989336 0.863907
0.989333 0.86386
0.989331 0.863814
0.989329 0.863767
0.989327 0.86372
0.989325 0.863673
0.989322 0.863626
0.98932 0.863579
0.989318 0.863532
0.989316 0.863485
0.989313 0.863438
0.989311 0.863391
0.989309 0.863344
0.989307 0.863296
0.989304 0.863249
0.989302 0.863201
0.9893 0.863154
0.989298 0.863106
0.989295 0.863059
0.989293 0.863011
0.989291 0.862963
0.989289 0.862916
0.989286 0.862868
0.989284 0.86282
0.989282 0.862772
0.98928 0.862724
0.989277 0.862676
0.989275 0.862628
0.989273 0.86258
0.98927 0.862532
0.989268 0.862483
0.989266 0.862435
0.989264 0.862387
0.989261 0.862338
0.989259 0.86229
0.989257 0.862241
0.989254 0.862192
0.989252 0.862144
0.98925 0.862095
0.989247 0.862046
0.989245 0.861997
0.989243 0.861948
0.98924 0.861899
0.989238 0.86185
0.989236 0.861801
0.989234 0.861752
0.989231 0.861703
0.989229 0.861654
0.989227 0.861604
0.989224 0.861555
0.989222 0.861505
0.989219 0.861456
0.989217 0.861406
0.989215 0.861357
0.989212 0.861307
0.98921 0.861257
0.989208 0.861207
0.989205 0.861157
0.989203 0.861107
0.989201 0.861057
0.989198 0.861007
0.989196 0.860957
0.989194 0.860907
0.989191 0.860857
0.989189 0.860806
0.989186 0.860756
0.989184 0.860705
0.989182 0.860655
0.989179 0.860604
0.989177 0.860553
0.989174 0.860503
0.989172 0.860452
0.98917 0.860401
0.989167 0.86035
0.989165 0.860299
0.989162 0.860248
0.98916 0.860197
0.989158 0.860146
0.989155 0.860094
0.989153 0.860043
0.98915 0.859992
0.989148 0.85994
0.989146 0.859889
0.989143 0.859837
0.989141 0.859785
0.989138 0.859734
0.989136 0.859682
0.989133 0.85963
0.989131 0.859578
0.989128 0.859526
0.989126 0.859474
0.989124 0.859422
0.989121 0.859369
0.989119 0.859317
0.989116 0.859265
0.989114 0.859212
0.989111 0.85916
0.989109 0.859107
0.989106 0.859055
0.989104 0.859002
0.989101 0.858949
0.989099 0.858896
0.989096 0.858843
0.989094 0.85879
0.989091 0.858737
0.989089 0.858684
0.989086 0.858631
0.989084 0.858577
0.989081 0.858524
0.989079 0.858471
0.989076 0.858417
0.989074 0.858363
0.989071 0.85831
0.989069 0.858256
0.989066 0.858202
0.989064 0.858148
0.989061 0.858094
0.989059 0.85804
0.989056 0.857986
0.989053 0.857932
0.989051 0.857878
0.989048 0.857823
0.989046 0.857769
0.989043 0.857714
0.989041 0.85766
0.989038 0.857605
0.989036 0.85755
0.989033 0.857496
0.98903 0.857441
0.989028 0.857386
0.989025 0.857331
0.989023 0.857275
0.98902 0.85722
0.989017 0.857165
0.989015 0.85711
0.989012 0.857054
0.98901 0.856999
0.989007 0.856943
0.989004 0.856887
0.989002 0.856831
0.988999 0.856776
0.988997 0.85672
0.988994 0.856664
0.988991 0.856607
0.988989 0.856551
0.988986 0.856495
0.988983 0.856439
0.988981 0.856382
0.988978 0.856326
0.988975 0.856269
0.988973 0.856212
0.98897 0.856156
0.988967 0.856099
0.988965 0.856042
0.988962 0.855985
0.988959 0.855928
0.988957 0.85587
0.988954 0.855813
0.988951 0.855756
0.988949 0.855698
0.988946 0.855641
0.988943 0.855583
0.988941 0.855525
0.988938 0.855468
0.988935 0.85541
0.988932 0.855352
0.98893 0.855294
0.988927 0.855235
0.988924 0.855177
0.988922 0.855119
0.988919 0.85506
0.988916 0.855002
0.988913 0.854943
0.988911 0.854885
0.988908 0.854826
0.988905 0.854767
0.988902 0.854708
0.9889 0.854649
0.988897 0.85459
0.988894 0.85453
0.988891 0.854471
0.988889 0.854412
0.988886 0.854352
0.988883 0.854292
0.98888 0.854233
0.988877 0.854173
0.988875 0.854113
0.988872 0.854053
0.988869 0.853993
0.988866 0.853933
0.988863 0.853872
0.988861 0.853812
0.988858 0.853751
0.988855 0.853691
0.988852 0.85363
0.988849 0.853569
0.988846 0.853509
0.988844 0.853448
0.988841 0.853387
0.988838 0.853325
0.988835 0.853264
0.988832 0.853203
0.988829 0.853141
0.988826 0.85308
0.988824 0.853018
0.988821 0.852956
0.988818 0.852894
0.988815 0.852832
0.988812 0.85277
0.988809 0.852708
0.988806 0.852646
0.988803 0.852583
0.9888 0.852521
0.988797 0.852458
0.988795 0.852396
0.988792 0.852333
0.988789 0.85227
0.988786 0.852207
0.988783 0.852144
0.98878 0.852081
0.988777 0.852017
0.988774 0.851954
0.988771 0.85189
0.988768 0.851827
0.988765 0.851763
0.988762 0.851699
0.988759 0.851635
0.988756 0.851571
0.988753 0.851507
0.98875 0.851443
0.988747 0.851378
0.988744 0.851314
0.988741 0.851249
0.988738 0.851184
0.988735 0.851119
0.988732 0.851054
0.988729 0.850989
0.988726 0.850924
0.988723 0.850859
0.98872 0.850794
0.988717 0.850728
0.988714 0.850662
0.988711 0.850597
0.988708 0.850531
0.988705 0.850465
0.988702 0.850399
0.988699 0.850332
0.988696 0.850266
0.988692 0.8502
0.988689 0.850133
0.988686 0.850066
0.988683 0.85
0.98868 0.849933
0.988677 0.849866
0.988674 0.849799
0.988671 0.849731
0.988668 0.849664
0.988665 0.849596
0.988661 0.849529
0.988658 0.849461
0.988655 0.849393
0.988652 0.849325
0.988649 0.849257
0.988646 0.849189
0.988642 0.84912
0.988639 0.849052
0.988636 0.848983
0.988633 0.848914
0.98863 0.848846
0.988627 0.848777
0.988623 0.848707
0.98862 0.848638
0.988617 0.848569
0.988614 0.848499
0.98861 0.84843
0.988607 0.84836
0.988604 0.84829
0.988601 0.84822
0.988598 0.84815
0.988594 0.84808
0.988591 0.848009
0.988588 0.847939
0.988584 0.847868
0.988581 0.847797
0.988578 0.847726
0.988575 0.847655
0.988571 0.847584
0.988568 0.847513
0.988565 0.847441
0.988561 0.84737
0.988558 0.847298
0.988555 0.847226
0.988552 0.847154
0.988548 0.847082
0.988545 0.847009
0.988541 0.846937
0.988538 0.846864
0.988535 0.846792
0.988531 0.846719
0.988528 0.846646
0.988525 0.846573
0.988521 0.8465
0.988518 0.846426
0.988515 0.846353
0.988511 0.846279
0.988508 0.846205
0.988504 0.846131
0.988501 0.846057
0.988497 0.845983
0.988494 0.845908
0.988491 0.845834
0.988487 0.845759
0.988484 0.845684
0.98848 0.845609
0.988477 0.845534
0.988473 0.845459
0.98847 0.845383
0.988466 0.845308
0.988463 0.845232
0.988459 0.845156
0.988456 0.84508
0.988452 0.845004
0.988449 0.844927
0.988445 0.844851
0.988442 0.844774
0.988438 0.844697
0.988435 0.84462
0.988431 0.844543
0.988428 0.844466
0.988424 0.844389
0.98842 0.844311
0.988417 0.844233
0.988413 0.844155
0.98841 0.844077
0.988406 0.843999
0.988403 0.843921
0.988399 0.843842
0.988395 0.843763
0.988392 0.843684
0.988388 0.843605
0.988384 0.843526
0.988381 0.843447
0.988377 0.843367
0.988373 0.843288
0.98837 0.843208
0.988366 0.843128
0.988362 0.843047
0.988359 0.842967
0.988355 0.842887
0.988351 0.842806
0.988348 0.842725
0.988344 0.842644
0.98834 0.842563
0.988336 0.842481
0.988333 0.8424
0.988329 0.842318
0.988325 0.842236
0.988321 0.842154
0.988318 0.842072
0.988314 0.841989
0.98831 0.841907
0.988306 0.841824
0.988302 0.841741
0.988299 0.841658
0.988295 0.841575
0.988291 0.841491
0.988287 0.841407
0.988283 0.841324
0.988279 0.84124
0.988276 0.841155
0.988272 0.841071
0.988268 0.840986
0.988264 0.840902
0.98826 0.840817
0.988256 0.840731
0.988252 0.840646
0.988248 0.840561
0.988244 0.840475
0.988241 0.840389
0.988237 0.840303
0.988233 0.840217
0.988229 0.84013
0.988225 0.840043
0.988221 0.839957
0.988217 0.83987
0.988213 0.839782
0.988209 0.839695
0.988205 0.839607
0.988201 0.839519
0.988197 0.839431
0.988193 0.839343
0.988189 0.839255
0.988185 0.839166
0.988181 0.839077
0.988177 0.838988
0.988172 0.838899
0.988168 0.838809
0.988164 0.83872
0.98816 0.83863
0.988156 0.83854
0.988152 0.83845
0.988148 0.838359
0.988144 0.838268
0.988139 0.838178
0.988135 0.838086
0.988131 0.837995
0.988127 0.837904
0.988123 0.837812
0.988119 0.83772
0.988114 0.837628
0.98811 0.837535
0.988106 0.837443
0.988102 0.83735
0.988098 0.837257
0.988093 0.837164
0.988089 0.83707
0.988085 0.836976
0.98808 0.836883
0.988076 0.836788
0.988072 0.836694
0.988068 0.836599
0.988063 0.836505
0.988059 0.83641
0.988055 0.836314
0.98805 0.836219
0.988046 0.836123
0.988042 0.836027
0.988037 0.835931
0.988033 0.835834
0.988028 0.835738
0.988024 0.835641
0.98802 0.835544
0.988015 0.835446
0.988011 0.835349
0.988006 0.835251
0.988002 0.835153
0.987997 0.835055
0.987993 0.834956
0.987988 0.834857
0.987984 0.834758
0.987979 0.834659
0.987975 0.834559
0.98797 0.834459
0.987966 0.834359
0.987961 0.834259
0.987957 0.834159
0.987952 0.834058
0.987947 0.833957
0.987943 0.833855
0.987938 0.833754
0.987934 0.833652
0.987929 0.83355
0.987924 0.833448
0.98792 0.833345
0.987915 0.833242
0.98791 0.833139
0.987906 0.833036
0.987901 0.832932
0.987896 0.832828
0.987892 0.832724
0.987887 0.83262
0.987882 0.832515
0.987877 0.83241
0.987873 0.832305
0.987868 0.832199
0.987863 0.832094
0.987858 0.831988
0.987853 0.831881
0.987848 0.831775
0.987844 0.831668
0.987839 0.831561
0.987834 0.831453
0.987829 0.831345
0.987824 0.831237
0.987819 0.831129
0.987814 0.831021
0.987809 0.830912
0.987804 0.830803
0.9878 0.830693
0.987795 0.830583
0.98779 0.830473
0.987785 0.830363
0.98778 0.830252
0.987775 0.830142
0.98777 0.83003
0.987765 0.829919
0.987759 0.829807
0.987754 0.829695
0.987749 0.829583
0.987744 0.82947
0.987739 0.829357
0.987734 0.829243
0.987729 0.82913
0.987724 0.829016
0.987719 0.828902
0.987713 0.828787
0.987708 0.828672
0.987703 0.828557
0.987698 0.828441
0.987693 0.828326
0.987687 0.82821
0.987682 0.828093
0.987677 0.827976
0.987672 0.827859
0.987666 0.827742
0.987661 0.827624
0.987656 0.827506
0.98765 0.827387
0.987645 0.827269
0.98764 0.827149
0.987634 0.82703
0.987629 0.82691
0.987623 0.82679
0.987618 0.82667
0.987613 0.826549
0.987607 0.826428
0.987602 0.826306
0.987596 0.826184
0.987591 0.826062
0.987585 0.82594
0.98758 0.825817
0.987574 0.825694
0.987568 0.82557
0.987563 0.825446
0.987557 0.825322
0.987552 0.825197
0.987546 0.825072
0.98754 0.824947
0.987535 0.824821
0.987529 0.824695
0.987523 0.824568
0.987518 0.824441
0.987512 0.824314
0.987506 0.824186
0.987501 0.824058
0.987495 0.82393
0.987489 0.823801
0.987483 0.823672
0.987477 0.823543
0.987472 0.823413
0.987466 0.823282
0.98746 0.823152
0.987454 0.823021
0.987448 0.822889
0.987442 0.822757
0.987436 0.822625
0.98743 0.822492
0.987424 0.822359
0.987418 0.822226
0.987412 0.822092
0.987406 0.821958
0.9874 0.821823
0.987394 0.821688
0.987388 0.821552
0.987382 0.821417
0.987376 0.82128
0.98737 0.821143
0.987364 0.821006
0.987357 0.820869
0.987351 0.820731
0.987345 0.820592
0.987339 0.820453
0.987333 0.820314
0.987326 0.820174
0.98732 0.820034
0.987314 0.819893
0.987308 0.819752
0.987301 0.819611
0.987295 0.819469
0.987288 0.819326
0.987282 0.819183
0.987276 0.81904
0.987269 0.818896
0.987263 0.818752
0.987256 0.818607
0.98725 0.818462
0.987243 0.818316
0.987237 0.81817
0.98723 0.818024
0.987224 0.817876
0.987217 0.817729
0.98721 0.817581
0.987204 0.817432
0.987197 0.817283
0.987191 0.817134
0.987184 0.816984
0.987177 0.816834
0.98717 0.816683
0.987164 0.816531
0.987157 0.816379
0.98715 0.816227
0.987143 0.816074
0.987136 0.81592
0.98713 0.815766
0.987123 0.815612
0.987116 0.815457
0.987109 0.815302
0.987102 0.815145
0.987095 0.814989
0.987088 0.814832
0.987081 0.814674
0.987074 0.814516
0.987067 0.814357
0.98706 0.814198
0.987053 0.814038
0.987045 0.813878
0.987038 0.813717
0.987031 0.813556
0.987024 0.813394
0.987017 0.813231
0.987009 0.813068
0.987002 0.812905
0.986995 0.812741
0.986987 0.812576
0.98698 0.812411
0.986973 0.812245
0.986965 0.812078
0.986958 0.811911
0.98695 0.811743
0.986943 0.811575
0.986936 0.811406
0.986928 0.811237
0.98692 0.811067
0.986913 0.810896
0.986905 0.810725
0.986898 0.810553
0.98689 0.810381
0.986882 0.810208
0.986875 0.810034
0.986867 0.80986
0.986859 0.809685
0.986851 0.809509
0.986843 0.809333
0.986836 0.809156
0.986828 0.808979
0.98682 0.808801
0.986812 0.808622
0.986804 0.808442
0.986796 0.808262
0.986788 0.808082
0.98678 0.8079
0.986772 0.807718
0.986764 0.807535
0.986756 0.807352
0.986748 0.807168
0.986739 0.806983
0.986731 0.806798
0.986723 0.806612
0.986715 0.806425
0.986706 0.806237
0.986698 0.806049
0.98669 0.80586
0.986681 0.80567
0.986673 0.80548
0.986664 0.805289
0.986656 0.805097
0.986647 0.804904
0.986639 0.804711
0.98663 0.804517
0.986622 0.804322
0.986613 0.804127
0.986604 0.803931
0.986596 0.803734
0.986587 0.803536
0.986578 0.803337
0.986569 0.803138
0.98656 0.802938
0.986552 0.802737
0.986543 0.802535
0.986534 0.802333
0.986525 0.80213
0.986516 0.801926
0.986507 0.801721
0.986498 0.801515
0.986489 0.801309
0.986479 0.801101
0.98647 0.800893
0.986461 0.800684
0.986452 0.800475
0.986442 0.800264
0.986433 0.800053
0.986424 0.79984
0.986414 0.799627
0.986405 0.799413
0.986395 0.799198
0.986386 0.798983
0.986376 0.798766
0.986367 0.798548
0.986357 0.79833
0.986348 0.798111
0.986338 0.797891
0.986328 0.797669
0.986318 0.797447
0.986309 0.797225
0.986299 0.797001
0.986289 0.796776
0.986279 0.79655
0.986269 0.796324
0.986259 0.796096
0.986249 0.795868
0.986239 0.795638
0.986229 0.795408
0.986218 0.795176
0.986208 0.794944
0.986198 0.79471
0.986188 0.794476
0.986177 0.794241
0.986167 0.794004
0.986156 0.793767
0.986146 0.793528
0.986135 0.793289
0.986125 0.793048
0.986114 0.792807
0.986104 0.792564
0.986093 0.792321
0.986082 0.792076
0.986071 0.79183
0.986061 0.791584
0.98605 0.791336
0.986039 0.791087
0.986028 0.790837
0.986017 0.790585
0.986006 0.790333
0.985995 0.79008
0.985983 0.789825
0.985972 0.78957
0.985961 0.789313
0.98595 0.789055
0.985938 0.788796
0.985927 0.788535
0.985915 0.788274
0.985904 0.788011
0.985892 0.787748
0.985881 0.787483
0.985869 0.787216
0.985857 0.786949
0.985846 0.78668
0.985834 0.78641
0.985822 0.786139
0.98581 0.785867
0.985798 0.785593
0.985786 0.785318
0.985774 0.785042
0.985762 0.784765
0.98575 0.784486
0.985737 0.784206
0.985725 0.783925
0.985713 0.783642
0.9857 0.783358
0.985688 0.783073
0.985675 0.782786
0.985663 0.782498
0.98565 0.782209
0.985637 0.781918
0.985624 0.781626
0.985612 0.781332
0.985599 0.781037
0.985586 0.780741
0.985573 0.780443
0.98556 0.780143
0.985546 0.779843
0.985533 0.779541
0.98552 0.779237
0.985507 0.778932
0.985493 0.778625
0.98548 0.778317
0.985466 0.778007
0.985453 0.777696
0.985439 0.777383
0.985425 0.777069
0.985412 0.776753
0.985398 0.776436
0.985384 0.776117
0.98537 0.775796
0.985356 0.775474
0.985342 0.77515
0.985327 0.774825
0.985313 0.774497
0.985299 0.774169
0.985284 0.773838
0.98527 0.773506
0.985255 0.773172
0.985241 0.772837
0.985226 0.772499
0.985211 0.77216
0.985196 0.77182
0.985181 0.771477
0.985166 0.771133
0.985151 0.770787
0.985136 0.770439
0.985121 0.770089
0.985106 0.769737
0.98509 0.769384
0.985075 0.769029
0.985059 0.768672
0.985043 0.768313
0.985028 0.767952
0.985012 0.767589
0.984996 0.767224
0.98498 0.766857
0.984964 0.766488
0.984948 0.766118
0.984932 0.765745
0.984915 0.76537
0.984899 0.764993
0.984882 0.764615
0.984866 0.764234
0.984849 0.763851
0.984832 0.763466
0.984815 0.763078
0.984798 0.762689
0.984781 0.762298
0.984764 0.761904
0.984747 0.761508
0.98473 0.76111
0.984712 0.76071
0.984695 0.760307
0.984677 0.759902
0.984659 0.759495
0.984642 0.759086
0.984624 0.758674
0.984606 0.75826
0.984587 0.757844
0.984569 0.757425
0.984551 0.757004
0.984532 0.75658
0.984514 0.756154
0.984495 0.755726
0.984477 0.755295
0.984458 0.754861
0.984439 0.754425
0.98442 0.753987
0.9844 0.753546
0.984381 0.753102
0.984362 0.752656
0.984342 0.752207
0.984322 0.751755
0.984303 0.751301
0.984283 0.750844
0.984263 0.750384
0.984243 0.749922
0.984222 0.749456
0.984202 0.748988
0.984182 0.748518
0.984161 0.748044
0.98414 0.747567
0.984119 0.747088
0.984098 0.746605
0.984077 0.74612
0.984056 0.745632
0.984034 0.74514
0.984013 0.744646
0.983991 0.744149
0.983969 0.743648
0.983948 0.743145
0.983925 0.742638
0.983903 0.742128
0.983881 0.741615
0.983858 0.741099
0.983836 0.740579
0.983813 0.740056
0.98379 0.73953
0.983767 0.739
0.983744 0.738467
0.98372 0.737931
0.983697 0.737391
0.983673 0.736848
0.983649 0.736301
0.983625 0.735751
0.983601 0.735197
0.983577 0.73464
0.983552 0.734079
0.983528 0.733514
0.983503 0.732946
0.983478 0.732373
0.983453 0.731797
0.983428 0.731218
0.983402 0.730634
0.983376 0.730047
0.983351 0.729455
0.983325 0.72886
0.983298 0.72826
0.983272 0.727657
0.983246 0.72705
0.983219 0.726438
0.983192 0.725822
0.983165 0.725202
0.983138 0.724578
0.98311 0.72395
0.983082 0.723317
0.983055 0.72268
0.983027 0.722039
0.982998 0.721393
0.98297 0.720742
0.982941 0.720087
0.982912 0.719428
0.982883 0.718764
0.982854 0.718095
0.982824 0.717422
0.982795 0.716743
0.982765 0.71606
0.982735 0.715372
0.982704 0.71468
0.982674 0.713982
0.982643 0.713279
0.982612 0.712571
0.98258 0.711859
0.982549 0.711141
0.982517 0.710417
0.982485 0.709689
0.982453 0.708955
0.98242 0.708216
0.982387 0.707472
0.982354 0.706722
0.982321 0.705966
0.982288 0.705205
0.982254 0.704439
0.98222 0.703666
0.982186 0.702888
0.982151 0.702104
0.982116 0.701314
0.982081 0.700518
0.982046 0.699717
0.98201 0.698909
0.981974 0.698095
0.981938 0.697275
0.981901 0.696449
0.981864 0.695616
0.981827 0.694777
0.98179 0.693932
0.981752 0.69308
0.981714 0.692221
0.981675 0.691356
0.981637 0.690484
0.981598 0.689606
0.981558 0.68872
0.981519 0.687828
0.981479 0.686928
0.981438 0.686022
0.981398 0.685108
0.981357 0.684187
0.981315 0.683259
0.981274 0.682324
0.981231 0.681381
0.981189 0.68043
0.981146 0.679472
0.981103 0.678506
0.981059 0.677533
0.981015 0.676551
0.980971 0.675562
0.980926 0.674565
0.980881 0.673559
0.980836 0.672545
0.98079 0.671523
0.980743 0.670493
0.980697 0.669454
0.980649 0.668407
0.980602 0.667351
0.980554 0.666286
0.980505 0.665212
0.980456 0.66413
0.980407 0.663038
0.980357 0.661938
0.980307 0.660828
0.980256 0.659709
0.980205 0.65858
0.980153 0.657442
0.980101 0.656294
0.980048 0.655137
0.979995 0.65397
0.979941 0.652793
0.979887 0.651605
0.979832 0.650408
0.979777 0.6492
0.979721 0.647982
0.979664 0.646754
0.979608 0.645515
0.97955 0.644265
0.979492 0.643005
0.979433 0.641733
0.979374 0.640451
0.979314 0.639157
0.979254 0.637852
0.979193 0.636536
0.979131 0.635208
0.979069 0.633868
0.979006 0.632517
0.978942 0.631154
0.978878 0.629779
0.978813 0.628392
0.978748 0.626992
0.978682 0.62558
0.978615 0.624156
0.978547 0.622719
0.978479 0.621269
0.97841 0.619806
0.97834 0.61833
0.978269 0.616841
0.978198 0.615339
0.978126 0.613823
0.978053 0.612294
0.97798 0.610751
0.977905 0.609194
0.97783 0.607623
0.977754 0.606038
0.977677 0.604439
0.977599 0.602825
0.977521 0.601197
0.977441 0.599554
0.977361 0.597897
0.97728 0.596224
0.977197 0.594536
0.977114 0.592833
0.97703 0.591114
0.976945 0.58938
0.976859 0.587631
0.976772 0.585865
0.976684 0.584083
0.976595 0.582286
0.976505 0.580472
0.976414 0.578641
0.976322 0.576794
0.976229 0.574931
0.976134 0.57305
0.976039 0.571153
0.975942 0.569238
0.975844 0.567307
0.975745 0.565357
0.975645 0.563391
0.975544 0.561406
0.975441 0.559404
0.975337 0.557384
0.975232 0.555345
0.975126 0.553289
0.975018 0.551214
0.974909 0.549121
0.974798 0.547009
0.974687 0.544878
0.974573 0.542729
0.974459 0.54056
0.974343 0.538373
0.974225 0.536166
0.974106 0.53394
0.973985 0.531695
0.973863 0.52943
0.97374 0.527145
0.973614 0.524841
0.973487 0.522517
0.973359 0.520173
0.973229 0.517809
0.973097 0.515425
0.972963 0.51302
0.972828 0.510596
0.97269 0.508152
0.972551 0.505687
0.97241 0.503201
0.972268 0.500696
0.972123 0.498169
0.971976 0.495623
0.971828 0.493055
0.971677 0.490468
0.971525 0.48786
0.97137 0.485231
0.971213 0.482581
0.971054 0.479912
0.970893 0.477221
0.97073 0.47451
0.970564 0.471779
0.970396 0.469027
0.970226 0.466255
0.970053 0.463463
0.969878 0.460651
0.969701 0.457819
0.969521 0.454966
0.969338 0.452094
0.969153 0.449202
0.968966 0.446291
0.968775 0.44336
0.968582 0.44041
0.968387 0.43744
0.968188 0.434452
0.967987 0.431445
0.967783 0.42842
0.967575 0.425377
0.967365 0.422315
0.967152 0.419236
0.966936 0.41614
0.966717 0.413026
0.966494 0.409895
0.966269 0.406749
0.96604 0.403585
0.965807 0.400406
0.965572 0.397212
0.965333 0.394003
0.96509 0.390779
0.964844 0.38754
0.964595 0.384288
0.964341 0.381023
0.964084 0.377745
0.963824 0.374454
0.963559 0.371152
0.963291 0.367838
0.963018 0.364513
0.962742 0.361179
0.962462 0.357834
0.962178 0.35448
0.961889 0.351118
0.961596 0.347748
0.961299 0.344371
0.960998 0.340987
0.960692 0.337597
0.960382 0.334201
0.960067 0.330801
0.959748 0.327398
0.959424 0.32399
0.959095 0.320581
0.958762 0.317169
0.958423 0.313757
0.95808 0.310344
0.957732 0.306931
0.957379 0.30352
0.957021 0.300111
0.956657 0.296704
0.956288 0.293301
0.955914 0.289902
0.955535 0.286509
0.95515 0.283121
0.95476 0.27974
0.954365 0.276366
0.953963 0.273001
0.953556 0.269644
0.953143 0.266298
0.952725 0.262962
0.9523 0.259638
0.95187 0.256326
0.951434 0.253027
0.950991 0.249741
0.950543 0.24647
0.950088 0.243215
0.949627 0.239975
0.94916 0.236753
0.948686 0.233548
0.948206 0.230361
0.947719 0.227192
0.947226 0.224044
0.946726 0.220916
0.94622 0.217809
0.945707 0.214723
0.945187 0.211659
0.94466 0.208619
0.944126 0.205601
0.943585 0.202608
0.943038 0.199639
0.942483 0.196695
0.941921 0.193777
0.941352 0.190885
0.940776 0.188019
0.940192 0.18518
0.939601 0.182369
0.939003 0.179585
0.938397 0.176829
0.937783 0.174102
0.937163 0.171404
0.936534 0.168735
0.935898 0.166096
0.935254 0.163486
0.934603 0.160906
0.933944 0.158356
0.933277 0.155837
0.932602 0.153348
0.931919 0.15089
0.931228 0.148463
0.93053 0.146067
0.929823 0.143702
0.929108 0.141368
0.928385 0.139065
0.927655 0.136793
0.926915 0.134553
0.926168 0.132344
0.925413 0.130166
0.924649 0.128019
0.923877 0.125903
0.923097 0.123818
0.922308 0.121764
0.921511 0.119741
0.920705 0.117749
0.919892 0.115787
0.919069 0.113855
0.918238 0.111953
0.917399 0.110082
0.916551 0.10824
0.915695 0.106428
0.91483 0.104645
0.913956 0.102892
0.913074 0.101167
0.912184 0.099471
0.911284 0.0978033
0.910376 0.0961637
0.909459 0.094552
0.908534 0.0929678
0.9076 0.0914108
0.906657 0.0898809
0.905705 0.0883776
0.904745 0.0869006
0.903776 0.0854497
0.902798 0.0840245
0.901811 0.0826248
0.900816 0.0812501
0.899812 0.0799001
0.898799 0.0785746
0.897777 0.0772731
0.896746 0.0759954
0.895706 0.0747411
0.894658 0.0735099
0.8936 0.0723014
0.892534 0.0711154
0.891459 0.0699514
0.890375 0.0688091
0.889283 0.0676882
0.888181 0.0665884
0.88707 0.0655092
0.885951 0.0644505
0.884823 0.0634118
0.883686 0.0623929
0.88254 0.0613933
0.881385 0.0604128
0.880221 0.0594511
0.879048 0.0585077
0.877866 0.0575825
0.876676 0.056675
0.875476 0.0557851
0.874268 0.0549123
0.873051 0.0540563
0.871825 0.0532169
0.87059 0.0523938
0.869346 0.0515866
0.868093 0.050795
0.866832 0.0500189
0.865561 0.0492578
0.864282 0.0485115
0.862994 0.0477798
0.861697 0.0470623
0.860391 0.0463588
0.859076 0.045669
0.857752 0.0449927
0.85642 0.0443296
0.855079 0.0436794
0.853729 0.0430419
0.85237 0.0424168
0.851002 0.041804
0.849625 0.0412031
0.84824 0.0406139
0.846846 0.0400363
0.845443 0.0394699
0.844031 0.0389146
0.842611 0.0383701
0.841182 0.0378362
0.839744 0.0373127
0.838297 0.0367995
0.836842 0.0362962
0.835378 0.0358027
0.833905 0.0353188
0.832423 0.0348444
0.830933 0.0343791
0.829434 0.0339229
0.827926 0.0334756
0.82641 0.0330369
0.824885 0.0326067
0.823351 0.0321849
0.821809 0.0317712
0.820258 0.0313655
0.818699 0.0309677
0.817131 0.0305775
0.815554 0.0301949
0.813969 0.0298196
0.812375 0.0294516
0.810773 0.0290906
0.809162 0.0287366
0.807542 0.0283894
0.805914 0.0280488
0.804278 0.0277148
0.802633 0.0273872
0.80098 0.0270658
0.799318 0.0267506
0.797648 0.0264414
0.795969 0.0261382
0.794282 0.0258407
0.792586 0.0255488
0.790882 0.0252625
0.78917 0.0249817
0.78745 0.0247062
0.785721 0.024436
0.783983 0.0241708
0.782238 0.0239107
0.780484 0.0236556
0.778722 0.0234052
0.776951 0.0231596
0.775173 0.0229187
0.773386 0.0226823
0.771591 0.0224503
0.769788 0.0222228
0.767977 0.0219995
0.766157 0.0217804
0.76433 0.0215655
0.762494 0.0213546
0.76065 0.0211477
0.758798 0.0209447
0.756939 0.0207455
0.755071 0.0205501
0.753195 0.0203583
0.751311 0.0201702
0.74942 0.0199856
0.74752 0.0198044
0.745612 0.0196267
0.743697 0.0194523
0.741774 0.0192812
0.739843 0.0191133
0.737904 0.0189486
0.735957 0.018787
0.734003 0.0186284
0.732041 0.0184729
0.730071 0.0183202
0.728094 0.0181705
0.726109 0.0180236
0.724117 0.0178794
0.722117 0.017738
0.720109 0.0175993
0.718094 0.0174632
0.716071 0.0173297
0.714041 0.0171987
0.712004 0.0170703
0.709959 0.0169443
0.707907 0.0168207
0.705848 0.0166994
0.703781 0.0165805
0.701707 0.0164639
0.699626 0.0163496
0.697538 0.0162374
0.695443 0.0161275
0.693341 0.0160197
0.691231 0.0159139
0.689115 0.0158103
0.686992 0.0157087
0.684862 0.015609
0.682725 0.0155114
0.680581 0.0154157
0.67843 0.0153219
0.676273 0.0152299
0.674109 0.0151399
0.671939 0.0150516
0.669762 0.0149651
0.667578 0.0148804
0.665388 0.0147974
0.663192 0.0147161
0.660989 0.0146366
0.65878 0.0145586
0.656565 0.0144823
0.654343 0.0144076
0.652115 0.0143345
0.649882 0.0142629
0.647642 0.0141929
0.645396 0.0141244
0.643145 0.0140574
0.640887 0.0139918
0.638624 0.0139277
0.636355 0.0138651
0.63408 0.0138038
0.6318 0.013744
0.629514 0.0136855
0.627223 0.0136284
0.624927 0.0135726
0.622625 0.0135181
0.620318 0.0134649
0.618006 0.013413
0.615688 0.0133624
0.613366 0.0133131
0.611038 0.0132649
0.608706 0.013218
0.606369 0.0131723
0.604028 0.0131278
0.601681 0.0130845
0.59933 0.0130423
0.596975 0.0130013
0.594615 0.0129614
0.592251 0.0129227
0.589883 0.012885
0.587511 0.0128485
0.585134 0.012813
0.582754 0.0127786
0.58037 0.0127453
0.577982 0.012713
0.57559 0.0126818
0.573195 0.0126516
0.570796 0.0126224
0.568394 0.0125942
0.565988 0.0125671
0.56358 0.0125409
0.561168 0.0125157
0.558753 0.0124915
0.556335 0.0124682
0.553915 0.0124459
0.551492 0.0124245
0.549066 0.0124041
0.546638 0.0123846
0.544207 0.012366
0.541774 0.0123483
0.539339 0.0123316
0.536902 0.0123157
0.534463 0.0123008
0.532022 0.0122867
0.529579 0.0122735
0.527135 0.0122611
0.524689 0.0122497
0.522242 0.012239
0.519793 0.0122293
0.517344 0.0122204
0.514893 0.0122123
0.512442 0.0122051
0.509989 0.0121986
0.507536 0.0121931
0.505083 0.0121883
0.502629 0.0121844
0.500174 0.0121812
0.49772 0.0121789
0.495265 0.0121774
0.492811 0.0121766
0.490357 0.0121767
0.487903 0.0121775
0.485449 0.0121792
0.482996 0.0121816
0.480544 0.0121848
0.478092 0.0121888
0.475642 0.0121935
0.473193 0.012199
0.470744 0.0122053
0.468297 0.0122123
0.465852 0.0122201
0.463408 0.0122286
0.460966 0.0122379
0.458526 0.012248
0.456088 0.0122587
0.453652 0.0122703
0.451218 0.0122826
0.448786 0.0122956
0.446358 0.0123093
0.443931 0.0123238
0.441508 0.012339
0.439087 0.012355
0.43667 0.0123717
0.434256 0.0123891
0.431845 0.0124072
0.429437 0.0124261
0.427033 0.0124457
0.424633 0.012466
0.422236 0.012487
0.419844 0.0125088
0.417456 0.0125313
0.415071 0.0125544
0.412692 0.0125784
0.410316 0.012603
0.407946 0.0126283
0.40558 0.0126544
0.403219 0.0126811
0.400863 0.0127086
0.398512 0.0127368
0.396166 0.0127657
0.393826 0.0127953
0.391491 0.0128256
0.389162 0.0128566
0.386839 0.0128884
0.384521 0.0129208
0.38221 0.012954
0.379905 0.0129878
0.377605 0.0130224
0.375313 0.0130577
0.373026 0.0130937
0.370747 0.0131304
0.368474 0.0131678
0.366207 0.0132059
0.363948 0.0132447
0.361696 0.0132843
0.359451 0.0133245
0.357213 0.0133654
0.354982 0.0134071
0.352759 0.0134495
0.350544 0.0134926
0.348336 0.0135364
0.346136 0.0135809
0.343944 0.0136261
0.34176 0.013672
0.339584 0.0137186
0.337416 0.013766
0.335256 0.013814
0.333105 0.0138628
0.330962 0.0139123
0.328828 0.0139625
0.326702 0.0140134
0.324586 0.0140651
0.322478 0.0141174
0.320378 0.0141705
0.318288 0.0142243
0.316207 0.0142788
0.314135 0.0143341
0.312072 0.01439
0.310019 0.0144467
0.307974 0.0145041
0.30594 0.0145622
0.303914 0.0146211
0.301899 0.0146806
0.299892 0.0147409
0.297896 0.0148019
0.295909 0.0148637
0.293933 0.0149262
0.291966 0.0149894
0.290009 0.0150533
0.288062 0.015118
0.286125 0.0151834
0.284198 0.0152496
0.282281 0.0153164
0.280374 0.015384
0.278478 0.0154524
0.276592 0.0155215
0.274716 0.0155913
0.272851 0.0156618
0.270995 0.0157331
0.269151 0.0158052
0.267317 0.015878
0.265493 0.0159515
0.26368 0.0160258
0.261877 0.0161008
0.260085 0.0161765
0.258304 0.016253
0.256533 0.0163303
0.254773 0.0164083
0.253024 0.016487
0.251285 0.0165666
0.249557 0.0166468
0.24784 0.0167278
0.246133 0.0168096
0.244437 0.0168921
0.242752 0.0169754
0.241078 0.0170594
0.239414 0.0171442
0.237762 0.0172297
0.23612 0.017316
0.234489 0.0174031
0.232868 0.0174909
0.231258 0.0175795
0.22966 0.0176688
0.228072 0.0177589
0.226494 0.0178498
0.224928 0.0179414
0.223372 0.0180338
0.221827 0.018127
0.220292 0.0182209
0.218769 0.0183156
0.217256 0.018411
0.215754 0.0185073
0.214262 0.0186043
0.212781 0.0187021
0.211311 0.0188006
0.209851 0.0188999
0.208402 0.019
0.206963 0.0191009
0.205535 0.0192025
0.204118 0.0193049
0.202711 0.0194081
0.201314 0.0195121
0.199928 0.0196168
0.198552 0.0197223
0.197187 0.0198286
0.195831 0.0199357
0.194487 0.0200435
0.193152 0.0201521
0.191828 0.0202615
0.190514 0.0203717
0.18921 0.0204827
0.187916 0.0205944
0.186632 0.0207069
0.185358 0.0208202
0.184094 0.0209343
0.182841 0.0210492
0.181597 0.0211648
0.180363 0.0212812
0.179138 0.0213985
0.177924 0.0215165
0.176719 0.0216352
0.175524 0.0217548
0.174339 0.0218751
0.173163 0.0219963
0.171997 0.0221182
0.17084 0.0222409
0.169693 0.0223643
0.168555 0.0224886
0.167426 0.0226137
0.166307 0.0227395
0.165197 0.0228661
0.164096 0.0229935
0.163005 0.0231217
0.161922 0.0232507
0.160849 0.0233804
0.159784 0.023511
0.158728 0.0236423
0.157682 0.0237744
0.156644 0.0239073
0.155615 0.024041
0.154595 0.0241755
0.153583 0.0243107
0.15258 0.0244468
0.151585 0.0245836
0.150599 0.0247212
0.149622 0.0248596
0.148653 0.0249988
0.147692 0.0251387
0.14674 0.0252795
0.145795 0.025421
0.144859 0.0255633
0.143931 0.0257064
0.143011 0.0258503
0.142099 0.025995
0.141196 0.0261404
0.140299 0.0262866
0.139411 0.0264336
0.138531 0.0265814
0.137658 0.02673
0.136793 0.0268793
0.135936 0.0270295
0.135086 0.0271804
0.134244 0.0273321
0.133409 0.0274846
0.132581 0.0276378
0.131761 0.0277918
0.130948 0.0279466
0.130143 0.0281022
0.129344 0.0282586
0.128553 0.0284157
0.127769 0.0285737
0.126991 0.0287324
0.126221 0.0288918
0.125458 0.0290521
0.124701 0.0292131
0.123951 0.0293749
0.123208 0.0295375
0.122472 0.0297008
0.121742 0.0298649
0.121019 0.0300298
0.120303 0.0301955
0.119592 0.0303619
0.118889 0.0305291
0.118191 0.0306971
0.1175 0.0308658
0.116815 0.0310353
0.116137 0.0312056
0.115464 0.0313767
0.114798 0.0315485
0.114138 0.0317211
0.113483 0.0318944
0.112835 0.0320685
0.112192 0.0322434
0.111556 0.032419
0.110925 0.0325955
0.1103 0.0327726
0.109681 0.0329506
0.109067 0.0331293
0.108459 0.0333087
0.107856 0.0334889
0.107259 0.0336699
0.106668 0.0338517
0.106082 0.0340342
0.105501 0.0342174
0.104925 0.0344014
0.104355 0.0345862
0.10379 0.0347717
0.10323 0.034958
0.102676 0.0351451
0.102126 0.0353329
0.101582 0.0355214
0.101042 0.0357107
0.100507 0.0359008
0.0999777 0.0360916
0.0994529 0.0362832
0.0989329 0.0364755
0.0984177 0.0366685
0.0979072 0.0368624
0.0974015 0.0370569
0.0969003 0.0372522
0.0964038 0.0374483
0.0959119 0.0376451
0.0954244 0.0378427
0.0949415 0.038041
0.094463 0.03824
0.0939889 0.0384398
0.0935192 0.0386404
0.0930538 0.0388417
0.0925927 0.0390437
0.0921359 0.0392465
0.0916832 0.03945
0.0912348 0.0396542
0.0907904 0.0398592
0.0903502 0.040065
0.089914 0.0402715
0.0894818 0.0404787
0.0890537 0.0406867
0.0886294 0.0408954
0.0882091 0.0411048
0.0877927 0.041315
0.0873801 0.0415259
0.0869713 0.0417376
0.0865662 0.04195
0.086165 0.0421631
0.0857674 0.042377
0.0853734 0.0425916
0.0849832 0.042807
0.0845965 0.043023
0.0842134 0.0432398
0.0838338 0.0434574
0.0834577 0.0436757
0.0830851 0.0438947
0.082716 0.0441145
0.0823502 0.0443349
0.0819878 0.0445562
0.0816288 0.0447781
0.0812731 0.0450008
0.0809206 0.0452242
0.0805714 0.0454484
0.0802255 0.0456733
0.0798827 0.0458989
0.0795431 0.0461252
0.0792067 0.0463523
0.0788733 0.0465801
0.0785431 0.0468087
0.0782158 0.0470379
0.0778916 0.0472679
0.0775704 0.0474987
0.0772522 0.0477301
0.0769369 0.0479623
0.0766245 0.0481953
0.076315 0.0484289
0.0760084 0.0486633
0.0757046 0.0488985
0.0754036 0.0491343
0.0751055 0.0493709
0.07481 0.0496082
0.0745173 0.0498463
0.0742273 0.050085
0.07394 0.0503246
0.0736554 0.0505648
0.0733733 0.0508058
0.0730939 0.0510475
0.0728171 0.0512899
0.0725429 0.0515331
0.0722712 0.051777
0.072002 0.0520216
0.0717353 0.052267
0.0714711 0.0525131
0.0712093 0.05276
0.07095 0.0530075
0.0706931 0.0532558
0.0704385 0.0535049
0.0701863 0.0537547
0.0699365 0.0540052
0.069689 0.0542564
0.0694438 0.0545084
0.0692009 0.0547612
0.0689602 0.0550146
0.0687218 0.0552688
0.0684856 0.0555238
0.0682516 0.0557795
0.0680198 0.0560359
0.0677902 0.056293
0.0675627 0.056551
0.0673373 0.0568096
0.067114 0.057069
0.0668928 0.0573291
0.0666737 0.05759
0.0664567 0.0578516
0.0662416 0.058114
0.0660286 0.0583771
0.0658176 0.058641
0.0656086 0.0589056
0.0654015 0.059171
0.0651964 0.0594371
0.0649932 0.059704
0.064792 0.0599716
0.0645926 0.06024
0.0643951 0.0605091
0.0641995 0.060779
0.0640057 0.0610497
0.0638138 0.0613211
0.0636236 0.0615932
0.0634353 0.0618662
0.0632488 0.0621398
0.063064 0.0624143
0.062881 0.0626895
0.0626997 0.0629655
0.0625202 0.0632422
0.0623424 0.0635198
0.0621663 0.0637981
0.0619918 0.0640771
0.0618191 0.064357
0.0616479 0.0646376
0.0614785 0.0649189
0.0613106 0.0652011
0.0611444 0.0654841
0.0609798 0.0657678
0.0608168 0.0660523
0.0606553 0.0663376
0.0604954 0.0666237
0.0603371 0.0669105
0.0601803 0.0671982
0.060025 0.0674866
0.0598712 0.0677759
0.059719 0.0680659
0.0595682 0.0683568
0.0594189 0.0686484
0.0592711 0.0689408
0.0591247 0.0692341
0.0589798 0.0695281
0.0588363 0.069823
0.0586942 0.0701186
0.0585535 0.0704151
0.0584142 0.0707124
0.0582763 0.0710105
0.0581398 0.0713094
0.0580046 0.0716092
0.0578708 0.0719098
0.0577384 0.0722112
0.0576073 0.0725134
0.0574775 0.0728165
0.057349 0.0731204
0.0572218 0.0734251
0.0570959 0.0737306
0.0569713 0.0740371
0.056848 0.0743443
0.0567259 0.0746524
0.0566051 0.0749614
0.0564855 0.0752712
0.0563672 0.0755818
0.05625 0.0758933
0.0561341 0.0762057
0.0560195 0.076519
0.055906 0.0768331
0.0557937 0.0771481
0.0556826 0.0774639
0.0555726 0.0777807
0.0554638 0.0780983
0.0553562 0.0784168
0.0552498 0.0787361
0.0551444 0.0790564
0.0550402 0.0793776
0.0549371 0.0796996
0.0548352 0.0800226
0.0547343 0.0803465
0.0546346 0.0806712
0.0545359 0.0809969
0.0544384 0.0813235
0.0543419 0.081651
0.0542464 0.0819795
0.0541521 0.0823088
0.0540588 0.0826391
0.0539665 0.0829704
0.0538753 0.0833025
0.0537851 0.0836356
0.053696 0.0839697
0.0536078 0.0843047
0.0535207 0.0846406
0.0534346 0.0849775
0.0533495 0.0853154
0.0532654 0.0856542
0.0531822 0.0859941
0.0531001 0.0863348
0.0530189 0.0866766
0.0529387 0.0870194
0.0528595 0.0873631
0.0527812 0.0877078
0.0527039 0.0880536
0.0526275 0.0884003
0.052552 0.088748
0.0524775 0.0890968
0.0524039 0.0894466
0.0523313 0.0897974
0.0522595 0.0901492
0.0521887 0.090502
0.0521188 0.0908559
0.0520497 0.0912108
0.0519816 0.0915668
0.0519144 0.0919239
0.051848 0.092282
0.0517825 0.0926411
0.0517179 0.0930013
0.0516542 0.0933626
0.0515913 0.093725
0.0515293 0.0940885
0.0514681 0.0944531
0.0514078 0.0948187
0.0513484 0.0951855
0.0512897 0.0955534
0.051232 0.0959224
0.051175 0.0962925
0.0511189 0.0966637
0.0510636 0.0970361
0.0510091 0.0974096
0.0509554 0.0977843
0.0509026 0.0981601
0.0508505 0.0985371
0.0507993 0.0989152
0.0507489 0.0992945
0.0506992 0.099675
0.0506503 0.100057
0.0506023 0.10044
0.050555 0.100824
0.0505085 0.101209
0.0504627 0.101595
0.0504178 0.101983
0.0503736 0.102372
0.0503302 0.102762
0.0502875 0.103154
0.0502456 0.103546
0.0502044 0.10394
0.050164 0.104336
0.0501244 0.104732
0.0500855 0.10513
0.0500473 0.105529
0.0500099 0.105929
0.0499732 0.106331
0.0499372 0.106734
0.049902 0.107138
0.0498675 0.107544
0.0498338 0.107951
0.0498007 0.108359
0.0497684 0.108769
0.0497368 0.10918
0.0497059 0.109592
0.0496757 0.110006
0.0496462 0.110421
0.0496174 0.110838
0.0495893 0.111256
0.049562 0.111675
0.0495353 0.112096
0.0495093 0.112519
0.0494841 0.112942
0.0494595 0.113368
0.0494356 0.113794
0.0494124 0.114222
0.0493898 0.114652
0.049368 0.115083
0.0493469 0.115516
0.0493264 0.11595
0.0493066 0.116386
0.0492875 0.116823
0.049269 0.117262
0.0492513 0.117702
0.0492342 0.118144
0.0492177 0.118588
0.049202 0.119033
0.0491869 0.119479
0.0491724 0.119928
0.0491587 0.120378
0.0491456 0.120829
0.0491331 0.121283
0.0491213 0.121738
0.0491102 0.122194
0.0490998 0.122652
0.0490899 0.123112
0.0490808 0.123574
0.0490723 0.124038
0.0490644 0.124503
0.0490572 0.12497
0.0490507 0.125438
0.0490448 0.125909
0.0490395 0.126381
0.0490349 0.126855
0.049031 0.127331
0.0490277 0.127809
0.049025 0.128288
0.049023 0.12877
0.0490216 0.129253
0.0490209 0.129738
0.0490208 0.130225
0.0490214 0.130714
0.0490226 0.131205
0.0490244 0.131698
0.0490269 0.132193
0.0490301 0.132689
0.0490338 0.133188
0.0490382 0.133689
0.0490433 0.134192
0.049049 0.134697
0.0490553 0.135204
0.0490623 0.135713
0.0490699 0.136224
0.0490782 0.136737
0.0490871 0.137252
0.0490966 0.13777
0.0491068 0.138289
0.0491176 0.138811
0.0491291 0.139335
0.0491412 0.139861
0.049154 0.14039
0.0491674 0.14092
0.0491814 0.141453
0.0491961 0.141988
0.0492114 0.142526
0.0492274 0.143066
0.049244 0.143608
0.0492613 0.144152
0.0492792 0.144699
0.0492978 0.145248
0.049317 0.1458
0.0493369 0.146354
0.0493574 0.146911
0.0493786 0.14747
0.0494004 0.148031
0.0494229 0.148596
0.049446 0.149162
0.0494698 0.149731
0.0494943 0.150303
0.0495194 0.150878
0.0495452 0.151455
0.0495716 0.152034
0.0495987 0.152617
0.0496265 0.153202
0.0496549 0.15379
0.0496841 0.15438
0.0497138 0.154973
0.0497443 0.15557
0.0497754 0.156169
0.0498073 0.15677
0.0498398 0.157375
0.0498729 0.157983
0.0499068 0.158593
0.0499413 0.159206
0.0499766 0.159823
0.0500125 0.160442
0.0500491 0.161065
0.0500864 0.16169
0.0501244 0.162319
0.0501631 0.16295
0.0502026 0.163585
0.0502427 0.164223
0.0502835 0.164864
0.050325 0.165509
0.0503673 0.166157
0.0504103 0.166808
0.050454 0.167462
0.0504984 0.168119
0.0505435 0.16878
0.0505894 0.169445
0.050636 0.170113
0.0506833 0.170784
0.0507314 0.171459
0.0507802 0.172137
0.0508298 0.172819
0.0508801 0.173505
0.0509312 0.174194
0.050983 0.174887
0.0510356 0.175584
0.051089 0.176284
0.0511431 0.176988
0.0511981 0.177696
0.0512537 0.178408
0.0513102 0.179124
0.0513675 0.179843
0.0514255 0.180567
0.0514844 0.181295
0.051544 0.182026
0.0516045 0.182762
0.0516658 0.183502
0.0517278 0.184246
0.0517908 0.184994
0.0518545 0.185747
0.0519191 0.186504
0.0519845 0.187265
0.0520507 0.18803
0.0521178 0.1888
0.0521857 0.189575
0.0522546 0.190354
0.0523242 0.191137
0.0523948 0.191925
0.0524662 0.192718
0.0525385 0.193515
0.0526117 0.194318
0.0526858 0.195125
0.0527608 0.195936
0.0528367 0.196753
0.0529135 0.197575
0.0529913 0.198401
0.05307 0.199233
0.0531496 0.20007
0.0532301 0.200912
0.0533116 0.201759
0.0533941 0.202611
0.0534776 0.203469
0.053562 0.204332
0.0536474 0.205201
0.0537338 0.206075
0.0538212 0.206954
0.0539096 0.207839
0.053999 0.20873
0.0540894 0.209626
0.0541809 0.210529
0.0542734 0.211437
0.054367 0.212351
0.0544616 0.213271
0.0545574 0.214196
0.0546541 0.215128
0.054752 0.216067
0.054851 0.217011
0.0549511 0.217962
0.0550523 0.218919
0.0551546 0.219882
0.0552581 0.220852
0.0553628 0.221829
0.0554686 0.222812
0.0555756 0.223802
0.0556837 0.224798
0.0557931 0.225802
0.0559037 0.226812
0.0560155 0.22783
0.0561285 0.228854
0.0562428 0.229886
0.0563583 0.230925
0.0564751 0.231971
0.0565932 0.233024
0.0567126 0.234085
0.0568334 0.235154
0.0569554 0.23623
0.0570788 0.237314
0.0572035 0.238406
0.0573296 0.239506
0.0574571 0.240614
0.057586 0.241729
0.0577163 0.242853
0.057848 0.243986
0.0579812 0.245126
0.0581159 0.246275
0.058252 0.247433
0.0583896 0.248599
0.0585288 0.249774
0.0586694 0.250958
0.0588117 0.252151
0.0589554 0.253353
0.0591008 0.254564
0.0592478 0.255784
0.0593964 0.257014
0.0595466 0.258253
0.0596985 0.259501
0.0598521 0.26076
0.0600074 0.262028
0.0601644 0.263306
0.0603231 0.264594
0.0604836 0.265892
0.0606459 0.267201
0.0608101 0.268519
0.060976 0.269849
0.0611438 0.271189
0.0613135 0.272539
0.0614851 0.273901
0.0616586 0.275273
0.061834 0.276657
0.0620115 0.278051
0.0621909 0.279457
0.0623724 0.280875
0.0625559 0.282304
0.0627415 0.283745
0.0629292 0.285198
0.0631191 0.286663
0.0633111 0.28814
0.0635054 0.289629
0.0637018 0.291131
0.0639005 0.292646
0.0641015 0.294173
0.0643049 0.295713
0.0645105 0.297266
0.0647186 0.298832
0.0649291 0.300411
0.065142 0.302004
0.0653574 0.303611
0.0655753 0.305231
0.0657958 0.306866
0.0660189 0.308514
0.0662447 0.310177
0.0664731 0.311854
0.0667042 0.313545
0.066938 0.315252
0.0671747 0.316973
0.0674141 0.318709
0.0676565 0.320461
0.0679017 0.322228
0.0681499 0.32401
0.0684012 0.325809
0.0686554 0.327623
0.0689128 0.329453
0.0691733 0.331299
0.0694369 0.333162
0.0697039 0.335042
0.0699741 0.336938
0.0702476 0.338852
0.0705245 0.340782
0.0708049 0.34273
0.0710887 0.344695
0.0713761 0.346678
0.0716672 0.348679
0.0719618 0.350698
0.0722602 0.352735
0.0725624 0.354791
0.0728684 0.356865
0.0731783 0.358958
0.0734921 0.36107
0.07381 0.363201
0.074132 0.365351
0.0744581 0.367521
0.0747885 0.369711
0.0751231 0.37192
0.0754621 0.37415
0.0758056 0.376399
0.0761535 0.37867
0.076506 0.380961
0.0768632 0.383272
0.0772251 0.385605
0.0775918 0.387959
0.0779634 0.390334
0.07834 0.39273
0.0787217 0.395148
0.0791085 0.397588
0.0795005 0.40005
0.0798978 0.402534
0.0803005 0.405041
0.0807088 0.40757
0.0811226 0.410121
0.0815421 0.412696
0.0819674 0.415293
0.0823986 0.417913
0.0828358 0.420556
0.083279 0.423223
0.0837284 0.425913
0.0841842 0.428627
0.0846463 0.431364
0.085115 0.434126
0.0855903 0.436911
0.0860723 0.43972
0.0865612 0.442553
0.087057 0.44541
0.08756 0.448291
0.0880702 0.451197
0.0885877 0.454127
0.0891127 0.457081
0.0896454 0.46006
0.0901857 0.463063
0.0907339 0.466091
0.0912902 0.469143
0.0918546 0.47222
0.0924273 0.475321
0.0930084 0.478446
0.0935981 0.481596
0.0941966 0.48477
0.0948039 0.487969
0.0954203 0.491191
0.0960458 0.494438
0.0966808 0.497708
0.0973252 0.501002
0.0979794 0.50432
0.0986433 0.507662
0.0993173 0.511026
0.100002 0.514414
0.100696 0.517825
0.101401 0.521258
0.102117 0.524714
0.102844 0.528192
0.103582 0.531692
0.104331 0.535214
0.105091 0.538756
0.105864 0.54232
0.106648 0.545904
0.107444 0.549508
0.108253 0.553132
0.109074 0.556775
0.109907 0.560437
0.110754 0.564118
0.111613 0.567816
0.112486 0.571531
0.113373 0.575263
0.114273 0.579012
0.115187 0.582776
0.116116 0.586554
0.117059 0.590348
0.118016 0.594155
0.118988 0.597974
0.119976 0.601807
0.120979 0.60565
0.121997 0.609505
0.123031 0.613369
0.124082 0.617243
0.125148 0.621125
0.126231 0.625015
0.127331 0.628911
0.128448 0.632814
0.129582 0.636721
0.130734 0.640632
0.131904 0.644547
0.133091 0.648463
0.134297 0.652381
0.135521 0.6563
0.136765 0.660217
0.138027 0.664133
0.139308 0.668046
0.140609 0.671955
0.14193 0.67586
0.143271 0.679759
0.144632 0.683651
0.146013 0.687535
0.147416 0.69141
0.148839 0.695276
0.150284 0.69913
0.15175 0.702972
0.153238 0.706802
0.154748 0.710617
0.15628 0.714417
0.157835 0.718201
0.159413 0.721968
0.161013 0.725717
0.162637 0.729447
0.164284 0.733156
0.165955 0.736845
0.16765 0.740511
0.169369 0.744155
0.171112 0.747775
0.17288 0.751369
0.174672 0.754939
0.17649 0.758482
0.178332 0.761997
0.180201 0.765485
0.182094 0.768943
0.184014 0.772372
0.185959 0.775771
0.187931 0.779138
0.189929 0.782474
0.191953 0.785777
0.194004 0.789048
0.196082 0.792285
0.198187 0.795487
0.200319 0.798656
0.202478 0.801789
0.204665 0.804886
0.206879 0.807948
0.209121 0.810973
0.211391 0.813962
0.213688 0.816914
0.216014 0.819828
0.218367 0.822705
0.220749 0.825543
0.22316 0.828344
0.225598 0.831107
0.228065 0.833831
0.230561 0.836517
0.233085 0.839165
0.235637 0.841774
0.238219 0.844344
0.240829 0.846876
0.243468 0.849369
0.246135 0.851823
0.248831 0.85424
0.251556 0.856618
0.25431 0.858958
0.257092 0.861259
0.259903 0.863523
0.262743 0.86575
0.265611 0.867938
0.268508 0.87009
0.271433 0.872205
0.274387 0.874283
0.277369 0.876325
0.28038 0.87833
0.283418 0.8803
0.286485 0.882234
0.289579 0.884133
0.292702 0.885998
0.295852 0.887828
0.299029 0.889624
0.302234 0.891386
0.305466 0.893115
0.308726 0.894811
0.312012 0.896475
0.315324 0.898107
0.318664 0.899707
0.322029 0.901276
0.32542 0.902814
0.328838 0.904322
0.33228 0.9058
0.335748 0.907248
0.339241 0.908668
0.342759 0.910059
0.346301 0.911422
0.349868 0.912757
0.353458 0.914065
0.357071 0.915346
0.360708 0.916601
0.364368 0.91783
0.36805 0.919033
0.371754 0.920211
0.37548 0.921365
0.379227 0.922495
0.382996 0.9236
0.386785 0.924683
0.390594 0.925742
0.394422 0.926779
0.39827 0.927794
0.402137 0.928788
0.406022 0.92976
0.409925 0.930711
0.413845 0.931642
0.417782 0.932552
0.421736 0.933443
0.425706 0.934315
0.429691 0.935167
0.43369 0.936001
0.437704 0.936817
0.441732 0.937615
0.445773 0.938396
0.449827 0.939159
0.453892 0.939906
0.457969 0.940636
0.462057 0.94135
0.466155 0.942048
0.470263 0.942731
0.47438 0.943398
0.478505 0.944051
0.482638 0.944689
0.486778 0.945313
0.490924 0.945922
0.495077 0.946518
0.499234 0.947101
0.503396 0.947671
0.507562 0.948227
0.511731 0.948771
0.515902 0.949303
0.520075 0.949823
0.52425 0.950331
0.528424 0.950827
0.532599 0.951312
0.536772 0.951786
0.540944 0.952248
0.545114 0.952701
0.54928 0.953142
0.553442 0.953574
0.557601 0.953996
0.561754 0.954407
0.565901 0.95481
0.570041 0.955202
0.574175 0.955586
0.5783 0.955961
0.582417 0.956326
0.586525 0.956683
0.590622 0.957032
0.594709 0.957372
0.598785 0.957705
0.602848 0.958029
0.606899 0.958345
0.610937 0.958654
0.614961 0.958956
0.61897 0.95925
0.622964 0.959536
0.626942 0.959816
0.630904 0.960089
0.634849 0.960356
0.638776 0.960615
0.642685 0.960868
0.646575 0.961115
0.650446 0.961356
0.654296 0.96159
0.658127 0.961819
0.661936 0.962042
0.665724 0.962259
0.66949 0.96247
0.673234 0.962676
0.676955 0.962877
0.680652 0.963072
0.684325 0.963262
0.687974 0.963447
0.691599 0.963627
0.695198 0.963802
0.698772 0.963973
0.70232 0.964138
0.705841 0.9643
0.709336 0.964456
0.712805 0.964608
0.716245 0.964756
0.719659 0.9649
0.723044 0.96504
0.726402 0.965175
0.729731 0.965306
0.733031 0.965434
0.736303 0.965558
0.739545 0.965678
0.742758 0.965794
0.745942 0.965907
0.749096 0.966016
0.75222 0.966121
0.755315 0.966223
0.758379 0.966322
0.761414 0.966418
0.764418 0.96651
0.767391 0.966599
0.770335 0.966685
0.773248 0.966768
0.77613 0.966848
0.778982 0.966925
0.781803 0.966999
0.784594 0.967071
0.787354 0.967139
0.790084 0.967205
0.792783 0.967268
0.795452 0.967329
0.79809 0.967387
0.800698 0.967442
0.803276 0.967495
0.805823 0.967546
0.80834 0.967594
0.810828 0.96764
0.813285 0.967684
0.815713 0.967725
0.818111 0.967764
0.82048 0.967801
0.822819 0.967836
0.82513 0.967869
0.827411 0.967899
0.829663 0.967928
0.831887 0.967955
0.834082 0.967979
0.836249 0.968002
0.838388 0.968023
0.840498 0.968042
0.842582 0.968059
0.844637 0.968075
0.846666 0.968089
0.848667 0.968101
0.850642 0.968111
0.85259 0.96812
0.854511 0.968127
0.856407 0.968132
0.858276 0.968136
0.86012 0.968139
0.861939 0.96814
0.863732 0.968139
0.865501 0.968137
0.867245 0.968134
0.868964 0.968129
0.87066 0.968123
0.872331 0.968115
0.873979 0.968106
0.875603 0.968096
0.877205 0.968084
0.878784 0.968071
0.88034 0.968057
0.881873 0.968042
0.883385 0.968026
0.884875 0.968008
0.886344 0.967989
0.887791 0.967969
0.889217 0.967948
0.890622 0.967926
0.892007 0.967903
0.893372 0.967879
0.894717 0.967853
0.896042 0.967827
0.897348 0.9678
0.898634 0.967771
0.899902 0.967742
0.901151 0.967712
0.902381 0.967681
0.903594 0.967648
0.904788 0.967615
0.905965 0.967581
0.907124 0.967547
0.908266 0.967511
0.909391 0.967475
0.9105 0.967437
0.911592 0.967399
0.912667 0.96736
0.913727 0.96732
0.914771 0.96728
0.9158 0.967239
0.916813 0.967197
0.917811 0.967154
0.918794 0.96711
0.919762 0.967066
0.920716 0.967021
0.921656 0.966976
0.922582 0.96693
0.923494 0.966883
0.924393 0.966835
0.925278 0.966787
0.926149 0.966738
0.927008 0.966689
0.927854 0.966639
0.928688 0.966588
0.929509 0.966537
0.930318 0.966485
0.931115 0.966432
0.9319 0.966379
0.932673 0.966326
0.933435 0.966272
0.934186 0.966217
0.934925 0.966162
0.935654 0.966107
0.936372 0.96605
0.937079 0.965994
0.937775 0.965937
0.938462 0.965879
0.939138 0.965821
0.939805 0.965763
0.940461 0.965704
0.941108 0.965644
0.941746 0.965584
0.942374 0.965524
0.942993 0.965463
0.943602 0.965402
0.944203 0.965341
0.944796 0.965279
0.945379 0.965217
0.945954 0.965154
0.946521 0.965091
0.947079 0.965027
0.94763 0.964963
0.948172 0.964899
0.948707 0.964835
0.949234 0.96477
0.949753 0.964705
0.950265 0.964639
0.95077 0.964573
0.951267 0.964507
0.951757 0.96444
0.95224 0.964373
0.952716 0.964306
0.953186 0.964239
0.953649 0.964171
0.954105 0.964103
0.954555 0.964034
0.954998 0.963966
0.955435 0.963897
0.955866 0.963828
0.956291 0.963758
0.95671 0.963688
0.957123 0.963618
0.957531 0.963548
0.957932 0.963478
0.958328 0.963407
0.958719 0.963336
0.959104 0.963265
0.959484 0.963193
0.959858 0.963122
0.960228 0.96305
0.960592 0.962978
0.960951 0.962905
0.961305 0.962833
0.961655 0.96276
0.962 0.962687
0.96234 0.962614
0.962675 0.962541
0.963006 0.962467
0.963332 0.962394
0.963654 0.96232
0.963972 0.962246
0.964285 0.962171
0.964594 0.962097
0.964899 0.962022
0.9652 0.961948
0.965497 0.961873
0.96579 0.961798
0.966079 0.961723
0.966364 0.961647
0.966645 0.961572
0.966923 0.961496
0.967197 0.96142
0.967468 0.961344
0.967735 0.961268
0.967998 0.961192
0.968258 0.961116
0.968514 0.961039
0.968768 0.960963
0.969018 0.960886
0.969264 0.960809
0.969508 0.960732
0.969748 0.960655
0.969986 0.960578
0.97022 0.9605
0.970451 0.960423
0.970679 0.960346
0.970905 0.960268
0.971127 0.96019
0.971347 0.960112
0.971564 0.960035
0.971778 0.959957
0.97199 0.959879
0.972198 0.9598
0.972405 0.959722
0.972608 0.959644
0.972809 0.959565
0.973008 0.959487
0.973204 0.959408
0.973398 0.95933
0.973589 0.959251
0.973778 0.959172
0.973965 0.959093
0.974149 0.959014
0.974331 0.958936
0.974511 0.958856
0.974689 0.958777
0.974864 0.958698
0.975038 0.958619
0.975209 0.95854
0.975378 0.95846
0.975545 0.958381
0.97571 0.958302
0.975873 0.958222
0.976035 0.958143
0.976194 0.958063
0.976351 0.957984
0.976507 0.957904
0.976661 0.957824
0.976812 0.957744
0.976963 0.957665
0.977111 0.957585
0.977257 0.957505
0.977402 0.957425
0.977545 0.957345
0.977687 0.957265
0.977827 0.957186
0.977965 0.957106
0.978102 0.957026
0.978237 0.956946
0.97837 0.956866
0.978502 0.956786
0.978632 0.956705
0.978761 0.956625
0.978889 0.956545
0.979015 0.956465
0.979139 0.956385
0.979262 0.956305
0.979384 0.956225
0.979505 0.956145
0.979624 0.956065
0.979741 0.955984
0.979858 0.955904
0.979973 0.955824
0.980087 0.955744
0.980199 0.955664
0.98031 0.955583
0.98042 0.955503
0.980529 0.955423
0.980637 0.955343
0.980743 0.955263
0.980848 0.955183
0.980953 0.955102
0.981055 0.955022
0.981157 0.954942
0.981258 0.954862
0.981358 0.954782
0.981456 0.954702
0.981554 0.954622
0.98165 0.954541
0.981746 0.954461
0.98184 0.954381
0.981933 0.954301
0.982026 0.954221
0.982117 0.954141
0.982207 0.954061
0.982297 0.953981
0.982385 0.953901
0.982473 0.953821
0.982559 0.953741
0.982645 0.953661
0.98273 0.953582
0.982814 0.953502
0.982897 0.953422
0.982979 0.953342
0.98306 0.953262
0.983141 0.953183
0.98322 0.953103
0.983299 0.953023
0.983377 0.952943
0.983454 0.952864
0.983531 0.952784
0.983606 0.952705
0.983681 0.952625
0.983755 0.952546
0.983828 0.952466
0.983901 0.952387
0.983973 0.952307
0.984044 0.952228
0.984114 0.952149
0.984184 0.952069
0.984253 0.95199
0.984321 0.951911
0.984388 0.951832
0.984455 0.951752
0.984521 0.951673
0.984587 0.951594
0.984652 0.951515
0.984716 0.951436
0.98478 0.951357
0.984843 0.951278
0.984905 0.951199
0.984967 0.951121
0.985028 0.951042
0.985088 0.950963
0.985148 0.950884
0.985208 0.950806
0.985266 0.950727
0.985325 0.950649
0.985382 0.95057
0.985439 0.950492
0.985496 0.950413
0.985552 0.950335
0.985607 0.950257
0.985662 0.950178
0.985716 0.9501
0.98577 0.950022
0.985823 0.949944
0.985876 0.949866
0.985928 0.949788
0.98598 0.94971
0.986031 0.949632
0.986082 0.949554
0.986133 0.949476
0.986182 0.949399
0.986232 0.949321
0.986281 0.949243
0.986329 0.949166
0.986377 0.949088
0.986425 0.949011
0.986472 0.948933
0.986518 0.948856
0.986564 0.948779
0.98661 0.948701
0.986656 0.948624
0.9867 0.948547
0.986745 0.94847
0.986789 0.948393
0.986833 0.948316
0.986876 0.948239
0.986919 0.948162
0.986961 0.948085
0.987003 0.948009
0.987045 0.947932
0.987086 0.947855
0.987127 0.947779
0.987168 0.947702
0.987208 0.947626
0.987248 0.94755
0.987287 0.947473
0.987326 0.947397
0.987365 0.947321
0.987403 0.947245
0.987441 0.947169
0.987479 0.947093
0.987517 0.947017
0.987554 0.946941
0.98759 0.946865
0.987627 0.946789
0.987663 0.946714
0.987698 0.946638
0.987734 0.946563
0.987769 0.946487
0.987803 0.946412
0.987838 0.946336
0.987872 0.946261
0.987906 0.946186
0.987939 0.946111
0.987973 0.946036
0.988006 0.945961
0.988038 0.945886
0.988071 0.945811
0.988103 0.945736
0.988134 0.945661
0.988166 0.945587
0.988197 0.945512
0.988228 0.945437
0.988259 0.945363
0.988289 0.945289
0.988319 0.945214
0.988349 0.94514
0.988379 0.945066
0.988408 0.944992
0.988437 0.944918
0.988466 0.944844
0.988495 0.94477
0.988523 0.944696
0.988551 0.944622
0.988579 0.944548
0.988607 0.944475
0.988634 0.944401
0.988661 0.944327
0.988688 0.944254
0.988715 0.944181
0.988741 0.944107
0.988767 0.944034
0.988793 0.943961
0.988819 0.943888
0.988845 0.943815
0.98887 0.943742
0.988895 0.943669
0.98892 0.943596
0.988945 0.943523
0.988969 0.943451
0.988994 0.943378
0.989018 0.943305
0.989042 0.943233
0.989065 0.943161
0.989089 0.943088
0.989112 0.943016
0.989135 0.942944
0.989158 0.942872
0.989181 0.9428
0.989203 0.942728
0.989225 0.942656
0.989247 0.942584
0.989269 0.942512
0.989291 0.942441
0.989313 0.942369
0.989334 0.942297
0.989355 0.942226
0.989376 0.942155
0.989397 0.942083
0.989418 0.942012
0.989438 0.941941
0.989458 0.94187
0.989479 0.941799
0.989499 0.941728
0.989518 0.941657
0.989538 0.941586
0.989558 0.941515
0.989577 0.941445
0.989596 0.941374
0.989615 0.941304
0.989634 0.941233
0.989653 0.941163
0.989671 0.941092
0.989689 0.941022
0.989708 0.940952
0.989726 0.940882
0.989744 0.940812
0.989761 0.940742
0.989779 0.940672
0.989797 0.940602
0.989814 0.940533
0.989831 0.940463
0.989848 0.940393
0.989865 0.940324
0.989882 0.940254
0.989898 0.940185
0.989915 0.940116
0.989931 0.940047
0.989948 0.939977
0.989964 0.939908
0.98998 0.939839
0.989995 0.93977
0.990011 0.939702
0.990027 0.939633
0.990042 0.939564
0.990057 0.939495
0.990073 0.939427
0.990088 0.939358
0.990103 0.93929
0.990117 0.939222
0.990132 0.939153
0.990147 0.939085
0.990161 0.939017
0.990175 0.938949
0.99019 0.938881
0.990204 0.938813
0.990218 0.938745
0.990232 0.938678
0.990245 0.93861
0.990259 0.938542
0.990273 0.938475
0.990286 0.938407
0.990299 0.93834
0.990312 0.938273
0.990326 0.938205
0.990339 0.938138
0.990351 0.938071
0.990364 0.938004
0.990377 0.937937
0.990389 0.93787
0.990402 0.937803
0.990414 0.937737
0.990427 0.93767
0.990439 0.937603
0.990451 0.937537
0.990463 0.93747
0.990475 0.937404
0.990486 0.937338
0.990498 0.937272
0.99051 0.937205
0.990521 0.937139
0.990532 0.937073
0.990544 0.937007
0.990555 0.936941
0.990566 0.936876
0.990577 0.93681
0.990588 0.936744
0.990599 0.936679
0.99061 0.936613
0.99062 0.936548
0.990631 0.936482
0.990641 0.936417
0.990652 0.936352
0.990662 0.936287
0.990672 0.936222
0.990682 0.936157
0.990693 0.936092
0.990703 0.936027
0.990712 0.935962
0.990722 0.935897
0.990732 0.935833
0.990742 0.935768
0.990751 0.935703
0.990761 0.935639
0.99077 0.935575
0.990779 0.93551
0.990789 0.935446
0.990798 0.935382
0.990807 0.935318
0.990816 0.935254
0.990825 0.93519
0.990834 0.935126
0.990843 0.935062
0.990851 0.934998
0.99086 0.934935
0.990869 0.934871
0.990877 0.934808
0.990886 0.934744
0.990894 0.934681
0.990902 0.934618
0.990911 0.934554
0.990919 0.934491
0.990927 0.934428
0.990935 0.934365
0.990943 0.934302
0.990951 0.934239
0.990959 0.934176
0.990967 0.934114
0.990974 0.934051
0.990982 0.933988
0.990989 0.933926
0.990997 0.933863
0.991004 0.933801
0.991012 0.933738
0.991019 0.933676
0.991026 0.933614
0.991034 0.933552
0.991041 0.93349
0.991048 0.933428
0.991055 0.933366
0.991062 0.933304
0.991069 0.933242
0.991076 0.93318
0.991082 0.933119
0.991089 0.933057
0.991096 0.932996
0.991103 0.932934
0.991109 0.932873
0.991116 0.932811
0.991122 0.93275
0.991128 0.932689
0.991135 0.932628
0.991141 0.932567
0.991147 0.932506
0.991153 0.932445
0.99116 0.932384
0.991166 0.932323
0.991172 0.932263
0.991178 0.932202
0.991184 0.932141
0.991189 0.932081
0.991195 0.93202
0.991201 0.93196
0.991207 0.9319
0.991212 0.931839
0.991218 0.931779
0.991224 0.931719
0.991229 0.931659
0.991235 0.931599
0.99124 0.931539
0.991245 0.931479
0.991251 0.93142
0.991256 0.93136
0.991261 0.9313
0.991266 0.931241
0.991272 0.931181
0.991277 0.931122
0.991282 0.931062
0.991287 0.931003
0.991292 0.930944
0.991297 0.930885
0.991301 0.930825
0.991306 0.930766
0.991311 0.930707
0.991316 0.930648
0.991321 0.93059
0.991325 0.930531
0.99133 0.930472
0.991334 0.930413
0.991339 0.930355
0.991343 0.930296
0.991348 0.930238
0.991352 0.930179
0.991357 0.930121
0.991361 0.930063
0.991365 0.930004
0.991369 0.929946
0.991374 0.929888
0.991378 0.92983
0.991382 0.929772
0.991386 0.929714
0.99139 0.929656
0.991394 0.929599
0.991398 0.929541
0.991402 0.929483
0.991406 0.929426
0.99141 0.929368
0.991414 0.929311
0.991417 0.929253
0.991421 0.929196
0.991425 0.929138
0.991429 0.929081
0.991432 0.929024
0.991436 0.928967
0.991439 0.92891
0.991443 0.928853
0.991446 0.928796
0.99145 0.928739
0.991453 0.928682
0.991457 0.928626
0.99146 0.928569
0.991463 0.928512
0.991467 0.928456
0.99147 0.928399
0.991473 0.928343
0.991476 0.928287
0.99148 0.92823
0.991483 0.928174
0.991486 0.928118
0.991489 0.928062
0.991492 0.928006
0.991495 0.92795
0.991498 0.927894
0.991501 0.927838
0.991504 0.927782
0.991507 0.927726
0.99151 0.927671
0.991512 0.927615
0.991515 0.927559
0.991518 0.927504
0.991521 0.927449
0.991523 0.927393
0.991526 0.927338
0.991529 0.927283
0.991531 0.927227
0.991534 0.927172
0.991537 0.927117
0.991539 0.927062
0.991542 0.927007
0.991544 0.926952
0.991547 0.926897
0.991549 0.926842
0.991551 0.926788
0.991554 0.926733
0.991556 0.926678
0.991559 0.926624
0.991561 0.926569
0.991563 0.926515
0.991565 0.92646
0.991568 0.926406
0.99157 0.926352
0.991572 0.926298
0.991574 0.926243
0.991576 0.926189
0.991578 0.926135
0.99158 0.926081
0.991582 0.926027
0.991584 0.925973
0.991586 0.92592
0.991588 0.925866
0.99159 0.925812
0.991592 0.925758
0.991594 0.925705
0.991596 0.925651
0.991598 0.925598
0.9916 0.925544
0.991602 0.925491
0.991603 0.925438
0.991605 0.925384
0.991607 0.925331
0.991609 0.925278
0.99161 0.925225
0.991612 0.925172
0.991614 0.925119
0.991615 0.925066
0.991617 0.925013
0.991618 0.92496
0.99162 0.924907
0.991622 0.924855
0.991623 0.924802
0.991625 0.924749
0.991626 0.924697
0.991627 0.924644
0.991629 0.924592
0.99163 0.92454
0.991632 0.924487
0.991633 0.924435
0.991634 0.924383
0.991636 0.924331
0.991637 0.924278
0.991638 0.924226
0.99164 0.924174
0.991641 0.924122
0.991642 0.924071
0.991643 0.924019
0.991645 0.923967
0.991646 0.923915
0.991647 0.923863
0.991648 0.923812
0.991649 0.92376
0.99165 0.923709
0.991651 0.923657
0.991653 0.923606
0.991654 0.923554
0.991655 0.923503
0.991656 0.923452
0.991657 0.923401
0.991658 0.92335
0.991659 0.923298
0.99166 0.923247
0.99166 0.923196
0.991661 0.923145
0.991662 0.923095
0.991663 0.923044
0.991664 0.922993
0.991665 0.922942
0.991666 0.922891
0.991667 0.922841
0.991667 0.92279
0.991668 0.92274
0.991669 0.922689
0.99167 0.922639
0.99167 0.922588
0.991671 0.922538
0.991672 0.922488
0.991672 0.922437
0.991673 0.922387
0.991674 0.922337
0.991674 0.922287
0.991675 0.922237
0.991676 0.922187
0.991676 0.922137
0.991677 0.922087
0.991677 0.922037
0.991678 0.921988
0.991678 0.921938
0.991679 0.921888
0.991679 0.921838
0.99168 0.921789
0.99168 0.921739
0.991681 0.92169
0.991681 0.92164
0.991682 0.921591
0.991682 0.921542
0.991683 0.921492
0.991683 0.921443
0.991683 0.921394
0.991684 0.921345
0.991684 0.921296
0.991684 0.921247
0.991685 0.921198
0.991685 0.921149
0.991685 0.9211
0.991686 0.921051
0.991686 0.921002
0.991686 0.920953
0.991686 0.920905
0.991687 0.920856
0.991687 0.920807
0.991687 0.920759
0.991687 0.92071
0.991687 0.920662
0.991688 0.920613
0.991688 0.920565
0.991688 0.920517
0.991688 0.920468
0.991688 0.92042
0.991688 0.920372
0.991688 0.920324
0.991689 0.920276
0.991689 0.920227
0.991689 0.920179
0.991689 0.920131
0.991689 0.920084
0.991689 0.920036
0.991689 0.919988
0.991689 0.91994
0.991689 0.919892
0.991689 0.919845
0.991689 0.919797
0.991689 0.919749
0.991689 0.919702
0.991689 0.919654
0.991689 0.919607
0.991688 0.919559
0.991688 0.919512
0.991688 0.919465
0.991688 0.919417
0.991688 0.91937
0.991688 0.919323
0.991688 0.919276
0.991688 0.919229
0.991687 0.919182
0.991687 0.919135
0.991687 0.919088
0.991687 0.919041
0.991687 0.918994
0.991686 0.918947
0.991686 0.9189
0.991686 0.918853
0.991686 0.918807
0.991686 0.91876
0.991685 0.918713
0.991685 0.918667
0.991685 0.91862
0.991684 0.918574
0.991684 0.918527
0.991684 0.918481
0.991683 0.918435
0.991683 0.918388
0.991683 0.918342
0.991682 0.918296
0.991682 0.91825
0.991682 0.918203
0.991681 0.918157
0.991681 0.918111
0.991681 0.918065
0.99168 0.918019
0.99168 0.917973
0.991679 0.917927
0.991679 0.917881
0.991679 0.917836
0.991678 0.91779
0.991678 0.917744
0.991677 0.917698
0.991677 0.917653
0.991676 0.917607
0.991676 0.917562
0.991675 0.917516
0.991675 0.917471
0.991674 0.917425
0.991674 0.91738
0.991673 0.917334
0.991673 0.917289
0.991672 0.917244
0.991672 0.917199
0.991671 0.917153
0.991671 0.917108
0.99167 0.917063
0.991669 0.917018
0.991669 0.916973
0.991668 0.916928
0.991668 0.916883
0.991667 0.916838
0.991666 0.916793
0.991666 0.916748
0.991665 0.916704
0.991665 0.916659
0.991664 0.916614
0.991663 0.91657
0.991663 0.916525
0.991662 0.91648
0.991661 0.916436
0.991661 0.916391
0.99166 0.916347
0.991659 0.916302
0.991659 0.916258
0.991658 0.916214
0.991657 0.916169
0.991656 0.916125
0.991656 0.916081
0.991655 0.916036
0.991654 0.915992
0.991654 0.915948
0.991653 0.915904
0.991652 0.91586
0.991651 0.915816
0.991651 0.915772
0.99165 0.915728
0.991649 0.915684
0.991648 0.91564
0.991647 0.915596
0.991647 0.915553
0.991646 0.915509
0.991645 0.915465
0.991644 0.915422
0.991643 0.915378
0.991643 0.915334
0.991642 0.915291
0.991641 0.915247
0.99164 0.915204
0.991639 0.91516
0.991638 0.915117
0.991637 0.915073
0.991637 0.91503
0.991636 0.914987
0.991635 0.914944
0.991634 0.9149
0.991633 0.914857
0.991632 0.914814
0.991631 0.914771
0.99163 0.914728
0.99163 0.914685
0.991629 0.914642
0.991628 0.914599
0.991627 0.914556
0.991626 0.914513
0.991625 0.91447
0.991624 0.914427
0.991623 0.914384
0.991622 0.914342
0.991621 0.914299
0.99162 0.914256
0.991619 0.914214
0.991618 0.914171
0.991617 0.914128
0.991616 0.914086
0.991615 0.914043
0.991614 0.914001
0.991613 0.913958
0.991612 0.913916
0.991611 0.913874
0.99161 0.913831
0.991609 0.913789
0.991608 0.913747
0.991607 0.913704
0.991606 0.913662
0.991605 0.91362
0.991604 0.913578
0.991603 0.913536
0.991602 0.913494
0.991601 0.913452
0.9916 0.91341
0.991599 0.913368
0.991598 0.913326
0.991597 0.913284
0.991596 0.913242
0.991595 0.9132
0.991594 0.913158
0.991593 0.913117
0.991591 0.913075
0.99159 0.913033
0.991589 0.912992
0.991588 0.91295
0.991587 0.912908
0.991586 0.912867
0.991585 0.912825
0.991584 0.912784
0.991583 0.912742
0.991582 0.912701
0.99158 0.912659
0.991579 0.912618
0.991578 0.912577
0.991577 0.912535
0.991576 0.912494
0.991575 0.912453
0.991574 0.912412
0.991572 0.91237
0.991571 0.912329
0.99157 0.912288
0.991569 0.912247
0.991568 0.912206
0.991567 0.912165
0.991566 0.912124
0.991564 0.912083
0.991563 0.912042
0.991562 0.912001
0.991561 0.91196
0.99156 0.91192
0.991558 0.911879
0.991557 0.911838
0.991556 0.911797
0.991555 0.911757
0.991554 0.911716
0.991552 0.911675
0.991551 0.911635
0.99155 0.911594
0.991549 0.911554
0.991548 0.911513
0.991546 0.911473
0.991545 0.911432
0.991544 0.911392
0.991543 0.911351
0.991541 0.911311
0.99154 0.911271
0.991539 0.91123
0.991538 0.91119
0.991536 0.91115
0.991535 0.911109
0.991534 0.911069
0.991533 0.911029
0.991531 0.910989
0.99153 0.910949
0.991529 0.910909
0.991528 0.910869
0.991526 0.910829
0.991525 0.910789
0.991524 0.910749
0.991523 0.910709
0.991521 0.910669
0.99152 0.910629
0.991519 0.910589
0.991517 0.91055
0.991516 0.91051
0.991515 0.91047
0.991514 0.91043
0.991512 0.910391
0.991511 0.910351
0.99151 0.910311
0.991508 0.910272
0.991507 0.910232
0.991506 0.910193
0.991504 0.910153
0.991503 0.910114
0.991502 0.910074
0.9915 0.910035
0.991499 0.909995
0.991498 0.909956
0.991497 0.909917
0.991495 0.909877
0.991494 0.909838
0.991493 0.909799
0.991491 0.909759
0.99149 0.90972
0.991489 0.909681
0.991487 0.909642
0.991486 0.909603
0.991484 0.909564
0.991483 0.909525
0.991482 0.909486
0.99148 0.909447
0.991479 0.909408
0.991478 0.909369
0.991476 0.90933
0.991475 0.909291
0.991474 0.909252
0.991472 0.909213
0.991471 0.909174
0.99147 0.909135
0.991468 0.909097
0.991467 0.909058
0.991465 0.909019
0.991464 0.90898
0.991463 0.908942
0.991461 0.908903
0.99146 0.908864
0.991459 0.908826
0.991457 0.908787
0.991456 0.908749
0.991454 0.90871
0.991453 0.908672
0.991452 0.908633
0.99145 0.908595
0.991449 0.908556
0.991447 0.908518
0.991446 0.90848
0.991445 0.908441
0.991443 0.908403
0.991442 0.908365
0.99144 0.908326
0.991439 0.908288
0.991438 0.90825
0.991436 0.908212
0.991435 0.908174
0.991433 0.908136
0.991432 0.908097
0.99143 0.908059
0.991429 0.908021
0.991428 0.907983
0.991426 0.907945
0.991425 0.907907
0.991423 0.907869
0.991422 0.907831
0.99142 0.907793
0.991419 0.907756
0.991418 0.907718
0.991416 0.90768
0.991415 0.907642
0.991413 0.907604
0.991412 0.907566
0.99141 0.907529
0.991409 0.907491
0.991408 0.907453
0.991406 0.907416
0.991405 0.907378
0.991403 0.90734
0.991402 0.907303
0.9914 0.907265
0.991399 0.907228
0.991397 0.90719
0.991396 0.907153
0.991394 0.907115
0.991393 0.907078
0.991392 0.90704
0.99139 0.907003
0.991389 0.906965
0.991387 0.906928
0.991386 0.906891
0.991384 0.906853
0.991383 0.906816
0.991381 0.906779
0.99138 0.906742
0.991378 0.906704
0.991377 0.906667
0.991375 0.90663
0.991374 0.906593
0.991372 0.906556
0.991371 0.906519
0.99137 0.906481
0.991368 0.906444
0.991367 0.906407
0.991365 0.90637
0.991364 0.906333
0.991362 0.906296
0.991361 0.906259
0.991359 0.906222
0.991358 0.906185
0.991356 0.906149
0.991355 0.906112
0.991353 0.906075
0.991352 0.906038
0.99135 0.906001
0.991349 0.905964
0.991347 0.905928
0.991346 0.905891
0.991344 0.905854
0.991343 0.905817
0.991341 0.905781
0.99134 0.905744
0.991338 0.905708
0.991337 0.905671
0.991335 0.905634
0.991334 0.905598
0.991332 0.905561
0.991331 0.905525
0.991329 0.905488
0.991328 0.905452
0.991326 0.905415
0.991325 0.905379
0.991323 0.905342
0.991322 0.905306
0.99132 0.90527
0.991319 0.905233
0.991317 0.905197
0.991316 0.90516
0.991314 0.905124
0.991313 0.905088
0.991311 0.905052
0.99131 0.905015
0.991308 0.904979
0.991307 0.904943
0.991305 0.904907
0.991304 0.904871
0.991302 0.904834
0.991301 0.904798
0.991299 0.904762
0.991297 0.904726
0.991296 0.90469
0.991294 0.904654
0.991293 0.904618
0.991291 0.904582
0.99129 0.904546
0.991288 0.90451
0.991287 0.904474
0.991285 0.904438
0.991284 0.904402
0.991282 0.904366
0.991281 0.90433
0.991279 0.904295
0.991278 0.904259
0.991276 0.904223
0.991275 0.904187
0.991273 0.904151
0.991272 0.904116
0.99127 0.90408
0.991268 0.904044
0.991267 0.904008
0.991265 0.903973
0.991264 0.903937
0.991262 0.903901
0.991261 0.903866
0.991259 0.90383
0.991258 0.903795
0.991256 0.903759
0.991255 0.903724
0.991253 0.903688
0.991252 0.903652
0.99125 0.903617
0.991248 0.903581
0.991247 0.903546
0.991245 0.903511
0.991244 0.903475
0.991242 0.90344
0.991241 0.903404
0.991239 0.903369
0.991238 0.903334
0.991236 0.903298
0.991235 0.903263
0.991233 0.903228
0.991231 0.903192
0.99123 0.903157
0.991228 0.903122
0.991227 0.903087
0.991225 0.903051
0.991224 0.903016
0.991222 0.902981
0.991221 0.902946
0.991219 0.902911
0.991218 0.902876
0.991216 0.90284
0.991214 0.902805
0.991213 0.90277
0.991211 0.902735
0.99121 0.9027
0.991208 0.902665
0.991207 0.90263
0.991205 0.902595
0.991204 0.90256
0.991202 0.902525
0.9912 0.90249
0.991199 0.902455
0.991197 0.90242
0.991196 0.902385
0.991194 0.902351
0.991193 0.902316
0.991191 0.902281
0.99119 0.902246
0.991188 0.902211
0.991186 0.902176
0.991185 0.902142
0.991183 0.902107
0.991182 0.902072
0.99118 0.902037
0.991179 0.902003
0.991177 0.901968
0.991176 0.901933
0.991174 0.901899
0.991172 0.901864
0.991171 0.901829
0.991169 0.901795
0.991168 0.90176
0.991166 0.901725
0.991165 0.901691
0.991163 0.901656
0.991161 0.901622
0.99116 0.901587
0.991158 0.901553
0.991157 0.901518
0.991155 0.901484
0.991154 0.901449
0.991152 0.901415
0.991151 0.90138
0.991149 0.901346
0.991147 0.901311
0.991146 0.901277
0.991144 0.901243
0.991143 0.901208
0.991141 0.901174
0.99114 0.901139
0.991138 0.901105
0.991136 0.901071
0.991135 0.901037
0.991133 0.901002
0.991132 0.900968
0.99113 0.900934
0.991129 0.900899
0.991127 0.900865
0.991125 0.900831
0.991124 0.900797
0.991122 0.900763
0.991121 0.900728
0.991119 0.900694
0.991118 0.90066
0.991116 0.900626
0.991114 0.900592
0.991113 0.900558
0.991111 0.900524
0.99111 0.90049
0.991108 0.900456
0.991107 0.900421
0.991105 0.900387
0.991103 0.900353
0.991102 0.900319
0.9911 0.900285
0.991099 0.900251
0.991097 0.900217
0.991096 0.900183
0.991094 0.90015
0.991092 0.900116
0.991091 0.900082
0.991089 0.900048
0.991088 0.900014
0.991086 0.89998
0.991085 0.899946
0.991083 0.899912
0.991081 0.899878
0.99108 0.899845
0.991078 0.899811
0.991077 0.899777
0.991075 0.899743
0.991074 0.899709
0.991072 0.899676
0.99107 0.899642
0.991069 0.899608
0.991067 0.899574
0.991066 0.899541
0.991064 0.899507
0.991063 0.899473
0.991061 0.89944
0.991059 0.899406
0.991058 0.899372
0.991056 0.899339
0.991055 0.899305
0.991053 0.899271
0.991052 0.899238
0.99105 0.899204
0.991048 0.899171
0.991047 0.899137
0.991045 0.899103
0.991044 0.89907
0.991042 0.899036
0.991041 0.899003
0.991039 0.898969
0.991037 0.898936
0.991036 0.898902
0.991034 0.898869
0.991033 0.898835
0.991031 0.898802
0.991029 0.898768
0.991028 0.898735
0.991026 0.898702
0.991025 0.898668
0.991023 0.898635
0.991022 0.898601
0.99102 0.898568
0.991018 0.898535
0.991017 0.898501
0.991015 0.898468
0.991014 0.898435
0.991012 0.898401
0.991011 0.898368
0.991009 0.898335
0.991007 0.898301
0.991006 0.898268
0.991004 0.898235
0.991003 0.898202
0.991001 0.898168
0.991 0.898135
0.990998 0.898102
0.990996 0.898069
0.990995 0.898035
0.990993 0.898002
0.990992 0.897969
0.99099 0.897936
0.990989 0.897903
0.990987 0.897869
0.990985 0.897836
0.990984 0.897803
0.990982 0.89777
0.990981 0.897737
0.990979 0.897704
0.990977 0.897671
0.990976 0.897638
0.990974 0.897605
0.990973 0.897571
0.990971 0.897538
0.99097 0.897505
0.990968 0.897472
0.990966 0.897439
0.990965 0.897406
0.990963 0.897373
0.990962 0.89734
0.99096 0.897307
0.990959 0.897274
0.990957 0.897241
0.990955 0.897208
0.990954 0.897175
0.990952 0.897142
0.990951 0.897109
0.990949 0.897077
0.990948 0.897044
0.990946 0.897011
0.990944 0.896978
0.990943 0.896945
0.990941 0.896912
0.99094 0.896879
0.990938 0.896846
0.990936 0.896813
0.990935 0.896781
0.990933 0.896748
0.990932 0.896715
0.99093 0.896682
0.990929 0.896649
0.990927 0.896616
0.990925 0.896584
0.990924 0.896551
0.990922 0.896518
0.990921 0.896485
0.990919 0.896452
0.990918 0.89642
0.990916 0.896387
0.990914 0.896354
0.990913 0.896321
0.990911 0.896289
0.99091 0.896256
0.990908 0.896223
0.990907 0.896191
0.990905 0.896158
0.990903 0.896125
0.990902 0.896093
0.9909 0.89606
0.990899 0.896027
0.990897 0.895995
0.990895 0.895962
0.990894 0.895929
0.990892 0.895897
0.990891 0.895864
0.990889 0.895831
0.990888 0.895799
0.990886 0.895766
0.990884 0.895734
0.990883 0.895701
0.990881 0.895668
0.99088 0.895636
0.990878 0.895603
0.990877 0.895571
0.990875 0.895538
0.990873 0.895506
0.990872 0.895473
0.99087 0.89544
0.990869 0.895408
0.990867 0.895375
0.990866 0.895343
0.990864 0.89531
0.990862 0.895278
0.990861 0.895245
0.990859 0.895213
0.990858 0.89518
0.990856 0.895148
0.990855 0.895115
0.990853 0.895083
0.990851 0.895051
0.99085 0.895018
0.990848 0.894986
0.990847 0.894953
0.990845 0.894921
0.990843 0.894888
0.990842 0.894856
0.99084 0.894824
0.990839 0.894791
0.990837 0.894759
0.990836 0.894726
0.990834 0.894694
0.990832 0.894662
0.990831 0.894629
0.990829 0.894597
0.990828 0.894564
0.990826 0.894532
0.990825 0.8945
0.990823 0.894467
0.990821 0.894435
0.99082 0.894403
0.990818 0.89437
0.990817 0.894338
0.990815 0.894306
0.990814 0.894273
0.990812 0.894241
0.99081 0.894209
0.990809 0.894176
0.990807 0.894144
0.990806 0.894112
0.990804 0.89408
0.990803 0.894047
0.990801 0.894015
0.990799 0.893983
0.990798 0.893951
0.990796 0.893918
0.990795 0.893886
0.990793 0.893854
0.990792 0.893821
0.99079 0.893789
0.990788 0.893757
0.990787 0.893725
0.990785 0.893693
0.990784 0.89366
0.990782 0.893628
0.990781 0.893596
0.990779 0.893564
0.990777 0.893531
0.990776 0.893499
0.990774 0.893467
0.990773 0.893435
0.990771 0.893403
0.990769 0.893371
0.990768 0.893338
0.990766 0.893306
0.990765 0.893274
0.990763 0.893242
0.990762 0.89321
0.99076 0.893178
0.990758 0.893145
0.990757 0.893113
0.990755 0.893081
0.990754 0.893049
0.990752 0.893017
0.990751 0.892985
0.990749 0.892953
0.990747 0.89292
0.990746 0.892888
0.990744 0.892856
0.990743 0.892824
0.990741 0.892792
0.99074 0.89276
0.990738 0.892728
0.990736 0.892696
0.990735 0.892663
0.990733 0.892631
0.990732 0.892599
0.99073 0.892567
0.990729 0.892535
0.990727 0.892503
0.990725 0.892471
0.990724 0.892439
0.990722 0.892407
0.990721 0.892375
0.990719 0.892343
0.990718 0.892311
0.990716 0.892278
0.990714 0.892246
0.990713 0.892214
0.990711 0.892182
0.99071 0.89215
0.990708 0.892118
0.990707 0.892086
0.990705 0.892054
0.990703 0.892022
0.990702 0.89199
0.9907 0.891958
0.990699 0.891926
0.990697 0.891894
0.990696 0.891862
0.990694 0.89183
0.990692 0.891798
0.990691 0.891766
0.990689 0.891734
0.990688 0.891702
0.990686 0.89167
0.990685 0.891638
0.990683 0.891606
0.990681 0.891574
0.99068 0.891542
0.990678 0.89151
0.990677 0.891478
0.990675 0.891446
0.990673 0.891414
0.990672 0.891382
0.99067 0.89135
0.990669 0.891318
0.990667 0.891286
0.990666 0.891254
0.990664 0.891222
0.990662 0.89119
0.990661 0.891158
0.990659 0.891126
0.990658 0.891094
0.990656 0.891062
0.990655 0.89103
0.990653 0.890998
0.990651 0.890966
0.99065 0.890934
0.990648 0.890902
0.990647 0.89087
0.990645 0.890838
0.990644 0.890806
0.990642 0.890774
0.99064 0.890742
0.990639 0.89071
0.990637 0.890678
0.990636 0.890646
0.990634 0.890614
0.990633 0.890582
0.990631 0.89055
0.990629 0.890518
0.990628 0.890486
0.990626 0.890454
0.990625 0.890422
0.990623 0.89039
0.990622 0.890358
0.99062 0.890326
0.990618 0.890294
0.990617 0.890262
0.990615 0.89023
0.990614 0.890198
0.990612 0.890166
0.990611 0.890134
0.990609 0.890102
0.990607 0.89007
0.990606 0.890038
0.990604 0.890006
0.990603 0.889975
0.990601 0.889943
0.990599 0.889911
0.990598 0.889879
0.990596 0.889847
0.990595 0.889815
0.990593 0.889783
0.990592 0.889751
0.99059 0.889719
0.990588 0.889687
0.990587 0.889655
0.990585 0.889623
0.990584 0.889591
0.990582 0.889559
0.990581 0.889527
0.990579 0.889495
0.990577 0.889463
0.990576 0.889431
0.990574 0.889399
0.990573 0.889367
0.990571 0.889335
0.99057 0.889303
0.990568 0.889271
0.990566 0.889239
0.990565 0.889207
0.990563 0.889175
0.990562 0.889143
0.99056 0.889111
0.990558 0.889079
0.990557 0.889047
0.990555 0.889015
0.990554 0.888983
0.990552 0.888951
0.990551 0.888919
0.990549 0.888887
0.990547 0.888855
0.990546 0.888823
0.990544 0.888791
0.990543 0.888759
0.990541 0.888727
0.99054 0.888695
0.990538 0.888663
0.990536 0.888631
0.990535 0.888599
0.990533 0.888567
0.990532 0.888535
0.99053 0.888503
0.990528 0.888471
0.990527 0.888439
0.990525 0.888407
0.990524 0.888375
0.990522 0.888343
0.990521 0.888311
0.990519 0.888279
0.990517 0.888247
0.990516 0.888215
0.990514 0.888183
0.990513 0.88815
0.990511 0.888118
0.99051 0.888086
0.990508 0.888054
0.990506 0.888022
0.990505 0.88799
0.990503 0.887958
0.990502 0.887926
0.9905 0.887894
0.990498 0.887862
0.990497 0.88783
0.990495 0.887798
0.990494 0.887766
0.990492 0.887734
0.990491 0.887701
0.990489 0.887669
0.990487 0.887637
0.990486 0.887605
0.990484 0.887573
0.990483 0.887541
0.990481 0.887509
0.990479 0.887477
0.990478 0.887445
0.990476 0.887413
0.990475 0.88738
0.990473 0.887348
0.990472 0.887316
0.99047 0.887284
0.990468 0.887252
0.990467 0.88722
0.990465 0.887188
0.990464 0.887155
0.990462 0.887123
0.99046 0.887091
0.990459 0.887059
0.990457 0.887027
0.990456 0.886995
0.990454 0.886962
0.990452 0.88693
0.990451 0.886898
0.990449 0.886866
0.990448 0.886834
0.990446 0.886801
0.990445 0.886769
0.990443 0.886737
0.990441 0.886705
0.99044 0.886673
0.990438 0.88664
0.990437 0.886608
0.990435 0.886576
0.990433 0.886544
0.990432 0.886512
0.99043 0.886479
0.990429 0.886447
0.990427 0.886415
0.990425 0.886383
0.990424 0.88635
0.990422 0.886318
0.990421 0.886286
0.990419 0.886253
0.990417 0.886221
0.990416 0.886189
0.990414 0.886157
0.990413 0.886124
0.990411 0.886092
0.99041 0.88606
0.990408 0.886027
0.990406 0.885995
0.990405 0.885963
0.990403 0.88593
0.990402 0.885898
0.9904 0.885866
0.990398 0.885833
0.990397 0.885801
0.990395 0.885769
0.990394 0.885736
0.990392 0.885704
0.99039 0.885672
0.990389 0.885639
0.990387 0.885607
0.990386 0.885574
0.990384 0.885542
0.990382 0.88551
0.990381 0.885477
0.990379 0.885445
0.990378 0.885412
0.990376 0.88538
0.990374 0.885347
0.990373 0.885315
0.990371 0.885283
0.99037 0.88525
0.990368 0.885218
0.990366 0.885185
0.990365 0.885153
0.990363 0.88512
0.990362 0.885088
0.99036 0.885055
0.990358 0.885023
0.990357 0.88499
0.990355 0.884958
0.990354 0.884925
0.990352 0.884893
0.99035 0.88486
0.990349 0.884828
0.990347 0.884795
0.990346 0.884762
0.990344 0.88473
0.990342 0.884697
0.990341 0.884665
0.990339 0.884632
0.990338 0.884599
0.990336 0.884567
0.990334 0.884534
0.990333 0.884502
0.990331 0.884469
0.99033 0.884436
0.990328 0.884404
0.990326 0.884371
0.990325 0.884338
0.990323 0.884306
0.990321 0.884273
0.99032 0.88424
0.990318 0.884208
0.990317 0.884175
0.990315 0.884142
0.990313 0.88411
0.990312 0.884077
0.99031 0.884044
0.990309 0.884011
0.990307 0.883979
0.990305 0.883946
0.990304 0.883913
0.990302 0.88388
0.990301 0.883848
0.990299 0.883815
0.990297 0.883782
0.990296 0.883749
0.990294 0.883716
0.990292 0.883684
0.990291 0.883651
0.990289 0.883618
0.990288 0.883585
0.990286 0.883552
0.990284 0.883519
0.990283 0.883486
0.990281 0.883454
0.99028 0.883421
0.990278 0.883388
0.990276 0.883355
0.990275 0.883322
0.990273 0.883289
0.990271 0.883256
0.99027 0.883223
0.990268 0.88319
0.990267 0.883157
0.990265 0.883124
0.990263 0.883091
0.990262 0.883058
0.99026 0.883025
0.990258 0.882992
0.990257 0.882959
0.990255 0.882926
0.990254 0.882893
0.990252 0.88286
0.99025 0.882827
0.990249 0.882794
0.990247 0.882761
0.990245 0.882728
0.990244 0.882695
0.990242 0.882661
0.990241 0.882628
0.990239 0.882595
0.990237 0.882562
0.990236 0.882529
0.990234 0.882496
0.990232 0.882462
0.990231 0.882429
0.990229 0.882396
0.990228 0.882363
0.990226 0.88233
0.990224 0.882296
0.990223 0.882263
0.990221 0.88223
0.990219 0.882197
0.990218 0.882163
0.990216 0.88213
0.990214 0.882097
0.990213 0.882063
0.990211 0.88203
0.99021 0.881997
0.990208 0.881963
0.990206 0.88193
0.990205 0.881897
0.990203 0.881863
0.990201 0.88183
0.9902 0.881797
0.990198 0.881763
0.990196 0.88173
0.990195 0.881696
0.990193 0.881663
0.990191 0.881629
0.99019 0.881596
0.990188 0.881562
0.990187 0.881529
0.990185 0.881495
0.990183 0.881462
0.990182 0.881428
0.99018 0.881395
0.990178 0.881361
0.990177 0.881328
0.990175 0.881294
0.990173 0.88126
0.990172 0.881227
0.99017 0.881193
0.990168 0.88116
0.990167 0.881126
0.990165 0.881092
0.990163 0.881059
0.990162 0.881025
0.99016 0.880991
0.990159 0.880957
0.990157 0.880924
0.990155 0.88089
0.990154 0.880856
0.990152 0.880823
0.99015 0.880789
0.990149 0.880755
0.990147 0.880721
0.990145 0.880687
0.990144 0.880654
0.990142 0.88062
0.99014 0.880586
0.990139 0.880552
0.990137 0.880518
0.990135 0.880484
0.990134 0.88045
0.990132 0.880416
0.99013 0.880382
0.990129 0.880348
0.990127 0.880314
0.990125 0.880281
0.990124 0.880247
0.990122 0.880213
0.99012 0.880178
0.990119 0.880144
0.990117 0.88011
0.990115 0.880076
0.990114 0.880042
0.990112 0.880008
0.99011 0.879974
0.990109 0.87994
0.990107 0.879906
0.990105 0.879872
0.990104 0.879837
0.990102 0.879803
0.9901 0.879769
0.990099 0.879735
0.990097 0.879701
0.990095 0.879666
0.990094 0.879632
0.990092 0.879598
0.99009 0.879564
0.990089 0.879529
0.990087 0.879495
0.990085 0.879461
0.990084 0.879426
0.990082 0.879392
0.99008 0.879358
0.990079 0.879323
0.990077 0.879289
0.990075 0.879254
0.990073 0.87922
0.990072 0.879185
0.99007 0.879151
0.990068 0.879116
0.990067 0.879082
0.990065 0.879047
0.990063 0.879013
0.990062 0.878978
0.99006 0.878944
0.990058 0.878909
0.990057 0.878875
0.990055 0.87884
0.990053 0.878805
0.990052 0.878771
0.99005 0.878736
0.990048 0.878701
0.990046 0.878667
0.990045 0.878632
0.990043 0.878597
0.990041 0.878562
0.99004 0.878528
0.990038 0.878493
0.990036 0.878458
0.990035 0.878423
0.990033 0.878388
0.990031 0.878354
0.990029 0.878319
0.990028 0.878284
0.990026 0.878249
0.990024 0.878214
0.990023 0.878179
0.990021 0.878144
0.990019 0.878109
0.990018 0.878074
0.990016 0.878039
0.990014 0.878004
0.990012 0.877969
0.990011 0.877934
0.990009 0.877899
0.990007 0.877864
0.990006 0.877829
0.990004 0.877794
0.990002 0.877758
0.99 0.877723
0.989999 0.877688
0.989997 0.877653
0.989995 0.877618
0.989994 0.877582
0.989992 0.877547
0.98999 0.877512
0.989988 0.877476
0.989987 0.877441
0.989985 0.877406
0.989983 0.87737
0.989981 0.877335
0.98998 0.8773
0.989978 0.877264
0.989976 0.877229
0.989975 0.877193
0.989973 0.877158
0.989971 0.877122
0.989969 0.877087
0.989968 0.877051
0.989966 0.877016
0.989964 0.87698
0.989962 0.876945
0.989961 0.876909
0.989959 0.876873
0.989957 0.876838
0.989956 0.876802
0.989954 0.876766
0.989952 0.876731
0.98995 0.876695
0.989949 0.876659
0.989947 0.876623
0.989945 0.876588
0.989943 0.876552
0.989942 0.876516
0.98994 0.87648
0.989938 0.876444
0.989936 0.876408
0.989935 0.876372
0.989933 0.876336
0.989931 0.8763
0.989929 0.876264
0.989928 0.876228
0.989926 0.876192
0.989924 0.876156
0.989922 0.87612
0.989921 0.876084
0.989919 0.876048
0.989917 0.876012
0.989915 0.875976
0.989914 0.87594
0.989912 0.875903
0.98991 0.875867
0.989908 0.875831
0.989907 0.875795
0.989905 0.875758
0.989903 0.875722
0.989901 0.875686
0.989899 0.875649
0.989898 0.875613
0.989896 0.875577
0.989894 0.87554
0.989892 0.875504
0.989891 0.875467
0.989889 0.875431
0.989887 0.875394
0.989885 0.875358
0.989884 0.875321
0.989882 0.875285
0.98988 0.875248
0.989878 0.875211
0.989876 0.875175
0.989875 0.875138
0.989873 0.875101
0.989871 0.875065
0.989869 0.875028
0.989868 0.874991
0.989866 0.874954
0.989864 0.874918
0.989862 0.874881
0.98986 0.874844
0.989859 0.874807
0.989857 0.87477
0.989855 0.874733
0.989853 0.874696
0.989851 0.874659
0.98985 0.874622
0.989848 0.874585
0.989846 0.874548
0.989844 0.874511
0.989842 0.874474
0.989841 0.874437
0.989839 0.8744
0.989837 0.874362
0.989835 0.874325
0.989833 0.874288
0.989832 0.874251
0.98983 0.874213
0.989828 0.874176
0.989826 0.874139
0.989824 0.874101
0.989823 0.874064
0.989821 0.874027
0.989819 0.873989
0.989817 0.873952
0.989815 0.873914
0.989814 0.873877
0.989812 0.873839
0.98981 0.873802
0.989808 0.873764
0.989806 0.873726
0.989804 0.873689
0.989803 0.873651
0.989801 0.873614
0.989799 0.873576
0.989797 0.873538
0.989795 0.8735
0.989793 0.873462
0.989792 0.873425
0.98979 0.873387
0.989788 0.873349
0.989786 0.873311
0.989784 0.873273
0.989782 0.873235
0.989781 0.873197
0.989779 0.873159
0.989777 0.873121
0.989775 0.873083
0.989773 0.873045
0.989771 0.873007
0.98977 0.872969
0.989768 0.87293
0.989766 0.872892
0.989764 0.872854
0.989762 0.872816
0.98976 0.872777
0.989759 0.872739
0.989757 0.872701
0.989755 0.872662
0.989753 0.872624
0.989751 0.872585
0.989749 0.872547
0.989747 0.872509
0.989746 0.87247
0.989744 0.872431
0.989742 0.872393
0.98974 0.872354
0.989738 0.872316
0.989736 0.872277
0.989734 0.872238
0.989732 0.872199
0.989731 0.872161
0.989729 0.872122
0.989727 0.872083
0.989725 0.872044
0.989723 0.872005
0.989721 0.871966
0.989719 0.871928
0.989717 0.871889
0.989716 0.87185
0.989714 0.871811
0.989712 0.871771
0.98971 0.871732
0.989708 0.871693
0.989706 0.871654
0.989704 0.871615
0.989702 0.871576
0.989701 0.871536
0.989699 0.871497
0.989697 0.871458
0.989695 0.871419
0.989693 0.871379
0.989691 0.87134
0.989689 0.8713
0.989687 0.871261
0.989685 0.871221
0.989683 0.871182
0.989682 0.871142
0.98968 0.871103
0.989678 0.871063
0.989676 0.871023
0.989674 0.870984
0.989672 0.870944
0.98967 0.870904
0.989668 0.870864
0.989666 0.870825
0.989664 0.870785
0.989662 0.870745
0.98966 0.870705
0.989659 0.870665
0.989657 0.870625
0.989655 0.870585
0.989653 0.870545
0.989651 0.870505
0.989649 0.870465
0.989647 0.870424
0.989645 0.870384
0.989643 0.870344
0.989641 0.870304
0.989639 0.870263
0.989637 0.870223
0.989635 0.870183
0.989633 0.870142
0.989631 0.870102
0.98963 0.870061
0.989628 0.870021
0.989626 0.86998
0.989624 0.86994
0.989622 0.869899
0.98962 0.869859
0.989618 0.869818
0.989616 0.869777
0.989614 0.869736
0.989612 0.869696
0.98961 0.869655
0.989608 0.869614
0.989606 0.869573
0.989604 0.869532
0.989602 0.869491
0.9896 0.86945
0.989598 0.869409
0.989596 0.869368
0.989594 0.869327
0.989592 0.869286
0.98959 0.869245
0.989588 0.869203
0.989586 0.869162
0.989584 0.869121
0.989582 0.86908
0.98958 0.869038
0.989578 0.868997
0.989576 0.868955
0.989574 0.868914
0.989572 0.868872
0.98957 0.868831
0.989568 0.868789
0.989567 0.868747
0.989565 0.868706
0.989563 0.868664
0.989561 0.868622
0.989559 0.868581
0.989557 0.868539
0.989554 0.868497
0.989552 0.868455
0.98955 0.868413
0.989548 0.868371
0.989546 0.868329
0.989544 0.868287
0.989542 0.868245
0.98954 0.868203
0.989538 0.86816
0.989536 0.868118
0.989534 0.868076
0.989532 0.868034
0.98953 0.867991
0.989528 0.867949
0.989526 0.867907
0.989524 0.867864
0.989522 0.867822
0.98952 0.867779
0.989518 0.867736
0.989516 0.867694
0.989514 0.867651
0.989512 0.867608
0.98951 0.867566
0.989508 0.867523
0.989506 0.86748
0.989504 0.867437
0.989502 0.867394
0.9895 0.867351
0.989498 0.867308
0.989496 0.867265
0.989494 0.867222
0.989491 0.867179
0.989489 0.867136
0.989487 0.867093
0.989485 0.867049
0.989483 0.867006
0.989481 0.866963
0.989479 0.866919
0.989477 0.866876
0.989475 0.866832
0.989473 0.866789
0.989471 0.866745
0.989469 0.866702
0.989467 0.866658
0.989464 0.866614
0.989462 0.866571
0.98946 0.866527
0.989458 0.866483
0.989456 0.866439
0.989454 0.866395
0.989452 0.866351
0.98945 0.866307
0.989448 0.866263
0.989446 0.866219
0.989444 0.866175
0.989441 0.866131
0.989439 0.866086
0.989437 0.866042
0.989435 0.865998
0.989433 0.865953
0.989431 0.865909
0.989429 0.865864
0.989427 0.86582
0.989424 0.865775
0.989422 0.865731
0.98942 0.865686
0.989418 0.865641
0.989416 0.865597
0.989414 0.865552
0.989412 0.865507
0.98941 0.865462
0.989407 0.865417
0.989405 0.865372
0.989403 0.865327
0.989401 0.865282
0.989399 0.865237
0.989397 0.865192
0.989395 0.865146
0.989392 0.865101
0.98939 0.865056
0.989388 0.86501
0.989386 0.864965
0.989384 0.86492
0.989382 0.864874
0.989379 0.864828
0.989377 0.864783
0.989375 0.864737
0.989373 0.864691
0.989371 0.864646
0.989369 0.8646
0.989366 0.864554
0.989364 0.864508
0.989362 0.864462
0.98936 0.864416
0.989358 0.86437
0.989355 0.864324
0.989353 0.864277
0.989351 0.864231
0.989349 0.864185
0.989347 0.864139
0.989344 0.864092
0.989342 0.864046
0.98934 0.863999
0.989338 0.863953
0.989336 0.863906
0.989333 0.863859
0.989331 0.863813
0.989329 0.863766
0.989327 0.863719
0.989324 0.863672
0.989322 0.863625
0.98932 0.863578
0.989318 0.863531
0.989316 0.863484
0.989313 0.863437
0.989311 0.86339
0.989309 0.863343
0.989307 0.863295
0.989304 0.863248
0.989302 0.8632
0.9893 0.863153
0.989298 0.863105
0.989295 0.863058
0.989293 0.86301
0.989291 0.862962
0.989289 0.862915
0.989286 0.862867
0.989284 0.862819
0.989282 0.862771
0.989279 0.862723
0.989277 0.862675
0.989275 0.862627
0.989273 0.862579
0.98927 0.862531
0.989268 0.862482
0.989266 0.862434
0.989263 0.862386
0.989261 0.862337
0.989259 0.862289
0.989257 0.86224
0.989254 0.862191
0.989252 0.862143
0.98925 0.862094
0.989247 0.862045
0.989245 0.861996
0.989243 0.861947
0.98924 0.861898
0.989238 0.861849
0.989236 0.8618
0.989233 0.861751
0.989231 0.861702
0.989229 0.861653
0.989226 0.861603
0.989224 0.861554
0.989222 0.861504
0.989219 0.861455
0.989217 0.861405
0.989215 0.861356
0.989212 0.861306
0.98921 0.861256
0.989208 0.861206
0.989205 0.861156
0.989203 0.861106
0.989201 0.861056
0.989198 0.861006
0.989196 0.860956
0.989194 0.860906
0.989191 0.860855
0.989189 0.860805
0.989186 0.860755
0.989184 0.860704
0.989182 0.860654
0.989179 0.860603
0.989177 0.860552
0.989174 0.860502
0.989172 0.860451
0.98917 0.8604
0.989167 0.860349
0.989165 0.860298
0.989162 0.860247
0.98916 0.860196
0.989158 0.860145
0.989155 0.860093
0.989153 0.860042
0.98915 0.859991
0.989148 0.859939
0.989145 0.859888
0.989143 0.859836
0.989141 0.859784
0.989138 0.859733
0.989136 0.859681
0.989133 0.859629
0.989131 0.859577
0.989128 0.859525
0.989126 0.859473
0.989123 0.859421
0.989121 0.859368
0.989119 0.859316
0.989116 0.859264
0.989114 0.859211
0.989111 0.859159
0.989109 0.859106
0.989106 0.859053
0.989104 0.859001
0.989101 0.858948
0.989099 0.858895
0.989096 0.858842
0.989094 0.858789
0.989091 0.858736
0.989089 0.858683
0.989086 0.85863
0.989084 0.858576
0.989081 0.858523
0.989079 0.858469
0.989076 0.858416
0.989074 0.858362
0.989071 0.858309
0.989069 0.858255
0.989066 0.858201
0.989064 0.858147
0.989061 0.858093
0.989058 0.858039
0.989056 0.857985
0.989053 0.857931
0.989051 0.857876
0.989048 0.857822
0.989046 0.857768
0.989043 0.857713
0.989041 0.857659
0.989038 0.857604
0.989035 0.857549
0.989033 0.857494
0.98903 0.857439
0.989028 0.857384
0.989025 0.857329
0.989023 0.857274
0.98902 0.857219
0.989017 0.857164
0.989015 0.857108
0.989012 0.857053
0.98901 0.856997
0.989007 0.856942
0.989004 0.856886
0.989002 0.85683
0.988999 0.856774
0.988996 0.856718
0.988994 0.856662
0.988991 0.856606
0.988989 0.85655
0.988986 0.856494
0.988983 0.856437
0.988981 0.856381
0.988978 0.856324
0.988975 0.856268
0.988973 0.856211
0.98897 0.856154
0.988967 0.856097
0.988965 0.856041
0.988962 0.855984
0.988959 0.855926
0.988957 0.855869
0.988954 0.855812
0.988951 0.855755
0.988949 0.855697
0.988946 0.855639
0.988943 0.855582
0.988941 0.855524
0.988938 0.855466
0.988935 0.855408
0.988932 0.85535
0.98893 0.855292
0.988927 0.855234
0.988924 0.855176
0.988922 0.855118
0.988919 0.855059
0.988916 0.855001
0.988913 0.854942
0.988911 0.854883
0.988908 0.854824
0.988905 0.854766
0.988902 0.854707
0.9889 0.854648
0.988897 0.854588
0.988894 0.854529
0.988891 0.85447
0.988888 0.85441
0.988886 0.854351
0.988883 0.854291
0.98888 0.854231
0.988877 0.854172
0.988875 0.854112
0.988872 0.854052
0.988869 0.853992
0.988866 0.853931
0.988863 0.853871
0.98886 0.853811
0.988858 0.85375
0.988855 0.85369
0.988852 0.853629
0.988849 0.853568
0.988846 0.853507
0.988843 0.853446
0.988841 0.853385
0.988838 0.853324
0.988835 0.853263
0.988832 0.853201
0.988829 0.85314
0.988826 0.853078
0.988823 0.853017
0.988821 0.852955
0.988818 0.852893
0.988815 0.852831
0.988812 0.852769
0.988809 0.852707
0.988806 0.852645
0.988803 0.852582
0.9888 0.85252
0.988797 0.852457
0.988794 0.852394
0.988792 0.852332
0.988789 0.852269
0.988786 0.852206
0.988783 0.852143
0.98878 0.852079
0.988777 0.852016
0.988774 0.851953
0.988771 0.851889
0.988768 0.851825
0.988765 0.851762
0.988762 0.851698
0.988759 0.851634
0.988756 0.85157
0.988753 0.851506
0.98875 0.851441
0.988747 0.851377
0.988744 0.851312
0.988741 0.851248
0.988738 0.851183
0.988735 0.851118
0.988732 0.851053
0.988729 0.850988
0.988726 0.850923
0.988723 0.850858
0.98872 0.850792
0.988717 0.850727
0.988714 0.850661
0.988711 0.850595
0.988708 0.850529
0.988705 0.850463
0.988702 0.850397
0.988699 0.850331
0.988696 0.850265
0.988692 0.850198
0.988689 0.850132
0.988686 0.850065
0.988683 0.849998
0.98868 0.849931
0.988677 0.849864
0.988674 0.849797
0.988671 0.84973
0.988668 0.849662
0.988664 0.849595
0.988661 0.849527
0.988658 0.849459
0.988655 0.849392
0.988652 0.849324
0.988649 0.849255
0.988646 0.849187
0.988642 0.849119
0.988639 0.84905
0.988636 0.848982
0.988633 0.848913
0.98863 0.848844
0.988626 0.848775
0.988623 0.848706
0.98862 0.848637
0.988617 0.848567
0.988614 0.848498
0.98861 0.848428
0.988607 0.848358
0.988604 0.848289
0.988601 0.848219
0.988597 0.848148
0.988594 0.848078
0.988591 0.848008
0.988588 0.847937
0.988584 0.847866
0.988581 0.847796
0.988578 0.847725
0.988575 0.847654
0.988571 0.847582
0.988568 0.847511
0.988565 0.84744
0.988561 0.847368
0.988558 0.847296
0.988555 0.847224
0.988551 0.847152
0.988548 0.84708
0.988545 0.847008
0.988541 0.846935
0.988538 0.846863
0.988535 0.84679
0.988531 0.846717
0.988528 0.846644
0.988525 0.846571
0.988521 0.846498
0.988518 0.846425
0.988514 0.846351
0.988511 0.846277
0.988508 0.846203
0.988504 0.846129
0.988501 0.846055
0.988497 0.845981
0.988494 0.845907
0.988491 0.845832
0.988487 0.845757
0.988484 0.845682
0.98848 0.845607
0.988477 0.845532
0.988473 0.845457
0.98847 0.845382
0.988466 0.845306
0.988463 0.84523
0.988459 0.845154
0.988456 0.845078
0.988452 0.845002
0.988449 0.844926
0.988445 0.844849
0.988442 0.844773
0.988438 0.844696
0.988435 0.844619
0.988431 0.844542
0.988428 0.844464
0.988424 0.844387
0.98842 0.844309
0.988417 0.844231
0.988413 0.844154
0.98841 0.844076
0.988406 0.843997
0.988402 0.843919
0.988399 0.84384
0.988395 0.843762
0.988392 0.843683
0.988388 0.843604
0.988384 0.843524
0.988381 0.843445
0.988377 0.843366
0.988373 0.843286
0.98837 0.843206
0.988366 0.843126
0.988362 0.843046
0.988359 0.842965
0.988355 0.842885
0.988351 0.842804
0.988348 0.842723
0.988344 0.842642
0.98834 0.842561
0.988336 0.84248
0.988333 0.842398
0.988329 0.842316
0.988325 0.842234
0.988321 0.842152
0.988318 0.84207
0.988314 0.841988
0.98831 0.841905
0.988306 0.841822
0.988302 0.841739
0.988299 0.841656
0.988295 0.841573
0.988291 0.841489
0.988287 0.841406
0.988283 0.841322
0.988279 0.841238
0.988276 0.841153
0.988272 0.841069
0.988268 0.840984
0.988264 0.8409
0.98826 0.840815
0.988256 0.84073
0.988252 0.840644
0.988248 0.840559
0.988244 0.840473
0.98824 0.840387
0.988237 0.840301
0.988233 0.840215
0.988229 0.840128
0.988225 0.840042
0.988221 0.839955
0.988217 0.839868
0.988213 0.83978
0.988209 0.839693
0.988205 0.839605
0.988201 0.839517
0.988197 0.839429
0.988193 0.839341
0.988189 0.839253
0.988185 0.839164
0.98818 0.839075
0.988176 0.838986
0.988172 0.838897
0.988168 0.838807
0.988164 0.838718
0.98816 0.838628
0.988156 0.838538
0.988152 0.838448
0.988148 0.838357
0.988144 0.838266
0.988139 0.838176
0.988135 0.838084
0.988131 0.837993
0.988127 0.837902
0.988123 0.83781
0.988119 0.837718
0.988114 0.837626
0.98811 0.837533
0.988106 0.837441
0.988102 0.837348
0.988097 0.837255
0.988093 0.837162
0.988089 0.837068
0.988085 0.836974
0.98808 0.83688
0.988076 0.836786
0.988072 0.836692
0.988067 0.836597
0.988063 0.836503
0.988059 0.836407
0.988054 0.836312
0.98805 0.836217
0.988046 0.836121
0.988041 0.836025
0.988037 0.835929
0.988033 0.835832
0.988028 0.835736
0.988024 0.835639
0.988019 0.835542
0.988015 0.835444
0.988011 0.835347
0.988006 0.835249
0.988002 0.835151
0.987997 0.835052
0.987993 0.834954
0.987988 0.834855
0.987984 0.834756
0.987979 0.834657
0.987975 0.834557
0.98797 0.834457
0.987966 0.834357
0.987961 0.834257
0.987956 0.834156
0.987952 0.834056
0.987947 0.833955
0.987943 0.833853
0.987938 0.833752
0.987933 0.83365
0.987929 0.833548
0.987924 0.833446
0.98792 0.833343
0.987915 0.83324
0.98791 0.833137
0.987906 0.833034
0.987901 0.83293
0.987896 0.832826
0.987891 0.832722
0.987887 0.832618
0.987882 0.832513
0.987877 0.832408
0.987872 0.832303
0.987868 0.832197
0.987863 0.832091
0.987858 0.831985
0.987853 0.831879
0.987848 0.831772
0.987844 0.831665
0.987839 0.831558
0.987834 0.831451
0.987829 0.831343
0.987824 0.831235
0.987819 0.831127
0.987814 0.831018
0.987809 0.830909
0.987804 0.8308
0.987799 0.830691
0.987794 0.830581
0.98779 0.830471
0.987785 0.830361
0.98778 0.83025
0.987774 0.830139
0.987769 0.830028
0.987764 0.829916
0.987759 0.829805
0.987754 0.829693
0.987749 0.82958
0.987744 0.829467
0.987739 0.829354
0.987734 0.829241
0.987729 0.829127
0.987724 0.829013
0.987718 0.828899
0.987713 0.828785
0.987708 0.82867
0.987703 0.828555
0.987698 0.828439
0.987692 0.828323
0.987687 0.828207
0.987682 0.828091
0.987677 0.827974
0.987671 0.827857
0.987666 0.827739
0.987661 0.827621
0.987656 0.827503
0.98765 0.827385
0.987645 0.827266
0.987639 0.827147
0.987634 0.827027
0.987629 0.826908
0.987623 0.826788
0.987618 0.826667
0.987612 0.826546
0.987607 0.826425
0.987601 0.826304
0.987596 0.826182
0.987591 0.82606
0.987585 0.825937
0.987579 0.825814
0.987574 0.825691
0.987568 0.825567
0.987563 0.825443
0.987557 0.825319
0.987552 0.825194
0.987546 0.825069
0.98754 0.824944
0.987535 0.824818
0.987529 0.824692
0.987523 0.824566
0.987518 0.824439
0.987512 0.824311
0.987506 0.824184
0.9875 0.824056
0.987495 0.823927
0.987489 0.823799
0.987483 0.823669
0.987477 0.82354
0.987471 0.82341
0.987466 0.82328
0.98746 0.823149
0.987454 0.823018
0.987448 0.822886
0.987442 0.822755
0.987436 0.822622
0.98743 0.82249
0.987424 0.822357
0.987418 0.822223
0.987412 0.822089
0.987406 0.821955
0.9874 0.82182
0.987394 0.821685
0.987388 0.82155
0.987382 0.821414
0.987376 0.821277
0.98737 0.82114
0.987364 0.821003
0.987357 0.820866
0.987351 0.820728
0.987345 0.820589
0.987339 0.82045
0.987333 0.820311
0.987326 0.820171
0.98732 0.820031
0.987314 0.81989
0.987307 0.819749
0.987301 0.819607
0.987295 0.819465
0.987288 0.819323
0.987282 0.81918
0.987276 0.819037
0.987269 0.818893
0.987263 0.818749
0.987256 0.818604
0.98725 0.818459
0.987243 0.818313
0.987237 0.818167
0.98723 0.81802
0.987224 0.817873
0.987217 0.817726
0.98721 0.817578
0.987204 0.817429
0.987197 0.81728
0.98719 0.817131
0.987184 0.816981
0.987177 0.81683
0.98717 0.816679
0.987163 0.816528
0.987157 0.816376
0.98715 0.816224
0.987143 0.816071
0.987136 0.815917
0.987129 0.815763
0.987123 0.815609
0.987116 0.815454
0.987109 0.815298
0.987102 0.815142
0.987095 0.814986
0.987088 0.814828
0.987081 0.814671
0.987074 0.814513
0.987067 0.814354
0.98706 0.814195
0.987052 0.814035
0.987045 0.813875
0.987038 0.813714
0.987031 0.813552
0.987024 0.813391
0.987016 0.813228
0.987009 0.813065
0.987002 0.812901
0.986995 0.812737
0.986987 0.812572
0.98698 0.812407
0.986973 0.812241
0.986965 0.812075
0.986958 0.811907
0.98695 0.81174
0.986943 0.811572
0.986935 0.811403
0.986928 0.811233
0.98692 0.811063
0.986913 0.810893
0.986905 0.810721
0.986897 0.810549
0.98689 0.810377
0.986882 0.810204
0.986874 0.81003
0.986867 0.809856
0.986859 0.809681
0.986851 0.809505
0.986843 0.809329
0.986835 0.809152
0.986828 0.808975
0.98682 0.808797
0.986812 0.808618
0.986804 0.808439
0.986796 0.808258
0.986788 0.808078
0.98678 0.807896
0.986772 0.807714
0.986764 0.807531
0.986755 0.807348
0.986747 0.807164
0.986739 0.806979
0.986731 0.806794
0.986723 0.806608
0.986714 0.806421
0.986706 0.806233
0.986698 0.806045
0.986689 0.805856
0.986681 0.805666
0.986673 0.805476
0.986664 0.805285
0.986656 0.805093
0.986647 0.8049
0.986639 0.804707
0.98663 0.804513
0.986621 0.804318
0.986613 0.804123
0.986604 0.803926
0.986595 0.803729
0.986587 0.803532
0.986578 0.803333
0.986569 0.803134
0.98656 0.802934
0.986551 0.802733
0.986542 0.802531
0.986534 0.802329
0.986525 0.802125
0.986516 0.801921
0.986507 0.801716
0.986497 0.801511
0.986488 0.801304
0.986479 0.801097
0.98647 0.800889
0.986461 0.80068
0.986452 0.80047
0.986442 0.80026
0.986433 0.800048
0.986424 0.799836
0.986414 0.799623
0.986405 0.799409
0.986395 0.799194
0.986386 0.798978
0.986376 0.798761
0.986367 0.798544
0.986357 0.798325
0.986347 0.798106
0.986338 0.797886
0.986328 0.797665
0.986318 0.797443
0.986308 0.79722
0.986298 0.796996
0.986289 0.796771
0.986279 0.796545
0.986269 0.796319
0.986259 0.796091
0.986249 0.795863
0.986239 0.795633
0.986228 0.795403
0.986218 0.795171
0.986208 0.794939
0.986198 0.794705
0.986187 0.794471
0.986177 0.794235
0.986167 0.793999
0.986156 0.793762
0.986146 0.793523
0.986135 0.793284
0.986125 0.793043
0.986114 0.792802
0.986103 0.792559
0.986093 0.792315
0.986082 0.792071
0.986071 0.791825
0.98606 0.791578
0.986049 0.79133
0.986039 0.791081
0.986028 0.790831
0.986017 0.79058
0.986005 0.790328
0.985994 0.790074
0.985983 0.78982
0.985972 0.789564
0.985961 0.789307
0.985949 0.789049
0.985938 0.78879
0.985927 0.78853
0.985915 0.788268
0.985904 0.788006
0.985892 0.787742
0.985881 0.787477
0.985869 0.787211
0.985857 0.786943
0.985845 0.786675
0.985834 0.786405
0.985822 0.786134
0.98581 0.785861
0.985798 0.785587
0.985786 0.785313
0.985774 0.785036
0.985761 0.784759
0.985749 0.78448
0.985737 0.7842
0.985725 0.783919
0.985712 0.783636
0.9857 0.783352
0.985687 0.783067
0.985675 0.78278
0.985662 0.782492
0.98565 0.782202
0.985637 0.781912
0.985624 0.781619
0.985611 0.781326
0.985598 0.781031
0.985585 0.780734
0.985572 0.780436
0.985559 0.780137
0.985546 0.779836
0.985533 0.779534
0.98552 0.77923
0.985506 0.778925
0.985493 0.778618
0.98548 0.77831
0.985466 0.778001
0.985452 0.777689
0.985439 0.777377
0.985425 0.777062
0.985411 0.776746
0.985397 0.776429
0.985383 0.77611
0.985369 0.775789
0.985355 0.775467
0.985341 0.775143
0.985327 0.774818
0.985313 0.77449
0.985298 0.774162
0.985284 0.773831
0.98527 0.773499
0.985255 0.773165
0.98524 0.772829
0.985226 0.772492
0.985211 0.772153
0.985196 0.771812
0.985181 0.77147
0.985166 0.771125
0.985151 0.770779
0.985136 0.770431
0.985121 0.770082
0.985105 0.76973
0.98509 0.769376
0.985074 0.769021
0.985059 0.768664
0.985043 0.768305
0.985027 0.767944
0.985012 0.767581
0.984996 0.767216
0.98498 0.766849
0.984964 0.76648
0.984947 0.76611
0.984931 0.765737
0.984915 0.765362
0.984898 0.764985
0.984882 0.764606
0.984865 0.764225
0.984849 0.763842
0.984832 0.763457
0.984815 0.76307
0.984798 0.762681
0.984781 0.762289
0.984764 0.761895
0.984747 0.761499
0.984729 0.761101
0.984712 0.760701
0.984694 0.760298
0.984677 0.759894
0.984659 0.759486
0.984641 0.759077
0.984623 0.758665
0.984605 0.758251
0.984587 0.757835
0.984569 0.757416
0.984551 0.756995
0.984532 0.756571
0.984514 0.756145
0.984495 0.755716
0.984476 0.755285
0.984457 0.754852
0.984438 0.754416
0.984419 0.753977
0.9844 0.753536
0.984381 0.753092
0.984361 0.752646
0.984342 0.752197
0.984322 0.751745
0.984302 0.751291
0.984282 0.750834
0.984262 0.750374
0.984242 0.749912
0.984222 0.749446
0.984202 0.748978
0.984181 0.748507
0.98416 0.748034
0.98414 0.747557
0.984119 0.747078
0.984098 0.746595
0.984077 0.74611
0.984055 0.745621
0.984034 0.74513
0.984012 0.744635
0.983991 0.744138
0.983969 0.743637
0.983947 0.743134
0.983925 0.742627
0.983903 0.742117
0.98388 0.741604
0.983858 0.741087
0.983835 0.740568
0.983813 0.740045
0.98379 0.739519
0.983767 0.738989
0.983743 0.738456
0.98372 0.73792
0.983696 0.73738
0.983673 0.736836
0.983649 0.73629
0.983625 0.735739
0.983601 0.735185
0.983576 0.734628
0.983552 0.734067
0.983527 0.733502
0.983502 0.732933
0.983478 0.732361
0.983452 0.731785
0.983427 0.731205
0.983402 0.730621
0.983376 0.730034
0.98335 0.729442
0.983324 0.728847
0.983298 0.728248
0.983272 0.727644
0.983245 0.727036
0.983218 0.726425
0.983191 0.725809
0.983164 0.725189
0.983137 0.724565
0.98311 0.723936
0.983082 0.723303
0.983054 0.722666
0.983026 0.722025
0.982998 0.721379
0.982969 0.720728
0.98294 0.720073
0.982912 0.719414
0.982883 0.718749
0.982853 0.718081
0.982824 0.717407
0.982794 0.716729
0.982764 0.716046
0.982734 0.715358
0.982703 0.714665
0.982673 0.713967
0.982642 0.713264
0.982611 0.712556
0.98258 0.711843
0.982548 0.711125
0.982516 0.710402
0.982484 0.709673
0.982452 0.70894
0.982419 0.7082
0.982387 0.707456
0.982354 0.706706
0.98232 0.70595
0.982287 0.705189
0.982253 0.704422
0.982219 0.70365
0.982185 0.702871
0.98215 0.702087
0.982115 0.701297
0.98208 0.700501
0.982045 0.6997
0.982009 0.698892
0.981973 0.698078
0.981937 0.697257
0.9819 0.696431
0.981863 0.695598
0.981826 0.694759
0.981789 0.693913
0.981751 0.693061
0.981713 0.692203
0.981675 0.691337
0.981636 0.690465
0.981597 0.689587
0.981558 0.688701
0.981518 0.687808
0.981478 0.686909
0.981437 0.686002
0.981397 0.685089
0.981356 0.684168
0.981314 0.683239
0.981273 0.682304
0.981231 0.68136
0.981188 0.68041
0.981145 0.679451
0.981102 0.678486
0.981058 0.677512
0.981014 0.67653
0.98097 0.675541
0.980925 0.674543
0.98088 0.673537
0.980835 0.672524
0.980789 0.671501
0.980742 0.670471
0.980696 0.669432
0.980648 0.668384
0.980601 0.667328
0.980553 0.666263
0.980504 0.665189
0.980455 0.664107
0.980406 0.663015
0.980356 0.661914
0.980306 0.660804
0.980255 0.659685
0.980204 0.658556
0.980152 0.657418
0.9801 0.65627
0.980047 0.655112
0.979994 0.653945
0.97994 0.652767
0.979886 0.65158
0.979831 0.650382
0.979776 0.649174
0.97972 0.647956
0.979663 0.646727
0.979606 0.645488
0.979549 0.644238
0.979491 0.642977
0.979432 0.641706
0.979373 0.640423
0.979313 0.639129
0.979253 0.637824
0.979192 0.636507
0.97913 0.635179
0.979068 0.63384
0.979005 0.632488
0.978941 0.631125
0.978877 0.629749
0.978812 0.628362
0.978746 0.626962
0.97868 0.62555
0.978613 0.624125
0.978546 0.622688
0.978477 0.621238
0.978408 0.619775
0.978338 0.618299
0.978268 0.616809
0.978197 0.615307
0.978125 0.613791
0.978052 0.612261
0.977978 0.610718
0.977904 0.609161
0.977828 0.60759
0.977752 0.606004
0.977675 0.604405
0.977598 0.602791
0.977519 0.601162
0.97744 0.599519
0.977359 0.597861
0.977278 0.596188
0.977196 0.5945
0.977112 0.592796
0.977028 0.591077
0.976943 0.589343
0.976857 0.587593
0.97677 0.585827
0.976682 0.584045
0.976593 0.582247
0.976503 0.580433
0.976412 0.578602
0.97632 0.576755
0.976226 0.574891
0.976132 0.57301
0.976037 0.571112
0.97594 0.569197
0.975842 0.567265
0.975743 0.565315
0.975643 0.563348
0.975542 0.561363
0.975439 0.559361
0.975335 0.55734
0.97523 0.555302
0.975123 0.553245
0.975016 0.551169
0.974906 0.549076
0.974796 0.546963
0.974684 0.544832
0.974571 0.542682
0.974456 0.540514
0.97434 0.538326
0.974223 0.536119
0.974103 0.533892
0.973983 0.531646
0.973861 0.529381
0.973737 0.527096
0.973612 0.524791
0.973485 0.522467
0.973356 0.520122
0.973226 0.517758
0.973094 0.515373
0.97296 0.512969
0.972825 0.510544
0.972687 0.508099
0.972548 0.505634
0.972407 0.503148
0.972265 0.500642
0.97212 0.498115
0.971973 0.495568
0.971825 0.493
0.971674 0.490412
0.971521 0.487803
0.971367 0.485174
0.97121 0.482524
0.971051 0.479854
0.970889 0.477163
0.970726 0.474452
0.97056 0.47172
0.970392 0.468968
0.970222 0.466196
0.970049 0.463403
0.969874 0.46059
0.969697 0.457758
0.969517 0.454905
0.969334 0.452032
0.969149 0.44914
0.968962 0.446228
0.968771 0.443297
0.968578 0.440346
0.968382 0.437376
0.968184 0.434388
0.967982 0.431381
0.967778 0.428355
0.967571 0.425311
0.967361 0.42225
0.967148 0.41917
0.966931 0.416073
0.966712 0.412959
0.966489 0.409828
0.966264 0.406681
0.966035 0.403517
0.965802 0.400338
0.965567 0.397143
0.965328 0.393934
0.965085 0.390709
0.964839 0.387471
0.964589 0.384218
0.964336 0.380953
0.964079 0.377674
0.963818 0.374384
0.963553 0.371081
0.963285 0.367767
0.963013 0.364442
0.962736 0.361107
0.962456 0.357762
0.962171 0.354408
0.961883 0.351046
0.96159 0.347676
0.961293 0.344298
0.960991 0.340914
0.960685 0.337524
0.960375 0.334129
0.96006 0.330729
0.959741 0.327325
0.959417 0.323917
0.959088 0.320508
0.958754 0.317096
0.958416 0.313684
0.958073 0.310271
0.957724 0.306858
0.957371 0.303447
0.957013 0.300038
0.956649 0.296631
0.95628 0.293228
0.955906 0.28983
0.955527 0.286436
0.955142 0.283048
0.954752 0.279667
0.954356 0.276294
0.953955 0.272929
0.953547 0.269573
0.953134 0.266226
0.952716 0.262891
0.952291 0.259567
0.951861 0.256255
0.951424 0.252956
0.950982 0.249671
0.950533 0.246401
0.950078 0.243145
0.949617 0.239906
0.94915 0.236684
0.948676 0.233479
0.948195 0.230292
0.947709 0.227125
0.947215 0.223977
0.946716 0.220849
0.946209 0.217742
0.945696 0.214657
0.945175 0.211594
0.944649 0.208554
0.944115 0.205537
0.943574 0.202544
0.943026 0.199576
0.942471 0.196632
0.941909 0.193715
0.94134 0.190823
0.940763 0.187958
0.940179 0.185119
0.939588 0.182309
0.93899 0.179526
0.938384 0.176771
0.93777 0.174044
0.937149 0.171347
0.936521 0.168678
0.935884 0.166039
0.935241 0.16343
0.934589 0.160851
0.93393 0.158302
0.933262 0.155783
0.932587 0.153295
0.931904 0.150838
0.931213 0.148411
0.930515 0.146016
0.929808 0.143651
0.929093 0.141318
0.92837 0.139016
0.927639 0.136745
0.9269 0.134505
0.926152 0.132297
0.925396 0.130119
0.924632 0.127973
0.92386 0.125858
0.92308 0.123774
0.922291 0.121721
0.921494 0.119698
0.920688 0.117706
0.919874 0.115745
0.919051 0.113814
0.918221 0.111913
0.917381 0.110042
0.916533 0.108201
0.915676 0.10639
0.914811 0.104607
0.913938 0.102854
0.913055 0.10113
0.912164 0.0994349
0.911265 0.0977678
0.910357 0.0961289
0.90944 0.0945177
0.908514 0.0929341
0.90758 0.0913778
0.906637 0.0898484
0.905685 0.0883457
0.904724 0.0868693
0.903755 0.0854189
0.902777 0.0839943
0.90179 0.082595
0.900794 0.0812209
0.89979 0.0798714
0.898777 0.0785464
0.897755 0.0772455
0.896724 0.0759683
0.895684 0.0747145
0.894635 0.0734838
0.893578 0.0722758
0.892511 0.0710902
0.891436 0.0699266
0.890352 0.0687848
0.889259 0.0676644
0.888157 0.066565
0.887047 0.0654863
0.885927 0.064428
0.884799 0.0633898
0.883661 0.0623713
0.882515 0.0613721
0.88136 0.060392
0.880196 0.0594307
0.879023 0.0584877
0.877841 0.0575629
0.87665 0.0566558
0.875451 0.0557662
0.874242 0.0548937
0.873025 0.0540381
0.871798 0.0531991
0.870563 0.0523763
0.869319 0.0515694
0.868066 0.0507782
0.866805 0.0500024
0.865534 0.0492416
0.864254 0.0484957
0.862966 0.0477643
0.861669 0.0470471
0.860363 0.0463439
0.859048 0.0456544
0.857724 0.0449783
0.856391 0.0443155
0.85505 0.0436656
0.8537 0.0430283
0.85234 0.0424036
0.850973 0.041791
0.849596 0.0411903
0.84821 0.0406014
0.846816 0.040024
0.845413 0.0394579
0.844001 0.0389028
0.84258 0.0383585
0.841151 0.0378249
0.839713 0.0373016
0.838266 0.0367886
0.83681 0.0362855
0.835346 0.0357922
0.833873 0.0353086
0.832391 0.0348343
0.830901 0.0343693
0.829402 0.0339132
0.827894 0.0334661
0.826377 0.0330276
0.824852 0.0325976
0.823318 0.0321759
0.821776 0.0317624
0.820225 0.0313569
0.818665 0.0309592
0.817097 0.0305692
0.81552 0.0301867
0.813935 0.0298116
0.812341 0.0294438
0.810738 0.029083
0.809127 0.0287291
0.807508 0.028382
0.805879 0.0280416
0.804243 0.0277077
0.802598 0.0273802
0.800944 0.027059
0.799282 0.0267439
0.797612 0.0264349
0.795933 0.0261317
0.794246 0.0258343
0.79255 0.0255426
0.790846 0.0252565
0.789133 0.0249758
0.787413 0.0247004
0.785683 0.0244302
0.783946 0.0241652
0.7822 0.0239052
0.780446 0.0236502
0.778684 0.0233999
0.776913 0.0231544
0.775135 0.0229136
0.773348 0.0226772
0.771553 0.0224454
0.769749 0.0222179
0.767938 0.0219948
0.766118 0.0217758
0.76429 0.0215609
0.762455 0.0213502
0.760611 0.0211433
0.758759 0.0209404
0.756899 0.0207413
0.755031 0.0205459
0.753155 0.0203543
0.751271 0.0201662
0.749379 0.0199817
0.747479 0.0198006
0.745571 0.0196229
0.743656 0.0194486
0.741733 0.0192776
0.739801 0.0191098
0.737862 0.0189451
0.735916 0.0187836
0.733961 0.0186251
0.731999 0.0184696
0.730029 0.018317
0.728052 0.0181673
0.726067 0.0180204
0.724074 0.0178764
0.722074 0.017735
0.720066 0.0175963
0.718051 0.0174603
0.716028 0.0173269
0.713998 0.017196
0.71196 0.0170675
0.709915 0.0169416
0.707863 0.016818
0.705803 0.0166969
0.703737 0.016578
0.701663 0.0164615
0.699582 0.0163472
0.697493 0.0162351
0.695398 0.0161251
0.693295 0.0160174
0.691186 0.0159117
0.68907 0.0158081
0.686946 0.0157065
0.684816 0.0156069
0.682679 0.0155093
0.680535 0.0154137
0.678384 0.0153199
0.676227 0.015228
0.674063 0.015138
0.671892 0.0150497
0.669715 0.0149633
0.667531 0.0148786
0.665341 0.0147957
0.663145 0.0147144
0.660942 0.0146349
0.658733 0.014557
0.656517 0.0144807
0.654295 0.014406
0.652068 0.0143329
0.649834 0.0142614
0.647594 0.0141914
0.645348 0.0141229
0.643096 0.014056
0.640839 0.0139904
0.638575 0.0139264
0.636306 0.0138638
0.634032 0.0138025
0.631751 0.0137427
0.629465 0.0136843
0.627174 0.0136272
0.624877 0.0135714
0.622575 0.0135169
0.620268 0.0134638
0.617956 0.0134119
0.615638 0.0133614
0.613316 0.013312
0.610989 0.0132639
0.608656 0.013217
0.606319 0.0131714
0.603977 0.0131269
0.601631 0.0130836
0.59928 0.0130414
0.596925 0.0130004
0.594565 0.0129606
0.592201 0.0129218
0.589832 0.0128842
0.58746 0.0128477
0.585083 0.0128123
0.582703 0.0127779
0.580319 0.0127446
0.577931 0.0127123
0.575539 0.0126811
0.573143 0.012651
0.570745 0.0126218
0.568342 0.0125936
0.565937 0.0125665
0.563528 0.0125403
0.561116 0.0125152
0.558701 0.012491
0.556284 0.0124677
0.553863 0.0124454
0.55144 0.0124241
0.549014 0.0124037
0.546586 0.0123842
0.544155 0.0123656
0.541722 0.012348
0.539287 0.0123312
0.53685 0.0123154
0.53441 0.0123004
0.531969 0.0122864
0.529527 0.0122732
0.527082 0.0122609
0.524637 0.0122494
0.522189 0.0122388
0.519741 0.0122291
0.517291 0.0122202
0.514841 0.0122121
0.512389 0.0122049
0.509937 0.0121985
0.507484 0.012193
0.50503 0.0121882
0.502576 0.0121843
0.500122 0.0121812
0.497667 0.0121789
0.495213 0.0121773
0.492758 0.0121766
0.490304 0.0121767
0.48785 0.0121776
0.485397 0.0121792
0.482944 0.0121817
0.480491 0.0121849
0.47804 0.0121888
0.475589 0.0121936
0.47314 0.0121991
0.470692 0.0122054
0.468245 0.0122124
0.4658 0.0122203
0.463356 0.0122288
0.460914 0.0122381
0.458474 0.0122482
0.456036 0.012259
0.4536 0.0122705
0.451166 0.0122828
0.448734 0.0122959
0.446306 0.0123096
0.443879 0.0123241
0.441456 0.0123394
0.439035 0.0123553
0.436618 0.012372
0.434204 0.0123895
0.431793 0.0124076
0.429385 0.0124265
0.426982 0.0124461
0.424581 0.0124664
0.422185 0.0124875
0.419793 0.0125093
0.417404 0.0125317
0.41502 0.012555
0.412641 0.0125789
0.410266 0.0126035
0.407895 0.0126289
0.405529 0.0126549
0.403168 0.0126817
0.400812 0.0127092
0.398462 0.0127374
0.396116 0.0127663
0.393776 0.0127959
0.391441 0.0128263
0.389112 0.0128573
0.386789 0.0128891
0.384472 0.0129215
0.38216 0.0129547
0.379855 0.0129886
0.377556 0.0130232
0.375264 0.0130585
0.372977 0.0130945
0.370698 0.0131312
0.368425 0.0131686
0.366159 0.0132067
0.3639 0.0132456
0.361648 0.0132851
0.359403 0.0133254
0.357165 0.0133663
0.354935 0.013408
0.352712 0.0134504
0.350496 0.0134935
0.348289 0.0135373
0.346089 0.0135818
0.343897 0.013627
0.341713 0.013673
0.339537 0.0137196
0.33737 0.013767
0.33521 0.0138151
0.333059 0.0138639
0.330916 0.0139134
0.328782 0.0139636
0.326657 0.0140145
0.32454 0.0140662
0.322432 0.0141186
0.320333 0.0141717
0.318243 0.0142255
0.316162 0.01428
0.314091 0.0143352
0.312028 0.0143912
0.309975 0.0144479
0.307931 0.0145053
0.305896 0.0145635
0.303871 0.0146223
0.301855 0.0146819
0.29985 0.0147422
0.297853 0.0148033
0.295867 0.014865
0.29389 0.0149275
0.291924 0.0149908
0.289967 0.0150547
0.28802 0.0151194
0.286083 0.0151848
0.284156 0.015251
0.28224 0.0153179
0.280333 0.0153855
0.278437 0.0154539
0.276551 0.015523
0.274676 0.0155928
0.272811 0.0156634
0.270956 0.0157347
0.269111 0.0158067
0.267278 0.0158795
0.265454 0.0159531
0.263641 0.0160274
0.261839 0.0161024
0.260047 0.0161782
0.258266 0.0162547
0.256495 0.016332
0.254736 0.01641
0.252986 0.0164887
0.251248 0.0165683
0.24952 0.0166485
0.247803 0.0167296
0.246097 0.0168113
0.244401 0.0168939
0.242716 0.0169771
0.241042 0.0170612
0.239379 0.017146
0.237726 0.0172315
0.236085 0.0173179
0.234454 0.0174049
0.232834 0.0174928
0.231224 0.0175814
0.229625 0.0176707
0.228038 0.0177608
0.226461 0.0178517
0.224894 0.0179434
0.223339 0.0180358
0.221794 0.018129
0.22026 0.0182229
0.218736 0.0183176
0.217224 0.0184131
0.215722 0.0185094
0.21423 0.0186064
0.212749 0.0187042
0.211279 0.0188027
0.20982 0.0189021
0.208371 0.0190022
0.206933 0.019103
0.205505 0.0192047
0.204087 0.0193071
0.202681 0.0194103
0.201284 0.0195143
0.199898 0.019619
0.198523 0.0197246
0.197157 0.0198309
0.195803 0.019938
0.194458 0.0200458
0.193124 0.0201545
0.1918 0.0202639
0.190486 0.0203741
0.189182 0.0204851
0.187888 0.0205968
0.186605 0.0207093
0.185331 0.0208227
0.184067 0.0209368
0.182814 0.0210516
0.18157 0.0211673
0.180336 0.0212838
0.179112 0.021401
0.177898 0.021519
0.176693 0.0216378
0.175499 0.0217574
0.174313 0.0218777
0.173138 0.0219989
0.171972 0.0221208
0.170815 0.0222435
0.169668 0.022367
0.16853 0.0224913
0.167402 0.0226164
0.166283 0.0227422
0.165173 0.0228688
0.164073 0.0229963
0.162981 0.0231245
0.161899 0.0232535
0.160826 0.0233832
0.159761 0.0235138
0.158706 0.0236451
0.157659 0.0237773
0.156622 0.0239102
0.155593 0.0240439
0.154573 0.0241784
0.153561 0.0243136
0.152558 0.0244497
0.151564 0.0245865
0.150578 0.0247242
0.149601 0.0248626
0.148632 0.0250018
0.147671 0.0251417
0.146719 0.0252825
0.145775 0.025424
0.144839 0.0255664
0.143911 0.0257095
0.142992 0.0258534
0.14208 0.0259981
0.141176 0.0261435
0.14028 0.0262898
0.139392 0.0264368
0.138512 0.0265846
0.13764 0.0267332
0.136775 0.0268826
0.135918 0.0270327
0.135068 0.0271836
0.134226 0.0273353
0.133391 0.0274878
0.132564 0.0276411
0.131744 0.0277951
0.130931 0.02795
0.130126 0.0281056
0.129327 0.028262
0.128536 0.0284191
0.127752 0.028577
0.126975 0.0287358
0.126205 0.0288952
0.125441 0.0290555
0.124685 0.0292165
0.123935 0.0293784
0.123193 0.0295409
0.122456 0.0297043
0.121727 0.0298684
0.121004 0.0300333
0.120287 0.030199
0.119577 0.0303655
0.118874 0.0305327
0.118176 0.0307007
0.117485 0.0308694
0.116801 0.031039
0.116122 0.0312093
0.11545 0.0313803
0.114784 0.0315522
0.114124 0.0317248
0.113469 0.0318981
0.112821 0.0320723
0.112179 0.0322472
0.111542 0.0324228
0.110912 0.0325992
0.110287 0.0327764
0.109667 0.0329544
0.109054 0.0331331
0.108446 0.0333126
0.107844 0.0334928
0.107247 0.0336738
0.106655 0.0338556
0.106069 0.0340381
0.105488 0.0342214
0.104913 0.0344054
0.104343 0.0345902
0.103778 0.0347757
0.103218 0.034962
0.102664 0.0351491
0.102114 0.0353369
0.10157 0.0355255
0.10103 0.0357148
0.100496 0.0359049
0.0999664 0.0360957
0.0994417 0.0362873
0.0989218 0.0364796
0.0984067 0.0366727
0.0978963 0.0368665
0.0973907 0.0370611
0.0968896 0.0372564
0.0963932 0.0374525
0.0959014 0.0376493
0.095414 0.0378469
0.0949312 0.0380452
0.0944528 0.0382443
0.0939788 0.0384441
0.0935092 0.0386447
0.0930439 0.038846
0.0925829 0.039048
0.0921261 0.0392508
0.0916736 0.0394544
0.0912252 0.0396586
0.0907809 0.0398636
0.0903408 0.0400694
0.0899047 0.0402759
0.0894726 0.0404832
0.0890445 0.0406911
0.0886204 0.0408999
0.0882001 0.0411093
0.0877838 0.0413195
0.0873713 0.0415305
0.0869625 0.0417421
0.0865576 0.0419546
0.0861564 0.0421677
0.0857589 0.0423816
0.085365 0.0425962
0.0849748 0.0428116
0.0845882 0.0430277
0.0842052 0.0432445
0.0838257 0.0434621
0.0834497 0.0436804
0.0830772 0.0438994
0.0827081 0.0441192
0.0823424 0.0443397
0.0819801 0.0445609
0.0816211 0.0447829
0.0812655 0.0450056
0.0809131 0.045229
0.080564 0.0454532
0.0802181 0.0456781
0.0798754 0.0459037
0.0795359 0.0461301
0.0791995 0.0463572
0.0788662 0.046585
0.078536 0.0468136
0.0782089 0.0470429
0.0778847 0.0472729
0.0775636 0.0475036
0.0772454 0.0477351
0.0769302 0.0479673
0.0766179 0.0482003
0.0763084 0.048434
0.0760019 0.0486684
0.0756982 0.0489035
0.0753972 0.0491394
0.0750991 0.049376
0.0748037 0.0496133
0.0745111 0.0498514
0.0742211 0.0500902
0.0739339 0.0503297
0.0736493 0.05057
0.0733673 0.0508109
0.073088 0.0510527
0.0728112 0.0512951
0.072537 0.0515383
0.0722654 0.0517822
0.0719962 0.0520269
0.0717296 0.0522723
0.0714654 0.0525184
0.0712037 0.0527653
0.0709444 0.0530129
0.0706876 0.0532612
0.0704331 0.0535102
0.070181 0.05376
0.0699312 0.0540106
0.0696837 0.0542618
0.0694386 0.0545138
0.0691957 0.0547666
0.0689551 0.0550201
0.0687167 0.0552743
0.0684806 0.0555292
0.0682466 0.0557849
0.0680149 0.0560414
0.0677853 0.0562986
0.0675578 0.0565565
0.0673325 0.0568152
0.0671092 0.0570746
0.0668881 0.0573347
0.066669 0.0575956
0.066452 0.0578573
0.066237 0.0581196
0.0660241 0.0583828
0.0658131 0.0586467
0.0656041 0.0589113
0.0653971 0.0591767
0.065192 0.0594428
0.0649889 0.0597097
0.0647877 0.0599773
0.0645883 0.0602457
0.0643909 0.0605149
0.0641953 0.0607848
0.0640016 0.0610555
0.0638097 0.0613269
0.0636196 0.0615991
0.0634313 0.061872
0.0632448 0.0621457
0.0630601 0.0624202
0.0628771 0.0626954
0.0626959 0.0629714
0.0625164 0.0632482
0.0623386 0.0635257
0.0621625 0.063804
0.0619881 0.0640831
0.0618154 0.064363
0.0616443 0.0646436
0.0614749 0.064925
0.0613071 0.0652072
0.0611409 0.0654901
0.0609763 0.0657739
0.0608133 0.0660584
0.0606519 0.0663437
0.060492 0.0666298
0.0603337 0.0669167
0.0601769 0.0672044
0.0600217 0.0674928
0.059868 0.0677821
0.0597157 0.0680721
0.059565 0.068363
0.0594157 0.0686547
0.0592679 0.0689471
0.0591216 0.0692404
0.0589767 0.0695344
0.0588332 0.0698293
0.0586911 0.070125
0.0585505 0.0704215
0.0584112 0.0707188
0.0582734 0.0710169
0.0581369 0.0713159
0.0580018 0.0716156
0.057868 0.0719162
0.0577356 0.0722176
0.0576045 0.0725199
0.0574747 0.072823
0.0573462 0.0731269
0.0572191 0.0734316
0.0570932 0.0737372
0.0569686 0.0740436
0.0568453 0.0743509
0.0567233 0.074659
0.0566025 0.074968
0.0564829 0.0752778
0.0563646 0.0755885
0.0562475 0.0759
0.0561317 0.0762124
0.056017 0.0765257
0.0559036 0.0768398
0.0557913 0.0771548
0.0556802 0.0774707
0.0555703 0.0777874
0.0554615 0.0781051
0.0553539 0.0784236
0.0552475 0.078743
0.0551422 0.0790633
0.055038 0.0793845
0.054935 0.0797065
0.054833 0.0800295
0.0547322 0.0803534
0.0546325 0.0806782
0.0545338 0.0810039
0.0544363 0.0813305
0.0543398 0.0816581
0.0542444 0.0819865
0.0541501 0.0823159
0.0540568 0.0826462
0.0539645 0.0829775
0.0538734 0.0833096
0.0537832 0.0836428
0.0536941 0.0839768
0.053606 0.0843119
0.0535189 0.0846478
0.0534328 0.0849848
0.0533477 0.0853227
0.0532636 0.0856615
0.0531805 0.0860014
0.0530983 0.0863422
0.0530172 0.0866839
0.052937 0.0870267
0.0528578 0.0873705
0.0527795 0.0877152
0.0527022 0.088061
0.0526259 0.0884077
0.0525504 0.0887555
0.0524759 0.0891043
0.0524024 0.0894541
0.0523297 0.0898049
0.052258 0.0901567
0.0521872 0.0905096
0.0521173 0.0908635
0.0520483 0.0912185
0.0519801 0.0915745
0.0519129 0.0919315
0.0518466 0.0922896
0.0517811 0.0926488
0.0517165 0.0930091
0.0516528 0.0933704
0.05159 0.0937328
0.051528 0.0940963
0.0514668 0.0944609
0.0514065 0.0948266
0.0513471 0.0951934
0.0512885 0.0955613
0.0512307 0.0959303
0.0511738 0.0963004
0.0511177 0.0966717
0.0510624 0.0970441
0.0510079 0.0974176
0.0509543 0.0977923
0.0509015 0.0981682
0.0508494 0.0985452
0.0507982 0.0989233
0.0507478 0.0993027
0.0506981 0.0996832
0.0506493 0.100065
0.0506012 0.100448
0.050554 0.100832
0.0505075 0.101217
0.0504618 0.101604
0.0504168 0.101992
0.0503726 0.102381
0.0503292 0.102771
0.0502866 0.103162
0.0502447 0.103555
0.0502036 0.103949
0.0501632 0.104344
0.0501235 0.104741
0.0500846 0.105138
0.0500465 0.105538
0.0500091 0.105938
0.0499724 0.10634
0.0499365 0.106743
0.0499013 0.107147
0.0498668 0.107553
0.049833 0.10796
0.0498 0.108368
0.0497677 0.108778
0.0497361 0.109189
0.0497052 0.109601
0.049675 0.110015
0.0496456 0.11043
0.0496168 0.110847
0.0495887 0.111265
0.0495614 0.111684
0.0495347 0.112105
0.0495088 0.112528
0.0494835 0.112952
0.0494589 0.113377
0.0494351 0.113803
0.0494119 0.114232
0.0493894 0.114661
0.0493676 0.115093
0.0493464 0.115525
0.049326 0.115959
0.0493062 0.116395
0.0492871 0.116832
0.0492686 0.117271
0.0492509 0.117712
0.0492338 0.118154
0.0492174 0.118597
0.0492016 0.119042
0.0491866 0.119489
0.0491721 0.119937
0.0491584 0.120387
0.0491453 0.120839
0.0491329 0.121292
0.0491211 0.121747
0.04911 0.122204
0.0490995 0.122662
0.0490897 0.123122
0.0490806 0.123584
0.0490721 0.124047
0.0490643 0.124513
0.0490571 0.12498
0.0490506 0.125448
0.0490447 0.125919
0.0490394 0.126391
0.0490349 0.126865
0.0490309 0.127341
0.0490276 0.127819
0.049025 0.128298
0.049023 0.12878
0.0490216 0.129263
0.0490209 0.129748
0.0490208 0.130235
0.0490214 0.130725
0.0490226 0.131215
0.0490245 0.131708
0.049027 0.132203
0.0490301 0.1327
0.0490339 0.133199
0.0490383 0.1337
0.0490434 0.134203
0.0490491 0.134708
0.0490555 0.135215
0.0490625 0.135724
0.0490701 0.136235
0.0490784 0.136748
0.0490873 0.137263
0.0490968 0.137781
0.049107 0.1383
0.0491179 0.138822
0.0491293 0.139346
0.0491415 0.139872
0.0491542 0.140401
0.0491676 0.140932
0.0491817 0.141465
0.0491964 0.142
0.0492117 0.142537
0.0492277 0.143077
0.0492444 0.143619
0.0492617 0.144164
0.0492796 0.144711
0.0492982 0.14526
0.0493174 0.145812
0.0493373 0.146366
0.0493578 0.146923
0.049379 0.147482
0.0494009 0.148044
0.0494234 0.148608
0.0494465 0.149174
0.0494703 0.149744
0.0494948 0.150316
0.0495199 0.15089
0.0495457 0.151467
0.0495722 0.152047
0.0495993 0.152629
0.0496271 0.153214
0.0496556 0.153802
0.0496847 0.154393
0.0497145 0.154986
0.049745 0.155582
0.0497761 0.156181
0.0498079 0.156783
0.0498405 0.157388
0.0498736 0.157996
0.0499075 0.158606
0.0499421 0.15922
0.0499773 0.159836
0.0500133 0.160456
0.0500499 0.161078
0.0500872 0.161704
0.0501253 0.162332
0.050164 0.162964
0.0502034 0.163599
0.0502435 0.164237
0.0502844 0.164878
0.0503259 0.165523
0.0503682 0.16617
0.0504112 0.166822
0.0504549 0.167476
0.0504993 0.168134
0.0505445 0.168795
0.0505904 0.169459
0.050637 0.170127
0.0506844 0.170799
0.0507325 0.171473
0.0507813 0.172152
0.0508309 0.172834
0.0508812 0.17352
0.0509323 0.174209
0.0509842 0.174902
0.0510368 0.175599
0.0510902 0.176299
0.0511443 0.177003
0.0511992 0.177711
0.0512549 0.178423
0.0513114 0.179139
0.0513687 0.179859
0.0514268 0.180583
0.0514857 0.18131
0.0515453 0.182042
0.0516058 0.182778
0.0516671 0.183518
0.0517292 0.184262
0.0517921 0.18501
0.0518559 0.185763
0.0519204 0.18652
0.0519859 0.187281
0.0520521 0.188047
0.0521192 0.188817
0.0521872 0.189591
0.052256 0.19037
0.0523257 0.191154
0.0523963 0.191942
0.0524677 0.192735
0.0525401 0.193533
0.0526133 0.194335
0.0526874 0.195142
0.0527624 0.195954
0.0528383 0.196771
0.0529152 0.197592
0.052993 0.198419
0.0530716 0.199251
0.0531513 0.200088
0.0532319 0.20093
0.0533134 0.201777
0.0533959 0.20263
0.0534794 0.203487
0.0535638 0.204351
0.0536492 0.205219
0.0537356 0.206093
0.0538231 0.206973
0.0539115 0.207858
0.0540009 0.208749
0.0540914 0.209646
0.0541829 0.210548
0.0542754 0.211456
0.054369 0.21237
0.0544637 0.21329
0.0545594 0.214216
0.0546562 0.215149
0.0547541 0.216087
0.0548531 0.217031
0.0549532 0.217982
0.0550545 0.218939
0.0551569 0.219903
0.0552604 0.220873
0.055365 0.22185
0.0554709 0.222833
0.0555779 0.223823
0.0556861 0.22482
0.0557954 0.225823
0.0559061 0.226834
0.0560179 0.227851
0.0561309 0.228876
0.0562452 0.229908
0.0563608 0.230947
0.0564777 0.231993
0.0565958 0.233047
0.0567152 0.234108
0.056836 0.235177
0.056958 0.236253
0.0570814 0.237338
0.0572062 0.23843
0.0573323 0.23953
0.0574599 0.240638
0.0575888 0.241753
0.0577191 0.242878
0.0578509 0.24401
0.0579841 0.245151
0.0581188 0.2463
0.0582549 0.247458
0.0583926 0.248624
0.0585318 0.2498
0.0586725 0.250984
0.0588147 0.252177
0.0589585 0.253379
0.0591039 0.25459
0.0592509 0.25581
0.0593996 0.25704
0.0595498 0.258279
0.0597018 0.259528
0.0598554 0.260787
0.0600107 0.262055
0.0601678 0.263333
0.0603265 0.264622
0.0604871 0.26592
0.0606494 0.267229
0.0608136 0.268548
0.0609796 0.269877
0.0611474 0.271217
0.0613171 0.272568
0.0614888 0.27393
0.0616623 0.275303
0.0618378 0.276686
0.0620153 0.278081
0.0621948 0.279488
0.0623763 0.280905
0.0625599 0.282335
0.0627455 0.283776
0.0629333 0.285229
0.0631232 0.286694
0.0633153 0.288172
0.0635095 0.289661
0.063706 0.291163
0.0639048 0.292678
0.0641059 0.294205
0.0643092 0.295746
0.064515 0.297299
0.0647231 0.298866
0.0649336 0.300445
0.0651466 0.302039
0.0653621 0.303645
0.06558 0.305266
0.0658006 0.306901
0.0660237 0.308549
0.0662495 0.310212
0.066478 0.31189
0.0667091 0.313582
0.0669431 0.315288
0.0671798 0.31701
0.0674193 0.318747
0.0676617 0.320498
0.067907 0.322266
0.0681553 0.324049
0.0684066 0.325847
0.0686609 0.327662
0.0689183 0.329492
0.0691789 0.331339
0.0694426 0.333203
0.0697096 0.335082
0.0699799 0.336979
0.0702535 0.338893
0.0705305 0.340824
0.0708109 0.342772
0.0710949 0.344738
0.0713823 0.346721
0.0716734 0.348722
0.0719682 0.350741
0.0722666 0.352779
0.0725689 0.354835
0.072875 0.356909
0.073185 0.359003
0.0734989 0.361115
0.0738169 0.363247
0.0741389 0.365397
0.0744652 0.367568
0.0747956 0.369758
0.0751303 0.371968
0.0754694 0.374198
0.075813 0.376448
0.076161 0.378719
0.0765136 0.38101
0.0768709 0.383322
0.0772329 0.385655
0.0775997 0.388009
0.0779715 0.390385
0.0783482 0.392782
0.0787299 0.3952
0.0791168 0.397641
0.0795089 0.400103
0.0799064 0.402588
0.0803092 0.405095
0.0807176 0.407624
0.0811315 0.410176
0.0815512 0.412751
0.0819766 0.415349
0.0824079 0.417969
0.0828452 0.420613
0.0832886 0.423281
0.0837381 0.425971
0.084194 0.428685
0.0846563 0.431423
0.0851251 0.434185
0.0856005 0.436971
0.0860827 0.43978
0.0865717 0.442614
0.0870677 0.445471
0.0875708 0.448353
0.0880812 0.45126
0.0885989 0.45419
0.0891241 0.457145
0.0896568 0.460124
0.0901974 0.463128
0.0907458 0.466156
0.0913022 0.469209
0.0918668 0.472286
0.0924396 0.475388
0.093021 0.478514
0.0936109 0.481664
0.0942095 0.484839
0.094817 0.488037
0.0954336 0.49126
0.0960593 0.494507
0.0966945 0.497778
0.0973391 0.501073
0.0979935 0.504392
0.0986577 0.507733
0.0993319 0.511099
0.100016 0.514487
0.100711 0.517898
0.101416 0.521332
0.102133 0.524789
0.10286 0.528267
0.103598 0.531767
0.104347 0.535289
0.105108 0.538833
0.10588 0.542397
0.106665 0.545981
0.107461 0.549586
0.10827 0.55321
0.109091 0.556854
0.109925 0.560516
0.110772 0.564197
0.111632 0.567895
0.112505 0.571611
0.113392 0.575343
0.114293 0.579092
0.115207 0.582856
0.116136 0.586636
0.117079 0.590429
0.118037 0.594236
0.119009 0.598056
0.119997 0.601889
0.121 0.605733
0.122019 0.609587
0.123054 0.613452
0.124104 0.617326
0.125171 0.621208
0.126255 0.625098
0.127355 0.628995
0.128472 0.632897
0.129607 0.636805
0.130759 0.640716
0.131929 0.644631
0.133117 0.648547
0.134323 0.652465
0.135548 0.656383
0.136791 0.660301
0.138054 0.664217
0.139336 0.66813
0.140637 0.672039
0.141958 0.675943
0.1433 0.679842
0.144661 0.683734
0.146043 0.687618
0.147446 0.691493
0.14887 0.695358
0.150315 0.699212
0.151782 0.703055
0.15327 0.706884
0.154781 0.710699
0.156313 0.714499
0.157869 0.718282
0.159447 0.722049
0.161048 0.725797
0.162672 0.729527
0.16432 0.733236
0.165991 0.736924
0.167686 0.74059
0.169406 0.744233
0.171149 0.747852
0.172918 0.751446
0.174711 0.755015
0.176529 0.758557
0.178372 0.762072
0.180241 0.765559
0.182135 0.769017
0.184055 0.772445
0.186001 0.775843
0.187973 0.77921
0.189972 0.782545
0.191997 0.785848
0.194048 0.789117
0.196127 0.792354
0.198232 0.795556
0.200365 0.798723
0.202525 0.801856
0.204712 0.804952
0.206927 0.808013
0.209169 0.811038
0.211439 0.814026
0.213738 0.816976
0.216064 0.81989
0.218418 0.822766
0.220801 0.825604
0.223212 0.828404
0.225651 0.831166
0.228118 0.833889
0.230614 0.836574
0.233139 0.839221
0.235692 0.841829
0.238274 0.844398
0.240885 0.846929
0.243524 0.849422
0.246192 0.851876
0.248889 0.854291
0.251615 0.856668
0.254369 0.859007
0.257152 0.861308
0.259964 0.863571
0.262804 0.865797
0.265673 0.867985
0.26857 0.870136
0.271496 0.87225
0.274451 0.874327
0.277433 0.876368
0.280444 0.878373
0.283484 0.880342
0.286551 0.882275
0.289646 0.884174
0.292769 0.886037
0.29592 0.887866
0.299098 0.889662
0.302303 0.891423
0.305536 0.893152
0.308796 0.894847
0.312082 0.89651
0.315396 0.898141
0.318735 0.899741
0.322101 0.901309
0.325493 0.902847
0.328911 0.904354
0.332354 0.905831
0.335823 0.907279
0.339316 0.908698
0.342835 0.910088
0.346377 0.911451
0.349944 0.912785
0.353535 0.914093
0.357149 0.915373
0.360786 0.916627
0.364446 0.917856
0.368129 0.919059
0.371834 0.920236
0.37556 0.921389
0.379308 0.922518
0.383077 0.923624
0.386866 0.924706
0.390675 0.925765
0.394504 0.926801
0.398353 0.927816
0.40222 0.928809
0.406105 0.92978
0.410009 0.930731
0.413929 0.931661
0.417867 0.932571
0.421821 0.933462
0.425791 0.934333
0.429776 0.935185
0.433776 0.936019
0.43779 0.936835
0.441819 0.937632
0.44586 0.938412
0.449914 0.939175
0.453979 0.939922
0.458057 0.940651
0.462145 0.941365
0.466243 0.942063
0.470351 0.942745
0.474468 0.943412
0.478593 0.944065
0.482726 0.944702
0.486867 0.945326
0.491013 0.945935
0.495166 0.946531
0.499323 0.947113
0.503485 0.947683
0.507651 0.948239
0.51182 0.948783
0.515992 0.949314
0.520165 0.949834
0.524339 0.950341
0.528514 0.950837
0.532688 0.951322
0.536862 0.951796
0.541033 0.952258
0.545203 0.95271
0.549369 0.953152
0.553532 0.953583
0.55769 0.954005
0.561843 0.954416
0.56599 0.954818
0.57013 0.955211
0.574263 0.955594
0.578389 0.955968
0.582505 0.956334
0.586612 0.956691
0.59071 0.957039
0.594797 0.95738
0.598872 0.957712
0.602935 0.958036
0.606986 0.958352
0.611023 0.958661
0.615047 0.958962
0.619056 0.959256
0.623049 0.959543
0.627027 0.959822
0.630989 0.960095
0.634933 0.960361
0.63886 0.960621
0.642768 0.960874
0.646658 0.96112
0.650528 0.961361
0.654379 0.961595
0.658209 0.961824
0.662018 0.962046
0.665805 0.962263
0.669571 0.962475
0.673314 0.96268
0.677034 0.962881
0.680731 0.963076
0.684404 0.963266
0.688052 0.963451
0.691676 0.963631
0.695275 0.963806
0.698848 0.963976
0.702396 0.964142
0.705917 0.964303
0.709411 0.96446
0.712879 0.964612
0.716319 0.964759
0.719732 0.964903
0.723117 0.965043
0.726473 0.965178
0.729802 0.965309
0.733101 0.965437
0.736372 0.96556
0.739614 0.96568
0.742827 0.965796
0.74601 0.965909
0.749163 0.966018
0.752287 0.966123
0.755381 0.966225
0.758445 0.966324
0.761478 0.96642
0.764482 0.966512
0.767455 0.966601
0.770398 0.966687
0.77331 0.96677
0.776191 0.96685
0.779043 0.966927
0.781863 0.967001
0.784653 0.967072
0.787413 0.967141
0.790142 0.967207
0.79284 0.96727
0.795508 0.96733
0.798146 0.967388
0.800753 0.967444
0.80333 0.967497
0.805877 0.967547
0.808394 0.967595
0.810881 0.967641
0.813338 0.967685
0.815765 0.967726
0.818162 0.967765
0.820531 0.967802
0.822869 0.967837
0.825179 0.967869
0.827459 0.9679
0.829711 0.967929
0.831934 0.967955
0.834129 0.96798
0.836295 0.968003
0.838433 0.968023
0.840543 0.968043
0.842626 0.96806
0.844681 0.968075
0.846709 0.968089
0.84871 0.968101
0.850684 0.968111
0.852631 0.96812
0.854552 0.968127
0.856447 0.968133
0.858316 0.968136
0.860159 0.968139
0.861977 0.96814
0.86377 0.968139
0.865538 0.968137
0.867282 0.968134
0.869001 0.968129
0.870696 0.968122
0.872367 0.968115
0.874014 0.968106
0.875638 0.968095
0.877239 0.968084
0.878817 0.968071
0.880373 0.968057
0.881906 0.968042
0.883417 0.968025
0.884907 0.968008
0.886375 0.967989
0.887821 0.967969
0.889247 0.967948
0.890652 0.967926
0.892037 0.967902
0.893401 0.967878
0.894745 0.967853
0.89607 0.967826
0.897375 0.967799
0.898662 0.967771
0.899929 0.967741
0.901177 0.967711
0.902407 0.96768
0.903619 0.967648
0.904813 0.967615
0.90599 0.967581
0.907149 0.967546
0.90829 0.96751
0.909415 0.967474
0.910523 0.967436
0.911615 0.967398
0.91269 0.967359
0.91375 0.96732
0.914793 0.967279
0.915821 0.967238
0.916834 0.967196
0.917832 0.967153
0.918815 0.967109
0.919783 0.967065
0.920737 0.96702
0.921676 0.966975
0.922602 0.966929
0.923514 0.966882
0.924412 0.966834
0.925296 0.966786
0.926168 0.966737
0.927027 0.966688
0.927872 0.966637
0.928706 0.966587
0.929526 0.966536
0.930335 0.966484
0.931132 0.966431
0.931917 0.966378
0.93269 0.966325
0.933451 0.966271
0.934202 0.966216
0.934941 0.966161
0.935669 0.966105
0.936387 0.966049
0.937094 0.965993
0.93779 0.965936
0.938477 0.965878
0.939153 0.96582
0.939819 0.965761
0.940475 0.965702
0.941122 0.965643
0.941759 0.965583
0.942387 0.965523
0.943006 0.965462
0.943615 0.965401
0.944216 0.96534
0.944808 0.965278
0.945392 0.965215
0.945966 0.965153
0.946533 0.965089
0.947091 0.965026
0.947642 0.964962
0.948184 0.964898
0.948718 0.964833
0.949245 0.964768
0.949764 0.964703
0.950276 0.964638
0.95078 0.964572
0.951277 0.964505
0.951767 0.964439
0.95225 0.964372
0.952727 0.964305
0.953196 0.964237
0.953659 0.964169
0.954115 0.964101
0.954564 0.964033
0.955008 0.963964
0.955445 0.963895
0.955875 0.963826
0.9563 0.963757
0.956719 0.963687
0.957132 0.963617
0.957539 0.963547
0.957941 0.963476
0.958337 0.963405
0.958727 0.963335
0.959112 0.963263
0.959492 0.963192
0.959866 0.96312
0.960235 0.963048
0.9606 0.962976
0.960959 0.962904
0.961313 0.962831
0.961662 0.962759
0.962007 0.962686
0.962347 0.962613
0.962682 0.962539
0.963013 0.962466
0.963339 0.962392
0.963661 0.962318
0.963979 0.962244
0.964292 0.96217
0.964601 0.962095
0.964906 0.962021
0.965206 0.961946
0.965503 0.961871
0.965796 0.961796
0.966085 0.961721
0.96637 0.961646
0.966651 0.96157
0.966929 0.961494
0.967203 0.961419
0.967473 0.961343
0.96774 0.961267
0.968004 0.96119
0.968263 0.961114
0.96852 0.961037
0.968773 0.960961
0.969023 0.960884
0.96927 0.960807
0.969513 0.96073
0.969753 0.960653
0.969991 0.960576
0.970225 0.960499
0.970456 0.960421
0.970684 0.960344
0.97091 0.960266
0.971132 0.960189
0.971352 0.960111
0.971569 0.960033
0.971783 0.959955
0.971994 0.959877
0.972203 0.959799
0.972409 0.95972
0.972613 0.959642
0.972814 0.959564
0.973012 0.959485
0.973208 0.959407
0.973402 0.959328
0.973593 0.959249
0.973782 0.959171
0.973969 0.959092
0.974153 0.959013
0.974335 0.958934
0.974515 0.958855
0.974692 0.958776
0.974868 0.958697
0.975041 0.958617
0.975212 0.958538
0.975382 0.958459
0.975549 0.958379
0.975714 0.9583
0.975877 0.95822
0.976038 0.958141
0.976197 0.958061
0.976355 0.957982
0.97651 0.957902
0.976664 0.957822
0.976816 0.957743
0.976966 0.957663
0.977114 0.957583
0.977261 0.957503
0.977405 0.957424
0.977548 0.957344
0.97769 0.957264
0.97783 0.957184
0.977968 0.957104
0.978104 0.957024
0.978239 0.956944
0.978373 0.956864
0.978505 0.956784
0.978635 0.956704
0.978764 0.956624
0.978891 0.956544
0.979017 0.956463
0.979142 0.956383
0.979265 0.956303
0.979387 0.956223
0.979507 0.956143
0.979626 0.956063
0.979744 0.955983
0.97986 0.955902
0.979975 0.955822
0.980089 0.955742
0.980201 0.955662
0.980313 0.955582
0.980423 0.955502
0.980531 0.955421
0.980639 0.955341
0.980745 0.955261
0.980851 0.955181
0.980955 0.955101
0.981058 0.955021
0.981159 0.95494
0.98126 0.95486
0.98136 0.95478
0.981458 0.9547
0.981556 0.95462
0.981652 0.95454
0.981748 0.95446
0.981842 0.95438
0.981935 0.9543
0.982028 0.954219
0.982119 0.954139
0.982209 0.954059
0.982299 0.953979
0.982387 0.9539
0.982475 0.95382
0.982561 0.95374
0.982647 0.95366
0.982732 0.95358
0.982816 0.9535
0.982899 0.95342
0.982981 0.95334
0.983062 0.953261
0.983142 0.953181
0.983222 0.953101
0.983301 0.953021
0.983379 0.952942
0.983456 0.952862
0.983532 0.952782
0.983608 0.952703
0.983683 0.952623
0.983757 0.952544
0.98383 0.952464
0.983902 0.952385
0.983974 0.952306
0.984045 0.952226
0.984116 0.952147
0.984185 0.952068
0.984254 0.951988
0.984322 0.951909
0.98439 0.95183
0.984457 0.951751
0.984523 0.951672
0.984588 0.951592
0.984653 0.951513
0.984717 0.951434
0.984781 0.951356
0.984844 0.951277
0.984906 0.951198
0.984968 0.951119
0.985029 0.95104
0.98509 0.950961
0.98515 0.950883
0.985209 0.950804
0.985268 0.950726
0.985326 0.950647
0.985383 0.950568
0.98544 0.95049
0.985497 0.950412
0.985553 0.950333
0.985608 0.950255
0.985663 0.950177
0.985717 0.950098
0.985771 0.95002
0.985824 0.949942
0.985877 0.949864
0.985929 0.949786
0.985981 0.949708
0.986033 0.94963
0.986083 0.949552
0.986134 0.949475
0.986183 0.949397
0.986233 0.949319
0.986282 0.949242
0.98633 0.949164
0.986378 0.949086
0.986426 0.949009
0.986473 0.948932
0.986519 0.948854
0.986565 0.948777
0.986611 0.9487
0.986656 0.948622
0.986701 0.948545
0.986746 0.948468
0.98679 0.948391
0.986834 0.948314
0.986877 0.948237
0.98692 0.948161
0.986962 0.948084
0.987004 0.948007
0.987046 0.94793
0.987087 0.947854
0.987128 0.947777
0.987169 0.947701
0.987209 0.947624
0.987249 0.947548
0.987288 0.947472
0.987327 0.947395
0.987366 0.947319
0.987404 0.947243
0.987442 0.947167
0.98748 0.947091
0.987517 0.947015
0.987554 0.946939
0.987591 0.946864
0.987627 0.946788
0.987663 0.946712
0.987699 0.946637
0.987734 0.946561
0.987769 0.946486
0.987804 0.94641
0.987839 0.946335
0.987873 0.94626
0.987907 0.946184
0.98794 0.946109
0.987973 0.946034
0.988006 0.945959
0.988039 0.945884
0.988071 0.945809
0.988103 0.945734
0.988135 0.94566
0.988167 0.945585
0.988198 0.94551
0.988229 0.945436
0.988259 0.945361
0.98829 0.945287
0.98832 0.945213
0.98835 0.945138
0.988379 0.945064
0.988409 0.94499
0.988438 0.944916
0.988467 0.944842
0.988495 0.944768
0.988524 0.944694
0.988552 0.94462
0.98858 0.944547
0.988607 0.944473
0.988635 0.944399
0.988662 0.944326
0.988689 0.944252
0.988715 0.944179
0.988742 0.944106
0.988768 0.944032
0.988794 0.943959
0.98882 0.943886
0.988845 0.943813
0.988871 0.94374
0.988896 0.943667
0.988921 0.943594
0.988945 0.943522
0.98897 0.943449
0.988994 0.943376
0.989018 0.943304
0.989042 0.943231
0.989066 0.943159
0.989089 0.943087
0.989112 0.943014
0.989135 0.942942
0.989158 0.94287
0.989181 0.942798
0.989203 0.942726
0.989226 0.942654
0.989248 0.942582
0.98927 0.942511
0.989292 0.942439
0.989313 0.942367
0.989334 0.942296
0.989356 0.942224
0.989377 0.942153
0.989397 0.942082
0.989418 0.94201
0.989439 0.941939
0.989459 0.941868
0.989479 0.941797
0.989499 0.941726
0.989519 0.941655
0.989538 0.941585
0.989558 0.941514
0.989577 0.941443
0.989596 0.941373
0.989615 0.941302
0.989634 0.941232
0.989653 0.941161
0.989671 0.941091
0.98969 0.941021
0.989708 0.94095
0.989726 0.94088
0.989744 0.94081
0.989762 0.94074
0.989779 0.940671
0.989797 0.940601
0.989814 0.940531
0.989831 0.940461
0.989848 0.940392
0.989865 0.940322
0.989882 0.940253
0.989899 0.940184
0.989915 0.940114
0.989932 0.940045
0.989948 0.939976
0.989964 0.939907
0.98998 0.939838
0.989996 0.939769
0.990011 0.9397
0.990027 0.939631
0.990042 0.939563
0.990058 0.939494
0.990073 0.939425
0.990088 0.939357
0.990103 0.939289
0.990118 0.93922
0.990132 0.939152
0.990147 0.939084
0.990161 0.939016
0.990176 0.938948
0.99019 0.93888
0.990204 0.938812
0.990218 0.938744
0.990232 0.938676
0.990246 0.938608
0.990259 0.938541
0.990273 0.938473
0.990286 0.938406
0.9903 0.938338
0.990313 0.938271
0.990326 0.938204
0.990339 0.938137
0.990352 0.93807
0.990364 0.938003
0.990377 0.937936
0.99039 0.937869
0.990402 0.937802
0.990415 0.937735
0.990427 0.937669
0.990439 0.937602
0.990451 0.937535
0.990463 0.937469
0.990475 0.937403
0.990487 0.937336
0.990498 0.93727
0.99051 0.937204
0.990521 0.937138
0.990533 0.937072
0.990544 0.937006
0.990555 0.93694
0.990566 0.936874
0.990577 0.936809
0.990588 0.936743
0.990599 0.936677
0.99061 0.936612
0.990621 0.936546
0.990631 0.936481
0.990642 0.936416
0.990652 0.93635
0.990662 0.936285
0.990673 0.93622
0.990683 0.936155
0.990693 0.93609
0.990703 0.936025
0.990713 0.935961
0.990722 0.935896
0.990732 0.935831
0.990742 0.935767
0.990751 0.935702
0.990761 0.935638
0.99077 0.935573
0.99078 0.935509
0.990789 0.935445
0.990798 0.935381
0.990807 0.935317
0.990816 0.935252
0.990825 0.935189
0.990834 0.935125
0.990843 0.935061
0.990852 0.934997
0.99086 0.934933
0.990869 0.93487
0.990877 0.934806
0.990886 0.934743
0.990894 0.934679
0.990903 0.934616
0.990911 0.934553
0.990919 0.93449
0.990927 0.934427
0.990935 0.934364
0.990943 0.934301
0.990951 0.934238
0.990959 0.934175
0.990967 0.934112
0.990974 0.934049
0.990982 0.933987
0.99099 0.933924
0.990997 0.933862
0.991005 0.933799
0.991012 0.933737
0.991019 0.933675
0.991027 0.933613
0.991034 0.93355
0.991041 0.933488
0.991048 0.933426
0.991055 0.933364
0.991062 0.933303
0.991069 0.933241
0.991076 0.933179
0.991083 0.933117
0.991089 0.933056
0.991096 0.932994
0.991103 0.932933
0.991109 0.932871
0.991116 0.93281
0.991122 0.932749
0.991129 0.932688
0.991135 0.932627
0.991141 0.932566
0.991147 0.932505
0.991154 0.932444
0.99116 0.932383
0.991166 0.932322
0.991172 0.932261
0.991178 0.932201
0.991184 0.93214
0.99119 0.93208
0.991195 0.932019
0.991201 0.931959
0.991207 0.931898
0.991213 0.931838
0.991218 0.931778
0.991224 0.931718
0.991229 0.931658
0.991235 0.931598
0.99124 0.931538
0.991246 0.931478
0.991251 0.931418
0.991256 0.931359
0.991261 0.931299
0.991267 0.931239
0.991272 0.93118
0.991277 0.93112
0.991282 0.931061
0.991287 0.931002
0.991292 0.930942
0.991297 0.930883
0.991302 0.930824
0.991306 0.930765
0.991311 0.930706
0.991316 0.930647
0.991321 0.930588
0.991325 0.930529
0.99133 0.930471
0.991334 0.930412
0.991339 0.930353
0.991343 0.930295
0.991348 0.930236
0.991352 0.930178
0.991357 0.93012
0.991361 0.930061
0.991365 0.930003
0.99137 0.929945
0.991374 0.929887
0.991378 0.929829
0.991382 0.929771
0.991386 0.929713
0.99139 0.929655
0.991394 0.929597
0.991398 0.92954
0.991402 0.929482
0.991406 0.929424
0.99141 0.929367
0.991414 0.929309
0.991417 0.929252
0.991421 0.929195
0.991425 0.929137
0.991429 0.92908
0.991432 0.929023
0.991436 0.928966
0.991439 0.928909
0.991443 0.928852
0.991446 0.928795
0.99145 0.928738
0.991453 0.928681
0.991457 0.928625
0.99146 0.928568
0.991463 0.928511
0.991467 0.928455
0.99147 0.928398
0.991473 0.928342
0.991476 0.928285
0.99148 0.928229
0.991483 0.928173
0.991486 0.928117
0.991489 0.928061
0.991492 0.928005
0.991495 0.927949
0.991498 0.927893
0.991501 0.927837
0.991504 0.927781
0.991507 0.927725
0.99151 0.92767
0.991512 0.927614
0.991515 0.927558
0.991518 0.927503
0.991521 0.927447
0.991524 0.927392
0.991526 0.927337
0.991529 0.927281
0.991531 0.927226
0.991534 0.927171
0.991537 0.927116
0.991539 0.927061
0.991542 0.927006
0.991544 0.926951
0.991547 0.926896
0.991549 0.926841
0.991552 0.926786
0.991554 0.926732
0.991556 0.926677
0.991559 0.926623
0.991561 0.926568
0.991563 0.926514
0.991565 0.926459
0.991568 0.926405
0.99157 0.926351
0.991572 0.926296
0.991574 0.926242
0.991576 0.926188
0.991578 0.926134
0.99158 0.92608
0.991582 0.926026
0.991584 0.925972
0.991586 0.925918
0.991588 0.925865
0.99159 0.925811
0.991592 0.925757
0.991594 0.925704
0.991596 0.92565
0.991598 0.925597
0.9916 0.925543
0.991602 0.92549
0.991603 0.925436
0.991605 0.925383
0.991607 0.92533
0.991609 0.925277
0.99161 0.925224
0.991612 0.925171
0.991614 0.925118
0.991615 0.925065
0.991617 0.925012
0.991618 0.924959
0.99162 0.924906
0.991622 0.924854
0.991623 0.924801
0.991625 0.924748
0.991626 0.924696
0.991628 0.924643
0.991629 0.924591
0.99163 0.924538
0.991632 0.924486
0.991633 0.924434
0.991635 0.924382
0.991636 0.924329
0.991637 0.924277
0.991638 0.924225
0.99164 0.924173
0.991641 0.924121
0.991642 0.924069
0.991643 0.924018
0.991645 0.923966
0.991646 0.923914
0.991647 0.923862
0.991648 0.923811
0.991649 0.923759
0.99165 0.923708
0.991651 0.923656
0.991653 0.923605
0.991654 0.923553
0.991655 0.923502
0.991656 0.923451
0.991657 0.9234
0.991658 0.923348
0.991659 0.923297
0.99166 0.923246
0.99166 0.923195
0.991661 0.923144
0.991662 0.923093
0.991663 0.923043
0.991664 0.922992
0.991665 0.922941
0.991666 0.92289
0.991667 0.92284
0.991667 0.922789
0.991668 0.922739
0.991669 0.922688
0.99167 0.922638
0.99167 0.922587
0.991671 0.922537
0.991672 0.922487
0.991672 0.922436
0.991673 0.922386
0.991674 0.922336
0.991674 0.922286
0.991675 0.922236
0.991676 0.922186
0.991676 0.922136
0.991677 0.922086
0.991677 0.922036
0.991678 0.921986
0.991678 0.921937
0.991679 0.921887
0.991679 0.921837
0.99168 0.921788
0.99168 0.921738
0.991681 0.921689
0.991681 0.921639
0.991682 0.92159
0.991682 0.921541
0.991683 0.921491
0.991683 0.921442
0.991683 0.921393
0.991684 0.921344
0.991684 0.921295
0.991684 0.921246
0.991685 0.921197
0.991685 0.921148
0.991685 0.921099
0.991686 0.92105
0.991686 0.921001
0.991686 0.920952
0.991686 0.920904
0.991687 0.920855
0.991687 0.920806
0.991687 0.920758
0.991687 0.920709
0.991687 0.920661
0.991688 0.920612
0.991688 0.920564
0.991688 0.920516
0.991688 0.920467
0.991688 0.920419
0.991688 0.920371
0.991688 0.920323
0.991689 0.920275
0.991689 0.920226
0.991689 0.920178
0.991689 0.92013
0.991689 0.920083
0.991689 0.920035
0.991689 0.919987
0.991689 0.919939
0.991689 0.919891
0.991689 0.919844
0.991689 0.919796
0.991689 0.919748
0.991689 0.919701
0.991689 0.919653
0.991689 0.919606
0.991688 0.919558
0.991688 0.919511
0.991688 0.919464
0.991688 0.919416
0.991688 0.919369
0.991688 0.919322
0.991688 0.919275
0.991688 0.919228
0.991687 0.919181
0.991687 0.919134
0.991687 0.919087
0.991687 0.91904
0.991687 0.918993
0.991686 0.918946
0.991686 0.918899
0.991686 0.918852
0.991686 0.918806
0.991686 0.918759
0.991685 0.918712
0.991685 0.918666
0.991685 0.918619
0.991684 0.918573
0.991684 0.918526
0.991684 0.91848
0.991683 0.918434
0.991683 0.918387
0.991683 0.918341
0.991682 0.918295
0.991682 0.918249
0.991682 0.918202
0.991681 0.918156
0.991681 0.91811
0.991681 0.918064
0.99168 0.918018
0.99168 0.917972
0.991679 0.917926
0.991679 0.917881
0.991679 0.917835
0.991678 0.917789
0.991678 0.917743
0.991677 0.917697
0.991677 0.917652
0.991676 0.917606
0.991676 0.917561
0.991675 0.917515
0.991675 0.91747
0.991674 0.917424
0.991674 0.917379
0.991673 0.917333
0.991673 0.917288
0.991672 0.917243
0.991672 0.917198
0.991671 0.917152
0.991671 0.917107
0.99167 0.917062
0.991669 0.917017
0.991669 0.916972
0.991668 0.916927
0.991668 0.916882
0.991667 0.916837
0.991666 0.916792
0.991666 0.916747
0.991665 0.916703
0.991665 0.916658
0.991664 0.916613
0.991663 0.916569
0.991663 0.916524
0.991662 0.916479
0.991661 0.916435
0.991661 0.91639
0.99166 0.916346
0.991659 0.916301
0.991659 0.916257
0.991658 0.916213
0.991657 0.916168
0.991656 0.916124
0.991656 0.91608
0.991655 0.916036
0.991654 0.915991
0.991654 0.915947
0.991653 0.915903
0.991652 0.915859
0.991651 0.915815
0.99165 0.915771
0.99165 0.915727
0.991649 0.915683
0.991648 0.915639
0.991647 0.915596
0.991647 0.915552
0.991646 0.915508
0.991645 0.915464
0.991644 0.915421
0.991643 0.915377
0.991643 0.915333
0.991642 0.91529
0.991641 0.915246
0.99164 0.915203
0.991639 0.915159
0.991638 0.915116
0.991637 0.915073
0.991637 0.915029
0.991636 0.914986
0.991635 0.914943
0.991634 0.914899
0.991633 0.914856
0.991632 0.914813
0.991631 0.91477
0.99163 0.914727
0.991629 0.914684
0.991629 0.914641
0.991628 0.914598
0.991627 0.914555
0.991626 0.914512
0.991625 0.914469
0.991624 0.914426
0.991623 0.914383
0.991622 0.914341
0.991621 0.914298
0.99162 0.914255
0.991619 0.914213
0.991618 0.91417
0.991617 0.914127
0.991616 0.914085
0.991615 0.914042
0.991614 0.914
0.991613 0.913957
0.991612 0.913915
0.991611 0.913873
0.99161 0.91383
0.991609 0.913788
0.991608 0.913746
0.991607 0.913703
0.991606 0.913661
0.991605 0.913619
0.991604 0.913577
0.991603 0.913535
0.991602 0.913493
0.991601 0.913451
0.9916 0.913409
0.991599 0.913367
0.991598 0.913325
0.991597 0.913283
0.991596 0.913241
0.991595 0.913199
0.991594 0.913157
0.991593 0.913116
0.991591 0.913074
0.99159 0.913032
0.991589 0.912991
0.991588 0.912949
0.991587 0.912907
0.991586 0.912866
0.991585 0.912824
0.991584 0.912783
0.991583 0.912741
0.991582 0.9127
0.99158 0.912658
0.991579 0.912617
0.991578 0.912576
0.991577 0.912534
0.991576 0.912493
0.991575 0.912452
0.991574 0.912411
0.991572 0.91237
0.991571 0.912328
0.99157 0.912287
0.991569 0.912246
0.991568 0.912205
0.991567 0.912164
0.991565 0.912123
0.991564 0.912082
0.991563 0.912041
0.991562 0.912
0.991561 0.91196
0.99156 0.911919
0.991558 0.911878
0.991557 0.911837
0.991556 0.911796
0.991555 0.911756
0.991554 0.911715
0.991552 0.911674
0.991551 0.911634
0.99155 0.911593
0.991549 0.911553
0.991548 0.911512
0.991546 0.911472
0.991545 0.911431
0.991544 0.911391
0.991543 0.91135
0.991541 0.91131
0.99154 0.91127
0.991539 0.911229
0.991538 0.911189
0.991536 0.911149
0.991535 0.911109
0.991534 0.911068
0.991533 0.911028
0.991531 0.910988
0.99153 0.910948
0.991529 0.910908
0.991528 0.910868
0.991526 0.910828
0.991525 0.910788
0.991524 0.910748
0.991523 0.910708
0.991521 0.910668
0.99152 0.910628
0.991519 0.910589
0.991517 0.910549
0.991516 0.910509
0.991515 0.910469
0.991514 0.910429
0.991512 0.91039
0.991511 0.91035
0.99151 0.91031
0.991508 0.910271
0.991507 0.910231
0.991506 0.910192
0.991504 0.910152
0.991503 0.910113
0.991502 0.910073
0.9915 0.910034
0.991499 0.909994
0.991498 0.909955
0.991496 0.909916
0.991495 0.909876
0.991494 0.909837
0.991493 0.909798
0.991491 0.909759
0.99149 0.909719
0.991488 0.90968
0.991487 0.909641
0.991486 0.909602
0.991484 0.909563
0.991483 0.909524
0.991482 0.909485
0.99148 0.909446
0.991479 0.909407
0.991478 0.909368
0.991476 0.909329
0.991475 0.90929
0.991474 0.909251
0.991472 0.909212
0.991471 0.909173
0.99147 0.909134
0.991468 0.909096
0.991467 0.909057
0.991465 0.909018
0.991464 0.90898
0.991463 0.908941
0.991461 0.908902
0.99146 0.908864
0.991458 0.908825
0.991457 0.908786
0.991456 0.908748
0.991454 0.908709
0.991453 0.908671
0.991452 0.908632
0.99145 0.908594
0.991449 0.908556
0.991447 0.908517
0.991446 0.908479
0.991445 0.90844
0.991443 0.908402
0.991442 0.908364
0.99144 0.908326
0.991439 0.908287
0.991437 0.908249
0.991436 0.908211
0.991435 0.908173
0.991433 0.908135
0.991432 0.908097
0.99143 0.908059
0.991429 0.90802
0.991428 0.907982
0.991426 0.907944
0.991425 0.907906
0.991423 0.907868
0.991422 0.907831
0.99142 0.907793
0.991419 0.907755
0.991418 0.907717
0.991416 0.907679
0.991415 0.907641
0.991413 0.907603
0.991412 0.907566
0.99141 0.907528
0.991409 0.90749
0.991407 0.907452
0.991406 0.907415
0.991405 0.907377
0.991403 0.90734
0.991402 0.907302
0.9914 0.907264
0.991399 0.907227
0.991397 0.907189
0.991396 0.907152
0.991394 0.907114
0.991393 0.907077
0.991392 0.907039
0.99139 0.907002
0.991389 0.906965
0.991387 0.906927
0.991386 0.90689
0.991384 0.906853
0.991383 0.906815
0.991381 0.906778
0.99138 0.906741
0.991378 0.906704
0.991377 0.906666
0.991375 0.906629
0.991374 0.906592
0.991372 0.906555
0.991371 0.906518
0.991369 0.906481
0.991368 0.906444
0.991367 0.906406
0.991365 0.906369
0.991364 0.906332
0.991362 0.906295
0.991361 0.906259
0.991359 0.906222
0.991358 0.906185
0.991356 0.906148
0.991355 0.906111
0.991353 0.906074
0.991352 0.906037
0.99135 0.906
0.991349 0.905964
0.991347 0.905927
0.991346 0.90589
0.991344 0.905853
0.991343 0.905817
0.991341 0.90578
0.99134 0.905743
0.991338 0.905707
0.991337 0.90567
0.991335 0.905634
0.991334 0.905597
0.991332 0.90556
0.991331 0.905524
0.991329 0.905487
0.991328 0.905451
0.991326 0.905414
0.991325 0.905378
0.991323 0.905342
0.991322 0.905305
0.99132 0.905269
0.991319 0.905232
0.991317 0.905196
0.991316 0.90516
0.991314 0.905123
0.991313 0.905087
0.991311 0.905051
0.99131 0.905015
0.991308 0.904978
0.991307 0.904942
0.991305 0.904906
0.991304 0.90487
0.991302 0.904834
0.9913 0.904798
0.991299 0.904761
0.991297 0.904725
0.991296 0.904689
0.991294 0.904653
0.991293 0.904617
0.991291 0.904581
0.99129 0.904545
0.991288 0.904509
0.991287 0.904473
0.991285 0.904437
0.991284 0.904401
0.991282 0.904366
0.991281 0.90433
0.991279 0.904294
0.991278 0.904258
0.991276 0.904222
0.991275 0.904186
0.991273 0.904151
0.991271 0.904115
0.99127 0.904079
0.991268 0.904043
0.991267 0.904008
0.991265 0.903972
0.991264 0.903936
0.991262 0.903901
0.991261 0.903865
0.991259 0.903829
0.991258 0.903794
0.991256 0.903758
0.991255 0.903723
0.991253 0.903687
0.991252 0.903652
0.99125 0.903616
0.991248 0.903581
0.991247 0.903545
0.991245 0.90351
0.991244 0.903474
0.991242 0.903439
0.991241 0.903404
0.991239 0.903368
0.991238 0.903333
0.991236 0.903298
0.991235 0.903262
0.991233 0.903227
0.991231 0.903192
0.99123 0.903156
0.991228 0.903121
0.991227 0.903086
0.991225 0.903051
0.991224 0.903015
0.991222 0.90298
0.991221 0.902945
0.991219 0.90291
0.991217 0.902875
0.991216 0.90284
0.991214 0.902805
0.991213 0.90277
0.991211 0.902734
0.99121 0.902699
0.991208 0.902664
0.991207 0.902629
0.991205 0.902594
0.991204 0.902559
0.991202 0.902524
0.9912 0.902489
0.991199 0.902455
0.991197 0.90242
0.991196 0.902385
0.991194 0.90235
0.991193 0.902315
0.991191 0.90228
0.99119 0.902245
0.991188 0.90221
0.991186 0.902176
0.991185 0.902141
0.991183 0.902106
0.991182 0.902071
0.99118 0.902037
0.991179 0.902002
0.991177 0.901967
0.991175 0.901932
0.991174 0.901898
0.991172 0.901863
0.991171 0.901828
0.991169 0.901794
0.991168 0.901759
0.991166 0.901725
0.991165 0.90169
0.991163 0.901655
0.991161 0.901621
0.99116 0.901586
0.991158 0.901552
0.991157 0.901517
0.991155 0.901483
0.991154 0.901448
0.991152 0.901414
0.99115 0.901379
0.991149 0.901345
0.991147 0.901311
0.991146 0.901276
0.991144 0.901242
0.991143 0.901207
0.991141 0.901173
0.99114 0.901139
0.991138 0.901104
0.991136 0.90107
0.991135 0.901036
0.991133 0.901001
0.991132 0.900967
0.99113 0.900933
0.991129 0.900899
0.991127 0.900864
0.991125 0.90083
0.991124 0.900796
0.991122 0.900762
0.991121 0.900728
0.991119 0.900694
0.991118 0.900659
0.991116 0.900625
0.991114 0.900591
0.991113 0.900557
0.991111 0.900523
0.99111 0.900489
0.991108 0.900455
0.991107 0.900421
0.991105 0.900387
0.991103 0.900353
0.991102 0.900319
0.9911 0.900285
0.991099 0.900251
0.991097 0.900217
0.991096 0.900183
0.991094 0.900149
0.991092 0.900115
0.991091 0.900081
0.991089 0.900047
0.991088 0.900013
0.991086 0.899979
0.991085 0.899945
0.991083 0.899912
0.991081 0.899878
0.99108 0.899844
0.991078 0.89981
0.991077 0.899776
0.991075 0.899742
0.991074 0.899709
0.991072 0.899675
0.99107 0.899641
0.991069 0.899607
0.991067 0.899574
0.991066 0.89954
0.991064 0.899506
0.991063 0.899473
0.991061 0.899439
0.991059 0.899405
0.991058 0.899372
0.991056 0.899338
0.991055 0.899304
0.991053 0.899271
0.991052 0.899237
0.99105 0.899203
0.991048 0.89917
0.991047 0.899136
0.991045 0.899103
0.991044 0.899069
0.991042 0.899036
0.99104 0.899002
0.991039 0.898969
0.991037 0.898935
0.991036 0.898902
0.991034 0.898868
0.991033 0.898835
0.991031 0.898801
0.991029 0.898768
0.991028 0.898734
0.991026 0.898701
0.991025 0.898667
0.991023 0.898634
0.991022 0.898601
0.99102 0.898567
0.991018 0.898534
0.991017 0.898501
0.991015 0.898467
0.991014 0.898434
0.991012 0.898401
0.991011 0.898367
0.991009 0.898334
0.991007 0.898301
0.991006 0.898267
0.991004 0.898234
0.991003 0.898201
0.991001 0.898168
0.991 0.898134
0.990998 0.898101
0.990996 0.898068
0.990995 0.898035
0.990993 0.898001
0.990992 0.897968
0.99099 0.897935
0.990988 0.897902
0.990987 0.897869
0.990985 0.897836
0.990984 0.897802
0.990982 0.897769
0.990981 0.897736
0.990979 0.897703
0.990977 0.89767
0.990976 0.897637
0.990974 0.897604
0.990973 0.897571
0.990971 0.897538
0.99097 0.897505
0.990968 0.897472
0.990966 0.897439
0.990965 0.897406
0.990963 0.897373
0.990962 0.89734
0.99096 0.897307
0.990959 0.897274
0.990957 0.897241
0.990955 0.897208
0.990954 0.897175
0.990952 0.897142
0.990951 0.897109
0.990949 0.897076
0.990947 0.897043
0.990946 0.89701
0.990944 0.896977
0.990943 0.896944
0.990941 0.896911
0.99094 0.896878
0.990938 0.896846
0.990936 0.896813
0.990935 0.89678
0.990933 0.896747
0.990932 0.896714
0.99093 0.896681
0.990929 0.896649
0.990927 0.896616
0.990925 0.896583
0.990924 0.89655
0.990922 0.896517
0.990921 0.896485
0.990919 0.896452
0.990918 0.896419
0.990916 0.896386
0.990914 0.896354
0.990913 0.896321
0.990911 0.896288
0.99091 0.896255
0.990908 0.896223
0.990906 0.89619
0.990905 0.896157
0.990903 0.896125
0.990902 0.896092
0.9909 0.896059
0.990899 0.896027
0.990897 0.895994
0.990895 0.895961
0.990894 0.895929
0.990892 0.895896
0.990891 0.895863
0.990889 0.895831
0.990888 0.895798
0.990886 0.895765
0.990884 0.895733
0.990883 0.8957
0.990881 0.895668
0.99088 0.895635
0.990878 0.895603
0.990877 0.89557
0.990875 0.895537
0.990873 0.895505
0.990872 0.895472
0.99087 0.89544
0.990869 0.895407
0.990867 0.895375
0.990866 0.895342
0.990864 0.89531
0.990862 0.895277
0.990861 0.895245
0.990859 0.895212
0.990858 0.89518
0.990856 0.895147
0.990854 0.895115
0.990853 0.895082
0.990851 0.89505
0.99085 0.895017
0.990848 0.894985
0.990847 0.894953
0.990845 0.89492
0.990843 0.894888
0.990842 0.894855
0.99084 0.894823
0.990839 0.89479
0.990837 0.894758
0.990836 0.894726
0.990834 0.894693
0.990832 0.894661
0.990831 0.894628
0.990829 0.894596
0.990828 0.894564
0.990826 0.894531
0.990825 0.894499
0.990823 0.894467
0.990821 0.894434
0.99082 0.894402
0.990818 0.89437
0.990817 0.894337
0.990815 0.894305
0.990814 0.894273
0.990812 0.89424
0.99081 0.894208
0.990809 0.894176
0.990807 0.894143
0.990806 0.894111
0.990804 0.894079
0.990803 0.894047
0.990801 0.894014
0.990799 0.893982
0.990798 0.89395
0.990796 0.893918
0.990795 0.893885
0.990793 0.893853
0.990791 0.893821
0.99079 0.893789
0.990788 0.893756
0.990787 0.893724
0.990785 0.893692
0.990784 0.89366
0.990782 0.893627
0.99078 0.893595
0.990779 0.893563
0.990777 0.893531
0.990776 0.893499
0.990774 0.893466
0.990773 0.893434
0.990771 0.893402
0.990769 0.89337
0.990768 0.893338
0.990766 0.893305
0.990765 0.893273
0.990763 0.893241
0.990762 0.893209
0.99076 0.893177
0.990758 0.893145
0.990757 0.893113
0.990755 0.89308
0.990754 0.893048
0.990752 0.893016
0.990751 0.892984
0.990749 0.892952
0.990747 0.89292
0.990746 0.892888
0.990744 0.892855
0.990743 0.892823
0.990741 0.892791
0.99074 0.892759
0.990738 0.892727
0.990736 0.892695
0.990735 0.892663
0.990733 0.892631
0.990732 0.892599
0.99073 0.892567
0.990729 0.892534
0.990727 0.892502
0.990725 0.89247
0.990724 0.892438
0.990722 0.892406
0.990721 0.892374
0.990719 0.892342
0.990718 0.89231
0.990716 0.892278
0.990714 0.892246
0.990713 0.892214
0.990711 0.892182
0.99071 0.89215
0.990708 0.892118
0.990707 0.892085
0.990705 0.892053
0.990703 0.892021
0.990702 0.891989
0.9907 0.891957
0.990699 0.891925
0.990697 0.891893
0.990695 0.891861
0.990694 0.891829
0.990692 0.891797
0.990691 0.891765
0.990689 0.891733
0.990688 0.891701
0.990686 0.891669
0.990684 0.891637
0.990683 0.891605
0.990681 0.891573
0.99068 0.891541
0.990678 0.891509
0.990677 0.891477
0.990675 0.891445
0.990673 0.891413
0.990672 0.891381
0.99067 0.891349
0.990669 0.891317
0.990667 0.891285
0.990666 0.891253
0.990664 0.891221
0.990662 0.891189
0.990661 0.891157
0.990659 0.891125
0.990658 0.891093
0.990656 0.891061
0.990655 0.891029
0.990653 0.890997
0.990651 0.890965
0.99065 0.890933
0.990648 0.890901
0.990647 0.890869
0.990645 0.890837
0.990644 0.890805
0.990642 0.890773
0.99064 0.890741
0.990639 0.890709
0.990637 0.890677
0.990636 0.890645
0.990634 0.890613
0.990633 0.890581
0.990631 0.890549
0.990629 0.890517
0.990628 0.890485
0.990626 0.890453
0.990625 0.890421
0.990623 0.890389
0.990622 0.890357
